{"sentences":[{"index":0,"tokens":[{"index":1,"word":"From","originalText":"From","characterOffsetBegin":0,"characterOffsetEnd":4,"pos":"IN","before":"","after":""},{"index":2,"word":":","originalText":":","characterOffsetBegin":4,"characterOffsetEnd":5,"pos":":","before":"","after":" "},{"index":3,"word":"zack@netcom.com","originalText":"zack@netcom.com","characterOffsetBegin":6,"characterOffsetEnd":21,"pos":"NN","before":" ","after":" "},{"index":4,"word":"-LRB-","originalText":"(","characterOffsetBegin":22,"characterOffsetEnd":23,"pos":"-LRB-","before":" ","after":""},{"index":5,"word":"Zack","originalText":"Zack","characterOffsetBegin":23,"characterOffsetEnd":27,"pos":"NNP","before":"","after":" "},{"index":6,"word":"T.","originalText":"T.","characterOffsetBegin":28,"characterOffsetEnd":30,"pos":"NNP","before":" ","after":" "},{"index":7,"word":"Smith","originalText":"Smith","characterOffsetBegin":31,"characterOffsetEnd":36,"pos":"NNP","before":" ","after":""},{"index":8,"word":"-RRB-","originalText":")","characterOffsetBegin":36,"characterOffsetEnd":37,"pos":"-RRB-","before":"","after":""},{"index":9,"word":"Subject","originalText":"Subject","characterOffsetBegin":37,"characterOffsetEnd":44,"pos":"NNP","before":"","after":""},{"index":10,"word":":","originalText":":","characterOffsetBegin":44,"characterOffsetEnd":45,"pos":":","before":"","after":" "},{"index":11,"word":"Strange","originalText":"Strange","characterOffsetBegin":46,"characterOffsetEnd":53,"pos":"JJ","before":" ","after":" "},{"index":12,"word":"exposure","originalText":"exposure","characterOffsetBegin":54,"characterOffsetEnd":62,"pos":"NN","before":" ","after":" "},{"index":13,"word":"problemHi","originalText":"problemHi","characterOffsetBegin":63,"characterOffsetEnd":72,"pos":"NN","before":" ","after":""},{"index":14,"word":",","originalText":",","characterOffsetBegin":72,"characterOffsetEnd":73,"pos":",","before":"","after":" "},{"index":15,"word":"I","originalText":"I","characterOffsetBegin":74,"characterOffsetEnd":75,"pos":"PRP","before":" ","after":""},{"index":16,"word":"'m","originalText":"'m","characterOffsetBegin":75,"characterOffsetEnd":77,"pos":"VBP","before":"","after":" "},{"index":17,"word":"trying","originalText":"trying","characterOffsetBegin":78,"characterOffsetEnd":84,"pos":"VBG","before":" ","after":" "},{"index":18,"word":"to","originalText":"to","characterOffsetBegin":85,"characterOffsetEnd":87,"pos":"TO","before":" ","after":" "},{"index":19,"word":"write","originalText":"write","characterOffsetBegin":88,"characterOffsetEnd":93,"pos":"VB","before":" ","after":" "},{"index":20,"word":"a","originalText":"a","characterOffsetBegin":94,"characterOffsetEnd":95,"pos":"DT","before":" ","after":" "},{"index":21,"word":"Motif","originalText":"Motif","characterOffsetBegin":96,"characterOffsetEnd":101,"pos":"NN","before":" ","after":" "},{"index":22,"word":"program","originalText":"program","characterOffsetBegin":102,"characterOffsetEnd":109,"pos":"NN","before":" ","after":" "},{"index":23,"word":"on","originalText":"on","characterOffsetBegin":110,"characterOffsetEnd":112,"pos":"IN","before":" ","after":" "},{"index":24,"word":"an","originalText":"an","characterOffsetBegin":113,"characterOffsetEnd":115,"pos":"DT","before":" ","after":" "},{"index":25,"word":"Interactive","originalText":"Interactive","characterOffsetBegin":116,"characterOffsetEnd":127,"pos":"JJ","before":" ","after":" "},{"index":26,"word":"Unix","originalText":"Unix","characterOffsetBegin":128,"characterOffsetEnd":132,"pos":"NNP","before":" ","after":" "},{"index":27,"word":"machine","originalText":"machine","characterOffsetBegin":133,"characterOffsetEnd":140,"pos":"NN","before":" ","after":""},{"index":28,"word":",","originalText":",","characterOffsetBegin":140,"characterOffsetEnd":141,"pos":",","before":"","after":" "},{"index":29,"word":"and","originalText":"and","characterOffsetBegin":142,"characterOffsetEnd":145,"pos":"CC","before":" ","after":" "},{"index":30,"word":"I","originalText":"I","characterOffsetBegin":146,"characterOffsetEnd":147,"pos":"PRP","before":" ","after":""},{"index":31,"word":"`","originalText":"'","characterOffsetBegin":147,"characterOffsetEnd":148,"pos":"``","before":"","after":""},{"index":32,"word":"mobserving","originalText":"mobserving","characterOffsetBegin":148,"characterOffsetEnd":158,"pos":"VBG","before":"","after":" "},{"index":33,"word":"very","originalText":"very","characterOffsetBegin":159,"characterOffsetEnd":163,"pos":"RB","before":" ","after":" "},{"index":34,"word":"strange","originalText":"strange","characterOffsetBegin":164,"characterOffsetEnd":171,"pos":"JJ","before":" ","after":" "},{"index":35,"word":"behavior","originalText":"behavior","characterOffsetBegin":172,"characterOffsetEnd":180,"pos":"NN","before":" ","after":" "},{"index":36,"word":"when","originalText":"when","characterOffsetBegin":181,"characterOffsetEnd":185,"pos":"WRB","before":" ","after":" "},{"index":37,"word":"my","originalText":"my","characterOffsetBegin":186,"characterOffsetEnd":188,"pos":"PRP$","before":" ","after":" "},{"index":38,"word":"program","originalText":"program","characterOffsetBegin":189,"characterOffsetEnd":196,"pos":"NN","before":" ","after":" "},{"index":39,"word":"attempts","originalText":"attempts","characterOffsetBegin":197,"characterOffsetEnd":205,"pos":"VBZ","before":" ","after":" "},{"index":40,"word":"to","originalText":"to","characterOffsetBegin":206,"characterOffsetEnd":208,"pos":"TO","before":" ","after":" "},{"index":41,"word":"expose","originalText":"expose","characterOffsetBegin":209,"characterOffsetEnd":215,"pos":"VB","before":" ","after":" "},{"index":42,"word":"aDrawingArea","originalText":"aDrawingArea","characterOffsetBegin":216,"characterOffsetEnd":228,"pos":"NN","before":" ","after":""},{"index":43,"word":".","originalText":".","characterOffsetBegin":228,"characterOffsetEnd":229,"pos":".","before":"","after":" "}]},{"index":1,"tokens":[{"index":1,"word":"Namely","originalText":"Namely","characterOffsetBegin":230,"characterOffsetEnd":236,"pos":"RB","before":" ","after":""},{"index":2,"word":",","originalText":",","characterOffsetBegin":236,"characterOffsetEnd":237,"pos":",","before":"","after":" "},{"index":3,"word":"some","originalText":"some","characterOffsetBegin":238,"characterOffsetEnd":242,"pos":"DT","before":" ","after":" "},{"index":4,"word":"Xlib","originalText":"Xlib","characterOffsetBegin":243,"characterOffsetEnd":247,"pos":"JJ","before":" ","after":" "},{"index":5,"word":"operations","originalText":"operations","characterOffsetBegin":248,"characterOffsetEnd":258,"pos":"NNS","before":" ","after":" "},{"index":6,"word":"work","originalText":"work","characterOffsetBegin":259,"characterOffsetEnd":263,"pos":"VBP","before":" ","after":""},{"index":7,"word":",","originalText":",","characterOffsetBegin":263,"characterOffsetEnd":264,"pos":",","before":"","after":" "},{"index":8,"word":"and","originalText":"and","characterOffsetBegin":265,"characterOffsetEnd":268,"pos":"CC","before":" ","after":" "},{"index":9,"word":"some","originalText":"some","characterOffsetBegin":269,"characterOffsetEnd":273,"pos":"DT","before":" ","after":" "},{"index":10,"word":"do","originalText":"do","characterOffsetBegin":274,"characterOffsetEnd":276,"pos":"VBP","before":" ","after":" "},{"index":11,"word":"not","originalText":"not","characterOffsetBegin":277,"characterOffsetEnd":280,"pos":"RB","before":" ","after":""},{"index":12,"word":".","originalText":".","characterOffsetBegin":280,"characterOffsetEnd":281,"pos":".","before":"","after":" "}]},{"index":2,"tokens":[{"index":1,"word":"Inparticular","originalText":"Inparticular","characterOffsetBegin":282,"characterOffsetEnd":294,"pos":"JJ","before":" ","after":""},{"index":2,"word":",","originalText":",","characterOffsetBegin":294,"characterOffsetEnd":295,"pos":",","before":"","after":" "},{"index":3,"word":"the","originalText":"the","characterOffsetBegin":296,"characterOffsetEnd":299,"pos":"DT","before":" ","after":" "},{"index":4,"word":"expose","originalText":"expose","characterOffsetBegin":300,"characterOffsetEnd":306,"pos":"VB","before":" ","after":" "},{"index":5,"word":"consist","originalText":"consist","characterOffsetBegin":307,"characterOffsetEnd":314,"pos":"VBP","before":" ","after":" "},{"index":6,"word":"of","originalText":"of","characterOffsetBegin":315,"characterOffsetEnd":317,"pos":"IN","before":" ","after":" "},{"index":7,"word":"two","originalText":"two","characterOffsetBegin":318,"characterOffsetEnd":321,"pos":"CD","before":" ","after":" "},{"index":8,"word":"XFillRectangle","originalText":"XFillRectangle","characterOffsetBegin":322,"characterOffsetEnd":336,"pos":"NN","before":" ","after":" "},{"index":9,"word":"calls","originalText":"calls","characterOffsetBegin":337,"characterOffsetEnd":342,"pos":"VBZ","before":" ","after":" "},{"index":10,"word":"followed","originalText":"followed","characterOffsetBegin":343,"characterOffsetEnd":351,"pos":"VBN","before":" ","after":" "},{"index":11,"word":"by","originalText":"by","characterOffsetBegin":352,"characterOffsetEnd":354,"pos":"IN","before":" ","after":" "},{"index":12,"word":"someXDrawPoint","originalText":"someXDrawPoint","characterOffsetBegin":355,"characterOffsetEnd":369,"pos":"NN","before":" ","after":" "},{"index":13,"word":"calls","originalText":"calls","characterOffsetBegin":370,"characterOffsetEnd":375,"pos":"NNS","before":" ","after":""},{"index":14,"word":",","originalText":",","characterOffsetBegin":375,"characterOffsetEnd":376,"pos":",","before":"","after":" "},{"index":15,"word":"and","originalText":"and","characterOffsetBegin":377,"characterOffsetEnd":380,"pos":"CC","before":" ","after":" "},{"index":16,"word":"for","originalText":"for","characterOffsetBegin":381,"characterOffsetEnd":384,"pos":"IN","before":" ","after":" "},{"index":17,"word":"reasons","originalText":"reasons","characterOffsetBegin":385,"characterOffsetEnd":392,"pos":"NNS","before":" ","after":" "},{"index":18,"word":"unknown","originalText":"unknown","characterOffsetBegin":393,"characterOffsetEnd":400,"pos":"JJ","before":" ","after":" "},{"index":19,"word":"to","originalText":"to","characterOffsetBegin":401,"characterOffsetEnd":403,"pos":"TO","before":" ","after":" "},{"index":20,"word":"me","originalText":"me","characterOffsetBegin":404,"characterOffsetEnd":406,"pos":"PRP","before":" ","after":" "},{"index":21,"word":"the","originalText":"the","characterOffsetBegin":407,"characterOffsetEnd":410,"pos":"DT","before":" ","after":" "},{"index":22,"word":"point","originalText":"point","characterOffsetBegin":411,"characterOffsetEnd":416,"pos":"NN","before":" ","after":" "},{"index":23,"word":"calls","originalText":"calls","characterOffsetBegin":417,"characterOffsetEnd":422,"pos":"NNS","before":" ","after":" "},{"index":24,"word":"are","originalText":"are","characterOffsetBegin":423,"characterOffsetEnd":426,"pos":"VBP","before":" ","after":" "},{"index":25,"word":"failingwhenever","originalText":"failingwhenever","characterOffsetBegin":427,"characterOffsetEnd":442,"pos":"NN","before":" ","after":" "},{"index":26,"word":"a","originalText":"a","characterOffsetBegin":443,"characterOffsetEnd":444,"pos":"DT","before":" ","after":" "},{"index":27,"word":"pulldown","originalText":"pulldown","characterOffsetBegin":445,"characterOffsetEnd":453,"pos":"JJ","before":" ","after":" "},{"index":28,"word":"or","originalText":"or","characterOffsetBegin":454,"characterOffsetEnd":456,"pos":"CC","before":" ","after":" "},{"index":29,"word":"popup","originalText":"popup","characterOffsetBegin":457,"characterOffsetEnd":462,"pos":"NN","before":" ","after":" "},{"index":30,"word":"up","originalText":"up","characterOffsetBegin":463,"characterOffsetEnd":465,"pos":"IN","before":" ","after":" "},{"index":31,"word":"menu","originalText":"menu","characterOffsetBegin":466,"characterOffsetEnd":470,"pos":"NN","before":" ","after":" "},{"index":32,"word":"is","originalText":"is","characterOffsetBegin":471,"characterOffsetEnd":473,"pos":"VBZ","before":" ","after":" "},{"index":33,"word":"-LRB-","originalText":"(","characterOffsetBegin":474,"characterOffsetEnd":475,"pos":"-LRB-","before":" ","after":""},{"index":34,"word":"clicked","originalText":"clicked","characterOffsetBegin":475,"characterOffsetEnd":482,"pos":"VBN","before":"","after":" "},{"index":35,"word":"on","originalText":"on","characterOffsetBegin":483,"characterOffsetEnd":485,"pos":"IN","before":" ","after":" "},{"index":36,"word":"and","originalText":"and","characterOffsetBegin":486,"characterOffsetEnd":489,"pos":"CC","before":" ","after":""},{"index":37,"word":"-RRB-","originalText":")","characterOffsetBegin":489,"characterOffsetEnd":490,"pos":"-RRB-","before":"","after":" "},{"index":38,"word":"moved","originalText":"moved","characterOffsetBegin":491,"characterOffsetEnd":496,"pos":"VBN","before":" ","after":" "},{"index":39,"word":"in","originalText":"in","characterOffsetBegin":497,"characterOffsetEnd":499,"pos":"IN","before":" ","after":" "},{"index":40,"word":"therightward","originalText":"therightward","characterOffsetBegin":500,"characterOffsetEnd":512,"pos":"JJ","before":" ","after":" "},{"index":41,"word":"direction","originalText":"direction","characterOffsetBegin":513,"characterOffsetEnd":522,"pos":"NN","before":" ","after":" "},{"index":42,"word":"over","originalText":"over","characterOffsetBegin":523,"characterOffsetEnd":527,"pos":"IN","before":" ","after":" "},{"index":43,"word":"the","originalText":"the","characterOffsetBegin":528,"characterOffsetEnd":531,"pos":"DT","before":" ","after":" "},{"index":44,"word":"drawing","originalText":"drawing","characterOffsetBegin":532,"characterOffsetEnd":539,"pos":"VBG","before":" ","after":" "},{"index":45,"word":"area","originalText":"area","characterOffsetBegin":540,"characterOffsetEnd":544,"pos":"NN","before":" ","after":""},{"index":46,"word":",","originalText":",","characterOffsetBegin":544,"characterOffsetEnd":545,"pos":",","before":"","after":" "},{"index":47,"word":"but","originalText":"but","characterOffsetBegin":546,"characterOffsetEnd":549,"pos":"CC","before":" ","after":" "},{"index":48,"word":"after","originalText":"after","characterOffsetBegin":550,"characterOffsetEnd":555,"pos":"IN","before":" ","after":" "},{"index":49,"word":"the","originalText":"the","characterOffsetBegin":556,"characterOffsetEnd":559,"pos":"DT","before":" ","after":" "},{"index":50,"word":"move","originalText":"move","characterOffsetBegin":560,"characterOffsetEnd":564,"pos":"NN","before":" ","after":""},{"index":51,"word":",","originalText":",","characterOffsetBegin":564,"characterOffsetEnd":565,"pos":",","before":"","after":" "},{"index":52,"word":"is","originalText":"is","characterOffsetBegin":566,"characterOffsetEnd":568,"pos":"VBZ","before":" ","after":" "},{"index":53,"word":"still","originalText":"still","characterOffsetBegin":569,"characterOffsetEnd":574,"pos":"RB","before":" ","after":" "},{"index":54,"word":"onsome","originalText":"onsome","characterOffsetBegin":575,"characterOffsetEnd":581,"pos":"JJ","before":" ","after":" "},{"index":55,"word":"part","originalText":"part","characterOffsetBegin":582,"characterOffsetEnd":586,"pos":"NN","before":" ","after":" "},{"index":56,"word":"of","originalText":"of","characterOffsetBegin":587,"characterOffsetEnd":589,"pos":"IN","before":" ","after":" "},{"index":57,"word":"the","originalText":"the","characterOffsetBegin":590,"characterOffsetEnd":593,"pos":"DT","before":" ","after":" "},{"index":58,"word":"drawing","originalText":"drawing","characterOffsetBegin":594,"characterOffsetEnd":601,"pos":"VBG","before":" ","after":" "},{"index":59,"word":"area","originalText":"area","characterOffsetBegin":602,"characterOffsetEnd":606,"pos":"NN","before":" ","after":""},{"index":60,"word":".","originalText":".","characterOffsetBegin":606,"characterOffsetEnd":607,"pos":".","before":"","after":" "}]},{"index":3,"tokens":[{"index":1,"word":"This","originalText":"This","characterOffsetBegin":608,"characterOffsetEnd":612,"pos":"DT","before":" ","after":" "},{"index":2,"word":"also","originalText":"also","characterOffsetBegin":613,"characterOffsetEnd":617,"pos":"RB","before":" ","after":" "},{"index":3,"word":"happens","originalText":"happens","characterOffsetBegin":618,"characterOffsetEnd":625,"pos":"VBZ","before":" ","after":" "},{"index":4,"word":"less","originalText":"less","characterOffsetBegin":626,"characterOffsetEnd":630,"pos":"RBR","before":" ","after":" "},{"index":5,"word":"consistently","originalText":"consistently","characterOffsetBegin":631,"characterOffsetEnd":643,"pos":"RB","before":" ","after":" "},{"index":6,"word":"when","originalText":"when","characterOffsetBegin":644,"characterOffsetEnd":648,"pos":"WRB","before":" ","after":" "},{"index":7,"word":"thepulldown/popup","originalText":"thepulldown/popup","characterOffsetBegin":649,"characterOffsetEnd":666,"pos":"NN","before":" ","after":" "},{"index":8,"word":"is","originalText":"is","characterOffsetBegin":667,"characterOffsetEnd":669,"pos":"VBZ","before":" ","after":" "},{"index":9,"word":"moved","originalText":"moved","characterOffsetBegin":670,"characterOffsetEnd":675,"pos":"VBN","before":" ","after":" "},{"index":10,"word":"in","originalText":"in","characterOffsetBegin":676,"characterOffsetEnd":678,"pos":"IN","before":" ","after":" "},{"index":11,"word":"the","originalText":"the","characterOffsetBegin":679,"characterOffsetEnd":682,"pos":"DT","before":" ","after":" "},{"index":12,"word":"leftward","originalText":"leftward","characterOffsetBegin":683,"characterOffsetEnd":691,"pos":"JJ","before":" ","after":" "},{"index":13,"word":"direction.Assuming","originalText":"direction.Assuming","characterOffsetBegin":692,"characterOffsetEnd":710,"pos":"NN","before":" ","after":" "},{"index":14,"word":"that","originalText":"that","characterOffsetBegin":711,"characterOffsetEnd":715,"pos":"WDT","before":" ","after":" "},{"index":15,"word":"my","originalText":"my","characterOffsetBegin":716,"characterOffsetEnd":718,"pos":"PRP$","before":" ","after":" "},{"index":16,"word":"code","originalText":"code","characterOffsetBegin":719,"characterOffsetEnd":723,"pos":"NN","before":" ","after":" "},{"index":17,"word":"is","originalText":"is","characterOffsetBegin":724,"characterOffsetEnd":726,"pos":"VBZ","before":" ","after":" "},{"index":18,"word":"not","originalText":"not","characterOffsetBegin":727,"characterOffsetEnd":730,"pos":"RB","before":" ","after":" "},{"index":19,"word":"doing","originalText":"doing","characterOffsetBegin":731,"characterOffsetEnd":736,"pos":"VBG","before":" ","after":" "},{"index":20,"word":"anything","originalText":"anything","characterOffsetBegin":737,"characterOffsetEnd":745,"pos":"NN","before":" ","after":" "},{"index":21,"word":"incredibly","originalText":"incredibly","characterOffsetBegin":746,"characterOffsetEnd":756,"pos":"RB","before":" ","after":" "},{"index":22,"word":"odd","originalText":"odd","characterOffsetBegin":757,"characterOffsetEnd":760,"pos":"JJ","before":" ","after":""},{"index":23,"word":",","originalText":",","characterOffsetBegin":760,"characterOffsetEnd":761,"pos":",","before":"","after":" "},{"index":24,"word":"is","originalText":"is","characterOffsetBegin":762,"characterOffsetEnd":764,"pos":"VBZ","before":" ","after":" "},{"index":25,"word":"this","originalText":"this","characterOffsetBegin":765,"characterOffsetEnd":769,"pos":"DT","before":" ","after":" "},{"index":26,"word":"a","originalText":"a","characterOffsetBegin":770,"characterOffsetEnd":771,"pos":"DT","before":" ","after":" "},{"index":27,"word":"serverbug?Thanks","originalText":"serverbug?Thanks","characterOffsetBegin":772,"characterOffsetEnd":788,"pos":"NNP","before":" ","after":""},{"index":28,"word":",","originalText":",","characterOffsetBegin":788,"characterOffsetEnd":789,"pos":",","before":"","after":""},{"index":29,"word":"Zack","originalText":"Zack","characterOffsetBegin":789,"characterOffsetEnd":793,"pos":"NNP","before":"","after":" "},{"index":30,"word":"T.","originalText":"T.","characterOffsetBegin":794,"characterOffsetEnd":796,"pos":"NNP","before":" ","after":" "},{"index":31,"word":"Smith","originalText":"Smith","characterOffsetBegin":797,"characterOffsetEnd":802,"pos":"NNP","before":" ","after":""}]}]}