{"sentences":[{"index":0,"tokens":[{"index":1,"word":"From","originalText":"From","characterOffsetBegin":0,"characterOffsetEnd":4,"pos":"IN","before":"","after":""},{"index":2,"word":":","originalText":":","characterOffsetBegin":4,"characterOffsetEnd":5,"pos":":","before":"","after":" "},{"index":3,"word":"ware@oboe.cis.ohio-state.edu","originalText":"ware@oboe.cis.ohio-state.edu","characterOffsetBegin":6,"characterOffsetEnd":34,"pos":"NN","before":" ","after":" "},{"index":4,"word":"-LRB-","originalText":"(","characterOffsetBegin":35,"characterOffsetEnd":36,"pos":"-LRB-","before":" ","after":""},{"index":5,"word":"Peter","originalText":"Peter","characterOffsetBegin":36,"characterOffsetEnd":41,"pos":"NNP","before":"","after":" "},{"index":6,"word":"Ware","originalText":"Ware","characterOffsetBegin":42,"characterOffsetEnd":46,"pos":"NNP","before":" ","after":""},{"index":7,"word":"-RRB-","originalText":")","characterOffsetBegin":46,"characterOffsetEnd":47,"pos":"-RRB-","before":"","after":""},{"index":8,"word":"Subject","originalText":"Subject","characterOffsetBegin":47,"characterOffsetEnd":54,"pos":"NNP","before":"","after":""},{"index":9,"word":":","originalText":":","characterOffsetBegin":54,"characterOffsetEnd":55,"pos":":","before":"","after":" "},{"index":10,"word":"Re","originalText":"Re","characterOffsetBegin":56,"characterOffsetEnd":58,"pos":"NNP","before":" ","after":""},{"index":11,"word":":","originalText":":","characterOffsetBegin":58,"characterOffsetEnd":59,"pos":":","before":"","after":" "},{"index":12,"word":"Private","originalText":"Private","characterOffsetBegin":60,"characterOffsetEnd":67,"pos":"JJ","before":" ","after":" "},{"index":13,"word":"Colormaps","originalText":"Colormaps","characterOffsetBegin":68,"characterOffsetEnd":77,"pos":"NNP","before":" ","after":" "},{"index":14,"word":"&","originalText":"&","characterOffsetBegin":78,"characterOffsetEnd":79,"pos":"CC","before":" ","after":" "},{"index":15,"word":"Widget","originalText":"Widget","characterOffsetBegin":80,"characterOffsetEnd":86,"pos":"NNP","before":" ","after":" "},{"index":16,"word":"creationYou","originalText":"creationYou","characterOffsetBegin":87,"characterOffsetEnd":98,"pos":"NNP","before":" ","after":" "},{"index":17,"word":"are","originalText":"are","characterOffsetBegin":99,"characterOffsetEnd":102,"pos":"VBP","before":" ","after":" "},{"index":18,"word":"right","originalText":"right","characterOffsetBegin":103,"characterOffsetEnd":108,"pos":"JJ","before":" ","after":" "},{"index":19,"word":"in","originalText":"in","characterOffsetBegin":109,"characterOffsetEnd":111,"pos":"IN","before":" ","after":" "},{"index":20,"word":"supposing","originalText":"supposing","characterOffsetBegin":112,"characterOffsetEnd":121,"pos":"VBG","before":" ","after":" "},{"index":21,"word":"that","originalText":"that","characterOffsetBegin":122,"characterOffsetEnd":126,"pos":"IN","before":" ","after":" "},{"index":22,"word":"the","originalText":"the","characterOffsetBegin":127,"characterOffsetEnd":130,"pos":"DT","before":" ","after":" "},{"index":23,"word":"problem","originalText":"problem","characterOffsetBegin":131,"characterOffsetEnd":138,"pos":"NN","before":" ","after":" "},{"index":24,"word":"is","originalText":"is","characterOffsetBegin":139,"characterOffsetEnd":141,"pos":"VBZ","before":" ","after":" "},{"index":25,"word":"with","originalText":"with","characterOffsetBegin":142,"characterOffsetEnd":146,"pos":"IN","before":" ","after":" "},{"index":26,"word":"the","originalText":"the","characterOffsetBegin":147,"characterOffsetEnd":150,"pos":"DT","before":" ","after":" "},{"index":27,"word":"XmNcolormap","originalText":"XmNcolormap","characterOffsetBegin":151,"characterOffsetEnd":162,"pos":"NNP","before":" ","after":""},{"index":28,"word":"-LRB-","originalText":"(","characterOffsetBegin":162,"characterOffsetEnd":163,"pos":"-LRB-","before":"","after":""},{"index":29,"word":"XtNcolormap","originalText":"XtNcolormap","characterOffsetBegin":163,"characterOffsetEnd":174,"pos":"NNP","before":"","after":" "},{"index":30,"word":"for","originalText":"for","characterOffsetBegin":175,"characterOffsetEnd":178,"pos":"IN","before":" ","after":" "},{"index":31,"word":"truly","originalText":"truly","characterOffsetBegin":179,"characterOffsetEnd":184,"pos":"RB","before":" ","after":" "},{"index":32,"word":"literate","originalText":"literate","characterOffsetBegin":185,"characterOffsetEnd":193,"pos":"JJ","before":" ","after":" "},{"index":33,"word":"beings","originalText":"beings","characterOffsetBegin":194,"characterOffsetEnd":200,"pos":"NNS","before":" ","after":""},{"index":34,"word":"-RRB-","originalText":")","characterOffsetBegin":200,"characterOffsetEnd":201,"pos":"-RRB-","before":"","after":" "},{"index":35,"word":"not","originalText":"not","characterOffsetBegin":202,"characterOffsetEnd":205,"pos":"RB","before":" ","after":" "},{"index":36,"word":"being","originalText":"being","characterOffsetBegin":206,"characterOffsetEnd":211,"pos":"VBG","before":" ","after":" "},{"index":37,"word":"set","originalText":"set","characterOffsetBegin":212,"characterOffsetEnd":215,"pos":"VBN","before":" ","after":""},{"index":38,"word":".","originalText":".","characterOffsetBegin":215,"characterOffsetEnd":216,"pos":".","before":"","after":"  "}]},{"index":1,"tokens":[{"index":1,"word":"What","originalText":"What","characterOffsetBegin":218,"characterOffsetEnd":222,"pos":"WP","before":"  ","after":" "},{"index":2,"word":"you","originalText":"you","characterOffsetBegin":223,"characterOffsetEnd":226,"pos":"PRP","before":" ","after":" "},{"index":3,"word":"wantto","originalText":"wantto","characterOffsetBegin":227,"characterOffsetEnd":233,"pos":"VBP","before":" ","after":" "},{"index":4,"word":"do","originalText":"do","characterOffsetBegin":234,"characterOffsetEnd":236,"pos":"VBP","before":" ","after":" "},{"index":5,"word":"is","originalText":"is","characterOffsetBegin":237,"characterOffsetEnd":239,"pos":"VBZ","before":" ","after":" "},{"index":6,"word":"start","originalText":"start","characterOffsetBegin":240,"characterOffsetEnd":245,"pos":"VB","before":" ","after":" "},{"index":7,"word":"your","originalText":"your","characterOffsetBegin":246,"characterOffsetEnd":250,"pos":"PRP$","before":" ","after":" "},{"index":8,"word":"application","originalText":"application","characterOffsetBegin":251,"characterOffsetEnd":262,"pos":"NN","before":" ","after":" "},{"index":9,"word":"with","originalText":"with","characterOffsetBegin":263,"characterOffsetEnd":267,"pos":"IN","before":" ","after":" "},{"index":10,"word":"your","originalText":"your","characterOffsetBegin":268,"characterOffsetEnd":272,"pos":"PRP$","before":" ","after":" "},{"index":11,"word":"new","originalText":"new","characterOffsetBegin":273,"characterOffsetEnd":276,"pos":"JJ","before":" ","after":" "},{"index":12,"word":"colormap","originalText":"colormap","characterOffsetBegin":277,"characterOffsetEnd":285,"pos":"NN","before":" ","after":""},{"index":13,"word":".","originalText":".","characterOffsetBegin":285,"characterOffsetEnd":286,"pos":".","before":"","after":"  "}]},{"index":2,"tokens":[{"index":1,"word":"This","originalText":"This","characterOffsetBegin":288,"characterOffsetEnd":292,"pos":"DT","before":"  ","after":" "},{"index":2,"word":"can","originalText":"can","characterOffsetBegin":293,"characterOffsetEnd":296,"pos":"MD","before":" ","after":" "},{"index":3,"word":"be","originalText":"be","characterOffsetBegin":297,"characterOffsetEnd":299,"pos":"VB","before":" ","after":" "},{"index":4,"word":"achicken","originalText":"achicken","characterOffsetBegin":300,"characterOffsetEnd":308,"pos":"JJ","before":" ","after":" "},{"index":5,"word":"and","originalText":"and","characterOffsetBegin":309,"characterOffsetEnd":312,"pos":"CC","before":" ","after":" "},{"index":6,"word":"egg","originalText":"egg","characterOffsetBegin":313,"characterOffsetEnd":316,"pos":"NN","before":" ","after":" "},{"index":7,"word":"sort","originalText":"sort","characterOffsetBegin":317,"characterOffsetEnd":321,"pos":"NN","before":" ","after":" "},{"index":8,"word":"of","originalText":"of","characterOffsetBegin":322,"characterOffsetEnd":324,"pos":"IN","before":" ","after":" "},{"index":9,"word":"problem","originalText":"problem","characterOffsetBegin":325,"characterOffsetEnd":332,"pos":"NN","before":" ","after":""},{"index":10,"word":",","originalText":",","characterOffsetBegin":332,"characterOffsetEnd":333,"pos":",","before":"","after":" "},{"index":11,"word":"however","originalText":"however","characterOffsetBegin":334,"characterOffsetEnd":341,"pos":"RB","before":" ","after":""},{"index":12,"word":".","originalText":".","characterOffsetBegin":341,"characterOffsetEnd":342,"pos":".","before":"","after":"  "}]},{"index":3,"tokens":[{"index":1,"word":"If","originalText":"If","characterOffsetBegin":344,"characterOffsetEnd":346,"pos":"IN","before":"  ","after":" "},{"index":2,"word":"you","originalText":"you","characterOffsetBegin":347,"characterOffsetEnd":350,"pos":"PRP","before":" ","after":" "},{"index":3,"word":"look","originalText":"look","characterOffsetBegin":351,"characterOffsetEnd":355,"pos":"VBP","before":" ","after":" "},{"index":4,"word":"at","originalText":"at","characterOffsetBegin":356,"characterOffsetEnd":358,"pos":"IN","before":" ","after":" "},{"index":5,"word":"the","originalText":"the","characterOffsetBegin":359,"characterOffsetEnd":362,"pos":"DT","before":" ","after":" "},{"index":6,"word":"Xt","originalText":"Xt","characterOffsetBegin":363,"characterOffsetEnd":365,"pos":"NN","before":" ","after":" "},{"index":7,"word":"FAQthere","originalText":"FAQthere","characterOffsetBegin":366,"characterOffsetEnd":374,"pos":"NN","before":" ","after":" "},{"index":8,"word":"is","originalText":"is","characterOffsetBegin":375,"characterOffsetEnd":377,"pos":"VBZ","before":" ","after":" "},{"index":9,"word":"an","originalText":"an","characterOffsetBegin":378,"characterOffsetEnd":380,"pos":"DT","before":" ","after":" "},{"index":10,"word":"example","originalText":"example","characterOffsetBegin":381,"characterOffsetEnd":388,"pos":"NN","before":" ","after":" "},{"index":11,"word":"that","originalText":"that","characterOffsetBegin":389,"characterOffsetEnd":393,"pos":"WDT","before":" ","after":" "},{"index":12,"word":"should","originalText":"should","characterOffsetBegin":394,"characterOffsetEnd":400,"pos":"MD","before":" ","after":" "},{"index":13,"word":"show","originalText":"show","characterOffsetBegin":401,"characterOffsetEnd":405,"pos":"VB","before":" ","after":" "},{"index":14,"word":"how","originalText":"how","characterOffsetBegin":406,"characterOffsetEnd":409,"pos":"WRB","before":" ","after":" "},{"index":15,"word":"it","originalText":"it","characterOffsetBegin":410,"characterOffsetEnd":412,"pos":"PRP","before":" ","after":" "},{"index":16,"word":"can","originalText":"can","characterOffsetBegin":413,"characterOffsetEnd":416,"pos":"MD","before":" ","after":" "},{"index":17,"word":"be","originalText":"be","characterOffsetBegin":417,"characterOffsetEnd":419,"pos":"VB","before":" ","after":" "},{"index":18,"word":"done","originalText":"done","characterOffsetBegin":420,"characterOffsetEnd":424,"pos":"VBN","before":" ","after":""},{"index":19,"word":".","originalText":".","characterOffsetBegin":424,"characterOffsetEnd":425,"pos":".","before":"","after":"  "}]},{"index":4,"tokens":[{"index":1,"word":"If","originalText":"If","characterOffsetBegin":427,"characterOffsetEnd":429,"pos":"IN","before":"  ","after":" "},{"index":2,"word":"not","originalText":"not","characterOffsetBegin":430,"characterOffsetEnd":433,"pos":"RB","before":" ","after":""},{"index":3,"word":",","originalText":",","characterOffsetBegin":433,"characterOffsetEnd":434,"pos":",","before":"","after":" "},{"index":4,"word":"letme","originalText":"letme","characterOffsetBegin":435,"characterOffsetEnd":440,"pos":"NN","before":" ","after":" "},{"index":5,"word":"know","originalText":"know","characterOffsetBegin":441,"characterOffsetEnd":445,"pos":"VB","before":" ","after":" "},{"index":6,"word":"and","originalText":"and","characterOffsetBegin":446,"characterOffsetEnd":449,"pos":"CC","before":" ","after":" "},{"index":7,"word":"maybe","originalText":"maybe","characterOffsetBegin":450,"characterOffsetEnd":455,"pos":"RB","before":" ","after":" "},{"index":8,"word":"I","originalText":"I","characterOffsetBegin":456,"characterOffsetEnd":457,"pos":"PRP","before":" ","after":" "},{"index":9,"word":"can","originalText":"can","characterOffsetBegin":458,"characterOffsetEnd":461,"pos":"MD","before":" ","after":" "},{"index":10,"word":"improve","originalText":"improve","characterOffsetBegin":462,"characterOffsetEnd":469,"pos":"VB","before":" ","after":" "},{"index":11,"word":"the","originalText":"the","characterOffsetBegin":470,"characterOffsetEnd":473,"pos":"DT","before":" ","after":" "},{"index":12,"word":"example","originalText":"example","characterOffsetBegin":474,"characterOffsetEnd":481,"pos":"NN","before":" ","after":""},{"index":13,"word":".","originalText":".","characterOffsetBegin":481,"characterOffsetEnd":482,"pos":".","before":"","after":""}]},{"index":5,"tokens":[{"index":1,"word":"--","originalText":"--","characterOffsetBegin":482,"characterOffsetEnd":484,"pos":":","before":"","after":""},{"index":2,"word":"pete","originalText":"pete","characterOffsetBegin":484,"characterOffsetEnd":488,"pos":"NN","before":"","after":""},{"index":3,"word":"--","originalText":"--","characterOffsetBegin":488,"characterOffsetEnd":490,"pos":":","before":"","after":""},{"index":4,"word":"Pete","originalText":"Pete","characterOffsetBegin":490,"characterOffsetEnd":494,"pos":"NNP","before":"","after":" "},{"index":5,"word":"Ware","originalText":"Ware","characterOffsetBegin":495,"characterOffsetEnd":499,"pos":"NNP","before":" ","after":"\t\t\t\t\t"},{"index":6,"word":"ware@cis.ohio-state.eduCIS","originalText":"ware@cis.ohio-state.eduCIS","characterOffsetBegin":504,"characterOffsetEnd":530,"pos":"NNP","before":"\t\t\t\t\t","after":" "},{"index":7,"word":"Dept","originalText":"Dept","characterOffsetBegin":531,"characterOffsetEnd":535,"pos":"NNP","before":" ","after":""},{"index":8,"word":",","originalText":",","characterOffsetBegin":535,"characterOffsetEnd":536,"pos":",","before":"","after":" "},{"index":9,"word":"Ohio","originalText":"Ohio","characterOffsetBegin":537,"characterOffsetEnd":541,"pos":"NNP","before":" ","after":" "},{"index":10,"word":"State","originalText":"State","characterOffsetBegin":542,"characterOffsetEnd":547,"pos":"NNP","before":" ","after":" "},{"index":11,"word":"University","originalText":"University","characterOffsetBegin":548,"characterOffsetEnd":558,"pos":"NNP","before":" ","after":"\t\t\t"},{"index":12,"word":"w","originalText":"w","characterOffsetBegin":561,"characterOffsetEnd":562,"pos":"NN","before":"\t\t\t","after":""},{"index":13,"word":"/","originalText":"/","characterOffsetBegin":562,"characterOffsetEnd":563,"pos":":","before":"","after":" "},{"index":14,"word":"-LRB-614-RRB- 292-73182","originalText":"(614) 292-73182","characterOffsetBegin":564,"characterOffsetEnd":579,"pos":"NN","before":" ","after":""},{"index":15,"word":"28","originalText":"28","characterOffsetBegin":579,"characterOffsetEnd":581,"pos":"CD","before":"","after":" "},{"index":16,"word":"Bolz","originalText":"Bolz","characterOffsetBegin":582,"characterOffsetEnd":586,"pos":"NNP","before":" ","after":" "},{"index":17,"word":"Hall","originalText":"Hall","characterOffsetBegin":587,"characterOffsetEnd":591,"pos":"NNP","before":" ","after":""},{"index":18,"word":",","originalText":",","characterOffsetBegin":591,"characterOffsetEnd":592,"pos":",","before":"","after":" "},{"index":19,"word":"2036","originalText":"2036","characterOffsetBegin":593,"characterOffsetEnd":597,"pos":"CD","before":" ","after":" "},{"index":20,"word":"Neil","originalText":"Neil","characterOffsetBegin":598,"characterOffsetEnd":602,"pos":"NNP","before":" ","after":" "},{"index":21,"word":"Ave.","originalText":"Ave.","characterOffsetBegin":603,"characterOffsetEnd":607,"pos":"NNP","before":" ","after":"\t\t\t"},{"index":22,"word":"h","originalText":"h","characterOffsetBegin":610,"characterOffsetEnd":611,"pos":"NN","before":"\t\t\t","after":""},{"index":23,"word":"/","originalText":"/","characterOffsetBegin":611,"characterOffsetEnd":612,"pos":":","before":"","after":" "},{"index":24,"word":"-LRB-614-RRB- 538-0965","originalText":"(614) 538-0965","characterOffsetBegin":613,"characterOffsetEnd":627,"pos":"CD","before":" ","after":""},{"index":25,"word":"Columbus","originalText":"Columbus","characterOffsetBegin":627,"characterOffsetEnd":635,"pos":"NNP","before":"","after":""},{"index":26,"word":",","originalText":",","characterOffsetBegin":635,"characterOffsetEnd":636,"pos":",","before":"","after":" "},{"index":27,"word":"OH","originalText":"OH","characterOffsetBegin":637,"characterOffsetEnd":639,"pos":"NN","before":" ","after":" "},{"index":28,"word":"43210","originalText":"43210","characterOffsetBegin":640,"characterOffsetEnd":645,"pos":"CD","before":" ","after":""}]}]}