{"sentences":[{"index":0,"tokens":[{"index":1,"word":"From","originalText":"From","characterOffsetBegin":0,"characterOffsetEnd":4,"pos":"IN","before":"","after":""},{"index":2,"word":":","originalText":":","characterOffsetBegin":4,"characterOffsetEnd":5,"pos":":","before":"","after":" "},{"index":3,"word":"cheong@solomon.technet.sg","originalText":"cheong@solomon.technet.sg","characterOffsetBegin":6,"characterOffsetEnd":31,"pos":"NN","before":" ","after":" "},{"index":4,"word":"-LRB-","originalText":"(","characterOffsetBegin":32,"characterOffsetEnd":33,"pos":"-LRB-","before":" ","after":""},{"index":5,"word":"SCSTECH","originalText":"SCSTECH","characterOffsetBegin":33,"characterOffsetEnd":40,"pos":"NN","before":"","after":" "},{"index":6,"word":"admin","originalText":"admin","characterOffsetBegin":41,"characterOffsetEnd":46,"pos":"NN","before":" ","after":""},{"index":7,"word":"-RRB-","originalText":")","characterOffsetBegin":46,"characterOffsetEnd":47,"pos":"-RRB-","before":"","after":""},{"index":8,"word":"Subject","originalText":"Subject","characterOffsetBegin":47,"characterOffsetEnd":54,"pos":"NN","before":"","after":""},{"index":9,"word":":","originalText":":","characterOffsetBegin":54,"characterOffsetEnd":55,"pos":":","before":"","after":" "},{"index":10,"word":"Getting","originalText":"Getting","characterOffsetBegin":56,"characterOffsetEnd":63,"pos":"VBG","before":" ","after":" "},{"index":11,"word":"Pseudo","originalText":"Pseudo","characterOffsetBegin":64,"characterOffsetEnd":70,"pos":"NNP","before":" ","after":" "},{"index":12,"word":"TTY","originalText":"TTY","characterOffsetBegin":71,"characterOffsetEnd":74,"pos":"NNP","before":" ","after":" "},{"index":13,"word":"in","originalText":"in","characterOffsetBegin":75,"characterOffsetEnd":77,"pos":"IN","before":" ","after":" "},{"index":14,"word":"X/MotifHi","originalText":"X/MotifHi","characterOffsetBegin":78,"characterOffsetEnd":87,"pos":"NNP","before":" ","after":""},{"index":15,"word":",","originalText":",","characterOffsetBegin":87,"characterOffsetEnd":88,"pos":",","before":"","after":""},{"index":16,"word":"I","originalText":"I","characterOffsetBegin":88,"characterOffsetEnd":89,"pos":"PRP","before":"","after":" "},{"index":17,"word":"am","originalText":"am","characterOffsetBegin":90,"characterOffsetEnd":92,"pos":"VBP","before":" ","after":" "},{"index":18,"word":"about","originalText":"about","characterOffsetBegin":93,"characterOffsetEnd":98,"pos":"IN","before":" ","after":" "},{"index":19,"word":"to","originalText":"to","characterOffsetBegin":99,"characterOffsetEnd":101,"pos":"TO","before":" ","after":" "},{"index":20,"word":"write","originalText":"write","characterOffsetBegin":102,"characterOffsetEnd":107,"pos":"VB","before":" ","after":" "},{"index":21,"word":"an","originalText":"an","characterOffsetBegin":108,"characterOffsetEnd":110,"pos":"DT","before":" ","after":" "},{"index":22,"word":"application","originalText":"application","characterOffsetBegin":111,"characterOffsetEnd":122,"pos":"NN","before":" ","after":" "},{"index":23,"word":"in","originalText":"in","characterOffsetBegin":123,"characterOffsetEnd":125,"pos":"IN","before":" ","after":" "},{"index":24,"word":"X/Motif","originalText":"X/Motif","characterOffsetBegin":126,"characterOffsetEnd":133,"pos":"NN","before":" ","after":" "},{"index":25,"word":"that","originalText":"that","characterOffsetBegin":134,"characterOffsetEnd":138,"pos":"WDT","before":" ","after":" "},{"index":26,"word":"will","originalText":"will","characterOffsetBegin":139,"characterOffsetEnd":143,"pos":"MD","before":" ","after":" "},{"index":27,"word":"require","originalText":"require","characterOffsetBegin":144,"characterOffsetEnd":151,"pos":"VB","before":" ","after":" "},{"index":28,"word":"theembedding","originalText":"theembedding","characterOffsetBegin":152,"characterOffsetEnd":164,"pos":"NN","before":" ","after":" "},{"index":29,"word":"of","originalText":"of","characterOffsetBegin":165,"characterOffsetEnd":167,"pos":"IN","before":" ","after":" "},{"index":30,"word":"a","originalText":"a","characterOffsetBegin":168,"characterOffsetEnd":169,"pos":"DT","before":" ","after":" "},{"index":31,"word":"pseudo","originalText":"pseudo","characterOffsetBegin":170,"characterOffsetEnd":176,"pos":"NN","before":" ","after":" "},{"index":32,"word":"tty","originalText":"tty","characterOffsetBegin":177,"characterOffsetEnd":180,"pos":"NN","before":" ","after":""},{"index":33,"word":".","originalText":".","characterOffsetBegin":180,"characterOffsetEnd":181,"pos":".","before":"","after":" "}]},{"index":1,"tokens":[{"index":1,"word":"So","originalText":"So","characterOffsetBegin":182,"characterOffsetEnd":184,"pos":"RB","before":" ","after":""},{"index":2,"word":",","originalText":",","characterOffsetBegin":184,"characterOffsetEnd":185,"pos":",","before":"","after":" "},{"index":3,"word":"before","originalText":"before","characterOffsetBegin":186,"characterOffsetEnd":192,"pos":"IN","before":" ","after":" "},{"index":4,"word":"I","originalText":"I","characterOffsetBegin":193,"characterOffsetEnd":194,"pos":"PRP","before":" ","after":" "},{"index":5,"word":"re-invent","originalText":"re-invent","characterOffsetBegin":195,"characterOffsetEnd":204,"pos":"VBP","before":" ","after":" "},{"index":6,"word":"the","originalText":"the","characterOffsetBegin":205,"characterOffsetEnd":208,"pos":"DT","before":" ","after":" "},{"index":7,"word":"wheel","originalText":"wheel","characterOffsetBegin":209,"characterOffsetEnd":214,"pos":"NN","before":" ","after":""},{"index":8,"word":",","originalText":",","characterOffsetBegin":214,"characterOffsetEnd":215,"pos":",","before":"","after":" "},{"index":9,"word":"has","originalText":"has","characterOffsetBegin":216,"characterOffsetEnd":219,"pos":"VBZ","before":" ","after":" "},{"index":10,"word":"anyonewritten/gotten","originalText":"anyonewritten/gotten","characterOffsetBegin":220,"characterOffsetEnd":240,"pos":"VBN","before":" ","after":" "},{"index":11,"word":"a","originalText":"a","characterOffsetBegin":241,"characterOffsetEnd":242,"pos":"DT","before":" ","after":" "},{"index":12,"word":"motif","originalText":"motif","characterOffsetBegin":243,"characterOffsetEnd":248,"pos":"NN","before":" ","after":" "},{"index":13,"word":"widget","originalText":"widget","characterOffsetBegin":249,"characterOffsetEnd":255,"pos":"NN","before":" ","after":" "},{"index":14,"word":"that","originalText":"that","characterOffsetBegin":256,"characterOffsetEnd":260,"pos":"WDT","before":" ","after":" "},{"index":15,"word":"does","originalText":"does","characterOffsetBegin":261,"characterOffsetEnd":265,"pos":"VBZ","before":" ","after":" "},{"index":16,"word":"the","originalText":"the","characterOffsetBegin":266,"characterOffsetEnd":269,"pos":"DT","before":" ","after":" "},{"index":17,"word":"job","originalText":"job","characterOffsetBegin":270,"characterOffsetEnd":273,"pos":"NN","before":" ","after":" "},{"index":18,"word":"?","originalText":"?","characterOffsetBegin":274,"characterOffsetEnd":275,"pos":".","before":" ","after":" "}]},{"index":2,"tokens":[{"index":1,"word":"Otherwise","originalText":"Otherwise","characterOffsetBegin":276,"characterOffsetEnd":285,"pos":"RB","before":" ","after":""},{"index":2,"word":",","originalText":",","characterOffsetBegin":285,"characterOffsetEnd":286,"pos":",","before":"","after":" "},{"index":3,"word":"I","originalText":"I","characterOffsetBegin":287,"characterOffsetEnd":288,"pos":"PRP","before":" ","after":" "},{"index":4,"word":"wouldappreciate","originalText":"wouldappreciate","characterOffsetBegin":289,"characterOffsetEnd":304,"pos":"VBP","before":" ","after":" "},{"index":5,"word":"any","originalText":"any","characterOffsetBegin":305,"characterOffsetEnd":308,"pos":"DT","before":" ","after":" "},{"index":6,"word":"pointers","originalText":"pointers","characterOffsetBegin":309,"characterOffsetEnd":317,"pos":"NNS","before":" ","after":" "},{"index":7,"word":"to","originalText":"to","characterOffsetBegin":318,"characterOffsetEnd":320,"pos":"TO","before":" ","after":" "},{"index":8,"word":"make","originalText":"make","characterOffsetBegin":321,"characterOffsetEnd":325,"pos":"VB","before":" ","after":" "},{"index":9,"word":"such","originalText":"such","characterOffsetBegin":326,"characterOffsetEnd":330,"pos":"PDT","before":" ","after":" "},{"index":10,"word":"a","originalText":"a","characterOffsetBegin":331,"characterOffsetEnd":332,"pos":"DT","before":" ","after":" "},{"index":11,"word":"beast.My","originalText":"beast.My","characterOffsetBegin":333,"characterOffsetEnd":341,"pos":"JJ","before":" ","after":" "},{"index":12,"word":"environment","originalText":"environment","characterOffsetBegin":342,"characterOffsetEnd":353,"pos":"NN","before":" ","after":" "},{"index":13,"word":"is","originalText":"is","characterOffsetBegin":354,"characterOffsetEnd":356,"pos":"VBZ","before":" ","after":" "},{"index":14,"word":"X11R4/Motif","originalText":"X11R4/Motif","characterOffsetBegin":357,"characterOffsetEnd":368,"pos":"NN","before":" ","after":" "},{"index":15,"word":"1.1","originalText":"1.1","characterOffsetBegin":369,"characterOffsetEnd":372,"pos":"CD","before":" ","after":" "},{"index":16,"word":"and","originalText":"and","characterOffsetBegin":373,"characterOffsetEnd":376,"pos":"CC","before":" ","after":" "},{"index":17,"word":"X11R5/Motif","originalText":"X11R5/Motif","characterOffsetBegin":377,"characterOffsetEnd":388,"pos":"NN","before":" ","after":" "},{"index":18,"word":"1.2","originalText":"1.2","characterOffsetBegin":389,"characterOffsetEnd":392,"pos":"CD","before":" ","after":" "},{"index":19,"word":"-LRB-","originalText":"(","characterOffsetBegin":393,"characterOffsetEnd":394,"pos":"-LRB-","before":" ","after":""},{"index":20,"word":"if","originalText":"if","characterOffsetBegin":394,"characterOffsetEnd":396,"pos":"IN","before":"","after":" "},{"index":21,"word":"this","originalText":"this","characterOffsetBegin":397,"characterOffsetEnd":401,"pos":"DT","before":" ","after":" "},{"index":22,"word":"helps","originalText":"helps","characterOffsetBegin":402,"characterOffsetEnd":407,"pos":"VBZ","before":" ","after":""},{"index":23,"word":"-RRB-","originalText":")","characterOffsetBegin":407,"characterOffsetEnd":408,"pos":"-RRB-","before":"","after":""},{"index":24,"word":".","originalText":".","characterOffsetBegin":408,"characterOffsetEnd":409,"pos":".","before":"","after":""}]},{"index":3,"tokens":[{"index":1,"word":"Thanks","originalText":"Thanks","characterOffsetBegin":409,"characterOffsetEnd":415,"pos":"NNS","before":"","after":" "},{"index":2,"word":"in","originalText":"in","characterOffsetBegin":416,"characterOffsetEnd":418,"pos":"IN","before":" ","after":" "},{"index":3,"word":"advance.Arthur","originalText":"advance.Arthur","characterOffsetBegin":419,"characterOffsetEnd":433,"pos":"NN","before":" ","after":" "},{"index":4,"word":"LimEmail","originalText":"LimEmail","characterOffsetBegin":434,"characterOffsetEnd":442,"pos":"NN","before":" ","after":" "},{"index":5,"word":":","originalText":":","characterOffsetBegin":443,"characterOffsetEnd":444,"pos":":","before":" ","after":" "},{"index":6,"word":"arthur@mailhost.scs.com.sg","originalText":"arthur@mailhost.scs.com.sg","characterOffsetBegin":445,"characterOffsetEnd":471,"pos":"NN","before":" ","after":""}]}]}