{"sentences":[{"index":0,"tokens":[{"index":1,"word":"From","originalText":"From","characterOffsetBegin":0,"characterOffsetEnd":4,"pos":"IN","before":"","after":""},{"index":2,"word":":","originalText":":","characterOffsetBegin":4,"characterOffsetEnd":5,"pos":":","before":"","after":" "},{"index":3,"word":"Bill.Kayser@delft.SGp.slb.COM","originalText":"Bill.Kayser@delft.SGp.slb.COM","characterOffsetBegin":6,"characterOffsetEnd":35,"pos":"NN","before":" ","after":" "},{"index":4,"word":"-LRB-","originalText":"(","characterOffsetBegin":36,"characterOffsetEnd":37,"pos":"-LRB-","before":" ","after":""},{"index":5,"word":"Bill","originalText":"Bill","characterOffsetBegin":37,"characterOffsetEnd":41,"pos":"NNP","before":"","after":" "},{"index":6,"word":"Kayser","originalText":"Kayser","characterOffsetBegin":42,"characterOffsetEnd":48,"pos":"NNP","before":" ","after":""},{"index":7,"word":"-RRB-","originalText":")","characterOffsetBegin":48,"characterOffsetEnd":49,"pos":"-RRB-","before":"","after":""},{"index":8,"word":"Subject","originalText":"Subject","characterOffsetBegin":49,"characterOffsetEnd":56,"pos":"NNP","before":"","after":""},{"index":9,"word":":","originalText":":","characterOffsetBegin":56,"characterOffsetEnd":57,"pos":":","before":"","after":" "},{"index":10,"word":"Re","originalText":"Re","characterOffsetBegin":58,"characterOffsetEnd":60,"pos":"NNP","before":" ","after":""},{"index":11,"word":":","originalText":":","characterOffsetBegin":60,"characterOffsetEnd":61,"pos":":","before":"","after":" "},{"index":12,"word":"TeleUse","originalText":"TeleUse","characterOffsetBegin":62,"characterOffsetEnd":69,"pos":"NNP","before":" ","after":""},{"index":13,"word":",","originalText":",","characterOffsetBegin":69,"characterOffsetEnd":70,"pos":",","before":"","after":" "},{"index":14,"word":"UIM/X","originalText":"UIM/X","characterOffsetBegin":71,"characterOffsetEnd":76,"pos":"NNP","before":" ","after":""},{"index":15,"word":",","originalText":",","characterOffsetBegin":76,"characterOffsetEnd":77,"pos":",","before":"","after":" "},{"index":16,"word":"and","originalText":"and","characterOffsetBegin":78,"characterOffsetEnd":81,"pos":"CC","before":" ","after":" "},{"index":17,"word":"C++","originalText":"C++","characterOffsetBegin":82,"characterOffsetEnd":85,"pos":"NNP","before":" ","after":""},{"index":18,"word":">","originalText":">","characterOffsetBegin":85,"characterOffsetEnd":86,"pos":"JJR","before":"","after":" "},{"index":19,"word":">","originalText":">","characterOffsetBegin":87,"characterOffsetEnd":88,"pos":"JJR","before":" ","after":" "},{"index":20,"word":"Does","originalText":"Does","characterOffsetBegin":89,"characterOffsetEnd":93,"pos":"VBZ","before":" ","after":" "},{"index":21,"word":"anyone","originalText":"anyone","characterOffsetBegin":94,"characterOffsetEnd":100,"pos":"NN","before":" ","after":" "},{"index":22,"word":"have","originalText":"have","characterOffsetBegin":101,"characterOffsetEnd":105,"pos":"VB","before":" ","after":" "},{"index":23,"word":"any","originalText":"any","characterOffsetBegin":106,"characterOffsetEnd":109,"pos":"DT","before":" ","after":" "},{"index":24,"word":"good","originalText":"good","characterOffsetBegin":110,"characterOffsetEnd":114,"pos":"JJ","before":" ","after":" "},{"index":25,"word":"ideas","originalText":"ideas","characterOffsetBegin":115,"characterOffsetEnd":120,"pos":"NNS","before":" ","after":" "},{"index":26,"word":"on","originalText":"on","characterOffsetBegin":121,"characterOffsetEnd":123,"pos":"IN","before":" ","after":" "},{"index":27,"word":"how","originalText":"how","characterOffsetBegin":124,"characterOffsetEnd":127,"pos":"WRB","before":" ","after":" "},{"index":28,"word":"to","originalText":"to","characterOffsetBegin":128,"characterOffsetEnd":130,"pos":"TO","before":" ","after":" "},{"index":29,"word":"integrate","originalText":"integrate","characterOffsetBegin":131,"characterOffsetEnd":140,"pos":"VB","before":" ","after":" "},{"index":30,"word":"C++","originalText":"C++","characterOffsetBegin":141,"characterOffsetEnd":144,"pos":"NNP","before":" ","after":" "},{"index":31,"word":"code","originalText":"code","characterOffsetBegin":145,"characterOffsetEnd":149,"pos":"NN","before":" ","after":" "},{"index":32,"word":"elegantly","originalText":"elegantly","characterOffsetBegin":150,"characterOffsetEnd":159,"pos":"RB","before":" ","after":""},{"index":33,"word":">","originalText":">","characterOffsetBegin":159,"characterOffsetEnd":160,"pos":"JJR","before":"","after":" "},{"index":34,"word":"with","originalText":"with","characterOffsetBegin":161,"characterOffsetEnd":165,"pos":"IN","before":" ","after":" "},{"index":35,"word":"TeleUse","originalText":"TeleUse","characterOffsetBegin":166,"characterOffsetEnd":173,"pos":"NNP","before":" ","after":""},{"index":36,"word":",","originalText":",","characterOffsetBegin":173,"characterOffsetEnd":174,"pos":",","before":"","after":" "},{"index":37,"word":"UIM/X","originalText":"UIM/X","characterOffsetBegin":175,"characterOffsetEnd":180,"pos":"NNP","before":" ","after":" "},{"index":38,"word":"/","originalText":"/","characterOffsetBegin":181,"characterOffsetEnd":182,"pos":":","before":" ","after":" "},{"index":39,"word":"Interface","originalText":"Interface","characterOffsetBegin":183,"characterOffsetEnd":192,"pos":"NNP","before":" ","after":" "},{"index":40,"word":"Architect","originalText":"Architect","characterOffsetBegin":193,"characterOffsetEnd":202,"pos":"NNP","before":" ","after":" "},{"index":41,"word":"generated","originalText":"generated","characterOffsetBegin":203,"characterOffsetEnd":212,"pos":"VBD","before":" ","after":" "},{"index":42,"word":"code","originalText":"code","characterOffsetBegin":213,"characterOffsetEnd":217,"pos":"NN","before":" ","after":""},{"index":43,"word":"?","originalText":"?","characterOffsetBegin":217,"characterOffsetEnd":218,"pos":".","before":"","after":""},{"index":44,"word":">","originalText":">","characterOffsetBegin":218,"characterOffsetEnd":219,"pos":"JJR","before":"","after":" "},{"index":45,"word":">","originalText":">","characterOffsetBegin":220,"characterOffsetEnd":221,"pos":"JJR","before":" ","after":" "}]},{"index":1,"tokens":[{"index":1,"word":"Source","originalText":"Source","characterOffsetBegin":222,"characterOffsetEnd":228,"pos":"NN","before":" ","after":" "},{"index":2,"word":"would","originalText":"would","characterOffsetBegin":229,"characterOffsetEnd":234,"pos":"MD","before":" ","after":" "},{"index":3,"word":"be","originalText":"be","characterOffsetBegin":235,"characterOffsetEnd":237,"pos":"VB","before":" ","after":" "},{"index":4,"word":"great","originalText":"great","characterOffsetBegin":238,"characterOffsetEnd":243,"pos":"JJ","before":" ","after":""},{"index":5,"word":",","originalText":",","characterOffsetBegin":243,"characterOffsetEnd":244,"pos":",","before":"","after":" "},{"index":6,"word":"but","originalText":"but","characterOffsetBegin":245,"characterOffsetEnd":248,"pos":"CC","before":" ","after":" "},{"index":7,"word":"any","originalText":"any","characterOffsetBegin":249,"characterOffsetEnd":252,"pos":"DT","before":" ","after":" "},{"index":8,"word":"suggestions","originalText":"suggestions","characterOffsetBegin":253,"characterOffsetEnd":264,"pos":"NNS","before":" ","after":" "},{"index":9,"word":"are","originalText":"are","characterOffsetBegin":265,"characterOffsetEnd":268,"pos":"VBP","before":" ","after":" "},{"index":10,"word":"welcome.It","originalText":"welcome.It","characterOffsetBegin":269,"characterOffsetEnd":279,"pos":"NNP","before":" ","after":""},{"index":11,"word":"'s","originalText":"'s","characterOffsetBegin":279,"characterOffsetEnd":281,"pos":"POS","before":"","after":" "},{"index":12,"word":"my","originalText":"my","characterOffsetBegin":282,"characterOffsetEnd":284,"pos":"PRP$","before":" ","after":" "},{"index":13,"word":"understanding","originalText":"understanding","characterOffsetBegin":285,"characterOffsetEnd":298,"pos":"NN","before":" ","after":" "},{"index":14,"word":"that","originalText":"that","characterOffsetBegin":299,"characterOffsetEnd":303,"pos":"IN","before":" ","after":" "},{"index":15,"word":"the","originalText":"the","characterOffsetBegin":304,"characterOffsetEnd":307,"pos":"DT","before":" ","after":" "},{"index":16,"word":"next","originalText":"next","characterOffsetBegin":308,"characterOffsetEnd":312,"pos":"JJ","before":" ","after":" "},{"index":17,"word":"release","originalText":"release","characterOffsetBegin":313,"characterOffsetEnd":320,"pos":"NN","before":" ","after":" "},{"index":18,"word":"of","originalText":"of","characterOffsetBegin":321,"characterOffsetEnd":323,"pos":"IN","before":" ","after":" "},{"index":19,"word":"UIM/X","originalText":"UIM/X","characterOffsetBegin":324,"characterOffsetEnd":329,"pos":"NNP","before":" ","after":""},{"index":20,"word":",","originalText":",","characterOffsetBegin":329,"characterOffsetEnd":330,"pos":",","before":"","after":" "},{"index":21,"word":"due","originalText":"due","characterOffsetBegin":331,"characterOffsetEnd":334,"pos":"JJ","before":" ","after":" "},{"index":22,"word":"outlast","originalText":"outlast","characterOffsetBegin":335,"characterOffsetEnd":342,"pos":"VB","before":" ","after":" "},{"index":23,"word":"February","originalText":"February","characterOffsetBegin":343,"characterOffsetEnd":351,"pos":"NNP","before":" ","after":" "},{"index":24,"word":":--RRB-","originalText":":-)","characterOffsetBegin":352,"characterOffsetEnd":355,"pos":"NNP","before":" ","after":" "},{"index":25,"word":"has","originalText":"has","characterOffsetBegin":356,"characterOffsetEnd":359,"pos":"VBZ","before":" ","after":" "},{"index":26,"word":"full","originalText":"full","characterOffsetBegin":360,"characterOffsetEnd":364,"pos":"JJ","before":" ","after":" "},{"index":27,"word":"support","originalText":"support","characterOffsetBegin":365,"characterOffsetEnd":372,"pos":"NN","before":" ","after":" "},{"index":28,"word":"for","originalText":"for","characterOffsetBegin":373,"characterOffsetEnd":376,"pos":"IN","before":" ","after":" "},{"index":29,"word":"C++","originalText":"C++","characterOffsetBegin":377,"characterOffsetEnd":380,"pos":"NNP","before":" ","after":""},{"index":30,"word":".","originalText":".","characterOffsetBegin":380,"characterOffsetEnd":381,"pos":".","before":"","after":""}]},{"index":2,"tokens":[{"index":1,"word":"I","originalText":"I","characterOffsetBegin":381,"characterOffsetEnd":382,"pos":"PRP","before":"","after":" "},{"index":2,"word":"use","originalText":"use","characterOffsetBegin":383,"characterOffsetEnd":386,"pos":"VBP","before":" ","after":" "},{"index":3,"word":"XDesigner","originalText":"XDesigner","characterOffsetBegin":387,"characterOffsetEnd":396,"pos":"NN","before":" ","after":" "},{"index":4,"word":"which","originalText":"which","characterOffsetBegin":397,"characterOffsetEnd":402,"pos":"WDT","before":" ","after":" "},{"index":5,"word":"does","originalText":"does","characterOffsetBegin":403,"characterOffsetEnd":407,"pos":"VBZ","before":" ","after":" "},{"index":6,"word":"not","originalText":"not","characterOffsetBegin":408,"characterOffsetEnd":411,"pos":"RB","before":" ","after":" "},{"index":7,"word":"have","originalText":"have","characterOffsetBegin":412,"characterOffsetEnd":416,"pos":"VB","before":" ","after":" "},{"index":8,"word":"the","originalText":"the","characterOffsetBegin":417,"characterOffsetEnd":420,"pos":"DT","before":" ","after":" "},{"index":9,"word":"interpreter","originalText":"interpreter","characterOffsetBegin":421,"characterOffsetEnd":432,"pos":"NN","before":" ","after":" "},{"index":10,"word":"or","originalText":"or","characterOffsetBegin":433,"characterOffsetEnd":435,"pos":"CC","before":" ","after":" "},{"index":11,"word":"UI","originalText":"UI","characterOffsetBegin":436,"characterOffsetEnd":438,"pos":"NN","before":" ","after":" "},{"index":12,"word":"meta","originalText":"meta","characterOffsetBegin":439,"characterOffsetEnd":443,"pos":"NN","before":" ","after":" "},{"index":13,"word":"languagesof","originalText":"languagesof","characterOffsetBegin":444,"characterOffsetEnd":455,"pos":"NN","before":" ","after":" "},{"index":14,"word":"these","originalText":"these","characterOffsetBegin":456,"characterOffsetEnd":461,"pos":"DT","before":" ","after":" "},{"index":15,"word":"other","originalText":"other","characterOffsetBegin":462,"characterOffsetEnd":467,"pos":"JJ","before":" ","after":" "},{"index":16,"word":"tools","originalText":"tools","characterOffsetBegin":468,"characterOffsetEnd":473,"pos":"NNS","before":" ","after":" "},{"index":17,"word":"but","originalText":"but","characterOffsetBegin":474,"characterOffsetEnd":477,"pos":"CC","before":" ","after":" "},{"index":18,"word":"does","originalText":"does","characterOffsetBegin":478,"characterOffsetEnd":482,"pos":"VBZ","before":" ","after":" "},{"index":19,"word":"fully","originalText":"fully","characterOffsetBegin":483,"characterOffsetEnd":488,"pos":"RB","before":" ","after":" "},{"index":20,"word":"support","originalText":"support","characterOffsetBegin":489,"characterOffsetEnd":496,"pos":"VB","before":" ","after":" "},{"index":21,"word":"C++","originalText":"C++","characterOffsetBegin":497,"characterOffsetEnd":500,"pos":"NNP","before":" ","after":" "},{"index":22,"word":"code","originalText":"code","characterOffsetBegin":501,"characterOffsetEnd":505,"pos":"NN","before":" ","after":" "},{"index":23,"word":"generation","originalText":"generation","characterOffsetBegin":506,"characterOffsetEnd":516,"pos":"NN","before":" ","after":""},{"index":24,"word":",","originalText":",","characterOffsetBegin":516,"characterOffsetEnd":517,"pos":",","before":"","after":""},{"index":25,"word":"reusable","originalText":"reusable","characterOffsetBegin":517,"characterOffsetEnd":525,"pos":"JJ","before":"","after":" "},{"index":26,"word":"templates","originalText":"templates","characterOffsetBegin":526,"characterOffsetEnd":535,"pos":"NNS","before":" ","after":" "},{"index":27,"word":"via","originalText":"via","characterOffsetBegin":536,"characterOffsetEnd":539,"pos":"IN","before":" ","after":" "},{"index":28,"word":"C++","originalText":"C++","characterOffsetBegin":540,"characterOffsetEnd":543,"pos":"NNP","before":" ","after":" "},{"index":29,"word":"classes","originalText":"classes","characterOffsetBegin":544,"characterOffsetEnd":551,"pos":"NNS","before":" ","after":" "},{"index":30,"word":"which","originalText":"which","characterOffsetBegin":552,"characterOffsetEnd":557,"pos":"WDT","before":" ","after":" "},{"index":31,"word":"are","originalText":"are","characterOffsetBegin":558,"characterOffsetEnd":561,"pos":"VBP","before":" ","after":" "},{"index":32,"word":"generated","originalText":"generated","characterOffsetBegin":562,"characterOffsetEnd":571,"pos":"VBN","before":" ","after":""},{"index":33,"word":",","originalText":",","characterOffsetBegin":571,"characterOffsetEnd":572,"pos":",","before":"","after":" "},{"index":34,"word":"a","originalText":"a","characterOffsetBegin":573,"characterOffsetEnd":574,"pos":"DT","before":" ","after":" "},{"index":35,"word":"variety","originalText":"variety","characterOffsetBegin":575,"characterOffsetEnd":582,"pos":"NN","before":" ","after":" "},{"index":36,"word":"ofother","originalText":"ofother","characterOffsetBegin":583,"characterOffsetEnd":590,"pos":"NN","before":" ","after":" "},{"index":37,"word":"handy","originalText":"handy","characterOffsetBegin":591,"characterOffsetEnd":596,"pos":"JJ","before":" ","after":" "},{"index":38,"word":"features","originalText":"features","characterOffsetBegin":597,"characterOffsetEnd":605,"pos":"NNS","before":" ","after":" "},{"index":39,"word":"for","originalText":"for","characterOffsetBegin":606,"characterOffsetEnd":609,"pos":"IN","before":" ","after":" "},{"index":40,"word":"using","originalText":"using","characterOffsetBegin":610,"characterOffsetEnd":615,"pos":"VBG","before":" ","after":" "},{"index":41,"word":"C++","originalText":"C++","characterOffsetBegin":616,"characterOffsetEnd":619,"pos":"NNP","before":" ","after":" "},{"index":42,"word":"and","originalText":"and","characterOffsetBegin":620,"characterOffsetEnd":623,"pos":"CC","before":" ","after":" "},{"index":43,"word":"layout","originalText":"layout","characterOffsetBegin":624,"characterOffsetEnd":630,"pos":"NN","before":" ","after":" "},{"index":44,"word":"functions","originalText":"functions","characterOffsetBegin":631,"characterOffsetEnd":640,"pos":"NNS","before":" ","after":" "},{"index":45,"word":"in","originalText":"in","characterOffsetBegin":641,"characterOffsetEnd":643,"pos":"IN","before":" ","after":" "},{"index":46,"word":"differentways","originalText":"differentways","characterOffsetBegin":644,"characterOffsetEnd":657,"pos":"NNS","before":" ","after":""},{"index":47,"word":",","originalText":",","characterOffsetBegin":657,"characterOffsetEnd":658,"pos":",","before":"","after":" "},{"index":48,"word":"and","originalText":"and","characterOffsetBegin":659,"characterOffsetEnd":662,"pos":"CC","before":" ","after":" "},{"index":49,"word":"generates","originalText":"generates","characterOffsetBegin":663,"characterOffsetEnd":672,"pos":"VBZ","before":" ","after":" "},{"index":50,"word":"Motif","originalText":"Motif","characterOffsetBegin":673,"characterOffsetEnd":678,"pos":"NN","before":" ","after":" "},{"index":51,"word":"1.2","originalText":"1.2","characterOffsetBegin":679,"characterOffsetEnd":682,"pos":"CD","before":" ","after":" "},{"index":52,"word":"code","originalText":"code","characterOffsetBegin":683,"characterOffsetEnd":687,"pos":"NN","before":" ","after":" "},{"index":53,"word":"-LRB-","originalText":"(","characterOffsetBegin":688,"characterOffsetEnd":689,"pos":"-LRB-","before":" ","after":""},{"index":54,"word":"including","originalText":"including","characterOffsetBegin":689,"characterOffsetEnd":698,"pos":"VBG","before":"","after":" "},{"index":55,"word":"drag","originalText":"drag","characterOffsetBegin":699,"characterOffsetEnd":703,"pos":"NN","before":" ","after":" "},{"index":56,"word":"'n","originalText":"'n","characterOffsetBegin":704,"characterOffsetEnd":706,"pos":"CC","before":" ","after":" "},{"index":57,"word":"drop","originalText":"drop","characterOffsetBegin":707,"characterOffsetEnd":711,"pos":"NN","before":" ","after":""},{"index":58,"word":",","originalText":",","characterOffsetBegin":711,"characterOffsetEnd":712,"pos":",","before":"","after":" "},{"index":59,"word":"internationalization","originalText":"internationalization","characterOffsetBegin":713,"characterOffsetEnd":733,"pos":"NN","before":" ","after":""},{"index":60,"word":",","originalText":",","characterOffsetBegin":733,"characterOffsetEnd":734,"pos":",","before":"","after":" "},{"index":61,"word":"etc.","originalText":"etc.","characterOffsetBegin":735,"characterOffsetEnd":739,"pos":"FW","before":" ","after":""},{"index":62,"word":"-RRB-","originalText":")","characterOffsetBegin":739,"characterOffsetEnd":740,"pos":"-RRB-","before":"","after":""},{"index":63,"word":".","originalText":".","characterOffsetBegin":740,"characterOffsetEnd":741,"pos":".","before":"","after":"  "}]},{"index":3,"tokens":[{"index":1,"word":"Fits","originalText":"Fits","characterOffsetBegin":743,"characterOffsetEnd":747,"pos":"VBZ","before":"  ","after":" "},{"index":2,"word":"in","originalText":"in","characterOffsetBegin":748,"characterOffsetEnd":750,"pos":"IN","before":" ","after":" "},{"index":3,"word":"quite","originalText":"quite","characterOffsetBegin":751,"characterOffsetEnd":756,"pos":"RB","before":" ","after":" "},{"index":4,"word":"nicely","originalText":"nicely","characterOffsetBegin":757,"characterOffsetEnd":763,"pos":"RB","before":" ","after":" "},{"index":5,"word":"with","originalText":"with","characterOffsetBegin":764,"characterOffsetEnd":768,"pos":"IN","before":" ","after":" "},{"index":6,"word":"Doug","originalText":"Doug","characterOffsetBegin":769,"characterOffsetEnd":773,"pos":"NNP","before":" ","after":" "},{"index":7,"word":"Young","originalText":"Young","characterOffsetBegin":774,"characterOffsetEnd":779,"pos":"NNP","before":" ","after":""},{"index":8,"word":"`","originalText":"'","characterOffsetBegin":779,"characterOffsetEnd":780,"pos":"``","before":"","after":""},{"index":9,"word":"sparadigm","originalText":"sparadigm","characterOffsetBegin":780,"characterOffsetEnd":789,"pos":"NN","before":"","after":" "},{"index":10,"word":"for","originalText":"for","characterOffsetBegin":790,"characterOffsetEnd":793,"pos":"IN","before":" ","after":" "},{"index":11,"word":"C++","originalText":"C++","characterOffsetBegin":794,"characterOffsetEnd":797,"pos":"NNP","before":" ","after":""},{"index":12,"word":"/","originalText":"/","characterOffsetBegin":797,"characterOffsetEnd":798,"pos":":","before":"","after":""},{"index":13,"word":"Motif.Available","originalText":"Motif.Available","characterOffsetBegin":798,"characterOffsetEnd":813,"pos":"NNP","before":"","after":" "},{"index":14,"word":"in","originalText":"in","characterOffsetBegin":814,"characterOffsetEnd":816,"pos":"IN","before":" ","after":" "},{"index":15,"word":"the","originalText":"the","characterOffsetBegin":817,"characterOffsetEnd":820,"pos":"DT","before":" ","after":" "},{"index":16,"word":"US","originalText":"US","characterOffsetBegin":821,"characterOffsetEnd":823,"pos":"NNP","before":" ","after":" "},{"index":17,"word":"from","originalText":"from","characterOffsetBegin":824,"characterOffsetEnd":828,"pos":"IN","before":" ","after":" "},{"index":18,"word":"VI","originalText":"VI","characterOffsetBegin":829,"characterOffsetEnd":831,"pos":"NNP","before":" ","after":" "},{"index":19,"word":"Corp","originalText":"Corp","characterOffsetBegin":832,"characterOffsetEnd":836,"pos":"NNP","before":" ","after":""},{"index":20,"word":",","originalText":",","characterOffsetBegin":836,"characterOffsetEnd":837,"pos":",","before":"","after":" "},{"index":21,"word":"in","originalText":"in","characterOffsetBegin":838,"characterOffsetEnd":840,"pos":"IN","before":" ","after":" "},{"index":22,"word":"Europe","originalText":"Europe","characterOffsetBegin":841,"characterOffsetEnd":847,"pos":"NNP","before":" ","after":" "},{"index":23,"word":"from","originalText":"from","characterOffsetBegin":848,"characterOffsetEnd":852,"pos":"IN","before":" ","after":" "},{"index":24,"word":"Imperial","originalText":"Imperial","characterOffsetBegin":853,"characterOffsetEnd":861,"pos":"NNP","before":" ","after":" "},{"index":25,"word":"Software","originalText":"Software","characterOffsetBegin":862,"characterOffsetEnd":870,"pos":"NNP","before":" ","after":""},{"index":26,"word":",","originalText":",","characterOffsetBegin":870,"characterOffsetEnd":871,"pos":",","before":"","after":""},{"index":27,"word":"London","originalText":"London","characterOffsetBegin":871,"characterOffsetEnd":877,"pos":"NNP","before":"","after":" "},{"index":28,"word":"-LRB-","originalText":"(","characterOffsetBegin":878,"characterOffsetEnd":879,"pos":"-LRB-","before":" ","after":""},{"index":29,"word":"see","originalText":"see","characterOffsetBegin":879,"characterOffsetEnd":882,"pos":"VB","before":"","after":" "},{"index":30,"word":"FAQ","originalText":"FAQ","characterOffsetBegin":883,"characterOffsetEnd":886,"pos":"NNP","before":" ","after":" "},{"index":31,"word":"for","originalText":"for","characterOffsetBegin":887,"characterOffsetEnd":890,"pos":"IN","before":" ","after":" "},{"index":32,"word":"details","originalText":"details","characterOffsetBegin":891,"characterOffsetEnd":898,"pos":"NNS","before":" ","after":""},{"index":33,"word":"-RRB-","originalText":")","characterOffsetBegin":898,"characterOffsetEnd":899,"pos":"-RRB-","before":"","after":""},{"index":34,"word":".","originalText":".","characterOffsetBegin":899,"characterOffsetEnd":900,"pos":".","before":"","after":""}]},{"index":4,"tokens":[{"index":1,"word":"Bill","originalText":"Bill","characterOffsetBegin":900,"characterOffsetEnd":904,"pos":"NNP","before":"","after":""},{"index":2,"word":"________________________________________________________________________","originalText":"________________________________________________________________________","characterOffsetBegin":904,"characterOffsetEnd":976,"pos":"NNP","before":"","after":"                                           "},{"index":3,"word":"Schlumberger","originalText":"Schlumberger","characterOffsetBegin":1019,"characterOffsetEnd":1031,"pos":"NNP","before":"                                           ","after":" "},{"index":4,"word":"Geco","originalText":"Geco","characterOffsetBegin":1032,"characterOffsetEnd":1036,"pos":"NNP","before":" ","after":" "},{"index":5,"word":"Prakla","originalText":"Prakla","characterOffsetBegin":1037,"characterOffsetEnd":1043,"pos":"NNP","before":" ","after":"                                           "},{"index":6,"word":"kayser@delft.sgp.slb.com","originalText":"kayser@delft.sgp.slb.com","characterOffsetBegin":1086,"characterOffsetEnd":1110,"pos":"NNP","before":"                                           ","after":""}]}]}