{"sentences":[{"index":0,"tokens":[{"index":1,"word":"From","originalText":"From","characterOffsetBegin":0,"characterOffsetEnd":4,"pos":"IN","before":"","after":""},{"index":2,"word":":","originalText":":","characterOffsetBegin":4,"characterOffsetEnd":5,"pos":":","before":"","after":" "},{"index":3,"word":"rbw@jet.uk","originalText":"rbw@jet.uk","characterOffsetBegin":6,"characterOffsetEnd":16,"pos":"NN","before":" ","after":" "},{"index":4,"word":"-LRB-","originalText":"(","characterOffsetBegin":17,"characterOffsetEnd":18,"pos":"-LRB-","before":" ","after":""},{"index":5,"word":"Dr","originalText":"Dr","characterOffsetBegin":18,"characterOffsetEnd":20,"pos":"NN","before":"","after":" "},{"index":6,"word":"Richard","originalText":"Richard","characterOffsetBegin":21,"characterOffsetEnd":28,"pos":"NNP","before":" ","after":" "},{"index":7,"word":"B","originalText":"B","characterOffsetBegin":29,"characterOffsetEnd":30,"pos":"NNP","before":" ","after":" "},{"index":8,"word":"Wilkinson","originalText":"Wilkinson","characterOffsetBegin":31,"characterOffsetEnd":40,"pos":"NNP","before":" ","after":""},{"index":9,"word":"-RRB-","originalText":")","characterOffsetBegin":40,"characterOffsetEnd":41,"pos":"-RRB-","before":"","after":""},{"index":10,"word":"Subject","originalText":"Subject","characterOffsetBegin":41,"characterOffsetEnd":48,"pos":"NNP","before":"","after":""},{"index":11,"word":":","originalText":":","characterOffsetBegin":48,"characterOffsetEnd":49,"pos":":","before":"","after":" "},{"index":12,"word":"XBellI","originalText":"XBellI","characterOffsetBegin":50,"characterOffsetEnd":56,"pos":"NN","before":" ","after":" "},{"index":13,"word":"have","originalText":"have","characterOffsetBegin":57,"characterOffsetEnd":61,"pos":"VBP","before":" ","after":" "},{"index":14,"word":"a","originalText":"a","characterOffsetBegin":62,"characterOffsetEnd":63,"pos":"DT","before":" ","after":" "},{"index":15,"word":"program","originalText":"program","characterOffsetBegin":64,"characterOffsetEnd":71,"pos":"NN","before":" ","after":" "},{"index":16,"word":"produces","originalText":"produces","characterOffsetBegin":72,"characterOffsetEnd":80,"pos":"VBZ","before":" ","after":" "},{"index":17,"word":"a","originalText":"a","characterOffsetBegin":81,"characterOffsetEnd":82,"pos":"DT","before":" ","after":" "},{"index":18,"word":"continuous","originalText":"continuous","characterOffsetBegin":83,"characterOffsetEnd":93,"pos":"JJ","before":" ","after":" "},{"index":19,"word":"tone","originalText":"tone","characterOffsetBegin":94,"characterOffsetEnd":98,"pos":"NN","before":" ","after":" "},{"index":20,"word":"by","originalText":"by","characterOffsetBegin":99,"characterOffsetEnd":101,"pos":"IN","before":" ","after":" "},{"index":21,"word":"calling","originalText":"calling","characterOffsetBegin":102,"characterOffsetEnd":109,"pos":"VBG","before":" ","after":" "},{"index":22,"word":"XBellrepeatedly","originalText":"XBellrepeatedly","characterOffsetBegin":110,"characterOffsetEnd":125,"pos":"RB","before":" ","after":" "},{"index":23,"word":"at","originalText":"at","characterOffsetBegin":126,"characterOffsetEnd":128,"pos":"IN","before":" ","after":" "},{"index":24,"word":"an","originalText":"an","characterOffsetBegin":129,"characterOffsetEnd":131,"pos":"DT","before":" ","after":" "},{"index":25,"word":"interval","originalText":"interval","characterOffsetBegin":132,"characterOffsetEnd":140,"pos":"NN","before":" ","after":" "},{"index":26,"word":"equal","originalText":"equal","characterOffsetBegin":141,"characterOffsetEnd":146,"pos":"JJ","before":" ","after":" "},{"index":27,"word":"to","originalText":"to","characterOffsetBegin":147,"characterOffsetEnd":149,"pos":"TO","before":" ","after":" "},{"index":28,"word":"the","originalText":"the","characterOffsetBegin":150,"characterOffsetEnd":153,"pos":"DT","before":" ","after":" "},{"index":29,"word":"duration","originalText":"duration","characterOffsetBegin":154,"characterOffsetEnd":162,"pos":"NN","before":" ","after":" "},{"index":30,"word":"of","originalText":"of","characterOffsetBegin":163,"characterOffsetEnd":165,"pos":"IN","before":" ","after":" "},{"index":31,"word":"the","originalText":"the","characterOffsetBegin":166,"characterOffsetEnd":169,"pos":"DT","before":" ","after":" "},{"index":32,"word":"bell","originalText":"bell","characterOffsetBegin":170,"characterOffsetEnd":174,"pos":"NN","before":" ","after":""},{"index":33,"word":".","originalText":".","characterOffsetBegin":174,"characterOffsetEnd":175,"pos":".","before":"","after":" "}]},{"index":1,"tokens":[{"index":1,"word":"If","originalText":"If","characterOffsetBegin":176,"characterOffsetEnd":178,"pos":"IN","before":" ","after":" "},{"index":2,"word":"it","originalText":"it","characterOffsetBegin":179,"characterOffsetEnd":181,"pos":"PRP","before":" ","after":" "},{"index":3,"word":"isrun","originalText":"isrun","characterOffsetBegin":182,"characterOffsetEnd":187,"pos":"VBD","before":" ","after":" "},{"index":4,"word":"more","originalText":"more","characterOffsetBegin":188,"characterOffsetEnd":192,"pos":"JJR","before":" ","after":" "},{"index":5,"word":"than","originalText":"than","characterOffsetBegin":193,"characterOffsetEnd":197,"pos":"IN","before":" ","after":" "},{"index":6,"word":"once","originalText":"once","characterOffsetBegin":198,"characterOffsetEnd":202,"pos":"RB","before":" ","after":" "},{"index":7,"word":"on","originalText":"on","characterOffsetBegin":203,"characterOffsetEnd":205,"pos":"IN","before":" ","after":" "},{"index":8,"word":"a","originalText":"a","characterOffsetBegin":206,"characterOffsetEnd":207,"pos":"DT","before":" ","after":" "},{"index":9,"word":"display","originalText":"display","characterOffsetBegin":208,"characterOffsetEnd":215,"pos":"NN","before":" ","after":""},{"index":10,"word":",","originalText":",","characterOffsetBegin":215,"characterOffsetEnd":216,"pos":",","before":"","after":" "},{"index":11,"word":"the","originalText":"the","characterOffsetBegin":217,"characterOffsetEnd":220,"pos":"DT","before":" ","after":" "},{"index":12,"word":"tones","originalText":"tones","characterOffsetBegin":221,"characterOffsetEnd":226,"pos":"NNS","before":" ","after":" "},{"index":13,"word":"are","originalText":"are","characterOffsetBegin":227,"characterOffsetEnd":230,"pos":"VBP","before":" ","after":" "},{"index":14,"word":"buffered","originalText":"buffered","characterOffsetBegin":231,"characterOffsetEnd":239,"pos":"VBN","before":" ","after":" "},{"index":15,"word":"in","originalText":"in","characterOffsetBegin":240,"characterOffsetEnd":242,"pos":"IN","before":" ","after":" "},{"index":16,"word":"the","originalText":"the","characterOffsetBegin":243,"characterOffsetEnd":246,"pos":"DT","before":" ","after":" "},{"index":17,"word":"Xserver","originalText":"Xserver","characterOffsetBegin":247,"characterOffsetEnd":254,"pos":"NNP","before":" ","after":" "},{"index":18,"word":"and","originalText":"and","characterOffsetBegin":255,"characterOffsetEnd":258,"pos":"CC","before":" ","after":" "},{"index":19,"word":"the","originalText":"the","characterOffsetBegin":259,"characterOffsetEnd":262,"pos":"DT","before":" ","after":" "},{"index":20,"word":"tone","originalText":"tone","characterOffsetBegin":263,"characterOffsetEnd":267,"pos":"NN","before":" ","after":" "},{"index":21,"word":"contunues","originalText":"contunues","characterOffsetBegin":268,"characterOffsetEnd":277,"pos":"NNS","before":" ","after":" "},{"index":22,"word":"after","originalText":"after","characterOffsetBegin":278,"characterOffsetEnd":283,"pos":"IN","before":" ","after":" "},{"index":23,"word":"all","originalText":"all","characterOffsetBegin":284,"characterOffsetEnd":287,"pos":"DT","before":" ","after":" "},{"index":24,"word":"occurrences","originalText":"occurrences","characterOffsetBegin":288,"characterOffsetEnd":299,"pos":"NNS","before":" ","after":" "},{"index":25,"word":"of","originalText":"of","characterOffsetBegin":300,"characterOffsetEnd":302,"pos":"IN","before":" ","after":" "},{"index":26,"word":"the","originalText":"the","characterOffsetBegin":303,"characterOffsetEnd":306,"pos":"DT","before":" ","after":" "},{"index":27,"word":"programhave","originalText":"programhave","characterOffsetBegin":307,"characterOffsetEnd":318,"pos":"NN","before":" ","after":" "},{"index":28,"word":"exited","originalText":"exited","characterOffsetBegin":319,"characterOffsetEnd":325,"pos":"VBD","before":" ","after":""},{"index":29,"word":".","originalText":".","characterOffsetBegin":325,"characterOffsetEnd":326,"pos":".","before":"","after":" "}]},{"index":2,"tokens":[{"index":1,"word":"Is","originalText":"Is","characterOffsetBegin":327,"characterOffsetEnd":329,"pos":"VBZ","before":" ","after":" "},{"index":2,"word":"there","originalText":"there","characterOffsetBegin":330,"characterOffsetEnd":335,"pos":"EX","before":" ","after":" "},{"index":3,"word":"a","originalText":"a","characterOffsetBegin":336,"characterOffsetEnd":337,"pos":"DT","before":" ","after":" "},{"index":4,"word":"convenient","originalText":"convenient","characterOffsetBegin":338,"characterOffsetEnd":348,"pos":"JJ","before":" ","after":" "},{"index":5,"word":"way","originalText":"way","characterOffsetBegin":349,"characterOffsetEnd":352,"pos":"NN","before":" ","after":" "},{"index":6,"word":"of","originalText":"of","characterOffsetBegin":353,"characterOffsetEnd":355,"pos":"IN","before":" ","after":" "},{"index":7,"word":"preventing","originalText":"preventing","characterOffsetBegin":356,"characterOffsetEnd":366,"pos":"VBG","before":" ","after":" "},{"index":8,"word":"this","originalText":"this","characterOffsetBegin":367,"characterOffsetEnd":371,"pos":"DT","before":" ","after":""},{"index":9,"word":",","originalText":",","characterOffsetBegin":371,"characterOffsetEnd":372,"pos":",","before":"","after":" "},{"index":10,"word":"e.g.","originalText":"e.g.","characterOffsetBegin":373,"characterOffsetEnd":377,"pos":"FW","before":" ","after":""},{"index":11,"word":",","originalText":",","characterOffsetBegin":377,"characterOffsetEnd":378,"pos":",","before":"","after":" "},{"index":12,"word":"byemptying","originalText":"byemptying","characterOffsetBegin":379,"characterOffsetEnd":389,"pos":"VBG","before":" ","after":" "},{"index":13,"word":"the","originalText":"the","characterOffsetBegin":390,"characterOffsetEnd":393,"pos":"DT","before":" ","after":" "},{"index":14,"word":"X","originalText":"X","characterOffsetBegin":394,"characterOffsetEnd":395,"pos":"NN","before":" ","after":" "},{"index":15,"word":"server","originalText":"server","characterOffsetBegin":396,"characterOffsetEnd":402,"pos":"NN","before":" ","after":" "},{"index":16,"word":"bell","originalText":"bell","characterOffsetBegin":403,"characterOffsetEnd":407,"pos":"NN","before":" ","after":" "},{"index":17,"word":"buffer","originalText":"buffer","characterOffsetBegin":408,"characterOffsetEnd":414,"pos":"NN","before":" ","after":" "},{"index":18,"word":"when","originalText":"when","characterOffsetBegin":415,"characterOffsetEnd":419,"pos":"WRB","before":" ","after":" "},{"index":19,"word":"each","originalText":"each","characterOffsetBegin":420,"characterOffsetEnd":424,"pos":"DT","before":" ","after":" "},{"index":20,"word":"program","originalText":"program","characterOffsetBegin":425,"characterOffsetEnd":432,"pos":"NN","before":" ","after":" "},{"index":21,"word":"exits","originalText":"exits","characterOffsetBegin":433,"characterOffsetEnd":438,"pos":"NNS","before":" ","after":""},{"index":22,"word":"?","originalText":"?","characterOffsetBegin":438,"characterOffsetEnd":439,"pos":".","before":"","after":""}]},{"index":3,"tokens":[{"index":1,"word":"-","originalText":"-","characterOffsetBegin":439,"characterOffsetEnd":440,"pos":":","before":"","after":" "},{"index":2,"word":"Disclaimer","originalText":"Disclaimer","characterOffsetBegin":441,"characterOffsetEnd":451,"pos":"NNP","before":" ","after":""},{"index":3,"word":":","originalText":":","characterOffsetBegin":451,"characterOffsetEnd":452,"pos":":","before":"","after":" "},{"index":4,"word":"Please","originalText":"Please","characterOffsetBegin":453,"characterOffsetEnd":459,"pos":"VB","before":" ","after":" "},{"index":5,"word":"note","originalText":"note","characterOffsetBegin":460,"characterOffsetEnd":464,"pos":"NN","before":" ","after":" "},{"index":6,"word":"that","originalText":"that","characterOffsetBegin":465,"characterOffsetEnd":469,"pos":"IN","before":" ","after":" "},{"index":7,"word":"the","originalText":"the","characterOffsetBegin":470,"characterOffsetEnd":473,"pos":"DT","before":" ","after":" "},{"index":8,"word":"above","originalText":"above","characterOffsetBegin":474,"characterOffsetEnd":479,"pos":"JJ","before":" ","after":" "},{"index":9,"word":"is","originalText":"is","characterOffsetBegin":480,"characterOffsetEnd":482,"pos":"VBZ","before":" ","after":" "},{"index":10,"word":"a","originalText":"a","characterOffsetBegin":483,"characterOffsetEnd":484,"pos":"DT","before":" ","after":" "},{"index":11,"word":"personal","originalText":"personal","characterOffsetBegin":485,"characterOffsetEnd":493,"pos":"JJ","before":" ","after":" "},{"index":12,"word":"view","originalText":"view","characterOffsetBegin":494,"characterOffsetEnd":498,"pos":"NN","before":" ","after":" "},{"index":13,"word":"and","originalText":"and","characterOffsetBegin":499,"characterOffsetEnd":502,"pos":"CC","before":" ","after":" "},{"index":14,"word":"should","originalText":"should","characterOffsetBegin":503,"characterOffsetEnd":509,"pos":"MD","before":" ","after":" "},{"index":15,"word":"not","originalText":"not","characterOffsetBegin":510,"characterOffsetEnd":513,"pos":"RB","before":" ","after":"   "},{"index":16,"word":"be","originalText":"be","characterOffsetBegin":516,"characterOffsetEnd":518,"pos":"VB","before":"   ","after":" "},{"index":17,"word":"construed","originalText":"construed","characterOffsetBegin":519,"characterOffsetEnd":528,"pos":"VBN","before":" ","after":" "},{"index":18,"word":"as","originalText":"as","characterOffsetBegin":529,"characterOffsetEnd":531,"pos":"IN","before":" ","after":" "},{"index":19,"word":"an","originalText":"an","characterOffsetBegin":532,"characterOffsetEnd":534,"pos":"DT","before":" ","after":" "},{"index":20,"word":"official","originalText":"official","characterOffsetBegin":535,"characterOffsetEnd":543,"pos":"JJ","before":" ","after":" "},{"index":21,"word":"comment","originalText":"comment","characterOffsetBegin":544,"characterOffsetEnd":551,"pos":"NN","before":" ","after":" "},{"index":22,"word":"from","originalText":"from","characterOffsetBegin":552,"characterOffsetEnd":556,"pos":"IN","before":" ","after":" "},{"index":23,"word":"the","originalText":"the","characterOffsetBegin":557,"characterOffsetEnd":560,"pos":"DT","before":" ","after":" "},{"index":24,"word":"JET","originalText":"JET","characterOffsetBegin":561,"characterOffsetEnd":564,"pos":"NNP","before":" ","after":" "},{"index":25,"word":"project","originalText":"project","characterOffsetBegin":565,"characterOffsetEnd":572,"pos":"NN","before":" ","after":""},{"index":26,"word":".","originalText":".","characterOffsetBegin":572,"characterOffsetEnd":573,"pos":".","before":"","after":""}]}]}