{"sentences":[{"index":0,"tokens":[{"index":1,"word":"From","originalText":"From","characterOffsetBegin":0,"characterOffsetEnd":4,"pos":"IN","before":"","after":""},{"index":2,"word":":","originalText":":","characterOffsetBegin":4,"characterOffsetEnd":5,"pos":":","before":"","after":" "},{"index":3,"word":"beck@irzr17.inf.tu-dresden.de","originalText":"beck@irzr17.inf.tu-dresden.de","characterOffsetBegin":6,"characterOffsetEnd":35,"pos":"NN","before":" ","after":" "},{"index":4,"word":"-LRB-","originalText":"(","characterOffsetBegin":36,"characterOffsetEnd":37,"pos":"-LRB-","before":" ","after":""},{"index":5,"word":"Andre","originalText":"Andre","characterOffsetBegin":37,"characterOffsetEnd":42,"pos":"NNP","before":"","after":" "},{"index":6,"word":"Beck","originalText":"Beck","characterOffsetBegin":43,"characterOffsetEnd":47,"pos":"NNP","before":" ","after":""},{"index":7,"word":"-RRB-","originalText":")","characterOffsetBegin":47,"characterOffsetEnd":48,"pos":"-RRB-","before":"","after":""},{"index":8,"word":"Subject","originalText":"Subject","characterOffsetBegin":48,"characterOffsetEnd":55,"pos":"NNP","before":"","after":""},{"index":9,"word":":","originalText":":","characterOffsetBegin":55,"characterOffsetEnd":56,"pos":":","before":"","after":" "},{"index":10,"word":"Re","originalText":"Re","characterOffsetBegin":57,"characterOffsetEnd":59,"pos":"NNP","before":" ","after":""},{"index":11,"word":":","originalText":":","characterOffsetBegin":59,"characterOffsetEnd":60,"pos":":","before":"","after":" "},{"index":12,"word":"Drawing","originalText":"Drawing","characterOffsetBegin":61,"characterOffsetEnd":68,"pos":"VBG","before":" ","after":" "},{"index":13,"word":"colour","originalText":"colour","characterOffsetBegin":69,"characterOffsetEnd":75,"pos":"NN","before":" ","after":" "},{"index":14,"word":"pixmaps","originalText":"pixmaps","characterOffsetBegin":76,"characterOffsetEnd":83,"pos":"NNS","before":" ","after":" "},{"index":15,"word":"-","originalText":"-","characterOffsetBegin":84,"characterOffsetEnd":85,"pos":":","before":" ","after":" "},{"index":16,"word":"not","originalText":"not","characterOffsetBegin":86,"characterOffsetEnd":89,"pos":"RB","before":" ","after":" "},{"index":17,"word":"rectangularIn","originalText":"rectangularIn","characterOffsetBegin":90,"characterOffsetEnd":103,"pos":"NN","before":" ","after":" "},{"index":18,"word":"article","originalText":"article","characterOffsetBegin":104,"characterOffsetEnd":111,"pos":"NN","before":" ","after":" "},{"index":19,"word":"<1993Mar31.022947.149@etrog.se.citri.edu.au>","originalText":"<1993Mar31.022947.149@etrog.se.citri.edu.au>","characterOffsetBegin":112,"characterOffsetEnd":156,"pos":"NN","before":" ","after":""},{"index":20,"word":",","originalText":",","characterOffsetBegin":156,"characterOffsetEnd":157,"pos":",","before":"","after":" "},{"index":21,"word":"jck@catt.citri.edu.au","originalText":"jck@catt.citri.edu.au","characterOffsetBegin":158,"characterOffsetEnd":179,"pos":"NN","before":" ","after":" "},{"index":22,"word":"-LRB-","originalText":"(","characterOffsetBegin":180,"characterOffsetEnd":181,"pos":"-LRB-","before":" ","after":""},{"index":23,"word":"Justin","originalText":"Justin","characterOffsetBegin":181,"characterOffsetEnd":187,"pos":"NNP","before":"","after":" "},{"index":24,"word":"Kibell","originalText":"Kibell","characterOffsetBegin":188,"characterOffsetEnd":194,"pos":"NNP","before":" ","after":""},{"index":25,"word":"-RRB-","originalText":")","characterOffsetBegin":194,"characterOffsetEnd":195,"pos":"-RRB-","before":"","after":" "},{"index":26,"word":"writes","originalText":"writes","characterOffsetBegin":196,"characterOffsetEnd":202,"pos":"VBZ","before":" ","after":""},{"index":27,"word":":|","originalText":":|","characterOffsetBegin":202,"characterOffsetEnd":204,"pos":"CD","before":"","after":""},{"index":28,"word":">","originalText":">","characterOffsetBegin":204,"characterOffsetEnd":205,"pos":"JJR","before":"","after":"   "},{"index":29,"word":"I","originalText":"I","characterOffsetBegin":208,"characterOffsetEnd":209,"pos":"PRP","before":"   ","after":" "},{"index":30,"word":"am","originalText":"am","characterOffsetBegin":210,"characterOffsetEnd":212,"pos":"VBP","before":" ","after":" "},{"index":31,"word":"writing","originalText":"writing","characterOffsetBegin":213,"characterOffsetEnd":220,"pos":"VBG","before":" ","after":" "},{"index":32,"word":"a","originalText":"a","characterOffsetBegin":221,"characterOffsetEnd":222,"pos":"DT","before":" ","after":" "},{"index":33,"word":"program","originalText":"program","characterOffsetBegin":223,"characterOffsetEnd":230,"pos":"NN","before":" ","after":" "},{"index":34,"word":"which","originalText":"which","characterOffsetBegin":231,"characterOffsetEnd":236,"pos":"WDT","before":" ","after":" "},{"index":35,"word":"needs","originalText":"needs","characterOffsetBegin":237,"characterOffsetEnd":242,"pos":"VBZ","before":" ","after":" "},{"index":36,"word":"to","originalText":"to","characterOffsetBegin":243,"characterOffsetEnd":245,"pos":"TO","before":" ","after":" "},{"index":37,"word":"draw","originalText":"draw","characterOffsetBegin":246,"characterOffsetEnd":250,"pos":"VB","before":" ","after":" "},{"index":38,"word":"colour","originalText":"colour","characterOffsetBegin":251,"characterOffsetEnd":257,"pos":"NN","before":" ","after":" "},{"index":39,"word":"XPM","originalText":"XPM","characterOffsetBegin":258,"characterOffsetEnd":261,"pos":"NN","before":" ","after":" "},{"index":40,"word":"pixmap","originalText":"pixmap","characterOffsetBegin":262,"characterOffsetEnd":268,"pos":"NN","before":" ","after":" "},{"index":41,"word":"files","originalText":"files","characterOffsetBegin":269,"characterOffsetEnd":274,"pos":"NNS","before":" ","after":" "},{"index":42,"word":"onto","originalText":"onto","characterOffsetBegin":275,"characterOffsetEnd":279,"pos":"IN","before":" ","after":" "},{"index":43,"word":"a","originalText":"a","characterOffsetBegin":280,"characterOffsetEnd":281,"pos":"DT","before":" ","after":" "},{"index":44,"word":"background","originalText":"background","characterOffsetBegin":282,"characterOffsetEnd":292,"pos":"NN","before":" ","after":" "},{"index":45,"word":"without","originalText":"without","characterOffsetBegin":293,"characterOffsetEnd":300,"pos":"IN","before":" ","after":" "},{"index":46,"word":"having","originalText":"having","characterOffsetBegin":301,"characterOffsetEnd":307,"pos":"VBG","before":" ","after":" "},{"index":47,"word":"the","originalText":"the","characterOffsetBegin":308,"characterOffsetEnd":311,"pos":"DT","before":" ","after":" "},{"index":48,"word":"borders","originalText":"borders","characterOffsetBegin":312,"characterOffsetEnd":319,"pos":"NNS","before":" ","after":" "},{"index":49,"word":"show","originalText":"show","characterOffsetBegin":320,"characterOffsetEnd":324,"pos":"VBP","before":" ","after":" "},{"index":50,"word":"up","originalText":"up","characterOffsetBegin":325,"characterOffsetEnd":327,"pos":"RP","before":" ","after":""},{"index":51,"word":".","originalText":".","characterOffsetBegin":327,"characterOffsetEnd":328,"pos":".","before":"","after":" "}]},{"index":1,"tokens":[{"index":1,"word":"I","originalText":"I","characterOffsetBegin":329,"characterOffsetEnd":330,"pos":"PRP","before":" ","after":" "},{"index":2,"word":"can","originalText":"can","characterOffsetBegin":331,"characterOffsetEnd":334,"pos":"MD","before":" ","after":""},{"index":3,"word":"not","originalText":"not","characterOffsetBegin":334,"characterOffsetEnd":337,"pos":"RB","before":"","after":" "},{"index":4,"word":"do","originalText":"do","characterOffsetBegin":338,"characterOffsetEnd":340,"pos":"VB","before":" ","after":" "},{"index":5,"word":"xor","originalText":"xor","characterOffsetBegin":341,"characterOffsetEnd":344,"pos":"VB","before":" ","after":" "},{"index":6,"word":"as","originalText":"as","characterOffsetBegin":345,"characterOffsetEnd":347,"pos":"IN","before":" ","after":" "},{"index":7,"word":"the","originalText":"the","characterOffsetBegin":348,"characterOffsetEnd":351,"pos":"DT","before":" ","after":" "},{"index":8,"word":"colours","originalText":"colours","characterOffsetBegin":352,"characterOffsetEnd":359,"pos":"NNS","before":" ","after":" "},{"index":9,"word":"all","originalText":"all","characterOffsetBegin":360,"characterOffsetEnd":363,"pos":"DT","before":" ","after":" "},{"index":10,"word":"stuff","originalText":"stuff","characterOffsetBegin":364,"characterOffsetEnd":369,"pos":"NN","before":" ","after":" "},{"index":11,"word":"up","originalText":"up","characterOffsetBegin":370,"characterOffsetEnd":372,"pos":"RP","before":" ","after":""},{"index":12,"word":".","originalText":".","characterOffsetBegin":372,"characterOffsetEnd":373,"pos":".","before":"","after":" "}]},{"index":2,"tokens":[{"index":1,"word":"I","originalText":"I","characterOffsetBegin":374,"characterOffsetEnd":375,"pos":"PRP","before":" ","after":" "},{"index":2,"word":"can","originalText":"can","characterOffsetBegin":376,"characterOffsetEnd":379,"pos":"MD","before":" ","after":""},{"index":3,"word":"not","originalText":"not","characterOffsetBegin":379,"characterOffsetEnd":382,"pos":"RB","before":"","after":" "},{"index":4,"word":"use","originalText":"use","characterOffsetBegin":383,"characterOffsetEnd":386,"pos":"VB","before":" ","after":" "},{"index":5,"word":"XCopyPlane","originalText":"XCopyPlane","characterOffsetBegin":387,"characterOffsetEnd":397,"pos":"NN","before":" ","after":""},{"index":6,"word":"-LRB-","originalText":"(","characterOffsetBegin":397,"characterOffsetEnd":398,"pos":"-LRB-","before":"","after":""},{"index":7,"word":"-RRB-","originalText":")","characterOffsetBegin":398,"characterOffsetEnd":399,"pos":"-RRB-","before":"","after":" "},{"index":8,"word":"as","originalText":"as","characterOffsetBegin":400,"characterOffsetEnd":402,"pos":"IN","before":" ","after":" "},{"index":9,"word":"that","originalText":"that","characterOffsetBegin":403,"characterOffsetEnd":407,"pos":"DT","before":" ","after":" "},{"index":10,"word":"is","originalText":"is","characterOffsetBegin":408,"characterOffsetEnd":410,"pos":"VBZ","before":" ","after":" "},{"index":11,"word":"for","originalText":"for","characterOffsetBegin":411,"characterOffsetEnd":414,"pos":"IN","before":" ","after":" "},{"index":12,"word":"single","originalText":"single","characterOffsetBegin":415,"characterOffsetEnd":421,"pos":"JJ","before":" ","after":" "},{"index":13,"word":"planes","originalText":"planes","characterOffsetBegin":422,"characterOffsetEnd":428,"pos":"NNS","before":" ","after":" "},{"index":14,"word":"only","originalText":"only","characterOffsetBegin":429,"characterOffsetEnd":433,"pos":"RB","before":" ","after":""},{"index":15,"word":".","originalText":".","characterOffsetBegin":433,"characterOffsetEnd":434,"pos":".","before":"","after":" "}]},{"index":3,"tokens":[{"index":1,"word":"I","originalText":"I","characterOffsetBegin":435,"characterOffsetEnd":436,"pos":"PRP","before":" ","after":" "},{"index":2,"word":"want","originalText":"want","characterOffsetBegin":437,"characterOffsetEnd":441,"pos":"VBP","before":" ","after":" "},{"index":3,"word":"to","originalText":"to","characterOffsetBegin":442,"characterOffsetEnd":444,"pos":"TO","before":" ","after":" "},{"index":4,"word":"be","originalText":"be","characterOffsetBegin":445,"characterOffsetEnd":447,"pos":"VB","before":" ","after":" "},{"index":5,"word":"able","originalText":"able","characterOffsetBegin":448,"characterOffsetEnd":452,"pos":"JJ","before":" ","after":" "},{"index":6,"word":"to","originalText":"to","characterOffsetBegin":453,"characterOffsetEnd":455,"pos":"TO","before":" ","after":" "},{"index":7,"word":"specify","originalText":"specify","characterOffsetBegin":456,"characterOffsetEnd":463,"pos":"VB","before":" ","after":" "},{"index":8,"word":"a","originalText":"a","characterOffsetBegin":464,"characterOffsetEnd":465,"pos":"DT","before":" ","after":" "},{"index":9,"word":"colour","originalText":"colour","characterOffsetBegin":466,"characterOffsetEnd":472,"pos":"NN","before":" ","after":" "},{"index":10,"word":"in","originalText":"in","characterOffsetBegin":473,"characterOffsetEnd":475,"pos":"IN","before":" ","after":" "},{"index":11,"word":"the","originalText":"the","characterOffsetBegin":476,"characterOffsetEnd":479,"pos":"DT","before":" ","after":" "},{"index":12,"word":"pixmap","originalText":"pixmap","characterOffsetBegin":480,"characterOffsetEnd":486,"pos":"NN","before":" ","after":" "},{"index":13,"word":"to","originalText":"to","characterOffsetBegin":487,"characterOffsetEnd":489,"pos":"TO","before":" ","after":" "},{"index":14,"word":"be","originalText":"be","characterOffsetBegin":490,"characterOffsetEnd":492,"pos":"VB","before":" ","after":" "},{"index":15,"word":"used","originalText":"used","characterOffsetBegin":493,"characterOffsetEnd":497,"pos":"VBN","before":" ","after":" "},{"index":16,"word":"as","originalText":"as","characterOffsetBegin":498,"characterOffsetEnd":500,"pos":"IN","before":" ","after":" "},{"index":17,"word":"the","originalText":"the","characterOffsetBegin":501,"characterOffsetEnd":504,"pos":"DT","before":" ","after":" "},{"index":18,"word":"opaque","originalText":"opaque","characterOffsetBegin":505,"characterOffsetEnd":511,"pos":"JJ","before":" ","after":" "},{"index":19,"word":"colour","originalText":"colour","characterOffsetBegin":512,"characterOffsetEnd":518,"pos":"NN","before":" ","after":""},{"index":20,"word":".","originalText":".","characterOffsetBegin":518,"characterOffsetEnd":519,"pos":".","before":"","after":" "}]},{"index":4,"tokens":[{"index":1,"word":"Is","originalText":"Is","characterOffsetBegin":520,"characterOffsetEnd":522,"pos":"VBZ","before":" ","after":" "},{"index":2,"word":"this","originalText":"this","characterOffsetBegin":523,"characterOffsetEnd":527,"pos":"DT","before":" ","after":" "},{"index":3,"word":"possible","originalText":"possible","characterOffsetBegin":528,"characterOffsetEnd":536,"pos":"JJ","before":" ","after":""},{"index":4,"word":".","originalText":".","characterOffsetBegin":536,"characterOffsetEnd":537,"pos":".","before":"","after":" "}]},{"index":5,"tokens":[{"index":1,"word":"|","originalText":"|","characterOffsetBegin":538,"characterOffsetEnd":539,"pos":"NN","before":" ","after":""},{"index":2,"word":">","originalText":">","characterOffsetBegin":539,"characterOffsetEnd":540,"pos":"JJR","before":"","after":" "},{"index":3,"word":"|","originalText":"|","characterOffsetBegin":541,"characterOffsetEnd":542,"pos":"CD","before":" ","after":""},{"index":4,"word":">","originalText":">","characterOffsetBegin":542,"characterOffsetEnd":543,"pos":"JJR","before":"","after":" "},{"index":5,"word":"Games","originalText":"Games","characterOffsetBegin":544,"characterOffsetEnd":549,"pos":"NNPS","before":" ","after":" "},{"index":6,"word":"such","originalText":"such","characterOffsetBegin":550,"characterOffsetEnd":554,"pos":"JJ","before":" ","after":" "},{"index":7,"word":"as","originalText":"as","characterOffsetBegin":555,"characterOffsetEnd":557,"pos":"IN","before":" ","after":" "},{"index":8,"word":"xjewel","originalText":"xjewel","characterOffsetBegin":558,"characterOffsetEnd":564,"pos":"NN","before":" ","after":" "},{"index":9,"word":"have","originalText":"have","characterOffsetBegin":565,"characterOffsetEnd":569,"pos":"VBP","before":" ","after":" "},{"index":10,"word":"the","originalText":"the","characterOffsetBegin":570,"characterOffsetEnd":573,"pos":"DT","before":" ","after":" "},{"index":11,"word":"same","originalText":"same","characterOffsetBegin":574,"characterOffsetEnd":578,"pos":"JJ","before":" ","after":" "},{"index":12,"word":"problem","originalText":"problem","characterOffsetBegin":579,"characterOffsetEnd":586,"pos":"NN","before":" ","after":""},{"index":13,"word":".","originalText":".","characterOffsetBegin":586,"characterOffsetEnd":587,"pos":".","before":"","after":" "}]},{"index":6,"tokens":[{"index":1,"word":"How","originalText":"How","characterOffsetBegin":588,"characterOffsetEnd":591,"pos":"WRB","before":" ","after":" "},{"index":2,"word":"does","originalText":"does","characterOffsetBegin":592,"characterOffsetEnd":596,"pos":"VBZ","before":" ","after":" "},{"index":3,"word":"the","originalText":"the","characterOffsetBegin":597,"characterOffsetEnd":600,"pos":"DT","before":" ","after":" "},{"index":4,"word":"mouse","originalText":"mouse","characterOffsetBegin":601,"characterOffsetEnd":606,"pos":"NN","before":" ","after":" "},{"index":5,"word":"pointer","originalText":"pointer","characterOffsetBegin":607,"characterOffsetEnd":614,"pos":"NN","before":" ","after":" "},{"index":6,"word":"do","originalText":"do","characterOffsetBegin":615,"characterOffsetEnd":617,"pos":"VBP","before":" ","after":" "},{"index":7,"word":"it","originalText":"it","characterOffsetBegin":618,"characterOffsetEnd":620,"pos":"PRP","before":" ","after":""},{"index":8,"word":"?","originalText":"?","characterOffsetBegin":620,"characterOffsetEnd":621,"pos":".","before":"","after":""}]},{"index":7,"tokens":[{"index":1,"word":"|","originalText":"|","characterOffsetBegin":621,"characterOffsetEnd":622,"pos":"NN","before":"","after":""},{"index":2,"word":">","originalText":">","characterOffsetBegin":622,"characterOffsetEnd":623,"pos":"JJR","before":"","after":" "},{"index":3,"word":"|","originalText":"|","characterOffsetBegin":624,"characterOffsetEnd":625,"pos":"CD","before":" ","after":""},{"index":4,"word":">","originalText":">","characterOffsetBegin":625,"characterOffsetEnd":626,"pos":"JJR","before":"","after":" "},{"index":5,"word":"Any","originalText":"Any","characterOffsetBegin":627,"characterOffsetEnd":630,"pos":"DT","before":" ","after":" "},{"index":6,"word":"help","originalText":"help","characterOffsetBegin":631,"characterOffsetEnd":635,"pos":"NN","before":" ","after":" "},{"index":7,"word":"would","originalText":"would","characterOffsetBegin":636,"characterOffsetEnd":641,"pos":"MD","before":" ","after":" "},{"index":8,"word":"be","originalText":"be","characterOffsetBegin":642,"characterOffsetEnd":644,"pos":"VB","before":" ","after":" "},{"index":9,"word":"helpful","originalText":"helpful","characterOffsetBegin":645,"characterOffsetEnd":652,"pos":"JJ","before":" ","after":""},{"index":10,"word":"?","originalText":"?","characterOffsetBegin":652,"characterOffsetEnd":653,"pos":".","before":"","after":" "}]},{"index":8,"tokens":[{"index":1,"word":":--RRB-","originalText":":-)","characterOffsetBegin":654,"characterOffsetEnd":657,"pos":"CD","before":" ","after":""},{"index":2,"word":"|","originalText":"|","characterOffsetBegin":657,"characterOffsetEnd":658,"pos":"CD","before":"","after":""},{"index":3,"word":">","originalText":">","characterOffsetBegin":658,"characterOffsetEnd":659,"pos":"JJR","before":"","after":" "},{"index":4,"word":"You","originalText":"You","characterOffsetBegin":660,"characterOffsetEnd":663,"pos":"PRP","before":" ","after":" "},{"index":5,"word":"wan","originalText":"wan","characterOffsetBegin":664,"characterOffsetEnd":667,"pos":"VBP","before":" ","after":""},{"index":6,"word":"na","originalText":"na","characterOffsetBegin":667,"characterOffsetEnd":669,"pos":"TO","before":"","after":" "},{"index":7,"word":"do","originalText":"do","characterOffsetBegin":670,"characterOffsetEnd":672,"pos":"VB","before":" ","after":" "},{"index":8,"word":"masking","originalText":"masking","characterOffsetBegin":673,"characterOffsetEnd":680,"pos":"VBG","before":" ","after":""},{"index":9,"word":".","originalText":".","characterOffsetBegin":680,"characterOffsetEnd":681,"pos":".","before":"","after":" "}]},{"index":9,"tokens":[{"index":1,"word":"Build","originalText":"Build","characterOffsetBegin":682,"characterOffsetEnd":687,"pos":"VB","before":" ","after":" "},{"index":2,"word":"a","originalText":"a","characterOffsetBegin":688,"characterOffsetEnd":689,"pos":"DT","before":" ","after":" "},{"index":3,"word":"bitmap","originalText":"bitmap","characterOffsetBegin":690,"characterOffsetEnd":696,"pos":"NN","before":" ","after":" "},{"index":4,"word":"-LRB-","originalText":"(","characterOffsetBegin":697,"characterOffsetEnd":698,"pos":"-LRB-","before":" ","after":""},{"index":5,"word":"pixmap","originalText":"pixmap","characterOffsetBegin":698,"characterOffsetEnd":704,"pos":"NN","before":"","after":" "},{"index":6,"word":"of","originalText":"of","characterOffsetBegin":705,"characterOffsetEnd":707,"pos":"IN","before":" ","after":" "},{"index":7,"word":"depth","originalText":"depth","characterOffsetBegin":708,"characterOffsetEnd":713,"pos":"NN","before":" ","after":" "},{"index":8,"word":"one","originalText":"one","characterOffsetBegin":714,"characterOffsetEnd":717,"pos":"CD","before":" ","after":""},{"index":9,"word":"-RRB-","originalText":")","characterOffsetBegin":717,"characterOffsetEnd":718,"pos":"-RRB-","before":"","after":" "},{"index":10,"word":"where","originalText":"where","characterOffsetBegin":719,"characterOffsetEnd":724,"pos":"WRB","before":" ","after":" "},{"index":11,"word":"all","originalText":"all","characterOffsetBegin":725,"characterOffsetEnd":728,"pos":"DT","before":" ","after":" "},{"index":12,"word":"pixelsyou","originalText":"pixelsyou","characterOffsetBegin":729,"characterOffsetEnd":738,"pos":"NN","before":" ","after":" "},{"index":13,"word":"name","originalText":"name","characterOffsetBegin":739,"characterOffsetEnd":743,"pos":"NN","before":" ","after":" "},{"index":14,"word":"``","originalText":"\"","characterOffsetBegin":744,"characterOffsetEnd":745,"pos":"``","before":" ","after":""},{"index":15,"word":"opaque","originalText":"opaque","characterOffsetBegin":745,"characterOffsetEnd":751,"pos":"JJ","before":"","after":""},{"index":16,"word":"''","originalText":"\"","characterOffsetBegin":751,"characterOffsetEnd":752,"pos":"''","before":"","after":" "},{"index":17,"word":"are","originalText":"are","characterOffsetBegin":753,"characterOffsetEnd":756,"pos":"VBP","before":" ","after":" "},{"index":18,"word":"1","originalText":"1","characterOffsetBegin":757,"characterOffsetEnd":758,"pos":"CD","before":" ","after":" "},{"index":19,"word":"-LRB-","originalText":"(","characterOffsetBegin":759,"characterOffsetEnd":760,"pos":"-LRB-","before":" ","after":""},{"index":20,"word":"that","originalText":"that","characterOffsetBegin":760,"characterOffsetEnd":764,"pos":"WDT","before":"","after":" "},{"index":21,"word":"get","originalText":"get","characterOffsetBegin":765,"characterOffsetEnd":768,"pos":"VBP","before":" ","after":" "},{"index":22,"word":"copied","originalText":"copied","characterOffsetBegin":769,"characterOffsetEnd":775,"pos":"VBN","before":" ","after":""},{"index":23,"word":"-RRB-","originalText":")","characterOffsetBegin":775,"characterOffsetEnd":776,"pos":"-RRB-","before":"","after":" "},{"index":24,"word":"and","originalText":"and","characterOffsetBegin":777,"characterOffsetEnd":780,"pos":"CC","before":" ","after":" "},{"index":25,"word":"the","originalText":"the","characterOffsetBegin":781,"characterOffsetEnd":784,"pos":"DT","before":" ","after":" "},{"index":26,"word":"others","originalText":"others","characterOffsetBegin":785,"characterOffsetEnd":791,"pos":"NNS","before":" ","after":" "},{"index":27,"word":"are","originalText":"are","characterOffsetBegin":792,"characterOffsetEnd":795,"pos":"VBP","before":" ","after":" "},{"index":28,"word":"0","originalText":"0","characterOffsetBegin":796,"characterOffsetEnd":797,"pos":"CD","before":" ","after":""},{"index":29,"word":".","originalText":".","characterOffsetBegin":797,"characterOffsetEnd":798,"pos":".","before":"","after":" "}]},{"index":10,"tokens":[{"index":1,"word":"Use","originalText":"Use","characterOffsetBegin":799,"characterOffsetEnd":802,"pos":"NN","before":" ","after":" "},{"index":2,"word":"thisbitmap","originalText":"thisbitmap","characterOffsetBegin":803,"characterOffsetEnd":813,"pos":"NN","before":" ","after":" "},{"index":3,"word":"as","originalText":"as","characterOffsetBegin":814,"characterOffsetEnd":816,"pos":"IN","before":" ","after":" "},{"index":4,"word":"the","originalText":"the","characterOffsetBegin":817,"characterOffsetEnd":820,"pos":"DT","before":" ","after":" "},{"index":5,"word":"clip_mask","originalText":"clip_mask","characterOffsetBegin":821,"characterOffsetEnd":830,"pos":"NN","before":" ","after":" "},{"index":6,"word":"in","originalText":"in","characterOffsetBegin":831,"characterOffsetEnd":833,"pos":"IN","before":" ","after":" "},{"index":7,"word":"the","originalText":"the","characterOffsetBegin":834,"characterOffsetEnd":837,"pos":"DT","before":" ","after":" "},{"index":8,"word":"gc","originalText":"gc","characterOffsetBegin":838,"characterOffsetEnd":840,"pos":"NN","before":" ","after":" "},{"index":9,"word":"used","originalText":"used","characterOffsetBegin":841,"characterOffsetEnd":845,"pos":"VBN","before":" ","after":" "},{"index":10,"word":"for","originalText":"for","characterOffsetBegin":846,"characterOffsetEnd":849,"pos":"IN","before":" ","after":" "},{"index":11,"word":"XCopyArea","originalText":"XCopyArea","characterOffsetBegin":850,"characterOffsetEnd":859,"pos":"NN","before":" ","after":""},{"index":12,"word":"-LRB-","originalText":"(","characterOffsetBegin":859,"characterOffsetEnd":860,"pos":"-LRB-","before":"","after":""},{"index":13,"word":"-RRB-","originalText":")","characterOffsetBegin":860,"characterOffsetEnd":861,"pos":"-RRB-","before":"","after":""},{"index":14,"word":",","originalText":",","characterOffsetBegin":861,"characterOffsetEnd":862,"pos":",","before":"","after":" "},{"index":15,"word":"and","originalText":"and","characterOffsetBegin":863,"characterOffsetEnd":866,"pos":"CC","before":" ","after":" "},{"index":16,"word":"remember","originalText":"remember","characterOffsetBegin":867,"characterOffsetEnd":875,"pos":"VBP","before":" ","after":" "},{"index":17,"word":"toadjust","originalText":"toadjust","characterOffsetBegin":876,"characterOffsetEnd":884,"pos":"IN","before":" ","after":" "},{"index":18,"word":"the","originalText":"the","characterOffsetBegin":885,"characterOffsetEnd":888,"pos":"DT","before":" ","after":" "},{"index":19,"word":"clip_origin","originalText":"clip_origin","characterOffsetBegin":889,"characterOffsetEnd":900,"pos":"JJ","before":" ","after":" "},{"index":20,"word":"coordinates","originalText":"coordinates","characterOffsetBegin":901,"characterOffsetEnd":912,"pos":"VBZ","before":" ","after":" "},{"index":21,"word":"to","originalText":"to","characterOffsetBegin":913,"characterOffsetEnd":915,"pos":"TO","before":" ","after":" "},{"index":22,"word":"the","originalText":"the","characterOffsetBegin":916,"characterOffsetEnd":919,"pos":"DT","before":" ","after":" "},{"index":23,"word":"XCopyArea","originalText":"XCopyArea","characterOffsetBegin":920,"characterOffsetEnd":929,"pos":"NN","before":" ","after":""},{"index":24,"word":"-LRB-","originalText":"(","characterOffsetBegin":929,"characterOffsetEnd":930,"pos":"-LRB-","before":"","after":""},{"index":25,"word":"-RRB-","originalText":")","characterOffsetBegin":930,"characterOffsetEnd":931,"pos":"-RRB-","before":"","after":" "},{"index":26,"word":"blit","originalText":"blit","characterOffsetBegin":932,"characterOffsetEnd":936,"pos":"NN","before":" ","after":" "},{"index":27,"word":"origin.The","originalText":"origin.The","characterOffsetBegin":937,"characterOffsetEnd":947,"pos":"NN","before":" ","after":" "},{"index":28,"word":"Mouse","originalText":"Mouse","characterOffsetBegin":948,"characterOffsetEnd":953,"pos":"NN","before":" ","after":" "},{"index":29,"word":"pointer","originalText":"pointer","characterOffsetBegin":954,"characterOffsetEnd":961,"pos":"NN","before":" ","after":" "},{"index":30,"word":"-LRB-","originalText":"(","characterOffsetBegin":962,"characterOffsetEnd":963,"pos":"-LRB-","before":" ","after":""},{"index":31,"word":"besides","originalText":"besides","characterOffsetBegin":963,"characterOffsetEnd":970,"pos":"IN","before":"","after":" "},{"index":32,"word":"from","originalText":"from","characterOffsetBegin":971,"characterOffsetEnd":975,"pos":"IN","before":" ","after":" "},{"index":33,"word":"that","originalText":"that","characterOffsetBegin":976,"characterOffsetEnd":980,"pos":"IN","before":" ","after":" "},{"index":34,"word":"it","originalText":"it","characterOffsetBegin":981,"characterOffsetEnd":983,"pos":"PRP","before":" ","after":" "},{"index":35,"word":"is","originalText":"is","characterOffsetBegin":984,"characterOffsetEnd":986,"pos":"VBZ","before":" ","after":" "},{"index":36,"word":"driven","originalText":"driven","characterOffsetBegin":987,"characterOffsetEnd":993,"pos":"VBN","before":" ","after":" "},{"index":37,"word":"using","originalText":"using","characterOffsetBegin":994,"characterOffsetEnd":999,"pos":"VBG","before":" ","after":" "},{"index":38,"word":"RAMDAC","originalText":"RAMDAC","characterOffsetBegin":1000,"characterOffsetEnd":1006,"pos":"NN","before":" ","after":" "},{"index":39,"word":"analogmapping","originalText":"analogmapping","characterOffsetBegin":1007,"characterOffsetEnd":1020,"pos":"NN","before":" ","after":" "},{"index":40,"word":"on","originalText":"on","characterOffsetBegin":1021,"characterOffsetEnd":1023,"pos":"IN","before":" ","after":" "},{"index":41,"word":"most","originalText":"most","characterOffsetBegin":1024,"characterOffsetEnd":1028,"pos":"JJS","before":" ","after":" "},{"index":42,"word":"hardwares","originalText":"hardwares","characterOffsetBegin":1029,"characterOffsetEnd":1038,"pos":"NNS","before":" ","after":""},{"index":43,"word":"-RRB-","originalText":")","characterOffsetBegin":1038,"characterOffsetEnd":1039,"pos":"-RRB-","before":"","after":" "},{"index":44,"word":"uses","originalText":"uses","characterOffsetBegin":1040,"characterOffsetEnd":1044,"pos":"VBZ","before":" ","after":" "},{"index":45,"word":"a","originalText":"a","characterOffsetBegin":1045,"characterOffsetEnd":1046,"pos":"DT","before":" ","after":" "},{"index":46,"word":"mask","originalText":"mask","characterOffsetBegin":1047,"characterOffsetEnd":1051,"pos":"NN","before":" ","after":""},{"index":47,"word":",","originalText":",","characterOffsetBegin":1051,"characterOffsetEnd":1052,"pos":",","before":"","after":" "},{"index":48,"word":"too.But","originalText":"too.But","characterOffsetBegin":1053,"characterOffsetEnd":1060,"pos":"NN","before":" ","after":" "},{"index":49,"word":"be","originalText":"be","characterOffsetBegin":1061,"characterOffsetEnd":1063,"pos":"VB","before":" ","after":" "},{"index":50,"word":"warned","originalText":"warned","characterOffsetBegin":1064,"characterOffsetEnd":1070,"pos":"VBN","before":" ","after":""},{"index":51,"word":":","originalText":":","characterOffsetBegin":1070,"characterOffsetEnd":1071,"pos":":","before":"","after":" "},{"index":52,"word":"blitting","originalText":"blitting","characterOffsetBegin":1072,"characterOffsetEnd":1080,"pos":"VBG","before":" ","after":" "},{"index":53,"word":"through","originalText":"through","characterOffsetBegin":1081,"characterOffsetEnd":1088,"pos":"IN","before":" ","after":" "},{"index":54,"word":"a","originalText":"a","characterOffsetBegin":1089,"characterOffsetEnd":1090,"pos":"DT","before":" ","after":" "},{"index":55,"word":"mask","originalText":"mask","characterOffsetBegin":1091,"characterOffsetEnd":1095,"pos":"NN","before":" ","after":" "},{"index":56,"word":"and","originalText":"and","characterOffsetBegin":1096,"characterOffsetEnd":1099,"pos":"CC","before":" ","after":" "},{"index":57,"word":"especially","originalText":"especially","characterOffsetBegin":1100,"characterOffsetEnd":1110,"pos":"RB","before":" ","after":" "},{"index":58,"word":"moving","originalText":"moving","characterOffsetBegin":1111,"characterOffsetEnd":1117,"pos":"VBG","before":" ","after":" "},{"index":59,"word":"around","originalText":"around","characterOffsetBegin":1118,"characterOffsetEnd":1124,"pos":"IN","before":" ","after":" "},{"index":60,"word":"this","originalText":"this","characterOffsetBegin":1125,"characterOffsetEnd":1129,"pos":"DT","before":" ","after":" "},{"index":61,"word":"maskis","originalText":"maskis","characterOffsetBegin":1130,"characterOffsetEnd":1136,"pos":"FW","before":" ","after":" "},{"index":62,"word":"annoying","originalText":"annoying","characterOffsetBegin":1137,"characterOffsetEnd":1145,"pos":"JJ","before":" ","after":" "},{"index":63,"word":"slow","originalText":"slow","characterOffsetBegin":1146,"characterOffsetEnd":1150,"pos":"JJ","before":" ","after":" "},{"index":64,"word":"on","originalText":"on","characterOffsetBegin":1151,"characterOffsetEnd":1153,"pos":"IN","before":" ","after":" "},{"index":65,"word":"most","originalText":"most","characterOffsetBegin":1154,"characterOffsetEnd":1158,"pos":"JJS","before":" ","after":" "},{"index":66,"word":"xservers","originalText":"xservers","characterOffsetBegin":1159,"characterOffsetEnd":1167,"pos":"NNS","before":" ","after":""},{"index":67,"word":"...","originalText":"...","characterOffsetBegin":1167,"characterOffsetEnd":1170,"pos":":","before":"","after":" "},{"index":68,"word":"it","originalText":"it","characterOffsetBegin":1171,"characterOffsetEnd":1173,"pos":"PRP","before":" ","after":" "},{"index":69,"word":"flickers","originalText":"flickers","characterOffsetBegin":1174,"characterOffsetEnd":1182,"pos":"VBZ","before":" ","after":" "},{"index":70,"word":"even","originalText":"even","characterOffsetBegin":1183,"characterOffsetEnd":1187,"pos":"RB","before":" ","after":" "},{"index":71,"word":"at","originalText":"at","characterOffsetBegin":1188,"characterOffsetEnd":1190,"pos":"IN","before":" ","after":" "},{"index":72,"word":"40","originalText":"40","characterOffsetBegin":1191,"characterOffsetEnd":1193,"pos":"CD","before":" ","after":" "},{"index":73,"word":"MIPS","originalText":"MIPS","characterOffsetBegin":1194,"characterOffsetEnd":1198,"pos":"NNS","before":" ","after":""},{"index":74,"word":"...","originalText":"...","characterOffsetBegin":1198,"characterOffsetEnd":1201,"pos":":","before":"","after":""},{"index":75,"word":"--","originalText":"--","characterOffsetBegin":1201,"characterOffsetEnd":1203,"pos":":","before":"","after":""},{"index":76,"word":"+","originalText":"+","characterOffsetBegin":1203,"characterOffsetEnd":1204,"pos":"CC","before":"","after":""},{"index":77,"word":"-","originalText":"-","characterOffsetBegin":1204,"characterOffsetEnd":1205,"pos":":","before":"","after":""},{"index":78,"word":"o","originalText":"o","characterOffsetBegin":1205,"characterOffsetEnd":1206,"pos":"NN","before":"","after":""},{"index":79,"word":"-","originalText":"-","characterOffsetBegin":1206,"characterOffsetEnd":1207,"pos":":","before":"","after":""},{"index":80,"word":"+","originalText":"+","characterOffsetBegin":1207,"characterOffsetEnd":1208,"pos":"CC","before":"","after":""},{"index":81,"word":"--------------------------------------------------------------","originalText":"--------------------------------------------------------------","characterOffsetBegin":1208,"characterOffsetEnd":1270,"pos":"CD","before":"","after":""},{"index":82,"word":"+","originalText":"+","characterOffsetBegin":1270,"characterOffsetEnd":1271,"pos":"CC","before":"","after":""},{"index":83,"word":"-","originalText":"-","characterOffsetBegin":1271,"characterOffsetEnd":1272,"pos":":","before":"","after":""},{"index":84,"word":"o","originalText":"o","characterOffsetBegin":1272,"characterOffsetEnd":1273,"pos":"NN","before":"","after":""},{"index":85,"word":"-","originalText":"-","characterOffsetBegin":1273,"characterOffsetEnd":1274,"pos":":","before":"","after":""},{"index":86,"word":"+","originalText":"+","characterOffsetBegin":1274,"characterOffsetEnd":1275,"pos":"CC","before":"","after":""},{"index":87,"word":"|","originalText":"|","characterOffsetBegin":1275,"characterOffsetEnd":1276,"pos":"CD","before":"","after":" "},{"index":88,"word":"o","originalText":"o","characterOffsetBegin":1277,"characterOffsetEnd":1278,"pos":"NN","before":" ","after":" "},{"index":89,"word":"|","originalText":"|","characterOffsetBegin":1279,"characterOffsetEnd":1280,"pos":"CD","before":" ","after":"                "},{"index":90,"word":"\\","originalText":"\\","characterOffsetBegin":1296,"characterOffsetEnd":1297,"pos":"CD","before":"                ","after":""},{"index":91,"word":"\\","originalText":"\\","characterOffsetBegin":1297,"characterOffsetEnd":1298,"pos":"CD","before":"","after":""},{"index":92,"word":"\\","originalText":"\\","characterOffsetBegin":1298,"characterOffsetEnd":1299,"pos":"SYM","before":"","after":""},{"index":93,"word":"-","originalText":"-","characterOffsetBegin":1299,"characterOffsetEnd":1300,"pos":":","before":"","after":"  "},{"index":94,"word":"Brain","originalText":"Brain","characterOffsetBegin":1302,"characterOffsetEnd":1307,"pos":"NN","before":"  ","after":" "},{"index":95,"word":"Inside","originalText":"Inside","characterOffsetBegin":1308,"characterOffsetEnd":1314,"pos":"IN","before":" ","after":" "},{"index":96,"word":"-","originalText":"-","characterOffsetBegin":1315,"characterOffsetEnd":1316,"pos":":","before":" ","after":""},{"index":97,"word":"/","originalText":"/","characterOffsetBegin":1316,"characterOffsetEnd":1317,"pos":":","before":"","after":""},{"index":98,"word":"/","originalText":"/","characterOffsetBegin":1317,"characterOffsetEnd":1318,"pos":":","before":"","after":""},{"index":99,"word":"/","originalText":"/","characterOffsetBegin":1318,"characterOffsetEnd":1319,"pos":":","before":"","after":"                       "},{"index":100,"word":"|","originalText":"|","characterOffsetBegin":1342,"characterOffsetEnd":1343,"pos":"CD","before":"                       ","after":" "},{"index":101,"word":"o","originalText":"o","characterOffsetBegin":1344,"characterOffsetEnd":1345,"pos":"NN","before":" ","after":" "},{"index":102,"word":"|","originalText":"|","characterOffsetBegin":1346,"characterOffsetEnd":1347,"pos":"CD","before":" ","after":""},{"index":103,"word":"|","originalText":"|","characterOffsetBegin":1347,"characterOffsetEnd":1348,"pos":"CD","before":"","after":" "},{"index":104,"word":"o","originalText":"o","characterOffsetBegin":1349,"characterOffsetEnd":1350,"pos":"NN","before":" ","after":" "},{"index":105,"word":"|","originalText":"|","characterOffsetBegin":1351,"characterOffsetEnd":1352,"pos":"FW","before":" ","after":"                    "},{"index":106,"word":"^","originalText":"^","characterOffsetBegin":1372,"characterOffsetEnd":1373,"pos":"FW","before":"                    ","after":""},{"index":107,"word":"^","originalText":"^","characterOffsetBegin":1373,"characterOffsetEnd":1374,"pos":"FW","before":"","after":""},{"index":108,"word":"^","originalText":"^","characterOffsetBegin":1374,"characterOffsetEnd":1375,"pos":"FW","before":"","after":""},{"index":109,"word":"^","originalText":"^","characterOffsetBegin":1375,"characterOffsetEnd":1376,"pos":"FW","before":"","after":""},{"index":110,"word":"^","originalText":"^","characterOffsetBegin":1376,"characterOffsetEnd":1377,"pos":"FW","before":"","after":""},{"index":111,"word":"^","originalText":"^","characterOffsetBegin":1377,"characterOffsetEnd":1378,"pos":"FW","before":"","after":""},{"index":112,"word":"^","originalText":"^","characterOffsetBegin":1378,"characterOffsetEnd":1379,"pos":"FW","before":"","after":""},{"index":113,"word":"^","originalText":"^","characterOffsetBegin":1379,"characterOffsetEnd":1380,"pos":"FW","before":"","after":""},{"index":114,"word":"^","originalText":"^","characterOffsetBegin":1380,"characterOffsetEnd":1381,"pos":"FW","before":"","after":""},{"index":115,"word":"^","originalText":"^","characterOffsetBegin":1381,"characterOffsetEnd":1382,"pos":"FW","before":"","after":""},{"index":116,"word":"^","originalText":"^","characterOffsetBegin":1382,"characterOffsetEnd":1383,"pos":"FW","before":"","after":""},{"index":117,"word":"^","originalText":"^","characterOffsetBegin":1383,"characterOffsetEnd":1384,"pos":"FW","before":"","after":""},{"index":118,"word":"^","originalText":"^","characterOffsetBegin":1384,"characterOffsetEnd":1385,"pos":"FW","before":"","after":""},{"index":119,"word":"^","originalText":"^","characterOffsetBegin":1385,"characterOffsetEnd":1386,"pos":"FW","before":"","after":""},{"index":120,"word":"^","originalText":"^","characterOffsetBegin":1386,"characterOffsetEnd":1387,"pos":"FW","before":"","after":"                           "},{"index":121,"word":"|","originalText":"|","characterOffsetBegin":1414,"characterOffsetEnd":1415,"pos":"FW","before":"                           ","after":" "},{"index":122,"word":"o","originalText":"o","characterOffsetBegin":1416,"characterOffsetEnd":1417,"pos":"NN","before":" ","after":" "},{"index":123,"word":"|","originalText":"|","characterOffsetBegin":1418,"characterOffsetEnd":1419,"pos":"CD","before":" ","after":""},{"index":124,"word":"|","originalText":"|","characterOffsetBegin":1419,"characterOffsetEnd":1420,"pos":"CD","before":"","after":" "},{"index":125,"word":"o","originalText":"o","characterOffsetBegin":1421,"characterOffsetEnd":1422,"pos":"NN","before":" ","after":" "},{"index":126,"word":"|","originalText":"|","characterOffsetBegin":1423,"characterOffsetEnd":1424,"pos":"CD","before":" ","after":" "},{"index":127,"word":"Andre","originalText":"Andre","characterOffsetBegin":1425,"characterOffsetEnd":1430,"pos":"NNP","before":" ","after":""},{"index":128,"word":"'","originalText":"'","characterOffsetBegin":1430,"characterOffsetEnd":1431,"pos":"POS","before":"","after":" "},{"index":129,"word":"Beck","originalText":"Beck","characterOffsetBegin":1432,"characterOffsetEnd":1436,"pos":"NN","before":" ","after":" "},{"index":130,"word":"-LRB-","originalText":"(","characterOffsetBegin":1437,"characterOffsetEnd":1438,"pos":"-LRB-","before":" ","after":""},{"index":131,"word":"ABPSoft","originalText":"ABPSoft","characterOffsetBegin":1438,"characterOffsetEnd":1445,"pos":"NN","before":"","after":""},{"index":132,"word":"-RRB-","originalText":")","characterOffsetBegin":1445,"characterOffsetEnd":1446,"pos":"-RRB-","before":"","after":" "},{"index":133,"word":"mehl","originalText":"mehl","characterOffsetBegin":1447,"characterOffsetEnd":1451,"pos":"NN","before":" ","after":""},{"index":134,"word":":","originalText":":","characterOffsetBegin":1451,"characterOffsetEnd":1452,"pos":":","before":"","after":" "},{"index":135,"word":"Andre_Beck@IRS.Inf.TU-Dresden.de","originalText":"Andre_Beck@IRS.Inf.TU-Dresden.de","characterOffsetBegin":1453,"characterOffsetEnd":1485,"pos":"JJ","before":" ","after":" "},{"index":136,"word":"|","originalText":"|","characterOffsetBegin":1486,"characterOffsetEnd":1487,"pos":"NN","before":" ","after":" "},{"index":137,"word":"o","originalText":"o","characterOffsetBegin":1488,"characterOffsetEnd":1489,"pos":"NN","before":" ","after":" "},{"index":138,"word":"|","originalText":"|","characterOffsetBegin":1490,"characterOffsetEnd":1491,"pos":"NN","before":" ","after":""},{"index":139,"word":"+","originalText":"+","characterOffsetBegin":1491,"characterOffsetEnd":1492,"pos":"CC","before":"","after":""},{"index":140,"word":"-","originalText":"-","characterOffsetBegin":1492,"characterOffsetEnd":1493,"pos":":","before":"","after":""},{"index":141,"word":"o","originalText":"o","characterOffsetBegin":1493,"characterOffsetEnd":1494,"pos":"NN","before":"","after":""},{"index":142,"word":"-","originalText":"-","characterOffsetBegin":1494,"characterOffsetEnd":1495,"pos":":","before":"","after":""},{"index":143,"word":"+","originalText":"+","characterOffsetBegin":1495,"characterOffsetEnd":1496,"pos":"CC","before":"","after":""},{"index":144,"word":"--------------------------------------------------------------","originalText":"--------------------------------------------------------------","characterOffsetBegin":1496,"characterOffsetEnd":1558,"pos":"CD","before":"","after":""},{"index":145,"word":"+","originalText":"+","characterOffsetBegin":1558,"characterOffsetEnd":1559,"pos":"CC","before":"","after":""},{"index":146,"word":"-","originalText":"-","characterOffsetBegin":1559,"characterOffsetEnd":1560,"pos":":","before":"","after":""},{"index":147,"word":"o","originalText":"o","characterOffsetBegin":1560,"characterOffsetEnd":1561,"pos":"NN","before":"","after":""},{"index":148,"word":"-","originalText":"-","characterOffsetBegin":1561,"characterOffsetEnd":1562,"pos":":","before":"","after":""},{"index":149,"word":"+","originalText":"+","characterOffsetBegin":1562,"characterOffsetEnd":1563,"pos":"CC","before":"","after":""}]}]}