{"sentences":[{"index":0,"tokens":[{"index":1,"word":"From","originalText":"From","characterOffsetBegin":0,"characterOffsetEnd":4,"pos":"IN","before":"","after":""},{"index":2,"word":":","originalText":":","characterOffsetBegin":4,"characterOffsetEnd":5,"pos":":","before":"","after":" "},{"index":3,"word":"guy@x.co.uk","originalText":"guy@x.co.uk","characterOffsetBegin":6,"characterOffsetEnd":17,"pos":"NN","before":" ","after":" "},{"index":4,"word":"-LRB-","originalText":"(","characterOffsetBegin":18,"characterOffsetEnd":19,"pos":"-LRB-","before":" ","after":""},{"index":5,"word":"Guy","originalText":"Guy","characterOffsetBegin":19,"characterOffsetEnd":22,"pos":"NNP","before":"","after":" "},{"index":6,"word":"Singh","originalText":"Singh","characterOffsetBegin":23,"characterOffsetEnd":28,"pos":"NNP","before":" ","after":""},{"index":7,"word":"-RRB-","originalText":")","characterOffsetBegin":28,"characterOffsetEnd":29,"pos":"-RRB-","before":"","after":""},{"index":8,"word":"Subject","originalText":"Subject","characterOffsetBegin":29,"characterOffsetEnd":36,"pos":"NNP","before":"","after":""},{"index":9,"word":":","originalText":":","characterOffsetBegin":36,"characterOffsetEnd":37,"pos":":","before":"","after":" "},{"index":10,"word":"Re","originalText":"Re","characterOffsetBegin":38,"characterOffsetEnd":40,"pos":"NNP","before":" ","after":""},{"index":11,"word":":","originalText":":","characterOffsetBegin":40,"characterOffsetEnd":41,"pos":":","before":"","after":" "},{"index":12,"word":">>","originalText":">>","characterOffsetBegin":42,"characterOffsetEnd":44,"pos":"CD","before":" ","after":""},{"index":13,"word":">>","originalText":">>","characterOffsetBegin":44,"characterOffsetEnd":46,"pos":"CD","before":"","after":""},{"index":14,"word":">","originalText":">","characterOffsetBegin":46,"characterOffsetEnd":47,"pos":"JJR","before":"","after":" "},{"index":15,"word":"MOUSE","originalText":"MOUSE","characterOffsetBegin":48,"characterOffsetEnd":53,"pos":"NN","before":" ","after":" "},{"index":16,"word":"BUTTONS","originalText":"BUTTONS","characterOffsetBegin":54,"characterOffsetEnd":61,"pos":"NNS","before":" ","after":" "},{"index":17,"word":"1,2","originalText":"1,2","characterOffsetBegin":62,"characterOffsetEnd":65,"pos":"CD","before":" ","after":" "},{"index":18,"word":"&","originalText":"&","characterOffsetBegin":66,"characterOffsetEnd":67,"pos":"CC","before":" ","after":" "},{"index":19,"word":"3","originalText":"3","characterOffsetBegin":68,"characterOffsetEnd":69,"pos":"CD","before":" ","after":" "},{"index":20,"word":"<<","originalText":"<<","characterOffsetBegin":70,"characterOffsetEnd":72,"pos":"NN","before":" ","after":""},{"index":21,"word":"<<","originalText":"<<","characterOffsetBegin":72,"characterOffsetEnd":74,"pos":"CD","before":"","after":""},{"index":22,"word":"<<","originalText":"<<","characterOffsetBegin":74,"characterOffsetEnd":76,"pos":"CD","before":"","after":""},{"index":23,"word":"<<","originalText":"<<","characterOffsetBegin":76,"characterOffsetEnd":78,"pos":"CD","before":"","after":" "},{"index":24,"word":"urgent","originalText":"urgent","characterOffsetBegin":79,"characterOffsetEnd":85,"pos":"JJ","before":" ","after":" "},{"index":25,"word":"!","originalText":"!","characterOffsetBegin":86,"characterOffsetEnd":87,"pos":".","before":" ","after":""}]},{"index":1,"tokens":[{"index":1,"word":">>","originalText":">>","characterOffsetBegin":87,"characterOffsetEnd":89,"pos":"NN","before":"","after":""},{"index":2,"word":">>","originalText":">>","characterOffsetBegin":89,"characterOffsetEnd":91,"pos":"CD","before":"","after":""},{"index":3,"word":">","originalText":">","characterOffsetBegin":91,"characterOffsetEnd":92,"pos":"JJR","before":"","after":" "},{"index":4,"word":"On","originalText":"On","characterOffsetBegin":93,"characterOffsetEnd":95,"pos":"IN","before":" ","after":" "},{"index":5,"word":"5","originalText":"5","characterOffsetBegin":96,"characterOffsetEnd":97,"pos":"CD","before":" ","after":" "},{"index":6,"word":"Apr","originalText":"Apr","characterOffsetBegin":98,"characterOffsetEnd":101,"pos":"NN","before":" ","after":" "},{"index":7,"word":"93","originalText":"93","characterOffsetBegin":102,"characterOffsetEnd":104,"pos":"CD","before":" ","after":" "},{"index":8,"word":"10:10:23","originalText":"10:10:23","characterOffsetBegin":105,"characterOffsetEnd":113,"pos":"CD","before":" ","after":" "},{"index":9,"word":"GMT","originalText":"GMT","characterOffsetBegin":114,"characterOffsetEnd":117,"pos":"NNP","before":" ","after":""},{"index":10,"word":",","originalText":",","characterOffsetBegin":117,"characterOffsetEnd":118,"pos":",","before":"","after":" "},{"index":11,"word":"it4ik@dmu.ac.uk","originalText":"it4ik@dmu.ac.uk","characterOffsetBegin":119,"characterOffsetEnd":134,"pos":"NN","before":" ","after":" "},{"index":12,"word":"-LRB-","originalText":"(","characterOffsetBegin":135,"characterOffsetEnd":136,"pos":"-LRB-","before":" ","after":""},{"index":13,"word":"I","originalText":"I","characterOffsetBegin":136,"characterOffsetEnd":137,"pos":"PRP","before":"","after":" "},{"index":14,"word":"Kler","originalText":"Kler","characterOffsetBegin":138,"characterOffsetEnd":142,"pos":"VBP","before":" ","after":""},{"index":15,"word":"-RRB-","originalText":")","characterOffsetBegin":142,"characterOffsetEnd":143,"pos":"-RRB-","before":"","after":" "},{"index":16,"word":"said","originalText":"said","characterOffsetBegin":144,"characterOffsetEnd":148,"pos":"VBD","before":" ","after":""},{"index":17,"word":":","originalText":":","characterOffsetBegin":148,"characterOffsetEnd":149,"pos":":","before":"","after":""},{"index":18,"word":"IK","originalText":"IK","characterOffsetBegin":149,"characterOffsetEnd":151,"pos":"NN","before":"","after":""},{"index":19,"word":">","originalText":">","characterOffsetBegin":151,"characterOffsetEnd":152,"pos":"JJR","before":"","after":" "},{"index":20,"word":"Nntp-Posting-Host","originalText":"Nntp-Posting-Host","characterOffsetBegin":153,"characterOffsetEnd":170,"pos":"NNP","before":" ","after":""},{"index":21,"word":":","originalText":":","characterOffsetBegin":170,"characterOffsetEnd":171,"pos":":","before":"","after":" "},{"index":22,"word":"elmIK","originalText":"elmIK","characterOffsetBegin":172,"characterOffsetEnd":177,"pos":"NN","before":" ","after":""},{"index":23,"word":">","originalText":">","characterOffsetBegin":177,"characterOffsetEnd":178,"pos":"JJR","before":"","after":" "},{"index":24,"word":"I","originalText":"I","characterOffsetBegin":179,"characterOffsetEnd":180,"pos":"PRP","before":" ","after":" "},{"index":25,"word":"know","originalText":"know","characterOffsetBegin":181,"characterOffsetEnd":185,"pos":"VBP","before":" ","after":" "},{"index":26,"word":"it","originalText":"it","characterOffsetBegin":186,"characterOffsetEnd":188,"pos":"PRP","before":" ","after":" "},{"index":27,"word":"sounds","originalText":"sounds","characterOffsetBegin":189,"characterOffsetEnd":195,"pos":"VBZ","before":" ","after":" "},{"index":28,"word":"stupid","originalText":"stupid","characterOffsetBegin":196,"characterOffsetEnd":202,"pos":"JJ","before":" ","after":""},{"index":29,"word":",","originalText":",","characterOffsetBegin":202,"characterOffsetEnd":203,"pos":",","before":"","after":" "},{"index":30,"word":"but","originalText":"but","characterOffsetBegin":204,"characterOffsetEnd":207,"pos":"CC","before":" ","after":""},{"index":31,"word":"...","originalText":"....","characterOffsetBegin":207,"characterOffsetEnd":211,"pos":":","before":"","after":""},{"index":32,"word":"IK","originalText":"IK","characterOffsetBegin":211,"characterOffsetEnd":213,"pos":"NN","before":"","after":""},{"index":33,"word":">","originalText":">","characterOffsetBegin":213,"characterOffsetEnd":214,"pos":"JJR","before":"","after":" "},{"index":34,"word":"Does","originalText":"Does","characterOffsetBegin":215,"characterOffsetEnd":219,"pos":"VBZ","before":" ","after":" "},{"index":35,"word":"anyone","originalText":"anyone","characterOffsetBegin":220,"characterOffsetEnd":226,"pos":"NN","before":" ","after":" "},{"index":36,"word":"know","originalText":"know","characterOffsetBegin":227,"characterOffsetEnd":231,"pos":"VB","before":" ","after":" "},{"index":37,"word":"how","originalText":"how","characterOffsetBegin":232,"characterOffsetEnd":235,"pos":"WRB","before":" ","after":" "},{"index":38,"word":"to","originalText":"to","characterOffsetBegin":236,"characterOffsetEnd":238,"pos":"TO","before":" ","after":" "},{"index":39,"word":"control","originalText":"control","characterOffsetBegin":239,"characterOffsetEnd":246,"pos":"VB","before":" ","after":" "},{"index":40,"word":"individual","originalText":"individual","characterOffsetBegin":247,"characterOffsetEnd":257,"pos":"JJ","before":" ","after":" "},{"index":41,"word":"mouse","originalText":"mouse","characterOffsetBegin":258,"characterOffsetEnd":263,"pos":"NN","before":" ","after":" "},{"index":42,"word":"buttons.IK","originalText":"buttons.IK","characterOffsetBegin":264,"characterOffsetEnd":274,"pos":"NN","before":" ","after":""},{"index":43,"word":">","originalText":">","characterOffsetBegin":274,"characterOffsetEnd":275,"pos":"JJR","before":"","after":" "},{"index":44,"word":"I","originalText":"I","characterOffsetBegin":276,"characterOffsetEnd":277,"pos":"PRP","before":" ","after":" "},{"index":45,"word":"am","originalText":"am","characterOffsetBegin":278,"characterOffsetEnd":280,"pos":"VBP","before":" ","after":" "},{"index":46,"word":"writing","originalText":"writing","characterOffsetBegin":281,"characterOffsetEnd":288,"pos":"VBG","before":" ","after":" "},{"index":47,"word":"an","originalText":"an","characterOffsetBegin":289,"characterOffsetEnd":291,"pos":"DT","before":" ","after":" "},{"index":48,"word":"application","originalText":"application","characterOffsetBegin":292,"characterOffsetEnd":303,"pos":"NN","before":" ","after":""},{"index":49,"word":",","originalText":",","characterOffsetBegin":303,"characterOffsetEnd":304,"pos":",","before":"","after":" "},{"index":50,"word":"which","originalText":"which","characterOffsetBegin":305,"characterOffsetEnd":310,"pos":"WDT","before":" ","after":" "},{"index":51,"word":"currently","originalText":"currently","characterOffsetBegin":311,"characterOffsetEnd":320,"pos":"RB","before":" ","after":" "},{"index":52,"word":"makes","originalText":"makes","characterOffsetBegin":321,"characterOffsetEnd":326,"pos":"VBZ","before":" ","after":" "},{"index":53,"word":"use","originalText":"use","characterOffsetBegin":327,"characterOffsetEnd":330,"pos":"NN","before":" ","after":" "},{"index":54,"word":"ofIK","originalText":"ofIK","characterOffsetBegin":331,"characterOffsetEnd":335,"pos":"NN","before":" ","after":""},{"index":55,"word":">","originalText":">","characterOffsetBegin":335,"characterOffsetEnd":336,"pos":"JJR","before":"","after":" "},{"index":56,"word":"ButtonPressMask","originalText":"ButtonPressMask","characterOffsetBegin":337,"characterOffsetEnd":352,"pos":"NNP","before":" ","after":""},{"index":57,"word":",","originalText":",","characterOffsetBegin":352,"characterOffsetEnd":353,"pos":",","before":"","after":" "},{"index":58,"word":"however","originalText":"however","characterOffsetBegin":354,"characterOffsetEnd":361,"pos":"RB","before":" ","after":" "},{"index":59,"word":"this","originalText":"this","characterOffsetBegin":362,"characterOffsetEnd":366,"pos":"DT","before":" ","after":" "},{"index":60,"word":"is","originalText":"is","characterOffsetBegin":367,"characterOffsetEnd":369,"pos":"VBZ","before":" ","after":" "},{"index":61,"word":"invoked","originalText":"invoked","characterOffsetBegin":370,"characterOffsetEnd":377,"pos":"VBN","before":" ","after":" "},{"index":62,"word":"by","originalText":"by","characterOffsetBegin":378,"characterOffsetEnd":380,"pos":"IN","before":" ","after":" "},{"index":63,"word":"the","originalText":"the","characterOffsetBegin":381,"characterOffsetEnd":384,"pos":"DT","before":" ","after":" "},{"index":64,"word":"pressingIK","originalText":"pressingIK","characterOffsetBegin":385,"characterOffsetEnd":395,"pos":"NN","before":" ","after":""},{"index":65,"word":">","originalText":">","characterOffsetBegin":395,"characterOffsetEnd":396,"pos":"JJR","before":"","after":" "},{"index":66,"word":"of","originalText":"of","characterOffsetBegin":397,"characterOffsetEnd":399,"pos":"IN","before":" ","after":" "},{"index":67,"word":"any","originalText":"any","characterOffsetBegin":400,"characterOffsetEnd":403,"pos":"DT","before":" ","after":" "},{"index":68,"word":"mouse","originalText":"mouse","characterOffsetBegin":404,"characterOffsetEnd":409,"pos":"NN","before":" ","after":" "},{"index":69,"word":"button","originalText":"button","characterOffsetBegin":410,"characterOffsetEnd":416,"pos":"NN","before":" ","after":""},{"index":70,"word":".","originalText":".","characterOffsetBegin":416,"characterOffsetEnd":417,"pos":".","before":"","after":" "}]},{"index":2,"tokens":[{"index":1,"word":"I","originalText":"I","characterOffsetBegin":418,"characterOffsetEnd":419,"pos":"PRP","before":" ","after":" "},{"index":2,"word":"want","originalText":"want","characterOffsetBegin":420,"characterOffsetEnd":424,"pos":"VBP","before":" ","after":" "},{"index":3,"word":"to","originalText":"to","characterOffsetBegin":425,"characterOffsetEnd":427,"pos":"TO","before":" ","after":" "},{"index":4,"word":"be","originalText":"be","characterOffsetBegin":428,"characterOffsetEnd":430,"pos":"VB","before":" ","after":" "},{"index":5,"word":"able","originalText":"able","characterOffsetBegin":431,"characterOffsetEnd":435,"pos":"JJ","before":" ","after":" "},{"index":6,"word":"to","originalText":"to","characterOffsetBegin":436,"characterOffsetEnd":438,"pos":"TO","before":" ","after":" "},{"index":7,"word":"restrict","originalText":"restrict","characterOffsetBegin":439,"characterOffsetEnd":447,"pos":"VB","before":" ","after":" "},{"index":8,"word":"thisIK","originalText":"thisIK","characterOffsetBegin":448,"characterOffsetEnd":454,"pos":"NN","before":" ","after":""},{"index":9,"word":">","originalText":">","characterOffsetBegin":454,"characterOffsetEnd":455,"pos":"JJR","before":"","after":" "},{"index":10,"word":"to","originalText":"to","characterOffsetBegin":456,"characterOffsetEnd":458,"pos":"TO","before":" ","after":" "},{"index":11,"word":"one","originalText":"one","characterOffsetBegin":459,"characterOffsetEnd":462,"pos":"CD","before":" ","after":" "},{"index":12,"word":"of","originalText":"of","characterOffsetBegin":463,"characterOffsetEnd":465,"pos":"IN","before":" ","after":" "},{"index":13,"word":"the","originalText":"the","characterOffsetBegin":466,"characterOffsetEnd":469,"pos":"DT","before":" ","after":" "},{"index":14,"word":"3","originalText":"3","characterOffsetBegin":470,"characterOffsetEnd":471,"pos":"CD","before":" ","after":" "},{"index":15,"word":"buttons","originalText":"buttons","characterOffsetBegin":472,"characterOffsetEnd":479,"pos":"NNS","before":" ","after":""},{"index":16,"word":".","originalText":".","characterOffsetBegin":479,"characterOffsetEnd":480,"pos":".","before":"","after":" "}]},{"index":3,"tokens":[{"index":1,"word":"I","originalText":"I","characterOffsetBegin":481,"characterOffsetEnd":482,"pos":"PRP","before":" ","after":" "},{"index":2,"word":"tried","originalText":"tried","characterOffsetBegin":483,"characterOffsetEnd":488,"pos":"VBD","before":" ","after":" "},{"index":3,"word":"Button1PressMask","originalText":"Button1PressMask","characterOffsetBegin":489,"characterOffsetEnd":505,"pos":"NN","before":" ","after":""},{"index":4,"word":",","originalText":",","characterOffsetBegin":505,"characterOffsetEnd":506,"pos":",","before":"","after":" "},{"index":5,"word":"butIK","originalText":"butIK","characterOffsetBegin":507,"characterOffsetEnd":512,"pos":"NN","before":" ","after":""},{"index":6,"word":">","originalText":">","characterOffsetBegin":512,"characterOffsetEnd":513,"pos":"JJR","before":"","after":" "},{"index":7,"word":"just","originalText":"just","characterOffsetBegin":514,"characterOffsetEnd":518,"pos":"RB","before":" ","after":" "},{"index":8,"word":"get","originalText":"get","characterOffsetBegin":519,"characterOffsetEnd":522,"pos":"VB","before":" ","after":" "},{"index":9,"word":"undefined","originalText":"undefined","characterOffsetBegin":523,"characterOffsetEnd":532,"pos":"JJ","before":" ","after":" "},{"index":10,"word":"errors","originalText":"errors","characterOffsetBegin":533,"characterOffsetEnd":539,"pos":"NNS","before":" ","after":""},{"index":11,"word":".","originalText":".","characterOffsetBegin":539,"characterOffsetEnd":540,"pos":".","before":"","after":" "}]},{"index":4,"tokens":[{"index":1,"word":"I","originalText":"I","characterOffsetBegin":541,"characterOffsetEnd":542,"pos":"PRP","before":" ","after":" "},{"index":2,"word":"know","originalText":"know","characterOffsetBegin":543,"characterOffsetEnd":547,"pos":"VBP","before":" ","after":" "},{"index":3,"word":"it","originalText":"it","characterOffsetBegin":548,"characterOffsetEnd":550,"pos":"PRP","before":" ","after":" "},{"index":4,"word":"can","originalText":"can","characterOffsetBegin":551,"characterOffsetEnd":554,"pos":"MD","before":" ","after":" "},{"index":5,"word":"be","originalText":"be","characterOffsetBegin":555,"characterOffsetEnd":557,"pos":"VB","before":" ","after":" "},{"index":6,"word":"done","originalText":"done","characterOffsetBegin":558,"characterOffsetEnd":562,"pos":"VBN","before":" ","after":""},{"index":7,"word":",","originalText":",","characterOffsetBegin":562,"characterOffsetEnd":563,"pos":",","before":"","after":" "},{"index":8,"word":"and","originalText":"and","characterOffsetBegin":564,"characterOffsetEnd":567,"pos":"CC","before":" ","after":" "},{"index":9,"word":"IIK","originalText":"IIK","characterOffsetBegin":568,"characterOffsetEnd":571,"pos":"NN","before":" ","after":""},{"index":10,"word":">","originalText":">","characterOffsetBegin":571,"characterOffsetEnd":572,"pos":"JJR","before":"","after":" "},{"index":11,"word":"am","originalText":"am","characterOffsetBegin":573,"characterOffsetEnd":575,"pos":"VBP","before":" ","after":" "},{"index":12,"word":"pretty","originalText":"pretty","characterOffsetBegin":576,"characterOffsetEnd":582,"pos":"RB","before":" ","after":" "},{"index":13,"word":"sure","originalText":"sure","characterOffsetBegin":583,"characterOffsetEnd":587,"pos":"JJ","before":" ","after":" "},{"index":14,"word":"theres","originalText":"theres","characterOffsetBegin":588,"characterOffsetEnd":594,"pos":"NNS","before":" ","after":" "},{"index":15,"word":"an","originalText":"an","characterOffsetBegin":595,"characterOffsetEnd":597,"pos":"DT","before":" ","after":" "},{"index":16,"word":"easy","originalText":"easy","characterOffsetBegin":598,"characterOffsetEnd":602,"pos":"JJ","before":" ","after":" "},{"index":17,"word":"answer","originalText":"answer","characterOffsetBegin":603,"characterOffsetEnd":609,"pos":"NN","before":" ","after":" "},{"index":18,"word":"to","originalText":"to","characterOffsetBegin":610,"characterOffsetEnd":612,"pos":"TO","before":" ","after":" "},{"index":19,"word":"it","originalText":"it","characterOffsetBegin":613,"characterOffsetEnd":615,"pos":"PRP","before":" ","after":""},{"index":20,"word":",","originalText":",","characterOffsetBegin":615,"characterOffsetEnd":616,"pos":",","before":"","after":" "},{"index":21,"word":"but","originalText":"but","characterOffsetBegin":617,"characterOffsetEnd":620,"pos":"CC","before":" ","after":" "},{"index":22,"word":"I","originalText":"I","characterOffsetBegin":621,"characterOffsetEnd":622,"pos":"PRP","before":" ","after":" "},{"index":23,"word":"just","originalText":"just","characterOffsetBegin":623,"characterOffsetEnd":627,"pos":"RB","before":" ","after":" "},{"index":24,"word":"do","originalText":"do","characterOffsetBegin":628,"characterOffsetEnd":630,"pos":"VBP","before":" ","after":""},{"index":25,"word":"n't","originalText":"n't","characterOffsetBegin":630,"characterOffsetEnd":633,"pos":"RB","before":"","after":" "},{"index":26,"word":"knowIK","originalText":"knowIK","characterOffsetBegin":634,"characterOffsetEnd":640,"pos":"JJ","before":" ","after":""},{"index":27,"word":">","originalText":">","characterOffsetBegin":640,"characterOffsetEnd":641,"pos":"JJR","before":"","after":" "},{"index":28,"word":"what","originalText":"what","characterOffsetBegin":642,"characterOffsetEnd":646,"pos":"WP","before":" ","after":" "},{"index":29,"word":"it","originalText":"it","characterOffsetBegin":647,"characterOffsetEnd":649,"pos":"PRP","before":" ","after":" "},{"index":30,"word":"is.IK","originalText":"is.IK","characterOffsetBegin":650,"characterOffsetEnd":655,"pos":"NN","before":" ","after":""},{"index":31,"word":">","originalText":">","characterOffsetBegin":655,"characterOffsetEnd":656,"pos":"JJR","before":"","after":" "},{"index":32,"word":"``","originalText":"\"","characterOffsetBegin":657,"characterOffsetEnd":658,"pos":"``","before":" ","after":""},{"index":33,"word":"time","originalText":"time","characterOffsetBegin":658,"characterOffsetEnd":662,"pos":"NN","before":"","after":" "},{"index":34,"word":"is","originalText":"is","characterOffsetBegin":663,"characterOffsetEnd":665,"pos":"VBZ","before":" ","after":" "},{"index":35,"word":"of","originalText":"of","characterOffsetBegin":666,"characterOffsetEnd":668,"pos":"IN","before":" ","after":" "},{"index":36,"word":"the","originalText":"the","characterOffsetBegin":669,"characterOffsetEnd":672,"pos":"DT","before":" ","after":" "},{"index":37,"word":"essence","originalText":"essence","characterOffsetBegin":673,"characterOffsetEnd":680,"pos":"NN","before":" ","after":" "},{"index":38,"word":"...","originalText":"...","characterOffsetBegin":681,"characterOffsetEnd":684,"pos":":","before":" ","after":""},{"index":39,"word":"``","originalText":"\"","characterOffsetBegin":684,"characterOffsetEnd":685,"pos":"``","before":"","after":""},{"index":40,"word":"There","originalText":"There","characterOffsetBegin":685,"characterOffsetEnd":690,"pos":"EX","before":"","after":" "},{"index":41,"word":"is","originalText":"is","characterOffsetBegin":691,"characterOffsetEnd":693,"pos":"VBZ","before":" ","after":" "},{"index":42,"word":"no","originalText":"no","characterOffsetBegin":694,"characterOffsetEnd":696,"pos":"DT","before":" ","after":" "},{"index":43,"word":"event","originalText":"event","characterOffsetBegin":697,"characterOffsetEnd":702,"pos":"NN","before":" ","after":" "},{"index":44,"word":"mask","originalText":"mask","characterOffsetBegin":703,"characterOffsetEnd":707,"pos":"NN","before":" ","after":" "},{"index":45,"word":"for","originalText":"for","characterOffsetBegin":708,"characterOffsetEnd":711,"pos":"IN","before":" ","after":" "},{"index":46,"word":"a","originalText":"a","characterOffsetBegin":712,"characterOffsetEnd":713,"pos":"DT","before":" ","after":" "},{"index":47,"word":"particular","originalText":"particular","characterOffsetBegin":714,"characterOffsetEnd":724,"pos":"JJ","before":" ","after":" "},{"index":48,"word":"mouse","originalText":"mouse","characterOffsetBegin":725,"characterOffsetEnd":730,"pos":"NN","before":" ","after":" "},{"index":49,"word":"button","originalText":"button","characterOffsetBegin":731,"characterOffsetEnd":737,"pos":"NN","before":" ","after":" "},{"index":50,"word":"press","originalText":"press","characterOffsetBegin":738,"characterOffsetEnd":743,"pos":"NN","before":" ","after":""},{"index":51,"word":".","originalText":".","characterOffsetBegin":743,"characterOffsetEnd":744,"pos":".","before":"","after":" "}]},{"index":5,"tokens":[{"index":1,"word":"However","originalText":"However","characterOffsetBegin":745,"characterOffsetEnd":752,"pos":"RB","before":" ","after":" "},{"index":2,"word":"in","originalText":"in","characterOffsetBegin":753,"characterOffsetEnd":755,"pos":"IN","before":" ","after":" "},{"index":3,"word":"yourevent","originalText":"yourevent","characterOffsetBegin":756,"characterOffsetEnd":765,"pos":"JJ","before":" ","after":" "},{"index":4,"word":"handler","originalText":"handler","characterOffsetBegin":766,"characterOffsetEnd":773,"pos":"NN","before":" ","after":" "},{"index":5,"word":"you","originalText":"you","characterOffsetBegin":774,"characterOffsetEnd":777,"pos":"PRP","before":" ","after":" "},{"index":6,"word":"can","originalText":"can","characterOffsetBegin":778,"characterOffsetEnd":781,"pos":"MD","before":" ","after":" "},{"index":7,"word":"use","originalText":"use","characterOffsetBegin":782,"characterOffsetEnd":785,"pos":"VB","before":" ","after":" "},{"index":8,"word":"the","originalText":"the","characterOffsetBegin":786,"characterOffsetEnd":789,"pos":"DT","before":" ","after":" "},{"index":9,"word":"event","originalText":"event","characterOffsetBegin":790,"characterOffsetEnd":795,"pos":"NN","before":" ","after":" "},{"index":10,"word":"structure","originalText":"structure","characterOffsetBegin":796,"characterOffsetEnd":805,"pos":"NN","before":" ","after":" "},{"index":11,"word":"passed","originalText":"passed","characterOffsetBegin":806,"characterOffsetEnd":812,"pos":"VBN","before":" ","after":" "},{"index":12,"word":"in","originalText":"in","characterOffsetBegin":813,"characterOffsetEnd":815,"pos":"IN","before":" ","after":" "},{"index":13,"word":"and","originalText":"and","characterOffsetBegin":816,"characterOffsetEnd":819,"pos":"CC","before":" ","after":" "},{"index":14,"word":"query","originalText":"query","characterOffsetBegin":820,"characterOffsetEnd":825,"pos":"VB","before":" ","after":" "},{"index":15,"word":"it","originalText":"it","characterOffsetBegin":826,"characterOffsetEnd":828,"pos":"PRP","before":" ","after":" "},{"index":16,"word":"to","originalText":"to","characterOffsetBegin":829,"characterOffsetEnd":831,"pos":"TO","before":" ","after":" "},{"index":17,"word":"findwhich","originalText":"findwhich","characterOffsetBegin":832,"characterOffsetEnd":841,"pos":"VB","before":" ","after":" "},{"index":18,"word":"button","originalText":"button","characterOffsetBegin":842,"characterOffsetEnd":848,"pos":"NN","before":" ","after":" "},{"index":19,"word":"was","originalText":"was","characterOffsetBegin":849,"characterOffsetEnd":852,"pos":"VBD","before":" ","after":" "},{"index":20,"word":"pressed","originalText":"pressed","characterOffsetBegin":853,"characterOffsetEnd":860,"pos":"VBN","before":" ","after":" "},{"index":21,"word":"i.e.voidSomeEventHandler","originalText":"i.e.voidSomeEventHandler","characterOffsetBegin":861,"characterOffsetEnd":885,"pos":"NN","before":" ","after":""},{"index":22,"word":"-LRB-","originalText":"(","characterOffsetBegin":885,"characterOffsetEnd":886,"pos":"-LRB-","before":"","after":""},{"index":23,"word":"Widget","originalText":"Widget","characterOffsetBegin":886,"characterOffsetEnd":892,"pos":"NN","before":"","after":" "},{"index":24,"word":"w","originalText":"w","characterOffsetBegin":893,"characterOffsetEnd":894,"pos":"NN","before":" ","after":""},{"index":25,"word":",","originalText":",","characterOffsetBegin":894,"characterOffsetEnd":895,"pos":",","before":"","after":" "},{"index":26,"word":"XtPointer","originalText":"XtPointer","characterOffsetBegin":896,"characterOffsetEnd":905,"pos":"NNP","before":" ","after":" "},{"index":27,"word":"data","originalText":"data","characterOffsetBegin":906,"characterOffsetEnd":910,"pos":"NNS","before":" ","after":""},{"index":28,"word":",","originalText":",","characterOffsetBegin":910,"characterOffsetEnd":911,"pos":",","before":"","after":" "},{"index":29,"word":"XEvent","originalText":"XEvent","characterOffsetBegin":912,"characterOffsetEnd":918,"pos":"JJ","before":" ","after":" "},{"index":30,"word":"*","originalText":"*","characterOffsetBegin":919,"characterOffsetEnd":920,"pos":"SYM","before":" ","after":""},{"index":31,"word":"event","originalText":"event","characterOffsetBegin":920,"characterOffsetEnd":925,"pos":"NN","before":"","after":""},{"index":32,"word":"-RRB-","originalText":")","characterOffsetBegin":925,"characterOffsetEnd":926,"pos":"-RRB-","before":"","after":""},{"index":33,"word":"-LCB-","originalText":"{","characterOffsetBegin":926,"characterOffsetEnd":927,"pos":"-LRB-","before":"","after":"    "},{"index":34,"word":"/","originalText":"/","characterOffsetBegin":931,"characterOffsetEnd":932,"pos":":","before":"    ","after":""},{"index":35,"word":"*","originalText":"*","characterOffsetBegin":932,"characterOffsetEnd":933,"pos":"SYM","before":"","after":" "},{"index":36,"word":"Catch","originalText":"Catch","characterOffsetBegin":934,"characterOffsetEnd":939,"pos":"VB","before":" ","after":" "},{"index":37,"word":"the","originalText":"the","characterOffsetBegin":940,"characterOffsetEnd":943,"pos":"DT","before":" ","after":" "},{"index":38,"word":"button","originalText":"button","characterOffsetBegin":944,"characterOffsetEnd":950,"pos":"NN","before":" ","after":" "},{"index":39,"word":"1","originalText":"1","characterOffsetBegin":951,"characterOffsetEnd":952,"pos":"CD","before":" ","after":" "},{"index":40,"word":"-LRB-","originalText":"(","characterOffsetBegin":953,"characterOffsetEnd":954,"pos":"-LRB-","before":" ","after":""},{"index":41,"word":"usually","originalText":"usually","characterOffsetBegin":954,"characterOffsetEnd":961,"pos":"RB","before":"","after":" "},{"index":42,"word":"left","originalText":"left","characterOffsetBegin":962,"characterOffsetEnd":966,"pos":"VBN","before":" ","after":" "},{"index":43,"word":"button","originalText":"button","characterOffsetBegin":967,"characterOffsetEnd":973,"pos":"NN","before":" ","after":""},{"index":44,"word":"-RRB-","originalText":")","characterOffsetBegin":973,"characterOffsetEnd":974,"pos":"-RRB-","before":"","after":" "},{"index":45,"word":"*","originalText":"*","characterOffsetBegin":975,"characterOffsetEnd":976,"pos":"SYM","before":" ","after":""},{"index":46,"word":"/","originalText":"/","characterOffsetBegin":976,"characterOffsetEnd":977,"pos":":","before":"","after":"    "},{"index":47,"word":"if","originalText":"if","characterOffsetBegin":981,"characterOffsetEnd":983,"pos":"IN","before":"    ","after":" "},{"index":48,"word":"-LRB-","originalText":"(","characterOffsetBegin":984,"characterOffsetEnd":985,"pos":"-LRB-","before":" ","after":" "},{"index":49,"word":"event","originalText":"event","characterOffsetBegin":986,"characterOffsetEnd":991,"pos":"NN","before":" ","after":""},{"index":50,"word":"-","originalText":"-","characterOffsetBegin":991,"characterOffsetEnd":992,"pos":":","before":"","after":""},{"index":51,"word":">","originalText":">","characterOffsetBegin":992,"characterOffsetEnd":993,"pos":"JJR","before":"","after":""},{"index":52,"word":"xbutton.button","originalText":"xbutton.button","characterOffsetBegin":993,"characterOffsetEnd":1007,"pos":"NN","before":"","after":" "},{"index":53,"word":"==","originalText":"==","characterOffsetBegin":1008,"characterOffsetEnd":1010,"pos":"CD","before":" ","after":" "},{"index":54,"word":"Button1","originalText":"Button1","characterOffsetBegin":1011,"characterOffsetEnd":1018,"pos":"NN","before":" ","after":" "},{"index":55,"word":"-RRB-","originalText":")","characterOffsetBegin":1019,"characterOffsetEnd":1020,"pos":"-RRB-","before":" ","after":" "},{"index":56,"word":"-LCB-","originalText":"{","characterOffsetBegin":1021,"characterOffsetEnd":1022,"pos":"-LRB-","before":" ","after":"        "},{"index":57,"word":"/","originalText":"/","characterOffsetBegin":1030,"characterOffsetEnd":1031,"pos":":","before":"        ","after":""},{"index":58,"word":"*","originalText":"*","characterOffsetBegin":1031,"characterOffsetEnd":1032,"pos":"SYM","before":"","after":" "},{"index":59,"word":"do","originalText":"do","characterOffsetBegin":1033,"characterOffsetEnd":1035,"pos":"VBP","before":" ","after":" "},{"index":60,"word":"some","originalText":"some","characterOffsetBegin":1036,"characterOffsetEnd":1040,"pos":"DT","before":" ","after":" "},{"index":61,"word":"action","originalText":"action","characterOffsetBegin":1041,"characterOffsetEnd":1047,"pos":"NN","before":" ","after":" "},{"index":62,"word":"*","originalText":"*","characterOffsetBegin":1048,"characterOffsetEnd":1049,"pos":"SYM","before":" ","after":""},{"index":63,"word":"/","originalText":"/","characterOffsetBegin":1049,"characterOffsetEnd":1050,"pos":":","before":"","after":"    "},{"index":64,"word":"-RCB-","originalText":"}","characterOffsetBegin":1054,"characterOffsetEnd":1055,"pos":"-RRB-","before":"    ","after":" "},{"index":65,"word":"else","originalText":"else","characterOffsetBegin":1056,"characterOffsetEnd":1060,"pos":"RB","before":" ","after":" "},{"index":66,"word":"-LCB-","originalText":"{","characterOffsetBegin":1061,"characterOffsetEnd":1062,"pos":"-LRB-","before":" ","after":"        "},{"index":67,"word":"/","originalText":"/","characterOffsetBegin":1070,"characterOffsetEnd":1071,"pos":":","before":"        ","after":""},{"index":68,"word":"*","originalText":"*","characterOffsetBegin":1071,"characterOffsetEnd":1072,"pos":"SYM","before":"","after":" "},{"index":69,"word":"do","originalText":"do","characterOffsetBegin":1073,"characterOffsetEnd":1075,"pos":"VBP","before":" ","after":" "},{"index":70,"word":"nothing","originalText":"nothing","characterOffsetBegin":1076,"characterOffsetEnd":1083,"pos":"NN","before":" ","after":" "},{"index":71,"word":"and","originalText":"and","characterOffsetBegin":1084,"characterOffsetEnd":1087,"pos":"CC","before":" ","after":" "},{"index":72,"word":"exit","originalText":"exit","characterOffsetBegin":1088,"characterOffsetEnd":1092,"pos":"NN","before":" ","after":" "},{"index":73,"word":"from","originalText":"from","characterOffsetBegin":1093,"characterOffsetEnd":1097,"pos":"IN","before":" ","after":" "},{"index":74,"word":"function","originalText":"function","characterOffsetBegin":1098,"characterOffsetEnd":1106,"pos":"NN","before":" ","after":" "},{"index":75,"word":"*","originalText":"*","characterOffsetBegin":1107,"characterOffsetEnd":1108,"pos":"SYM","before":" ","after":""},{"index":76,"word":"/","originalText":"/","characterOffsetBegin":1108,"characterOffsetEnd":1109,"pos":":","before":"","after":"    "},{"index":77,"word":"-RCB-","originalText":"}","characterOffsetBegin":1113,"characterOffsetEnd":1114,"pos":"-RRB-","before":"    ","after":" "},{"index":78,"word":"-RCB-","originalText":"}","characterOffsetBegin":1115,"characterOffsetEnd":1116,"pos":"-RRB-","before":" ","after":""},{"index":79,"word":"--","originalText":"---","characterOffsetBegin":1116,"characterOffsetEnd":1119,"pos":":","before":"","after":""},{"index":80,"word":"Guy","originalText":"Guy","characterOffsetBegin":1119,"characterOffsetEnd":1122,"pos":"NNP","before":"","after":" "},{"index":81,"word":"Singh","originalText":"Singh","characterOffsetBegin":1123,"characterOffsetEnd":1128,"pos":"NNP","before":" ","after":""},{"index":82,"word":",","originalText":",","characterOffsetBegin":1128,"characterOffsetEnd":1129,"pos":",","before":"","after":"                 "},{"index":83,"word":"IXI","originalText":"IXI","characterOffsetBegin":1146,"characterOffsetEnd":1149,"pos":"NNP","before":"                 ","after":"            "},{"index":84,"word":"Internet","originalText":"Internet","characterOffsetBegin":1161,"characterOffsetEnd":1169,"pos":"NNP","before":"            ","after":""},{"index":85,"word":":","originalText":":","characterOffsetBegin":1169,"characterOffsetEnd":1170,"pos":":","before":"","after":" "},{"index":86,"word":"guy@x.co.uk","originalText":"guy@x.co.uk","characterOffsetBegin":1171,"characterOffsetEnd":1182,"pos":"NN","before":" ","after":"                            "},{"index":87,"word":"Vision","originalText":"Vision","characterOffsetBegin":1210,"characterOffsetEnd":1216,"pos":"NNP","before":"                            ","after":" "},{"index":88,"word":"Park","originalText":"Park","characterOffsetBegin":1217,"characterOffsetEnd":1221,"pos":"NNP","before":" ","after":"    "},{"index":89,"word":"UUCP","originalText":"UUCP","characterOffsetBegin":1225,"characterOffsetEnd":1229,"pos":"NNP","before":"    ","after":""},{"index":90,"word":":","originalText":":","characterOffsetBegin":1229,"characterOffsetEnd":1230,"pos":":","before":"","after":"     "},{"index":91,"word":"guy@ixi.uucp","originalText":"guy@ixi.uucp","characterOffsetBegin":1235,"characterOffsetEnd":1247,"pos":"NN","before":"     ","after":"                            "},{"index":92,"word":"Cambridge","originalText":"Cambridge","characterOffsetBegin":1275,"characterOffsetEnd":1284,"pos":"NNP","before":"                            ","after":"      "},{"index":93,"word":"Bang","originalText":"Bang","characterOffsetBegin":1290,"characterOffsetEnd":1294,"pos":"NNP","before":"      ","after":""},{"index":94,"word":":","originalText":":","characterOffsetBegin":1294,"characterOffsetEnd":1295,"pos":":","before":"","after":"     "},{"index":95,"word":"...","originalText":"...","characterOffsetBegin":1300,"characterOffsetEnd":1303,"pos":":","before":"     ","after":""},{"index":96,"word":"!","originalText":"!","characterOffsetBegin":1303,"characterOffsetEnd":1304,"pos":".","before":"","after":""}]},{"index":6,"tokens":[{"index":1,"word":"uunet!ixi!guy","originalText":"uunet!ixi!guy","characterOffsetBegin":1304,"characterOffsetEnd":1317,"pos":"JJ","before":"","after":"                            "},{"index":2,"word":"CB4","originalText":"CB4","characterOffsetBegin":1345,"characterOffsetEnd":1348,"pos":"NN","before":"                            ","after":" "},{"index":3,"word":"4ZR","originalText":"4ZR","characterOffsetBegin":1349,"characterOffsetEnd":1352,"pos":"NN","before":" ","after":""},{"index":4,"word":",","originalText":",","characterOffsetBegin":1352,"characterOffsetEnd":1353,"pos":",","before":"","after":" "},{"index":5,"word":"UK","originalText":"UK","characterOffsetBegin":1354,"characterOffsetEnd":1356,"pos":"NNP","before":" ","after":"    "},{"index":6,"word":"Tel","originalText":"Tel","characterOffsetBegin":1360,"characterOffsetEnd":1363,"pos":"NNP","before":"    ","after":""},{"index":7,"word":":","originalText":":","characterOffsetBegin":1363,"characterOffsetEnd":1364,"pos":":","before":"","after":"      "},{"index":8,"word":"+44 223 236 555","originalText":"+44 223 236 555","characterOffsetBegin":1370,"characterOffsetEnd":1385,"pos":"CD","before":"      ","after":""}]}]}