{"sentences":[{"index":0,"tokens":[{"index":1,"word":"From","originalText":"From","characterOffsetBegin":0,"characterOffsetEnd":4,"pos":"IN","before":"","after":""},{"index":2,"word":":","originalText":":","characterOffsetBegin":4,"characterOffsetEnd":5,"pos":":","before":"","after":" "},{"index":3,"word":"amit@aryeh.uchicago.edu","originalText":"amit@aryeh.uchicago.edu","characterOffsetBegin":6,"characterOffsetEnd":29,"pos":"NN","before":" ","after":" "},{"index":4,"word":"-LRB-","originalText":"(","characterOffsetBegin":30,"characterOffsetEnd":31,"pos":"-LRB-","before":" ","after":""},{"index":5,"word":"Yali","originalText":"Yali","characterOffsetBegin":31,"characterOffsetEnd":35,"pos":"NNP","before":"","after":" "},{"index":6,"word":"Amit","originalText":"Amit","characterOffsetBegin":36,"characterOffsetEnd":40,"pos":"NNP","before":" ","after":""},{"index":7,"word":"-RRB-","originalText":")","characterOffsetBegin":40,"characterOffsetEnd":41,"pos":"-RRB-","before":"","after":""},{"index":8,"word":"Subject","originalText":"Subject","characterOffsetBegin":41,"characterOffsetEnd":48,"pos":"NNP","before":"","after":""},{"index":9,"word":":","originalText":":","characterOffsetBegin":48,"characterOffsetEnd":49,"pos":":","before":"","after":" "},{"index":10,"word":"Problems","originalText":"Problems","characterOffsetBegin":50,"characterOffsetEnd":58,"pos":"NNS","before":" ","after":" "},{"index":11,"word":"with","originalText":"with","characterOffsetBegin":59,"characterOffsetEnd":63,"pos":"IN","before":" ","after":" "},{"index":12,"word":"OpenWindows","originalText":"OpenWindows","characterOffsetBegin":64,"characterOffsetEnd":75,"pos":"NNPS","before":" ","after":" "},{"index":13,"word":"After","originalText":"After","characterOffsetBegin":76,"characterOffsetEnd":81,"pos":"IN","before":" ","after":" "},{"index":14,"word":"having","originalText":"having","characterOffsetBegin":82,"characterOffsetEnd":88,"pos":"VBG","before":" ","after":" "},{"index":15,"word":"OpenWindows","originalText":"OpenWindows","characterOffsetBegin":89,"characterOffsetEnd":100,"pos":"NNP","before":" ","after":" "},{"index":16,"word":"-LRB-","originalText":"(","characterOffsetBegin":101,"characterOffsetEnd":102,"pos":"-LRB-","before":" ","after":""},{"index":17,"word":"Version","originalText":"Version","characterOffsetBegin":102,"characterOffsetEnd":109,"pos":"NNP","before":"","after":" "},{"index":18,"word":"3","originalText":"3","characterOffsetBegin":110,"characterOffsetEnd":111,"pos":"CD","before":" ","after":" "},{"index":19,"word":"for","originalText":"for","characterOffsetBegin":112,"characterOffsetEnd":115,"pos":"IN","before":" ","after":" "},{"index":20,"word":"SunOS","originalText":"SunOS","characterOffsetBegin":116,"characterOffsetEnd":121,"pos":"NN","before":" ","after":" "},{"index":21,"word":"4.1","originalText":"4.1","characterOffsetBegin":122,"characterOffsetEnd":125,"pos":"CD","before":" ","after":""},{"index":22,"word":"-RRB-","originalText":")","characterOffsetBegin":125,"characterOffsetEnd":126,"pos":"-RRB-","before":"","after":" "},{"index":23,"word":"or","originalText":"or","characterOffsetBegin":127,"characterOffsetEnd":129,"pos":"CC","before":" ","after":" "},{"index":24,"word":"Xwindowsrunning","originalText":"Xwindowsrunning","characterOffsetBegin":130,"characterOffsetEnd":145,"pos":"JJ","before":" ","after":" "},{"index":25,"word":"continuously","originalText":"continuously","characterOffsetBegin":146,"characterOffsetEnd":158,"pos":"RB","before":" ","after":" "},{"index":26,"word":"on","originalText":"on","characterOffsetBegin":159,"characterOffsetEnd":161,"pos":"IN","before":" ","after":" "},{"index":27,"word":"my","originalText":"my","characterOffsetBegin":162,"characterOffsetEnd":164,"pos":"PRP$","before":" ","after":" "},{"index":28,"word":"machine","originalText":"machine","characterOffsetBegin":165,"characterOffsetEnd":172,"pos":"NN","before":" ","after":" "},{"index":29,"word":"for","originalText":"for","characterOffsetBegin":173,"characterOffsetEnd":176,"pos":"IN","before":" ","after":" "},{"index":30,"word":"3-4","originalText":"3-4","characterOffsetBegin":177,"characterOffsetEnd":180,"pos":"CD","before":" ","after":" "},{"index":31,"word":"days","originalText":"days","characterOffsetBegin":181,"characterOffsetEnd":185,"pos":"NNS","before":" ","after":""},{"index":32,"word":",","originalText":",","characterOffsetBegin":185,"characterOffsetEnd":186,"pos":",","before":"","after":""},{"index":33,"word":"the","originalText":"the","characterOffsetBegin":186,"characterOffsetEnd":189,"pos":"DT","before":"","after":" "},{"index":34,"word":"following","originalText":"following","characterOffsetBegin":190,"characterOffsetEnd":199,"pos":"VBG","before":" ","after":" "},{"index":35,"word":"message","originalText":"message","characterOffsetBegin":200,"characterOffsetEnd":207,"pos":"NN","before":" ","after":" "},{"index":36,"word":"appears","originalText":"appears","characterOffsetBegin":208,"characterOffsetEnd":215,"pos":"VBZ","before":" ","after":"  "},{"index":37,"word":"when","originalText":"when","characterOffsetBegin":217,"characterOffsetEnd":221,"pos":"WRB","before":"  ","after":" "},{"index":38,"word":"trying","originalText":"trying","characterOffsetBegin":222,"characterOffsetEnd":228,"pos":"VBG","before":" ","after":" "},{"index":39,"word":"to","originalText":"to","characterOffsetBegin":229,"characterOffsetEnd":231,"pos":"TO","before":" ","after":" "},{"index":40,"word":"opena","originalText":"opena","characterOffsetBegin":232,"characterOffsetEnd":237,"pos":"VB","before":" ","after":" "},{"index":41,"word":"new","originalText":"new","characterOffsetBegin":238,"characterOffsetEnd":241,"pos":"JJ","before":" ","after":" "},{"index":42,"word":"window","originalText":"window","characterOffsetBegin":242,"characterOffsetEnd":248,"pos":"NN","before":" ","after":""},{"index":43,"word":",","originalText":",","characterOffsetBegin":248,"characterOffsetEnd":249,"pos":",","before":"","after":" "},{"index":44,"word":"or","originalText":"or","characterOffsetBegin":250,"characterOffsetEnd":252,"pos":"CC","before":" ","after":" "},{"index":45,"word":"to","originalText":"to","characterOffsetBegin":253,"characterOffsetEnd":255,"pos":"TO","before":" ","after":" "},{"index":46,"word":"run","originalText":"run","characterOffsetBegin":256,"characterOffsetEnd":259,"pos":"VB","before":" ","after":" "},{"index":47,"word":"any","originalText":"any","characterOffsetBegin":260,"characterOffsetEnd":263,"pos":"DT","before":" ","after":" "},{"index":48,"word":"program","originalText":"program","characterOffsetBegin":264,"characterOffsetEnd":271,"pos":"NN","before":" ","after":" "},{"index":49,"word":"that","originalText":"that","characterOffsetBegin":272,"characterOffsetEnd":276,"pos":"WDT","before":" ","after":" "},{"index":50,"word":"needs","originalText":"needs","characterOffsetBegin":277,"characterOffsetEnd":282,"pos":"VBZ","before":" ","after":" "},{"index":51,"word":"to","originalText":"to","characterOffsetBegin":283,"characterOffsetEnd":285,"pos":"TO","before":" ","after":" "},{"index":52,"word":"open","originalText":"open","characterOffsetBegin":286,"characterOffsetEnd":290,"pos":"VB","before":" ","after":" "},{"index":53,"word":"windows.XView","originalText":"windows.XView","characterOffsetBegin":291,"characterOffsetEnd":304,"pos":"NN","before":" ","after":" "},{"index":54,"word":"error","originalText":"error","characterOffsetBegin":305,"characterOffsetEnd":310,"pos":"NN","before":" ","after":""},{"index":55,"word":":","originalText":":","characterOffsetBegin":310,"characterOffsetEnd":311,"pos":":","before":"","after":" "},{"index":56,"word":"Can","originalText":"Can","characterOffsetBegin":312,"characterOffsetEnd":315,"pos":"MD","before":" ","after":""},{"index":57,"word":"not","originalText":"not","characterOffsetBegin":315,"characterOffsetEnd":318,"pos":"RB","before":"","after":" "},{"index":58,"word":"open","originalText":"open","characterOffsetBegin":319,"characterOffsetEnd":323,"pos":"VB","before":" ","after":" "},{"index":59,"word":"connection","originalText":"connection","characterOffsetBegin":324,"characterOffsetEnd":334,"pos":"NN","before":" ","after":" "},{"index":60,"word":"to","originalText":"to","characterOffsetBegin":335,"characterOffsetEnd":337,"pos":"TO","before":" ","after":" "},{"index":61,"word":"window","originalText":"window","characterOffsetBegin":338,"characterOffsetEnd":344,"pos":"NN","before":" ","after":" "},{"index":62,"word":"server","originalText":"server","characterOffsetBegin":345,"characterOffsetEnd":351,"pos":"NN","before":" ","after":""},{"index":63,"word":":","originalText":":","characterOffsetBegin":351,"characterOffsetEnd":352,"pos":":","before":"","after":" "},{"index":64,"word":":0.0","originalText":":0.0","characterOffsetBegin":353,"characterOffsetEnd":357,"pos":"CD","before":" ","after":" "},{"index":65,"word":"-LRB-","originalText":"(","characterOffsetBegin":358,"characterOffsetEnd":359,"pos":"-LRB-","before":" ","after":""},{"index":66,"word":"Serverpackage","originalText":"Serverpackage","characterOffsetBegin":359,"characterOffsetEnd":372,"pos":"NN","before":"","after":""},{"index":67,"word":"-RRB-","originalText":")","characterOffsetBegin":372,"characterOffsetEnd":373,"pos":"-RRB-","before":"","after":""},{"index":68,"word":"I","originalText":"I","characterOffsetBegin":373,"characterOffsetEnd":374,"pos":"PRP","before":"","after":" "},{"index":69,"word":"would","originalText":"would","characterOffsetBegin":375,"characterOffsetEnd":380,"pos":"MD","before":" ","after":" "},{"index":70,"word":"greatly","originalText":"greatly","characterOffsetBegin":381,"characterOffsetEnd":388,"pos":"RB","before":" ","after":" "},{"index":71,"word":"appreciate","originalText":"appreciate","characterOffsetBegin":389,"characterOffsetEnd":399,"pos":"VB","before":" ","after":" "},{"index":72,"word":"any","originalText":"any","characterOffsetBegin":400,"characterOffsetEnd":403,"pos":"DT","before":" ","after":" "},{"index":73,"word":"suggestions","originalText":"suggestions","characterOffsetBegin":404,"characterOffsetEnd":415,"pos":"NNS","before":" ","after":" "},{"index":74,"word":"to","originalText":"to","characterOffsetBegin":416,"characterOffsetEnd":418,"pos":"TO","before":" ","after":" "},{"index":75,"word":"solve","originalText":"solve","characterOffsetBegin":419,"characterOffsetEnd":424,"pos":"VB","before":" ","after":" "},{"index":76,"word":"this","originalText":"this","characterOffsetBegin":425,"characterOffsetEnd":429,"pos":"DT","before":" ","after":" "},{"index":77,"word":"problem.Yali","originalText":"problem.Yali","characterOffsetBegin":430,"characterOffsetEnd":442,"pos":"NN","before":" ","after":" "},{"index":78,"word":"AmitDepartment","originalText":"AmitDepartment","characterOffsetBegin":443,"characterOffsetEnd":457,"pos":"NN","before":" ","after":" "},{"index":79,"word":"of","originalText":"of","characterOffsetBegin":458,"characterOffsetEnd":460,"pos":"IN","before":" ","after":" "},{"index":80,"word":"StatisticsUniversity","originalText":"StatisticsUniversity","characterOffsetBegin":461,"characterOffsetEnd":481,"pos":"NN","before":" ","after":" "},{"index":81,"word":"of","originalText":"of","characterOffsetBegin":482,"characterOffsetEnd":484,"pos":"IN","before":" ","after":" "},{"index":82,"word":"Chicago","originalText":"Chicago","characterOffsetBegin":485,"characterOffsetEnd":492,"pos":"NNP","before":" ","after":" "},{"index":83,"word":"Chicago","originalText":"Chicago","characterOffsetBegin":493,"characterOffsetEnd":500,"pos":"NNP","before":" ","after":" "},{"index":84,"word":"IL","originalText":"IL","characterOffsetBegin":501,"characterOffsetEnd":503,"pos":"NN","before":" ","after":" "},{"index":85,"word":"60615","originalText":"60615","characterOffsetBegin":504,"characterOffsetEnd":509,"pos":"CD","before":" ","after":""}]}]}