{"sentences":[{"index":0,"tokens":[{"index":1,"word":"From","originalText":"From","characterOffsetBegin":0,"characterOffsetEnd":4,"pos":"IN","before":"","after":""},{"index":2,"word":":","originalText":":","characterOffsetBegin":4,"characterOffsetEnd":5,"pos":":","before":"","after":" "},{"index":3,"word":"guy@x.co.uk","originalText":"guy@x.co.uk","characterOffsetBegin":6,"characterOffsetEnd":17,"pos":"NN","before":" ","after":" "},{"index":4,"word":"-LRB-","originalText":"(","characterOffsetBegin":18,"characterOffsetEnd":19,"pos":"-LRB-","before":" ","after":""},{"index":5,"word":"Guy","originalText":"Guy","characterOffsetBegin":19,"characterOffsetEnd":22,"pos":"NNP","before":"","after":" "},{"index":6,"word":"Singh","originalText":"Singh","characterOffsetBegin":23,"characterOffsetEnd":28,"pos":"NNP","before":" ","after":""},{"index":7,"word":"-RRB-","originalText":")","characterOffsetBegin":28,"characterOffsetEnd":29,"pos":"-RRB-","before":"","after":""},{"index":8,"word":"Subject","originalText":"Subject","characterOffsetBegin":29,"characterOffsetEnd":36,"pos":"NNP","before":"","after":""},{"index":9,"word":":","originalText":":","characterOffsetBegin":36,"characterOffsetEnd":37,"pos":":","before":"","after":" "},{"index":10,"word":"Re","originalText":"Re","characterOffsetBegin":38,"characterOffsetEnd":40,"pos":"NNP","before":" ","after":""},{"index":11,"word":":","originalText":":","characterOffsetBegin":40,"characterOffsetEnd":41,"pos":":","before":"","after":" "},{"index":12,"word":"xv","originalText":"xv","characterOffsetBegin":42,"characterOffsetEnd":44,"pos":"SYM","before":" ","after":" "},{"index":13,"word":"-","originalText":"-","characterOffsetBegin":45,"characterOffsetEnd":46,"pos":":","before":" ","after":""},{"index":14,"word":"root","originalText":"root","characterOffsetBegin":46,"characterOffsetEnd":50,"pos":"NN","before":"","after":" "},{"index":15,"word":"with","originalText":"with","characterOffsetBegin":51,"characterOffsetEnd":55,"pos":"IN","before":" ","after":" "},{"index":16,"word":"vue","originalText":"vue","characterOffsetBegin":56,"characterOffsetEnd":59,"pos":"NN","before":" ","after":""},{"index":17,"word":"?","originalText":"?","characterOffsetBegin":59,"characterOffsetEnd":60,"pos":".","before":"","after":" "}]},{"index":1,"tokens":[{"index":1,"word":"-LRB-","originalText":"(","characterOffsetBegin":61,"characterOffsetEnd":62,"pos":"-LRB-","before":" ","after":""},{"index":2,"word":"was","originalText":"was","characterOffsetBegin":62,"characterOffsetEnd":65,"pos":"VBD","before":"","after":" "},{"index":3,"word":"Re","originalText":"Re","characterOffsetBegin":66,"characterOffsetEnd":68,"pos":"NNP","before":" ","after":""},{"index":4,"word":":","originalText":":","characterOffsetBegin":68,"characterOffsetEnd":69,"pos":":","before":"","after":" "},{"index":5,"word":"xloadimage","originalText":"xloadimage","characterOffsetBegin":70,"characterOffsetEnd":80,"pos":"NN","before":" ","after":" "},{"index":6,"word":"-","originalText":"-","characterOffsetBegin":81,"characterOffsetEnd":82,"pos":":","before":" ","after":""},{"index":7,"word":"onroot","originalText":"onroot","characterOffsetBegin":82,"characterOffsetEnd":88,"pos":"NN","before":"","after":" "},{"index":8,"word":"...","originalText":"...","characterOffsetBegin":89,"characterOffsetEnd":92,"pos":":","before":" ","after":""},{"index":9,"word":"-RRB-","originalText":")","characterOffsetBegin":92,"characterOffsetEnd":93,"pos":"-RRB-","before":"","after":""},{"index":10,"word":">>","originalText":">>","characterOffsetBegin":93,"characterOffsetEnd":95,"pos":"CD","before":"","after":""},{"index":11,"word":">>","originalText":">>","characterOffsetBegin":95,"characterOffsetEnd":97,"pos":"CD","before":"","after":""},{"index":12,"word":">","originalText":">","characterOffsetBegin":97,"characterOffsetEnd":98,"pos":"JJR","before":"","after":" "},{"index":13,"word":"On","originalText":"On","characterOffsetBegin":99,"characterOffsetEnd":101,"pos":"IN","before":" ","after":" "},{"index":14,"word":"5","originalText":"5","characterOffsetBegin":102,"characterOffsetEnd":103,"pos":"CD","before":" ","after":" "},{"index":15,"word":"Apr","originalText":"Apr","characterOffsetBegin":104,"characterOffsetEnd":107,"pos":"NN","before":" ","after":" "},{"index":16,"word":"93","originalText":"93","characterOffsetBegin":108,"characterOffsetEnd":110,"pos":"CD","before":" ","after":" "},{"index":17,"word":"11:31:27","originalText":"11:31:27","characterOffsetBegin":111,"characterOffsetEnd":119,"pos":"CD","before":" ","after":" "},{"index":18,"word":"PDT","originalText":"PDT","characterOffsetBegin":120,"characterOffsetEnd":123,"pos":"NNP","before":" ","after":""},{"index":19,"word":",","originalText":",","characterOffsetBegin":123,"characterOffsetEnd":124,"pos":",","before":"","after":" "},{"index":20,"word":"jan@camhpp12.mdcbbs.com","originalText":"jan@camhpp12.mdcbbs.com","characterOffsetBegin":125,"characterOffsetEnd":148,"pos":"NNP","before":" ","after":" "},{"index":21,"word":"-LRB-","originalText":"(","characterOffsetBegin":149,"characterOffsetEnd":150,"pos":"-LRB-","before":" ","after":""},{"index":22,"word":"Jan","originalText":"Jan","characterOffsetBegin":150,"characterOffsetEnd":153,"pos":"NNP","before":"","after":" "},{"index":23,"word":"Vandenbrande","originalText":"Vandenbrande","characterOffsetBegin":154,"characterOffsetEnd":166,"pos":"NNP","before":" ","after":""},{"index":24,"word":"-RRB-","originalText":")","characterOffsetBegin":166,"characterOffsetEnd":167,"pos":"-RRB-","before":"","after":" "},{"index":25,"word":"said","originalText":"said","characterOffsetBegin":168,"characterOffsetEnd":172,"pos":"VBD","before":" ","after":""},{"index":26,"word":":","originalText":":","characterOffsetBegin":172,"characterOffsetEnd":173,"pos":":","before":"","after":""},{"index":27,"word":"Jan","originalText":"Jan","characterOffsetBegin":173,"characterOffsetEnd":176,"pos":"NNP","before":"","after":""},{"index":28,"word":">","originalText":">","characterOffsetBegin":176,"characterOffsetEnd":177,"pos":"JJR","before":"","after":" "},{"index":29,"word":"Nntp-Posting-Host","originalText":"Nntp-Posting-Host","characterOffsetBegin":178,"characterOffsetEnd":195,"pos":"NNP","before":" ","after":""},{"index":30,"word":":","originalText":":","characterOffsetBegin":195,"characterOffsetEnd":196,"pos":":","before":"","after":" "},{"index":31,"word":"134.244.49.156","originalText":"134.244.49.156","characterOffsetBegin":197,"characterOffsetEnd":211,"pos":"CD","before":" ","after":""},{"index":32,"word":"Jan","originalText":"Jan","characterOffsetBegin":211,"characterOffsetEnd":214,"pos":"NNP","before":"","after":""},{"index":33,"word":">","originalText":">","characterOffsetBegin":214,"characterOffsetEnd":215,"pos":"JJR","before":"","after":" "},{"index":34,"word":"On","originalText":"On","characterOffsetBegin":216,"characterOffsetEnd":218,"pos":"IN","before":" ","after":" "},{"index":35,"word":"a","originalText":"a","characterOffsetBegin":219,"characterOffsetEnd":220,"pos":"DT","before":" ","after":" "},{"index":36,"word":"related","originalText":"related","characterOffsetBegin":221,"characterOffsetEnd":228,"pos":"JJ","before":" ","after":" "},{"index":37,"word":"note","originalText":"note","characterOffsetBegin":229,"characterOffsetEnd":233,"pos":"NN","before":" ","after":""},{"index":38,"word":",","originalText":",","characterOffsetBegin":233,"characterOffsetEnd":234,"pos":",","before":"","after":" "},{"index":39,"word":"how","originalText":"how","characterOffsetBegin":235,"characterOffsetEnd":238,"pos":"WRB","before":" ","after":" "},{"index":40,"word":"can","originalText":"can","characterOffsetBegin":239,"characterOffsetEnd":242,"pos":"MD","before":" ","after":" "},{"index":41,"word":"I","originalText":"I","characterOffsetBegin":243,"characterOffsetEnd":244,"pos":"PRP","before":" ","after":" "},{"index":42,"word":"use","originalText":"use","characterOffsetBegin":245,"characterOffsetEnd":248,"pos":"VB","before":" ","after":" "},{"index":43,"word":"xv","originalText":"xv","characterOffsetBegin":249,"characterOffsetEnd":251,"pos":"NN","before":" ","after":" "},{"index":44,"word":"to","originalText":"to","characterOffsetBegin":252,"characterOffsetEnd":254,"pos":"TO","before":" ","after":" "},{"index":45,"word":"display","originalText":"display","characterOffsetBegin":255,"characterOffsetEnd":262,"pos":"VB","before":" ","after":" "},{"index":46,"word":"colored","originalText":"colored","characterOffsetBegin":263,"characterOffsetEnd":270,"pos":"VBN","before":" ","after":" "},{"index":47,"word":"GIFs","originalText":"GIFs","characterOffsetBegin":271,"characterOffsetEnd":275,"pos":"NNS","before":" ","after":" "},{"index":48,"word":"on","originalText":"on","characterOffsetBegin":276,"characterOffsetEnd":278,"pos":"IN","before":" ","after":" "},{"index":49,"word":"myJan","originalText":"myJan","characterOffsetBegin":279,"characterOffsetEnd":284,"pos":"JJ","before":" ","after":""},{"index":50,"word":">","originalText":">","characterOffsetBegin":284,"characterOffsetEnd":285,"pos":"JJR","before":"","after":" "},{"index":51,"word":"root","originalText":"root","characterOffsetBegin":286,"characterOffsetEnd":290,"pos":"NN","before":" ","after":" "},{"index":52,"word":"display","originalText":"display","characterOffsetBegin":291,"characterOffsetEnd":298,"pos":"NN","before":" ","after":" "},{"index":53,"word":"with","originalText":"with","characterOffsetBegin":299,"characterOffsetEnd":303,"pos":"IN","before":" ","after":" "},{"index":54,"word":"HP","originalText":"HP","characterOffsetBegin":304,"characterOffsetEnd":306,"pos":"NNP","before":" ","after":" "},{"index":55,"word":"Vue?Jan","originalText":"Vue?Jan","characterOffsetBegin":307,"characterOffsetEnd":314,"pos":"NNP","before":" ","after":""},{"index":56,"word":">","originalText":">","characterOffsetBegin":314,"characterOffsetEnd":315,"pos":"JJR","before":"","after":" "},{"index":57,"word":"All","originalText":"All","characterOffsetBegin":316,"characterOffsetEnd":319,"pos":"DT","before":" ","after":" "},{"index":58,"word":"I","originalText":"I","characterOffsetBegin":320,"characterOffsetEnd":321,"pos":"PRP","before":" ","after":" "},{"index":59,"word":"can","originalText":"can","characterOffsetBegin":322,"characterOffsetEnd":325,"pos":"MD","before":" ","after":" "},{"index":60,"word":"do","originalText":"do","characterOffsetBegin":326,"characterOffsetEnd":328,"pos":"VB","before":" ","after":" "},{"index":61,"word":"with","originalText":"with","characterOffsetBegin":329,"characterOffsetEnd":333,"pos":"IN","before":" ","after":" "},{"index":62,"word":"Vue","originalText":"Vue","characterOffsetBegin":334,"characterOffsetEnd":337,"pos":"NNP","before":" ","after":" "},{"index":63,"word":"is","originalText":"is","characterOffsetBegin":338,"characterOffsetEnd":340,"pos":"VBZ","before":" ","after":" "},{"index":64,"word":"display","originalText":"display","characterOffsetBegin":341,"characterOffsetEnd":348,"pos":"NN","before":" ","after":" "},{"index":65,"word":"xbm","originalText":"xbm","characterOffsetBegin":349,"characterOffsetEnd":352,"pos":"NN","before":" ","after":""},{"index":66,"word":"'s","originalText":"'s","characterOffsetBegin":352,"characterOffsetEnd":354,"pos":"POS","before":"","after":" "},{"index":67,"word":"through","originalText":"through","characterOffsetBegin":355,"characterOffsetEnd":362,"pos":"IN","before":" ","after":" "},{"index":68,"word":"theirJan","originalText":"theirJan","characterOffsetBegin":363,"characterOffsetEnd":371,"pos":"NN","before":" ","after":""},{"index":69,"word":">","originalText":">","characterOffsetBegin":371,"characterOffsetEnd":372,"pos":"JJR","before":"","after":" "},{"index":70,"word":"Backdrop","originalText":"Backdrop","characterOffsetBegin":373,"characterOffsetEnd":381,"pos":"NN","before":" ","after":" "},{"index":71,"word":"Style","originalText":"Style","characterOffsetBegin":382,"characterOffsetEnd":387,"pos":"NN","before":" ","after":" "},{"index":72,"word":"Manager.Jan","originalText":"Manager.Jan","characterOffsetBegin":388,"characterOffsetEnd":399,"pos":"NN","before":" ","after":""},{"index":73,"word":">","originalText":">","characterOffsetBegin":399,"characterOffsetEnd":400,"pos":"JJR","before":"","after":" "},{"index":74,"word":"xv","originalText":"xv","characterOffsetBegin":401,"characterOffsetEnd":403,"pos":"NN","before":" ","after":" "},{"index":75,"word":"does","originalText":"does","characterOffsetBegin":404,"characterOffsetEnd":408,"pos":"VBZ","before":" ","after":" "},{"index":76,"word":"not","originalText":"not","characterOffsetBegin":409,"characterOffsetEnd":412,"pos":"RB","before":" ","after":" "},{"index":77,"word":"seem","originalText":"seem","characterOffsetBegin":413,"characterOffsetEnd":417,"pos":"VB","before":" ","after":" "},{"index":78,"word":"to","originalText":"to","characterOffsetBegin":418,"characterOffsetEnd":420,"pos":"TO","before":" ","after":" "},{"index":79,"word":"be","originalText":"be","characterOffsetBegin":421,"characterOffsetEnd":423,"pos":"VB","before":" ","after":" "},{"index":80,"word":"able","originalText":"able","characterOffsetBegin":424,"characterOffsetEnd":428,"pos":"JJ","before":" ","after":" "},{"index":81,"word":"to","originalText":"to","characterOffsetBegin":429,"characterOffsetEnd":431,"pos":"TO","before":" ","after":" "},{"index":82,"word":"override","originalText":"override","characterOffsetBegin":432,"characterOffsetEnd":440,"pos":"VB","before":" ","after":" "},{"index":83,"word":"whatever","originalText":"whatever","characterOffsetBegin":441,"characterOffsetEnd":449,"pos":"WDT","before":" ","after":" "},{"index":84,"word":"VueJan","originalText":"VueJan","characterOffsetBegin":450,"characterOffsetEnd":456,"pos":"NNP","before":" ","after":""},{"index":85,"word":">","originalText":">","characterOffsetBegin":456,"characterOffsetEnd":457,"pos":"JJR","before":"","after":" "},{"index":86,"word":"puts","originalText":"puts","characterOffsetBegin":458,"characterOffsetEnd":462,"pos":"VBZ","before":" ","after":" "},{"index":87,"word":"there.I","originalText":"there.I","characterOffsetBegin":463,"characterOffsetEnd":470,"pos":"NN","before":" ","after":" "},{"index":88,"word":"suspect","originalText":"suspect","characterOffsetBegin":471,"characterOffsetEnd":478,"pos":"VB","before":" ","after":" "},{"index":89,"word":"this","originalText":"this","characterOffsetBegin":479,"characterOffsetEnd":483,"pos":"DT","before":" ","after":" "},{"index":90,"word":"is","originalText":"is","characterOffsetBegin":484,"characterOffsetEnd":486,"pos":"VBZ","before":" ","after":" "},{"index":91,"word":"because","originalText":"because","characterOffsetBegin":487,"characterOffsetEnd":494,"pos":"IN","before":" ","after":" "},{"index":92,"word":"VUE","originalText":"VUE","characterOffsetBegin":495,"characterOffsetEnd":498,"pos":"NNP","before":" ","after":" "},{"index":93,"word":"creates","originalText":"creates","characterOffsetBegin":499,"characterOffsetEnd":506,"pos":"VBZ","before":" ","after":" "},{"index":94,"word":"a","originalText":"a","characterOffsetBegin":507,"characterOffsetEnd":508,"pos":"DT","before":" ","after":" "},{"index":95,"word":"window","originalText":"window","characterOffsetBegin":509,"characterOffsetEnd":515,"pos":"NN","before":" ","after":" "},{"index":96,"word":"-LRB-","originalText":"(","characterOffsetBegin":516,"characterOffsetEnd":517,"pos":"-LRB-","before":" ","after":""},{"index":97,"word":"probably","originalText":"probably","characterOffsetBegin":517,"characterOffsetEnd":525,"pos":"RB","before":"","after":" "},{"index":98,"word":"OverrideRedirect","originalText":"OverrideRedirect","characterOffsetBegin":526,"characterOffsetEnd":542,"pos":"NNP","before":" ","after":""},{"index":99,"word":"-RRB-","originalText":")","characterOffsetBegin":542,"characterOffsetEnd":543,"pos":"-RRB-","before":"","after":""},{"index":100,"word":"that","originalText":"that","characterOffsetBegin":543,"characterOffsetEnd":547,"pos":"WDT","before":"","after":" "},{"index":101,"word":"is","originalText":"is","characterOffsetBegin":548,"characterOffsetEnd":550,"pos":"VBZ","before":" ","after":" "},{"index":102,"word":"the","originalText":"the","characterOffsetBegin":551,"characterOffsetEnd":554,"pos":"DT","before":" ","after":" "},{"index":103,"word":"size","originalText":"size","characterOffsetBegin":555,"characterOffsetEnd":559,"pos":"NN","before":" ","after":" "},{"index":104,"word":"of","originalText":"of","characterOffsetBegin":560,"characterOffsetEnd":562,"pos":"IN","before":" ","after":" "},{"index":105,"word":"-LRB-","originalText":"(","characterOffsetBegin":563,"characterOffsetEnd":564,"pos":"-LRB-","before":" ","after":""},{"index":106,"word":"or","originalText":"or","characterOffsetBegin":564,"characterOffsetEnd":566,"pos":"CC","before":"","after":" "},{"index":107,"word":"larger","originalText":"larger","characterOffsetBegin":567,"characterOffsetEnd":573,"pos":"JJR","before":" ","after":" "},{"index":108,"word":"than","originalText":"than","characterOffsetBegin":574,"characterOffsetEnd":578,"pos":"IN","before":" ","after":""},{"index":109,"word":"-RRB-","originalText":")","characterOffsetBegin":578,"characterOffsetEnd":579,"pos":"-RRB-","before":"","after":" "},{"index":110,"word":"the","originalText":"the","characterOffsetBegin":580,"characterOffsetEnd":583,"pos":"DT","before":" ","after":" "},{"index":111,"word":"Root","originalText":"Root","characterOffsetBegin":584,"characterOffsetEnd":588,"pos":"NN","before":" ","after":" "},{"index":112,"word":"Window","originalText":"Window","characterOffsetBegin":589,"characterOffsetEnd":595,"pos":"NN","before":" ","after":""},{"index":113,"word":".","originalText":".","characterOffsetBegin":595,"characterOffsetEnd":596,"pos":".","before":"","after":" "}]},{"index":2,"tokens":[{"index":1,"word":"Because","originalText":"Because","characterOffsetBegin":597,"characterOffsetEnd":604,"pos":"IN","before":" ","after":" "},{"index":2,"word":"the","originalText":"the","characterOffsetBegin":605,"characterOffsetEnd":608,"pos":"DT","before":" ","after":" "},{"index":3,"word":"windowmanager","originalText":"windowmanager","characterOffsetBegin":609,"characterOffsetEnd":622,"pos":"NN","before":" ","after":" "},{"index":4,"word":"does","originalText":"does","characterOffsetBegin":623,"characterOffsetEnd":627,"pos":"VBZ","before":" ","after":" "},{"index":5,"word":"not","originalText":"not","characterOffsetBegin":628,"characterOffsetEnd":631,"pos":"RB","before":" ","after":" "},{"index":6,"word":"know","originalText":"know","characterOffsetBegin":632,"characterOffsetEnd":636,"pos":"VB","before":" ","after":" "},{"index":7,"word":"about","originalText":"about","characterOffsetBegin":637,"characterOffsetEnd":642,"pos":"IN","before":" ","after":" "},{"index":8,"word":"this","originalText":"this","characterOffsetBegin":643,"characterOffsetEnd":647,"pos":"DT","before":" ","after":""},{"index":9,"word":",","originalText":",","characterOffsetBegin":647,"characterOffsetEnd":648,"pos":",","before":"","after":" "},{"index":10,"word":"you","originalText":"you","characterOffsetBegin":649,"characterOffsetEnd":652,"pos":"PRP","before":" ","after":" "},{"index":11,"word":"can","originalText":"can","characterOffsetBegin":653,"characterOffsetEnd":656,"pos":"MD","before":" ","after":""},{"index":12,"word":"not","originalText":"not","characterOffsetBegin":656,"characterOffsetEnd":659,"pos":"RB","before":"","after":" "},{"index":13,"word":"move","originalText":"move","characterOffsetBegin":660,"characterOffsetEnd":664,"pos":"VB","before":" ","after":""},{"index":14,"word":",","originalText":",","characterOffsetBegin":664,"characterOffsetEnd":665,"pos":",","before":"","after":" "},{"index":15,"word":"resize","originalText":"resize","characterOffsetBegin":666,"characterOffsetEnd":672,"pos":"VB","before":" ","after":" "},{"index":16,"word":"etc.","originalText":"etc.","characterOffsetBegin":673,"characterOffsetEnd":677,"pos":"FW","before":" ","after":" "},{"index":17,"word":"it","originalText":"it","characterOffsetBegin":678,"characterOffsetEnd":680,"pos":"PRP","before":" ","after":""},{"index":18,"word":".","originalText":".","characterOffsetBegin":680,"characterOffsetEnd":681,"pos":".","before":"","after":" "}]},{"index":3,"tokens":[{"index":1,"word":"xv","originalText":"xv","characterOffsetBegin":682,"characterOffsetEnd":684,"pos":"NN","before":" ","after":" "},{"index":2,"word":"in","originalText":"in","characterOffsetBegin":685,"characterOffsetEnd":687,"pos":"IN","before":" ","after":" "},{"index":3,"word":"themean","originalText":"themean","characterOffsetBegin":688,"characterOffsetEnd":695,"pos":"JJ","before":" ","after":" "},{"index":4,"word":"time","originalText":"time","characterOffsetBegin":696,"characterOffsetEnd":700,"pos":"NN","before":" ","after":" "},{"index":5,"word":"is","originalText":"is","characterOffsetBegin":701,"characterOffsetEnd":703,"pos":"VBZ","before":" ","after":" "},{"index":6,"word":"busy","originalText":"busy","characterOffsetBegin":704,"characterOffsetEnd":708,"pos":"JJ","before":" ","after":" "},{"index":7,"word":"changing","originalText":"changing","characterOffsetBegin":709,"characterOffsetEnd":717,"pos":"VBG","before":" ","after":" "},{"index":8,"word":"your","originalText":"your","characterOffsetBegin":718,"characterOffsetEnd":722,"pos":"PRP$","before":" ","after":" "},{"index":9,"word":"root","originalText":"root","characterOffsetBegin":723,"characterOffsetEnd":727,"pos":"NN","before":" ","after":" "},{"index":10,"word":"window","originalText":"window","characterOffsetBegin":728,"characterOffsetEnd":734,"pos":"NN","before":" ","after":" "},{"index":11,"word":"to","originalText":"to","characterOffsetBegin":735,"characterOffsetEnd":737,"pos":"TO","before":" ","after":" "},{"index":12,"word":"whatever","originalText":"whatever","characterOffsetBegin":738,"characterOffsetEnd":746,"pos":"WDT","before":" ","after":" "},{"index":13,"word":"you","originalText":"you","characterOffsetBegin":747,"characterOffsetEnd":750,"pos":"PRP","before":" ","after":" "},{"index":14,"word":"have","originalText":"have","characterOffsetBegin":751,"characterOffsetEnd":755,"pos":"VBP","before":" ","after":" "},{"index":15,"word":"requestedbut","originalText":"requestedbut","characterOffsetBegin":756,"characterOffsetEnd":768,"pos":"VBN","before":" ","after":" "},{"index":16,"word":"you","originalText":"you","characterOffsetBegin":769,"characterOffsetEnd":772,"pos":"PRP","before":" ","after":" "},{"index":17,"word":"never","originalText":"never","characterOffsetBegin":773,"characterOffsetEnd":778,"pos":"RB","before":" ","after":" "},{"index":18,"word":"get","originalText":"get","characterOffsetBegin":779,"characterOffsetEnd":782,"pos":"VBP","before":" ","after":" "},{"index":19,"word":"to","originalText":"to","characterOffsetBegin":783,"characterOffsetEnd":785,"pos":"TO","before":" ","after":" "},{"index":20,"word":"see","originalText":"see","characterOffsetBegin":786,"characterOffsetEnd":789,"pos":"VB","before":" ","after":" "},{"index":21,"word":"it","originalText":"it","characterOffsetBegin":790,"characterOffsetEnd":792,"pos":"PRP","before":" ","after":" "},{"index":22,"word":"because","originalText":"because","characterOffsetBegin":793,"characterOffsetEnd":800,"pos":"IN","before":" ","after":" "},{"index":23,"word":"VUE","originalText":"VUE","characterOffsetBegin":801,"characterOffsetEnd":804,"pos":"NNP","before":" ","after":""},{"index":24,"word":"'s","originalText":"'s","characterOffsetBegin":804,"characterOffsetEnd":806,"pos":"POS","before":"","after":" "},{"index":25,"word":"window","originalText":"window","characterOffsetBegin":807,"characterOffsetEnd":813,"pos":"NN","before":" ","after":" "},{"index":26,"word":"is","originalText":"is","characterOffsetBegin":814,"characterOffsetEnd":816,"pos":"VBZ","before":" ","after":" "},{"index":27,"word":"overlaid","originalText":"overlaid","characterOffsetBegin":817,"characterOffsetEnd":825,"pos":"VBN","before":" ","after":" "},{"index":28,"word":"on","originalText":"on","characterOffsetBegin":826,"characterOffsetEnd":828,"pos":"IN","before":" ","after":" "},{"index":29,"word":"top","originalText":"top","characterOffsetBegin":829,"characterOffsetEnd":832,"pos":"NN","before":" ","after":" "},{"index":30,"word":"of","originalText":"of","characterOffsetBegin":833,"characterOffsetEnd":835,"pos":"IN","before":" ","after":" "},{"index":31,"word":"the","originalText":"the","characterOffsetBegin":836,"characterOffsetEnd":839,"pos":"DT","before":" ","after":" "},{"index":32,"word":"rootwindow","originalText":"rootwindow","characterOffsetBegin":840,"characterOffsetEnd":850,"pos":"NN","before":" ","after":""},{"index":33,"word":".","originalText":".","characterOffsetBegin":850,"characterOffsetEnd":851,"pos":".","before":"","after":" "}]},{"index":4,"tokens":[{"index":1,"word":"Contact","originalText":"Contact","characterOffsetBegin":852,"characterOffsetEnd":859,"pos":"NN","before":" ","after":" "},{"index":2,"word":"HP","originalText":"HP","characterOffsetBegin":860,"characterOffsetEnd":862,"pos":"NNP","before":" ","after":" "},{"index":3,"word":"support","originalText":"support","characterOffsetBegin":863,"characterOffsetEnd":870,"pos":"NN","before":" ","after":" "},{"index":4,"word":"and","originalText":"and","characterOffsetBegin":871,"characterOffsetEnd":874,"pos":"CC","before":" ","after":" "},{"index":5,"word":"see","originalText":"see","characterOffsetBegin":875,"characterOffsetEnd":878,"pos":"VB","before":" ","after":" "},{"index":6,"word":"whether","originalText":"whether","characterOffsetBegin":879,"characterOffsetEnd":886,"pos":"IN","before":" ","after":" "},{"index":7,"word":"VUE","originalText":"VUE","characterOffsetBegin":887,"characterOffsetEnd":890,"pos":"NNP","before":" ","after":" "},{"index":8,"word":"can","originalText":"can","characterOffsetBegin":891,"characterOffsetEnd":894,"pos":"MD","before":" ","after":" "},{"index":9,"word":"support","originalText":"support","characterOffsetBegin":895,"characterOffsetEnd":902,"pos":"VB","before":" ","after":" "},{"index":10,"word":"coloured","originalText":"coloured","characterOffsetBegin":903,"characterOffsetEnd":911,"pos":"JJ","before":" ","after":" "},{"index":11,"word":"bitmap","originalText":"bitmap","characterOffsetBegin":912,"characterOffsetEnd":918,"pos":"NN","before":" ","after":" "},{"index":12,"word":"formatsuch","originalText":"formatsuch","characterOffsetBegin":919,"characterOffsetEnd":929,"pos":"NN","before":" ","after":" "},{"index":13,"word":"as","originalText":"as","characterOffsetBegin":930,"characterOffsetEnd":932,"pos":"IN","before":" ","after":" "},{"index":14,"word":"xpm","originalText":"xpm","characterOffsetBegin":933,"characterOffsetEnd":936,"pos":"NN","before":" ","after":""},{"index":15,"word":",","originalText":",","characterOffsetBegin":936,"characterOffsetEnd":937,"pos":",","before":"","after":" "},{"index":16,"word":"if","originalText":"if","characterOffsetBegin":938,"characterOffsetEnd":940,"pos":"IN","before":" ","after":" "},{"index":17,"word":"they","originalText":"they","characterOffsetBegin":941,"characterOffsetEnd":945,"pos":"PRP","before":" ","after":" "},{"index":18,"word":"cant","originalText":"cant","characterOffsetBegin":946,"characterOffsetEnd":950,"pos":"VBP","before":" ","after":" "},{"index":19,"word":"then","originalText":"then","characterOffsetBegin":951,"characterOffsetEnd":955,"pos":"RB","before":" ","after":" "},{"index":20,"word":"they","originalText":"they","characterOffsetBegin":956,"characterOffsetEnd":960,"pos":"PRP","before":" ","after":" "},{"index":21,"word":"probably","originalText":"probably","characterOffsetBegin":961,"characterOffsetEnd":969,"pos":"RB","before":" ","after":" "},{"index":22,"word":"create","originalText":"create","characterOffsetBegin":970,"characterOffsetEnd":976,"pos":"VBP","before":" ","after":" "},{"index":23,"word":"all","originalText":"all","characterOffsetBegin":977,"characterOffsetEnd":980,"pos":"DT","before":" ","after":" "},{"index":24,"word":"their","originalText":"their","characterOffsetBegin":981,"characterOffsetEnd":986,"pos":"PRP$","before":" ","after":" "},{"index":25,"word":"colouredbackdrops","originalText":"colouredbackdrops","characterOffsetBegin":987,"characterOffsetEnd":1004,"pos":"NNS","before":" ","after":" "},{"index":26,"word":"inside","originalText":"inside","characterOffsetBegin":1005,"characterOffsetEnd":1011,"pos":"IN","before":" ","after":" "},{"index":27,"word":"the","originalText":"the","characterOffsetBegin":1012,"characterOffsetEnd":1015,"pos":"DT","before":" ","after":" "},{"index":28,"word":"code","originalText":"code","characterOffsetBegin":1016,"characterOffsetEnd":1020,"pos":"NN","before":" ","after":""},{"index":29,"word":".","originalText":".","characterOffsetBegin":1020,"characterOffsetEnd":1021,"pos":".","before":"","after":""}]},{"index":5,"tokens":[{"index":1,"word":"--","originalText":"---","characterOffsetBegin":1021,"characterOffsetEnd":1024,"pos":":","before":"","after":""},{"index":2,"word":"Guy","originalText":"Guy","characterOffsetBegin":1024,"characterOffsetEnd":1027,"pos":"NNP","before":"","after":" "},{"index":3,"word":"Singh","originalText":"Singh","characterOffsetBegin":1028,"characterOffsetEnd":1033,"pos":"NNP","before":" ","after":""},{"index":4,"word":",","originalText":",","characterOffsetBegin":1033,"characterOffsetEnd":1034,"pos":",","before":"","after":"                 "},{"index":5,"word":"IXI","originalText":"IXI","characterOffsetBegin":1051,"characterOffsetEnd":1054,"pos":"NNP","before":"                 ","after":"            "},{"index":6,"word":"Internet","originalText":"Internet","characterOffsetBegin":1066,"characterOffsetEnd":1074,"pos":"NNP","before":"            ","after":""},{"index":7,"word":":","originalText":":","characterOffsetBegin":1074,"characterOffsetEnd":1075,"pos":":","before":"","after":" "},{"index":8,"word":"guy@x.co.uk","originalText":"guy@x.co.uk","characterOffsetBegin":1076,"characterOffsetEnd":1087,"pos":"NN","before":" ","after":"                            "},{"index":9,"word":"Vision","originalText":"Vision","characterOffsetBegin":1115,"characterOffsetEnd":1121,"pos":"NNP","before":"                            ","after":" "},{"index":10,"word":"Park","originalText":"Park","characterOffsetBegin":1122,"characterOffsetEnd":1126,"pos":"NNP","before":" ","after":"    "},{"index":11,"word":"UUCP","originalText":"UUCP","characterOffsetBegin":1130,"characterOffsetEnd":1134,"pos":"NNP","before":"    ","after":""},{"index":12,"word":":","originalText":":","characterOffsetBegin":1134,"characterOffsetEnd":1135,"pos":":","before":"","after":"     "},{"index":13,"word":"guy@ixi.uucp","originalText":"guy@ixi.uucp","characterOffsetBegin":1140,"characterOffsetEnd":1152,"pos":"NN","before":"     ","after":"                            "},{"index":14,"word":"Cambridge","originalText":"Cambridge","characterOffsetBegin":1180,"characterOffsetEnd":1189,"pos":"NNP","before":"                            ","after":"      "},{"index":15,"word":"Bang","originalText":"Bang","characterOffsetBegin":1195,"characterOffsetEnd":1199,"pos":"NNP","before":"      ","after":""},{"index":16,"word":":","originalText":":","characterOffsetBegin":1199,"characterOffsetEnd":1200,"pos":":","before":"","after":"     "},{"index":17,"word":"...","originalText":"...","characterOffsetBegin":1205,"characterOffsetEnd":1208,"pos":":","before":"     ","after":""},{"index":18,"word":"!","originalText":"!","characterOffsetBegin":1208,"characterOffsetEnd":1209,"pos":".","before":"","after":""}]},{"index":6,"tokens":[{"index":1,"word":"uunet!ixi!guy","originalText":"uunet!ixi!guy","characterOffsetBegin":1209,"characterOffsetEnd":1222,"pos":"JJ","before":"","after":"                            "},{"index":2,"word":"CB4","originalText":"CB4","characterOffsetBegin":1250,"characterOffsetEnd":1253,"pos":"NN","before":"                            ","after":" "},{"index":3,"word":"4ZR","originalText":"4ZR","characterOffsetBegin":1254,"characterOffsetEnd":1257,"pos":"NN","before":" ","after":""},{"index":4,"word":",","originalText":",","characterOffsetBegin":1257,"characterOffsetEnd":1258,"pos":",","before":"","after":" "},{"index":5,"word":"UK","originalText":"UK","characterOffsetBegin":1259,"characterOffsetEnd":1261,"pos":"NNP","before":" ","after":"    "},{"index":6,"word":"Tel","originalText":"Tel","characterOffsetBegin":1265,"characterOffsetEnd":1268,"pos":"NNP","before":"    ","after":""},{"index":7,"word":":","originalText":":","characterOffsetBegin":1268,"characterOffsetEnd":1269,"pos":":","before":"","after":"      "},{"index":8,"word":"+44 223 236 555","originalText":"+44 223 236 555","characterOffsetBegin":1275,"characterOffsetEnd":1290,"pos":"CD","before":"      ","after":""}]}]}