{"sentences":[{"index":0,"tokens":[{"index":1,"word":"From","originalText":"From","characterOffsetBegin":0,"characterOffsetEnd":4,"pos":"IN","before":"","after":""},{"index":2,"word":":","originalText":":","characterOffsetBegin":4,"characterOffsetEnd":5,"pos":":","before":"","after":" "},{"index":3,"word":"mmc@cs.rit.edu","originalText":"mmc@cs.rit.edu","characterOffsetBegin":6,"characterOffsetEnd":20,"pos":"NN","before":" ","after":" "},{"index":4,"word":"-LRB-","originalText":"(","characterOffsetBegin":21,"characterOffsetEnd":22,"pos":"-LRB-","before":" ","after":""},{"index":5,"word":"Mahendra","originalText":"Mahendra","characterOffsetBegin":22,"characterOffsetEnd":30,"pos":"NN","before":"","after":" "},{"index":6,"word":"M","originalText":"M","characterOffsetBegin":31,"characterOffsetEnd":32,"pos":"NN","before":" ","after":" "},{"index":7,"word":"Chheda","originalText":"Chheda","characterOffsetBegin":33,"characterOffsetEnd":39,"pos":"NN","before":" ","after":""},{"index":8,"word":"-RRB-","originalText":")","characterOffsetBegin":39,"characterOffsetEnd":40,"pos":"-RRB-","before":"","after":""},{"index":9,"word":"Subject","originalText":"Subject","characterOffsetBegin":40,"characterOffsetEnd":47,"pos":"NN","before":"","after":""},{"index":10,"word":":","originalText":":","characterOffsetBegin":47,"characterOffsetEnd":48,"pos":":","before":"","after":" "},{"index":11,"word":"How","originalText":"How","characterOffsetBegin":49,"characterOffsetEnd":52,"pos":"WRB","before":" ","after":" "},{"index":12,"word":"can","originalText":"can","characterOffsetBegin":53,"characterOffsetEnd":56,"pos":"MD","before":" ","after":" "},{"index":13,"word":"I","originalText":"I","characterOffsetBegin":57,"characterOffsetEnd":58,"pos":"PRP","before":" ","after":" "},{"index":14,"word":"rotate","originalText":"rotate","characterOffsetBegin":59,"characterOffsetEnd":65,"pos":"VB","before":" ","after":" "},{"index":15,"word":"text","originalText":"text","characterOffsetBegin":66,"characterOffsetEnd":70,"pos":"NN","before":" ","after":" "},{"index":16,"word":"?","originalText":"?","characterOffsetBegin":71,"characterOffsetEnd":72,"pos":".","before":" ","after":""}]},{"index":1,"tokens":[{"index":1,"word":"Hi","originalText":"Hi","characterOffsetBegin":72,"characterOffsetEnd":74,"pos":"NN","before":"","after":""},{"index":2,"word":",","originalText":",","characterOffsetBegin":74,"characterOffsetEnd":75,"pos":",","before":"","after":""},{"index":3,"word":"I","originalText":"I","characterOffsetBegin":75,"characterOffsetEnd":76,"pos":"PRP","before":"","after":" "},{"index":4,"word":"am","originalText":"am","characterOffsetBegin":77,"characterOffsetEnd":79,"pos":"VBP","before":" ","after":" "},{"index":5,"word":"programming","originalText":"programming","characterOffsetBegin":80,"characterOffsetEnd":91,"pos":"NN","before":" ","after":" "},{"index":6,"word":"in","originalText":"in","characterOffsetBegin":92,"characterOffsetEnd":94,"pos":"IN","before":" ","after":" "},{"index":7,"word":"XView","originalText":"XView","characterOffsetBegin":95,"characterOffsetEnd":100,"pos":"NNP","before":" ","after":""},{"index":8,"word":",","originalText":",","characterOffsetBegin":100,"characterOffsetEnd":101,"pos":",","before":"","after":" "},{"index":9,"word":"SunOS","originalText":"SunOS","characterOffsetBegin":102,"characterOffsetEnd":107,"pos":"NNP","before":" ","after":" "},{"index":10,"word":"4.1.2","originalText":"4.1.2","characterOffsetBegin":108,"characterOffsetEnd":113,"pos":"CD","before":" ","after":" "},{"index":11,"word":"&","originalText":"&","characterOffsetBegin":114,"characterOffsetEnd":115,"pos":"CC","before":" ","after":" "},{"index":12,"word":"OpenWindows","originalText":"OpenWindows","characterOffsetBegin":116,"characterOffsetEnd":127,"pos":"NNP","before":" ","after":" "},{"index":13,"word":"3.0","originalText":"3.0","characterOffsetBegin":128,"characterOffsetEnd":131,"pos":"CD","before":" ","after":""},{"index":14,"word":".","originalText":".","characterOffsetBegin":131,"characterOffsetEnd":132,"pos":".","before":"","after":" "}]},{"index":2,"tokens":[{"index":1,"word":"I","originalText":"I","characterOffsetBegin":133,"characterOffsetEnd":134,"pos":"PRP","before":" ","after":" "},{"index":2,"word":"would","originalText":"would","characterOffsetBegin":135,"characterOffsetEnd":140,"pos":"MD","before":" ","after":" "},{"index":3,"word":"liketo","originalText":"liketo","characterOffsetBegin":141,"characterOffsetEnd":147,"pos":"VB","before":" ","after":" "},{"index":4,"word":"rotate","originalText":"rotate","characterOffsetBegin":148,"characterOffsetEnd":154,"pos":"VB","before":" ","after":" "},{"index":5,"word":"some","originalText":"some","characterOffsetBegin":155,"characterOffsetEnd":159,"pos":"DT","before":" ","after":" "},{"index":6,"word":"text","originalText":"text","characterOffsetBegin":160,"characterOffsetEnd":164,"pos":"NN","before":" ","after":" "},{"index":7,"word":"and","originalText":"and","characterOffsetBegin":165,"characterOffsetEnd":168,"pos":"CC","before":" ","after":" "},{"index":8,"word":"display","originalText":"display","characterOffsetBegin":169,"characterOffsetEnd":176,"pos":"VBP","before":" ","after":" "},{"index":9,"word":"it","originalText":"it","characterOffsetBegin":177,"characterOffsetEnd":179,"pos":"PRP","before":" ","after":""},{"index":10,"word":".","originalText":".","characterOffsetBegin":179,"characterOffsetEnd":180,"pos":".","before":"","after":" "}]},{"index":3,"tokens":[{"index":1,"word":"I","originalText":"I","characterOffsetBegin":181,"characterOffsetEnd":182,"pos":"PRP","before":" ","after":" "},{"index":2,"word":"did","originalText":"did","characterOffsetBegin":183,"characterOffsetEnd":186,"pos":"VBD","before":" ","after":" "},{"index":3,"word":"read","originalText":"read","characterOffsetBegin":187,"characterOffsetEnd":191,"pos":"VB","before":" ","after":" "},{"index":4,"word":"the","originalText":"the","characterOffsetBegin":192,"characterOffsetEnd":195,"pos":"DT","before":" ","after":" "},{"index":5,"word":"FAQ","originalText":"FAQ","characterOffsetBegin":196,"characterOffsetEnd":199,"pos":"NN","before":" ","after":" "},{"index":6,"word":"in","originalText":"in","characterOffsetBegin":200,"characterOffsetEnd":202,"pos":"IN","before":" ","after":" "},{"index":7,"word":"comp.windows.xbut","originalText":"comp.windows.xbut","characterOffsetBegin":203,"characterOffsetEnd":220,"pos":"NN","before":" ","after":" "},{"index":8,"word":"am","originalText":"am","characterOffsetBegin":221,"characterOffsetEnd":223,"pos":"VBP","before":" ","after":" "},{"index":9,"word":"not","originalText":"not","characterOffsetBegin":224,"characterOffsetEnd":227,"pos":"RB","before":" ","after":" "},{"index":10,"word":"sure","originalText":"sure","characterOffsetBegin":228,"characterOffsetEnd":232,"pos":"JJ","before":" ","after":" "},{"index":11,"word":"how","originalText":"how","characterOffsetBegin":233,"characterOffsetEnd":236,"pos":"WRB","before":" ","after":" "},{"index":12,"word":"do","originalText":"do","characterOffsetBegin":237,"characterOffsetEnd":239,"pos":"VBP","before":" ","after":" "},{"index":13,"word":"I","originalText":"I","characterOffsetBegin":240,"characterOffsetEnd":241,"pos":"PRP","before":" ","after":" "},{"index":14,"word":"translate","originalText":"translate","characterOffsetBegin":242,"characterOffsetEnd":251,"pos":"VB","before":" ","after":" "},{"index":15,"word":"it","originalText":"it","characterOffsetBegin":252,"characterOffsetEnd":254,"pos":"PRP","before":" ","after":" "},{"index":16,"word":"to","originalText":"to","characterOffsetBegin":255,"characterOffsetEnd":257,"pos":"TO","before":" ","after":" "},{"index":17,"word":"XView","originalText":"XView","characterOffsetBegin":258,"characterOffsetEnd":263,"pos":"NNP","before":" ","after":""},{"index":18,"word":".","originalText":".","characterOffsetBegin":263,"characterOffsetEnd":264,"pos":".","before":"","after":" "}]},{"index":4,"tokens":[{"index":1,"word":"I","originalText":"I","characterOffsetBegin":265,"characterOffsetEnd":266,"pos":"PRP","before":" ","after":" "},{"index":2,"word":"would","originalText":"would","characterOffsetBegin":267,"characterOffsetEnd":272,"pos":"MD","before":" ","after":" "},{"index":3,"word":"appreciate","originalText":"appreciate","characterOffsetBegin":273,"characterOffsetEnd":283,"pos":"VB","before":" ","after":" "},{"index":4,"word":"ifsomeone","originalText":"ifsomeone","characterOffsetBegin":284,"characterOffsetEnd":293,"pos":"NN","before":" ","after":" "},{"index":5,"word":"can","originalText":"can","characterOffsetBegin":294,"characterOffsetEnd":297,"pos":"MD","before":" ","after":" "},{"index":6,"word":"give","originalText":"give","characterOffsetBegin":298,"characterOffsetEnd":302,"pos":"VB","before":" ","after":" "},{"index":7,"word":"me","originalText":"me","characterOffsetBegin":303,"characterOffsetEnd":305,"pos":"PRP","before":" ","after":" "},{"index":8,"word":"tips","originalText":"tips","characterOffsetBegin":306,"characterOffsetEnd":310,"pos":"NNS","before":" ","after":" "},{"index":9,"word":"on","originalText":"on","characterOffsetBegin":311,"characterOffsetEnd":313,"pos":"IN","before":" ","after":" "},{"index":10,"word":"how","originalText":"how","characterOffsetBegin":314,"characterOffsetEnd":317,"pos":"WRB","before":" ","after":" "},{"index":11,"word":"to","originalText":"to","characterOffsetBegin":318,"characterOffsetEnd":320,"pos":"TO","before":" ","after":" "},{"index":12,"word":"do","originalText":"do","characterOffsetBegin":321,"characterOffsetEnd":323,"pos":"VB","before":" ","after":" "},{"index":13,"word":"it","originalText":"it","characterOffsetBegin":324,"characterOffsetEnd":326,"pos":"PRP","before":" ","after":""},{"index":14,"word":".","originalText":".","characterOffsetBegin":326,"characterOffsetEnd":327,"pos":".","before":"","after":" "}]},{"index":5,"tokens":[{"index":1,"word":"Thanx","originalText":"Thanx","characterOffsetBegin":328,"characterOffsetEnd":333,"pos":"NNP","before":" ","after":""},{"index":2,"word":".","originalText":".","characterOffsetBegin":333,"characterOffsetEnd":334,"pos":".","before":"","after":"\t"}]},{"index":6,"tokens":[{"index":1,"word":"-","originalText":"-","characterOffsetBegin":335,"characterOffsetEnd":336,"pos":":","before":"\t","after":" "},{"index":2,"word":"Mahendra.PS","originalText":"Mahendra.PS","characterOffsetBegin":337,"characterOffsetEnd":348,"pos":"NN","before":" ","after":" "},{"index":3,"word":":","originalText":":","characterOffsetBegin":349,"characterOffsetEnd":350,"pos":":","before":" ","after":" "},{"index":4,"word":"As","originalText":"As","characterOffsetBegin":351,"characterOffsetEnd":353,"pos":"IN","before":" ","after":" "},{"index":5,"word":"I","originalText":"I","characterOffsetBegin":354,"characterOffsetEnd":355,"pos":"PRP","before":" ","after":" "},{"index":6,"word":"am","originalText":"am","characterOffsetBegin":356,"characterOffsetEnd":358,"pos":"VBP","before":" ","after":" "},{"index":7,"word":"not","originalText":"not","characterOffsetBegin":359,"characterOffsetEnd":362,"pos":"RB","before":" ","after":" "},{"index":8,"word":"a","originalText":"a","characterOffsetBegin":363,"characterOffsetEnd":364,"pos":"DT","before":" ","after":" "},{"index":9,"word":"frequent","originalText":"frequent","characterOffsetBegin":365,"characterOffsetEnd":373,"pos":"JJ","before":" ","after":" "},{"index":10,"word":"news","originalText":"news","characterOffsetBegin":374,"characterOffsetEnd":378,"pos":"NN","before":" ","after":" "},{"index":11,"word":"group","originalText":"group","characterOffsetBegin":379,"characterOffsetEnd":384,"pos":"NN","before":" ","after":" "},{"index":12,"word":"reader","originalText":"reader","characterOffsetBegin":385,"characterOffsetEnd":391,"pos":"NN","before":" ","after":""},{"index":13,"word":",","originalText":",","characterOffsetBegin":391,"characterOffsetEnd":392,"pos":",","before":"","after":" "},{"index":14,"word":"I","originalText":"I","characterOffsetBegin":393,"characterOffsetEnd":394,"pos":"PRP","before":" ","after":" "},{"index":15,"word":"would","originalText":"would","characterOffsetBegin":395,"characterOffsetEnd":400,"pos":"MD","before":" ","after":" "},{"index":16,"word":"appreciate","originalText":"appreciate","characterOffsetBegin":401,"characterOffsetEnd":411,"pos":"VB","before":" ","after":" "},{"index":17,"word":"if","originalText":"if","characterOffsetBegin":412,"characterOffsetEnd":414,"pos":"IN","before":" ","after":"     "},{"index":18,"word":"answers/replies","originalText":"answers/replies","characterOffsetBegin":419,"characterOffsetEnd":434,"pos":"NNS","before":"     ","after":" "},{"index":19,"word":"would","originalText":"would","characterOffsetBegin":435,"characterOffsetEnd":440,"pos":"MD","before":" ","after":" "},{"index":20,"word":"be","originalText":"be","characterOffsetBegin":441,"characterOffsetEnd":443,"pos":"VB","before":" ","after":" "},{"index":21,"word":"mailed","originalText":"mailed","characterOffsetBegin":444,"characterOffsetEnd":450,"pos":"VBN","before":" ","after":" "},{"index":22,"word":"to","originalText":"to","characterOffsetBegin":451,"characterOffsetEnd":453,"pos":"TO","before":" ","after":" "},{"index":23,"word":"me","originalText":"me","characterOffsetBegin":454,"characterOffsetEnd":456,"pos":"PRP","before":" ","after":""},{"index":24,"word":".","originalText":".","characterOffsetBegin":456,"characterOffsetEnd":457,"pos":".","before":"","after":" "}]},{"index":7,"tokens":[{"index":1,"word":"I","originalText":"I","characterOffsetBegin":458,"characterOffsetEnd":459,"pos":"PRP","before":" ","after":" "},{"index":2,"word":"will","originalText":"will","characterOffsetBegin":460,"characterOffsetEnd":464,"pos":"MD","before":" ","after":" "},{"index":3,"word":"post","originalText":"post","characterOffsetBegin":465,"characterOffsetEnd":469,"pos":"VB","before":" ","after":" "},{"index":4,"word":"a","originalText":"a","characterOffsetBegin":470,"characterOffsetEnd":471,"pos":"DT","before":" ","after":" "},{"index":5,"word":"follow-up","originalText":"follow-up","characterOffsetBegin":472,"characterOffsetEnd":481,"pos":"NN","before":" ","after":""},{"index":6,"word":".","originalText":".","characterOffsetBegin":481,"characterOffsetEnd":482,"pos":".","before":"","after":""}]},{"index":8,"tokens":[{"index":1,"word":"--","originalText":"--","characterOffsetBegin":482,"characterOffsetEnd":484,"pos":":","before":"","after":" "},{"index":2,"word":"***************************************************************************","originalText":"***************************************************************************","characterOffsetBegin":485,"characterOffsetEnd":560,"pos":"CD","before":" ","after":"\t"},{"index":3,"word":"Mahendra","originalText":"Mahendra","characterOffsetBegin":561,"characterOffsetEnd":569,"pos":"NNP","before":"\t","after":" "},{"index":4,"word":"Chheda","originalText":"Chheda","characterOffsetBegin":570,"characterOffsetEnd":576,"pos":"NNP","before":" ","after":"\t\t\t"},{"index":5,"word":"#","originalText":"#","characterOffsetBegin":579,"characterOffsetEnd":580,"pos":"#","before":"\t\t\t","after":"\t"},{"index":6,"word":"mmc@cs.rit.edu","originalText":"mmc@cs.rit.edu","characterOffsetBegin":581,"characterOffsetEnd":595,"pos":"FW","before":"\t","after":"\t\t\t"},{"index":7,"word":"#","originalText":"#","characterOffsetBegin":598,"characterOffsetEnd":599,"pos":"#","before":"\t\t\t","after":"\t"},{"index":8,"word":"mmc7274@ritvax.isc.rit.edu","originalText":"mmc7274@ritvax.isc.rit.edu","characterOffsetBegin":600,"characterOffsetEnd":626,"pos":"FW","before":"\t","after":"\t"},{"index":9,"word":"#","originalText":"#","characterOffsetBegin":627,"characterOffsetEnd":628,"pos":"#","before":"\t","after":"\t\t\t\t\t"},{"index":10,"word":"#","originalText":"#","characterOffsetBegin":633,"characterOffsetEnd":634,"pos":"#","before":"\t\t\t\t\t","after":"\t"},{"index":11,"word":"Office","originalText":"Office","characterOffsetBegin":635,"characterOffsetEnd":641,"pos":"NNP","before":"\t","after":" "},{"index":12,"word":":","originalText":":","characterOffsetBegin":642,"characterOffsetEnd":643,"pos":":","before":" ","after":"\t\t\t"},{"index":13,"word":"#","originalText":"#","characterOffsetBegin":646,"characterOffsetEnd":647,"pos":"#","before":"\t\t\t","after":"\t"},{"index":14,"word":"Residence","originalText":"Residence","characterOffsetBegin":648,"characterOffsetEnd":657,"pos":"NNP","before":"\t","after":" "},{"index":15,"word":":","originalText":":","characterOffsetBegin":658,"characterOffsetEnd":659,"pos":":","before":" ","after":"\t"},{"index":16,"word":"Dept.","originalText":"Dept.","characterOffsetBegin":660,"characterOffsetEnd":665,"pos":"NNP","before":"\t","after":" "},{"index":17,"word":"of","originalText":"of","characterOffsetBegin":666,"characterOffsetEnd":668,"pos":"IN","before":" ","after":" "},{"index":18,"word":"Computer","originalText":"Computer","characterOffsetBegin":669,"characterOffsetEnd":677,"pos":"NNP","before":" ","after":" "},{"index":19,"word":"Science","originalText":"Science","characterOffsetBegin":678,"characterOffsetEnd":685,"pos":"NNP","before":" ","after":"\t"},{"index":20,"word":"#","originalText":"#","characterOffsetBegin":686,"characterOffsetEnd":687,"pos":"#","before":"\t","after":"\t"},{"index":21,"word":"440","originalText":"440","characterOffsetBegin":688,"characterOffsetEnd":691,"pos":"CD","before":"\t","after":" "},{"index":22,"word":"Kimball","originalText":"Kimball","characterOffsetBegin":692,"characterOffsetEnd":699,"pos":"NNP","before":" ","after":" "},{"index":23,"word":"Drive","originalText":"Drive","characterOffsetBegin":700,"characterOffsetEnd":705,"pos":"NNP","before":" ","after":"\t"},{"index":24,"word":"Rochester","originalText":"Rochester","characterOffsetBegin":706,"characterOffsetEnd":715,"pos":"NNP","before":"\t","after":" "},{"index":25,"word":"Institute","originalText":"Institute","characterOffsetBegin":716,"characterOffsetEnd":725,"pos":"NNP","before":" ","after":" "},{"index":26,"word":"of","originalText":"of","characterOffsetBegin":726,"characterOffsetEnd":728,"pos":"IN","before":" ","after":" "},{"index":27,"word":"Tech","originalText":"Tech","characterOffsetBegin":729,"characterOffsetEnd":733,"pos":"NNP","before":" ","after":""},{"index":28,"word":".","originalText":".","characterOffsetBegin":733,"characterOffsetEnd":734,"pos":".","before":"","after":"\t"}]},{"index":9,"tokens":[{"index":1,"word":"#","originalText":"#","characterOffsetBegin":735,"characterOffsetEnd":736,"pos":"#","before":"\t","after":"\t"},{"index":2,"word":"Rochester","originalText":"Rochester","characterOffsetBegin":737,"characterOffsetEnd":746,"pos":"NNP","before":"\t","after":""},{"index":3,"word":",","originalText":",","characterOffsetBegin":746,"characterOffsetEnd":747,"pos":",","before":"","after":" "},{"index":4,"word":"NY","originalText":"NY","characterOffsetBegin":748,"characterOffsetEnd":750,"pos":"NNP","before":" ","after":" "},{"index":5,"word":"14623","originalText":"14623","characterOffsetBegin":751,"characterOffsetEnd":756,"pos":"CD","before":" ","after":"\t"},{"index":6,"word":"Tel.","originalText":"Tel.","characterOffsetBegin":757,"characterOffsetEnd":761,"pos":"NNP","before":"\t","after":" "},{"index":7,"word":"716-475-2079","originalText":"716-475-2079","characterOffsetBegin":762,"characterOffsetEnd":774,"pos":"CD","before":" ","after":"\t\t"},{"index":8,"word":"#","originalText":"#","characterOffsetBegin":776,"characterOffsetEnd":777,"pos":"#","before":"\t\t","after":"\t"},{"index":9,"word":"Tel.","originalText":"Tel.","characterOffsetBegin":778,"characterOffsetEnd":782,"pos":"NNP","before":"\t","after":" "},{"index":10,"word":"716-292-5726","originalText":"716-292-5726","characterOffsetBegin":783,"characterOffsetEnd":795,"pos":"CD","before":" ","after":""},{"index":11,"word":"***************************************************************************","originalText":"***************************************************************************","characterOffsetBegin":795,"characterOffsetEnd":870,"pos":"CD","before":"","after":""}]}]}