{"sentences":[{"index":0,"tokens":[{"index":1,"word":"From","originalText":"From","characterOffsetBegin":0,"characterOffsetEnd":4,"pos":"IN","before":"","after":""},{"index":2,"word":":","originalText":":","characterOffsetBegin":4,"characterOffsetEnd":5,"pos":":","before":"","after":" "},{"index":3,"word":"glang@slee01.srl.ford.com","originalText":"glang@slee01.srl.ford.com","characterOffsetBegin":6,"characterOffsetEnd":31,"pos":"NN","before":" ","after":" "},{"index":4,"word":"-LRB-","originalText":"(","characterOffsetBegin":32,"characterOffsetEnd":33,"pos":"-LRB-","before":" ","after":""},{"index":5,"word":"Gordon","originalText":"Gordon","characterOffsetBegin":33,"characterOffsetEnd":39,"pos":"NNP","before":"","after":" "},{"index":6,"word":"Lang","originalText":"Lang","characterOffsetBegin":40,"characterOffsetEnd":44,"pos":"NNP","before":" ","after":""},{"index":7,"word":"-RRB-","originalText":")","characterOffsetBegin":44,"characterOffsetEnd":45,"pos":"-RRB-","before":"","after":""},{"index":8,"word":"Subject","originalText":"Subject","characterOffsetBegin":45,"characterOffsetEnd":52,"pos":"NNP","before":"","after":""},{"index":9,"word":":","originalText":":","characterOffsetBegin":52,"characterOffsetEnd":53,"pos":":","before":"","after":" "},{"index":10,"word":"Re","originalText":"Re","characterOffsetBegin":54,"characterOffsetEnd":56,"pos":"NNP","before":" ","after":""},{"index":11,"word":":","originalText":":","characterOffsetBegin":56,"characterOffsetEnd":57,"pos":":","before":"","after":" "},{"index":12,"word":"Honors","originalText":"Honors","characterOffsetBegin":58,"characterOffsetEnd":64,"pos":"NNP","before":" ","after":" "},{"index":13,"word":"Degrees","originalText":"Degrees","characterOffsetBegin":65,"characterOffsetEnd":72,"pos":"NNP","before":" ","after":""},{"index":14,"word":":","originalText":":","characterOffsetBegin":72,"characterOffsetEnd":73,"pos":":","before":"","after":" "},{"index":15,"word":"Do","originalText":"Do","characterOffsetBegin":74,"characterOffsetEnd":76,"pos":"VBP","before":" ","after":" "},{"index":16,"word":"they","originalText":"they","characterOffsetBegin":77,"characterOffsetEnd":81,"pos":"PRP","before":" ","after":" "},{"index":17,"word":"mean","originalText":"mean","characterOffsetBegin":82,"characterOffsetEnd":86,"pos":"VB","before":" ","after":" "},{"index":18,"word":"anything?Justin","originalText":"anything?Justin","characterOffsetBegin":87,"characterOffsetEnd":102,"pos":"NN","before":" ","after":" "},{"index":19,"word":"Kibell","originalText":"Kibell","characterOffsetBegin":103,"characterOffsetEnd":109,"pos":"NN","before":" ","after":" "},{"index":20,"word":"-LRB-","originalText":"(","characterOffsetBegin":110,"characterOffsetEnd":111,"pos":"-LRB-","before":" ","after":""},{"index":21,"word":"jck@catt.citri.edu.au","originalText":"jck@catt.citri.edu.au","characterOffsetBegin":111,"characterOffsetEnd":132,"pos":"NN","before":"","after":""},{"index":22,"word":"-RRB-","originalText":")","characterOffsetBegin":132,"characterOffsetEnd":133,"pos":"-RRB-","before":"","after":" "},{"index":23,"word":"wrote","originalText":"wrote","characterOffsetBegin":134,"characterOffsetEnd":139,"pos":"VBD","before":" ","after":""},{"index":24,"word":":","originalText":":","characterOffsetBegin":139,"characterOffsetEnd":140,"pos":":","before":"","after":""},{"index":25,"word":":","originalText":":","characterOffsetBegin":140,"characterOffsetEnd":141,"pos":":","before":"","after":" "},{"index":26,"word":"What","originalText":"What","characterOffsetBegin":142,"characterOffsetEnd":146,"pos":"WP","before":" ","after":" "},{"index":27,"word":"has","originalText":"has","characterOffsetBegin":147,"characterOffsetEnd":150,"pos":"VBZ","before":" ","after":" "},{"index":28,"word":"this","originalText":"this","characterOffsetBegin":151,"characterOffsetEnd":155,"pos":"DT","before":" ","after":" "},{"index":29,"word":"got","originalText":"got","characterOffsetBegin":156,"characterOffsetEnd":159,"pos":"VBD","before":" ","after":" "},{"index":30,"word":"to","originalText":"to","characterOffsetBegin":160,"characterOffsetEnd":162,"pos":"TO","before":" ","after":" "},{"index":31,"word":"do","originalText":"do","characterOffsetBegin":163,"characterOffsetEnd":165,"pos":"VB","before":" ","after":" "},{"index":32,"word":"with","originalText":"with","characterOffsetBegin":166,"characterOffsetEnd":170,"pos":"IN","before":" ","after":" "},{"index":33,"word":"comp.windows.x","originalText":"comp.windows.x","characterOffsetBegin":171,"characterOffsetEnd":185,"pos":"NN","before":" ","after":""},{"index":34,"word":"?","originalText":"?","characterOffsetBegin":185,"characterOffsetEnd":186,"pos":".","before":"","after":""}]},{"index":1,"tokens":[{"index":1,"word":":","originalText":":","characterOffsetBegin":186,"characterOffsetEnd":187,"pos":":","before":"","after":" "},{"index":2,"word":"I","originalText":"I","characterOffsetBegin":188,"characterOffsetEnd":189,"pos":"PRP","before":" ","after":" "},{"index":3,"word":"agree","originalText":"agree","characterOffsetBegin":190,"characterOffsetEnd":195,"pos":"VBP","before":" ","after":" "},{"index":4,"word":"that","originalText":"that","characterOffsetBegin":196,"characterOffsetEnd":200,"pos":"IN","before":" ","after":" "},{"index":5,"word":"this","originalText":"this","characterOffsetBegin":201,"characterOffsetEnd":205,"pos":"DT","before":" ","after":" "},{"index":6,"word":"is","originalText":"is","characterOffsetBegin":206,"characterOffsetEnd":208,"pos":"VBZ","before":" ","after":" "},{"index":7,"word":"a","originalText":"a","characterOffsetBegin":209,"characterOffsetEnd":210,"pos":"DT","before":" ","after":" "},{"index":8,"word":"side","originalText":"side","characterOffsetBegin":211,"characterOffsetEnd":215,"pos":"NN","before":" ","after":" "},{"index":9,"word":"track","originalText":"track","characterOffsetBegin":216,"characterOffsetEnd":221,"pos":"NN","before":" ","after":""},{"index":10,"word":",","originalText":",","characterOffsetBegin":221,"characterOffsetEnd":222,"pos":",","before":"","after":" "},{"index":11,"word":"but","originalText":"but","characterOffsetBegin":223,"characterOffsetEnd":226,"pos":"CC","before":" ","after":" "},{"index":12,"word":"it","originalText":"it","characterOffsetBegin":227,"characterOffsetEnd":229,"pos":"PRP","before":" ","after":" "},{"index":13,"word":"is","originalText":"is","characterOffsetBegin":230,"characterOffsetEnd":232,"pos":"VBZ","before":" ","after":" "},{"index":14,"word":"funny","originalText":"funny","characterOffsetBegin":233,"characterOffsetEnd":238,"pos":"JJ","before":" ","after":" "},{"index":15,"word":"that","originalText":"that","characterOffsetBegin":239,"characterOffsetEnd":243,"pos":"IN","before":" ","after":" "},{"index":16,"word":"I","originalText":"I","characterOffsetBegin":244,"characterOffsetEnd":245,"pos":"PRP","before":" ","after":" "},{"index":17,"word":"skip","originalText":"skip","characterOffsetBegin":246,"characterOffsetEnd":250,"pos":"VBP","before":" ","after":" "},{"index":18,"word":"so","originalText":"so","characterOffsetBegin":251,"characterOffsetEnd":253,"pos":"RB","before":" ","after":" "},{"index":19,"word":"manyother","originalText":"manyother","characterOffsetBegin":254,"characterOffsetEnd":263,"pos":"JJ","before":" ","after":" "},{"index":20,"word":"articles","originalText":"articles","characterOffsetBegin":264,"characterOffsetEnd":272,"pos":"NNS","before":" ","after":" "},{"index":21,"word":"-LRB-","originalText":"(","characterOffsetBegin":273,"characterOffsetEnd":274,"pos":"-LRB-","before":" ","after":""},{"index":22,"word":"threads","originalText":"threads","characterOffsetBegin":274,"characterOffsetEnd":281,"pos":"NNS","before":"","after":""},{"index":23,"word":"-RRB-","originalText":")","characterOffsetBegin":281,"characterOffsetEnd":282,"pos":"-RRB-","before":"","after":" "},{"index":24,"word":"but","originalText":"but","characterOffsetBegin":283,"characterOffsetEnd":286,"pos":"CC","before":" ","after":" "},{"index":25,"word":"I","originalText":"I","characterOffsetBegin":287,"characterOffsetEnd":288,"pos":"PRP","before":" ","after":" "},{"index":26,"word":"could","originalText":"could","characterOffsetBegin":289,"characterOffsetEnd":294,"pos":"MD","before":" ","after":""},{"index":27,"word":"n't","originalText":"n't","characterOffsetBegin":294,"characterOffsetEnd":297,"pos":"RB","before":"","after":" "},{"index":28,"word":"resist","originalText":"resist","characterOffsetBegin":298,"characterOffsetEnd":304,"pos":"VB","before":" ","after":" "},{"index":29,"word":"reading","originalText":"reading","characterOffsetBegin":305,"characterOffsetEnd":312,"pos":"VBG","before":" ","after":" "},{"index":30,"word":"this","originalText":"this","characterOffsetBegin":313,"characterOffsetEnd":317,"pos":"DT","before":" ","after":" "},{"index":31,"word":"one.My","originalText":"one.My","characterOffsetBegin":318,"characterOffsetEnd":324,"pos":"JJ","before":" ","after":" "},{"index":32,"word":"beliefs","originalText":"beliefs","characterOffsetBegin":325,"characterOffsetEnd":332,"pos":"NNS","before":" ","after":""},{"index":33,"word":",","originalText":",","characterOffsetBegin":332,"characterOffsetEnd":333,"pos":",","before":"","after":" "},{"index":34,"word":"opinions","originalText":"opinions","characterOffsetBegin":334,"characterOffsetEnd":342,"pos":"NNS","before":" ","after":""},{"index":35,"word":",","originalText":",","characterOffsetBegin":342,"characterOffsetEnd":343,"pos":",","before":"","after":" "},{"index":36,"word":"and","originalText":"and","characterOffsetBegin":344,"characterOffsetEnd":347,"pos":"CC","before":" ","after":" "},{"index":37,"word":"expressions","originalText":"expressions","characterOffsetBegin":348,"characterOffsetEnd":359,"pos":"NNS","before":" ","after":" "},{"index":38,"word":"are","originalText":"are","characterOffsetBegin":360,"characterOffsetEnd":363,"pos":"VBP","before":" ","after":" "},{"index":39,"word":"strictly","originalText":"strictly","characterOffsetBegin":364,"characterOffsetEnd":372,"pos":"RB","before":" ","after":" "},{"index":40,"word":"my","originalText":"my","characterOffsetBegin":373,"characterOffsetEnd":375,"pos":"PRP$","before":" ","after":" "},{"index":41,"word":"own","originalText":"own","characterOffsetBegin":376,"characterOffsetEnd":379,"pos":"JJ","before":" ","after":" "},{"index":42,"word":"and","originalText":"and","characterOffsetBegin":380,"characterOffsetEnd":383,"pos":"CC","before":" ","after":" "},{"index":43,"word":"do","originalText":"do","characterOffsetBegin":384,"characterOffsetEnd":386,"pos":"VBP","before":" ","after":" "},{"index":44,"word":"notrepresent","originalText":"notrepresent","characterOffsetBegin":387,"characterOffsetEnd":399,"pos":"JJ","before":" ","after":" "},{"index":45,"word":"or","originalText":"or","characterOffsetBegin":400,"characterOffsetEnd":402,"pos":"CC","before":" ","after":" "},{"index":46,"word":"reflect","originalText":"reflect","characterOffsetBegin":403,"characterOffsetEnd":410,"pos":"VB","before":" ","after":" "},{"index":47,"word":"any","originalText":"any","characterOffsetBegin":411,"characterOffsetEnd":414,"pos":"DT","before":" ","after":" "},{"index":48,"word":"official","originalText":"official","characterOffsetBegin":415,"characterOffsetEnd":423,"pos":"JJ","before":" ","after":" "},{"index":49,"word":"or","originalText":"or","characterOffsetBegin":424,"characterOffsetEnd":426,"pos":"CC","before":" ","after":" "},{"index":50,"word":"unofficial","originalText":"unofficial","characterOffsetBegin":427,"characterOffsetEnd":437,"pos":"JJ","before":" ","after":" "},{"index":51,"word":"policies","originalText":"policies","characterOffsetBegin":438,"characterOffsetEnd":446,"pos":"NNS","before":" ","after":" "},{"index":52,"word":"or","originalText":"or","characterOffsetBegin":447,"characterOffsetEnd":449,"pos":"CC","before":" ","after":" "},{"index":53,"word":"attitudesof","originalText":"attitudesof","characterOffsetBegin":450,"characterOffsetEnd":461,"pos":"NN","before":" ","after":" "},{"index":54,"word":"any","originalText":"any","characterOffsetBegin":462,"characterOffsetEnd":465,"pos":"DT","before":" ","after":" "},{"index":55,"word":"other","originalText":"other","characterOffsetBegin":466,"characterOffsetEnd":471,"pos":"JJ","before":" ","after":" "},{"index":56,"word":"person","originalText":"person","characterOffsetBegin":472,"characterOffsetEnd":478,"pos":"NN","before":" ","after":" "},{"index":57,"word":"or","originalText":"or","characterOffsetBegin":479,"characterOffsetEnd":481,"pos":"CC","before":" ","after":" "},{"index":58,"word":"organization","originalText":"organization","characterOffsetBegin":482,"characterOffsetEnd":494,"pos":"NN","before":" ","after":""},{"index":59,"word":"...","originalText":"...","characterOffsetBegin":494,"characterOffsetEnd":497,"pos":":","before":"","after":""},{"index":60,"word":".","originalText":".","characterOffsetBegin":497,"characterOffsetEnd":498,"pos":".","before":"","after":" "}]},{"index":2,"tokens":[{"index":1,"word":"but","originalText":"but","characterOffsetBegin":499,"characterOffsetEnd":502,"pos":"CC","before":" ","after":""},{"index":2,"word":".","originalText":".","characterOffsetBegin":502,"characterOffsetEnd":503,"pos":".","before":"","after":"  "}]},{"index":3,"tokens":[{"index":1,"word":"I","originalText":"I","characterOffsetBegin":505,"characterOffsetEnd":506,"pos":"PRP","before":"  ","after":" "},{"index":2,"word":"have","originalText":"have","characterOffsetBegin":507,"characterOffsetEnd":511,"pos":"VBP","before":" ","after":" "},{"index":3,"word":"heard","originalText":"heard","characterOffsetBegin":512,"characterOffsetEnd":517,"pos":"VBN","before":" ","after":" "},{"index":4,"word":"that","originalText":"that","characterOffsetBegin":518,"characterOffsetEnd":522,"pos":"IN","before":" ","after":" "},{"index":5,"word":"Ford","originalText":"Ford","characterOffsetBegin":523,"characterOffsetEnd":527,"pos":"NNP","before":" ","after":" "},{"index":6,"word":"Motor","originalText":"Motor","characterOffsetBegin":528,"characterOffsetEnd":533,"pos":"NNP","before":" ","after":" "},{"index":7,"word":"Company","originalText":"Company","characterOffsetBegin":534,"characterOffsetEnd":541,"pos":"NNP","before":" ","after":" "},{"index":8,"word":"has","originalText":"has","characterOffsetBegin":542,"characterOffsetEnd":545,"pos":"VBZ","before":" ","after":" "},{"index":9,"word":"-LRB-","originalText":"(","characterOffsetBegin":546,"characterOffsetEnd":547,"pos":"-LRB-","before":" ","after":""},{"index":10,"word":"had","originalText":"had","characterOffsetBegin":547,"characterOffsetEnd":550,"pos":"VBD","before":"","after":""},{"index":11,"word":"-RRB-","originalText":")","characterOffsetBegin":550,"characterOffsetEnd":551,"pos":"-RRB-","before":"","after":" "},{"index":12,"word":"a","originalText":"a","characterOffsetBegin":552,"characterOffsetEnd":553,"pos":"DT","before":" ","after":" "},{"index":13,"word":"recruiting","originalText":"recruiting","characterOffsetBegin":554,"characterOffsetEnd":564,"pos":"NN","before":" ","after":" "},{"index":14,"word":"biastoward","originalText":"biastoward","characterOffsetBegin":565,"characterOffsetEnd":575,"pos":"NN","before":" ","after":" "},{"index":15,"word":"engineers","originalText":"engineers","characterOffsetBegin":576,"characterOffsetEnd":585,"pos":"NNS","before":" ","after":" "},{"index":16,"word":"and","originalText":"and","characterOffsetBegin":586,"characterOffsetEnd":589,"pos":"CC","before":" ","after":" "},{"index":17,"word":"away","originalText":"away","characterOffsetBegin":590,"characterOffsetEnd":594,"pos":"RB","before":" ","after":" "},{"index":18,"word":"from","originalText":"from","characterOffsetBegin":595,"characterOffsetEnd":599,"pos":"IN","before":" ","after":" "},{"index":19,"word":"computer","originalText":"computer","characterOffsetBegin":600,"characterOffsetEnd":608,"pos":"NN","before":" ","after":" "},{"index":20,"word":"science","originalText":"science","characterOffsetBegin":609,"characterOffsetEnd":616,"pos":"NN","before":" ","after":" "},{"index":21,"word":"graduates","originalText":"graduates","characterOffsetBegin":617,"characterOffsetEnd":626,"pos":"NNS","before":" ","after":""},{"index":22,"word":".","originalText":".","characterOffsetBegin":626,"characterOffsetEnd":627,"pos":".","before":"","after":"  "}]},{"index":4,"tokens":[{"index":1,"word":"The","originalText":"The","characterOffsetBegin":629,"characterOffsetEnd":632,"pos":"DT","before":"  ","after":" "},{"index":2,"word":"reasoningis","originalText":"reasoningis","characterOffsetBegin":633,"characterOffsetEnd":644,"pos":"NN","before":" ","after":" "},{"index":3,"word":"supposedly","originalText":"supposedly","characterOffsetBegin":645,"characterOffsetEnd":655,"pos":"RB","before":" ","after":" "},{"index":4,"word":"to","originalText":"to","characterOffsetBegin":656,"characterOffsetEnd":658,"pos":"TO","before":" ","after":" "},{"index":5,"word":"better","originalText":"better","characterOffsetBegin":659,"characterOffsetEnd":665,"pos":"JJR","before":" ","after":" "},{"index":6,"word":"meet","originalText":"meet","characterOffsetBegin":666,"characterOffsetEnd":670,"pos":"VB","before":" ","after":" "},{"index":7,"word":"long","originalText":"long","characterOffsetBegin":671,"characterOffsetEnd":675,"pos":"JJ","before":" ","after":" "},{"index":8,"word":"range","originalText":"range","characterOffsetBegin":676,"characterOffsetEnd":681,"pos":"NN","before":" ","after":" "},{"index":9,"word":"personnel","originalText":"personnel","characterOffsetBegin":682,"characterOffsetEnd":691,"pos":"NNS","before":" ","after":" "},{"index":10,"word":"requirements","originalText":"requirements","characterOffsetBegin":692,"characterOffsetEnd":704,"pos":"NNS","before":" ","after":""},{"index":11,"word":".","originalText":".","characterOffsetBegin":704,"characterOffsetEnd":705,"pos":".","before":"","after":"  "}]},{"index":5,"tokens":[{"index":1,"word":"This","originalText":"This","characterOffsetBegin":707,"characterOffsetEnd":711,"pos":"DT","before":"  ","after":" "},{"index":2,"word":"isevidenced","originalText":"isevidenced","characterOffsetBegin":712,"characterOffsetEnd":723,"pos":"JJ","before":" ","after":" "},{"index":3,"word":"by","originalText":"by","characterOffsetBegin":724,"characterOffsetEnd":726,"pos":"IN","before":" ","after":" "},{"index":4,"word":"the","originalText":"the","characterOffsetBegin":727,"characterOffsetEnd":730,"pos":"DT","before":" ","after":" "},{"index":5,"word":"large","originalText":"large","characterOffsetBegin":731,"characterOffsetEnd":736,"pos":"JJ","before":" ","after":" "},{"index":6,"word":"number","originalText":"number","characterOffsetBegin":737,"characterOffsetEnd":743,"pos":"NN","before":" ","after":" "},{"index":7,"word":"of","originalText":"of","characterOffsetBegin":744,"characterOffsetEnd":746,"pos":"IN","before":" ","after":" "},{"index":8,"word":"CS","originalText":"CS","characterOffsetBegin":747,"characterOffsetEnd":749,"pos":"JJ","before":" ","after":" "},{"index":9,"word":"people","originalText":"people","characterOffsetBegin":750,"characterOffsetEnd":756,"pos":"NNS","before":" ","after":" "},{"index":10,"word":"who","originalText":"who","characterOffsetBegin":757,"characterOffsetEnd":760,"pos":"WP","before":" ","after":" "},{"index":11,"word":"are","originalText":"are","characterOffsetBegin":761,"characterOffsetEnd":764,"pos":"VBP","before":" ","after":" "},{"index":12,"word":"employed","originalText":"employed","characterOffsetBegin":765,"characterOffsetEnd":773,"pos":"VBN","before":" ","after":" "},{"index":13,"word":"via","originalText":"via","characterOffsetBegin":774,"characterOffsetEnd":777,"pos":"IN","before":" ","after":" "},{"index":14,"word":"contractsand","originalText":"contractsand","characterOffsetBegin":778,"characterOffsetEnd":790,"pos":"NN","before":" ","after":" "},{"index":15,"word":"are","originalText":"are","characterOffsetBegin":791,"characterOffsetEnd":794,"pos":"VBP","before":" ","after":" "},{"index":16,"word":"not","originalText":"not","characterOffsetBegin":795,"characterOffsetEnd":798,"pos":"RB","before":" ","after":" "},{"index":17,"word":"brought","originalText":"brought","characterOffsetBegin":799,"characterOffsetEnd":806,"pos":"VBN","before":" ","after":" "},{"index":18,"word":"on","originalText":"on","characterOffsetBegin":807,"characterOffsetEnd":809,"pos":"IN","before":" ","after":" "},{"index":19,"word":"board","originalText":"board","characterOffsetBegin":810,"characterOffsetEnd":815,"pos":"NN","before":" ","after":" "},{"index":20,"word":"except","originalText":"except","characterOffsetBegin":816,"characterOffsetEnd":822,"pos":"IN","before":" ","after":" "},{"index":21,"word":"in","originalText":"in","characterOffsetBegin":823,"characterOffsetEnd":825,"pos":"IN","before":" ","after":" "},{"index":22,"word":"special","originalText":"special","characterOffsetBegin":826,"characterOffsetEnd":833,"pos":"JJ","before":" ","after":" "},{"index":23,"word":"circumstances","originalText":"circumstances","characterOffsetBegin":834,"characterOffsetEnd":847,"pos":"NNS","before":" ","after":""},{"index":24,"word":".","originalText":".","characterOffsetBegin":847,"characterOffsetEnd":848,"pos":".","before":"","after":"  "}]},{"index":6,"tokens":[{"index":1,"word":"This","originalText":"This","characterOffsetBegin":850,"characterOffsetEnd":854,"pos":"DT","before":"  ","after":" "},{"index":2,"word":"isa","originalText":"isa","characterOffsetBegin":855,"characterOffsetEnd":858,"pos":"NN","before":" ","after":" "},{"index":3,"word":"generalization","originalText":"generalization","characterOffsetBegin":859,"characterOffsetEnd":873,"pos":"NN","before":" ","after":" "},{"index":4,"word":"which","originalText":"which","characterOffsetBegin":874,"characterOffsetEnd":879,"pos":"WDT","before":" ","after":" "},{"index":5,"word":"obviously","originalText":"obviously","characterOffsetBegin":880,"characterOffsetEnd":889,"pos":"RB","before":" ","after":" "},{"index":6,"word":"does","originalText":"does","characterOffsetBegin":890,"characterOffsetEnd":894,"pos":"VBZ","before":" ","after":""},{"index":7,"word":"n't","originalText":"n't","characterOffsetBegin":894,"characterOffsetEnd":897,"pos":"RB","before":"","after":" "},{"index":8,"word":"always","originalText":"always","characterOffsetBegin":898,"characterOffsetEnd":904,"pos":"RB","before":" ","after":" "},{"index":9,"word":"hold","originalText":"hold","characterOffsetBegin":905,"characterOffsetEnd":909,"pos":"VB","before":" ","after":" "},{"index":10,"word":"true","originalText":"true","characterOffsetBegin":910,"characterOffsetEnd":914,"pos":"JJ","before":" ","after":""},{"index":11,"word":",","originalText":",","characterOffsetBegin":914,"characterOffsetEnd":915,"pos":",","before":"","after":" "},{"index":12,"word":"but","originalText":"but","characterOffsetBegin":916,"characterOffsetEnd":919,"pos":"CC","before":" ","after":" "},{"index":13,"word":"there","originalText":"there","characterOffsetBegin":920,"characterOffsetEnd":925,"pos":"EX","before":" ","after":" "},{"index":14,"word":"arestatistics","originalText":"arestatistics","characterOffsetBegin":926,"characterOffsetEnd":939,"pos":"NNS","before":" ","after":""},{"index":15,"word":".","originalText":".","characterOffsetBegin":939,"characterOffsetEnd":940,"pos":".","before":"","after":"  "}]},{"index":7,"tokens":[{"index":1,"word":"Furthermore","originalText":"Furthermore","characterOffsetBegin":942,"characterOffsetEnd":953,"pos":"RB","before":"  ","after":""},{"index":2,"word":",","originalText":",","characterOffsetBegin":953,"characterOffsetEnd":954,"pos":",","before":"","after":" "},{"index":3,"word":"most","originalText":"most","characterOffsetBegin":955,"characterOffsetEnd":959,"pos":"RBS","before":" ","after":" "},{"index":4,"word":"``","originalText":"\"","characterOffsetBegin":960,"characterOffsetEnd":961,"pos":"``","before":" ","after":""},{"index":5,"word":"software","originalText":"software","characterOffsetBegin":961,"characterOffsetEnd":969,"pos":"NN","before":"","after":" "},{"index":6,"word":"engineering","originalText":"engineering","characterOffsetBegin":970,"characterOffsetEnd":981,"pos":"NN","before":" ","after":""},{"index":7,"word":"''","originalText":"\"","characterOffsetBegin":981,"characterOffsetEnd":982,"pos":"''","before":"","after":" "},{"index":8,"word":"at","originalText":"at","characterOffsetBegin":983,"characterOffsetEnd":985,"pos":"IN","before":" ","after":" "},{"index":9,"word":"Ford","originalText":"Ford","characterOffsetBegin":986,"characterOffsetEnd":990,"pos":"NNP","before":" ","after":" "},{"index":10,"word":"gets","originalText":"gets","characterOffsetBegin":991,"characterOffsetEnd":995,"pos":"VBZ","before":" ","after":" "},{"index":11,"word":"doneby","originalText":"doneby","characterOffsetBegin":996,"characterOffsetEnd":1002,"pos":"JJ","before":" ","after":" "},{"index":12,"word":"electrical","originalText":"electrical","characterOffsetBegin":1003,"characterOffsetEnd":1013,"pos":"JJ","before":" ","after":" "},{"index":13,"word":"engineers","originalText":"engineers","characterOffsetBegin":1014,"characterOffsetEnd":1023,"pos":"NNS","before":" ","after":""},{"index":14,"word":".","originalText":".","characterOffsetBegin":1023,"characterOffsetEnd":1024,"pos":".","before":"","after":"  "}]},{"index":8,"tokens":[{"index":1,"word":"I","originalText":"I","characterOffsetBegin":1026,"characterOffsetEnd":1027,"pos":"PRP","before":"  ","after":" "},{"index":2,"word":"know","originalText":"know","characterOffsetBegin":1028,"characterOffsetEnd":1032,"pos":"VBP","before":" ","after":" "},{"index":3,"word":"of","originalText":"of","characterOffsetBegin":1033,"characterOffsetEnd":1035,"pos":"IN","before":" ","after":" "},{"index":4,"word":"2","originalText":"2","characterOffsetBegin":1036,"characterOffsetEnd":1037,"pos":"CD","before":" ","after":" "},{"index":5,"word":"univerities","originalText":"univerities","characterOffsetBegin":1038,"characterOffsetEnd":1049,"pos":"NNS","before":" ","after":" "},{"index":6,"word":"that","originalText":"that","characterOffsetBegin":1050,"characterOffsetEnd":1054,"pos":"WDT","before":" ","after":" "},{"index":7,"word":"have","originalText":"have","characterOffsetBegin":1055,"characterOffsetEnd":1059,"pos":"VBP","before":" ","after":" "},{"index":8,"word":"merged","originalText":"merged","characterOffsetBegin":1060,"characterOffsetEnd":1066,"pos":"VBN","before":" ","after":" "},{"index":9,"word":"thecomputer","originalText":"thecomputer","characterOffsetBegin":1067,"characterOffsetEnd":1078,"pos":"JJR","before":" ","after":" "},{"index":10,"word":"science","originalText":"science","characterOffsetBegin":1079,"characterOffsetEnd":1086,"pos":"NN","before":" ","after":" "},{"index":11,"word":"department","originalText":"department","characterOffsetBegin":1087,"characterOffsetEnd":1097,"pos":"NN","before":" ","after":" "},{"index":12,"word":"and","originalText":"and","characterOffsetBegin":1098,"characterOffsetEnd":1101,"pos":"CC","before":" ","after":" "},{"index":13,"word":"the","originalText":"the","characterOffsetBegin":1102,"characterOffsetEnd":1105,"pos":"DT","before":" ","after":" "},{"index":14,"word":"electrical","originalText":"electrical","characterOffsetBegin":1106,"characterOffsetEnd":1116,"pos":"JJ","before":" ","after":" "},{"index":15,"word":"engineering","originalText":"engineering","characterOffsetBegin":1117,"characterOffsetEnd":1128,"pos":"NN","before":" ","after":" "},{"index":16,"word":"so","originalText":"so","characterOffsetBegin":1129,"characterOffsetEnd":1131,"pos":"IN","before":" ","after":" "},{"index":17,"word":"that","originalText":"that","characterOffsetBegin":1132,"characterOffsetEnd":1136,"pos":"IN","before":" ","after":" "},{"index":18,"word":"youcan","originalText":"youcan","characterOffsetBegin":1137,"characterOffsetEnd":1143,"pos":"NN","before":" ","after":" "},{"index":19,"word":"get","originalText":"get","characterOffsetBegin":1144,"characterOffsetEnd":1147,"pos":"VB","before":" ","after":" "},{"index":20,"word":"a","originalText":"a","characterOffsetBegin":1148,"characterOffsetEnd":1149,"pos":"DT","before":" ","after":" "},{"index":21,"word":"computer","originalText":"computer","characterOffsetBegin":1150,"characterOffsetEnd":1158,"pos":"NN","before":" ","after":" "},{"index":22,"word":"degree","originalText":"degree","characterOffsetBegin":1159,"characterOffsetEnd":1165,"pos":"NN","before":" ","after":" "},{"index":23,"word":"which","originalText":"which","characterOffsetBegin":1166,"characterOffsetEnd":1171,"pos":"WDT","before":" ","after":" "},{"index":24,"word":"qualifies","originalText":"qualifies","characterOffsetBegin":1172,"characterOffsetEnd":1181,"pos":"VBZ","before":" ","after":" "},{"index":25,"word":"you","originalText":"you","characterOffsetBegin":1182,"characterOffsetEnd":1185,"pos":"PRP","before":" ","after":" "},{"index":26,"word":"for","originalText":"for","characterOffsetBegin":1186,"characterOffsetEnd":1189,"pos":"IN","before":" ","after":" "},{"index":27,"word":"much","originalText":"much","characterOffsetBegin":1190,"characterOffsetEnd":1194,"pos":"RB","before":" ","after":" "},{"index":28,"word":"more","originalText":"more","characterOffsetBegin":1195,"characterOffsetEnd":1199,"pos":"JJR","before":" ","after":" "},{"index":29,"word":"than","originalText":"than","characterOffsetBegin":1200,"characterOffsetEnd":1204,"pos":"IN","before":" ","after":" "},{"index":30,"word":"programming.But","originalText":"programming.But","characterOffsetBegin":1205,"characterOffsetEnd":1220,"pos":"NN","before":" ","after":" "},{"index":31,"word":"since","originalText":"since","characterOffsetBegin":1221,"characterOffsetEnd":1226,"pos":"IN","before":" ","after":" "},{"index":32,"word":"my","originalText":"my","characterOffsetBegin":1227,"characterOffsetEnd":1229,"pos":"PRP$","before":" ","after":" "},{"index":33,"word":"beliefs","originalText":"beliefs","characterOffsetBegin":1230,"characterOffsetEnd":1237,"pos":"NNS","before":" ","after":" "},{"index":34,"word":"and","originalText":"and","characterOffsetBegin":1238,"characterOffsetEnd":1241,"pos":"CC","before":" ","after":" "},{"index":35,"word":"opinions","originalText":"opinions","characterOffsetBegin":1242,"characterOffsetEnd":1250,"pos":"NNS","before":" ","after":" "},{"index":36,"word":"are","originalText":"are","characterOffsetBegin":1251,"characterOffsetEnd":1254,"pos":"VBP","before":" ","after":" "},{"index":37,"word":"merely","originalText":"merely","characterOffsetBegin":1255,"characterOffsetEnd":1261,"pos":"RB","before":" ","after":" "},{"index":38,"word":"figments","originalText":"figments","characterOffsetBegin":1262,"characterOffsetEnd":1270,"pos":"NNS","before":" ","after":" "},{"index":39,"word":"of","originalText":"of","characterOffsetBegin":1271,"characterOffsetEnd":1273,"pos":"IN","before":" ","after":" "},{"index":40,"word":"my","originalText":"my","characterOffsetBegin":1274,"characterOffsetEnd":1276,"pos":"PRP$","before":" ","after":" "},{"index":41,"word":"distortedimagination","originalText":"distortedimagination","characterOffsetBegin":1277,"characterOffsetEnd":1297,"pos":"NN","before":" ","after":" "},{"index":42,"word":"I","originalText":"I","characterOffsetBegin":1298,"characterOffsetEnd":1299,"pos":"PRP","before":" ","after":" "},{"index":43,"word":"suppose","originalText":"suppose","characterOffsetBegin":1300,"characterOffsetEnd":1307,"pos":"VBP","before":" ","after":" "},{"index":44,"word":"I","originalText":"I","characterOffsetBegin":1308,"characterOffsetEnd":1309,"pos":"PRP","before":" ","after":" "},{"index":45,"word":"should","originalText":"should","characterOffsetBegin":1310,"characterOffsetEnd":1316,"pos":"MD","before":" ","after":" "},{"index":46,"word":"keep","originalText":"keep","characterOffsetBegin":1317,"characterOffsetEnd":1321,"pos":"VB","before":" ","after":" "},{"index":47,"word":"it","originalText":"it","characterOffsetBegin":1322,"characterOffsetEnd":1324,"pos":"PRP","before":" ","after":" "},{"index":48,"word":"to","originalText":"to","characterOffsetBegin":1325,"characterOffsetEnd":1327,"pos":"TO","before":" ","after":" "},{"index":49,"word":"myself","originalText":"myself","characterOffsetBegin":1328,"characterOffsetEnd":1334,"pos":"PRP","before":" ","after":""},{"index":50,"word":".","originalText":".","characterOffsetBegin":1334,"characterOffsetEnd":1335,"pos":".","before":"","after":""}]}]}