{"sentences":[{"index":0,"tokens":[{"index":1,"word":"From","originalText":"From","characterOffsetBegin":0,"characterOffsetEnd":4,"pos":"IN","before":"","after":""},{"index":2,"word":":","originalText":":","characterOffsetBegin":4,"characterOffsetEnd":5,"pos":":","before":"","after":" "},{"index":3,"word":"johnc@crsa.bu.edu","originalText":"johnc@crsa.bu.edu","characterOffsetBegin":6,"characterOffsetEnd":23,"pos":"NN","before":" ","after":" "},{"index":4,"word":"-LRB-","originalText":"(","characterOffsetBegin":24,"characterOffsetEnd":25,"pos":"-LRB-","before":" ","after":""},{"index":5,"word":"John","originalText":"John","characterOffsetBegin":25,"characterOffsetEnd":29,"pos":"NNP","before":"","after":" "},{"index":6,"word":"Collins","originalText":"Collins","characterOffsetBegin":30,"characterOffsetEnd":37,"pos":"NNP","before":" ","after":""},{"index":7,"word":"-RRB-","originalText":")","characterOffsetBegin":37,"characterOffsetEnd":38,"pos":"-RRB-","before":"","after":""},{"index":8,"word":"Subject","originalText":"Subject","characterOffsetBegin":38,"characterOffsetEnd":45,"pos":"NNP","before":"","after":""},{"index":9,"word":":","originalText":":","characterOffsetBegin":45,"characterOffsetEnd":46,"pos":":","before":"","after":" "},{"index":10,"word":"Problem","originalText":"Problem","characterOffsetBegin":47,"characterOffsetEnd":54,"pos":"NNP","before":" ","after":" "},{"index":11,"word":"with","originalText":"with","characterOffsetBegin":55,"characterOffsetEnd":59,"pos":"IN","before":" ","after":" "},{"index":12,"word":"MIT-SHMI","originalText":"MIT-SHMI","characterOffsetBegin":60,"characterOffsetEnd":68,"pos":"NNP","before":" ","after":" "},{"index":13,"word":"am","originalText":"am","characterOffsetBegin":69,"characterOffsetEnd":71,"pos":"VBP","before":" ","after":" "},{"index":14,"word":"trying","originalText":"trying","characterOffsetBegin":72,"characterOffsetEnd":78,"pos":"VBG","before":" ","after":" "},{"index":15,"word":"to","originalText":"to","characterOffsetBegin":79,"characterOffsetEnd":81,"pos":"TO","before":" ","after":" "},{"index":16,"word":"write","originalText":"write","characterOffsetBegin":82,"characterOffsetEnd":87,"pos":"VB","before":" ","after":" "},{"index":17,"word":"an","originalText":"an","characterOffsetBegin":88,"characterOffsetEnd":90,"pos":"DT","before":" ","after":" "},{"index":18,"word":"image","originalText":"image","characterOffsetBegin":91,"characterOffsetEnd":96,"pos":"NN","before":" ","after":" "},{"index":19,"word":"display","originalText":"display","characterOffsetBegin":97,"characterOffsetEnd":104,"pos":"NN","before":" ","after":" "},{"index":20,"word":"program","originalText":"program","characterOffsetBegin":105,"characterOffsetEnd":112,"pos":"NN","before":" ","after":" "},{"index":21,"word":"that","originalText":"that","characterOffsetBegin":113,"characterOffsetEnd":117,"pos":"WDT","before":" ","after":" "},{"index":22,"word":"usesthe","originalText":"usesthe","characterOffsetBegin":118,"characterOffsetEnd":125,"pos":"VBP","before":" ","after":" "},{"index":23,"word":"MIT","originalText":"MIT","characterOffsetBegin":126,"characterOffsetEnd":129,"pos":"NNP","before":" ","after":" "},{"index":24,"word":"shared","originalText":"shared","characterOffsetBegin":130,"characterOffsetEnd":136,"pos":"VBD","before":" ","after":" "},{"index":25,"word":"memory","originalText":"memory","characterOffsetBegin":137,"characterOffsetEnd":143,"pos":"NN","before":" ","after":" "},{"index":26,"word":"extension","originalText":"extension","characterOffsetBegin":144,"characterOffsetEnd":153,"pos":"NN","before":" ","after":""},{"index":27,"word":".","originalText":".","characterOffsetBegin":153,"characterOffsetEnd":154,"pos":".","before":"","after":"  "}]},{"index":1,"tokens":[{"index":1,"word":"The","originalText":"The","characterOffsetBegin":156,"characterOffsetEnd":159,"pos":"DT","before":"  ","after":" "},{"index":2,"word":"shared","originalText":"shared","characterOffsetBegin":160,"characterOffsetEnd":166,"pos":"VBN","before":" ","after":" "},{"index":3,"word":"memory","originalText":"memory","characterOffsetBegin":167,"characterOffsetEnd":173,"pos":"NN","before":" ","after":" "},{"index":4,"word":"segmentgets","originalText":"segmentgets","characterOffsetBegin":174,"characterOffsetEnd":185,"pos":"NNS","before":" ","after":" "},{"index":5,"word":"allocated","originalText":"allocated","characterOffsetBegin":186,"characterOffsetEnd":195,"pos":"VBN","before":" ","after":" "},{"index":6,"word":"and","originalText":"and","characterOffsetBegin":196,"characterOffsetEnd":199,"pos":"CC","before":" ","after":" "},{"index":7,"word":"attached","originalText":"attached","characterOffsetBegin":200,"characterOffsetEnd":208,"pos":"VBN","before":" ","after":" "},{"index":8,"word":"to","originalText":"to","characterOffsetBegin":209,"characterOffsetEnd":211,"pos":"TO","before":" ","after":" "},{"index":9,"word":"the","originalText":"the","characterOffsetBegin":212,"characterOffsetEnd":215,"pos":"DT","before":" ","after":" "},{"index":10,"word":"process","originalText":"process","characterOffsetBegin":216,"characterOffsetEnd":223,"pos":"NN","before":" ","after":" "},{"index":11,"word":"with","originalText":"with","characterOffsetBegin":224,"characterOffsetEnd":228,"pos":"IN","before":" ","after":" "},{"index":12,"word":"no","originalText":"no","characterOffsetBegin":229,"characterOffsetEnd":231,"pos":"DT","before":" ","after":" "},{"index":13,"word":"problem.But","originalText":"problem.But","characterOffsetBegin":232,"characterOffsetEnd":243,"pos":"NN","before":" ","after":" "},{"index":14,"word":"the","originalText":"the","characterOffsetBegin":244,"characterOffsetEnd":247,"pos":"DT","before":" ","after":" "},{"index":15,"word":"program","originalText":"program","characterOffsetBegin":248,"characterOffsetEnd":255,"pos":"NN","before":" ","after":" "},{"index":16,"word":"crashes","originalText":"crashes","characterOffsetBegin":256,"characterOffsetEnd":263,"pos":"NNS","before":" ","after":" "},{"index":17,"word":"at","originalText":"at","characterOffsetBegin":264,"characterOffsetEnd":266,"pos":"IN","before":" ","after":" "},{"index":18,"word":"the","originalText":"the","characterOffsetBegin":267,"characterOffsetEnd":270,"pos":"DT","before":" ","after":" "},{"index":19,"word":"first","originalText":"first","characterOffsetBegin":271,"characterOffsetEnd":276,"pos":"JJ","before":" ","after":" "},{"index":20,"word":"call","originalText":"call","characterOffsetBegin":277,"characterOffsetEnd":281,"pos":"NN","before":" ","after":" "},{"index":21,"word":"to","originalText":"to","characterOffsetBegin":282,"characterOffsetEnd":284,"pos":"TO","before":" ","after":" "},{"index":22,"word":"XShmPutImage","originalText":"XShmPutImage","characterOffsetBegin":285,"characterOffsetEnd":297,"pos":"NN","before":" ","after":""},{"index":23,"word":",","originalText":",","characterOffsetBegin":297,"characterOffsetEnd":298,"pos":",","before":"","after":""},{"index":24,"word":"with","originalText":"with","characterOffsetBegin":298,"characterOffsetEnd":302,"pos":"IN","before":"","after":" "},{"index":25,"word":"the","originalText":"the","characterOffsetBegin":303,"characterOffsetEnd":306,"pos":"DT","before":" ","after":" "},{"index":26,"word":"following","originalText":"following","characterOffsetBegin":307,"characterOffsetEnd":316,"pos":"VBG","before":" ","after":" "},{"index":27,"word":"message","originalText":"message","characterOffsetBegin":317,"characterOffsetEnd":324,"pos":"NN","before":" ","after":""},{"index":28,"word":":","originalText":":","characterOffsetBegin":324,"characterOffsetEnd":325,"pos":":","before":"","after":""},{"index":29,"word":"X","originalText":"X","characterOffsetBegin":325,"characterOffsetEnd":326,"pos":"NN","before":"","after":" "},{"index":30,"word":"Error","originalText":"Error","characterOffsetBegin":327,"characterOffsetEnd":332,"pos":"NN","before":" ","after":" "},{"index":31,"word":"of","originalText":"of","characterOffsetBegin":333,"characterOffsetEnd":335,"pos":"IN","before":" ","after":" "},{"index":32,"word":"failed","originalText":"failed","characterOffsetBegin":336,"characterOffsetEnd":342,"pos":"VBN","before":" ","after":" "},{"index":33,"word":"request","originalText":"request","characterOffsetBegin":343,"characterOffsetEnd":350,"pos":"NN","before":" ","after":""},{"index":34,"word":":","originalText":":","characterOffsetBegin":350,"characterOffsetEnd":351,"pos":":","before":"","after":"  "},{"index":35,"word":"BadShmSeg","originalText":"BadShmSeg","characterOffsetBegin":353,"characterOffsetEnd":362,"pos":"NNP","before":"  ","after":" "},{"index":36,"word":"-LRB-","originalText":"(","characterOffsetBegin":363,"characterOffsetEnd":364,"pos":"-LRB-","before":" ","after":""},{"index":37,"word":"invalid","originalText":"invalid","characterOffsetBegin":364,"characterOffsetEnd":371,"pos":"JJ","before":"","after":" "},{"index":38,"word":"shared","originalText":"shared","characterOffsetBegin":372,"characterOffsetEnd":378,"pos":"JJ","before":" ","after":" "},{"index":39,"word":"segment","originalText":"segment","characterOffsetBegin":379,"characterOffsetEnd":386,"pos":"NN","before":" ","after":" "},{"index":40,"word":"parameter","originalText":"parameter","characterOffsetBegin":387,"characterOffsetEnd":396,"pos":"NN","before":" ","after":""},{"index":41,"word":"-RRB-","originalText":")","characterOffsetBegin":396,"characterOffsetEnd":397,"pos":"-RRB-","before":"","after":"  "},{"index":42,"word":"Major","originalText":"Major","characterOffsetBegin":399,"characterOffsetEnd":404,"pos":"JJ","before":"  ","after":" "},{"index":43,"word":"opcode","originalText":"opcode","characterOffsetBegin":405,"characterOffsetEnd":411,"pos":"NN","before":" ","after":" "},{"index":44,"word":"of","originalText":"of","characterOffsetBegin":412,"characterOffsetEnd":414,"pos":"IN","before":" ","after":" "},{"index":45,"word":"failed","originalText":"failed","characterOffsetBegin":415,"characterOffsetEnd":421,"pos":"VBN","before":" ","after":" "},{"index":46,"word":"request","originalText":"request","characterOffsetBegin":422,"characterOffsetEnd":429,"pos":"NN","before":" ","after":""},{"index":47,"word":":","originalText":":","characterOffsetBegin":429,"characterOffsetEnd":430,"pos":":","before":"","after":"  "},{"index":48,"word":"133","originalText":"133","characterOffsetBegin":432,"characterOffsetEnd":435,"pos":"CD","before":"  ","after":" "},{"index":49,"word":"-LRB-","originalText":"(","characterOffsetBegin":436,"characterOffsetEnd":437,"pos":"-LRB-","before":" ","after":""},{"index":50,"word":"MIT-SHM","originalText":"MIT-SHM","characterOffsetBegin":437,"characterOffsetEnd":444,"pos":"NN","before":"","after":""},{"index":51,"word":"-RRB-","originalText":")","characterOffsetBegin":444,"characterOffsetEnd":445,"pos":"-RRB-","before":"","after":"  "},{"index":52,"word":"Minor","originalText":"Minor","characterOffsetBegin":447,"characterOffsetEnd":452,"pos":"JJ","before":"  ","after":" "},{"index":53,"word":"opcode","originalText":"opcode","characterOffsetBegin":453,"characterOffsetEnd":459,"pos":"NN","before":" ","after":" "},{"index":54,"word":"of","originalText":"of","characterOffsetBegin":460,"characterOffsetEnd":462,"pos":"IN","before":" ","after":" "},{"index":55,"word":"failed","originalText":"failed","characterOffsetBegin":463,"characterOffsetEnd":469,"pos":"VBN","before":" ","after":" "},{"index":56,"word":"request","originalText":"request","characterOffsetBegin":470,"characterOffsetEnd":477,"pos":"NN","before":" ","after":""},{"index":57,"word":":","originalText":":","characterOffsetBegin":477,"characterOffsetEnd":478,"pos":":","before":"","after":"  "},{"index":58,"word":"3","originalText":"3","characterOffsetBegin":480,"characterOffsetEnd":481,"pos":"CD","before":"  ","after":" "},{"index":59,"word":"-LRB-","originalText":"(","characterOffsetBegin":482,"characterOffsetEnd":483,"pos":"-LRB-","before":" ","after":""},{"index":60,"word":"X_ShmPutImage","originalText":"X_ShmPutImage","characterOffsetBegin":483,"characterOffsetEnd":496,"pos":"NN","before":"","after":""},{"index":61,"word":"-RRB-","originalText":")","characterOffsetBegin":496,"characterOffsetEnd":497,"pos":"-RRB-","before":"","after":"  "},{"index":62,"word":"Segment","originalText":"Segment","characterOffsetBegin":499,"characterOffsetEnd":506,"pos":"NN","before":"  ","after":" "},{"index":63,"word":"id","originalText":"id","characterOffsetBegin":507,"characterOffsetEnd":509,"pos":"NN","before":" ","after":" "},{"index":64,"word":"in","originalText":"in","characterOffsetBegin":510,"characterOffsetEnd":512,"pos":"IN","before":" ","after":" "},{"index":65,"word":"failed","originalText":"failed","characterOffsetBegin":513,"characterOffsetEnd":519,"pos":"VBN","before":" ","after":" "},{"index":66,"word":"request","originalText":"request","characterOffsetBegin":520,"characterOffsetEnd":527,"pos":"NN","before":" ","after":" "},{"index":67,"word":"0x0","originalText":"0x0","characterOffsetBegin":528,"characterOffsetEnd":531,"pos":"NN","before":" ","after":"  "},{"index":68,"word":"Serial","originalText":"Serial","characterOffsetBegin":533,"characterOffsetEnd":539,"pos":"JJ","before":"  ","after":" "},{"index":69,"word":"number","originalText":"number","characterOffsetBegin":540,"characterOffsetEnd":546,"pos":"NN","before":" ","after":" "},{"index":70,"word":"of","originalText":"of","characterOffsetBegin":547,"characterOffsetEnd":549,"pos":"IN","before":" ","after":" "},{"index":71,"word":"failed","originalText":"failed","characterOffsetBegin":550,"characterOffsetEnd":556,"pos":"VBN","before":" ","after":" "},{"index":72,"word":"request","originalText":"request","characterOffsetBegin":557,"characterOffsetEnd":564,"pos":"NN","before":" ","after":""},{"index":73,"word":":","originalText":":","characterOffsetBegin":564,"characterOffsetEnd":565,"pos":":","before":"","after":"  "},{"index":74,"word":"741","originalText":"741","characterOffsetBegin":567,"characterOffsetEnd":570,"pos":"CD","before":"  ","after":"  "},{"index":75,"word":"Current","originalText":"Current","characterOffsetBegin":572,"characterOffsetEnd":579,"pos":"JJ","before":"  ","after":" "},{"index":76,"word":"serial","originalText":"serial","characterOffsetBegin":580,"characterOffsetEnd":586,"pos":"NN","before":" ","after":" "},{"index":77,"word":"number","originalText":"number","characterOffsetBegin":587,"characterOffsetEnd":593,"pos":"NN","before":" ","after":" "},{"index":78,"word":"in","originalText":"in","characterOffsetBegin":594,"characterOffsetEnd":596,"pos":"IN","before":" ","after":" "},{"index":79,"word":"output","originalText":"output","characterOffsetBegin":597,"characterOffsetEnd":603,"pos":"NN","before":" ","after":" "},{"index":80,"word":"stream","originalText":"stream","characterOffsetBegin":604,"characterOffsetEnd":610,"pos":"NN","before":" ","after":""},{"index":81,"word":":","originalText":":","characterOffsetBegin":610,"characterOffsetEnd":611,"pos":":","before":"","after":"  "},{"index":82,"word":"742Like","originalText":"742Like","characterOffsetBegin":613,"characterOffsetEnd":620,"pos":"NNP","before":"  ","after":" "},{"index":83,"word":"I","originalText":"I","characterOffsetBegin":621,"characterOffsetEnd":622,"pos":"NNP","before":" ","after":" "},{"index":84,"word":"said","originalText":"said","characterOffsetBegin":623,"characterOffsetEnd":627,"pos":"VBD","before":" ","after":""},{"index":85,"word":",","originalText":",","characterOffsetBegin":627,"characterOffsetEnd":628,"pos":",","before":"","after":" "},{"index":86,"word":"I","originalText":"I","characterOffsetBegin":629,"characterOffsetEnd":630,"pos":"PRP","before":" ","after":" "},{"index":87,"word":"did","originalText":"did","characterOffsetBegin":631,"characterOffsetEnd":634,"pos":"VBD","before":" ","after":" "},{"index":88,"word":"error","originalText":"error","characterOffsetBegin":635,"characterOffsetEnd":640,"pos":"NN","before":" ","after":" "},{"index":89,"word":"checking","originalText":"checking","characterOffsetBegin":641,"characterOffsetEnd":649,"pos":"NN","before":" ","after":" "},{"index":90,"word":"on","originalText":"on","characterOffsetBegin":650,"characterOffsetEnd":652,"pos":"IN","before":" ","after":" "},{"index":91,"word":"all","originalText":"all","characterOffsetBegin":653,"characterOffsetEnd":656,"pos":"PDT","before":" ","after":" "},{"index":92,"word":"the","originalText":"the","characterOffsetBegin":657,"characterOffsetEnd":660,"pos":"DT","before":" ","after":" "},{"index":93,"word":"calls","originalText":"calls","characterOffsetBegin":661,"characterOffsetEnd":666,"pos":"NNS","before":" ","after":" "},{"index":94,"word":"to","originalText":"to","characterOffsetBegin":667,"characterOffsetEnd":669,"pos":"TO","before":" ","after":" "},{"index":95,"word":"shmgetand","originalText":"shmgetand","characterOffsetBegin":670,"characterOffsetEnd":679,"pos":"NN","before":" ","after":" "},{"index":96,"word":"shmat","originalText":"shmat","characterOffsetBegin":680,"characterOffsetEnd":685,"pos":"NN","before":" ","after":" "},{"index":97,"word":"that","originalText":"that","characterOffsetBegin":686,"characterOffsetEnd":690,"pos":"WDT","before":" ","after":" "},{"index":98,"word":"are","originalText":"are","characterOffsetBegin":691,"characterOffsetEnd":694,"pos":"VBP","before":" ","after":" "},{"index":99,"word":"necessary","originalText":"necessary","characterOffsetBegin":695,"characterOffsetEnd":704,"pos":"JJ","before":" ","after":" "},{"index":100,"word":"to","originalText":"to","characterOffsetBegin":705,"characterOffsetEnd":707,"pos":"TO","before":" ","after":" "},{"index":101,"word":"create","originalText":"create","characterOffsetBegin":708,"characterOffsetEnd":714,"pos":"VB","before":" ","after":" "},{"index":102,"word":"the","originalText":"the","characterOffsetBegin":715,"characterOffsetEnd":718,"pos":"DT","before":" ","after":" "},{"index":103,"word":"shared","originalText":"shared","characterOffsetBegin":719,"characterOffsetEnd":725,"pos":"JJ","before":" ","after":" "},{"index":104,"word":"memorysegment","originalText":"memorysegment","characterOffsetBegin":726,"characterOffsetEnd":739,"pos":"NN","before":" ","after":""},{"index":105,"word":",","originalText":",","characterOffsetBegin":739,"characterOffsetEnd":740,"pos":",","before":"","after":" "},{"index":106,"word":"as","originalText":"as","characterOffsetBegin":741,"characterOffsetEnd":743,"pos":"RB","before":" ","after":" "},{"index":107,"word":"well","originalText":"well","characterOffsetBegin":744,"characterOffsetEnd":748,"pos":"RB","before":" ","after":" "},{"index":108,"word":"as","originalText":"as","characterOffsetBegin":749,"characterOffsetEnd":751,"pos":"IN","before":" ","after":" "},{"index":109,"word":"checking","originalText":"checking","characterOffsetBegin":752,"characterOffsetEnd":760,"pos":"VBG","before":" ","after":" "},{"index":110,"word":"XShmAttach","originalText":"XShmAttach","characterOffsetBegin":761,"characterOffsetEnd":771,"pos":"NN","before":" ","after":""},{"index":111,"word":".","originalText":".","characterOffsetBegin":771,"characterOffsetEnd":772,"pos":".","before":"","after":"  "}]},{"index":2,"tokens":[{"index":1,"word":"There","originalText":"There","characterOffsetBegin":774,"characterOffsetEnd":779,"pos":"EX","before":"  ","after":" "},{"index":2,"word":"are","originalText":"are","characterOffsetBegin":780,"characterOffsetEnd":783,"pos":"VBP","before":" ","after":" "},{"index":3,"word":"noproblems.If","originalText":"noproblems.If","characterOffsetBegin":784,"characterOffsetEnd":797,"pos":"NN","before":" ","after":" "},{"index":4,"word":"anybody","originalText":"anybody","characterOffsetBegin":798,"characterOffsetEnd":805,"pos":"NN","before":" ","after":" "},{"index":5,"word":"has","originalText":"has","characterOffsetBegin":806,"characterOffsetEnd":809,"pos":"VBZ","before":" ","after":" "},{"index":6,"word":"had","originalText":"had","characterOffsetBegin":810,"characterOffsetEnd":813,"pos":"VBN","before":" ","after":" "},{"index":7,"word":"the","originalText":"the","characterOffsetBegin":814,"characterOffsetEnd":817,"pos":"DT","before":" ","after":" "},{"index":8,"word":"same","originalText":"same","characterOffsetBegin":818,"characterOffsetEnd":822,"pos":"JJ","before":" ","after":" "},{"index":9,"word":"problem","originalText":"problem","characterOffsetBegin":823,"characterOffsetEnd":830,"pos":"NN","before":" ","after":" "},{"index":10,"word":"or","originalText":"or","characterOffsetBegin":831,"characterOffsetEnd":833,"pos":"CC","before":" ","after":" "},{"index":11,"word":"has","originalText":"has","characterOffsetBegin":834,"characterOffsetEnd":837,"pos":"VBZ","before":" ","after":" "},{"index":12,"word":"used","originalText":"used","characterOffsetBegin":838,"characterOffsetEnd":842,"pos":"VBN","before":" ","after":" "},{"index":13,"word":"MIT-SHM","originalText":"MIT-SHM","characterOffsetBegin":843,"characterOffsetEnd":850,"pos":"NN","before":" ","after":" "},{"index":14,"word":"withouthaving","originalText":"withouthaving","characterOffsetBegin":851,"characterOffsetEnd":864,"pos":"VBG","before":" ","after":" "},{"index":15,"word":"the","originalText":"the","characterOffsetBegin":865,"characterOffsetEnd":868,"pos":"DT","before":" ","after":" "},{"index":16,"word":"same","originalText":"same","characterOffsetBegin":869,"characterOffsetEnd":873,"pos":"JJ","before":" ","after":" "},{"index":17,"word":"problem","originalText":"problem","characterOffsetBegin":874,"characterOffsetEnd":881,"pos":"NN","before":" ","after":""},{"index":18,"word":",","originalText":",","characterOffsetBegin":881,"characterOffsetEnd":882,"pos":",","before":"","after":" "},{"index":19,"word":"please","originalText":"please","characterOffsetBegin":883,"characterOffsetEnd":889,"pos":"VB","before":" ","after":" "},{"index":20,"word":"let","originalText":"let","characterOffsetBegin":890,"characterOffsetEnd":893,"pos":"VB","before":" ","after":" "},{"index":21,"word":"me","originalText":"me","characterOffsetBegin":894,"characterOffsetEnd":896,"pos":"PRP","before":" ","after":" "},{"index":22,"word":"know.By","originalText":"know.By","characterOffsetBegin":897,"characterOffsetEnd":904,"pos":"VB","before":" ","after":" "},{"index":23,"word":"the","originalText":"the","characterOffsetBegin":905,"characterOffsetEnd":908,"pos":"DT","before":" ","after":" "},{"index":24,"word":"way","originalText":"way","characterOffsetBegin":909,"characterOffsetEnd":912,"pos":"NN","before":" ","after":""},{"index":25,"word":",","originalText":",","characterOffsetBegin":912,"characterOffsetEnd":913,"pos":",","before":"","after":" "},{"index":26,"word":"I","originalText":"I","characterOffsetBegin":914,"characterOffsetEnd":915,"pos":"PRP","before":" ","after":" "},{"index":27,"word":"am","originalText":"am","characterOffsetBegin":916,"characterOffsetEnd":918,"pos":"VBP","before":" ","after":" "},{"index":28,"word":"running","originalText":"running","characterOffsetBegin":919,"characterOffsetEnd":926,"pos":"VBG","before":" ","after":" "},{"index":29,"word":"OpenWindows","originalText":"OpenWindows","characterOffsetBegin":927,"characterOffsetEnd":938,"pos":"NNP","before":" ","after":" "},{"index":30,"word":"3.0","originalText":"3.0","characterOffsetBegin":939,"characterOffsetEnd":942,"pos":"CD","before":" ","after":" "},{"index":31,"word":"on","originalText":"on","characterOffsetBegin":943,"characterOffsetEnd":945,"pos":"IN","before":" ","after":" "},{"index":32,"word":"a","originalText":"a","characterOffsetBegin":946,"characterOffsetEnd":947,"pos":"DT","before":" ","after":" "},{"index":33,"word":"Sun","originalText":"Sun","characterOffsetBegin":948,"characterOffsetEnd":951,"pos":"NNP","before":" ","after":" "},{"index":34,"word":"Sparc2.Thanks","originalText":"Sparc2.Thanks","characterOffsetBegin":952,"characterOffsetEnd":965,"pos":"NNPS","before":" ","after":" "},{"index":35,"word":"in","originalText":"in","characterOffsetBegin":966,"characterOffsetEnd":968,"pos":"IN","before":" ","after":" "},{"index":36,"word":"advance","originalText":"advance","characterOffsetBegin":969,"characterOffsetEnd":976,"pos":"NN","before":" ","after":""},{"index":37,"word":"--","originalText":"--","characterOffsetBegin":976,"characterOffsetEnd":978,"pos":":","before":"","after":""},{"index":38,"word":"John","originalText":"John","characterOffsetBegin":978,"characterOffsetEnd":982,"pos":"NNP","before":"","after":" "},{"index":39,"word":"C.","originalText":"C.","characterOffsetBegin":983,"characterOffsetEnd":985,"pos":"NNP","before":" ","after":""}]}]}