{"sentences":[{"index":0,"tokens":[{"index":1,"word":"From","originalText":"From","characterOffsetBegin":0,"characterOffsetEnd":4,"pos":"IN","before":"","after":""},{"index":2,"word":":","originalText":":","characterOffsetBegin":4,"characterOffsetEnd":5,"pos":":","before":"","after":" "},{"index":3,"word":"urathi@net4.ICS.UCI.EDU","originalText":"urathi@net4.ICS.UCI.EDU","characterOffsetBegin":6,"characterOffsetEnd":29,"pos":"NN","before":" ","after":" "},{"index":4,"word":"-LRB-","originalText":"(","characterOffsetBegin":30,"characterOffsetEnd":31,"pos":"-LRB-","before":" ","after":""},{"index":5,"word":"Unmesh","originalText":"Unmesh","characterOffsetBegin":31,"characterOffsetEnd":37,"pos":"JJ","before":"","after":" "},{"index":6,"word":"Rathi","originalText":"Rathi","characterOffsetBegin":38,"characterOffsetEnd":43,"pos":"NN","before":" ","after":""},{"index":7,"word":"-RRB-","originalText":")","characterOffsetBegin":43,"characterOffsetEnd":44,"pos":"-RRB-","before":"","after":""},{"index":8,"word":"Subject","originalText":"Subject","characterOffsetBegin":44,"characterOffsetEnd":51,"pos":"NN","before":"","after":""},{"index":9,"word":":","originalText":":","characterOffsetBegin":51,"characterOffsetEnd":52,"pos":":","before":"","after":" "},{"index":10,"word":"Motif","originalText":"Motif","characterOffsetBegin":53,"characterOffsetEnd":58,"pos":"NN","before":" ","after":""},{"index":11,"word":"+","originalText":"+","characterOffsetBegin":58,"characterOffsetEnd":59,"pos":"CC","before":"","after":""},{"index":12,"word":"+","originalText":"+","characterOffsetBegin":59,"characterOffsetEnd":60,"pos":"CC","before":"","after":" "},{"index":13,"word":"and","originalText":"and","characterOffsetBegin":61,"characterOffsetEnd":64,"pos":"CC","before":" ","after":" "},{"index":14,"word":"InterviewsHi","originalText":"InterviewsHi","characterOffsetBegin":65,"characterOffsetEnd":77,"pos":"NNP","before":" ","after":""},{"index":15,"word":",","originalText":",","characterOffsetBegin":77,"characterOffsetEnd":78,"pos":",","before":"","after":"\t"},{"index":16,"word":"I","originalText":"I","characterOffsetBegin":79,"characterOffsetEnd":80,"pos":"PRP","before":"\t","after":" "},{"index":17,"word":"am","originalText":"am","characterOffsetBegin":81,"characterOffsetEnd":83,"pos":"VBP","before":" ","after":" "},{"index":18,"word":"in","originalText":"in","characterOffsetBegin":84,"characterOffsetEnd":86,"pos":"IN","before":" ","after":" "},{"index":19,"word":"the","originalText":"the","characterOffsetBegin":87,"characterOffsetEnd":90,"pos":"DT","before":" ","after":" "},{"index":20,"word":"process","originalText":"process","characterOffsetBegin":91,"characterOffsetEnd":98,"pos":"NN","before":" ","after":" "},{"index":21,"word":"of","originalText":"of","characterOffsetBegin":99,"characterOffsetEnd":101,"pos":"IN","before":" ","after":" "},{"index":22,"word":"making","originalText":"making","characterOffsetBegin":102,"characterOffsetEnd":108,"pos":"VBG","before":" ","after":" "},{"index":23,"word":"the","originalText":"the","characterOffsetBegin":109,"characterOffsetEnd":112,"pos":"DT","before":" ","after":" "},{"index":24,"word":"decision","originalText":"decision","characterOffsetBegin":113,"characterOffsetEnd":121,"pos":"NN","before":" ","after":" "},{"index":25,"word":"whether","originalText":"whether","characterOffsetBegin":122,"characterOffsetEnd":129,"pos":"IN","before":" ","after":" "},{"index":26,"word":"I","originalText":"I","characterOffsetBegin":130,"characterOffsetEnd":131,"pos":"PRP","before":" ","after":" "},{"index":27,"word":"shouldwrite","originalText":"shouldwrite","characterOffsetBegin":132,"characterOffsetEnd":143,"pos":"VBP","before":" ","after":" "},{"index":28,"word":"c++","originalText":"c++","characterOffsetBegin":144,"characterOffsetEnd":147,"pos":"JJ","before":" ","after":" "},{"index":29,"word":"wrappers","originalText":"wrappers","characterOffsetBegin":148,"characterOffsetEnd":156,"pos":"NNS","before":" ","after":" "},{"index":30,"word":"for","originalText":"for","characterOffsetBegin":157,"characterOffsetEnd":160,"pos":"IN","before":" ","after":" "},{"index":31,"word":"motif","originalText":"motif","characterOffsetBegin":161,"characterOffsetEnd":166,"pos":"NN","before":" ","after":" "},{"index":32,"word":"myself","originalText":"myself","characterOffsetBegin":167,"characterOffsetEnd":173,"pos":"PRP","before":" ","after":" "},{"index":33,"word":"or","originalText":"or","characterOffsetBegin":174,"characterOffsetEnd":176,"pos":"CC","before":" ","after":" "},{"index":34,"word":"use","originalText":"use","characterOffsetBegin":177,"characterOffsetEnd":180,"pos":"VB","before":" ","after":" "},{"index":35,"word":"Motif","originalText":"Motif","characterOffsetBegin":181,"characterOffsetEnd":186,"pos":"NN","before":" ","after":""},{"index":36,"word":"+","originalText":"+","characterOffsetBegin":186,"characterOffsetEnd":187,"pos":"CC","before":"","after":""},{"index":37,"word":"+","originalText":"+","characterOffsetBegin":187,"characterOffsetEnd":188,"pos":"CC","before":"","after":" "},{"index":38,"word":"or","originalText":"or","characterOffsetBegin":189,"characterOffsetEnd":191,"pos":"CC","before":" ","after":" "},{"index":39,"word":"Interviews.Though","originalText":"Interviews.Though","characterOffsetBegin":192,"characterOffsetEnd":209,"pos":"JJ","before":" ","after":" "},{"index":40,"word":"I","originalText":"I","characterOffsetBegin":210,"characterOffsetEnd":211,"pos":"PRP","before":" ","after":" "},{"index":41,"word":"have","originalText":"have","characterOffsetBegin":212,"characterOffsetEnd":216,"pos":"VBP","before":" ","after":" "},{"index":42,"word":"downloaded","originalText":"downloaded","characterOffsetBegin":217,"characterOffsetEnd":227,"pos":"VBN","before":" ","after":" "},{"index":43,"word":"the","originalText":"the","characterOffsetBegin":228,"characterOffsetEnd":231,"pos":"DT","before":" ","after":" "},{"index":44,"word":"tar","originalText":"tar","characterOffsetBegin":232,"characterOffsetEnd":235,"pos":"NN","before":" ","after":" "},{"index":45,"word":"files","originalText":"files","characterOffsetBegin":236,"characterOffsetEnd":241,"pos":"NNS","before":" ","after":""},{"index":46,"word":",","originalText":",","characterOffsetBegin":241,"characterOffsetEnd":242,"pos":",","before":"","after":" "},{"index":47,"word":"I","originalText":"I","characterOffsetBegin":243,"characterOffsetEnd":244,"pos":"PRP","before":" ","after":" "},{"index":48,"word":"fail","originalText":"fail","characterOffsetBegin":245,"characterOffsetEnd":249,"pos":"VBP","before":" ","after":" "},{"index":49,"word":"to","originalText":"to","characterOffsetBegin":250,"characterOffsetEnd":252,"pos":"TO","before":" ","after":" "},{"index":50,"word":"see","originalText":"see","characterOffsetBegin":253,"characterOffsetEnd":256,"pos":"VB","before":" ","after":" "},{"index":51,"word":"anydocumentation","originalText":"anydocumentation","characterOffsetBegin":257,"characterOffsetEnd":273,"pos":"NN","before":" ","after":""},{"index":52,"word":".","originalText":".","characterOffsetBegin":273,"characterOffsetEnd":274,"pos":".","before":"","after":" "}]},{"index":1,"tokens":[{"index":1,"word":"I","originalText":"I","characterOffsetBegin":275,"characterOffsetEnd":276,"pos":"PRP","before":" ","after":" "},{"index":2,"word":"have","originalText":"have","characterOffsetBegin":277,"characterOffsetEnd":281,"pos":"VBP","before":" ","after":" "},{"index":3,"word":"two","originalText":"two","characterOffsetBegin":282,"characterOffsetEnd":285,"pos":"CD","before":" ","after":" "},{"index":4,"word":"questions","originalText":"questions","characterOffsetBegin":286,"characterOffsetEnd":295,"pos":"NNS","before":" ","after":""},{"index":5,"word":":","originalText":":","characterOffsetBegin":295,"characterOffsetEnd":296,"pos":":","before":"","after":"\t"},{"index":6,"word":"1","originalText":"1","characterOffsetBegin":297,"characterOffsetEnd":298,"pos":"LS","before":"\t","after":""},{"index":7,"word":"-RRB-","originalText":")","characterOffsetBegin":298,"characterOffsetEnd":299,"pos":"-RRB-","before":"","after":" "},{"index":8,"word":"If","originalText":"If","characterOffsetBegin":300,"characterOffsetEnd":302,"pos":"IN","before":" ","after":" "},{"index":9,"word":"you","originalText":"you","characterOffsetBegin":303,"characterOffsetEnd":306,"pos":"PRP","before":" ","after":" "},{"index":10,"word":"have","originalText":"have","characterOffsetBegin":307,"characterOffsetEnd":311,"pos":"VBP","before":" ","after":" "},{"index":11,"word":"used","originalText":"used","characterOffsetBegin":312,"characterOffsetEnd":316,"pos":"VBN","before":" ","after":" "},{"index":12,"word":"these","originalText":"these","characterOffsetBegin":317,"characterOffsetEnd":322,"pos":"DT","before":" ","after":" "},{"index":13,"word":"or","originalText":"or","characterOffsetBegin":323,"characterOffsetEnd":325,"pos":"CC","before":" ","after":" "},{"index":14,"word":"similar","originalText":"similar","characterOffsetBegin":326,"characterOffsetEnd":333,"pos":"JJ","before":" ","after":" "},{"index":15,"word":"c++","originalText":"c++","characterOffsetBegin":334,"characterOffsetEnd":337,"pos":"JJ","before":" ","after":""},{"index":16,"word":"sy","originalText":"sy","characterOffsetBegin":337,"characterOffsetEnd":339,"pos":"NN","before":"","after":" "},{"index":17,"word":"toolkits","originalText":"toolkits","characterOffsetBegin":340,"characterOffsetEnd":348,"pos":"NNS","before":" ","after":" "},{"index":18,"word":"what","originalText":"what","characterOffsetBegin":349,"characterOffsetEnd":353,"pos":"WDT","before":" ","after":" "},{"index":19,"word":"has","originalText":"has","characterOffsetBegin":354,"characterOffsetEnd":357,"pos":"VBZ","before":" ","after":" "},{"index":20,"word":"beenyour","originalText":"beenyour","characterOffsetBegin":358,"characterOffsetEnd":366,"pos":"NN","before":" ","after":" "},{"index":21,"word":"experience","originalText":"experience","characterOffsetBegin":367,"characterOffsetEnd":377,"pos":"NN","before":" ","after":""},{"index":22,"word":"?","originalText":"?","characterOffsetBegin":377,"characterOffsetEnd":378,"pos":".","before":"","after":"\t"}]},{"index":2,"tokens":[{"index":1,"word":"2","originalText":"2","characterOffsetBegin":379,"characterOffsetEnd":380,"pos":"LS","before":"\t","after":""},{"index":2,"word":"-RRB-","originalText":")","characterOffsetBegin":380,"characterOffsetEnd":381,"pos":"-RRB-","before":"","after":" "},{"index":3,"word":"Where","originalText":"Where","characterOffsetBegin":382,"characterOffsetEnd":387,"pos":"WRB","before":" ","after":" "},{"index":4,"word":"do","originalText":"do","characterOffsetBegin":388,"characterOffsetEnd":390,"pos":"VBP","before":" ","after":" "},{"index":5,"word":"I","originalText":"I","characterOffsetBegin":391,"characterOffsetEnd":392,"pos":"PRP","before":" ","after":" "},{"index":6,"word":"find","originalText":"find","characterOffsetBegin":393,"characterOffsetEnd":397,"pos":"VB","before":" ","after":" "},{"index":7,"word":"reference","originalText":"reference","characterOffsetBegin":398,"characterOffsetEnd":407,"pos":"NN","before":" ","after":" "},{"index":8,"word":"books","originalText":"books","characterOffsetBegin":408,"characterOffsetEnd":413,"pos":"NNS","before":" ","after":" "},{"index":9,"word":"/","originalText":"/","characterOffsetBegin":414,"characterOffsetEnd":415,"pos":":","before":" ","after":""},{"index":10,"word":"documentation","originalText":"documentation","characterOffsetBegin":415,"characterOffsetEnd":428,"pos":"NN","before":"","after":" "},{"index":11,"word":"for","originalText":"for","characterOffsetBegin":429,"characterOffsetEnd":432,"pos":"IN","before":" ","after":" "},{"index":12,"word":"them?any","originalText":"them?any","characterOffsetBegin":433,"characterOffsetEnd":441,"pos":"NN","before":" ","after":" "},{"index":13,"word":"and","originalText":"and","characterOffsetBegin":442,"characterOffsetEnd":445,"pos":"CC","before":" ","after":" "},{"index":14,"word":"all","originalText":"all","characterOffsetBegin":446,"characterOffsetEnd":449,"pos":"DT","before":" ","after":" "},{"index":15,"word":"input","originalText":"input","characterOffsetBegin":450,"characterOffsetEnd":455,"pos":"NN","before":" ","after":" "},{"index":16,"word":"will","originalText":"will","characterOffsetBegin":456,"characterOffsetEnd":460,"pos":"MD","before":" ","after":" "},{"index":17,"word":"be","originalText":"be","characterOffsetBegin":461,"characterOffsetEnd":463,"pos":"VB","before":" ","after":" "},{"index":18,"word":"greatly","originalText":"greatly","characterOffsetBegin":464,"characterOffsetEnd":471,"pos":"RB","before":" ","after":" "},{"index":19,"word":"appreciated","originalText":"appreciated","characterOffsetBegin":472,"characterOffsetEnd":483,"pos":"VBN","before":" ","after":""},{"index":20,"word":".","originalText":".","characterOffsetBegin":483,"characterOffsetEnd":484,"pos":".","before":"","after":""}]},{"index":3,"tokens":[{"index":1,"word":"/","originalText":"/","characterOffsetBegin":484,"characterOffsetEnd":485,"pos":":","before":"","after":""},{"index":2,"word":"unmesh","originalText":"unmesh","characterOffsetBegin":485,"characterOffsetEnd":491,"pos":"JJ","before":"","after":""}]}]}