{"sentences":[{"index":0,"tokens":[{"index":1,"word":"From","originalText":"From","characterOffsetBegin":0,"characterOffsetEnd":4,"pos":"IN","before":"","after":""},{"index":2,"word":":","originalText":":","characterOffsetBegin":4,"characterOffsetEnd":5,"pos":":","before":"","after":" "},{"index":3,"word":"carlj@mugwump","originalText":"carlj@mugwump","characterOffsetBegin":6,"characterOffsetEnd":19,"pos":"NN","before":" ","after":" "},{"index":4,"word":"-LRB-","originalText":"(","characterOffsetBegin":20,"characterOffsetEnd":21,"pos":"-LRB-","before":" ","after":""},{"index":5,"word":"Carl","originalText":"Carl","characterOffsetBegin":21,"characterOffsetEnd":25,"pos":"NNP","before":"","after":" "},{"index":6,"word":"Johnson","originalText":"Johnson","characterOffsetBegin":26,"characterOffsetEnd":33,"pos":"NNP","before":" ","after":""},{"index":7,"word":"-RRB-","originalText":")","characterOffsetBegin":33,"characterOffsetEnd":34,"pos":"-RRB-","before":"","after":""},{"index":8,"word":"Subject","originalText":"Subject","characterOffsetBegin":34,"characterOffsetEnd":41,"pos":"NNP","before":"","after":""},{"index":9,"word":":","originalText":":","characterOffsetBegin":41,"characterOffsetEnd":42,"pos":":","before":"","after":" "},{"index":10,"word":"xterm","originalText":"xterm","characterOffsetBegin":43,"characterOffsetEnd":48,"pos":"NN","before":" ","after":" "},{"index":11,"word":"and","originalText":"and","characterOffsetBegin":49,"characterOffsetEnd":52,"pos":"CC","before":" ","after":" "},{"index":12,"word":"default","originalText":"default","characterOffsetBegin":53,"characterOffsetEnd":60,"pos":"NN","before":" ","after":" "},{"index":13,"word":"text","originalText":"text","characterOffsetBegin":61,"characterOffsetEnd":65,"pos":"NN","before":" ","after":" "},{"index":14,"word":"cursor","originalText":"cursor","characterOffsetBegin":66,"characterOffsetEnd":72,"pos":"NN","before":" ","after":" "},{"index":15,"word":"colorWhat","originalText":"colorWhat","characterOffsetBegin":73,"characterOffsetEnd":82,"pos":"NN","before":" ","after":" "},{"index":16,"word":"I","originalText":"I","characterOffsetBegin":83,"characterOffsetEnd":84,"pos":"PRP","before":" ","after":" "},{"index":17,"word":"want","originalText":"want","characterOffsetBegin":85,"characterOffsetEnd":89,"pos":"VBP","before":" ","after":" "},{"index":18,"word":"to","originalText":"to","characterOffsetBegin":90,"characterOffsetEnd":92,"pos":"TO","before":" ","after":" "},{"index":19,"word":"be","originalText":"be","characterOffsetBegin":93,"characterOffsetEnd":95,"pos":"VB","before":" ","after":" "},{"index":20,"word":"able","originalText":"able","characterOffsetBegin":96,"characterOffsetEnd":100,"pos":"JJ","before":" ","after":" "},{"index":21,"word":"to","originalText":"to","characterOffsetBegin":101,"characterOffsetEnd":103,"pos":"TO","before":" ","after":" "},{"index":22,"word":"do","originalText":"do","characterOffsetBegin":104,"characterOffsetEnd":106,"pos":"VB","before":" ","after":" "},{"index":23,"word":"is","originalText":"is","characterOffsetBegin":107,"characterOffsetEnd":109,"pos":"VBZ","before":" ","after":" "},{"index":24,"word":"to","originalText":"to","characterOffsetBegin":110,"characterOffsetEnd":112,"pos":"TO","before":" ","after":" "},{"index":25,"word":"set","originalText":"set","characterOffsetBegin":113,"characterOffsetEnd":116,"pos":"VB","before":" ","after":" "},{"index":26,"word":"the","originalText":"the","characterOffsetBegin":117,"characterOffsetEnd":120,"pos":"DT","before":" ","after":" "},{"index":27,"word":"cursorcolor","originalText":"cursorcolor","characterOffsetBegin":121,"characterOffsetEnd":132,"pos":"NN","before":" ","after":" "},{"index":28,"word":"to","originalText":"to","characterOffsetBegin":133,"characterOffsetEnd":135,"pos":"TO","before":" ","after":" "},{"index":29,"word":"the","originalText":"the","characterOffsetBegin":136,"characterOffsetEnd":139,"pos":"DT","before":" ","after":" "},{"index":30,"word":"same","originalText":"same","characterOffsetBegin":140,"characterOffsetEnd":144,"pos":"JJ","before":" ","after":" "},{"index":31,"word":"as","originalText":"as","characterOffsetBegin":145,"characterOffsetEnd":147,"pos":"IN","before":" ","after":" "},{"index":32,"word":"the","originalText":"the","characterOffsetBegin":148,"characterOffsetEnd":151,"pos":"DT","before":" ","after":" "},{"index":33,"word":"forground","originalText":"forground","characterOffsetBegin":152,"characterOffsetEnd":161,"pos":"JJ","before":" ","after":" "},{"index":34,"word":"color","originalText":"color","characterOffsetBegin":162,"characterOffsetEnd":167,"pos":"NN","before":" ","after":" "},{"index":35,"word":"that","originalText":"that","characterOffsetBegin":168,"characterOffsetEnd":172,"pos":"WDT","before":" ","after":" "},{"index":36,"word":"is","originalText":"is","characterOffsetBegin":173,"characterOffsetEnd":175,"pos":"VBZ","before":" ","after":" "},{"index":37,"word":"setfor","originalText":"setfor","characterOffsetBegin":176,"characterOffsetEnd":182,"pos":"NN","before":" ","after":" "},{"index":38,"word":"that","originalText":"that","characterOffsetBegin":183,"characterOffsetEnd":187,"pos":"IN","before":" ","after":" "},{"index":39,"word":"xterm.From","originalText":"xterm.From","characterOffsetBegin":188,"characterOffsetEnd":198,"pos":"NN","before":" ","after":" "},{"index":40,"word":"the","originalText":"the","characterOffsetBegin":199,"characterOffsetEnd":202,"pos":"DT","before":" ","after":" "},{"index":41,"word":"man","originalText":"man","characterOffsetBegin":203,"characterOffsetEnd":206,"pos":"NN","before":" ","after":" "},{"index":42,"word":"page.....-cr","originalText":"page.....-cr","characterOffsetBegin":207,"characterOffsetEnd":219,"pos":"JJ","before":" ","after":" "},{"index":43,"word":"color","originalText":"color","characterOffsetBegin":220,"characterOffsetEnd":225,"pos":"NN","before":" ","after":" "},{"index":44,"word":"This","originalText":"This","characterOffsetBegin":226,"characterOffsetEnd":230,"pos":"DT","before":" ","after":" "},{"index":45,"word":"option","originalText":"option","characterOffsetBegin":231,"characterOffsetEnd":237,"pos":"NN","before":" ","after":" "},{"index":46,"word":"specifies","originalText":"specifies","characterOffsetBegin":238,"characterOffsetEnd":247,"pos":"VBZ","before":" ","after":" "},{"index":47,"word":"the","originalText":"the","characterOffsetBegin":248,"characterOffsetEnd":251,"pos":"DT","before":" ","after":" "},{"index":48,"word":"color","originalText":"color","characterOffsetBegin":252,"characterOffsetEnd":257,"pos":"NN","before":" ","after":" "},{"index":49,"word":"to","originalText":"to","characterOffsetBegin":258,"characterOffsetEnd":260,"pos":"TO","before":" ","after":" "},{"index":50,"word":"use","originalText":"use","characterOffsetBegin":261,"characterOffsetEnd":264,"pos":"VB","before":" ","after":" "},{"index":51,"word":"for","originalText":"for","characterOffsetBegin":265,"characterOffsetEnd":268,"pos":"IN","before":" ","after":" "},{"index":52,"word":"text","originalText":"text","characterOffsetBegin":269,"characterOffsetEnd":273,"pos":"NN","before":" ","after":" "},{"index":53,"word":"cur","originalText":"cur","characterOffsetBegin":274,"characterOffsetEnd":277,"pos":"SYM","before":" ","after":""},{"index":54,"word":"-","originalText":"-","characterOffsetBegin":277,"characterOffsetEnd":278,"pos":":","before":"","after":" "},{"index":55,"word":"sor","originalText":"sor","characterOffsetBegin":279,"characterOffsetEnd":282,"pos":"NN","before":" ","after":""},{"index":56,"word":".","originalText":".","characterOffsetBegin":282,"characterOffsetEnd":283,"pos":".","before":"","after":"   "}]},{"index":1,"tokens":[{"index":1,"word":"The","originalText":"The","characterOffsetBegin":286,"characterOffsetEnd":289,"pos":"DT","before":"   ","after":"  "},{"index":2,"word":"default","originalText":"default","characterOffsetBegin":291,"characterOffsetEnd":298,"pos":"NN","before":"  ","after":"  "},{"index":3,"word":"is","originalText":"is","characterOffsetBegin":300,"characterOffsetEnd":302,"pos":"VBZ","before":"  ","after":"  "},{"index":4,"word":"to","originalText":"to","characterOffsetBegin":304,"characterOffsetEnd":306,"pos":"TO","before":"  ","after":"  "},{"index":5,"word":"use","originalText":"use","characterOffsetBegin":308,"characterOffsetEnd":311,"pos":"VB","before":"  ","after":" "},{"index":6,"word":"the","originalText":"the","characterOffsetBegin":312,"characterOffsetEnd":315,"pos":"DT","before":" ","after":" "},{"index":7,"word":"same","originalText":"same","characterOffsetBegin":316,"characterOffsetEnd":320,"pos":"JJ","before":" ","after":" "},{"index":8,"word":"foreground","originalText":"foreground","characterOffsetBegin":321,"characterOffsetEnd":331,"pos":"NN","before":" ","after":"  "},{"index":9,"word":"<","originalText":"<","characterOffsetBegin":333,"characterOffsetEnd":334,"pos":"JJR","before":"  ","after":""},{"index":10,"word":"--","originalText":"---","characterOffsetBegin":334,"characterOffsetEnd":337,"pos":":","before":"","after":" "},{"index":11,"word":"color","originalText":"color","characterOffsetBegin":338,"characterOffsetEnd":343,"pos":"NN","before":" ","after":" "},{"index":12,"word":"that","originalText":"that","characterOffsetBegin":344,"characterOffsetEnd":348,"pos":"WDT","before":" ","after":" "},{"index":13,"word":"is","originalText":"is","characterOffsetBegin":349,"characterOffsetEnd":351,"pos":"VBZ","before":" ","after":" "},{"index":14,"word":"used","originalText":"used","characterOffsetBegin":352,"characterOffsetEnd":356,"pos":"VBN","before":" ","after":" "},{"index":15,"word":"for","originalText":"for","characterOffsetBegin":357,"characterOffsetEnd":360,"pos":"IN","before":" ","after":" "},{"index":16,"word":"text","originalText":"text","characterOffsetBegin":361,"characterOffsetEnd":365,"pos":"NN","before":" ","after":""},{"index":17,"word":".","originalText":".","characterOffsetBegin":365,"characterOffsetEnd":366,"pos":".","before":"","after":"  "}]},{"index":2,"tokens":[{"index":1,"word":"<","originalText":"<","characterOffsetBegin":368,"characterOffsetEnd":369,"pos":"JJR","before":"  ","after":""},{"index":2,"word":"--","originalText":"---","characterOffsetBegin":369,"characterOffsetEnd":372,"pos":":","before":"","after":""},{"index":3,"word":"However","originalText":"However","characterOffsetBegin":372,"characterOffsetEnd":379,"pos":"RB","before":"","after":" "},{"index":4,"word":"this","originalText":"this","characterOffsetBegin":380,"characterOffsetEnd":384,"pos":"DT","before":" ","after":" "},{"index":5,"word":"doesnt","originalText":"doesnt","characterOffsetBegin":385,"characterOffsetEnd":391,"pos":"NN","before":" ","after":" "},{"index":6,"word":"seem","originalText":"seem","characterOffsetBegin":392,"characterOffsetEnd":396,"pos":"VBP","before":" ","after":" "},{"index":7,"word":"to","originalText":"to","characterOffsetBegin":397,"characterOffsetEnd":399,"pos":"TO","before":" ","after":" "},{"index":8,"word":"be","originalText":"be","characterOffsetBegin":400,"characterOffsetEnd":402,"pos":"VB","before":" ","after":" "},{"index":9,"word":"the","originalText":"the","characterOffsetBegin":403,"characterOffsetEnd":406,"pos":"DT","before":" ","after":" "},{"index":10,"word":"case","originalText":"case","characterOffsetBegin":407,"characterOffsetEnd":411,"pos":"NN","before":" ","after":""},{"index":11,"word":",","originalText":",","characterOffsetBegin":411,"characterOffsetEnd":412,"pos":",","before":"","after":" "},{"index":12,"word":"it","originalText":"it","characterOffsetBegin":413,"characterOffsetEnd":415,"pos":"PRP","before":" ","after":" "},{"index":13,"word":"appears","originalText":"appears","characterOffsetBegin":416,"characterOffsetEnd":423,"pos":"VBZ","before":" ","after":" "},{"index":14,"word":"to","originalText":"to","characterOffsetBegin":424,"characterOffsetEnd":426,"pos":"TO","before":" ","after":" "},{"index":15,"word":"default","originalText":"default","characterOffsetBegin":427,"characterOffsetEnd":434,"pos":"VB","before":" ","after":" "},{"index":16,"word":"to","originalText":"to","characterOffsetBegin":435,"characterOffsetEnd":437,"pos":"TO","before":" ","after":" "},{"index":17,"word":"blackor","originalText":"blackor","characterOffsetBegin":438,"characterOffsetEnd":445,"pos":"VB","before":" ","after":" "},{"index":18,"word":"to","originalText":"to","characterOffsetBegin":446,"characterOffsetEnd":448,"pos":"TO","before":" ","after":" "},{"index":19,"word":"whatever","originalText":"whatever","characterOffsetBegin":449,"characterOffsetEnd":457,"pos":"WDT","before":" ","after":" "},{"index":20,"word":"XTerm","originalText":"XTerm","characterOffsetBegin":458,"characterOffsetEnd":463,"pos":"NNP","before":" ","after":""},{"index":21,"word":"*","originalText":"*","characterOffsetBegin":463,"characterOffsetEnd":464,"pos":"SYM","before":"","after":""},{"index":22,"word":"cursorColor","originalText":"cursorColor","characterOffsetBegin":464,"characterOffsetEnd":475,"pos":"NN","before":"","after":" "},{"index":23,"word":"is","originalText":"is","characterOffsetBegin":476,"characterOffsetEnd":478,"pos":"VBZ","before":" ","after":" "},{"index":24,"word":"set","originalText":"set","characterOffsetBegin":479,"characterOffsetEnd":482,"pos":"VBN","before":" ","after":" "},{"index":25,"word":"to.Feel","originalText":"to.Feel","characterOffsetBegin":483,"characterOffsetEnd":490,"pos":"NN","before":" ","after":" "},{"index":26,"word":"free","originalText":"free","characterOffsetBegin":491,"characterOffsetEnd":495,"pos":"JJ","before":" ","after":" "},{"index":27,"word":"to","originalText":"to","characterOffsetBegin":496,"characterOffsetEnd":498,"pos":"TO","before":" ","after":" "},{"index":28,"word":"point","originalText":"point","characterOffsetBegin":499,"characterOffsetEnd":504,"pos":"VB","before":" ","after":" "},{"index":29,"word":"me","originalText":"me","characterOffsetBegin":505,"characterOffsetEnd":507,"pos":"PRP","before":" ","after":" "},{"index":30,"word":"at","originalText":"at","characterOffsetBegin":508,"characterOffsetEnd":510,"pos":"IN","before":" ","after":" "},{"index":31,"word":"the","originalText":"the","characterOffsetBegin":511,"characterOffsetEnd":514,"pos":"DT","before":" ","after":" "},{"index":32,"word":"relevant","originalText":"relevant","characterOffsetBegin":515,"characterOffsetEnd":523,"pos":"JJ","before":" ","after":" "},{"index":33,"word":"FM","originalText":"FM","characterOffsetBegin":524,"characterOffsetEnd":526,"pos":"NN","before":" ","after":" "},{"index":34,"word":"or","originalText":"or","characterOffsetBegin":527,"characterOffsetEnd":529,"pos":"CC","before":" ","after":" "},{"index":35,"word":"whatever","originalText":"whatever","characterOffsetBegin":530,"characterOffsetEnd":538,"pos":"WDT","before":" ","after":""},{"index":36,"word":",","originalText":",","characterOffsetBegin":538,"characterOffsetEnd":539,"pos":",","before":"","after":""},{"index":37,"word":"Cheers","originalText":"Cheers","characterOffsetBegin":539,"characterOffsetEnd":545,"pos":"NNP","before":"","after":""},{"index":38,"word":",","originalText":",","characterOffsetBegin":545,"characterOffsetEnd":546,"pos":",","before":"","after":""},{"index":39,"word":"C","originalText":"C","characterOffsetBegin":546,"characterOffsetEnd":547,"pos":"NNP","before":"","after":""}]}]}