{"sentences":[{"index":0,"tokens":[{"index":1,"word":"From","originalText":"From","characterOffsetBegin":0,"characterOffsetEnd":4,"pos":"IN","before":"","after":""},{"index":2,"word":":","originalText":":","characterOffsetBegin":4,"characterOffsetEnd":5,"pos":":","before":"","after":" "},{"index":3,"word":"adrian@ora.COM","originalText":"adrian@ora.COM","characterOffsetBegin":6,"characterOffsetEnd":20,"pos":"NN","before":" ","after":" "},{"index":4,"word":"-LRB-","originalText":"(","characterOffsetBegin":21,"characterOffsetEnd":22,"pos":"-LRB-","before":" ","after":""},{"index":5,"word":"Adrian","originalText":"Adrian","characterOffsetBegin":22,"characterOffsetEnd":28,"pos":"NNP","before":"","after":" "},{"index":6,"word":"Nye","originalText":"Nye","characterOffsetBegin":29,"characterOffsetEnd":32,"pos":"NNP","before":" ","after":""},{"index":7,"word":"-RRB-","originalText":")","characterOffsetBegin":32,"characterOffsetEnd":33,"pos":"-RRB-","before":"","after":""},{"index":8,"word":"Subject","originalText":"Subject","characterOffsetBegin":33,"characterOffsetEnd":40,"pos":"NNP","before":"","after":""},{"index":9,"word":":","originalText":":","characterOffsetBegin":40,"characterOffsetEnd":41,"pos":":","before":"","after":" "},{"index":10,"word":"widgets","originalText":"widgets","characterOffsetBegin":42,"characterOffsetEnd":49,"pos":"NNS","before":" ","after":" "},{"index":11,"word":"vs.","originalText":"vs.","characterOffsetBegin":50,"characterOffsetEnd":53,"pos":"CC","before":" ","after":" "},{"index":12,"word":"gadgets","originalText":"gadgets","characterOffsetBegin":54,"characterOffsetEnd":61,"pos":"NNS","before":" ","after":""},{"index":13,"word":">","originalText":">","characterOffsetBegin":61,"characterOffsetEnd":62,"pos":"JJR","before":"","after":" "},{"index":14,"word":"I","originalText":"I","characterOffsetBegin":63,"characterOffsetEnd":64,"pos":"PRP","before":" ","after":""},{"index":15,"word":"'ve","originalText":"'ve","characterOffsetBegin":64,"characterOffsetEnd":67,"pos":"VBP","before":"","after":" "},{"index":16,"word":"been","originalText":"been","characterOffsetBegin":68,"characterOffsetEnd":72,"pos":"VBN","before":" ","after":" "},{"index":17,"word":"using","originalText":"using","characterOffsetBegin":73,"characterOffsetEnd":78,"pos":"VBG","before":" ","after":" "},{"index":18,"word":"the","originalText":"the","characterOffsetBegin":79,"characterOffsetEnd":82,"pos":"DT","before":" ","after":" "},{"index":19,"word":"XmGraph","originalText":"XmGraph","characterOffsetBegin":83,"characterOffsetEnd":90,"pos":"NNP","before":" ","after":" "},{"index":20,"word":"widget","originalText":"widget","characterOffsetBegin":91,"characterOffsetEnd":97,"pos":"NN","before":" ","after":" "},{"index":21,"word":"that","originalText":"that","characterOffsetBegin":98,"characterOffsetEnd":102,"pos":"WDT","before":" ","after":""},{"index":22,"word":"'s","originalText":"'s","characterOffsetBegin":102,"characterOffsetEnd":104,"pos":"VBZ","before":"","after":" "},{"index":23,"word":"been","originalText":"been","characterOffsetBegin":105,"characterOffsetEnd":109,"pos":"VBN","before":" ","after":" "},{"index":24,"word":"floating","originalText":"floating","characterOffsetBegin":110,"characterOffsetEnd":118,"pos":"VBG","before":" ","after":" "},{"index":25,"word":"around","originalText":"around","characterOffsetBegin":119,"characterOffsetEnd":125,"pos":"RB","before":" ","after":" "},{"index":26,"word":"and","originalText":"and","characterOffsetBegin":126,"characterOffsetEnd":129,"pos":"CC","before":" ","after":" "},{"index":27,"word":"I","originalText":"I","characterOffsetBegin":130,"characterOffsetEnd":131,"pos":"PRP","before":" ","after":""},{"index":28,"word":">","originalText":">","characterOffsetBegin":131,"characterOffsetEnd":132,"pos":"JJR","before":"","after":" "},{"index":29,"word":"noticed","originalText":"noticed","characterOffsetBegin":133,"characterOffsetEnd":140,"pos":"VBD","before":" ","after":" "},{"index":30,"word":"the","originalText":"the","characterOffsetBegin":141,"characterOffsetEnd":144,"pos":"DT","before":" ","after":" "},{"index":31,"word":"performance","originalText":"performance","characterOffsetBegin":145,"characterOffsetEnd":156,"pos":"NN","before":" ","after":" "},{"index":32,"word":"is","originalText":"is","characterOffsetBegin":157,"characterOffsetEnd":159,"pos":"VBZ","before":" ","after":" "},{"index":33,"word":"significantly","originalText":"significantly","characterOffsetBegin":160,"characterOffsetEnd":173,"pos":"RB","before":" ","after":" "},{"index":34,"word":"better","originalText":"better","characterOffsetBegin":174,"characterOffsetEnd":180,"pos":"JJR","before":" ","after":" "},{"index":35,"word":"using","originalText":"using","characterOffsetBegin":181,"characterOffsetEnd":186,"pos":"VBG","before":" ","after":" "},{"index":36,"word":"Gadgets","originalText":"Gadgets","characterOffsetBegin":187,"characterOffsetEnd":194,"pos":"NNS","before":" ","after":""},{"index":37,"word":",","originalText":",","characterOffsetBegin":194,"characterOffsetEnd":195,"pos":",","before":"","after":" "},{"index":38,"word":"perhaps","originalText":"perhaps","characterOffsetBegin":196,"characterOffsetEnd":203,"pos":"RB","before":" ","after":""},{"index":39,"word":">","originalText":">","characterOffsetBegin":203,"characterOffsetEnd":204,"pos":"JJR","before":"","after":" "},{"index":40,"word":"even","originalText":"even","characterOffsetBegin":205,"characterOffsetEnd":209,"pos":"RB","before":" ","after":" "},{"index":41,"word":"100","originalText":"100","characterOffsetBegin":210,"characterOffsetEnd":213,"pos":"CD","before":" ","after":""},{"index":42,"word":"%","originalText":"%","characterOffsetBegin":213,"characterOffsetEnd":214,"pos":"NN","before":"","after":" "},{"index":43,"word":"faster","originalText":"faster","characterOffsetBegin":215,"characterOffsetEnd":221,"pos":"JJR","before":" ","after":""},{"index":44,"word":".","originalText":".","characterOffsetBegin":221,"characterOffsetEnd":222,"pos":".","before":"","after":"  "}]},{"index":1,"tokens":[{"index":1,"word":"I","originalText":"I","characterOffsetBegin":224,"characterOffsetEnd":225,"pos":"PRP","before":"  ","after":" "},{"index":2,"word":"had","originalText":"had","characterOffsetBegin":226,"characterOffsetEnd":229,"pos":"VBD","before":" ","after":" "},{"index":3,"word":"heard","originalText":"heard","characterOffsetBegin":230,"characterOffsetEnd":235,"pos":"VBN","before":" ","after":" "},{"index":4,"word":"in","originalText":"in","characterOffsetBegin":236,"characterOffsetEnd":238,"pos":"IN","before":" ","after":" "},{"index":5,"word":"an","originalText":"an","characterOffsetBegin":239,"characterOffsetEnd":241,"pos":"DT","before":" ","after":" "},{"index":6,"word":"old","originalText":"old","characterOffsetBegin":242,"characterOffsetEnd":245,"pos":"JJ","before":" ","after":" "},{"index":7,"word":"programming","originalText":"programming","characterOffsetBegin":246,"characterOffsetEnd":257,"pos":"NN","before":" ","after":" "},{"index":8,"word":"course","originalText":"course","characterOffsetBegin":258,"characterOffsetEnd":264,"pos":"NN","before":" ","after":" "},{"index":9,"word":"that","originalText":"that","characterOffsetBegin":265,"characterOffsetEnd":269,"pos":"WDT","before":" ","after":" "},{"index":10,"word":"gadgets","originalText":"gadgets","characterOffsetBegin":270,"characterOffsetEnd":277,"pos":"NNS","before":" ","after":""},{"index":11,"word":">","originalText":">","characterOffsetBegin":277,"characterOffsetEnd":278,"pos":"JJR","before":"","after":" "},{"index":12,"word":"were","originalText":"were","characterOffsetBegin":279,"characterOffsetEnd":283,"pos":"VBD","before":" ","after":" "},{"index":13,"word":"no","originalText":"no","characterOffsetBegin":284,"characterOffsetEnd":286,"pos":"RB","before":" ","after":" "},{"index":14,"word":"longer","originalText":"longer","characterOffsetBegin":287,"characterOffsetEnd":293,"pos":"RB","before":" ","after":" "},{"index":15,"word":"any","originalText":"any","characterOffsetBegin":294,"characterOffsetEnd":297,"pos":"DT","before":" ","after":" "},{"index":16,"word":"benefit","originalText":"benefit","characterOffsetBegin":298,"characterOffsetEnd":305,"pos":"NN","before":" ","after":" "},{"index":17,"word":"to","originalText":"to","characterOffsetBegin":306,"characterOffsetEnd":308,"pos":"TO","before":" ","after":" "},{"index":18,"word":"performance","originalText":"performance","characterOffsetBegin":309,"characterOffsetEnd":320,"pos":"NN","before":" ","after":""},{"index":19,"word":",","originalText":",","characterOffsetBegin":320,"characterOffsetEnd":321,"pos":",","before":"","after":" "},{"index":20,"word":"and","originalText":"and","characterOffsetBegin":322,"characterOffsetEnd":325,"pos":"CC","before":" ","after":" "},{"index":21,"word":"that","originalText":"that","characterOffsetBegin":326,"characterOffsetEnd":330,"pos":"IN","before":" ","after":" "},{"index":22,"word":"it","originalText":"it","characterOffsetBegin":331,"characterOffsetEnd":333,"pos":"PRP","before":" ","after":""},{"index":23,"word":"'s","originalText":"'s","characterOffsetBegin":333,"characterOffsetEnd":335,"pos":"VBZ","before":"","after":" "},{"index":24,"word":"just","originalText":"just","characterOffsetBegin":336,"characterOffsetEnd":340,"pos":"RB","before":" ","after":" "},{"index":25,"word":"as","originalText":"as","characterOffsetBegin":341,"characterOffsetEnd":343,"pos":"RB","before":" ","after":" "},{"index":26,"word":"well","originalText":"well","characterOffsetBegin":344,"characterOffsetEnd":348,"pos":"RB","before":" ","after":""},{"index":27,"word":">","originalText":">","characterOffsetBegin":348,"characterOffsetEnd":349,"pos":"JJR","before":"","after":" "},{"index":28,"word":"to","originalText":"to","characterOffsetBegin":350,"characterOffsetEnd":352,"pos":"TO","before":" ","after":" "},{"index":29,"word":"use","originalText":"use","characterOffsetBegin":353,"characterOffsetEnd":356,"pos":"VB","before":" ","after":" "},{"index":30,"word":"widgets","originalText":"widgets","characterOffsetBegin":357,"characterOffsetEnd":364,"pos":"NNS","before":" ","after":" "},{"index":31,"word":"everywhere","originalText":"everywhere","characterOffsetBegin":365,"characterOffsetEnd":375,"pos":"RB","before":" ","after":""},{"index":32,"word":".","originalText":".","characterOffsetBegin":375,"characterOffsetEnd":376,"pos":".","before":"","after":" "}]},{"index":2,"tokens":[{"index":1,"word":"Interesting","originalText":"Interesting","characterOffsetBegin":377,"characterOffsetEnd":388,"pos":"JJ","before":" ","after":""},{"index":2,"word":",","originalText":",","characterOffsetBegin":388,"characterOffsetEnd":389,"pos":",","before":"","after":" "},{"index":3,"word":"I","originalText":"I","characterOffsetBegin":390,"characterOffsetEnd":391,"pos":"PRP","before":" ","after":""},{"index":4,"word":"'d","originalText":"'d","characterOffsetBegin":391,"characterOffsetEnd":393,"pos":"MD","before":"","after":" "},{"index":5,"word":"like","originalText":"like","characterOffsetBegin":394,"characterOffsetEnd":398,"pos":"VB","before":" ","after":" "},{"index":6,"word":"to","originalText":"to","characterOffsetBegin":399,"characterOffsetEnd":401,"pos":"TO","before":" ","after":" "},{"index":7,"word":"know","originalText":"know","characterOffsetBegin":402,"characterOffsetEnd":406,"pos":"VB","before":" ","after":" "},{"index":8,"word":"why.But","originalText":"why.But","characterOffsetBegin":407,"characterOffsetEnd":414,"pos":"NN","before":" ","after":" "},{"index":9,"word":"try","originalText":"try","characterOffsetBegin":415,"characterOffsetEnd":418,"pos":"VB","before":" ","after":" "},{"index":10,"word":"it","originalText":"it","characterOffsetBegin":419,"characterOffsetEnd":421,"pos":"PRP","before":" ","after":" "},{"index":11,"word":"again","originalText":"again","characterOffsetBegin":422,"characterOffsetEnd":427,"pos":"RB","before":" ","after":" "},{"index":12,"word":"on","originalText":"on","characterOffsetBegin":428,"characterOffsetEnd":430,"pos":"IN","before":" ","after":" "},{"index":13,"word":"a","originalText":"a","characterOffsetBegin":431,"characterOffsetEnd":432,"pos":"DT","before":" ","after":" "},{"index":14,"word":"single","originalText":"single","characterOffsetBegin":433,"characterOffsetEnd":439,"pos":"JJ","before":" ","after":" "},{"index":15,"word":"ethernet","originalText":"ethernet","characterOffsetBegin":440,"characterOffsetEnd":448,"pos":"NN","before":" ","after":" "},{"index":16,"word":"with","originalText":"with","characterOffsetBegin":449,"characterOffsetEnd":453,"pos":"IN","before":" ","after":" "},{"index":17,"word":"100","originalText":"100","characterOffsetBegin":454,"characterOffsetEnd":457,"pos":"CD","before":" ","after":" "},{"index":18,"word":"X","originalText":"X","characterOffsetBegin":458,"characterOffsetEnd":459,"pos":"NN","before":" ","after":" "},{"index":19,"word":"terminals","originalText":"terminals","characterOffsetBegin":460,"characterOffsetEnd":469,"pos":"NNS","before":" ","after":" "},{"index":20,"word":"on","originalText":"on","characterOffsetBegin":470,"characterOffsetEnd":472,"pos":"IN","before":" ","after":" "},{"index":21,"word":"it","originalText":"it","characterOffsetBegin":473,"characterOffsetEnd":475,"pos":"PRP","before":" ","after":""},{"index":22,"word":",","originalText":",","characterOffsetBegin":475,"characterOffsetEnd":476,"pos":",","before":"","after":""},{"index":23,"word":"and","originalText":"and","characterOffsetBegin":476,"characterOffsetEnd":479,"pos":"CC","before":"","after":" "},{"index":24,"word":"I","originalText":"I","characterOffsetBegin":480,"characterOffsetEnd":481,"pos":"PRP","before":" ","after":" "},{"index":25,"word":"think","originalText":"think","characterOffsetBegin":482,"characterOffsetEnd":487,"pos":"VBP","before":" ","after":" "},{"index":26,"word":"you","originalText":"you","characterOffsetBegin":488,"characterOffsetEnd":491,"pos":"PRP","before":" ","after":""},{"index":27,"word":"'ll","originalText":"'ll","characterOffsetBegin":491,"characterOffsetEnd":494,"pos":"MD","before":"","after":" "},{"index":28,"word":"find","originalText":"find","characterOffsetBegin":495,"characterOffsetEnd":499,"pos":"VB","before":" ","after":" "},{"index":29,"word":"it","originalText":"it","characterOffsetBegin":500,"characterOffsetEnd":502,"pos":"PRP","before":" ","after":" "},{"index":30,"word":"much","originalText":"much","characterOffsetBegin":503,"characterOffsetEnd":507,"pos":"JJ","before":" ","after":" "},{"index":31,"word":"slower.Adrian","originalText":"slower.Adrian","characterOffsetBegin":508,"characterOffsetEnd":521,"pos":"NN","before":" ","after":" "},{"index":32,"word":"NyeO'Reilly","originalText":"NyeO'Reilly","characterOffsetBegin":522,"characterOffsetEnd":533,"pos":"NN","before":" ","after":" "},{"index":33,"word":"and","originalText":"and","characterOffsetBegin":534,"characterOffsetEnd":537,"pos":"CC","before":" ","after":" "},{"index":34,"word":"Associates","originalText":"Associates","characterOffsetBegin":538,"characterOffsetEnd":548,"pos":"NNPS","before":" ","after":""}]}]}