{"sentences":[{"index":0,"tokens":[{"index":1,"word":"From","originalText":"From","characterOffsetBegin":0,"characterOffsetEnd":4,"pos":"IN","before":"","after":""},{"index":2,"word":":","originalText":":","characterOffsetBegin":4,"characterOffsetEnd":5,"pos":":","before":"","after":" "},{"index":3,"word":"swick@news.Colorado.EDU","originalText":"swick@news.Colorado.EDU","characterOffsetBegin":6,"characterOffsetEnd":29,"pos":"NN","before":" ","after":" "},{"index":4,"word":"-LRB-","originalText":"(","characterOffsetBegin":30,"characterOffsetEnd":31,"pos":"-LRB-","before":" ","after":""},{"index":5,"word":"Ross","originalText":"Ross","characterOffsetBegin":31,"characterOffsetEnd":35,"pos":"NNP","before":"","after":" "},{"index":6,"word":"Swick","originalText":"Swick","characterOffsetBegin":36,"characterOffsetEnd":41,"pos":"NNP","before":" ","after":""},{"index":7,"word":"-RRB-","originalText":")","characterOffsetBegin":41,"characterOffsetEnd":42,"pos":"-RRB-","before":"","after":""},{"index":8,"word":"Subject","originalText":"Subject","characterOffsetBegin":42,"characterOffsetEnd":49,"pos":"NNP","before":"","after":""},{"index":9,"word":":","originalText":":","characterOffsetBegin":49,"characterOffsetEnd":50,"pos":":","before":"","after":" "},{"index":10,"word":"Books","originalText":"Books","characterOffsetBegin":51,"characterOffsetEnd":56,"pos":"NNS","before":" ","after":" "},{"index":11,"word":"on","originalText":"on","characterOffsetBegin":57,"characterOffsetEnd":59,"pos":"IN","before":" ","after":" "},{"index":12,"word":"I.C.C","originalText":"I.C.C","characterOffsetBegin":60,"characterOffsetEnd":65,"pos":"NN","before":" ","after":" "},{"index":13,"word":"other","originalText":"other","characterOffsetBegin":66,"characterOffsetEnd":71,"pos":"JJ","before":" ","after":" "},{"index":14,"word":"than","originalText":"than","characterOffsetBegin":72,"characterOffsetEnd":76,"pos":"IN","before":" ","after":" "},{"index":15,"word":"I.C.C.M.Can","originalText":"I.C.C.M.Can","characterOffsetBegin":77,"characterOffsetEnd":88,"pos":"JJ","before":" ","after":" "},{"index":16,"word":"anyone","originalText":"anyone","characterOffsetBegin":89,"characterOffsetEnd":95,"pos":"NN","before":" ","after":" "},{"index":17,"word":"recomend","originalText":"recomend","characterOffsetBegin":96,"characterOffsetEnd":104,"pos":"VB","before":" ","after":" "},{"index":18,"word":"a","originalText":"a","characterOffsetBegin":105,"characterOffsetEnd":106,"pos":"DT","before":" ","after":" "},{"index":19,"word":"good","originalText":"good","characterOffsetBegin":107,"characterOffsetEnd":111,"pos":"JJ","before":" ","after":" "},{"index":20,"word":"book","originalText":"book","characterOffsetBegin":112,"characterOffsetEnd":116,"pos":"NN","before":" ","after":" "},{"index":21,"word":"or","originalText":"or","characterOffsetBegin":117,"characterOffsetEnd":119,"pos":"CC","before":" ","after":" "},{"index":22,"word":"article","originalText":"article","characterOffsetBegin":120,"characterOffsetEnd":127,"pos":"NN","before":" ","after":" "},{"index":23,"word":"on","originalText":"on","characterOffsetBegin":128,"characterOffsetEnd":130,"pos":"IN","before":" ","after":" "},{"index":24,"word":"inter-client","originalText":"inter-client","characterOffsetBegin":131,"characterOffsetEnd":143,"pos":"JJ","before":" ","after":" "},{"index":25,"word":"communicationsBESIDES","originalText":"communicationsBESIDES","characterOffsetBegin":144,"characterOffsetEnd":165,"pos":"NN","before":" ","after":" "},{"index":26,"word":"I.C.C.M.","originalText":"I.C.C.M.","characterOffsetBegin":166,"characterOffsetEnd":174,"pos":"NN","before":" ","after":""},{"index":27,"word":"?","originalText":"?","characterOffsetBegin":174,"characterOffsetEnd":175,"pos":".","before":"","after":""}]},{"index":1,"tokens":[{"index":1,"word":"I","originalText":"I","characterOffsetBegin":175,"characterOffsetEnd":176,"pos":"PRP","before":"","after":""},{"index":2,"word":"'ve","originalText":"'ve","characterOffsetBegin":176,"characterOffsetEnd":179,"pos":"VBP","before":"","after":" "},{"index":3,"word":"looked","originalText":"looked","characterOffsetBegin":180,"characterOffsetEnd":186,"pos":"VBD","before":" ","after":" "},{"index":4,"word":"everywhere","originalText":"everywhere","characterOffsetBegin":187,"characterOffsetEnd":197,"pos":"RB","before":" ","after":" "},{"index":5,"word":"I","originalText":"I","characterOffsetBegin":198,"characterOffsetEnd":199,"pos":"PRP","before":" ","after":" "},{"index":6,"word":"can","originalText":"can","characterOffsetBegin":200,"characterOffsetEnd":203,"pos":"MD","before":" ","after":" "},{"index":7,"word":"and","originalText":"and","characterOffsetBegin":204,"characterOffsetEnd":207,"pos":"CC","before":" ","after":" "},{"index":8,"word":"it","originalText":"it","characterOffsetBegin":208,"characterOffsetEnd":210,"pos":"PRP","before":" ","after":" "},{"index":9,"word":"seems","originalText":"seems","characterOffsetBegin":211,"characterOffsetEnd":216,"pos":"VBZ","before":" ","after":" "},{"index":10,"word":"everyone","originalText":"everyone","characterOffsetBegin":217,"characterOffsetEnd":225,"pos":"NN","before":" ","after":" "},{"index":11,"word":"tells","originalText":"tells","characterOffsetBegin":226,"characterOffsetEnd":231,"pos":"VBZ","before":" ","after":" "},{"index":12,"word":"you","originalText":"you","characterOffsetBegin":232,"characterOffsetEnd":235,"pos":"PRP","before":" ","after":" "},{"index":13,"word":"how","originalText":"how","characterOffsetBegin":236,"characterOffsetEnd":239,"pos":"WRB","before":" ","after":" "},{"index":14,"word":"to","originalText":"to","characterOffsetBegin":240,"characterOffsetEnd":242,"pos":"TO","before":" ","after":" "},{"index":15,"word":"do","originalText":"do","characterOffsetBegin":243,"characterOffsetEnd":245,"pos":"VB","before":" ","after":" "},{"index":16,"word":"itbut","originalText":"itbut","characterOffsetBegin":246,"characterOffsetEnd":251,"pos":"JJ","before":" ","after":" "},{"index":17,"word":"nobody","originalText":"nobody","characterOffsetBegin":252,"characterOffsetEnd":258,"pos":"NN","before":" ","after":" "},{"index":18,"word":"SHOWS","originalText":"SHOWS","characterOffsetBegin":259,"characterOffsetEnd":264,"pos":"VBZ","before":" ","after":" "},{"index":19,"word":"you","originalText":"you","characterOffsetBegin":265,"characterOffsetEnd":268,"pos":"PRP","before":" ","after":" "},{"index":20,"word":"how","originalText":"how","characterOffsetBegin":269,"characterOffsetEnd":272,"pos":"WRB","before":" ","after":""},{"index":21,"word":".","originalText":".","characterOffsetBegin":272,"characterOffsetEnd":273,"pos":".","before":"","after":"  "}]},{"index":2,"tokens":[{"index":1,"word":"O'Reilly","originalText":"O'Reilly","characterOffsetBegin":275,"characterOffsetEnd":283,"pos":"NNP","before":"  ","after":" "},{"index":2,"word":"has","originalText":"has","characterOffsetBegin":284,"characterOffsetEnd":287,"pos":"VBZ","before":" ","after":" "},{"index":3,"word":"no","originalText":"no","characterOffsetBegin":288,"characterOffsetEnd":290,"pos":"DT","before":" ","after":" "},{"index":4,"word":"examples","originalText":"examples","characterOffsetBegin":291,"characterOffsetEnd":299,"pos":"NNS","before":" ","after":""},{"index":5,"word":",","originalText":",","characterOffsetBegin":299,"characterOffsetEnd":300,"pos":",","before":"","after":" "},{"index":6,"word":"ICCM","originalText":"ICCM","characterOffsetBegin":301,"characterOffsetEnd":305,"pos":"NN","before":" ","after":" "},{"index":7,"word":"has","originalText":"has","characterOffsetBegin":306,"characterOffsetEnd":309,"pos":"VBZ","before":" ","after":" "},{"index":8,"word":"no","originalText":"no","characterOffsetBegin":310,"characterOffsetEnd":312,"pos":"DT","before":" ","after":" "},{"index":9,"word":"examples","originalText":"examples","characterOffsetBegin":313,"characterOffsetEnd":321,"pos":"NNS","before":" ","after":""},{"index":10,"word":",","originalText":",","characterOffsetBegin":321,"characterOffsetEnd":322,"pos":",","before":"","after":""},{"index":11,"word":"Asente","originalText":"Asente","characterOffsetBegin":322,"characterOffsetEnd":328,"pos":"NNP","before":"","after":" "},{"index":12,"word":"&","originalText":"&","characterOffsetBegin":329,"characterOffsetEnd":330,"pos":"CC","before":" ","after":" "},{"index":13,"word":"Swick","originalText":"Swick","characterOffsetBegin":331,"characterOffsetEnd":336,"pos":"NNP","before":" ","after":" "},{"index":14,"word":"give","originalText":"give","characterOffsetBegin":337,"characterOffsetEnd":341,"pos":"VBP","before":" ","after":" "},{"index":15,"word":"no","originalText":"no","characterOffsetBegin":342,"characterOffsetEnd":344,"pos":"DT","before":" ","after":" "},{"index":16,"word":"examples","originalText":"examples","characterOffsetBegin":345,"characterOffsetEnd":353,"pos":"NNS","before":" ","after":" "},{"index":17,"word":"-","originalText":"-","characterOffsetBegin":354,"characterOffsetEnd":355,"pos":":","before":" ","after":" "},{"index":18,"word":"in","originalText":"in","characterOffsetBegin":356,"characterOffsetEnd":358,"pos":"IN","before":" ","after":" "},{"index":19,"word":"fact","originalText":"fact","characterOffsetBegin":359,"characterOffsetEnd":363,"pos":"NN","before":" ","after":" "},{"index":20,"word":"most","originalText":"most","characterOffsetBegin":364,"characterOffsetEnd":368,"pos":"JJS","before":" ","after":" "},{"index":21,"word":"of","originalText":"of","characterOffsetBegin":369,"characterOffsetEnd":371,"pos":"IN","before":" ","after":" "},{"index":22,"word":"the","originalText":"the","characterOffsetBegin":372,"characterOffsetEnd":375,"pos":"DT","before":" ","after":" "},{"index":23,"word":"books","originalText":"books","characterOffsetBegin":376,"characterOffsetEnd":381,"pos":"NNS","before":" ","after":" "},{"index":24,"word":"I","originalText":"I","characterOffsetBegin":382,"characterOffsetEnd":383,"pos":"PRP","before":" ","after":""},{"index":25,"word":"'ve","originalText":"'ve","characterOffsetBegin":383,"characterOffsetEnd":386,"pos":"VBP","before":"","after":" "},{"index":26,"word":"looked","originalText":"looked","characterOffsetBegin":387,"characterOffsetEnd":393,"pos":"VBN","before":" ","after":" "},{"index":27,"word":"at","originalText":"at","characterOffsetBegin":394,"characterOffsetEnd":396,"pos":"IN","before":" ","after":""},{"index":28,"word":",","originalText":",","characterOffsetBegin":396,"characterOffsetEnd":397,"pos":",","before":"","after":""},{"index":29,"word":"if","originalText":"if","characterOffsetBegin":397,"characterOffsetEnd":399,"pos":"IN","before":"","after":" "},{"index":30,"word":"they","originalText":"they","characterOffsetBegin":400,"characterOffsetEnd":404,"pos":"PRP","before":" ","after":" "},{"index":31,"word":"discuss","originalText":"discuss","characterOffsetBegin":405,"characterOffsetEnd":412,"pos":"VBP","before":" ","after":" "},{"index":32,"word":"ICC","originalText":"ICC","characterOffsetBegin":413,"characterOffsetEnd":416,"pos":"NN","before":" ","after":" "},{"index":33,"word":"at","originalText":"at","characterOffsetBegin":417,"characterOffsetEnd":419,"pos":"IN","before":" ","after":" "},{"index":34,"word":"all","originalText":"all","characterOffsetBegin":420,"characterOffsetEnd":423,"pos":"DT","before":" ","after":""},{"index":35,"word":",","originalText":",","characterOffsetBegin":423,"characterOffsetEnd":424,"pos":",","before":"","after":" "},{"index":36,"word":"simply","originalText":"simply","characterOffsetBegin":425,"characterOffsetEnd":431,"pos":"RB","before":" ","after":" "},{"index":37,"word":"give","originalText":"give","characterOffsetBegin":432,"characterOffsetEnd":436,"pos":"VB","before":" ","after":" "},{"index":38,"word":"a","originalText":"a","characterOffsetBegin":437,"characterOffsetEnd":438,"pos":"DT","before":" ","after":" "},{"index":39,"word":"condensed","originalText":"condensed","characterOffsetBegin":439,"characterOffsetEnd":448,"pos":"JJ","before":" ","after":" "},{"index":40,"word":"version","originalText":"version","characterOffsetBegin":449,"characterOffsetEnd":456,"pos":"NN","before":" ","after":" "},{"index":41,"word":"of","originalText":"of","characterOffsetBegin":457,"characterOffsetEnd":459,"pos":"IN","before":" ","after":" "},{"index":42,"word":"the","originalText":"the","characterOffsetBegin":460,"characterOffsetEnd":463,"pos":"DT","before":" ","after":" "},{"index":43,"word":"ICCM","originalText":"ICCM","characterOffsetBegin":464,"characterOffsetEnd":468,"pos":"NN","before":" ","after":" "},{"index":44,"word":"andthen","originalText":"andthen","characterOffsetBegin":469,"characterOffsetEnd":476,"pos":"NN","before":" ","after":" "},{"index":45,"word":"refer","originalText":"refer","characterOffsetBegin":477,"characterOffsetEnd":482,"pos":"VBP","before":" ","after":" "},{"index":46,"word":"you","originalText":"you","characterOffsetBegin":483,"characterOffsetEnd":486,"pos":"PRP","before":" ","after":" "},{"index":47,"word":"to","originalText":"to","characterOffsetBegin":487,"characterOffsetEnd":489,"pos":"TO","before":" ","after":" "},{"index":48,"word":"the","originalText":"the","characterOffsetBegin":490,"characterOffsetEnd":493,"pos":"DT","before":" ","after":" "},{"index":49,"word":"ICCM","originalText":"ICCM","characterOffsetBegin":494,"characterOffsetEnd":498,"pos":"NN","before":" ","after":""},{"index":50,"word":".","originalText":".","characterOffsetBegin":498,"characterOffsetEnd":499,"pos":".","before":"","after":"  "}]},{"index":3,"tokens":[{"index":1,"word":"I","originalText":"I","characterOffsetBegin":501,"characterOffsetEnd":502,"pos":"PRP","before":"  ","after":" "},{"index":2,"word":"did","originalText":"did","characterOffsetBegin":503,"characterOffsetEnd":506,"pos":"VBD","before":" ","after":" "},{"index":3,"word":"find","originalText":"find","characterOffsetBegin":507,"characterOffsetEnd":511,"pos":"VB","before":" ","after":" "},{"index":4,"word":"one","originalText":"one","characterOffsetBegin":512,"characterOffsetEnd":515,"pos":"CD","before":" ","after":" "},{"index":5,"word":"example","originalText":"example","characterOffsetBegin":516,"characterOffsetEnd":523,"pos":"NN","before":" ","after":" "},{"index":6,"word":"of","originalText":"of","characterOffsetBegin":524,"characterOffsetEnd":526,"pos":"IN","before":" ","after":" "},{"index":7,"word":"how","originalText":"how","characterOffsetBegin":527,"characterOffsetEnd":530,"pos":"WRB","before":" ","after":" "},{"index":8,"word":"to","originalText":"to","characterOffsetBegin":531,"characterOffsetEnd":533,"pos":"TO","before":" ","after":" "},{"index":9,"word":"use","originalText":"use","characterOffsetBegin":534,"characterOffsetEnd":537,"pos":"VB","before":" ","after":" "},{"index":10,"word":"Atoms","originalText":"Atoms","characterOffsetBegin":538,"characterOffsetEnd":543,"pos":"NNPS","before":" ","after":" "},{"index":11,"word":"and","originalText":"and","characterOffsetBegin":544,"characterOffsetEnd":547,"pos":"CC","before":" ","after":" "},{"index":12,"word":"Properties","originalText":"Properties","characterOffsetBegin":548,"characterOffsetEnd":558,"pos":"NNPS","before":" ","after":" "},{"index":13,"word":"in","originalText":"in","characterOffsetBegin":559,"characterOffsetEnd":561,"pos":"IN","before":" ","after":" "},{"index":14,"word":"Young","originalText":"Young","characterOffsetBegin":562,"characterOffsetEnd":567,"pos":"NNP","before":" ","after":""},{"index":15,"word":"'s","originalText":"'s","characterOffsetBegin":567,"characterOffsetEnd":569,"pos":"POS","before":"","after":" "},{"index":16,"word":"book","originalText":"book","characterOffsetBegin":570,"characterOffsetEnd":574,"pos":"NN","before":" ","after":" "},{"index":17,"word":"and","originalText":"and","characterOffsetBegin":575,"characterOffsetEnd":578,"pos":"CC","before":" ","after":" "},{"index":18,"word":"five","originalText":"five","characterOffsetBegin":579,"characterOffsetEnd":583,"pos":"CD","before":" ","after":" "},{"index":19,"word":"hours","originalText":"hours","characterOffsetBegin":584,"characterOffsetEnd":589,"pos":"NNS","before":" ","after":" "},{"index":20,"word":"after","originalText":"after","characterOffsetBegin":590,"characterOffsetEnd":595,"pos":"IN","before":" ","after":" "},{"index":21,"word":"I","originalText":"I","characterOffsetBegin":596,"characterOffsetEnd":597,"pos":"PRP","before":" ","after":" "},{"index":22,"word":"bought","originalText":"bought","characterOffsetBegin":598,"characterOffsetEnd":604,"pos":"VBD","before":" ","after":" "},{"index":23,"word":"Young","originalText":"Young","characterOffsetBegin":605,"characterOffsetEnd":610,"pos":"NNP","before":" ","after":""},{"index":24,"word":"'s","originalText":"'s","characterOffsetBegin":610,"characterOffsetEnd":612,"pos":"POS","before":"","after":" "},{"index":25,"word":"book","originalText":"book","characterOffsetBegin":613,"characterOffsetEnd":617,"pos":"NN","before":" ","after":" "},{"index":26,"word":"I","originalText":"I","characterOffsetBegin":618,"characterOffsetEnd":619,"pos":"PRP","before":" ","after":" "},{"index":27,"word":"hadmy","originalText":"hadmy","characterOffsetBegin":620,"characterOffsetEnd":625,"pos":"VBP","before":" ","after":" "},{"index":28,"word":"applications","originalText":"applications","characterOffsetBegin":626,"characterOffsetEnd":638,"pos":"NNS","before":" ","after":" "},{"index":29,"word":"talking","originalText":"talking","characterOffsetBegin":639,"characterOffsetEnd":646,"pos":"VBG","before":" ","after":" "},{"index":30,"word":"to","originalText":"to","characterOffsetBegin":647,"characterOffsetEnd":649,"pos":"TO","before":" ","after":" "},{"index":31,"word":"each","originalText":"each","characterOffsetBegin":650,"characterOffsetEnd":654,"pos":"DT","before":" ","after":" "},{"index":32,"word":"other.I","originalText":"other.I","characterOffsetBegin":655,"characterOffsetEnd":662,"pos":"NN","before":" ","after":" "},{"index":33,"word":"am","originalText":"am","characterOffsetBegin":663,"characterOffsetEnd":665,"pos":"VBP","before":" ","after":" "},{"index":34,"word":"not","originalText":"not","characterOffsetBegin":666,"characterOffsetEnd":669,"pos":"RB","before":" ","after":" "},{"index":35,"word":"sure","originalText":"sure","characterOffsetBegin":670,"characterOffsetEnd":674,"pos":"JJ","before":" ","after":""},{"index":36,"word":",","originalText":",","characterOffsetBegin":674,"characterOffsetEnd":675,"pos":",","before":"","after":" "},{"index":37,"word":"however","originalText":"however","characterOffsetBegin":676,"characterOffsetEnd":683,"pos":"RB","before":" ","after":""},{"index":38,"word":",","originalText":",","characterOffsetBegin":683,"characterOffsetEnd":684,"pos":",","before":"","after":" "},{"index":39,"word":"if","originalText":"if","characterOffsetBegin":685,"characterOffsetEnd":687,"pos":"IN","before":" ","after":" "},{"index":40,"word":"thats","originalText":"thats","characterOffsetBegin":688,"characterOffsetEnd":693,"pos":"NNS","before":" ","after":" "},{"index":41,"word":"the","originalText":"the","characterOffsetBegin":694,"characterOffsetEnd":697,"pos":"DT","before":" ","after":" "},{"index":42,"word":"best","originalText":"best","characterOffsetBegin":698,"characterOffsetEnd":702,"pos":"JJS","before":" ","after":" "},{"index":43,"word":"way","originalText":"way","characterOffsetBegin":703,"characterOffsetEnd":706,"pos":"NN","before":" ","after":""},{"index":44,"word":".","originalText":".","characterOffsetBegin":706,"characterOffsetEnd":707,"pos":".","before":"","after":"  "}]},{"index":4,"tokens":[{"index":1,"word":"I","originalText":"I","characterOffsetBegin":709,"characterOffsetEnd":710,"pos":"PRP","before":"  ","after":""},{"index":2,"word":"'d","originalText":"'d","characterOffsetBegin":710,"characterOffsetEnd":712,"pos":"MD","before":"","after":" "},{"index":3,"word":"like","originalText":"like","characterOffsetBegin":713,"characterOffsetEnd":717,"pos":"VB","before":" ","after":" "},{"index":4,"word":"to","originalText":"to","characterOffsetBegin":718,"characterOffsetEnd":720,"pos":"TO","before":" ","after":" "},{"index":5,"word":"stay","originalText":"stay","characterOffsetBegin":721,"characterOffsetEnd":725,"pos":"VB","before":" ","after":" "},{"index":6,"word":"independent","originalText":"independent","characterOffsetBegin":726,"characterOffsetEnd":737,"pos":"JJ","before":" ","after":" "},{"index":7,"word":"of","originalText":"of","characterOffsetBegin":738,"characterOffsetEnd":740,"pos":"IN","before":" ","after":" "},{"index":8,"word":"Unix","originalText":"Unix","characterOffsetBegin":741,"characterOffsetEnd":745,"pos":"NNP","before":" ","after":" "},{"index":9,"word":"so","originalText":"so","characterOffsetBegin":746,"characterOffsetEnd":748,"pos":"RB","before":" ","after":" "},{"index":10,"word":"pipes","originalText":"pipes","characterOffsetBegin":749,"characterOffsetEnd":754,"pos":"NNS","before":" ","after":" "},{"index":11,"word":"and/or","originalText":"and/or","characterOffsetBegin":755,"characterOffsetEnd":761,"pos":"CC","before":" ","after":" "},{"index":12,"word":"sockets","originalText":"sockets","characterOffsetBegin":762,"characterOffsetEnd":769,"pos":"NNS","before":" ","after":" "},{"index":13,"word":"probably","originalText":"probably","characterOffsetBegin":770,"characterOffsetEnd":778,"pos":"RB","before":" ","after":" "},{"index":14,"word":"are","originalText":"are","characterOffsetBegin":779,"characterOffsetEnd":782,"pos":"VBP","before":" ","after":""},{"index":15,"word":"n't","originalText":"n't","characterOffsetBegin":782,"characterOffsetEnd":785,"pos":"RB","before":"","after":" "},{"index":16,"word":"the","originalText":"the","characterOffsetBegin":786,"characterOffsetEnd":789,"pos":"DT","before":" ","after":" "},{"index":17,"word":"way","originalText":"way","characterOffsetBegin":790,"characterOffsetEnd":793,"pos":"NN","before":" ","after":" "},{"index":18,"word":"to","originalText":"to","characterOffsetBegin":794,"characterOffsetEnd":796,"pos":"TO","before":" ","after":" "},{"index":19,"word":"go","originalText":"go","characterOffsetBegin":797,"characterOffsetEnd":799,"pos":"VB","before":" ","after":""},{"index":20,"word":".","originalText":".","characterOffsetBegin":799,"characterOffsetEnd":800,"pos":".","before":"","after":"  "}]},{"index":5,"tokens":[{"index":1,"word":"But","originalText":"But","characterOffsetBegin":802,"characterOffsetEnd":805,"pos":"CC","before":"  ","after":" "},{"index":2,"word":"within","originalText":"within","characterOffsetBegin":806,"characterOffsetEnd":812,"pos":"IN","before":" ","after":" "},{"index":3,"word":"Xone","originalText":"Xone","characterOffsetBegin":813,"characterOffsetEnd":817,"pos":"NNP","before":" ","after":" "},{"index":4,"word":"can","originalText":"can","characterOffsetBegin":818,"characterOffsetEnd":821,"pos":"MD","before":" ","after":" "},{"index":5,"word":"also","originalText":"also","characterOffsetBegin":822,"characterOffsetEnd":826,"pos":"RB","before":" ","after":" "},{"index":6,"word":"use","originalText":"use","characterOffsetBegin":827,"characterOffsetEnd":830,"pos":"VB","before":" ","after":" "},{"index":7,"word":"messages","originalText":"messages","characterOffsetBegin":831,"characterOffsetEnd":839,"pos":"NNS","before":" ","after":""},{"index":8,"word":",","originalText":",","characterOffsetBegin":839,"characterOffsetEnd":840,"pos":",","before":"","after":" "},{"index":9,"word":"the","originalText":"the","characterOffsetBegin":841,"characterOffsetEnd":844,"pos":"DT","before":" ","after":" "},{"index":10,"word":"clipboard","originalText":"clipboard","characterOffsetBegin":845,"characterOffsetEnd":854,"pos":"NN","before":" ","after":""},{"index":11,"word":",","originalText":",","characterOffsetBegin":854,"characterOffsetEnd":855,"pos":",","before":"","after":" "},{"index":12,"word":"and","originalText":"and","characterOffsetBegin":856,"characterOffsetEnd":859,"pos":"CC","before":" ","after":" "},{"index":13,"word":"perhaps","originalText":"perhaps","characterOffsetBegin":860,"characterOffsetEnd":867,"pos":"RB","before":" ","after":" "},{"index":14,"word":"window","originalText":"window","characterOffsetBegin":868,"characterOffsetEnd":874,"pos":"NN","before":" ","after":" "},{"index":15,"word":"groups.I","originalText":"groups.I","characterOffsetBegin":875,"characterOffsetEnd":883,"pos":"NN","before":" ","after":" "},{"index":16,"word":"need","originalText":"need","characterOffsetBegin":884,"characterOffsetEnd":888,"pos":"VBP","before":" ","after":" "},{"index":17,"word":"a","originalText":"a","characterOffsetBegin":889,"characterOffsetEnd":890,"pos":"DT","before":" ","after":" "},{"index":18,"word":"text","originalText":"text","characterOffsetBegin":891,"characterOffsetEnd":895,"pos":"NN","before":" ","after":" "},{"index":19,"word":"that","originalText":"that","characterOffsetBegin":896,"characterOffsetEnd":900,"pos":"WDT","before":" ","after":" "},{"index":20,"word":"discusses","originalText":"discusses","characterOffsetBegin":901,"characterOffsetEnd":910,"pos":"VBZ","before":" ","after":" "},{"index":21,"word":"the","originalText":"the","characterOffsetBegin":911,"characterOffsetEnd":914,"pos":"DT","before":" ","after":" "},{"index":22,"word":"various","originalText":"various","characterOffsetBegin":915,"characterOffsetEnd":922,"pos":"JJ","before":" ","after":" "},{"index":23,"word":"methods","originalText":"methods","characterOffsetBegin":923,"characterOffsetEnd":930,"pos":"NNS","before":" ","after":""},{"index":24,"word":",","originalText":",","characterOffsetBegin":930,"characterOffsetEnd":931,"pos":",","before":"","after":" "},{"index":25,"word":"discusses","originalText":"discusses","characterOffsetBegin":932,"characterOffsetEnd":941,"pos":"VBZ","before":" ","after":" "},{"index":26,"word":"which","originalText":"which","characterOffsetBegin":942,"characterOffsetEnd":947,"pos":"WDT","before":" ","after":" "},{"index":27,"word":"method","originalText":"method","characterOffsetBegin":948,"characterOffsetEnd":954,"pos":"NN","before":" ","after":" "},{"index":28,"word":"is","originalText":"is","characterOffsetBegin":955,"characterOffsetEnd":957,"pos":"VBZ","before":" ","after":" "},{"index":29,"word":"bestfor","originalText":"bestfor","characterOffsetBegin":958,"characterOffsetEnd":965,"pos":"NN","before":" ","after":" "},{"index":30,"word":"which","originalText":"which","characterOffsetBegin":966,"characterOffsetEnd":971,"pos":"WDT","before":" ","after":" "},{"index":31,"word":"purpose","originalText":"purpose","characterOffsetBegin":972,"characterOffsetEnd":979,"pos":"NN","before":" ","after":""},{"index":32,"word":",","originalText":",","characterOffsetBegin":979,"characterOffsetEnd":980,"pos":",","before":"","after":" "},{"index":33,"word":"and","originalText":"and","characterOffsetBegin":981,"characterOffsetEnd":984,"pos":"CC","before":" ","after":" "},{"index":34,"word":"gives","originalText":"gives","characterOffsetBegin":985,"characterOffsetEnd":990,"pos":"VBZ","before":" ","after":" "},{"index":35,"word":"examples","originalText":"examples","characterOffsetBegin":991,"characterOffsetEnd":999,"pos":"NNS","before":" ","after":""},{"index":36,"word":".","originalText":".","characterOffsetBegin":999,"characterOffsetEnd":1000,"pos":".","before":"","after":"  "}]},{"index":6,"tokens":[{"index":1,"word":"Without","originalText":"Without","characterOffsetBegin":1002,"characterOffsetEnd":1009,"pos":"IN","before":"  ","after":" "},{"index":2,"word":"examples","originalText":"examples","characterOffsetBegin":1010,"characterOffsetEnd":1018,"pos":"NNS","before":" ","after":" "},{"index":3,"word":"it","originalText":"it","characterOffsetBegin":1019,"characterOffsetEnd":1021,"pos":"PRP","before":" ","after":""},{"index":4,"word":"'s","originalText":"'s","characterOffsetBegin":1021,"characterOffsetEnd":1023,"pos":"VBZ","before":"","after":" "},{"index":5,"word":"all","originalText":"all","characterOffsetBegin":1024,"characterOffsetEnd":1027,"pos":"DT","before":" ","after":" "},{"index":6,"word":"just","originalText":"just","characterOffsetBegin":1028,"characterOffsetEnd":1032,"pos":"RB","before":" ","after":" "},{"index":7,"word":"words.Thanks","originalText":"words.Thanks","characterOffsetBegin":1033,"characterOffsetEnd":1045,"pos":"NNPS","before":" ","after":" "},{"index":8,"word":"in","originalText":"in","characterOffsetBegin":1046,"characterOffsetEnd":1048,"pos":"IN","before":" ","after":" "},{"index":9,"word":"advanceRoss","originalText":"advanceRoss","characterOffsetBegin":1049,"characterOffsetEnd":1060,"pos":"NNP","before":" ","after":""}]}]}