{"sentences":[{"index":0,"tokens":[{"index":1,"word":"From","originalText":"From","characterOffsetBegin":0,"characterOffsetEnd":4,"pos":"IN","before":"","after":""},{"index":2,"word":":","originalText":":","characterOffsetBegin":4,"characterOffsetEnd":5,"pos":":","before":"","after":" "},{"index":3,"word":"kobet@xsun2a.ct.picker.com","originalText":"kobet@xsun2a.ct.picker.com","characterOffsetBegin":6,"characterOffsetEnd":32,"pos":"NN","before":" ","after":" "},{"index":4,"word":"-LRB-","originalText":"(","characterOffsetBegin":33,"characterOffsetEnd":34,"pos":"-LRB-","before":" ","after":""},{"index":5,"word":"Harry","originalText":"Harry","characterOffsetBegin":34,"characterOffsetEnd":39,"pos":"NNP","before":"","after":" "},{"index":6,"word":"J","originalText":"J","characterOffsetBegin":40,"characterOffsetEnd":41,"pos":"NNP","before":" ","after":" "},{"index":7,"word":"Kobetitsch","originalText":"Kobetitsch","characterOffsetBegin":42,"characterOffsetEnd":52,"pos":"NNP","before":" ","after":""},{"index":8,"word":"-RRB-","originalText":")","characterOffsetBegin":52,"characterOffsetEnd":53,"pos":"-RRB-","before":"","after":""},{"index":9,"word":"Subject","originalText":"Subject","characterOffsetBegin":53,"characterOffsetEnd":60,"pos":"NNP","before":"","after":""},{"index":10,"word":":","originalText":":","characterOffsetBegin":60,"characterOffsetEnd":61,"pos":":","before":"","after":" "},{"index":11,"word":"xwdI","originalText":"xwdI","characterOffsetBegin":62,"characterOffsetEnd":66,"pos":"NN","before":" ","after":" "},{"index":12,"word":"am","originalText":"am","characterOffsetBegin":67,"characterOffsetEnd":69,"pos":"VBP","before":" ","after":" "},{"index":13,"word":"trying","originalText":"trying","characterOffsetBegin":70,"characterOffsetEnd":76,"pos":"VBG","before":" ","after":" "},{"index":14,"word":"to","originalText":"to","characterOffsetBegin":77,"characterOffsetEnd":79,"pos":"TO","before":" ","after":" "},{"index":15,"word":"run","originalText":"run","characterOffsetBegin":80,"characterOffsetEnd":83,"pos":"VB","before":" ","after":" "},{"index":16,"word":"xwd","originalText":"xwd","characterOffsetBegin":84,"characterOffsetEnd":87,"pos":"NN","before":" ","after":" "},{"index":17,"word":"on","originalText":"on","characterOffsetBegin":88,"characterOffsetEnd":90,"pos":"IN","before":" ","after":" "},{"index":18,"word":"a","originalText":"a","characterOffsetBegin":91,"characterOffsetEnd":92,"pos":"DT","before":" ","after":" "},{"index":19,"word":"Sun","originalText":"Sun","characterOffsetBegin":93,"characterOffsetEnd":96,"pos":"NNP","before":" ","after":" "},{"index":20,"word":"SPARCstation","originalText":"SPARCstation","characterOffsetBegin":97,"characterOffsetEnd":109,"pos":"NN","before":" ","after":" "},{"index":21,"word":"IPXwith","originalText":"IPXwith","characterOffsetBegin":110,"characterOffsetEnd":117,"pos":"NN","before":" ","after":" "},{"index":22,"word":"SunOS","originalText":"SunOS","characterOffsetBegin":118,"characterOffsetEnd":123,"pos":"NN","before":" ","after":" "},{"index":23,"word":"4.1.2","originalText":"4.1.2","characterOffsetBegin":124,"characterOffsetEnd":129,"pos":"CD","before":" ","after":" "},{"index":24,"word":"and","originalText":"and","characterOffsetBegin":130,"characterOffsetEnd":133,"pos":"CC","before":" ","after":" "},{"index":25,"word":"Openwindows","originalText":"Openwindows","characterOffsetBegin":134,"characterOffsetEnd":145,"pos":"NNP","before":" ","after":" "},{"index":26,"word":"3.0","originalText":"3.0","characterOffsetBegin":146,"characterOffsetEnd":149,"pos":"CD","before":" ","after":""},{"index":27,"word":".","originalText":".","characterOffsetBegin":149,"characterOffsetEnd":150,"pos":".","before":"","after":" "}]},{"index":1,"tokens":[{"index":1,"word":"I","originalText":"I","characterOffsetBegin":151,"characterOffsetEnd":152,"pos":"PRP","before":" ","after":" "},{"index":2,"word":"am","originalText":"am","characterOffsetBegin":153,"characterOffsetEnd":155,"pos":"VBP","before":" ","after":" "},{"index":3,"word":"usingthe","originalText":"usingthe","characterOffsetBegin":156,"characterOffsetEnd":164,"pos":"JJ","before":" ","after":" "},{"index":4,"word":"Motif","originalText":"Motif","characterOffsetBegin":165,"characterOffsetEnd":170,"pos":"NN","before":" ","after":" "},{"index":5,"word":"window","originalText":"window","characterOffsetBegin":171,"characterOffsetEnd":177,"pos":"NN","before":" ","after":" "},{"index":6,"word":"manager","originalText":"manager","characterOffsetBegin":178,"characterOffsetEnd":185,"pos":"NN","before":" ","after":""},{"index":7,"word":".","originalText":".","characterOffsetBegin":185,"characterOffsetEnd":186,"pos":".","before":"","after":" "}]},{"index":2,"tokens":[{"index":1,"word":"I","originalText":"I","characterOffsetBegin":187,"characterOffsetEnd":188,"pos":"PRP","before":" ","after":" "},{"index":2,"word":"have","originalText":"have","characterOffsetBegin":189,"characterOffsetEnd":193,"pos":"VBP","before":" ","after":" "},{"index":3,"word":"been","originalText":"been","characterOffsetBegin":194,"characterOffsetEnd":198,"pos":"VBN","before":" ","after":" "},{"index":4,"word":"unsuccessfulin","originalText":"unsuccessfulin","characterOffsetBegin":199,"characterOffsetEnd":213,"pos":"JJ","before":" ","after":" "},{"index":5,"word":"using","originalText":"using","characterOffsetBegin":214,"characterOffsetEnd":219,"pos":"VBG","before":" ","after":" "},{"index":6,"word":"xwd","originalText":"xwd","characterOffsetBegin":220,"characterOffsetEnd":223,"pos":"NN","before":" ","after":" "},{"index":7,"word":"under","originalText":"under","characterOffsetBegin":224,"characterOffsetEnd":229,"pos":"IN","before":" ","after":" "},{"index":8,"word":"Motif","originalText":"Motif","characterOffsetBegin":230,"characterOffsetEnd":235,"pos":"NN","before":" ","after":""},{"index":9,"word":".","originalText":".","characterOffsetBegin":235,"characterOffsetEnd":236,"pos":".","before":"","after":" "}]},{"index":3,"tokens":[{"index":1,"word":"I","originalText":"I","characterOffsetBegin":237,"characterOffsetEnd":238,"pos":"PRP","before":" ","after":" "},{"index":2,"word":"get","originalText":"get","characterOffsetBegin":239,"characterOffsetEnd":242,"pos":"VBP","before":" ","after":" "},{"index":3,"word":"the","originalText":"the","characterOffsetBegin":243,"characterOffsetEnd":246,"pos":"DT","before":" ","after":" "},{"index":4,"word":"following","originalText":"following","characterOffsetBegin":247,"characterOffsetEnd":256,"pos":"VBG","before":" ","after":" "},{"index":5,"word":"whendoing","originalText":"whendoing","characterOffsetBegin":257,"characterOffsetEnd":266,"pos":"JJ","before":" ","after":" "},{"index":6,"word":"xwd","originalText":"xwd","characterOffsetBegin":267,"characterOffsetEnd":270,"pos":"NN","before":" ","after":" "},{"index":7,"word":"-","originalText":"-","characterOffsetBegin":271,"characterOffsetEnd":272,"pos":":","before":" ","after":""},{"index":8,"word":"out","originalText":"out","characterOffsetBegin":272,"characterOffsetEnd":275,"pos":"IN","before":"","after":" "},{"index":9,"word":"xwd.dmpX","originalText":"xwd.dmpX","characterOffsetBegin":276,"characterOffsetEnd":284,"pos":"NNP","before":" ","after":" "},{"index":10,"word":"Error","originalText":"Error","characterOffsetBegin":285,"characterOffsetEnd":290,"pos":"NNP","before":" ","after":" "},{"index":11,"word":"of","originalText":"of","characterOffsetBegin":291,"characterOffsetEnd":293,"pos":"IN","before":" ","after":" "},{"index":12,"word":"failed","originalText":"failed","characterOffsetBegin":294,"characterOffsetEnd":300,"pos":"JJ","before":" ","after":" "},{"index":13,"word":"request","originalText":"request","characterOffsetBegin":301,"characterOffsetEnd":308,"pos":"NN","before":" ","after":""},{"index":14,"word":":","originalText":":","characterOffsetBegin":308,"characterOffsetEnd":309,"pos":":","before":"","after":"  "},{"index":15,"word":"BadDrawable","originalText":"BadDrawable","characterOffsetBegin":311,"characterOffsetEnd":322,"pos":"NNP","before":"  ","after":" "},{"index":16,"word":"-LRB-","originalText":"(","characterOffsetBegin":323,"characterOffsetEnd":324,"pos":"-LRB-","before":" ","after":""},{"index":17,"word":"invalid","originalText":"invalid","characterOffsetBegin":324,"characterOffsetEnd":331,"pos":"JJ","before":"","after":" "},{"index":18,"word":"Pixmap","originalText":"Pixmap","characterOffsetBegin":332,"characterOffsetEnd":338,"pos":"NNP","before":" ","after":" "},{"index":19,"word":"or","originalText":"or","characterOffsetBegin":339,"characterOffsetEnd":341,"pos":"CC","before":" ","after":" "},{"index":20,"word":"Window","originalText":"Window","characterOffsetBegin":342,"characterOffsetEnd":348,"pos":"NNP","before":" ","after":" "},{"index":21,"word":"parameter","originalText":"parameter","characterOffsetBegin":349,"characterOffsetEnd":358,"pos":"NN","before":" ","after":""},{"index":22,"word":"-RRB-","originalText":")","characterOffsetBegin":358,"characterOffsetEnd":359,"pos":"-RRB-","before":"","after":"  "},{"index":23,"word":"Major","originalText":"Major","characterOffsetBegin":361,"characterOffsetEnd":366,"pos":"JJ","before":"  ","after":" "},{"index":24,"word":"opcode","originalText":"opcode","characterOffsetBegin":367,"characterOffsetEnd":373,"pos":"NN","before":" ","after":" "},{"index":25,"word":"of","originalText":"of","characterOffsetBegin":374,"characterOffsetEnd":376,"pos":"IN","before":" ","after":" "},{"index":26,"word":"failed","originalText":"failed","characterOffsetBegin":377,"characterOffsetEnd":383,"pos":"VBN","before":" ","after":" "},{"index":27,"word":"request","originalText":"request","characterOffsetBegin":384,"characterOffsetEnd":391,"pos":"NN","before":" ","after":""},{"index":28,"word":":","originalText":":","characterOffsetBegin":391,"characterOffsetEnd":392,"pos":":","before":"","after":"  "},{"index":29,"word":"73","originalText":"73","characterOffsetBegin":394,"characterOffsetEnd":396,"pos":"CD","before":"  ","after":" "},{"index":30,"word":"-LRB-","originalText":"(","characterOffsetBegin":397,"characterOffsetEnd":398,"pos":"-LRB-","before":" ","after":""},{"index":31,"word":"X_GetImage","originalText":"X_GetImage","characterOffsetBegin":398,"characterOffsetEnd":408,"pos":"NN","before":"","after":""},{"index":32,"word":"-RRB-","originalText":")","characterOffsetBegin":408,"characterOffsetEnd":409,"pos":"-RRB-","before":"","after":"  "},{"index":33,"word":"Resource","originalText":"Resource","characterOffsetBegin":411,"characterOffsetEnd":419,"pos":"NNP","before":"  ","after":" "},{"index":34,"word":"id","originalText":"id","characterOffsetBegin":420,"characterOffsetEnd":422,"pos":"NN","before":" ","after":" "},{"index":35,"word":"in","originalText":"in","characterOffsetBegin":423,"characterOffsetEnd":425,"pos":"IN","before":" ","after":" "},{"index":36,"word":"failed","originalText":"failed","characterOffsetBegin":426,"characterOffsetEnd":432,"pos":"VBN","before":" ","after":" "},{"index":37,"word":"request","originalText":"request","characterOffsetBegin":433,"characterOffsetEnd":440,"pos":"NN","before":" ","after":""},{"index":38,"word":":","originalText":":","characterOffsetBegin":440,"characterOffsetEnd":441,"pos":":","before":"","after":"  "},{"index":39,"word":"0x500043","originalText":"0x500043","characterOffsetBegin":443,"characterOffsetEnd":451,"pos":"NN","before":"  ","after":"  "},{"index":40,"word":"Serial","originalText":"Serial","characterOffsetBegin":453,"characterOffsetEnd":459,"pos":"JJ","before":"  ","after":" "},{"index":41,"word":"number","originalText":"number","characterOffsetBegin":460,"characterOffsetEnd":466,"pos":"NN","before":" ","after":" "},{"index":42,"word":"of","originalText":"of","characterOffsetBegin":467,"characterOffsetEnd":469,"pos":"IN","before":" ","after":" "},{"index":43,"word":"failed","originalText":"failed","characterOffsetBegin":470,"characterOffsetEnd":476,"pos":"VBN","before":" ","after":" "},{"index":44,"word":"request","originalText":"request","characterOffsetBegin":477,"characterOffsetEnd":484,"pos":"NN","before":" ","after":""},{"index":45,"word":":","originalText":":","characterOffsetBegin":484,"characterOffsetEnd":485,"pos":":","before":"","after":"  "},{"index":46,"word":"213","originalText":"213","characterOffsetBegin":487,"characterOffsetEnd":490,"pos":"CD","before":"  ","after":"  "},{"index":47,"word":"Current","originalText":"Current","characterOffsetBegin":492,"characterOffsetEnd":499,"pos":"JJ","before":"  ","after":" "},{"index":48,"word":"serial","originalText":"serial","characterOffsetBegin":500,"characterOffsetEnd":506,"pos":"NN","before":" ","after":" "},{"index":49,"word":"number","originalText":"number","characterOffsetBegin":507,"characterOffsetEnd":513,"pos":"NN","before":" ","after":" "},{"index":50,"word":"in","originalText":"in","characterOffsetBegin":514,"characterOffsetEnd":516,"pos":"IN","before":" ","after":" "},{"index":51,"word":"output","originalText":"output","characterOffsetBegin":517,"characterOffsetEnd":523,"pos":"NN","before":" ","after":" "},{"index":52,"word":"stream","originalText":"stream","characterOffsetBegin":524,"characterOffsetEnd":530,"pos":"NN","before":" ","after":""},{"index":53,"word":":","originalText":":","characterOffsetBegin":530,"characterOffsetEnd":531,"pos":":","before":"","after":"  "},{"index":54,"word":"213Does","originalText":"213Does","characterOffsetBegin":533,"characterOffsetEnd":540,"pos":"NNS","before":"  ","after":" "},{"index":55,"word":"anyone","originalText":"anyone","characterOffsetBegin":541,"characterOffsetEnd":547,"pos":"NN","before":" ","after":" "},{"index":56,"word":"have","originalText":"have","characterOffsetBegin":548,"characterOffsetEnd":552,"pos":"VBP","before":" ","after":" "},{"index":57,"word":"any","originalText":"any","characterOffsetBegin":553,"characterOffsetEnd":556,"pos":"DT","before":" ","after":" "},{"index":58,"word":"insight","originalText":"insight","characterOffsetBegin":557,"characterOffsetEnd":564,"pos":"NN","before":" ","after":" "},{"index":59,"word":"to","originalText":"to","characterOffsetBegin":565,"characterOffsetEnd":567,"pos":"TO","before":" ","after":" "},{"index":60,"word":"this","originalText":"this","characterOffsetBegin":568,"characterOffsetEnd":572,"pos":"DT","before":" ","after":" "},{"index":61,"word":"?","originalText":"?","characterOffsetBegin":573,"characterOffsetEnd":574,"pos":".","before":" ","after":""}]}]}