{"sentences":[{"index":0,"tokens":[{"index":1,"word":"From","originalText":"From","characterOffsetBegin":0,"characterOffsetEnd":4,"pos":"IN","before":"","after":""},{"index":2,"word":":","originalText":":","characterOffsetBegin":4,"characterOffsetEnd":5,"pos":":","before":"","after":" "},{"index":3,"word":"kk@unisql.UUCP","originalText":"kk@unisql.UUCP","characterOffsetBegin":6,"characterOffsetEnd":20,"pos":"NN","before":" ","after":" "},{"index":4,"word":"-LRB-","originalText":"(","characterOffsetBegin":21,"characterOffsetEnd":22,"pos":"-LRB-","before":" ","after":""},{"index":5,"word":"Kerry","originalText":"Kerry","characterOffsetBegin":22,"characterOffsetEnd":27,"pos":"NNP","before":"","after":" "},{"index":6,"word":"Kimbrough","originalText":"Kimbrough","characterOffsetBegin":28,"characterOffsetEnd":37,"pos":"NNP","before":" ","after":""},{"index":7,"word":"-RRB-","originalText":")","characterOffsetBegin":37,"characterOffsetEnd":38,"pos":"-RRB-","before":"","after":""},{"index":8,"word":"Subject","originalText":"Subject","characterOffsetBegin":38,"characterOffsetEnd":45,"pos":"NNP","before":"","after":""},{"index":9,"word":":","originalText":":","characterOffsetBegin":45,"characterOffsetEnd":46,"pos":":","before":"","after":" "},{"index":10,"word":"GUI","originalText":"GUI","characterOffsetBegin":47,"characterOffsetEnd":50,"pos":"NNP","before":" ","after":" "},{"index":11,"word":"Study","originalText":"Study","characterOffsetBegin":51,"characterOffsetEnd":56,"pos":"NNP","before":" ","after":" "},{"index":12,"word":"--","originalText":"--","characterOffsetBegin":57,"characterOffsetEnd":59,"pos":":","before":" ","after":" "},{"index":13,"word":"do","originalText":"do","characterOffsetBegin":60,"characterOffsetEnd":62,"pos":"VBP","before":" ","after":" "},{"index":14,"word":"users","originalText":"users","characterOffsetBegin":63,"characterOffsetEnd":68,"pos":"NNS","before":" ","after":" "},{"index":15,"word":"want","originalText":"want","characterOffsetBegin":69,"characterOffsetEnd":73,"pos":"VB","before":" ","after":" "},{"index":16,"word":"to","originalText":"to","characterOffsetBegin":74,"characterOffsetEnd":76,"pos":"TO","before":" ","after":" "},{"index":17,"word":"build","originalText":"build","characterOffsetBegin":77,"characterOffsetEnd":82,"pos":"VB","before":" ","after":" "},{"index":18,"word":"solutions","originalText":"solutions","characterOffsetBegin":83,"characterOffsetEnd":92,"pos":"NNS","before":" ","after":""},{"index":19,"word":"?","originalText":"?","characterOffsetBegin":92,"characterOffsetEnd":93,"pos":".","before":"","after":"   "}]},{"index":1,"tokens":[{"index":1,"word":"...","originalText":"...","characterOffsetBegin":96,"characterOffsetEnd":99,"pos":":","before":"   ","after":""},{"index":2,"word":"let","originalText":"let","characterOffsetBegin":99,"characterOffsetEnd":102,"pos":"VB","before":"","after":" "},{"index":3,"word":"me","originalText":"me","characterOffsetBegin":103,"characterOffsetEnd":105,"pos":"PRP","before":" ","after":" "},{"index":4,"word":"point","originalText":"point","characterOffsetBegin":106,"characterOffsetEnd":111,"pos":"VB","before":" ","after":" "},{"index":5,"word":"out","originalText":"out","characterOffsetBegin":112,"characterOffsetEnd":115,"pos":"RP","before":" ","after":" "},{"index":6,"word":"that","originalText":"that","characterOffsetBegin":116,"characterOffsetEnd":120,"pos":"IN","before":" ","after":" "},{"index":7,"word":"both","originalText":"both","characterOffsetBegin":121,"characterOffsetEnd":125,"pos":"DT","before":" ","after":" "},{"index":8,"word":"GUI-based","originalText":"GUI-based","characterOffsetBegin":126,"characterOffsetEnd":135,"pos":"JJ","before":" ","after":" "},{"index":9,"word":"word-processors","originalText":"word-processors","characterOffsetBegin":136,"characterOffsetEnd":151,"pos":"NNS","before":" ","after":" "},{"index":10,"word":"and","originalText":"and","characterOffsetBegin":152,"characterOffsetEnd":155,"pos":"CC","before":" ","after":" "},{"index":11,"word":"text-based","originalText":"text-based","characterOffsetBegin":156,"characterOffsetEnd":166,"pos":"JJ","before":" ","after":"   "},{"index":12,"word":"formatters","originalText":"formatters","characterOffsetBegin":169,"characterOffsetEnd":179,"pos":"NNS","before":"   ","after":" "},{"index":13,"word":"both","originalText":"both","characterOffsetBegin":180,"characterOffsetEnd":184,"pos":"CC","before":" ","after":" "},{"index":14,"word":"have","originalText":"have","characterOffsetBegin":185,"characterOffsetEnd":189,"pos":"VBP","before":" ","after":" "},{"index":15,"word":"a","originalText":"a","characterOffsetBegin":190,"characterOffsetEnd":191,"pos":"DT","before":" ","after":" "},{"index":16,"word":"language","originalText":"language","characterOffsetBegin":192,"characterOffsetEnd":200,"pos":"NN","before":" ","after":""},{"index":17,"word":";","originalText":";","characterOffsetBegin":200,"characterOffsetEnd":201,"pos":":","before":"","after":" "},{"index":18,"word":"one","originalText":"one","characterOffsetBegin":202,"characterOffsetEnd":205,"pos":"CD","before":" ","after":" "},{"index":19,"word":"happens","originalText":"happens","characterOffsetBegin":206,"characterOffsetEnd":213,"pos":"VBZ","before":" ","after":" "},{"index":20,"word":"to","originalText":"to","characterOffsetBegin":214,"characterOffsetEnd":216,"pos":"TO","before":" ","after":" "},{"index":21,"word":"be","originalText":"be","characterOffsetBegin":217,"characterOffsetEnd":219,"pos":"VB","before":" ","after":" "},{"index":22,"word":"mouse","originalText":"mouse","characterOffsetBegin":220,"characterOffsetEnd":225,"pos":"NN","before":" ","after":""},{"index":23,"word":"-","originalText":"-","characterOffsetBegin":225,"characterOffsetEnd":226,"pos":":","before":"","after":" "},{"index":24,"word":"and","originalText":"and","characterOffsetBegin":227,"characterOffsetEnd":230,"pos":"CC","before":" ","after":"   "},{"index":25,"word":"action-based","originalText":"action-based","characterOffsetBegin":233,"characterOffsetEnd":245,"pos":"JJ","before":"   ","after":""},{"index":26,"word":",","originalText":",","characterOffsetBegin":245,"characterOffsetEnd":246,"pos":",","before":"","after":" "},{"index":27,"word":"and","originalText":"and","characterOffsetBegin":247,"characterOffsetEnd":250,"pos":"CC","before":" ","after":" "},{"index":28,"word":"the","originalText":"the","characterOffsetBegin":251,"characterOffsetEnd":254,"pos":"DT","before":" ","after":" "},{"index":29,"word":"other","originalText":"other","characterOffsetBegin":255,"characterOffsetEnd":260,"pos":"JJ","before":" ","after":" "},{"index":30,"word":"symbol-based","originalText":"symbol-based","characterOffsetBegin":261,"characterOffsetEnd":273,"pos":"JJ","before":" ","after":""},{"index":31,"word":".","originalText":".","characterOffsetBegin":273,"characterOffsetEnd":274,"pos":".","before":"","after":""}]},{"index":2,"tokens":[{"index":1,"word":"True","originalText":"True","characterOffsetBegin":274,"characterOffsetEnd":278,"pos":"JJ","before":"","after":""},{"index":2,"word":",","originalText":",","characterOffsetBegin":278,"characterOffsetEnd":279,"pos":",","before":"","after":" "},{"index":3,"word":"but","originalText":"but","characterOffsetBegin":280,"characterOffsetEnd":283,"pos":"CC","before":" ","after":" "},{"index":4,"word":"that","originalText":"that","characterOffsetBegin":284,"characterOffsetEnd":288,"pos":"DT","before":" ","after":""},{"index":5,"word":"'s","originalText":"'s","characterOffsetBegin":288,"characterOffsetEnd":290,"pos":"VBZ","before":"","after":" "},{"index":6,"word":"beside","originalText":"beside","characterOffsetBegin":291,"characterOffsetEnd":297,"pos":"IN","before":" ","after":" "},{"index":7,"word":"the","originalText":"the","characterOffsetBegin":298,"characterOffsetEnd":301,"pos":"DT","before":" ","after":" "},{"index":8,"word":"point","originalText":"point","characterOffsetBegin":302,"characterOffsetEnd":307,"pos":"NN","before":" ","after":""},{"index":9,"word":".","originalText":".","characterOffsetBegin":307,"characterOffsetEnd":308,"pos":".","before":"","after":" "}]},{"index":3,"tokens":[{"index":1,"word":"This","originalText":"This","characterOffsetBegin":309,"characterOffsetEnd":313,"pos":"DT","before":" ","after":" "},{"index":2,"word":"is","originalText":"is","characterOffsetBegin":314,"characterOffsetEnd":316,"pos":"VBZ","before":" ","after":" "},{"index":3,"word":"a","originalText":"a","characterOffsetBegin":317,"characterOffsetEnd":318,"pos":"DT","before":" ","after":" "},{"index":4,"word":"fact","originalText":"fact","characterOffsetBegin":319,"characterOffsetEnd":323,"pos":"NN","before":" ","after":" "},{"index":5,"word":"about","originalText":"about","characterOffsetBegin":324,"characterOffsetEnd":329,"pos":"IN","before":" ","after":" "},{"index":6,"word":"an","originalText":"an","characterOffsetBegin":330,"characterOffsetEnd":332,"pos":"DT","before":" ","after":" "},{"index":7,"word":"abstract","originalText":"abstract","characterOffsetBegin":333,"characterOffsetEnd":341,"pos":"JJ","before":" ","after":" "},{"index":8,"word":"modelof","originalText":"modelof","characterOffsetBegin":342,"characterOffsetEnd":349,"pos":"NN","before":" ","after":" "},{"index":9,"word":"what","originalText":"what","characterOffsetBegin":350,"characterOffsetEnd":354,"pos":"WP","before":" ","after":" "},{"index":10,"word":"the","originalText":"the","characterOffsetBegin":355,"characterOffsetEnd":358,"pos":"DT","before":" ","after":" "},{"index":11,"word":"GUI","originalText":"GUI","characterOffsetBegin":359,"characterOffsetEnd":362,"pos":"NNP","before":" ","after":" "},{"index":12,"word":"users","originalText":"users","characterOffsetBegin":363,"characterOffsetEnd":368,"pos":"NNS","before":" ","after":" "},{"index":13,"word":"are","originalText":"are","characterOffsetBegin":369,"characterOffsetEnd":372,"pos":"VBP","before":" ","after":" "},{"index":14,"word":"doing","originalText":"doing","characterOffsetBegin":373,"characterOffsetEnd":378,"pos":"VBG","before":" ","after":""},{"index":15,"word":",","originalText":",","characterOffsetBegin":378,"characterOffsetEnd":379,"pos":",","before":"","after":" "},{"index":16,"word":"not","originalText":"not","characterOffsetBegin":380,"characterOffsetEnd":383,"pos":"RB","before":" ","after":" "},{"index":17,"word":"about","originalText":"about","characterOffsetBegin":384,"characterOffsetEnd":389,"pos":"IN","before":" ","after":" "},{"index":18,"word":"what","originalText":"what","characterOffsetBegin":390,"characterOffsetEnd":394,"pos":"WP","before":" ","after":" "},{"index":19,"word":"they","originalText":"they","characterOffsetBegin":395,"characterOffsetEnd":399,"pos":"PRP","before":" ","after":" "},{"index":20,"word":"actually","originalText":"actually","characterOffsetBegin":400,"characterOffsetEnd":408,"pos":"RB","before":" ","after":" "},{"index":21,"word":"*","originalText":"*","characterOffsetBegin":409,"characterOffsetEnd":410,"pos":"SYM","before":" ","after":""},{"index":22,"word":"are","originalText":"are","characterOffsetBegin":410,"characterOffsetEnd":413,"pos":"VBP","before":"","after":""},{"index":23,"word":"*","originalText":"*","characterOffsetBegin":413,"characterOffsetEnd":414,"pos":"SYM","before":"","after":" "},{"index":24,"word":"doing.This","originalText":"doing.This","characterOffsetBegin":415,"characterOffsetEnd":425,"pos":"NNPS","before":" ","after":" "},{"index":25,"word":"abstract","originalText":"abstract","characterOffsetBegin":426,"characterOffsetEnd":434,"pos":"JJ","before":" ","after":" "},{"index":26,"word":"model","originalText":"model","characterOffsetBegin":435,"characterOffsetEnd":440,"pos":"NN","before":" ","after":" "},{"index":27,"word":"is","originalText":"is","characterOffsetBegin":441,"characterOffsetEnd":443,"pos":"VBZ","before":" ","after":" "},{"index":28,"word":"only","originalText":"only","characterOffsetBegin":444,"characterOffsetEnd":448,"pos":"RB","before":" ","after":" "},{"index":29,"word":"apparent","originalText":"apparent","characterOffsetBegin":449,"characterOffsetEnd":457,"pos":"JJ","before":" ","after":" "},{"index":30,"word":"from","originalText":"from","characterOffsetBegin":458,"characterOffsetEnd":462,"pos":"IN","before":" ","after":" "},{"index":31,"word":"the","originalText":"the","characterOffsetBegin":463,"characterOffsetEnd":466,"pos":"DT","before":" ","after":" "},{"index":32,"word":"perpective","originalText":"perpective","characterOffsetBegin":467,"characterOffsetEnd":477,"pos":"NN","before":" ","after":" "},{"index":33,"word":"of","originalText":"of","characterOffsetBegin":478,"characterOffsetEnd":480,"pos":"IN","before":" ","after":" "},{"index":34,"word":"a","originalText":"a","characterOffsetBegin":481,"characterOffsetEnd":482,"pos":"DT","before":" ","after":" "},{"index":35,"word":"*","originalText":"*","characterOffsetBegin":483,"characterOffsetEnd":484,"pos":"NN","before":" ","after":""},{"index":36,"word":"programmer","originalText":"programmer","characterOffsetBegin":484,"characterOffsetEnd":494,"pos":"NN","before":"","after":""},{"index":37,"word":"*","originalText":"*","characterOffsetBegin":494,"characterOffsetEnd":495,"pos":"NN","before":"","after":""},{"index":38,"word":"of","originalText":"of","characterOffsetBegin":495,"characterOffsetEnd":497,"pos":"IN","before":"","after":" "},{"index":39,"word":"the","originalText":"the","characterOffsetBegin":498,"characterOffsetEnd":501,"pos":"DT","before":" ","after":" "},{"index":40,"word":"system","originalText":"system","characterOffsetBegin":502,"characterOffsetEnd":508,"pos":"NN","before":" ","after":""},{"index":41,"word":".","originalText":".","characterOffsetBegin":508,"characterOffsetEnd":509,"pos":".","before":"","after":" "}]},{"index":4,"tokens":[{"index":1,"word":"-LRB-","originalText":"(","characterOffsetBegin":510,"characterOffsetEnd":511,"pos":"-LRB-","before":" ","after":""},{"index":2,"word":"NB","originalText":"NB","characterOffsetBegin":511,"characterOffsetEnd":513,"pos":"NN","before":"","after":""},{"index":3,"word":":","originalText":":","characterOffsetBegin":513,"characterOffsetEnd":514,"pos":":","before":"","after":" "},{"index":4,"word":"some","originalText":"some","characterOffsetBegin":515,"characterOffsetEnd":519,"pos":"DT","before":" ","after":" "},{"index":5,"word":"users","originalText":"users","characterOffsetBegin":520,"characterOffsetEnd":525,"pos":"NNS","before":" ","after":" "},{"index":6,"word":"may","originalText":"may","characterOffsetBegin":526,"characterOffsetEnd":529,"pos":"MD","before":" ","after":" "},{"index":7,"word":"see","originalText":"see","characterOffsetBegin":530,"characterOffsetEnd":533,"pos":"VB","before":" ","after":" "},{"index":8,"word":"it","originalText":"it","characterOffsetBegin":534,"characterOffsetEnd":536,"pos":"PRP","before":" ","after":""},{"index":9,"word":",","originalText":",","characterOffsetBegin":536,"characterOffsetEnd":537,"pos":",","before":"","after":" "},{"index":10,"word":"too","originalText":"too","characterOffsetBegin":538,"characterOffsetEnd":541,"pos":"RB","before":" ","after":""},{"index":11,"word":",","originalText":",","characterOffsetBegin":541,"characterOffsetEnd":542,"pos":",","before":"","after":" "},{"index":12,"word":"but","originalText":"but","characterOffsetBegin":543,"characterOffsetEnd":546,"pos":"CC","before":" ","after":" "},{"index":13,"word":"only","originalText":"only","characterOffsetBegin":547,"characterOffsetEnd":551,"pos":"RB","before":" ","after":" "},{"index":14,"word":"when","originalText":"when","characterOffsetBegin":552,"characterOffsetEnd":556,"pos":"WRB","before":" ","after":" "},{"index":15,"word":"they","originalText":"they","characterOffsetBegin":557,"characterOffsetEnd":561,"pos":"PRP","before":" ","after":" "},{"index":16,"word":"putaside","originalText":"putaside","characterOffsetBegin":562,"characterOffsetEnd":570,"pos":"VBP","before":" ","after":" "},{"index":17,"word":"the","originalText":"the","characterOffsetBegin":571,"characterOffsetEnd":574,"pos":"DT","before":" ","after":" "},{"index":18,"word":"work","originalText":"work","characterOffsetBegin":575,"characterOffsetEnd":579,"pos":"NN","before":" ","after":" "},{"index":19,"word":"at","originalText":"at","characterOffsetBegin":580,"characterOffsetEnd":582,"pos":"IN","before":" ","after":" "},{"index":20,"word":"hand","originalText":"hand","characterOffsetBegin":583,"characterOffsetEnd":587,"pos":"NN","before":" ","after":" "},{"index":21,"word":"and","originalText":"and","characterOffsetBegin":588,"characterOffsetEnd":591,"pos":"CC","before":" ","after":" "},{"index":22,"word":"start","originalText":"start","characterOffsetBegin":592,"characterOffsetEnd":597,"pos":"VB","before":" ","after":" "},{"index":23,"word":"thinking","originalText":"thinking","characterOffsetBegin":598,"characterOffsetEnd":606,"pos":"VBG","before":" ","after":" "},{"index":24,"word":"like","originalText":"like","characterOffsetBegin":607,"characterOffsetEnd":611,"pos":"IN","before":" ","after":" "},{"index":25,"word":"a","originalText":"a","characterOffsetBegin":612,"characterOffsetEnd":613,"pos":"DT","before":" ","after":" "},{"index":26,"word":"programmer","originalText":"programmer","characterOffsetBegin":614,"characterOffsetEnd":624,"pos":"NN","before":" ","after":""},{"index":27,"word":".","originalText":".","characterOffsetBegin":624,"characterOffsetEnd":625,"pos":".","before":"","after":""},{"index":28,"word":"-RRB-","originalText":")","characterOffsetBegin":625,"characterOffsetEnd":626,"pos":"-RRB-","before":"","after":""}]},{"index":5,"tokens":[{"index":1,"word":"I","originalText":"I","characterOffsetBegin":626,"characterOffsetEnd":627,"pos":"PRP","before":"","after":""},{"index":2,"word":"'m","originalText":"'m","characterOffsetBegin":627,"characterOffsetEnd":629,"pos":"VBP","before":"","after":" "},{"index":3,"word":"not","originalText":"not","characterOffsetBegin":630,"characterOffsetEnd":633,"pos":"RB","before":" ","after":" "},{"index":4,"word":"saying","originalText":"saying","characterOffsetBegin":634,"characterOffsetEnd":640,"pos":"VBG","before":" ","after":" "},{"index":5,"word":"that","originalText":"that","characterOffsetBegin":641,"characterOffsetEnd":645,"pos":"IN","before":" ","after":" "},{"index":6,"word":"the","originalText":"the","characterOffsetBegin":646,"characterOffsetEnd":649,"pos":"DT","before":" ","after":" "},{"index":7,"word":"programmer","originalText":"programmer","characterOffsetBegin":650,"characterOffsetEnd":660,"pos":"NN","before":" ","after":""},{"index":8,"word":"'s","originalText":"'s","characterOffsetBegin":660,"characterOffsetEnd":662,"pos":"POS","before":"","after":" "},{"index":9,"word":"perspective","originalText":"perspective","characterOffsetBegin":663,"characterOffsetEnd":674,"pos":"NN","before":" ","after":" "},{"index":10,"word":"is","originalText":"is","characterOffsetBegin":675,"characterOffsetEnd":677,"pos":"VBZ","before":" ","after":" "},{"index":11,"word":"evil","originalText":"evil","characterOffsetBegin":678,"characterOffsetEnd":682,"pos":"JJ","before":" ","after":" "},{"index":12,"word":"or","originalText":"or","characterOffsetBegin":683,"characterOffsetEnd":685,"pos":"CC","before":" ","after":" "},{"index":13,"word":"stunted","originalText":"stunted","characterOffsetBegin":686,"characterOffsetEnd":693,"pos":"VBN","before":" ","after":""},{"index":14,"word":".","originalText":".","characterOffsetBegin":693,"characterOffsetEnd":694,"pos":".","before":"","after":" "}]},{"index":6,"tokens":[{"index":1,"word":"Afterall","originalText":"Afterall","characterOffsetBegin":695,"characterOffsetEnd":703,"pos":"RB","before":" ","after":""},{"index":2,"word":",","originalText":",","characterOffsetBegin":703,"characterOffsetEnd":704,"pos":",","before":"","after":" "},{"index":3,"word":"that","originalText":"that","characterOffsetBegin":705,"characterOffsetEnd":709,"pos":"DT","before":" ","after":""},{"index":4,"word":"'s","originalText":"'s","characterOffsetBegin":709,"characterOffsetEnd":711,"pos":"VBZ","before":"","after":" "},{"index":5,"word":"what","originalText":"what","characterOffsetBegin":712,"characterOffsetEnd":716,"pos":"WP","before":" ","after":" "},{"index":6,"word":"I","originalText":"I","characterOffsetBegin":717,"characterOffsetEnd":718,"pos":"PRP","before":" ","after":" "},{"index":7,"word":"do","originalText":"do","characterOffsetBegin":719,"characterOffsetEnd":721,"pos":"VBP","before":" ","after":""},{"index":8,"word":",","originalText":",","characterOffsetBegin":721,"characterOffsetEnd":722,"pos":",","before":"","after":" "},{"index":9,"word":"too","originalText":"too","characterOffsetBegin":723,"characterOffsetEnd":726,"pos":"RB","before":" ","after":""},{"index":10,"word":"!","originalText":"!","characterOffsetBegin":726,"characterOffsetEnd":727,"pos":".","before":"","after":" "}]},{"index":7,"tokens":[{"index":1,"word":"I","originalText":"I","characterOffsetBegin":728,"characterOffsetEnd":729,"pos":"PRP","before":" ","after":" "},{"index":2,"word":"am","originalText":"am","characterOffsetBegin":730,"characterOffsetEnd":732,"pos":"VBP","before":" ","after":" "},{"index":3,"word":"saying","originalText":"saying","characterOffsetBegin":733,"characterOffsetEnd":739,"pos":"VBG","before":" ","after":" "},{"index":4,"word":"that","originalText":"that","characterOffsetBegin":740,"characterOffsetEnd":744,"pos":"IN","before":" ","after":" "},{"index":5,"word":"UI","originalText":"UI","characterOffsetBegin":745,"characterOffsetEnd":747,"pos":"NNP","before":" ","after":" "},{"index":6,"word":"designers","originalText":"designers","characterOffsetBegin":748,"characterOffsetEnd":757,"pos":"NNS","before":" ","after":" "},{"index":7,"word":"must","originalText":"must","characterOffsetBegin":758,"characterOffsetEnd":762,"pos":"MD","before":" ","after":" "},{"index":8,"word":"carefullydistinguish","originalText":"carefullydistinguish","characterOffsetBegin":763,"characterOffsetEnd":783,"pos":"VB","before":" ","after":" "},{"index":9,"word":"between","originalText":"between","characterOffsetBegin":784,"characterOffsetEnd":791,"pos":"IN","before":" ","after":" "},{"index":10,"word":"the","originalText":"the","characterOffsetBegin":792,"characterOffsetEnd":795,"pos":"DT","before":" ","after":" "},{"index":11,"word":"user/programmer","originalText":"user/programmer","characterOffsetBegin":796,"characterOffsetEnd":811,"pos":"NN","before":" ","after":" "},{"index":12,"word":"conceptual","originalText":"conceptual","characterOffsetBegin":812,"characterOffsetEnd":822,"pos":"JJ","before":" ","after":" "},{"index":13,"word":"models","originalText":"models","characterOffsetBegin":823,"characterOffsetEnd":829,"pos":"NNS","before":" ","after":""},{"index":14,"word":",","originalText":",","characterOffsetBegin":829,"characterOffsetEnd":830,"pos":",","before":"","after":" "},{"index":15,"word":"and","originalText":"and","characterOffsetBegin":831,"characterOffsetEnd":834,"pos":"CC","before":" ","after":" "},{"index":16,"word":"they","originalText":"they","characterOffsetBegin":835,"characterOffsetEnd":839,"pos":"PRP","before":" ","after":" "},{"index":17,"word":"mustultimately","originalText":"mustultimately","characterOffsetBegin":840,"characterOffsetEnd":854,"pos":"RB","before":" ","after":" "},{"index":18,"word":"serve","originalText":"serve","characterOffsetBegin":855,"characterOffsetEnd":860,"pos":"VBP","before":" ","after":" "},{"index":19,"word":"the","originalText":"the","characterOffsetBegin":861,"characterOffsetEnd":864,"pos":"DT","before":" ","after":" "},{"index":20,"word":"user","originalText":"user","characterOffsetBegin":865,"characterOffsetEnd":869,"pos":"NN","before":" ","after":" "},{"index":21,"word":"of","originalText":"of","characterOffsetBegin":870,"characterOffsetEnd":872,"pos":"IN","before":" ","after":" "},{"index":22,"word":"the","originalText":"the","characterOffsetBegin":873,"characterOffsetEnd":876,"pos":"DT","before":" ","after":" "},{"index":23,"word":"system","originalText":"system","characterOffsetBegin":877,"characterOffsetEnd":883,"pos":"NN","before":" ","after":""},{"index":24,"word":",","originalText":",","characterOffsetBegin":883,"characterOffsetEnd":884,"pos":",","before":"","after":" "},{"index":25,"word":"not","originalText":"not","characterOffsetBegin":885,"characterOffsetEnd":888,"pos":"RB","before":" ","after":" "},{"index":26,"word":"the","originalText":"the","characterOffsetBegin":889,"characterOffsetEnd":892,"pos":"DT","before":" ","after":" "},{"index":27,"word":"builder","originalText":"builder","characterOffsetBegin":893,"characterOffsetEnd":900,"pos":"NN","before":" ","after":" "},{"index":28,"word":"of","originalText":"of","characterOffsetBegin":901,"characterOffsetEnd":903,"pos":"IN","before":" ","after":" "},{"index":29,"word":"the","originalText":"the","characterOffsetBegin":904,"characterOffsetEnd":907,"pos":"DT","before":" ","after":" "},{"index":30,"word":"system","originalText":"system","characterOffsetBegin":908,"characterOffsetEnd":914,"pos":"NN","before":" ","after":""},{"index":31,"word":".","originalText":".","characterOffsetBegin":914,"characterOffsetEnd":915,"pos":".","before":"","after":"    "}]},{"index":8,"tokens":[{"index":1,"word":"I","originalText":"I","characterOffsetBegin":919,"characterOffsetEnd":920,"pos":"PRP","before":"    ","after":" "},{"index":2,"word":"do","originalText":"do","characterOffsetBegin":921,"characterOffsetEnd":923,"pos":"VBP","before":" ","after":""},{"index":3,"word":"n't","originalText":"n't","characterOffsetBegin":923,"characterOffsetEnd":926,"pos":"RB","before":"","after":" "},{"index":4,"word":"recall","originalText":"recall","characterOffsetBegin":927,"characterOffsetEnd":933,"pos":"VB","before":" ","after":" "},{"index":5,"word":"the","originalText":"the","characterOffsetBegin":934,"characterOffsetEnd":937,"pos":"DT","before":" ","after":" "},{"index":6,"word":"actual","originalText":"actual","characterOffsetBegin":938,"characterOffsetEnd":944,"pos":"JJ","before":" ","after":" "},{"index":7,"word":"stats","originalText":"stats","characterOffsetBegin":945,"characterOffsetEnd":950,"pos":"NNS","before":" ","after":""},{"index":8,"word":",","originalText":",","characterOffsetBegin":950,"characterOffsetEnd":951,"pos":",","before":"","after":" "},{"index":9,"word":"but","originalText":"but","characterOffsetBegin":952,"characterOffsetEnd":955,"pos":"CC","before":" ","after":" "},{"index":10,"word":"something","originalText":"something","characterOffsetBegin":956,"characterOffsetEnd":965,"pos":"NN","before":" ","after":" "},{"index":11,"word":"like","originalText":"like","characterOffsetBegin":966,"characterOffsetEnd":970,"pos":"IN","before":" ","after":" "},{"index":12,"word":"1","originalText":"1","characterOffsetBegin":971,"characterOffsetEnd":972,"pos":"CD","before":" ","after":" "},{"index":13,"word":"in","originalText":"in","characterOffsetBegin":973,"characterOffsetEnd":975,"pos":"IN","before":" ","after":" "},{"index":14,"word":"5","originalText":"5","characterOffsetBegin":976,"characterOffsetEnd":977,"pos":"CD","before":" ","after":" "},{"index":15,"word":"people","originalText":"people","characterOffsetBegin":978,"characterOffsetEnd":984,"pos":"NNS","before":" ","after":" "},{"index":16,"word":"can","originalText":"can","characterOffsetBegin":985,"characterOffsetEnd":988,"pos":"MD","before":" ","after":" "},{"index":17,"word":"be","originalText":"be","characterOffsetBegin":989,"characterOffsetEnd":991,"pos":"VB","before":" ","after":"   "},{"index":18,"word":"categorized","originalText":"categorized","characterOffsetBegin":994,"characterOffsetEnd":1005,"pos":"VBN","before":"   ","after":" "},{"index":19,"word":"as","originalText":"as","characterOffsetBegin":1006,"characterOffsetEnd":1008,"pos":"IN","before":" ","after":" "},{"index":20,"word":"a","originalText":"a","characterOffsetBegin":1009,"characterOffsetEnd":1010,"pos":"DT","before":" ","after":" "},{"index":21,"word":"``","originalText":"\"","characterOffsetBegin":1011,"characterOffsetEnd":1012,"pos":"``","before":" ","after":""},{"index":22,"word":"symbol","originalText":"symbol","characterOffsetBegin":1012,"characterOffsetEnd":1018,"pos":"NN","before":"","after":" "},{"index":23,"word":"manipulator","originalText":"manipulator","characterOffsetBegin":1019,"characterOffsetEnd":1030,"pos":"NN","before":" ","after":""},{"index":24,"word":"''","originalText":"\"","characterOffsetBegin":1030,"characterOffsetEnd":1031,"pos":"''","before":"","after":""},{"index":25,"word":".","originalText":".","characterOffsetBegin":1031,"characterOffsetEnd":1032,"pos":".","before":"","after":""}]},{"index":9,"tokens":[{"index":1,"word":"It","originalText":"It","characterOffsetBegin":1032,"characterOffsetEnd":1034,"pos":"PRP","before":"","after":" "},{"index":2,"word":"would","originalText":"would","characterOffsetBegin":1035,"characterOffsetEnd":1040,"pos":"MD","before":" ","after":" "},{"index":3,"word":"be","originalText":"be","characterOffsetBegin":1041,"characterOffsetEnd":1043,"pos":"VB","before":" ","after":" "},{"index":4,"word":"interesting","originalText":"interesting","characterOffsetBegin":1044,"characterOffsetEnd":1055,"pos":"JJ","before":" ","after":" "},{"index":5,"word":"to","originalText":"to","characterOffsetBegin":1056,"characterOffsetEnd":1058,"pos":"TO","before":" ","after":" "},{"index":6,"word":"know","originalText":"know","characterOffsetBegin":1059,"characterOffsetEnd":1063,"pos":"VB","before":" ","after":" "},{"index":7,"word":"more","originalText":"more","characterOffsetBegin":1064,"characterOffsetEnd":1068,"pos":"JJR","before":" ","after":" "},{"index":8,"word":"about","originalText":"about","characterOffsetBegin":1069,"characterOffsetEnd":1074,"pos":"IN","before":" ","after":" "},{"index":9,"word":"the","originalText":"the","characterOffsetBegin":1075,"characterOffsetEnd":1078,"pos":"DT","before":" ","after":" "},{"index":10,"word":"meaning","originalText":"meaning","characterOffsetBegin":1079,"characterOffsetEnd":1086,"pos":"NN","before":" ","after":" "},{"index":11,"word":"and","originalText":"and","characterOffsetBegin":1087,"characterOffsetEnd":1090,"pos":"CC","before":" ","after":" "},{"index":12,"word":"basis","originalText":"basis","characterOffsetBegin":1091,"characterOffsetEnd":1096,"pos":"NN","before":" ","after":" "},{"index":13,"word":"for","originalText":"for","characterOffsetBegin":1097,"characterOffsetEnd":1100,"pos":"IN","before":" ","after":" "},{"index":14,"word":"thisclaim","originalText":"thisclaim","characterOffsetBegin":1101,"characterOffsetEnd":1110,"pos":"NN","before":" ","after":""},{"index":15,"word":".","originalText":".","characterOffsetBegin":1110,"characterOffsetEnd":1111,"pos":".","before":"","after":" "}]},{"index":10,"tokens":[{"index":1,"word":"At","originalText":"At","characterOffsetBegin":1112,"characterOffsetEnd":1114,"pos":"IN","before":" ","after":" "},{"index":2,"word":"any","originalText":"any","characterOffsetBegin":1115,"characterOffsetEnd":1118,"pos":"DT","before":" ","after":" "},{"index":3,"word":"rate","originalText":"rate","characterOffsetBegin":1119,"characterOffsetEnd":1123,"pos":"NN","before":" ","after":""},{"index":4,"word":",","originalText":",","characterOffsetBegin":1123,"characterOffsetEnd":1124,"pos":",","before":"","after":" "},{"index":5,"word":"I","originalText":"I","characterOffsetBegin":1125,"characterOffsetEnd":1126,"pos":"PRP","before":" ","after":" "},{"index":6,"word":"do","originalText":"do","characterOffsetBegin":1127,"characterOffsetEnd":1129,"pos":"VBP","before":" ","after":""},{"index":7,"word":"n't","originalText":"n't","characterOffsetBegin":1129,"characterOffsetEnd":1132,"pos":"RB","before":"","after":" "},{"index":8,"word":"think","originalText":"think","characterOffsetBegin":1133,"characterOffsetEnd":1138,"pos":"VB","before":" ","after":" "},{"index":9,"word":"this","originalText":"this","characterOffsetBegin":1139,"characterOffsetEnd":1143,"pos":"DT","before":" ","after":" "},{"index":10,"word":"is","originalText":"is","characterOffsetBegin":1144,"characterOffsetEnd":1146,"pos":"VBZ","before":" ","after":" "},{"index":11,"word":"evidence","originalText":"evidence","characterOffsetBegin":1147,"characterOffsetEnd":1155,"pos":"NN","before":" ","after":" "},{"index":12,"word":"that","originalText":"that","characterOffsetBegin":1156,"characterOffsetEnd":1160,"pos":"IN","before":" ","after":" "},{"index":13,"word":"20","originalText":"20","characterOffsetBegin":1161,"characterOffsetEnd":1163,"pos":"CD","before":" ","after":""},{"index":14,"word":"%","originalText":"%","characterOffsetBegin":1163,"characterOffsetEnd":1164,"pos":"NN","before":"","after":" "},{"index":15,"word":"of","originalText":"of","characterOffsetBegin":1165,"characterOffsetEnd":1167,"pos":"IN","before":" ","after":" "},{"index":16,"word":"users","originalText":"users","characterOffsetBegin":1168,"characterOffsetEnd":1173,"pos":"NNS","before":" ","after":" "},{"index":17,"word":"thinklike","originalText":"thinklike","characterOffsetBegin":1174,"characterOffsetEnd":1183,"pos":"JJ","before":" ","after":" "},{"index":18,"word":"programmers","originalText":"programmers","characterOffsetBegin":1184,"characterOffsetEnd":1195,"pos":"NNS","before":" ","after":""},{"index":19,"word":".","originalText":".","characterOffsetBegin":1195,"characterOffsetEnd":1196,"pos":".","before":"","after":" "}]},{"index":11,"tokens":[{"index":1,"word":"Bankers","originalText":"Bankers","characterOffsetBegin":1197,"characterOffsetEnd":1204,"pos":"NNPS","before":" ","after":""},{"index":2,"word":",","originalText":",","characterOffsetBegin":1204,"characterOffsetEnd":1205,"pos":",","before":"","after":" "},{"index":3,"word":"financial","originalText":"financial","characterOffsetBegin":1206,"characterOffsetEnd":1215,"pos":"JJ","before":" ","after":" "},{"index":4,"word":"analysts","originalText":"analysts","characterOffsetBegin":1216,"characterOffsetEnd":1224,"pos":"NNS","before":" ","after":""},{"index":5,"word":",","originalText":",","characterOffsetBegin":1224,"characterOffsetEnd":1225,"pos":",","before":"","after":" "},{"index":6,"word":"structural","originalText":"structural","characterOffsetBegin":1226,"characterOffsetEnd":1236,"pos":"JJ","before":" ","after":" "},{"index":7,"word":"engineers","originalText":"engineers","characterOffsetBegin":1237,"characterOffsetEnd":1246,"pos":"NNS","before":" ","after":" "},{"index":8,"word":"--","originalText":"---","characterOffsetBegin":1247,"characterOffsetEnd":1250,"pos":":","before":" ","after":""},{"index":9,"word":"these","originalText":"these","characterOffsetBegin":1250,"characterOffsetEnd":1255,"pos":"DT","before":"","after":" "},{"index":10,"word":"are","originalText":"are","characterOffsetBegin":1256,"characterOffsetEnd":1259,"pos":"VBP","before":" ","after":" "},{"index":11,"word":"all","originalText":"all","characterOffsetBegin":1260,"characterOffsetEnd":1263,"pos":"DT","before":" ","after":" "},{"index":12,"word":"people","originalText":"people","characterOffsetBegin":1264,"characterOffsetEnd":1270,"pos":"NNS","before":" ","after":" "},{"index":13,"word":"whose","originalText":"whose","characterOffsetBegin":1271,"characterOffsetEnd":1276,"pos":"WP$","before":" ","after":" "},{"index":14,"word":"work","originalText":"work","characterOffsetBegin":1277,"characterOffsetEnd":1281,"pos":"NN","before":" ","after":" "},{"index":15,"word":"you","originalText":"you","characterOffsetBegin":1282,"characterOffsetEnd":1285,"pos":"PRP","before":" ","after":" "},{"index":16,"word":"could","originalText":"could","characterOffsetBegin":1286,"characterOffsetEnd":1291,"pos":"MD","before":" ","after":" "},{"index":17,"word":"characterize","originalText":"characterize","characterOffsetBegin":1292,"characterOffsetEnd":1304,"pos":"VB","before":" ","after":" "},{"index":18,"word":"as","originalText":"as","characterOffsetBegin":1305,"characterOffsetEnd":1307,"pos":"IN","before":" ","after":" "},{"index":19,"word":"primarily","originalText":"primarily","characterOffsetBegin":1308,"characterOffsetEnd":1317,"pos":"RB","before":" ","after":" "},{"index":20,"word":"symbolmanipulation","originalText":"symbolmanipulation","characterOffsetBegin":1318,"characterOffsetEnd":1336,"pos":"NN","before":" ","after":""},{"index":21,"word":".","originalText":".","characterOffsetBegin":1336,"characterOffsetEnd":1337,"pos":".","before":"","after":" "}]},{"index":12,"tokens":[{"index":1,"word":"But","originalText":"But","characterOffsetBegin":1338,"characterOffsetEnd":1341,"pos":"CC","before":" ","after":" "},{"index":2,"word":"what","originalText":"what","characterOffsetBegin":1342,"characterOffsetEnd":1346,"pos":"WP","before":" ","after":" "},{"index":3,"word":"they","originalText":"they","characterOffsetBegin":1347,"characterOffsetEnd":1351,"pos":"PRP","before":" ","after":" "},{"index":4,"word":"do","originalText":"do","characterOffsetBegin":1352,"characterOffsetEnd":1354,"pos":"VBP","before":" ","after":" "},{"index":5,"word":"is","originalText":"is","characterOffsetBegin":1355,"characterOffsetEnd":1357,"pos":"VBZ","before":" ","after":" "},{"index":6,"word":"not","originalText":"not","characterOffsetBegin":1358,"characterOffsetEnd":1361,"pos":"RB","before":" ","after":" "},{"index":7,"word":"programming","originalText":"programming","characterOffsetBegin":1362,"characterOffsetEnd":1373,"pos":"NN","before":" ","after":""},{"index":8,"word":",","originalText":",","characterOffsetBegin":1373,"characterOffsetEnd":1374,"pos":",","before":"","after":" "},{"index":9,"word":"and","originalText":"and","characterOffsetBegin":1375,"characterOffsetEnd":1378,"pos":"CC","before":" ","after":" "},{"index":10,"word":"programming","originalText":"programming","characterOffsetBegin":1379,"characterOffsetEnd":1390,"pos":"NN","before":" ","after":" "},{"index":11,"word":"is","originalText":"is","characterOffsetBegin":1391,"characterOffsetEnd":1393,"pos":"VBZ","before":" ","after":" "},{"index":12,"word":"notrequired","originalText":"notrequired","characterOffsetBegin":1394,"characterOffsetEnd":1405,"pos":"JJ","before":" ","after":" "},{"index":13,"word":"to","originalText":"to","characterOffsetBegin":1406,"characterOffsetEnd":1408,"pos":"TO","before":" ","after":" "},{"index":14,"word":"do","originalText":"do","characterOffsetBegin":1409,"characterOffsetEnd":1411,"pos":"VB","before":" ","after":" "},{"index":15,"word":"what","originalText":"what","characterOffsetBegin":1412,"characterOffsetEnd":1416,"pos":"WP","before":" ","after":" "},{"index":16,"word":"they","originalText":"they","characterOffsetBegin":1417,"characterOffsetEnd":1421,"pos":"PRP","before":" ","after":" "},{"index":17,"word":"do","originalText":"do","characterOffsetBegin":1422,"characterOffsetEnd":1424,"pos":"VBP","before":" ","after":""},{"index":18,"word":".","originalText":".","characterOffsetBegin":1424,"characterOffsetEnd":1425,"pos":".","before":"","after":" "}]},{"index":13,"tokens":[{"index":1,"word":"To","originalText":"To","characterOffsetBegin":1426,"characterOffsetEnd":1428,"pos":"TO","before":" ","after":" "},{"index":2,"word":"restate","originalText":"restate","characterOffsetBegin":1429,"characterOffsetEnd":1436,"pos":"VB","before":" ","after":" "},{"index":3,"word":"my","originalText":"my","characterOffsetBegin":1437,"characterOffsetEnd":1439,"pos":"PRP$","before":" ","after":" "},{"index":4,"word":"previous","originalText":"previous","characterOffsetBegin":1440,"characterOffsetEnd":1448,"pos":"JJ","before":" ","after":" "},{"index":5,"word":"point","originalText":"point","characterOffsetBegin":1449,"characterOffsetEnd":1454,"pos":"NN","before":" ","after":""},{"index":6,"word":":","originalText":":","characterOffsetBegin":1454,"characterOffsetEnd":1455,"pos":":","before":"","after":" "},{"index":7,"word":"yes","originalText":"yes","characterOffsetBegin":1456,"characterOffsetEnd":1459,"pos":"UH","before":" ","after":""},{"index":8,"word":",","originalText":",","characterOffsetBegin":1459,"characterOffsetEnd":1460,"pos":",","before":"","after":" "},{"index":9,"word":"users","originalText":"users","characterOffsetBegin":1461,"characterOffsetEnd":1466,"pos":"NNS","before":" ","after":" "},{"index":10,"word":"want","originalText":"want","characterOffsetBegin":1467,"characterOffsetEnd":1471,"pos":"VBP","before":" ","after":" "},{"index":11,"word":"to","originalText":"to","characterOffsetBegin":1472,"characterOffsetEnd":1474,"pos":"TO","before":" ","after":" "},{"index":12,"word":"build","originalText":"build","characterOffsetBegin":1475,"characterOffsetEnd":1480,"pos":"VB","before":" ","after":" "},{"index":13,"word":"their","originalText":"their","characterOffsetBegin":1481,"characterOffsetEnd":1486,"pos":"PRP$","before":" ","after":" "},{"index":14,"word":"own","originalText":"own","characterOffsetBegin":1487,"characterOffsetEnd":1490,"pos":"JJ","before":" ","after":" "},{"index":15,"word":"solutions","originalText":"solutions","characterOffsetBegin":1491,"characterOffsetEnd":1500,"pos":"NNS","before":" ","after":""},{"index":16,"word":";","originalText":";","characterOffsetBegin":1500,"characterOffsetEnd":1501,"pos":":","before":"","after":""},{"index":17,"word":"no","originalText":"no","characterOffsetBegin":1501,"characterOffsetEnd":1503,"pos":"DT","before":"","after":""},{"index":18,"word":",","originalText":",","characterOffsetBegin":1503,"characterOffsetEnd":1504,"pos":",","before":"","after":" "},{"index":19,"word":"they","originalText":"they","characterOffsetBegin":1505,"characterOffsetEnd":1509,"pos":"PRP","before":" ","after":" "},{"index":20,"word":"do","originalText":"do","characterOffsetBegin":1510,"characterOffsetEnd":1512,"pos":"VBP","before":" ","after":" "},{"index":21,"word":"not","originalText":"not","characterOffsetBegin":1513,"characterOffsetEnd":1516,"pos":"RB","before":" ","after":" "},{"index":22,"word":"want","originalText":"want","characterOffsetBegin":1517,"characterOffsetEnd":1521,"pos":"VB","before":" ","after":" "},{"index":23,"word":"to","originalText":"to","characterOffsetBegin":1522,"characterOffsetEnd":1524,"pos":"TO","before":" ","after":" "},{"index":24,"word":"do","originalText":"do","characterOffsetBegin":1525,"characterOffsetEnd":1527,"pos":"VB","before":" ","after":" "},{"index":25,"word":"programming","originalText":"programming","characterOffsetBegin":1528,"characterOffsetEnd":1539,"pos":"VBG","before":" ","after":" "},{"index":26,"word":"to","originalText":"to","characterOffsetBegin":1540,"characterOffsetEnd":1542,"pos":"TO","before":" ","after":" "},{"index":27,"word":"accomplish","originalText":"accomplish","characterOffsetBegin":1543,"characterOffsetEnd":1553,"pos":"VB","before":" ","after":" "},{"index":28,"word":"this","originalText":"this","characterOffsetBegin":1554,"characterOffsetEnd":1558,"pos":"DT","before":" ","after":""},{"index":29,"word":".","originalText":".","characterOffsetBegin":1558,"characterOffsetEnd":1559,"pos":".","before":"","after":""}]}]}