{"sentences":[{"index":0,"tokens":[{"index":1,"word":"From","originalText":"From","characterOffsetBegin":0,"characterOffsetEnd":4,"pos":"IN","before":"","after":""},{"index":2,"word":":","originalText":":","characterOffsetBegin":4,"characterOffsetEnd":5,"pos":":","before":"","after":" "},{"index":3,"word":"coe@leopard.cs.uidaho.edu","originalText":"coe@leopard.cs.uidaho.edu","characterOffsetBegin":6,"characterOffsetEnd":31,"pos":"NN","before":" ","after":" "},{"index":4,"word":"-LRB-","originalText":"(","characterOffsetBegin":32,"characterOffsetEnd":33,"pos":"-LRB-","before":" ","after":""},{"index":5,"word":"Mike","originalText":"Mike","characterOffsetBegin":33,"characterOffsetEnd":37,"pos":"NNP","before":"","after":" "},{"index":6,"word":"Coe","originalText":"Coe","characterOffsetBegin":38,"characterOffsetEnd":41,"pos":"NNP","before":" ","after":""},{"index":7,"word":"-RRB-","originalText":")","characterOffsetBegin":41,"characterOffsetEnd":42,"pos":"-RRB-","before":"","after":""},{"index":8,"word":"Subject","originalText":"Subject","characterOffsetBegin":42,"characterOffsetEnd":49,"pos":"NNP","before":"","after":""},{"index":9,"word":":","originalText":":","characterOffsetBegin":49,"characterOffsetEnd":50,"pos":":","before":"","after":" "},{"index":10,"word":"window","originalText":"window","characterOffsetBegin":51,"characterOffsetEnd":57,"pos":"NN","before":" ","after":" "},{"index":11,"word":"managerI","originalText":"managerI","characterOffsetBegin":58,"characterOffsetEnd":66,"pos":"NN","before":" ","after":" "},{"index":12,"word":"currently","originalText":"currently","characterOffsetBegin":67,"characterOffsetEnd":76,"pos":"RB","before":" ","after":" "},{"index":13,"word":"use","originalText":"use","characterOffsetBegin":77,"characterOffsetEnd":80,"pos":"VBP","before":" ","after":" "},{"index":14,"word":"a","originalText":"a","characterOffsetBegin":81,"characterOffsetEnd":82,"pos":"DT","before":" ","after":" "},{"index":15,"word":"window","originalText":"window","characterOffsetBegin":83,"characterOffsetEnd":89,"pos":"NN","before":" ","after":" "},{"index":16,"word":"manager","originalText":"manager","characterOffsetBegin":90,"characterOffsetEnd":97,"pos":"NN","before":" ","after":" "},{"index":17,"word":"called","originalText":"called","characterOffsetBegin":98,"characterOffsetEnd":104,"pos":"VBN","before":" ","after":" "},{"index":18,"word":"ctwm","originalText":"ctwm","characterOffsetBegin":105,"characterOffsetEnd":109,"pos":"NN","before":" ","after":" "},{"index":19,"word":"whichis","originalText":"whichis","characterOffsetBegin":110,"characterOffsetEnd":117,"pos":"NN","before":" ","after":" "},{"index":20,"word":"very","originalText":"very","characterOffsetBegin":118,"characterOffsetEnd":122,"pos":"RB","before":" ","after":" "},{"index":21,"word":"similar","originalText":"similar","characterOffsetBegin":123,"characterOffsetEnd":130,"pos":"JJ","before":" ","after":" "},{"index":22,"word":"to","originalText":"to","characterOffsetBegin":131,"characterOffsetEnd":133,"pos":"TO","before":" ","after":" "},{"index":23,"word":"hp","originalText":"hp","characterOffsetBegin":134,"characterOffsetEnd":136,"pos":"NN","before":" ","after":""},{"index":24,"word":"'s","originalText":"'s","characterOffsetBegin":136,"characterOffsetEnd":138,"pos":"POS","before":"","after":" "},{"index":25,"word":"vuewm","originalText":"vuewm","characterOffsetBegin":139,"characterOffsetEnd":144,"pos":"NN","before":" ","after":""},{"index":26,"word":".","originalText":".","characterOffsetBegin":144,"characterOffsetEnd":145,"pos":".","before":"","after":" "}]},{"index":1,"tokens":[{"index":1,"word":"-LRB-","originalText":"(","characterOffsetBegin":146,"characterOffsetEnd":147,"pos":"-LRB-","before":" ","after":""},{"index":2,"word":"i.e.","originalText":"i.e.","characterOffsetBegin":147,"characterOffsetEnd":151,"pos":"FW","before":"","after":" "},{"index":3,"word":"it","originalText":"it","characterOffsetBegin":152,"characterOffsetEnd":154,"pos":"PRP","before":" ","after":" "},{"index":4,"word":"has","originalText":"has","characterOffsetBegin":155,"characterOffsetEnd":158,"pos":"VBZ","before":" ","after":" "},{"index":5,"word":"multiple","originalText":"multiple","characterOffsetBegin":159,"characterOffsetEnd":167,"pos":"JJ","before":" ","after":" "},{"index":6,"word":"workspaces","originalText":"workspaces","characterOffsetBegin":168,"characterOffsetEnd":178,"pos":"NNS","before":" ","after":""},{"index":7,"word":"-RRB-","originalText":")","characterOffsetBegin":178,"characterOffsetEnd":179,"pos":"-RRB-","before":"","after":""},{"index":8,"word":".","originalText":".","characterOffsetBegin":179,"characterOffsetEnd":180,"pos":".","before":"","after":"  "}]},{"index":2,"tokens":[{"index":1,"word":"Is","originalText":"Is","characterOffsetBegin":182,"characterOffsetEnd":184,"pos":"VBZ","before":"  ","after":" "},{"index":2,"word":"there","originalText":"there","characterOffsetBegin":185,"characterOffsetEnd":190,"pos":"EX","before":" ","after":" "},{"index":3,"word":"a","originalText":"a","characterOffsetBegin":191,"characterOffsetEnd":192,"pos":"DT","before":" ","after":" "},{"index":4,"word":"motif","originalText":"motif","characterOffsetBegin":193,"characterOffsetEnd":198,"pos":"NN","before":" ","after":" "},{"index":5,"word":"based","originalText":"based","characterOffsetBegin":199,"characterOffsetEnd":204,"pos":"VBN","before":" ","after":" "},{"index":6,"word":"window","originalText":"window","characterOffsetBegin":205,"characterOffsetEnd":211,"pos":"NN","before":" ","after":" "},{"index":7,"word":"manager","originalText":"manager","characterOffsetBegin":212,"characterOffsetEnd":219,"pos":"NN","before":" ","after":" "},{"index":8,"word":"that","originalText":"that","characterOffsetBegin":220,"characterOffsetEnd":224,"pos":"WDT","before":" ","after":" "},{"index":9,"word":"has","originalText":"has","characterOffsetBegin":225,"characterOffsetEnd":228,"pos":"VBZ","before":" ","after":" "},{"index":10,"word":"this","originalText":"this","characterOffsetBegin":229,"characterOffsetEnd":233,"pos":"DT","before":" ","after":" "},{"index":11,"word":"same","originalText":"same","characterOffsetBegin":234,"characterOffsetEnd":238,"pos":"JJ","before":" ","after":" "},{"index":12,"word":"feature","originalText":"feature","characterOffsetBegin":239,"characterOffsetEnd":246,"pos":"NN","before":" ","after":" "},{"index":13,"word":"and","originalText":"and","characterOffsetBegin":247,"characterOffsetEnd":250,"pos":"CC","before":" ","after":" "},{"index":14,"word":"is","originalText":"is","characterOffsetBegin":251,"characterOffsetEnd":253,"pos":"VBZ","before":" ","after":" "},{"index":15,"word":"not","originalText":"not","characterOffsetBegin":254,"characterOffsetEnd":257,"pos":"RB","before":" ","after":" "},{"index":16,"word":"a","originalText":"a","characterOffsetBegin":258,"characterOffsetEnd":259,"pos":"DT","before":" ","after":" "},{"index":17,"word":"memory","originalText":"memory","characterOffsetBegin":260,"characterOffsetEnd":266,"pos":"NN","before":" ","after":" "},{"index":18,"word":"pig","originalText":"pig","characterOffsetBegin":267,"characterOffsetEnd":270,"pos":"NN","before":" ","after":" "},{"index":19,"word":"like","originalText":"like","characterOffsetBegin":271,"characterOffsetEnd":275,"pos":"IN","before":" ","after":" "},{"index":20,"word":"vue?mike","originalText":"vue?mike","characterOffsetBegin":276,"characterOffsetEnd":284,"pos":"NN","before":" ","after":""},{"index":21,"word":"--","originalText":"--","characterOffsetBegin":284,"characterOffsetEnd":286,"pos":":","before":"","after":""},{"index":22,"word":"Michael","originalText":"Michael","characterOffsetBegin":286,"characterOffsetEnd":293,"pos":"NNP","before":"","after":" "},{"index":23,"word":"L","originalText":"L","characterOffsetBegin":294,"characterOffsetEnd":295,"pos":"NNP","before":" ","after":" "},{"index":24,"word":"Coe","originalText":"Coe","characterOffsetBegin":296,"characterOffsetEnd":299,"pos":"NNP","before":" ","after":"                 "},{"index":25,"word":"|","originalText":"|","characterOffsetBegin":316,"characterOffsetEnd":317,"pos":"CD","before":"                 ","after":"  "},{"index":26,"word":"``","originalText":"\"","characterOffsetBegin":319,"characterOffsetEnd":320,"pos":"``","before":"  ","after":""},{"index":27,"word":"A","originalText":"A","characterOffsetBegin":320,"characterOffsetEnd":321,"pos":"DT","before":"","after":" "},{"index":28,"word":"mind","originalText":"mind","characterOffsetBegin":322,"characterOffsetEnd":326,"pos":"NN","before":" ","after":" "},{"index":29,"word":"is","originalText":"is","characterOffsetBegin":327,"characterOffsetEnd":329,"pos":"VBZ","before":" ","after":" "},{"index":30,"word":"a","originalText":"a","characterOffsetBegin":330,"characterOffsetEnd":331,"pos":"DT","before":" ","after":" "},{"index":31,"word":"terrible","originalText":"terrible","characterOffsetBegin":332,"characterOffsetEnd":340,"pos":"JJ","before":" ","after":" "},{"index":32,"word":"thing","originalText":"thing","characterOffsetBegin":341,"characterOffsetEnd":346,"pos":"NN","before":" ","after":""},{"index":33,"word":".","originalText":".","characterOffsetBegin":346,"characterOffsetEnd":347,"pos":".","before":"","after":""}]},{"index":3,"tokens":[{"index":1,"word":"``","originalText":"\"","characterOffsetBegin":347,"characterOffsetEnd":348,"pos":"``","before":"","after":""},{"index":2,"word":"Laboratory","originalText":"Laboratory","characterOffsetBegin":348,"characterOffsetEnd":358,"pos":"NN","before":"","after":" "},{"index":3,"word":"of","originalText":"of","characterOffsetBegin":359,"characterOffsetEnd":361,"pos":"IN","before":" ","after":" "},{"index":4,"word":"Applied","originalText":"Applied","characterOffsetBegin":362,"characterOffsetEnd":369,"pos":"NNP","before":" ","after":" "},{"index":5,"word":"Logic","originalText":"Logic","characterOffsetBegin":370,"characterOffsetEnd":375,"pos":"NNP","before":" ","after":"   "},{"index":6,"word":"|","originalText":"|","characterOffsetBegin":378,"characterOffsetEnd":379,"pos":"NNP","before":"   ","after":" "},{"index":7,"word":"University","originalText":"University","characterOffsetBegin":380,"characterOffsetEnd":390,"pos":"NNP","before":" ","after":" "},{"index":8,"word":"of","originalText":"of","characterOffsetBegin":391,"characterOffsetEnd":393,"pos":"IN","before":" ","after":" "},{"index":9,"word":"Idaho","originalText":"Idaho","characterOffsetBegin":394,"characterOffsetEnd":399,"pos":"NNP","before":" ","after":"           "},{"index":10,"word":"|","originalText":"|","characterOffsetBegin":410,"characterOffsetEnd":411,"pos":"CD","before":"           ","after":" "},{"index":11,"word":"coe@leopard.cs.uidaho.edu","originalText":"coe@leopard.cs.uidaho.edu","characterOffsetBegin":412,"characterOffsetEnd":437,"pos":"NN","before":" ","after":"     "},{"index":12,"word":"|","originalText":"|","characterOffsetBegin":442,"characterOffsetEnd":443,"pos":"CD","before":"     ","after":" "},{"index":13,"word":"coe861@snake.cs.uidaho.edu","originalText":"coe861@snake.cs.uidaho.edu","characterOffsetBegin":444,"characterOffsetEnd":470,"pos":"NN","before":" ","after":""}]}]}