{"sentences":[{"index":0,"tokens":[{"index":1,"word":"From","originalText":"From","characterOffsetBegin":0,"characterOffsetEnd":4,"pos":"IN","before":"","after":""},{"index":2,"word":":","originalText":":","characterOffsetBegin":4,"characterOffsetEnd":5,"pos":":","before":"","after":" "},{"index":3,"word":"rgooch@rp.CSIRO.AU","originalText":"rgooch@rp.CSIRO.AU","characterOffsetBegin":6,"characterOffsetEnd":24,"pos":"NN","before":" ","after":" "},{"index":4,"word":"-LRB-","originalText":"(","characterOffsetBegin":25,"characterOffsetEnd":26,"pos":"-LRB-","before":" ","after":""},{"index":5,"word":"Richard","originalText":"Richard","characterOffsetBegin":26,"characterOffsetEnd":33,"pos":"NNP","before":"","after":" "},{"index":6,"word":"Gooch","originalText":"Gooch","characterOffsetBegin":34,"characterOffsetEnd":39,"pos":"NNP","before":" ","after":""},{"index":7,"word":"-RRB-","originalText":")","characterOffsetBegin":39,"characterOffsetEnd":40,"pos":"-RRB-","before":"","after":""},{"index":8,"word":"Subject","originalText":"Subject","characterOffsetBegin":40,"characterOffsetEnd":47,"pos":"NNP","before":"","after":""},{"index":9,"word":":","originalText":":","characterOffsetBegin":47,"characterOffsetEnd":48,"pos":":","before":"","after":" "},{"index":10,"word":"Re","originalText":"Re","characterOffsetBegin":49,"characterOffsetEnd":51,"pos":"NNP","before":" ","after":""},{"index":11,"word":":","originalText":":","characterOffsetBegin":51,"characterOffsetEnd":52,"pos":":","before":"","after":" "},{"index":12,"word":"X11R5","originalText":"X11R5","characterOffsetBegin":53,"characterOffsetEnd":58,"pos":"NN","before":" ","after":" "},{"index":13,"word":"and","originalText":"and","characterOffsetBegin":59,"characterOffsetEnd":62,"pos":"CC","before":" ","after":" "},{"index":14,"word":"Open","originalText":"Open","characterOffsetBegin":63,"characterOffsetEnd":67,"pos":"VB","before":" ","after":" "},{"index":15,"word":"LookIn","originalText":"LookIn","characterOffsetBegin":68,"characterOffsetEnd":74,"pos":"NN","before":" ","after":" "},{"index":16,"word":"article","originalText":"article","characterOffsetBegin":75,"characterOffsetEnd":82,"pos":"NN","before":" ","after":" "},{"index":17,"word":"<1993Apr12.155820.82@aedc-vax.af.mil>","originalText":"<1993Apr12.155820.82@aedc-vax.af.mil>","characterOffsetBegin":83,"characterOffsetEnd":120,"pos":"NN","before":" ","after":""},{"index":18,"word":",","originalText":",","characterOffsetBegin":120,"characterOffsetEnd":121,"pos":",","before":"","after":" "},{"index":19,"word":"bonds@aedc-vax.af.mil","originalText":"bonds@aedc-vax.af.mil","characterOffsetBegin":122,"characterOffsetEnd":143,"pos":"JJ","before":" ","after":" "},{"index":20,"word":"writes","originalText":"writes","characterOffsetBegin":144,"characterOffsetEnd":150,"pos":"VBZ","before":" ","after":""},{"index":21,"word":":","originalText":":","characterOffsetBegin":150,"characterOffsetEnd":151,"pos":":","before":"","after":""},{"index":22,"word":">","originalText":">","characterOffsetBegin":151,"characterOffsetEnd":152,"pos":"JJR","before":"","after":" "},{"index":23,"word":"I","originalText":"I","characterOffsetBegin":153,"characterOffsetEnd":154,"pos":"PRP","before":" ","after":" "},{"index":24,"word":"am","originalText":"am","characterOffsetBegin":155,"characterOffsetEnd":157,"pos":"VBP","before":" ","after":" "},{"index":25,"word":"reposting","originalText":"reposting","characterOffsetBegin":158,"characterOffsetEnd":167,"pos":"VBG","before":" ","after":" "},{"index":26,"word":"this","originalText":"this","characterOffsetBegin":168,"characterOffsetEnd":172,"pos":"DT","before":" ","after":" "},{"index":27,"word":"because","originalText":"because","characterOffsetBegin":173,"characterOffsetEnd":180,"pos":"IN","before":" ","after":" "},{"index":28,"word":"I","originalText":"I","characterOffsetBegin":181,"characterOffsetEnd":182,"pos":"PRP","before":" ","after":" "},{"index":29,"word":"am","originalText":"am","characterOffsetBegin":183,"characterOffsetEnd":185,"pos":"VBP","before":" ","after":" "},{"index":30,"word":"not","originalText":"not","characterOffsetBegin":186,"characterOffsetEnd":189,"pos":"RB","before":" ","after":" "},{"index":31,"word":"sure","originalText":"sure","characterOffsetBegin":190,"characterOffsetEnd":194,"pos":"JJ","before":" ","after":" "},{"index":32,"word":"my","originalText":"my","characterOffsetBegin":195,"characterOffsetEnd":197,"pos":"PRP$","before":" ","after":" "},{"index":33,"word":"first","originalText":"first","characterOffsetBegin":198,"characterOffsetEnd":203,"pos":"JJ","before":" ","after":" "},{"index":34,"word":"post","originalText":"post","characterOffsetBegin":204,"characterOffsetEnd":208,"pos":"NN","before":" ","after":" "},{"index":35,"word":"ever","originalText":"ever","characterOffsetBegin":209,"characterOffsetEnd":213,"pos":"RB","before":" ","after":" "},{"index":36,"word":"made","originalText":"made","characterOffsetBegin":214,"characterOffsetEnd":218,"pos":"VBD","before":" ","after":" "},{"index":37,"word":"it","originalText":"it","characterOffsetBegin":219,"characterOffsetEnd":221,"pos":"PRP","before":" ","after":" "},{"index":38,"word":"out","originalText":"out","characterOffsetBegin":222,"characterOffsetEnd":225,"pos":"RP","before":" ","after":""},{"index":39,"word":".","originalText":".","characterOffsetBegin":225,"characterOffsetEnd":226,"pos":".","before":"","after":""},{"index":40,"word":">","originalText":">","characterOffsetBegin":226,"characterOffsetEnd":227,"pos":"JJR","before":"","after":" "}]},{"index":1,"tokens":[{"index":1,"word":"I","originalText":"I","characterOffsetBegin":228,"characterOffsetEnd":229,"pos":"PRP","before":" ","after":" "},{"index":2,"word":"have","originalText":"have","characterOffsetBegin":230,"characterOffsetEnd":234,"pos":"VBP","before":" ","after":" "},{"index":3,"word":"built","originalText":"built","characterOffsetBegin":235,"characterOffsetEnd":240,"pos":"VBN","before":" ","after":" "},{"index":4,"word":"and","originalText":"and","characterOffsetBegin":241,"characterOffsetEnd":244,"pos":"CC","before":" ","after":" "},{"index":5,"word":"installed","originalText":"installed","characterOffsetBegin":245,"characterOffsetEnd":254,"pos":"VBN","before":" ","after":" "},{"index":6,"word":"X11R5","originalText":"X11R5","characterOffsetBegin":255,"characterOffsetEnd":260,"pos":"NN","before":" ","after":" "},{"index":7,"word":"on","originalText":"on","characterOffsetBegin":261,"characterOffsetEnd":263,"pos":"IN","before":" ","after":" "},{"index":8,"word":"my","originalText":"my","characterOffsetBegin":264,"characterOffsetEnd":266,"pos":"PRP$","before":" ","after":" "},{"index":9,"word":"SPARCstation","originalText":"SPARCstation","characterOffsetBegin":267,"characterOffsetEnd":279,"pos":"NN","before":" ","after":" "},{"index":10,"word":"2","originalText":"2","characterOffsetBegin":280,"characterOffsetEnd":281,"pos":"CD","before":" ","after":""},{"index":11,"word":".","originalText":".","characterOffsetBegin":281,"characterOffsetEnd":282,"pos":".","before":"","after":"  "}]},{"index":2,"tokens":[{"index":1,"word":"My","originalText":"My","characterOffsetBegin":284,"characterOffsetEnd":286,"pos":"PRP$","before":"  ","after":" "},{"index":2,"word":"aim","originalText":"aim","characterOffsetBegin":287,"characterOffsetEnd":290,"pos":"NN","before":" ","after":" "},{"index":3,"word":"is","originalText":"is","characterOffsetBegin":291,"characterOffsetEnd":293,"pos":"VBZ","before":" ","after":" "},{"index":4,"word":"to","originalText":"to","characterOffsetBegin":294,"characterOffsetEnd":296,"pos":"TO","before":" ","after":" "},{"index":5,"word":"run","originalText":"run","characterOffsetBegin":297,"characterOffsetEnd":300,"pos":"VB","before":" ","after":""},{"index":6,"word":">","originalText":">","characterOffsetBegin":300,"characterOffsetEnd":301,"pos":"JJR","before":"","after":" "},{"index":7,"word":"the","originalText":"the","characterOffsetBegin":302,"characterOffsetEnd":305,"pos":"DT","before":" ","after":" "},{"index":8,"word":"MIT","originalText":"MIT","characterOffsetBegin":306,"characterOffsetEnd":309,"pos":"NNP","before":" ","after":" "},{"index":9,"word":"X","originalText":"X","characterOffsetBegin":310,"characterOffsetEnd":311,"pos":"NN","before":" ","after":" "},{"index":10,"word":"server","originalText":"server","characterOffsetBegin":312,"characterOffsetEnd":318,"pos":"NN","before":" ","after":" "},{"index":11,"word":"but","originalText":"but","characterOffsetBegin":319,"characterOffsetEnd":322,"pos":"CC","before":" ","after":" "},{"index":12,"word":"retain","originalText":"retain","characterOffsetBegin":323,"characterOffsetEnd":329,"pos":"VBP","before":" ","after":" "},{"index":13,"word":"the","originalText":"the","characterOffsetBegin":330,"characterOffsetEnd":333,"pos":"DT","before":" ","after":" "},{"index":14,"word":"OpenLook","originalText":"OpenLook","characterOffsetBegin":334,"characterOffsetEnd":342,"pos":"NNP","before":" ","after":" "},{"index":15,"word":"Window","originalText":"Window","characterOffsetBegin":343,"characterOffsetEnd":349,"pos":"NNP","before":" ","after":" "},{"index":16,"word":"Manager","originalText":"Manager","characterOffsetBegin":350,"characterOffsetEnd":357,"pos":"NNP","before":" ","after":""},{"index":17,"word":".","originalText":".","characterOffsetBegin":357,"characterOffsetEnd":358,"pos":".","before":"","after":"  "}]},{"index":3,"tokens":[{"index":1,"word":"I","originalText":"I","characterOffsetBegin":360,"characterOffsetEnd":361,"pos":"PRP","before":"  ","after":" "},{"index":2,"word":"am","originalText":"am","characterOffsetBegin":362,"characterOffsetEnd":364,"pos":"VBP","before":" ","after":" "},{"index":3,"word":"sure","originalText":"sure","characterOffsetBegin":365,"characterOffsetEnd":369,"pos":"RB","before":" ","after":" "},{"index":4,"word":"this","originalText":"this","characterOffsetBegin":370,"characterOffsetEnd":374,"pos":"DT","before":" ","after":""},{"index":5,"word":">","originalText":">","characterOffsetBegin":374,"characterOffsetEnd":375,"pos":"JJR","before":"","after":" "},{"index":6,"word":"is","originalText":"is","characterOffsetBegin":376,"characterOffsetEnd":378,"pos":"VBZ","before":" ","after":" "},{"index":7,"word":"not","originalText":"not","characterOffsetBegin":379,"characterOffsetEnd":382,"pos":"RB","before":" ","after":" "},{"index":8,"word":"uncommon","originalText":"uncommon","characterOffsetBegin":383,"characterOffsetEnd":391,"pos":"JJ","before":" ","after":""},{"index":9,"word":",","originalText":",","characterOffsetBegin":391,"characterOffsetEnd":392,"pos":",","before":"","after":" "},{"index":10,"word":"but","originalText":"but","characterOffsetBegin":393,"characterOffsetEnd":396,"pos":"CC","before":" ","after":" "},{"index":11,"word":"I","originalText":"I","characterOffsetBegin":397,"characterOffsetEnd":398,"pos":"PRP","before":" ","after":" "},{"index":12,"word":"just","originalText":"just","characterOffsetBegin":399,"characterOffsetEnd":403,"pos":"RB","before":" ","after":" "},{"index":13,"word":"want","originalText":"want","characterOffsetBegin":404,"characterOffsetEnd":408,"pos":"VBP","before":" ","after":" "},{"index":14,"word":"to","originalText":"to","characterOffsetBegin":409,"characterOffsetEnd":411,"pos":"TO","before":" ","after":" "},{"index":15,"word":"make","originalText":"make","characterOffsetBegin":412,"characterOffsetEnd":416,"pos":"VB","before":" ","after":" "},{"index":16,"word":"sure","originalText":"sure","characterOffsetBegin":417,"characterOffsetEnd":421,"pos":"JJ","before":" ","after":" "},{"index":17,"word":"that","originalText":"that","characterOffsetBegin":422,"characterOffsetEnd":426,"pos":"IN","before":" ","after":" "},{"index":18,"word":"I","originalText":"I","characterOffsetBegin":427,"characterOffsetEnd":428,"pos":"PRP","before":" ","after":" "},{"index":19,"word":"change","originalText":"change","characterOffsetBegin":429,"characterOffsetEnd":435,"pos":"VBP","before":" ","after":" "},{"index":20,"word":"and/or","originalText":"and/or","characterOffsetBegin":436,"characterOffsetEnd":442,"pos":"CC","before":" ","after":" "},{"index":21,"word":"delete","originalText":"delete","characterOffsetBegin":443,"characterOffsetEnd":449,"pos":"VBP","before":" ","after":""},{"index":22,"word":">","originalText":">","characterOffsetBegin":449,"characterOffsetEnd":450,"pos":"JJR","before":"","after":" "},{"index":23,"word":"everything","originalText":"everything","characterOffsetBegin":451,"characterOffsetEnd":461,"pos":"NN","before":" ","after":" "},{"index":24,"word":"that","originalText":"that","characterOffsetBegin":462,"characterOffsetEnd":466,"pos":"IN","before":" ","after":" "},{"index":25,"word":"I","originalText":"I","characterOffsetBegin":467,"characterOffsetEnd":468,"pos":"PRP","before":" ","after":" "},{"index":26,"word":"need","originalText":"need","characterOffsetBegin":469,"characterOffsetEnd":473,"pos":"VBP","before":" ","after":" "},{"index":27,"word":"to","originalText":"to","characterOffsetBegin":474,"characterOffsetEnd":476,"pos":"TO","before":" ","after":""},{"index":28,"word":".","originalText":".","characterOffsetBegin":476,"characterOffsetEnd":477,"pos":".","before":"","after":"  "}]},{"index":4,"tokens":[{"index":1,"word":"For","originalText":"For","characterOffsetBegin":479,"characterOffsetEnd":482,"pos":"IN","before":"  ","after":" "},{"index":2,"word":"instance","originalText":"instance","characterOffsetBegin":483,"characterOffsetEnd":491,"pos":"NN","before":" ","after":""},{"index":3,"word":",","originalText":",","characterOffsetBegin":491,"characterOffsetEnd":492,"pos":",","before":"","after":" "},{"index":4,"word":"I","originalText":"I","characterOffsetBegin":493,"characterOffsetEnd":494,"pos":"PRP","before":" ","after":" "},{"index":5,"word":"can","originalText":"can","characterOffsetBegin":495,"characterOffsetEnd":498,"pos":"MD","before":" ","after":" "},{"index":6,"word":"start","originalText":"start","characterOffsetBegin":499,"characterOffsetEnd":504,"pos":"VB","before":" ","after":" "},{"index":7,"word":"xdm","originalText":"xdm","characterOffsetBegin":505,"characterOffsetEnd":508,"pos":"NN","before":" ","after":" "},{"index":8,"word":"in","originalText":"in","characterOffsetBegin":509,"characterOffsetEnd":511,"pos":"IN","before":" ","after":" "},{"index":9,"word":"rc.local","originalText":"rc.local","characterOffsetBegin":512,"characterOffsetEnd":520,"pos":"JJ","before":" ","after":""},{"index":10,"word":",","originalText":",","characterOffsetBegin":520,"characterOffsetEnd":521,"pos":",","before":"","after":" "},{"index":11,"word":"but","originalText":"but","characterOffsetBegin":522,"characterOffsetEnd":525,"pos":"CC","before":" ","after":""},{"index":12,"word":">","originalText":">","characterOffsetBegin":525,"characterOffsetEnd":526,"pos":"JJR","before":"","after":" "},{"index":13,"word":"how","originalText":"how","characterOffsetBegin":527,"characterOffsetEnd":530,"pos":"WRB","before":" ","after":" "},{"index":14,"word":"do","originalText":"do","characterOffsetBegin":531,"characterOffsetEnd":533,"pos":"VBP","before":" ","after":" "},{"index":15,"word":"I","originalText":"I","characterOffsetBegin":534,"characterOffsetEnd":535,"pos":"PRP","before":" ","after":" "},{"index":16,"word":"get","originalText":"get","characterOffsetBegin":536,"characterOffsetEnd":539,"pos":"VB","before":" ","after":" "},{"index":17,"word":"rid","originalText":"rid","characterOffsetBegin":540,"characterOffsetEnd":543,"pos":"JJ","before":" ","after":" "},{"index":18,"word":"of","originalText":"of","characterOffsetBegin":544,"characterOffsetEnd":546,"pos":"IN","before":" ","after":" "},{"index":19,"word":"Xnews","originalText":"Xnews","characterOffsetBegin":547,"characterOffsetEnd":552,"pos":"NNP","before":" ","after":""},{"index":20,"word":"?","originalText":"?","characterOffsetBegin":552,"characterOffsetEnd":553,"pos":".","before":"","after":""},{"index":21,"word":">","originalText":">","characterOffsetBegin":553,"characterOffsetEnd":554,"pos":"JJR","before":"","after":"   "}]},{"index":5,"tokens":[{"index":1,"word":"The","originalText":"The","characterOffsetBegin":557,"characterOffsetEnd":560,"pos":"DT","before":"   ","after":" "},{"index":2,"word":"OpenLook","originalText":"OpenLook","characterOffsetBegin":561,"characterOffsetEnd":569,"pos":"NNP","before":" ","after":" "},{"index":3,"word":"window","originalText":"window","characterOffsetBegin":570,"characterOffsetEnd":576,"pos":"NN","before":" ","after":" "},{"index":4,"word":"manager","originalText":"manager","characterOffsetBegin":577,"characterOffsetEnd":584,"pos":"NN","before":" ","after":" "},{"index":5,"word":"source","originalText":"source","characterOffsetBegin":585,"characterOffsetEnd":591,"pos":"NN","before":" ","after":" "},{"index":6,"word":"is","originalText":"is","characterOffsetBegin":592,"characterOffsetEnd":594,"pos":"VBZ","before":" ","after":" "},{"index":7,"word":"available","originalText":"available","characterOffsetBegin":595,"characterOffsetEnd":604,"pos":"JJ","before":" ","after":" "},{"index":8,"word":"on","originalText":"on","characterOffsetBegin":605,"characterOffsetEnd":607,"pos":"IN","before":" ","after":" "},{"index":9,"word":"the","originalText":"the","characterOffsetBegin":608,"characterOffsetEnd":611,"pos":"DT","before":" ","after":" "},{"index":10,"word":"MIT","originalText":"MIT","characterOffsetBegin":612,"characterOffsetEnd":615,"pos":"NNP","before":" ","after":" "},{"index":11,"word":"contrib","originalText":"contrib","characterOffsetBegin":616,"characterOffsetEnd":623,"pos":"NN","before":" ","after":" "},{"index":12,"word":"tapes","originalText":"tapes","characterOffsetBegin":624,"characterOffsetEnd":629,"pos":"NNS","before":" ","after":"  "},{"index":13,"word":"or","originalText":"or","characterOffsetBegin":631,"characterOffsetEnd":633,"pos":"CC","before":"  ","after":" "},{"index":14,"word":"from","originalText":"from","characterOffsetBegin":634,"characterOffsetEnd":638,"pos":"IN","before":" ","after":"  "},{"index":15,"word":"export.lcs.mit.edu","originalText":"export.lcs.mit.edu","characterOffsetBegin":640,"characterOffsetEnd":658,"pos":"FW","before":"  ","after":"  "},{"index":16,"word":".","originalText":".","characterOffsetBegin":660,"characterOffsetEnd":661,"pos":".","before":"  ","after":""}]},{"index":6,"tokens":[{"index":1,"word":"I","originalText":"I","characterOffsetBegin":661,"characterOffsetEnd":662,"pos":"PRP","before":"","after":" "},{"index":2,"word":"would","originalText":"would","characterOffsetBegin":663,"characterOffsetEnd":668,"pos":"MD","before":" ","after":" "},{"index":3,"word":"suggest","originalText":"suggest","characterOffsetBegin":669,"characterOffsetEnd":676,"pos":"VB","before":" ","after":" "},{"index":4,"word":"building","originalText":"building","characterOffsetBegin":677,"characterOffsetEnd":685,"pos":"NN","before":" ","after":" "},{"index":5,"word":"this","originalText":"this","characterOffsetBegin":686,"characterOffsetEnd":690,"pos":"DT","before":" ","after":" "},{"index":6,"word":"too","originalText":"too","characterOffsetBegin":691,"characterOffsetEnd":694,"pos":"RB","before":" ","after":""},{"index":7,"word":",","originalText":",","characterOffsetBegin":694,"characterOffsetEnd":695,"pos":",","before":"","after":" "},{"index":8,"word":"rather","originalText":"rather","characterOffsetBegin":696,"characterOffsetEnd":702,"pos":"RB","before":" ","after":" "},{"index":9,"word":"than","originalText":"than","characterOffsetBegin":703,"characterOffsetEnd":707,"pos":"IN","before":" ","after":"  "},{"index":10,"word":"using","originalText":"using","characterOffsetBegin":709,"characterOffsetEnd":714,"pos":"VBG","before":"  ","after":" "},{"index":11,"word":"the","originalText":"the","characterOffsetBegin":715,"characterOffsetEnd":718,"pos":"DT","before":" ","after":" "},{"index":12,"word":"version","originalText":"version","characterOffsetBegin":719,"characterOffsetEnd":726,"pos":"NN","before":" ","after":" "},{"index":13,"word":"from","originalText":"from","characterOffsetBegin":727,"characterOffsetEnd":731,"pos":"IN","before":" ","after":" "},{"index":14,"word":"OpenWindows","originalText":"OpenWindows","characterOffsetBegin":732,"characterOffsetEnd":743,"pos":"NNPS","before":" ","after":""},{"index":15,"word":".","originalText":".","characterOffsetBegin":743,"characterOffsetEnd":744,"pos":".","before":"","after":" "}]},{"index":7,"tokens":[{"index":1,"word":"It","originalText":"It","characterOffsetBegin":745,"characterOffsetEnd":747,"pos":"PRP","before":" ","after":" "},{"index":2,"word":"is","originalText":"is","characterOffsetBegin":748,"characterOffsetEnd":750,"pos":"VBZ","before":" ","after":"  "},{"index":3,"word":"olwm","originalText":"olwm","characterOffsetBegin":752,"characterOffsetEnd":756,"pos":"JJ","before":"  ","after":"  "},{"index":4,"word":"v3","originalText":"v3","characterOffsetBegin":758,"characterOffsetEnd":760,"pos":"NN","before":"  ","after":""},{"index":5,"word":".","originalText":".","characterOffsetBegin":760,"characterOffsetEnd":761,"pos":".","before":"","after":"\t\t\t\t"}]},{"index":8,"tokens":[{"index":1,"word":"Regards","originalText":"Regards","characterOffsetBegin":765,"characterOffsetEnd":772,"pos":"NNS","before":"\t\t\t\t","after":""},{"index":2,"word":",","originalText":",","characterOffsetBegin":772,"characterOffsetEnd":773,"pos":",","before":"","after":"\t\t\t\t\t"},{"index":3,"word":"Richard","originalText":"Richard","characterOffsetBegin":778,"characterOffsetEnd":785,"pos":"NNP","before":"\t\t\t\t\t","after":" "},{"index":4,"word":"Gooch","originalText":"Gooch","characterOffsetBegin":786,"characterOffsetEnd":791,"pos":"NNP","before":" ","after":""},{"index":5,"word":"...","originalText":"....","characterOffsetBegin":791,"characterOffsetEnd":795,"pos":":","before":"","after":""}]}]}