{"sentences":[{"index":0,"tokens":[{"index":1,"word":"From","originalText":"From","characterOffsetBegin":0,"characterOffsetEnd":4,"pos":"IN","before":"","after":""},{"index":2,"word":":","originalText":":","characterOffsetBegin":4,"characterOffsetEnd":5,"pos":":","before":"","after":" "},{"index":3,"word":"daniels@NeoSoft.com","originalText":"daniels@NeoSoft.com","characterOffsetBegin":6,"characterOffsetEnd":25,"pos":"NNP","before":" ","after":" "},{"index":4,"word":"-LRB-","originalText":"(","characterOffsetBegin":26,"characterOffsetEnd":27,"pos":"-LRB-","before":" ","after":""},{"index":5,"word":"Brad","originalText":"Brad","characterOffsetBegin":27,"characterOffsetEnd":31,"pos":"NNP","before":"","after":" "},{"index":6,"word":"Daniels","originalText":"Daniels","characterOffsetBegin":32,"characterOffsetEnd":39,"pos":"NNP","before":" ","after":""},{"index":7,"word":"-RRB-","originalText":")","characterOffsetBegin":39,"characterOffsetEnd":40,"pos":"-RRB-","before":"","after":""},{"index":8,"word":"Subject","originalText":"Subject","characterOffsetBegin":40,"characterOffsetEnd":47,"pos":"NNP","before":"","after":""},{"index":9,"word":":","originalText":":","characterOffsetBegin":47,"characterOffsetEnd":48,"pos":":","before":"","after":" "},{"index":10,"word":"Re","originalText":"Re","characterOffsetBegin":49,"characterOffsetEnd":51,"pos":"NNP","before":" ","after":""},{"index":11,"word":":","originalText":":","characterOffsetBegin":51,"characterOffsetEnd":52,"pos":":","before":"","after":" "},{"index":12,"word":"iconize","originalText":"iconize","characterOffsetBegin":53,"characterOffsetEnd":60,"pos":"VB","before":" ","after":" "},{"index":13,"word":"a","originalText":"a","characterOffsetBegin":61,"characterOffsetEnd":62,"pos":"DT","before":" ","after":" "},{"index":14,"word":"running","originalText":"running","characterOffsetBegin":63,"characterOffsetEnd":70,"pos":"VBG","before":" ","after":" "},{"index":15,"word":"application?In","originalText":"application?In","characterOffsetBegin":71,"characterOffsetEnd":85,"pos":"NN","before":" ","after":" "},{"index":16,"word":"article","originalText":"article","characterOffsetBegin":86,"characterOffsetEnd":93,"pos":"NN","before":" ","after":" "},{"index":17,"word":"<C5IFJ0.F2u@csn.org>","originalText":"<C5IFJ0.F2u@csn.org>","characterOffsetBegin":94,"characterOffsetEnd":114,"pos":"NN","before":" ","after":" "},{"index":18,"word":"doomer@teal.csn.org","originalText":"doomer@teal.csn.org","characterOffsetBegin":115,"characterOffsetEnd":134,"pos":"NN","before":" ","after":" "},{"index":19,"word":"-LRB-","originalText":"(","characterOffsetBegin":135,"characterOffsetEnd":136,"pos":"-LRB-","before":" ","after":""},{"index":20,"word":"John","originalText":"John","characterOffsetBegin":136,"characterOffsetEnd":140,"pos":"NNP","before":"","after":" "},{"index":21,"word":"Dumais","originalText":"Dumais","characterOffsetBegin":141,"characterOffsetEnd":147,"pos":"NNP","before":" ","after":""},{"index":22,"word":"-RRB-","originalText":")","characterOffsetBegin":147,"characterOffsetEnd":148,"pos":"-RRB-","before":"","after":" "},{"index":23,"word":"writes","originalText":"writes","characterOffsetBegin":149,"characterOffsetEnd":155,"pos":"VBZ","before":" ","after":""},{"index":24,"word":":","originalText":":","characterOffsetBegin":155,"characterOffsetEnd":156,"pos":":","before":"","after":""},{"index":25,"word":">","originalText":">","characterOffsetBegin":156,"characterOffsetEnd":157,"pos":"JJR","before":"","after":""},{"index":26,"word":"I","originalText":"I","characterOffsetBegin":157,"characterOffsetEnd":158,"pos":"PRP","before":"","after":""},{"index":27,"word":"'ve","originalText":"'ve","characterOffsetBegin":158,"characterOffsetEnd":161,"pos":"VBP","before":"","after":" "},{"index":28,"word":"been","originalText":"been","characterOffsetBegin":162,"characterOffsetEnd":166,"pos":"VBN","before":" ","after":" "},{"index":29,"word":"trying","originalText":"trying","characterOffsetBegin":167,"characterOffsetEnd":173,"pos":"VBG","before":" ","after":" "},{"index":30,"word":"to","originalText":"to","characterOffsetBegin":174,"characterOffsetEnd":176,"pos":"TO","before":" ","after":" "},{"index":31,"word":"figure","originalText":"figure","characterOffsetBegin":177,"characterOffsetEnd":183,"pos":"VB","before":" ","after":" "},{"index":32,"word":"a","originalText":"a","characterOffsetBegin":184,"characterOffsetEnd":185,"pos":"DT","before":" ","after":" "},{"index":33,"word":"way","originalText":"way","characterOffsetBegin":186,"characterOffsetEnd":189,"pos":"NN","before":" ","after":" "},{"index":34,"word":"to","originalText":"to","characterOffsetBegin":190,"characterOffsetEnd":192,"pos":"TO","before":" ","after":" "},{"index":35,"word":"programmatically","originalText":"programmatically","characterOffsetBegin":193,"characterOffsetEnd":209,"pos":"RB","before":" ","after":" "},{"index":36,"word":"iconize","originalText":"iconize","characterOffsetBegin":210,"characterOffsetEnd":217,"pos":"VB","before":" ","after":" "},{"index":37,"word":">","originalText":">","characterOffsetBegin":218,"characterOffsetEnd":219,"pos":"JJR","before":" ","after":""},{"index":38,"word":"an","originalText":"an","characterOffsetBegin":219,"characterOffsetEnd":221,"pos":"DT","before":"","after":" "},{"index":39,"word":"application","originalText":"application","characterOffsetBegin":222,"characterOffsetEnd":233,"pos":"NN","before":" ","after":" "},{"index":40,"word":"running","originalText":"running","characterOffsetBegin":234,"characterOffsetEnd":241,"pos":"VBG","before":" ","after":" "},{"index":41,"word":"under","originalText":"under","characterOffsetBegin":242,"characterOffsetEnd":247,"pos":"IN","before":" ","after":" "},{"index":42,"word":"a","originalText":"a","characterOffsetBegin":248,"characterOffsetEnd":249,"pos":"DT","before":" ","after":" "},{"index":43,"word":"Motif","originalText":"Motif","characterOffsetBegin":250,"characterOffsetEnd":255,"pos":"NN","before":" ","after":" "},{"index":44,"word":"window","originalText":"window","characterOffsetBegin":256,"characterOffsetEnd":262,"pos":"NN","before":" ","after":" "},{"index":45,"word":"manager","originalText":"manager","characterOffsetBegin":263,"characterOffsetEnd":270,"pos":"NN","before":" ","after":""},{"index":46,"word":".","originalText":".","characterOffsetBegin":270,"characterOffsetEnd":271,"pos":".","before":"","after":"  "}]},{"index":1,"tokens":[{"index":1,"word":"I","originalText":"I","characterOffsetBegin":273,"characterOffsetEnd":274,"pos":"PRP","before":"  ","after":" "},{"index":2,"word":"have","originalText":"have","characterOffsetBegin":275,"characterOffsetEnd":279,"pos":"VBP","before":" ","after":" "},{"index":3,"word":"tried","originalText":"tried","characterOffsetBegin":280,"characterOffsetEnd":285,"pos":"VBN","before":" ","after":""},{"index":4,"word":">","originalText":">","characterOffsetBegin":285,"characterOffsetEnd":286,"pos":"JJR","before":"","after":""},{"index":5,"word":"several","originalText":"several","characterOffsetBegin":286,"characterOffsetEnd":293,"pos":"JJ","before":"","after":" "},{"index":6,"word":"approaches","originalText":"approaches","characterOffsetBegin":294,"characterOffsetEnd":304,"pos":"NNS","before":" ","after":" "},{"index":7,"word":"includeing","originalText":"includeing","characterOffsetBegin":305,"characterOffsetEnd":315,"pos":"VBG","before":" ","after":" "},{"index":8,"word":"sending","originalText":"sending","characterOffsetBegin":316,"characterOffsetEnd":323,"pos":"VBG","before":" ","after":" "},{"index":9,"word":"events","originalText":"events","characterOffsetBegin":324,"characterOffsetEnd":330,"pos":"NNS","before":" ","after":" "},{"index":10,"word":"to","originalText":"to","characterOffsetBegin":331,"characterOffsetEnd":333,"pos":"TO","before":" ","after":" "},{"index":11,"word":"the","originalText":"the","characterOffsetBegin":334,"characterOffsetEnd":337,"pos":"DT","before":" ","after":" "},{"index":12,"word":"application","originalText":"application","characterOffsetBegin":338,"characterOffsetEnd":349,"pos":"NN","before":" ","after":""},{"index":13,"word":"'s","originalText":"'s","characterOffsetBegin":349,"characterOffsetEnd":351,"pos":"POS","before":"","after":""},{"index":14,"word":">","originalText":">","characterOffsetBegin":351,"characterOffsetEnd":352,"pos":"JJR","before":"","after":""},{"index":15,"word":"border","originalText":"border","characterOffsetBegin":352,"characterOffsetEnd":358,"pos":"NN","before":"","after":" "},{"index":16,"word":"window","originalText":"window","characterOffsetBegin":359,"characterOffsetEnd":365,"pos":"NN","before":" ","after":""},{"index":17,"word":",","originalText":",","characterOffsetBegin":365,"characterOffsetEnd":366,"pos":",","before":"","after":" "},{"index":18,"word":"but","originalText":"but","characterOffsetBegin":367,"characterOffsetEnd":370,"pos":"CC","before":" ","after":" "},{"index":19,"word":"to","originalText":"to","characterOffsetBegin":371,"characterOffsetEnd":373,"pos":"TO","before":" ","after":" "},{"index":20,"word":"no","originalText":"no","characterOffsetBegin":374,"characterOffsetEnd":376,"pos":"DT","before":" ","after":" "},{"index":21,"word":"avail","originalText":"avail","characterOffsetBegin":377,"characterOffsetEnd":382,"pos":"NN","before":" ","after":""},{"index":22,"word":"?","originalText":"?","characterOffsetBegin":382,"characterOffsetEnd":383,"pos":".","before":"","after":"  "}]},{"index":2,"tokens":[{"index":1,"word":"Anyone","originalText":"Anyone","characterOffsetBegin":385,"characterOffsetEnd":391,"pos":"NN","before":"  ","after":" "},{"index":2,"word":"done","originalText":"done","characterOffsetBegin":392,"characterOffsetEnd":396,"pos":"VBN","before":" ","after":" "},{"index":3,"word":"this","originalText":"this","characterOffsetBegin":397,"characterOffsetEnd":401,"pos":"DT","before":" ","after":" "},{"index":4,"word":"before?I","originalText":"before?I","characterOffsetBegin":402,"characterOffsetEnd":410,"pos":"NN","before":" ","after":" "},{"index":5,"word":"tend","originalText":"tend","characterOffsetBegin":411,"characterOffsetEnd":415,"pos":"VB","before":" ","after":" "},{"index":6,"word":"to","originalText":"to","characterOffsetBegin":416,"characterOffsetEnd":418,"pos":"TO","before":" ","after":" "},{"index":7,"word":"use","originalText":"use","characterOffsetBegin":419,"characterOffsetEnd":422,"pos":"VB","before":" ","after":" "},{"index":8,"word":"XIconifyWindow","originalText":"XIconifyWindow","characterOffsetBegin":423,"characterOffsetEnd":437,"pos":"NN","before":" ","after":" "},{"index":9,"word":"to","originalText":"to","characterOffsetBegin":438,"characterOffsetEnd":440,"pos":"TO","before":" ","after":" "},{"index":10,"word":"achieve","originalText":"achieve","characterOffsetBegin":441,"characterOffsetEnd":448,"pos":"VB","before":" ","after":" "},{"index":11,"word":"this","originalText":"this","characterOffsetBegin":449,"characterOffsetEnd":453,"pos":"DT","before":" ","after":" "},{"index":12,"word":"effect","originalText":"effect","characterOffsetBegin":454,"characterOffsetEnd":460,"pos":"NN","before":" ","after":""},{"index":13,"word":"...","originalText":"...","characterOffsetBegin":460,"characterOffsetEnd":463,"pos":":","before":"","after":"  "},{"index":14,"word":"Have","originalText":"Have","characterOffsetBegin":465,"characterOffsetEnd":469,"pos":"VBP","before":"  ","after":" "},{"index":15,"word":"you","originalText":"you","characterOffsetBegin":470,"characterOffsetEnd":473,"pos":"PRP","before":" ","after":" "},{"index":16,"word":"tried","originalText":"tried","characterOffsetBegin":474,"characterOffsetEnd":479,"pos":"VBD","before":" ","after":" "},{"index":17,"word":"that","originalText":"that","characterOffsetBegin":480,"characterOffsetEnd":484,"pos":"IN","before":" ","after":""},{"index":18,"word":"?","originalText":"?","characterOffsetBegin":484,"characterOffsetEnd":485,"pos":".","before":"","after":""}]},{"index":3,"tokens":[{"index":1,"word":"-","originalText":"-","characterOffsetBegin":485,"characterOffsetEnd":486,"pos":":","before":"","after":" "},{"index":2,"word":"Brad","originalText":"Brad","characterOffsetBegin":487,"characterOffsetEnd":491,"pos":"NNP","before":" ","after":""},{"index":3,"word":"--","originalText":"--","characterOffsetBegin":491,"characterOffsetEnd":493,"pos":":","before":"","after":" "},{"index":4,"word":"Brad","originalText":"Brad","characterOffsetBegin":494,"characterOffsetEnd":498,"pos":"NNP","before":" ","after":" "},{"index":5,"word":"Daniels","originalText":"Daniels","characterOffsetBegin":499,"characterOffsetEnd":506,"pos":"NNP","before":" ","after":"\t\t"},{"index":6,"word":"`","originalText":"`","characterOffsetBegin":508,"characterOffsetEnd":509,"pos":"``","before":"\t\t","after":"\t"},{"index":7,"word":"|","originalText":"|","characterOffsetBegin":510,"characterOffsetEnd":511,"pos":"CD","before":"\t","after":"  "},{"index":8,"word":"``","originalText":"\"","characterOffsetBegin":513,"characterOffsetEnd":514,"pos":"``","before":"  ","after":""},{"index":9,"word":"If","originalText":"If","characterOffsetBegin":514,"characterOffsetEnd":516,"pos":"IN","before":"","after":" "},{"index":10,"word":"money","originalText":"money","characterOffsetBegin":517,"characterOffsetEnd":522,"pos":"NN","before":" ","after":" "},{"index":11,"word":"ca","originalText":"ca","characterOffsetBegin":523,"characterOffsetEnd":525,"pos":"MD","before":" ","after":""},{"index":12,"word":"n't","originalText":"n't","characterOffsetBegin":525,"characterOffsetEnd":528,"pos":"RB","before":"","after":" "},{"index":13,"word":"buy","originalText":"buy","characterOffsetBegin":529,"characterOffsetEnd":532,"pos":"VB","before":" ","after":" "},{"index":14,"word":"happiness,daniels@neosoft.com","originalText":"happiness,daniels@neosoft.com","characterOffsetBegin":533,"characterOffsetEnd":562,"pos":"NNP","before":" ","after":"\t\t"},{"index":15,"word":"|","originalText":"|","characterOffsetBegin":564,"characterOffsetEnd":565,"pos":"CD","before":"\t\t","after":"   "},{"index":16,"word":"I","originalText":"I","characterOffsetBegin":568,"characterOffsetEnd":569,"pos":"PRP","before":"   ","after":" "},{"index":17,"word":"guess","originalText":"guess","characterOffsetBegin":570,"characterOffsetEnd":575,"pos":"VBP","before":" ","after":" "},{"index":18,"word":"I","originalText":"I","characterOffsetBegin":576,"characterOffsetEnd":577,"pos":"PRP","before":" ","after":""},{"index":19,"word":"'ll","originalText":"'ll","characterOffsetBegin":577,"characterOffsetEnd":580,"pos":"MD","before":"","after":" "},{"index":20,"word":"have","originalText":"have","characterOffsetBegin":581,"characterOffsetEnd":585,"pos":"VB","before":" ","after":" "},{"index":21,"word":"to","originalText":"to","characterOffsetBegin":586,"characterOffsetEnd":588,"pos":"TO","before":" ","after":" "},{"index":22,"word":"rent","originalText":"rent","characterOffsetBegin":589,"characterOffsetEnd":593,"pos":"VB","before":" ","after":" "},{"index":23,"word":"it","originalText":"it","characterOffsetBegin":594,"characterOffsetEnd":596,"pos":"PRP","before":" ","after":""},{"index":24,"word":".","originalText":".","characterOffsetBegin":596,"characterOffsetEnd":597,"pos":".","before":"","after":""}]},{"index":4,"tokens":[{"index":1,"word":"``","originalText":"\"","characterOffsetBegin":597,"characterOffsetEnd":598,"pos":"``","before":"","after":""},{"index":2,"word":"I","originalText":"I","characterOffsetBegin":598,"characterOffsetEnd":599,"pos":"PRP","before":"","after":" "},{"index":3,"word":"do","originalText":"do","characterOffsetBegin":600,"characterOffsetEnd":602,"pos":"VBP","before":" ","after":""},{"index":4,"word":"n't","originalText":"n't","characterOffsetBegin":602,"characterOffsetEnd":605,"pos":"RB","before":"","after":" "},{"index":5,"word":"work","originalText":"work","characterOffsetBegin":606,"characterOffsetEnd":610,"pos":"VB","before":" ","after":" "},{"index":6,"word":"for","originalText":"for","characterOffsetBegin":611,"characterOffsetEnd":614,"pos":"IN","before":" ","after":" "},{"index":7,"word":"NeoSoft","originalText":"NeoSoft","characterOffsetBegin":615,"characterOffsetEnd":622,"pos":"NNP","before":" ","after":""},{"index":8,"word":",","originalText":",","characterOffsetBegin":622,"characterOffsetEnd":623,"pos":",","before":"","after":" "},{"index":9,"word":"and","originalText":"and","characterOffsetBegin":624,"characterOffsetEnd":627,"pos":"CC","before":" ","after":"\t"},{"index":10,"word":"|","originalText":"|","characterOffsetBegin":628,"characterOffsetEnd":629,"pos":"SYM","before":"\t","after":"\t\t"},{"index":11,"word":"-","originalText":"-","characterOffsetBegin":631,"characterOffsetEnd":632,"pos":":","before":"\t\t","after":" "},{"index":12,"word":"Weird","originalText":"Weird","characterOffsetBegin":633,"characterOffsetEnd":638,"pos":"JJ","before":" ","after":" "},{"index":13,"word":"Al","originalText":"Al","characterOffsetBegin":639,"characterOffsetEnd":641,"pos":"NNP","before":" ","after":" "},{"index":14,"word":"Yenkovicdo","originalText":"Yenkovicdo","characterOffsetBegin":642,"characterOffsetEnd":652,"pos":"NNP","before":" ","after":""},{"index":15,"word":"n't","originalText":"n't","characterOffsetBegin":652,"characterOffsetEnd":655,"pos":"RB","before":"","after":" "},{"index":16,"word":"speak","originalText":"speak","characterOffsetBegin":656,"characterOffsetEnd":661,"pos":"VB","before":" ","after":" "},{"index":17,"word":"for","originalText":"for","characterOffsetBegin":662,"characterOffsetEnd":665,"pos":"IN","before":" ","after":" "},{"index":18,"word":"my","originalText":"my","characterOffsetBegin":666,"characterOffsetEnd":668,"pos":"PRP$","before":" ","after":" "},{"index":19,"word":"employer","originalText":"employer","characterOffsetBegin":669,"characterOffsetEnd":677,"pos":"NN","before":" ","after":""},{"index":20,"word":".","originalText":".","characterOffsetBegin":677,"characterOffsetEnd":678,"pos":".","before":"","after":"\t"}]},{"index":5,"tokens":[{"index":1,"word":"|","originalText":"|","characterOffsetBegin":679,"characterOffsetEnd":680,"pos":"SYM","before":"\t","after":""}]}]}