{"sentences":[{"index":0,"tokens":[{"index":1,"word":"From","originalText":"From","characterOffsetBegin":0,"characterOffsetEnd":4,"pos":"IN","before":"","after":""},{"index":2,"word":":","originalText":":","characterOffsetBegin":4,"characterOffsetEnd":5,"pos":":","before":"","after":" "},{"index":3,"word":"bambi@kirk.bu.oz.au","originalText":"bambi@kirk.bu.oz.au","characterOffsetBegin":6,"characterOffsetEnd":25,"pos":"NN","before":" ","after":" "},{"index":4,"word":"-LRB-","originalText":"(","characterOffsetBegin":26,"characterOffsetEnd":27,"pos":"-LRB-","before":" ","after":""},{"index":5,"word":"David","originalText":"David","characterOffsetBegin":27,"characterOffsetEnd":32,"pos":"NNP","before":"","after":" "},{"index":6,"word":"J.","originalText":"J.","characterOffsetBegin":33,"characterOffsetEnd":35,"pos":"NNP","before":" ","after":" "},{"index":7,"word":"Hughes","originalText":"Hughes","characterOffsetBegin":36,"characterOffsetEnd":42,"pos":"NNP","before":" ","after":""},{"index":8,"word":"-RRB-","originalText":")","characterOffsetBegin":42,"characterOffsetEnd":43,"pos":"-RRB-","before":"","after":""},{"index":9,"word":"Subject","originalText":"Subject","characterOffsetBegin":43,"characterOffsetEnd":50,"pos":"NNP","before":"","after":""},{"index":10,"word":":","originalText":":","characterOffsetBegin":50,"characterOffsetEnd":51,"pos":":","before":"","after":" "},{"index":11,"word":"Re","originalText":"Re","characterOffsetBegin":52,"characterOffsetEnd":54,"pos":"NNP","before":" ","after":""},{"index":12,"word":":","originalText":":","characterOffsetBegin":54,"characterOffsetEnd":55,"pos":":","before":"","after":" "},{"index":13,"word":"Motif","originalText":"Motif","characterOffsetBegin":56,"characterOffsetEnd":61,"pos":"NNP","before":" ","after":" "},{"index":14,"word":"vs.","originalText":"vs.","characterOffsetBegin":62,"characterOffsetEnd":65,"pos":"FW","before":" ","after":" "},{"index":15,"word":"-LSB-","originalText":"[","characterOffsetBegin":66,"characterOffsetEnd":67,"pos":"-LRB-","before":" ","after":""},{"index":16,"word":"Athena","originalText":"Athena","characterOffsetBegin":67,"characterOffsetEnd":73,"pos":"NNP","before":"","after":""},{"index":17,"word":",","originalText":",","characterOffsetBegin":73,"characterOffsetEnd":74,"pos":",","before":"","after":" "},{"index":18,"word":"etc.]berry@durian.citr.uq.oz.au","originalText":"etc.]berry@durian.citr.uq.oz.au","characterOffsetBegin":75,"characterOffsetEnd":106,"pos":"NN","before":" ","after":" "},{"index":19,"word":"-LRB-","originalText":"(","characterOffsetBegin":107,"characterOffsetEnd":108,"pos":"-LRB-","before":" ","after":""},{"index":20,"word":"Andrew","originalText":"Andrew","characterOffsetBegin":108,"characterOffsetEnd":114,"pos":"NNP","before":"","after":" "},{"index":21,"word":"Berry","originalText":"Berry","characterOffsetBegin":115,"characterOffsetEnd":120,"pos":"NNP","before":" ","after":""},{"index":22,"word":"-RRB-","originalText":")","characterOffsetBegin":120,"characterOffsetEnd":121,"pos":"-RRB-","before":"","after":" "},{"index":23,"word":"writes","originalText":"writes","characterOffsetBegin":122,"characterOffsetEnd":128,"pos":"VBZ","before":" ","after":""},{"index":24,"word":":","originalText":":","characterOffsetBegin":128,"characterOffsetEnd":129,"pos":":","before":"","after":""},{"index":25,"word":">","originalText":">","characterOffsetBegin":129,"characterOffsetEnd":130,"pos":"JJR","before":"","after":""},{"index":26,"word":"My","originalText":"My","characterOffsetBegin":130,"characterOffsetEnd":132,"pos":"PRP$","before":"","after":" "},{"index":27,"word":"impression","originalText":"impression","characterOffsetBegin":133,"characterOffsetEnd":143,"pos":"NN","before":" ","after":" "},{"index":28,"word":"is","originalText":"is","characterOffsetBegin":144,"characterOffsetEnd":146,"pos":"VBZ","before":" ","after":" "},{"index":29,"word":"that","originalText":"that","characterOffsetBegin":147,"characterOffsetEnd":151,"pos":"IN","before":" ","after":" "},{"index":30,"word":"most","originalText":"most","characterOffsetBegin":152,"characterOffsetEnd":156,"pos":"JJS","before":" ","after":" "},{"index":31,"word":"people","originalText":"people","characterOffsetBegin":157,"characterOffsetEnd":163,"pos":"NNS","before":" ","after":" "},{"index":32,"word":"use","originalText":"use","characterOffsetBegin":164,"characterOffsetEnd":167,"pos":"VBP","before":" ","after":" "},{"index":33,"word":"Motif","originalText":"Motif","characterOffsetBegin":168,"characterOffsetEnd":173,"pos":"NN","before":" ","after":" "},{"index":34,"word":"because","originalText":"because","characterOffsetBegin":174,"characterOffsetEnd":181,"pos":"IN","before":" ","after":" "},{"index":35,"word":"their","originalText":"their","characterOffsetBegin":182,"characterOffsetEnd":187,"pos":"PRP$","before":" ","after":" "},{"index":36,"word":"OS","originalText":"OS","characterOffsetBegin":188,"characterOffsetEnd":190,"pos":"NN","before":" ","after":" "},{"index":37,"word":"vendor","originalText":"vendor","characterOffsetBegin":191,"characterOffsetEnd":197,"pos":"NN","before":" ","after":""},{"index":38,"word":">","originalText":">","characterOffsetBegin":197,"characterOffsetEnd":198,"pos":"JJR","before":"","after":""},{"index":39,"word":"supplies","originalText":"supplies","characterOffsetBegin":198,"characterOffsetEnd":206,"pos":"NNS","before":"","after":" "},{"index":40,"word":"it","originalText":"it","characterOffsetBegin":207,"characterOffsetEnd":209,"pos":"PRP","before":" ","after":" "},{"index":41,"word":"with","originalText":"with","characterOffsetBegin":210,"characterOffsetEnd":214,"pos":"IN","before":" ","after":" "},{"index":42,"word":"X","originalText":"X","characterOffsetBegin":215,"characterOffsetEnd":216,"pos":"NN","before":" ","after":" "},{"index":43,"word":"-LRB-","originalText":"(","characterOffsetBegin":217,"characterOffsetEnd":218,"pos":"-LRB-","before":" ","after":""},{"index":44,"word":"SunOS","originalText":"SunOS","characterOffsetBegin":218,"characterOffsetEnd":223,"pos":"NN","before":"","after":" "},{"index":45,"word":"users","originalText":"users","characterOffsetBegin":224,"characterOffsetEnd":229,"pos":"NNS","before":" ","after":" "},{"index":46,"word":"excluded","originalText":"excluded","characterOffsetBegin":230,"characterOffsetEnd":238,"pos":"VBN","before":" ","after":""},{"index":47,"word":"-RRB-","originalText":")","characterOffsetBegin":238,"characterOffsetEnd":239,"pos":"-RRB-","before":"","after":""},{"index":48,"word":",","originalText":",","characterOffsetBegin":239,"characterOffsetEnd":240,"pos":",","before":"","after":" "},{"index":49,"word":"and","originalText":"and","characterOffsetBegin":241,"characterOffsetEnd":244,"pos":"CC","before":" ","after":" "},{"index":50,"word":"because","originalText":"because","characterOffsetBegin":245,"characterOffsetEnd":252,"pos":"IN","before":" ","after":" "},{"index":51,"word":"it","originalText":"it","characterOffsetBegin":253,"characterOffsetEnd":255,"pos":"PRP","before":" ","after":" "},{"index":52,"word":"is","originalText":"is","characterOffsetBegin":256,"characterOffsetEnd":258,"pos":"VBZ","before":" ","after":" "},{"index":53,"word":"similar","originalText":"similar","characterOffsetBegin":259,"characterOffsetEnd":266,"pos":"JJ","before":" ","after":" "},{"index":54,"word":"in","originalText":"in","characterOffsetBegin":267,"characterOffsetEnd":269,"pos":"IN","before":" ","after":""},{"index":55,"word":">","originalText":">","characterOffsetBegin":269,"characterOffsetEnd":270,"pos":"JJR","before":"","after":""},{"index":56,"word":"``","originalText":"\"","characterOffsetBegin":270,"characterOffsetEnd":271,"pos":"``","before":"","after":""},{"index":57,"word":"look","originalText":"look","characterOffsetBegin":271,"characterOffsetEnd":275,"pos":"VB","before":"","after":" "},{"index":58,"word":"and","originalText":"and","characterOffsetBegin":276,"characterOffsetEnd":279,"pos":"CC","before":" ","after":" "},{"index":59,"word":"feel","originalText":"feel","characterOffsetBegin":280,"characterOffsetEnd":284,"pos":"VB","before":" ","after":""},{"index":60,"word":"''","originalText":"\"","characterOffsetBegin":284,"characterOffsetEnd":285,"pos":"''","before":"","after":" "},{"index":61,"word":"to","originalText":"to","characterOffsetBegin":286,"characterOffsetEnd":288,"pos":"TO","before":" ","after":" "},{"index":62,"word":"MS-Windows","originalText":"MS-Windows","characterOffsetBegin":289,"characterOffsetEnd":299,"pos":"NNS","before":" ","after":" "},{"index":63,"word":"and","originalText":"and","characterOffsetBegin":300,"characterOffsetEnd":303,"pos":"CC","before":" ","after":" "},{"index":64,"word":"OS/2","originalText":"OS/2","characterOffsetBegin":304,"characterOffsetEnd":308,"pos":"NNP","before":" ","after":" "},{"index":65,"word":"PM","originalText":"PM","characterOffsetBegin":309,"characterOffsetEnd":311,"pos":"NNP","before":" ","after":""},{"index":66,"word":".","originalText":".","characterOffsetBegin":311,"characterOffsetEnd":312,"pos":".","before":"","after":"  "}]},{"index":1,"tokens":[{"index":1,"word":"Personally","originalText":"Personally","characterOffsetBegin":314,"characterOffsetEnd":324,"pos":"RB","before":"  ","after":""},{"index":2,"word":",","originalText":",","characterOffsetBegin":324,"characterOffsetEnd":325,"pos":",","before":"","after":" "},{"index":3,"word":"I","originalText":"I","characterOffsetBegin":326,"characterOffsetEnd":327,"pos":"PRP","before":" ","after":" "},{"index":4,"word":"also","originalText":"also","characterOffsetBegin":328,"characterOffsetEnd":332,"pos":"RB","before":" ","after":" "},{"index":5,"word":"prefer","originalText":"prefer","characterOffsetBegin":333,"characterOffsetEnd":339,"pos":"VBP","before":" ","after":""},{"index":6,"word":">","originalText":">","characterOffsetBegin":339,"characterOffsetEnd":340,"pos":"JJR","before":"","after":""},{"index":7,"word":"the","originalText":"the","characterOffsetBegin":340,"characterOffsetEnd":343,"pos":"DT","before":"","after":" "},{"index":8,"word":"``","originalText":"\"","characterOffsetBegin":344,"characterOffsetEnd":345,"pos":"``","before":" ","after":""},{"index":9,"word":"look","originalText":"look","characterOffsetBegin":345,"characterOffsetEnd":349,"pos":"NN","before":"","after":" "},{"index":10,"word":"and","originalText":"and","characterOffsetBegin":350,"characterOffsetEnd":353,"pos":"CC","before":" ","after":" "},{"index":11,"word":"feel","originalText":"feel","characterOffsetBegin":354,"characterOffsetEnd":358,"pos":"VB","before":" ","after":""},{"index":12,"word":"''","originalText":"\"","characterOffsetBegin":358,"characterOffsetEnd":359,"pos":"''","before":"","after":" "},{"index":13,"word":"of","originalText":"of","characterOffsetBegin":360,"characterOffsetEnd":362,"pos":"IN","before":" ","after":" "},{"index":14,"word":"Motif","originalText":"Motif","characterOffsetBegin":363,"characterOffsetEnd":368,"pos":"NN","before":" ","after":" "},{"index":15,"word":"-LRB-","originalText":"(","characterOffsetBegin":369,"characterOffsetEnd":370,"pos":"-LRB-","before":" ","after":""},{"index":16,"word":"no","originalText":"no","characterOffsetBegin":370,"characterOffsetEnd":372,"pos":"DT","before":"","after":" "},{"index":17,"word":"flames","originalText":"flames","characterOffsetBegin":373,"characterOffsetEnd":379,"pos":"NNS","before":" ","after":" "},{"index":18,"word":"please","originalText":"please","characterOffsetBegin":380,"characterOffsetEnd":386,"pos":"VB","before":" ","after":" "},{"index":19,"word":"--","originalText":"--","characterOffsetBegin":387,"characterOffsetEnd":389,"pos":":","before":" ","after":" "},{"index":20,"word":"just","originalText":"just","characterOffsetBegin":390,"characterOffsetEnd":394,"pos":"RB","before":" ","after":" "},{"index":21,"word":"an","originalText":"an","characterOffsetBegin":395,"characterOffsetEnd":397,"pos":"DT","before":" ","after":" "},{"index":22,"word":"opinion","originalText":"opinion","characterOffsetBegin":398,"characterOffsetEnd":405,"pos":"NN","before":" ","after":""},{"index":23,"word":"-RRB-","originalText":")","characterOffsetBegin":405,"characterOffsetEnd":406,"pos":"-RRB-","before":"","after":""},{"index":24,"word":".","originalText":".","characterOffsetBegin":406,"characterOffsetEnd":407,"pos":".","before":"","after":""}]},{"index":2,"tokens":[{"index":1,"word":"Seeing","originalText":"Seeing","characterOffsetBegin":407,"characterOffsetEnd":413,"pos":"VBG","before":"","after":" "},{"index":2,"word":"as","originalText":"as","characterOffsetBegin":414,"characterOffsetEnd":416,"pos":"IN","before":" ","after":" "},{"index":3,"word":"Motif","originalText":"Motif","characterOffsetBegin":417,"characterOffsetEnd":422,"pos":"NN","before":" ","after":" "},{"index":4,"word":"has","originalText":"has","characterOffsetBegin":423,"characterOffsetEnd":426,"pos":"VBZ","before":" ","after":" "},{"index":5,"word":"been","originalText":"been","characterOffsetBegin":427,"characterOffsetEnd":431,"pos":"VBN","before":" ","after":" "},{"index":6,"word":"adopted","originalText":"adopted","characterOffsetBegin":432,"characterOffsetEnd":439,"pos":"VBN","before":" ","after":" "},{"index":7,"word":"by","originalText":"by","characterOffsetBegin":440,"characterOffsetEnd":442,"pos":"IN","before":" ","after":" "},{"index":8,"word":"Sun","originalText":"Sun","characterOffsetBegin":443,"characterOffsetEnd":446,"pos":"NNP","before":" ","after":""},{"index":9,"word":",","originalText":",","characterOffsetBegin":446,"characterOffsetEnd":447,"pos":",","before":"","after":" "},{"index":10,"word":"IBM","originalText":"IBM","characterOffsetBegin":448,"characterOffsetEnd":451,"pos":"NNP","before":" ","after":""},{"index":11,"word":",","originalText":",","characterOffsetBegin":451,"characterOffsetEnd":452,"pos":",","before":"","after":" "},{"index":12,"word":"HP","originalText":"HP","characterOffsetBegin":453,"characterOffsetEnd":455,"pos":"NNP","before":" ","after":" "},{"index":13,"word":"+","originalText":"+","characterOffsetBegin":456,"characterOffsetEnd":457,"pos":"CC","before":" ","after":""},{"index":14,"word":"+","originalText":"+","characterOffsetBegin":457,"characterOffsetEnd":458,"pos":"CC","before":"","after":""},{"index":15,"word":"+","originalText":"+","characterOffsetBegin":458,"characterOffsetEnd":459,"pos":"CC","before":"","after":" "},{"index":16,"word":"-LRB-","originalText":"(","characterOffsetBegin":460,"characterOffsetEnd":461,"pos":"-LRB-","before":" ","after":""},{"index":17,"word":"ca","originalText":"ca","characterOffsetBegin":461,"characterOffsetEnd":463,"pos":"MD","before":"","after":""},{"index":18,"word":"n't","originalText":"n't","characterOffsetBegin":463,"characterOffsetEnd":466,"pos":"RB","before":"","after":" "},{"index":19,"word":"remeber","originalText":"remeber","characterOffsetBegin":467,"characterOffsetEnd":474,"pos":"VB","before":" ","after":" "},{"index":20,"word":"theother","originalText":"theother","characterOffsetBegin":475,"characterOffsetEnd":483,"pos":"RB","before":" ","after":" "},{"index":21,"word":"members","originalText":"members","characterOffsetBegin":484,"characterOffsetEnd":491,"pos":"NNS","before":" ","after":" "},{"index":22,"word":"in","originalText":"in","characterOffsetBegin":492,"characterOffsetEnd":494,"pos":"IN","before":" ","after":" "},{"index":23,"word":"the","originalText":"the","characterOffsetBegin":495,"characterOffsetEnd":498,"pos":"DT","before":" ","after":" "},{"index":24,"word":"recent","originalText":"recent","characterOffsetBegin":499,"characterOffsetEnd":505,"pos":"JJ","before":" ","after":" "},{"index":25,"word":"announcement","originalText":"announcement","characterOffsetBegin":506,"characterOffsetEnd":518,"pos":"NN","before":" ","after":""},{"index":26,"word":"-RRB-","originalText":")","characterOffsetBegin":518,"characterOffsetEnd":519,"pos":"-RRB-","before":"","after":""},{"index":27,"word":",","originalText":",","characterOffsetBegin":519,"characterOffsetEnd":520,"pos":",","before":"","after":" "},{"index":28,"word":"I","originalText":"I","characterOffsetBegin":521,"characterOffsetEnd":522,"pos":"PRP","before":" ","after":""},{"index":29,"word":"'m","originalText":"'m","characterOffsetBegin":522,"characterOffsetEnd":524,"pos":"VBP","before":"","after":" "},{"index":30,"word":"sure","originalText":"sure","characterOffsetBegin":525,"characterOffsetEnd":529,"pos":"JJ","before":" ","after":" "},{"index":31,"word":"you","originalText":"you","characterOffsetBegin":530,"characterOffsetEnd":533,"pos":"PRP","before":" ","after":""},{"index":32,"word":"'ll","originalText":"'ll","characterOffsetBegin":533,"characterOffsetEnd":536,"pos":"MD","before":"","after":" "},{"index":33,"word":"see","originalText":"see","characterOffsetBegin":537,"characterOffsetEnd":540,"pos":"VB","before":" ","after":" "},{"index":34,"word":"it","originalText":"it","characterOffsetBegin":541,"characterOffsetEnd":543,"pos":"PRP","before":" ","after":" "},{"index":35,"word":"onvirtually","originalText":"onvirtually","characterOffsetBegin":544,"characterOffsetEnd":555,"pos":"RB","before":" ","after":" "},{"index":36,"word":"every","originalText":"every","characterOffsetBegin":556,"characterOffsetEnd":561,"pos":"DT","before":" ","after":" "},{"index":37,"word":"workstation","originalText":"workstation","characterOffsetBegin":562,"characterOffsetEnd":573,"pos":"NN","before":" ","after":" "},{"index":38,"word":"-LRB-","originalText":"(","characterOffsetBegin":574,"characterOffsetEnd":575,"pos":"-LRB-","before":" ","after":""},{"index":39,"word":"ie","originalText":"ie","characterOffsetBegin":575,"characterOffsetEnd":577,"pos":"FW","before":"","after":""},{"index":40,"word":".","originalText":".","characterOffsetBegin":577,"characterOffsetEnd":578,"pos":".","before":"","after":" "}]},{"index":3,"tokens":[{"index":1,"word":"Sun","originalText":"Sun","characterOffsetBegin":579,"characterOffsetEnd":582,"pos":"NNP","before":" ","after":""},{"index":2,"word":",","originalText":",","characterOffsetBegin":582,"characterOffsetEnd":583,"pos":",","before":"","after":" "},{"index":3,"word":"IBM","originalText":"IBM","characterOffsetBegin":584,"characterOffsetEnd":587,"pos":"NNP","before":" ","after":""},{"index":4,"word":",","originalText":",","characterOffsetBegin":587,"characterOffsetEnd":588,"pos":",","before":"","after":" "},{"index":5,"word":"HP","originalText":"HP","characterOffsetBegin":589,"characterOffsetEnd":591,"pos":"NNP","before":" ","after":" "},{"index":6,"word":"and","originalText":"and","characterOffsetBegin":592,"characterOffsetEnd":595,"pos":"CC","before":" ","after":" "},{"index":7,"word":"DEC","originalText":"DEC","characterOffsetBegin":596,"characterOffsetEnd":599,"pos":"NNP","before":" ","after":" "},{"index":8,"word":"must","originalText":"must","characterOffsetBegin":600,"characterOffsetEnd":604,"pos":"MD","before":" ","after":" "},{"index":9,"word":"make","originalText":"make","characterOffsetBegin":605,"characterOffsetEnd":609,"pos":"VB","before":" ","after":" "},{"index":10,"word":"up","originalText":"up","characterOffsetBegin":610,"characterOffsetEnd":612,"pos":"RP","before":" ","after":" "},{"index":11,"word":"the","originalText":"the","characterOffsetBegin":613,"characterOffsetEnd":616,"pos":"DT","before":" ","after":""},{"index":12,"word":"**","originalText":"**","characterOffsetBegin":616,"characterOffsetEnd":618,"pos":"SYM","before":"","after":""},{"index":13,"word":"VAST","originalText":"VAST","characterOffsetBegin":618,"characterOffsetEnd":622,"pos":"JJ","before":"","after":""},{"index":14,"word":"**","originalText":"**","characterOffsetBegin":622,"characterOffsetEnd":624,"pos":"SYM","before":"","after":" "},{"index":15,"word":"majority","originalText":"majority","characterOffsetBegin":625,"characterOffsetEnd":633,"pos":"NN","before":" ","after":" "},{"index":16,"word":"of","originalText":"of","characterOffsetBegin":634,"characterOffsetEnd":636,"pos":"IN","before":" ","after":" "},{"index":17,"word":"all","originalText":"all","characterOffsetBegin":637,"characterOffsetEnd":640,"pos":"DT","before":" ","after":" "},{"index":18,"word":"hardware","originalText":"hardware","characterOffsetBegin":641,"characterOffsetEnd":649,"pos":"NN","before":" ","after":""},{"index":19,"word":"-RRB-","originalText":")","characterOffsetBegin":649,"characterOffsetEnd":650,"pos":"-RRB-","before":"","after":""},{"index":20,"word":".","originalText":".","characterOffsetBegin":650,"characterOffsetEnd":651,"pos":".","before":"","after":""},{"index":21,"word":">","originalText":">","characterOffsetBegin":651,"characterOffsetEnd":652,"pos":"JJR","before":"","after":""}]},{"index":4,"tokens":[{"index":1,"word":"I","originalText":"I","characterOffsetBegin":652,"characterOffsetEnd":653,"pos":"PRP","before":"","after":" "},{"index":2,"word":"am","originalText":"am","characterOffsetBegin":654,"characterOffsetEnd":656,"pos":"VBP","before":" ","after":" "},{"index":3,"word":"also","originalText":"also","characterOffsetBegin":657,"characterOffsetEnd":661,"pos":"RB","before":" ","after":" "},{"index":4,"word":"concerned","originalText":"concerned","characterOffsetBegin":662,"characterOffsetEnd":671,"pos":"VBN","before":" ","after":" "},{"index":5,"word":"by","originalText":"by","characterOffsetBegin":672,"characterOffsetEnd":674,"pos":"IN","before":" ","after":" "},{"index":6,"word":"this","originalText":"this","characterOffsetBegin":675,"characterOffsetEnd":679,"pos":"DT","before":" ","after":" "},{"index":7,"word":"prevalence","originalText":"prevalence","characterOffsetBegin":680,"characterOffsetEnd":690,"pos":"NN","before":" ","after":" "},{"index":8,"word":"of","originalText":"of","characterOffsetBegin":691,"characterOffsetEnd":693,"pos":"IN","before":" ","after":" "},{"index":9,"word":"Motif","originalText":"Motif","characterOffsetBegin":694,"characterOffsetEnd":699,"pos":"NN","before":" ","after":""},{"index":10,"word":",","originalText":",","characterOffsetBegin":699,"characterOffsetEnd":700,"pos":",","before":"","after":" "},{"index":11,"word":"particularly","originalText":"particularly","characterOffsetBegin":701,"characterOffsetEnd":713,"pos":"RB","before":" ","after":" "},{"index":12,"word":"from","originalText":"from","characterOffsetBegin":714,"characterOffsetEnd":718,"pos":"IN","before":" ","after":" "},{"index":13,"word":"the","originalText":"the","characterOffsetBegin":719,"characterOffsetEnd":722,"pos":"DT","before":" ","after":""},{"index":14,"word":">","originalText":">","characterOffsetBegin":722,"characterOffsetEnd":723,"pos":"JJR","before":"","after":""},{"index":15,"word":"point","originalText":"point","characterOffsetBegin":723,"characterOffsetEnd":728,"pos":"NN","before":"","after":" "},{"index":16,"word":"of","originalText":"of","characterOffsetBegin":729,"characterOffsetEnd":731,"pos":"IN","before":" ","after":" "},{"index":17,"word":"view","originalText":"view","characterOffsetBegin":732,"characterOffsetEnd":736,"pos":"NN","before":" ","after":" "},{"index":18,"word":"of","originalText":"of","characterOffsetBegin":737,"characterOffsetEnd":739,"pos":"IN","before":" ","after":" "},{"index":19,"word":"writing","originalText":"writing","characterOffsetBegin":740,"characterOffsetEnd":747,"pos":"VBG","before":" ","after":" "},{"index":20,"word":"and","originalText":"and","characterOffsetBegin":748,"characterOffsetEnd":751,"pos":"CC","before":" ","after":" "},{"index":21,"word":"obtaining","originalText":"obtaining","characterOffsetBegin":752,"characterOffsetEnd":761,"pos":"VBG","before":" ","after":" "},{"index":22,"word":"free","originalText":"free","characterOffsetBegin":762,"characterOffsetEnd":766,"pos":"JJ","before":" ","after":" "},{"index":23,"word":"software","originalText":"software","characterOffsetBegin":767,"characterOffsetEnd":775,"pos":"NN","before":" ","after":""},{"index":24,"word":".","originalText":".","characterOffsetBegin":775,"characterOffsetEnd":776,"pos":".","before":"","after":"  "}]},{"index":5,"tokens":[{"index":1,"word":"As","originalText":"As","characterOffsetBegin":778,"characterOffsetEnd":780,"pos":"IN","before":"  ","after":" "},{"index":2,"word":"the","originalText":"the","characterOffsetBegin":781,"characterOffsetEnd":784,"pos":"DT","before":" ","after":" "},{"index":3,"word":"Linux","originalText":"Linux","characterOffsetBegin":785,"characterOffsetEnd":790,"pos":"NNP","before":" ","after":" "},{"index":4,"word":"and","originalText":"and","characterOffsetBegin":791,"characterOffsetEnd":794,"pos":"CC","before":" ","after":""},{"index":5,"word":">","originalText":">","characterOffsetBegin":794,"characterOffsetEnd":795,"pos":"JJR","before":"","after":""},{"index":6,"word":"386BSD","originalText":"386BSD","characterOffsetBegin":795,"characterOffsetEnd":801,"pos":"NN","before":"","after":" "},{"index":7,"word":"communities","originalText":"communities","characterOffsetBegin":802,"characterOffsetEnd":813,"pos":"NNS","before":" ","after":" "},{"index":8,"word":"grow","originalText":"grow","characterOffsetBegin":814,"characterOffsetEnd":818,"pos":"VBP","before":" ","after":""},{"index":9,"word":",","originalText":",","characterOffsetBegin":818,"characterOffsetEnd":819,"pos":",","before":"","after":" "},{"index":10,"word":"however","originalText":"however","characterOffsetBegin":820,"characterOffsetEnd":827,"pos":"RB","before":" ","after":""},{"index":11,"word":",","originalText":",","characterOffsetBegin":827,"characterOffsetEnd":828,"pos":",","before":"","after":" "},{"index":12,"word":"I","originalText":"I","characterOffsetBegin":829,"characterOffsetEnd":830,"pos":"PRP","before":" ","after":" "},{"index":13,"word":"think","originalText":"think","characterOffsetBegin":831,"characterOffsetEnd":836,"pos":"VBP","before":" ","after":" "},{"index":14,"word":"that","originalText":"that","characterOffsetBegin":837,"characterOffsetEnd":841,"pos":"IN","before":" ","after":" "},{"index":15,"word":"Motif","originalText":"Motif","characterOffsetBegin":842,"characterOffsetEnd":847,"pos":"NN","before":" ","after":" "},{"index":16,"word":"will","originalText":"will","characterOffsetBegin":848,"characterOffsetEnd":852,"pos":"MD","before":" ","after":" "},{"index":17,"word":"lose","originalText":"lose","characterOffsetBegin":853,"characterOffsetEnd":857,"pos":"VB","before":" ","after":" "},{"index":18,"word":"some","originalText":"some","characterOffsetBegin":858,"characterOffsetEnd":862,"pos":"DT","before":" ","after":" "},{"index":19,"word":"of","originalText":"of","characterOffsetBegin":863,"characterOffsetEnd":865,"pos":"IN","before":" ","after":""},{"index":20,"word":">","originalText":">","characterOffsetBegin":865,"characterOffsetEnd":866,"pos":"JJR","before":"","after":""},{"index":21,"word":"its","originalText":"its","characterOffsetBegin":866,"characterOffsetEnd":869,"pos":"PRP$","before":"","after":" "},{"index":22,"word":"grip","originalText":"grip","characterOffsetBegin":870,"characterOffsetEnd":874,"pos":"NN","before":" ","after":""},{"index":23,"word":",","originalText":",","characterOffsetBegin":874,"characterOffsetEnd":875,"pos":",","before":"","after":" "},{"index":24,"word":"at","originalText":"at","characterOffsetBegin":876,"characterOffsetEnd":878,"pos":"IN","before":" ","after":" "},{"index":25,"word":"least","originalText":"least","characterOffsetBegin":879,"characterOffsetEnd":884,"pos":"JJS","before":" ","after":" "},{"index":26,"word":"in","originalText":"in","characterOffsetBegin":885,"characterOffsetEnd":887,"pos":"IN","before":" ","after":" "},{"index":27,"word":"the","originalText":"the","characterOffsetBegin":888,"characterOffsetEnd":891,"pos":"DT","before":" ","after":" "},{"index":28,"word":"non-commercial","originalText":"non-commercial","characterOffsetBegin":892,"characterOffsetEnd":906,"pos":"JJ","before":" ","after":" "},{"index":29,"word":"marketplace","originalText":"marketplace","characterOffsetBegin":907,"characterOffsetEnd":918,"pos":"NN","before":" ","after":""},{"index":30,"word":".","originalText":".","characterOffsetBegin":918,"characterOffsetEnd":919,"pos":".","before":"","after":"  "}]},{"index":6,"tokens":[{"index":1,"word":"Ports","originalText":"Ports","characterOffsetBegin":921,"characterOffsetEnd":926,"pos":"NNS","before":"  ","after":" "},{"index":2,"word":"of","originalText":"of","characterOffsetBegin":927,"characterOffsetEnd":929,"pos":"IN","before":" ","after":" "},{"index":3,"word":"Motif","originalText":"Motif","characterOffsetBegin":930,"characterOffsetEnd":935,"pos":"NN","before":" ","after":" "},{"index":4,"word":"to","originalText":"to","characterOffsetBegin":936,"characterOffsetEnd":938,"pos":"TO","before":" ","after":" "},{"index":5,"word":"both","originalText":"both","characterOffsetBegin":939,"characterOffsetEnd":943,"pos":"DT","before":" ","after":" "},{"index":6,"word":"386BSD","originalText":"386BSD","characterOffsetBegin":944,"characterOffsetEnd":950,"pos":"NN","before":" ","after":" "},{"index":7,"word":"and","originalText":"and","characterOffsetBegin":951,"characterOffsetEnd":954,"pos":"CC","before":" ","after":" "},{"index":8,"word":"Linux","originalText":"Linux","characterOffsetBegin":955,"characterOffsetEnd":960,"pos":"NN","before":" ","after":" "},{"index":9,"word":"are","originalText":"are","characterOffsetBegin":961,"characterOffsetEnd":964,"pos":"VBP","before":" ","after":" "},{"index":10,"word":"available","originalText":"available","characterOffsetBegin":965,"characterOffsetEnd":974,"pos":"JJ","before":" ","after":" "},{"index":11,"word":"for","originalText":"for","characterOffsetBegin":975,"characterOffsetEnd":978,"pos":"IN","before":" ","after":" "},{"index":12,"word":"a","originalText":"a","characterOffsetBegin":979,"characterOffsetEnd":980,"pos":"DT","before":" ","after":" "},{"index":13,"word":"fee","originalText":"fee","characterOffsetBegin":981,"characterOffsetEnd":984,"pos":"NN","before":" ","after":" "},{"index":14,"word":"of","originalText":"of","characterOffsetBegin":985,"characterOffsetEnd":987,"pos":"IN","before":" ","after":" "},{"index":15,"word":"about","originalText":"about","characterOffsetBegin":988,"characterOffsetEnd":993,"pos":"IN","before":" ","after":""},{"index":16,"word":"$","originalText":"$","characterOffsetBegin":993,"characterOffsetEnd":994,"pos":"$","before":"","after":""},{"index":17,"word":"100","originalText":"100","characterOffsetBegin":994,"characterOffsetEnd":997,"pos":"CD","before":"","after":""},{"index":18,"word":".","originalText":".","characterOffsetBegin":997,"characterOffsetEnd":998,"pos":".","before":"","after":"  "}]},{"index":7,"tokens":[{"index":1,"word":"This","originalText":"This","characterOffsetBegin":1000,"characterOffsetEnd":1004,"pos":"DT","before":"  ","after":" "},{"index":2,"word":"is","originalText":"is","characterOffsetBegin":1005,"characterOffsetEnd":1007,"pos":"VBZ","before":" ","after":" "},{"index":3,"word":"cost","originalText":"cost","characterOffsetBegin":1008,"characterOffsetEnd":1012,"pos":"NN","before":" ","after":" "},{"index":4,"word":"recovery","originalText":"recovery","characterOffsetBegin":1013,"characterOffsetEnd":1021,"pos":"NN","before":" ","after":" "},{"index":5,"word":"for","originalText":"for","characterOffsetBegin":1022,"characterOffsetEnd":1025,"pos":"IN","before":" ","after":" "},{"index":6,"word":"the","originalText":"the","characterOffsetBegin":1026,"characterOffsetEnd":1029,"pos":"DT","before":" ","after":" "},{"index":7,"word":"person","originalText":"person","characterOffsetBegin":1030,"characterOffsetEnd":1036,"pos":"NN","before":" ","after":" "},{"index":8,"word":"who","originalText":"who","characterOffsetBegin":1037,"characterOffsetEnd":1040,"pos":"WP","before":" ","after":" "},{"index":9,"word":"bought","originalText":"bought","characterOffsetBegin":1041,"characterOffsetEnd":1047,"pos":"VBD","before":" ","after":" "},{"index":10,"word":"the","originalText":"the","characterOffsetBegin":1048,"characterOffsetEnd":1051,"pos":"DT","before":" ","after":" "},{"index":11,"word":"rights","originalText":"rights","characterOffsetBegin":1052,"characterOffsetEnd":1058,"pos":"NNS","before":" ","after":" "},{"index":12,"word":"toredistribute","originalText":"toredistribute","characterOffsetBegin":1059,"characterOffsetEnd":1073,"pos":"NN","before":" ","after":""},{"index":13,"word":".","originalText":".","characterOffsetBegin":1073,"characterOffsetEnd":1074,"pos":".","before":"","after":"  "}]},{"index":8,"tokens":[{"index":1,"word":"The","originalText":"The","characterOffsetBegin":1076,"characterOffsetEnd":1079,"pos":"DT","before":"  ","after":" "},{"index":2,"word":"activity","originalText":"activity","characterOffsetBegin":1080,"characterOffsetEnd":1088,"pos":"NN","before":" ","after":" "},{"index":3,"word":"in","originalText":"in","characterOffsetBegin":1089,"characterOffsetEnd":1091,"pos":"IN","before":" ","after":" "},{"index":4,"word":"both","originalText":"both","characterOffsetBegin":1092,"characterOffsetEnd":1096,"pos":"CC","before":" ","after":" "},{"index":5,"word":"the","originalText":"the","characterOffsetBegin":1097,"characterOffsetEnd":1100,"pos":"DT","before":" ","after":" "},{"index":6,"word":"BSD","originalText":"BSD","characterOffsetBegin":1101,"characterOffsetEnd":1104,"pos":"NNP","before":" ","after":" "},{"index":7,"word":"and","originalText":"and","characterOffsetBegin":1105,"characterOffsetEnd":1108,"pos":"CC","before":" ","after":" "},{"index":8,"word":"Linux","originalText":"Linux","characterOffsetBegin":1109,"characterOffsetEnd":1114,"pos":"NNP","before":" ","after":" "},{"index":9,"word":"news","originalText":"news","characterOffsetBegin":1115,"characterOffsetEnd":1119,"pos":"NN","before":" ","after":" "},{"index":10,"word":"groupspertaining","originalText":"groupspertaining","characterOffsetBegin":1120,"characterOffsetEnd":1136,"pos":"VBG","before":" ","after":" "},{"index":11,"word":"to","originalText":"to","characterOffsetBegin":1137,"characterOffsetEnd":1139,"pos":"TO","before":" ","after":" "},{"index":12,"word":"Motif","originalText":"Motif","characterOffsetBegin":1140,"characterOffsetEnd":1145,"pos":"NNP","before":" ","after":" "},{"index":13,"word":"has","originalText":"has","characterOffsetBegin":1146,"characterOffsetEnd":1149,"pos":"VBZ","before":" ","after":" "},{"index":14,"word":"been","originalText":"been","characterOffsetBegin":1150,"characterOffsetEnd":1154,"pos":"VBN","before":" ","after":" "},{"index":15,"word":"high","originalText":"high","characterOffsetBegin":1155,"characterOffsetEnd":1159,"pos":"JJ","before":" ","after":""},{"index":16,"word":".","originalText":".","characterOffsetBegin":1159,"characterOffsetEnd":1160,"pos":".","before":"","after":""},{"index":17,"word":">","originalText":">","characterOffsetBegin":1160,"characterOffsetEnd":1161,"pos":"JJR","before":"","after":""}]},{"index":9,"tokens":[{"index":1,"word":"I","originalText":"I","characterOffsetBegin":1161,"characterOffsetEnd":1162,"pos":"PRP","before":"","after":" "},{"index":2,"word":"just","originalText":"just","characterOffsetBegin":1163,"characterOffsetEnd":1167,"pos":"RB","before":" ","after":" "},{"index":3,"word":"wonder","originalText":"wonder","characterOffsetBegin":1168,"characterOffsetEnd":1174,"pos":"VBP","before":" ","after":" "},{"index":4,"word":"if","originalText":"if","characterOffsetBegin":1175,"characterOffsetEnd":1177,"pos":"IN","before":" ","after":" "},{"index":5,"word":"this","originalText":"this","characterOffsetBegin":1178,"characterOffsetEnd":1182,"pos":"DT","before":" ","after":" "},{"index":6,"word":"will","originalText":"will","characterOffsetBegin":1183,"characterOffsetEnd":1187,"pos":"MD","before":" ","after":" "},{"index":7,"word":"also","originalText":"also","characterOffsetBegin":1188,"characterOffsetEnd":1192,"pos":"RB","before":" ","after":" "},{"index":8,"word":"cause","originalText":"cause","characterOffsetBegin":1193,"characterOffsetEnd":1198,"pos":"VB","before":" ","after":" "},{"index":9,"word":"a","originalText":"a","characterOffsetBegin":1199,"characterOffsetEnd":1200,"pos":"DT","before":" ","after":" "},{"index":10,"word":"divergence","originalText":"divergence","characterOffsetBegin":1201,"characterOffsetEnd":1211,"pos":"NN","before":" ","after":" "},{"index":11,"word":"between","originalText":"between","characterOffsetBegin":1212,"characterOffsetEnd":1219,"pos":"IN","before":" ","after":" "},{"index":12,"word":"commercial","originalText":"commercial","characterOffsetBegin":1220,"characterOffsetEnd":1230,"pos":"JJ","before":" ","after":""},{"index":13,"word":">","originalText":">","characterOffsetBegin":1230,"characterOffsetEnd":1231,"pos":"JJR","before":"","after":""},{"index":14,"word":"and","originalText":"and","characterOffsetBegin":1231,"characterOffsetEnd":1234,"pos":"CC","before":"","after":" "},{"index":15,"word":"non-commercial","originalText":"non-commercial","characterOffsetBegin":1235,"characterOffsetEnd":1249,"pos":"JJ","before":" ","after":" "},{"index":16,"word":"software","originalText":"software","characterOffsetBegin":1250,"characterOffsetEnd":1258,"pos":"NN","before":" ","after":" "},{"index":17,"word":"-LRB-","originalText":"(","characterOffsetBegin":1259,"characterOffsetEnd":1260,"pos":"-LRB-","before":" ","after":""},{"index":18,"word":"ie","originalText":"ie","characterOffsetBegin":1260,"characterOffsetEnd":1262,"pos":"FW","before":"","after":""},{"index":19,"word":".","originalText":".","characterOffsetBegin":1262,"characterOffsetEnd":1263,"pos":".","before":"","after":" "}]},{"index":10,"tokens":[{"index":1,"word":"you","originalText":"you","characterOffsetBegin":1264,"characterOffsetEnd":1267,"pos":"PRP","before":" ","after":" "},{"index":2,"word":"will","originalText":"will","characterOffsetBegin":1268,"characterOffsetEnd":1272,"pos":"MD","before":" ","after":" "},{"index":3,"word":"only","originalText":"only","characterOffsetBegin":1273,"characterOffsetEnd":1277,"pos":"RB","before":" ","after":" "},{"index":4,"word":"get","originalText":"get","characterOffsetBegin":1278,"characterOffsetEnd":1281,"pos":"VB","before":" ","after":" "},{"index":5,"word":"free","originalText":"free","characterOffsetBegin":1282,"characterOffsetEnd":1286,"pos":"JJ","before":" ","after":" "},{"index":6,"word":"software","originalText":"software","characterOffsetBegin":1287,"characterOffsetEnd":1295,"pos":"NN","before":" ","after":" "},{"index":7,"word":"using","originalText":"using","characterOffsetBegin":1296,"characterOffsetEnd":1301,"pos":"VBG","before":" ","after":""},{"index":8,"word":">","originalText":">","characterOffsetBegin":1301,"characterOffsetEnd":1302,"pos":"JJR","before":"","after":""},{"index":9,"word":"Athena","originalText":"Athena","characterOffsetBegin":1302,"characterOffsetEnd":1308,"pos":"NNP","before":"","after":" "},{"index":10,"word":"or","originalText":"or","characterOffsetBegin":1309,"characterOffsetEnd":1311,"pos":"CC","before":" ","after":" "},{"index":11,"word":"OpenLook","originalText":"OpenLook","characterOffsetBegin":1312,"characterOffsetEnd":1320,"pos":"NNP","before":" ","after":" "},{"index":12,"word":"widget","originalText":"widget","characterOffsetBegin":1321,"characterOffsetEnd":1327,"pos":"NN","before":" ","after":" "},{"index":13,"word":"sets","originalText":"sets","characterOffsetBegin":1328,"characterOffsetEnd":1332,"pos":"NNS","before":" ","after":""},{"index":14,"word":",","originalText":",","characterOffsetBegin":1332,"characterOffsetEnd":1333,"pos":",","before":"","after":" "},{"index":15,"word":"and","originalText":"and","characterOffsetBegin":1334,"characterOffsetEnd":1337,"pos":"CC","before":" ","after":" "},{"index":16,"word":"only","originalText":"only","characterOffsetBegin":1338,"characterOffsetEnd":1342,"pos":"RB","before":" ","after":" "},{"index":17,"word":"get","originalText":"get","characterOffsetBegin":1343,"characterOffsetEnd":1346,"pos":"VB","before":" ","after":" "},{"index":18,"word":"commercial","originalText":"commercial","characterOffsetBegin":1347,"characterOffsetEnd":1357,"pos":"JJ","before":" ","after":" "},{"index":19,"word":"software","originalText":"software","characterOffsetBegin":1358,"characterOffsetEnd":1366,"pos":"NN","before":" ","after":" "},{"index":20,"word":"using","originalText":"using","characterOffsetBegin":1367,"characterOffsetEnd":1372,"pos":"VBG","before":" ","after":""},{"index":21,"word":">","originalText":">","characterOffsetBegin":1372,"characterOffsetEnd":1373,"pos":"JJR","before":"","after":""},{"index":22,"word":"the","originalText":"the","characterOffsetBegin":1373,"characterOffsetEnd":1376,"pos":"DT","before":"","after":" "},{"index":23,"word":"Motif","originalText":"Motif","characterOffsetBegin":1377,"characterOffsetEnd":1382,"pos":"NN","before":" ","after":" "},{"index":24,"word":"widget","originalText":"widget","characterOffsetBegin":1383,"characterOffsetEnd":1389,"pos":"NN","before":" ","after":" "},{"index":25,"word":"sets","originalText":"sets","characterOffsetBegin":1390,"characterOffsetEnd":1394,"pos":"NNS","before":" ","after":""},{"index":26,"word":"-RRB-","originalText":")","characterOffsetBegin":1394,"characterOffsetEnd":1395,"pos":"-RRB-","before":"","after":""},{"index":27,"word":".","originalText":".","characterOffsetBegin":1395,"characterOffsetEnd":1396,"pos":".","before":"","after":"  "}]},{"index":11,"tokens":[{"index":1,"word":"I","originalText":"I","characterOffsetBegin":1398,"characterOffsetEnd":1399,"pos":"PRP","before":"  ","after":" "},{"index":2,"word":"ca","originalText":"ca","characterOffsetBegin":1400,"characterOffsetEnd":1402,"pos":"MD","before":" ","after":""},{"index":3,"word":"n't","originalText":"n't","characterOffsetBegin":1402,"characterOffsetEnd":1405,"pos":"RB","before":"","after":" "},{"index":4,"word":"see","originalText":"see","characterOffsetBegin":1406,"characterOffsetEnd":1409,"pos":"VB","before":" ","after":" "},{"index":5,"word":"why","originalText":"why","characterOffsetBegin":1410,"characterOffsetEnd":1413,"pos":"WRB","before":" ","after":""},{"index":6,"word":".","originalText":".","characterOffsetBegin":1413,"characterOffsetEnd":1414,"pos":".","before":"","after":"  "}]},{"index":12,"tokens":[{"index":1,"word":"If","originalText":"If","characterOffsetBegin":1416,"characterOffsetEnd":1418,"pos":"IN","before":"  ","after":" "},{"index":2,"word":"just","originalText":"just","characterOffsetBegin":1419,"characterOffsetEnd":1423,"pos":"RB","before":" ","after":" "},{"index":3,"word":"about","originalText":"about","characterOffsetBegin":1424,"characterOffsetEnd":1429,"pos":"IN","before":" ","after":" "},{"index":4,"word":"every","originalText":"every","characterOffsetBegin":1430,"characterOffsetEnd":1435,"pos":"DT","before":" ","after":" "},{"index":5,"word":"workstation","originalText":"workstation","characterOffsetBegin":1436,"characterOffsetEnd":1447,"pos":"NN","before":" ","after":" "},{"index":6,"word":"will","originalText":"will","characterOffsetBegin":1448,"characterOffsetEnd":1452,"pos":"MD","before":" ","after":" "},{"index":7,"word":"come","originalText":"come","characterOffsetBegin":1453,"characterOffsetEnd":1457,"pos":"VB","before":" ","after":" "},{"index":8,"word":"with","originalText":"with","characterOffsetBegin":1458,"characterOffsetEnd":1462,"pos":"IN","before":" ","after":" "},{"index":9,"word":"Motifby","originalText":"Motifby","characterOffsetBegin":1463,"characterOffsetEnd":1470,"pos":"NNP","before":" ","after":" "},{"index":10,"word":"default","originalText":"default","characterOffsetBegin":1471,"characterOffsetEnd":1478,"pos":"NN","before":" ","after":" "},{"index":11,"word":"and","originalText":"and","characterOffsetBegin":1479,"characterOffsetEnd":1482,"pos":"CC","before":" ","after":" "},{"index":12,"word":"you","originalText":"you","characterOffsetBegin":1483,"characterOffsetEnd":1486,"pos":"PRP","before":" ","after":" "},{"index":13,"word":"can","originalText":"can","characterOffsetBegin":1487,"characterOffsetEnd":1490,"pos":"MD","before":" ","after":" "},{"index":14,"word":"buy","originalText":"buy","characterOffsetBegin":1491,"characterOffsetEnd":1494,"pos":"VB","before":" ","after":" "},{"index":15,"word":"it","originalText":"it","characterOffsetBegin":1495,"characterOffsetEnd":1497,"pos":"PRP","before":" ","after":" "},{"index":16,"word":"for","originalText":"for","characterOffsetBegin":1498,"characterOffsetEnd":1501,"pos":"IN","before":" ","after":" "},{"index":17,"word":"under","originalText":"under","characterOffsetBegin":1502,"characterOffsetEnd":1507,"pos":"IN","before":" ","after":" "},{"index":18,"word":"$","originalText":"$","characterOffsetBegin":1508,"characterOffsetEnd":1509,"pos":"$","before":" ","after":""},{"index":19,"word":"100","originalText":"100","characterOffsetBegin":1509,"characterOffsetEnd":1512,"pos":"CD","before":"","after":" "},{"index":20,"word":"for","originalText":"for","characterOffsetBegin":1513,"characterOffsetEnd":1516,"pos":"IN","before":" ","after":" "},{"index":21,"word":"the","originalText":"the","characterOffsetBegin":1517,"characterOffsetEnd":1520,"pos":"DT","before":" ","after":" "},{"index":22,"word":"``","originalText":"\"","characterOffsetBegin":1521,"characterOffsetEnd":1522,"pos":"``","before":" ","after":""},{"index":23,"word":"free","originalText":"free","characterOffsetBegin":1522,"characterOffsetEnd":1526,"pos":"JJ","before":"","after":""},{"index":24,"word":"''","originalText":"\"","characterOffsetBegin":1526,"characterOffsetEnd":1527,"pos":"''","before":"","after":" "},{"index":25,"word":"UNIXplatforms","originalText":"UNIXplatforms","characterOffsetBegin":1528,"characterOffsetEnd":1541,"pos":"NNS","before":" ","after":""},{"index":26,"word":",","originalText":",","characterOffsetBegin":1541,"characterOffsetEnd":1542,"pos":",","before":"","after":" "},{"index":27,"word":"I","originalText":"I","characterOffsetBegin":1543,"characterOffsetEnd":1544,"pos":"PRP","before":" ","after":" "},{"index":28,"word":"ca","originalText":"ca","characterOffsetBegin":1545,"characterOffsetEnd":1547,"pos":"MD","before":" ","after":""},{"index":29,"word":"n't","originalText":"n't","characterOffsetBegin":1547,"characterOffsetEnd":1550,"pos":"RB","before":"","after":" "},{"index":30,"word":"see","originalText":"see","characterOffsetBegin":1551,"characterOffsetEnd":1554,"pos":"VB","before":" ","after":" "},{"index":31,"word":"this","originalText":"this","characterOffsetBegin":1555,"characterOffsetEnd":1559,"pos":"DT","before":" ","after":" "},{"index":32,"word":"causing","originalText":"causing","characterOffsetBegin":1560,"characterOffsetEnd":1567,"pos":"VBG","before":" ","after":" "},{"index":33,"word":"major","originalText":"major","characterOffsetBegin":1568,"characterOffsetEnd":1573,"pos":"JJ","before":" ","after":" "},{"index":34,"word":"problems.Side","originalText":"problems.Side","characterOffsetBegin":1574,"characterOffsetEnd":1587,"pos":"NN","before":" ","after":" "},{"index":35,"word":"Note","originalText":"Note","characterOffsetBegin":1588,"characterOffsetEnd":1592,"pos":"NN","before":" ","after":" "},{"index":36,"word":":","originalText":":","characterOffsetBegin":1593,"characterOffsetEnd":1594,"pos":":","before":" ","after":""},{"index":37,"word":"---------","originalText":"---------","characterOffsetBegin":1594,"characterOffsetEnd":1603,"pos":"CD","before":"","after":""},{"index":38,"word":"All","originalText":"All","characterOffsetBegin":1603,"characterOffsetEnd":1606,"pos":"PDT","before":"","after":" "},{"index":39,"word":"the","originalText":"the","characterOffsetBegin":1607,"characterOffsetEnd":1610,"pos":"DT","before":" ","after":" "},{"index":40,"word":"X","originalText":"X","characterOffsetBegin":1611,"characterOffsetEnd":1612,"pos":"NN","before":" ","after":" "},{"index":41,"word":"based","originalText":"based","characterOffsetBegin":1613,"characterOffsetEnd":1618,"pos":"VBN","before":" ","after":" "},{"index":42,"word":"code","originalText":"code","characterOffsetBegin":1619,"characterOffsetEnd":1623,"pos":"NN","before":" ","after":" "},{"index":43,"word":"I","originalText":"I","characterOffsetBegin":1624,"characterOffsetEnd":1625,"pos":"PRP","before":" ","after":" "},{"index":44,"word":"am","originalText":"am","characterOffsetBegin":1626,"characterOffsetEnd":1628,"pos":"VBP","before":" ","after":" "},{"index":45,"word":"writing","originalText":"writing","characterOffsetBegin":1629,"characterOffsetEnd":1636,"pos":"VBG","before":" ","after":" "},{"index":46,"word":"-LRB-","originalText":"(","characterOffsetBegin":1637,"characterOffsetEnd":1638,"pos":"-LRB-","before":" ","after":""},{"index":47,"word":"and","originalText":"and","characterOffsetBegin":1638,"characterOffsetEnd":1641,"pos":"CC","before":"","after":" "},{"index":48,"word":"will","originalText":"will","characterOffsetBegin":1642,"characterOffsetEnd":1646,"pos":"MD","before":" ","after":" "},{"index":49,"word":"distribute","originalText":"distribute","characterOffsetBegin":1647,"characterOffsetEnd":1657,"pos":"VB","before":" ","after":" "},{"index":50,"word":"freely","originalText":"freely","characterOffsetBegin":1658,"characterOffsetEnd":1664,"pos":"RB","before":" ","after":" "},{"index":51,"word":"whencompleted","originalText":"whencompleted","characterOffsetBegin":1665,"characterOffsetEnd":1678,"pos":"VBN","before":" ","after":""},{"index":52,"word":"-RRB-","originalText":")","characterOffsetBegin":1678,"characterOffsetEnd":1679,"pos":"-RRB-","before":"","after":" "},{"index":53,"word":"is","originalText":"is","characterOffsetBegin":1680,"characterOffsetEnd":1682,"pos":"VBZ","before":" ","after":" "},{"index":54,"word":"based","originalText":"based","characterOffsetBegin":1683,"characterOffsetEnd":1688,"pos":"VBN","before":" ","after":" "},{"index":55,"word":"on","originalText":"on","characterOffsetBegin":1689,"characterOffsetEnd":1691,"pos":"IN","before":" ","after":" "},{"index":56,"word":"Motif","originalText":"Motif","characterOffsetBegin":1692,"characterOffsetEnd":1697,"pos":"NN","before":" ","after":" "},{"index":57,"word":"because","originalText":"because","characterOffsetBegin":1698,"characterOffsetEnd":1705,"pos":"IN","before":" ","after":" "},{"index":58,"word":"from","originalText":"from","characterOffsetBegin":1706,"characterOffsetEnd":1710,"pos":"IN","before":" ","after":" "},{"index":59,"word":"a","originalText":"a","characterOffsetBegin":1711,"characterOffsetEnd":1712,"pos":"DT","before":" ","after":" "},{"index":60,"word":"programmatic","originalText":"programmatic","characterOffsetBegin":1713,"characterOffsetEnd":1725,"pos":"JJ","before":" ","after":" "},{"index":61,"word":"and","originalText":"and","characterOffsetBegin":1726,"characterOffsetEnd":1729,"pos":"CC","before":" ","after":" "},{"index":62,"word":"also","originalText":"also","characterOffsetBegin":1730,"characterOffsetEnd":1734,"pos":"RB","before":" ","after":" "},{"index":63,"word":"``","originalText":"\"","characterOffsetBegin":1735,"characterOffsetEnd":1736,"pos":"``","before":" ","after":""},{"index":64,"word":"lookand","originalText":"lookand","characterOffsetBegin":1736,"characterOffsetEnd":1743,"pos":"JJ","before":"","after":" "},{"index":65,"word":"feel","originalText":"feel","characterOffsetBegin":1744,"characterOffsetEnd":1748,"pos":"NN","before":" ","after":""},{"index":66,"word":"''","originalText":"\"","characterOffsetBegin":1748,"characterOffsetEnd":1749,"pos":"''","before":"","after":" "},{"index":67,"word":"point","originalText":"point","characterOffsetBegin":1750,"characterOffsetEnd":1755,"pos":"NN","before":" ","after":" "},{"index":68,"word":"of","originalText":"of","characterOffsetBegin":1756,"characterOffsetEnd":1758,"pos":"IN","before":" ","after":" "},{"index":69,"word":"view","originalText":"view","characterOffsetBegin":1759,"characterOffsetEnd":1763,"pos":"NN","before":" ","after":" "},{"index":70,"word":"I","originalText":"I","characterOffsetBegin":1764,"characterOffsetEnd":1765,"pos":"CD","before":" ","after":" "},{"index":71,"word":"like","originalText":"like","characterOffsetBegin":1766,"characterOffsetEnd":1770,"pos":"IN","before":" ","after":" "},{"index":72,"word":"it","originalText":"it","characterOffsetBegin":1771,"characterOffsetEnd":1773,"pos":"PRP","before":" ","after":" "},{"index":73,"word":"the","originalText":"the","characterOffsetBegin":1774,"characterOffsetEnd":1777,"pos":"DT","before":" ","after":" "},{"index":74,"word":"best","originalText":"best","characterOffsetBegin":1778,"characterOffsetEnd":1782,"pos":"JJS","before":" ","after":" "},{"index":75,"word":"-LRB-","originalText":"(","characterOffsetBegin":1783,"characterOffsetEnd":1784,"pos":"-LRB-","before":" ","after":""},{"index":76,"word":"no","originalText":"no","characterOffsetBegin":1784,"characterOffsetEnd":1786,"pos":"DT","before":"","after":" "},{"index":77,"word":"flames","originalText":"flames","characterOffsetBegin":1787,"characterOffsetEnd":1793,"pos":"NNS","before":" ","after":" "},{"index":78,"word":"on","originalText":"on","characterOffsetBegin":1794,"characterOffsetEnd":1796,"pos":"IN","before":" ","after":" "},{"index":79,"word":"this","originalText":"this","characterOffsetBegin":1797,"characterOffsetEnd":1801,"pos":"DT","before":" ","after":" "},{"index":80,"word":"oneplease","originalText":"oneplease","characterOffsetBegin":1802,"characterOffsetEnd":1811,"pos":"NN","before":" ","after":""},{"index":81,"word":"-RRB-","originalText":")","characterOffsetBegin":1811,"characterOffsetEnd":1812,"pos":"-RRB-","before":"","after":""},{"index":82,"word":".","originalText":".","characterOffsetBegin":1812,"characterOffsetEnd":1813,"pos":".","before":"","after":""}]},{"index":13,"tokens":[{"index":1,"word":"bambi","originalText":"bambi","characterOffsetBegin":1813,"characterOffsetEnd":1818,"pos":"NN","before":"","after":"   "},{"index":2,"word":"___","originalText":"___","characterOffsetBegin":1821,"characterOffsetEnd":1824,"pos":"CD","before":"   ","after":"                                 "},{"index":3,"word":"David","originalText":"David","characterOffsetBegin":1857,"characterOffsetEnd":1862,"pos":"NNP","before":"                                 ","after":" "},{"index":4,"word":"J.","originalText":"J.","characterOffsetBegin":1863,"characterOffsetEnd":1865,"pos":"NNP","before":" ","after":" "},{"index":5,"word":"Hughes","originalText":"Hughes","characterOffsetBegin":1866,"characterOffsetEnd":1872,"pos":"NNP","before":" ","after":"     "},{"index":6,"word":"bambi@bu.oz.au","originalText":"bambi@bu.oz.au","characterOffsetBegin":1877,"characterOffsetEnd":1891,"pos":"FW","before":"     ","after":"  "},{"index":7,"word":"/","originalText":"/","characterOffsetBegin":1893,"characterOffsetEnd":1894,"pos":":","before":"  ","after":"   "},{"index":8,"word":"\\","originalText":"\\","characterOffsetBegin":1897,"characterOffsetEnd":1898,"pos":"CD","before":"   ","after":"                "},{"index":9,"word":"/","originalText":"/","characterOffsetBegin":1914,"characterOffsetEnd":1915,"pos":":","before":"                ","after":"  "},{"index":10,"word":"/","originalText":"/","characterOffsetBegin":1917,"characterOffsetEnd":1918,"pos":":","before":"  ","after":"    "},{"index":11,"word":"/","originalText":"/","characterOffsetBegin":1922,"characterOffsetEnd":1923,"pos":":","before":"    ","after":"         "},{"index":12,"word":"/","originalText":"/","characterOffsetBegin":1932,"characterOffsetEnd":1933,"pos":":","before":"         ","after":"  "},{"index":13,"word":"__","originalText":"__","characterOffsetBegin":1935,"characterOffsetEnd":1937,"pos":"CD","before":"  ","after":""},{"index":14,"word":"/","originalText":"/","characterOffsetBegin":1937,"characterOffsetEnd":1938,"pos":":","before":"","after":" "},{"index":15,"word":"__","originalText":"__","characterOffsetBegin":1939,"characterOffsetEnd":1941,"pos":"CD","before":" ","after":"   "},{"index":16,"word":"__","originalText":"__","characterOffsetBegin":1944,"characterOffsetEnd":1946,"pos":"CD","before":"   ","after":"   "},{"index":17,"word":"____","originalText":"____","characterOffsetBegin":1949,"characterOffsetEnd":1953,"pos":"CD","before":"   ","after":""},{"index":18,"word":"/","originalText":"/","characterOffsetBegin":1953,"characterOffsetEnd":1954,"pos":":","before":"","after":"  "},{"index":19,"word":"/","originalText":"/","characterOffsetBegin":1956,"characterOffsetEnd":1957,"pos":":","before":"  ","after":"    "},{"index":20,"word":"/","originalText":"/","characterOffsetBegin":1961,"characterOffsetEnd":1962,"pos":":","before":"    ","after":" "},{"index":21,"word":"__","originalText":"__","characterOffsetBegin":1963,"characterOffsetEnd":1965,"pos":"CD","before":" ","after":"          "},{"index":22,"word":"Senior","originalText":"Senior","characterOffsetBegin":1975,"characterOffsetEnd":1981,"pos":"JJ","before":"          ","after":" "},{"index":23,"word":"Network","originalText":"Network","characterOffsetBegin":1982,"characterOffsetEnd":1989,"pos":"NNP","before":" ","after":" "},{"index":24,"word":"Programmer","originalText":"Programmer","characterOffsetBegin":1990,"characterOffsetEnd":2000,"pos":"NNP","before":" ","after":""},{"index":25,"word":"/","originalText":"/","characterOffsetBegin":2000,"characterOffsetEnd":2001,"pos":":","before":"","after":"    "},{"index":26,"word":"\\","originalText":"\\","characterOffsetBegin":2005,"characterOffsetEnd":2006,"pos":"CD","before":"    ","after":" "},{"index":27,"word":"/","originalText":"/","characterOffsetBegin":2007,"characterOffsetEnd":2008,"pos":":","before":" ","after":"  "},{"index":28,"word":"\\","originalText":"\\","characterOffsetBegin":2010,"characterOffsetEnd":2011,"pos":"CD","before":"  ","after":" "},{"index":29,"word":"/","originalText":"/","characterOffsetBegin":2012,"characterOffsetEnd":2013,"pos":":","before":" ","after":"  "},{"index":30,"word":"\\","originalText":"\\","characterOffsetBegin":2015,"characterOffsetEnd":2016,"pos":"CD","before":"  ","after":" "},{"index":31,"word":"/","originalText":"/","characterOffsetBegin":2017,"characterOffsetEnd":2018,"pos":":","before":" ","after":"   "},{"index":32,"word":"/","originalText":"/","characterOffsetBegin":2021,"characterOffsetEnd":2022,"pos":":","before":"   ","after":"  "},{"index":33,"word":"/","originalText":"/","characterOffsetBegin":2024,"characterOffsetEnd":2025,"pos":":","before":"  ","after":"    "},{"index":34,"word":"/","originalText":"/","characterOffsetBegin":2029,"characterOffsetEnd":2030,"pos":":","before":"    ","after":" "},{"index":35,"word":"/","originalText":"/","characterOffsetBegin":2031,"characterOffsetEnd":2032,"pos":":","before":" ","after":"  "},{"index":36,"word":"\\","originalText":"\\","characterOffsetBegin":2034,"characterOffsetEnd":2035,"pos":"CD","before":"  ","after":"  "},{"index":37,"word":"/","originalText":"/","characterOffsetBegin":2037,"characterOffsetEnd":2038,"pos":":","before":"  ","after":"    "},{"index":38,"word":"Comms","originalText":"Comms","characterOffsetBegin":2042,"characterOffsetEnd":2047,"pos":"NNP","before":"    ","after":" "},{"index":39,"word":"Development","originalText":"Development","characterOffsetBegin":2048,"characterOffsetEnd":2059,"pos":"NNP","before":" ","after":" "},{"index":40,"word":"&","originalText":"&","characterOffsetBegin":2060,"characterOffsetEnd":2061,"pos":"CC","before":" ","after":" "},{"index":41,"word":"Operation","originalText":"Operation","characterOffsetBegin":2062,"characterOffsetEnd":2071,"pos":"NNP","before":" ","after":""},{"index":42,"word":"\\","originalText":"\\","characterOffsetBegin":2071,"characterOffsetEnd":2072,"pos":"CD","before":"","after":""},{"index":43,"word":"____","originalText":"____","characterOffsetBegin":2072,"characterOffsetEnd":2076,"pos":"CD","before":"","after":""},{"index":44,"word":"/","originalText":"/","characterOffsetBegin":2076,"characterOffsetEnd":2077,"pos":":","before":"","after":" "},{"index":45,"word":"\\","originalText":"\\","characterOffsetBegin":2078,"characterOffsetEnd":2079,"pos":"CD","before":" ","after":""},{"index":46,"word":"__","originalText":"__","characterOffsetBegin":2079,"characterOffsetEnd":2081,"pos":"CD","before":"","after":""},{"index":47,"word":"/","originalText":"/","characterOffsetBegin":2081,"characterOffsetEnd":2082,"pos":":","before":"","after":""},{"index":48,"word":"/","originalText":"/","characterOffsetBegin":2082,"characterOffsetEnd":2083,"pos":":","before":"","after":"   "},{"index":49,"word":"/","originalText":"/","characterOffsetBegin":2086,"characterOffsetEnd":2087,"pos":":","before":"   ","after":" "},{"index":50,"word":"\\","originalText":"\\","characterOffsetBegin":2088,"characterOffsetEnd":2089,"pos":"CD","before":" ","after":""},{"index":51,"word":"__","originalText":"__","characterOffsetBegin":2089,"characterOffsetEnd":2091,"pos":"CD","before":"","after":""},{"index":52,"word":"/","originalText":"/","characterOffsetBegin":2091,"characterOffsetEnd":2092,"pos":":","before":"","after":"   "},{"index":53,"word":"\\","originalText":"\\","characterOffsetBegin":2095,"characterOffsetEnd":2096,"pos":"CD","before":"   ","after":""},{"index":54,"word":"___","originalText":"___","characterOffsetBegin":2096,"characterOffsetEnd":2099,"pos":"CD","before":"","after":""},{"index":55,"word":"/","originalText":"/","characterOffsetBegin":2099,"characterOffsetEnd":2100,"pos":":","before":"","after":" "},{"index":56,"word":"/","originalText":"/","characterOffsetBegin":2101,"characterOffsetEnd":2102,"pos":":","before":" ","after":"   "},{"index":57,"word":"/","originalText":"/","characterOffsetBegin":2105,"characterOffsetEnd":2106,"pos":":","before":"   ","after":" "},{"index":58,"word":"/","originalText":"/","characterOffsetBegin":2107,"characterOffsetEnd":2108,"pos":":","before":" ","after":"       "},{"index":59,"word":"AUSTRALIA","originalText":"AUSTRALIA","characterOffsetBegin":2115,"characterOffsetEnd":2124,"pos":"NNP","before":"       ","after":"  "},{"index":60,"word":"-LRB-","originalText":"(","characterOffsetBegin":2126,"characterOffsetEnd":2127,"pos":"-LRB-","before":"  ","after":""},{"index":61,"word":"+61 75 951450","originalText":"+61 75 951450","characterOffsetBegin":2127,"characterOffsetEnd":2140,"pos":"CD","before":"","after":""},{"index":62,"word":"-RRB-","originalText":")","characterOffsetBegin":2140,"characterOffsetEnd":2141,"pos":"-RRB-","before":"","after":""}]}]}