{"sentences":[{"index":0,"tokens":[{"index":1,"word":"From","originalText":"From","characterOffsetBegin":0,"characterOffsetEnd":4,"pos":"IN","before":"","after":""},{"index":2,"word":":","originalText":":","characterOffsetBegin":4,"characterOffsetEnd":5,"pos":":","before":"","after":" "},{"index":3,"word":"alex@vuse.vanderbilt.edu","originalText":"alex@vuse.vanderbilt.edu","characterOffsetBegin":6,"characterOffsetEnd":30,"pos":"NN","before":" ","after":" "},{"index":4,"word":"-LRB-","originalText":"(","characterOffsetBegin":31,"characterOffsetEnd":32,"pos":"-LRB-","before":" ","after":""},{"index":5,"word":"Alexander","originalText":"Alexander","characterOffsetBegin":32,"characterOffsetEnd":41,"pos":"NNP","before":"","after":" "},{"index":6,"word":"P.","originalText":"P.","characterOffsetBegin":42,"characterOffsetEnd":44,"pos":"NNP","before":" ","after":" "},{"index":7,"word":"Zijdenbos","originalText":"Zijdenbos","characterOffsetBegin":45,"characterOffsetEnd":54,"pos":"NNP","before":" ","after":""},{"index":8,"word":"-RRB-","originalText":")","characterOffsetBegin":54,"characterOffsetEnd":55,"pos":"-RRB-","before":"","after":""},{"index":9,"word":"Subject","originalText":"Subject","characterOffsetBegin":55,"characterOffsetEnd":62,"pos":"NNP","before":"","after":""},{"index":10,"word":":","originalText":":","characterOffsetBegin":62,"characterOffsetEnd":63,"pos":":","before":"","after":" "},{"index":11,"word":"Sunview","originalText":"Sunview","characterOffsetBegin":64,"characterOffsetEnd":71,"pos":"NNP","before":" ","after":" "},{"index":12,"word":"-","originalText":"-","characterOffsetBegin":72,"characterOffsetEnd":73,"pos":":","before":" ","after":""},{"index":13,"word":">","originalText":">","characterOffsetBegin":73,"characterOffsetEnd":74,"pos":"JJR","before":"","after":" "},{"index":14,"word":"XNo","originalText":"XNo","characterOffsetBegin":75,"characterOffsetEnd":78,"pos":"NN","before":" ","after":" "},{"index":15,"word":"doubt","originalText":"doubt","characterOffsetBegin":79,"characterOffsetEnd":84,"pos":"NN","before":" ","after":" "},{"index":16,"word":"this","originalText":"this","characterOffsetBegin":85,"characterOffsetEnd":89,"pos":"DT","before":" ","after":" "},{"index":17,"word":"is","originalText":"is","characterOffsetBegin":90,"characterOffsetEnd":92,"pos":"VBZ","before":" ","after":" "},{"index":18,"word":"an","originalText":"an","characterOffsetBegin":93,"characterOffsetEnd":95,"pos":"DT","before":" ","after":" "},{"index":19,"word":"old","originalText":"old","characterOffsetBegin":96,"characterOffsetEnd":99,"pos":"JJ","before":" ","after":" "},{"index":20,"word":"question","originalText":"question","characterOffsetBegin":100,"characterOffsetEnd":108,"pos":"NN","before":" ","after":""},{"index":21,"word":",","originalText":",","characterOffsetBegin":108,"characterOffsetEnd":109,"pos":",","before":"","after":" "},{"index":22,"word":"but","originalText":"but","characterOffsetBegin":110,"characterOffsetEnd":113,"pos":"CC","before":" ","after":" "},{"index":23,"word":"I","originalText":"I","characterOffsetBegin":114,"characterOffsetEnd":115,"pos":"PRP","before":" ","after":" "},{"index":24,"word":"did","originalText":"did","characterOffsetBegin":116,"characterOffsetEnd":119,"pos":"VBD","before":" ","after":""},{"index":25,"word":"n't","originalText":"n't","characterOffsetBegin":119,"characterOffsetEnd":122,"pos":"RB","before":"","after":" "},{"index":26,"word":"find","originalText":"find","characterOffsetBegin":123,"characterOffsetEnd":127,"pos":"VB","before":" ","after":" "},{"index":27,"word":"the","originalText":"the","characterOffsetBegin":128,"characterOffsetEnd":131,"pos":"DT","before":" ","after":" "},{"index":28,"word":"answer","originalText":"answer","characterOffsetBegin":132,"characterOffsetEnd":138,"pos":"NN","before":" ","after":" "},{"index":29,"word":"in","originalText":"in","characterOffsetBegin":139,"characterOffsetEnd":141,"pos":"IN","before":" ","after":" "},{"index":30,"word":"theFAQs","originalText":"theFAQs","characterOffsetBegin":142,"characterOffsetEnd":149,"pos":"NNS","before":" ","after":" "},{"index":31,"word":"I","originalText":"I","characterOffsetBegin":150,"characterOffsetEnd":151,"pos":"PRP","before":" ","after":" "},{"index":32,"word":"could","originalText":"could","characterOffsetBegin":152,"characterOffsetEnd":157,"pos":"MD","before":" ","after":" "},{"index":33,"word":"find","originalText":"find","characterOffsetBegin":158,"characterOffsetEnd":162,"pos":"VB","before":" ","after":""},{"index":34,"word":",","originalText":",","characterOffsetBegin":162,"characterOffsetEnd":163,"pos":",","before":"","after":" "},{"index":35,"word":"so","originalText":"so","characterOffsetBegin":164,"characterOffsetEnd":166,"pos":"RB","before":" ","after":" "},{"index":36,"word":"-","originalText":"-","characterOffsetBegin":167,"characterOffsetEnd":168,"pos":":","before":" ","after":" "},{"index":37,"word":"here","originalText":"here","characterOffsetBegin":169,"characterOffsetEnd":173,"pos":"RB","before":" ","after":" "},{"index":38,"word":"goes","originalText":"goes","characterOffsetBegin":174,"characterOffsetEnd":178,"pos":"VBZ","before":" ","after":""},{"index":39,"word":":","originalText":":","characterOffsetBegin":178,"characterOffsetEnd":179,"pos":":","before":"","after":""},{"index":40,"word":"I","originalText":"I","characterOffsetBegin":179,"characterOffsetEnd":180,"pos":"PRP","before":"","after":" "},{"index":41,"word":"have","originalText":"have","characterOffsetBegin":181,"characterOffsetEnd":185,"pos":"VBP","before":" ","after":" "},{"index":42,"word":"a","originalText":"a","characterOffsetBegin":186,"characterOffsetEnd":187,"pos":"DT","before":" ","after":" "},{"index":43,"word":"Sunview","originalText":"Sunview","characterOffsetBegin":188,"characterOffsetEnd":195,"pos":"NNP","before":" ","after":" "},{"index":44,"word":"application","originalText":"application","characterOffsetBegin":196,"characterOffsetEnd":207,"pos":"NN","before":" ","after":" "},{"index":45,"word":"that","originalText":"that","characterOffsetBegin":208,"characterOffsetEnd":212,"pos":"IN","before":" ","after":" "},{"index":46,"word":"I","originalText":"I","characterOffsetBegin":213,"characterOffsetEnd":214,"pos":"PRP","before":" ","after":" "},{"index":47,"word":"want","originalText":"want","characterOffsetBegin":215,"characterOffsetEnd":219,"pos":"VBP","before":" ","after":" "},{"index":48,"word":"to","originalText":"to","characterOffsetBegin":220,"characterOffsetEnd":222,"pos":"TO","before":" ","after":" "},{"index":49,"word":"convert","originalText":"convert","characterOffsetBegin":223,"characterOffsetEnd":230,"pos":"VB","before":" ","after":" "},{"index":50,"word":"to","originalText":"to","characterOffsetBegin":231,"characterOffsetEnd":233,"pos":"TO","before":" ","after":" "},{"index":51,"word":"X","originalText":"X","characterOffsetBegin":234,"characterOffsetEnd":235,"pos":"NN","before":" ","after":" "},{"index":52,"word":"-LRB-","originalText":"(","characterOffsetBegin":236,"characterOffsetEnd":237,"pos":"-LRB-","before":" ","after":""},{"index":53,"word":"OpenLook","originalText":"OpenLook","characterOffsetBegin":237,"characterOffsetEnd":245,"pos":"NNP","before":"","after":""},{"index":54,"word":",","originalText":",","characterOffsetBegin":245,"characterOffsetEnd":246,"pos":",","before":"","after":""},{"index":55,"word":"Motiv","originalText":"Motiv","characterOffsetBegin":246,"characterOffsetEnd":251,"pos":"NNP","before":"","after":""},{"index":56,"word":",","originalText":",","characterOffsetBegin":251,"characterOffsetEnd":252,"pos":",","before":"","after":" "},{"index":57,"word":"whatever","originalText":"whatever","characterOffsetBegin":253,"characterOffsetEnd":261,"pos":"WDT","before":" ","after":""},{"index":58,"word":"-RRB-","originalText":")","characterOffsetBegin":261,"characterOffsetEnd":262,"pos":"-RRB-","before":"","after":""},{"index":59,"word":".","originalText":".","characterOffsetBegin":262,"characterOffsetEnd":263,"pos":".","before":"","after":" "}]},{"index":1,"tokens":[{"index":1,"word":"I","originalText":"I","characterOffsetBegin":264,"characterOffsetEnd":265,"pos":"PRP","before":" ","after":" "},{"index":2,"word":"remember","originalText":"remember","characterOffsetBegin":266,"characterOffsetEnd":274,"pos":"VBP","before":" ","after":" "},{"index":3,"word":"hearing","originalText":"hearing","characterOffsetBegin":275,"characterOffsetEnd":282,"pos":"VBG","before":" ","after":" "},{"index":4,"word":"quite","originalText":"quite","characterOffsetBegin":283,"characterOffsetEnd":288,"pos":"RB","before":" ","after":" "},{"index":5,"word":"some","originalText":"some","characterOffsetBegin":289,"characterOffsetEnd":293,"pos":"DT","before":" ","after":" "},{"index":6,"word":"time","originalText":"time","characterOffsetBegin":294,"characterOffsetEnd":298,"pos":"NN","before":" ","after":" "},{"index":7,"word":"ago","originalText":"ago","characterOffsetBegin":299,"characterOffsetEnd":302,"pos":"IN","before":" ","after":" "},{"index":8,"word":"that","originalText":"that","characterOffsetBegin":303,"characterOffsetEnd":307,"pos":"DT","before":" ","after":" "},{"index":9,"word":"thereare","originalText":"thereare","characterOffsetBegin":308,"characterOffsetEnd":316,"pos":"RB","before":" ","after":" "},{"index":10,"word":"tools","originalText":"tools","characterOffsetBegin":317,"characterOffsetEnd":322,"pos":"NNS","before":" ","after":" "},{"index":11,"word":"to","originalText":"to","characterOffsetBegin":323,"characterOffsetEnd":325,"pos":"TO","before":" ","after":" "},{"index":12,"word":"accomplish","originalText":"accomplish","characterOffsetBegin":326,"characterOffsetEnd":336,"pos":"VB","before":" ","after":" "},{"index":13,"word":"this","originalText":"this","characterOffsetBegin":337,"characterOffsetEnd":341,"pos":"DT","before":" ","after":" "},{"index":14,"word":"task","originalText":"task","characterOffsetBegin":342,"characterOffsetEnd":346,"pos":"NN","before":" ","after":""},{"index":15,"word":".","originalText":".","characterOffsetBegin":346,"characterOffsetEnd":347,"pos":".","before":"","after":"\t"}]},{"index":2,"tokens":[{"index":1,"word":"a","originalText":"a","characterOffsetBegin":348,"characterOffsetEnd":349,"pos":"DT","before":"\t","after":""},{"index":2,"word":"-RRB-","originalText":")","characterOffsetBegin":349,"characterOffsetEnd":350,"pos":"-RRB-","before":"","after":" "},{"index":3,"word":"is","originalText":"is","characterOffsetBegin":351,"characterOffsetEnd":353,"pos":"VBZ","before":" ","after":" "},{"index":4,"word":"that","originalText":"that","characterOffsetBegin":354,"characterOffsetEnd":358,"pos":"IN","before":" ","after":" "},{"index":5,"word":"so","originalText":"so","characterOffsetBegin":359,"characterOffsetEnd":361,"pos":"RB","before":" ","after":""},{"index":6,"word":"?","originalText":"?","characterOffsetBegin":361,"characterOffsetEnd":362,"pos":".","before":"","after":"\t"}]},{"index":3,"tokens":[{"index":1,"word":"b","originalText":"b","characterOffsetBegin":363,"characterOffsetEnd":364,"pos":"NN","before":"\t","after":""},{"index":2,"word":"-RRB-","originalText":")","characterOffsetBegin":364,"characterOffsetEnd":365,"pos":"-RRB-","before":"","after":" "},{"index":3,"word":"are","originalText":"are","characterOffsetBegin":366,"characterOffsetEnd":369,"pos":"VBP","before":" ","after":" "},{"index":4,"word":"they","originalText":"they","characterOffsetBegin":370,"characterOffsetEnd":374,"pos":"PRP","before":" ","after":" "},{"index":5,"word":"public","originalText":"public","characterOffsetBegin":375,"characterOffsetEnd":381,"pos":"JJ","before":" ","after":" "},{"index":6,"word":"domain","originalText":"domain","characterOffsetBegin":382,"characterOffsetEnd":388,"pos":"NN","before":" ","after":""},{"index":7,"word":"?","originalText":"?","characterOffsetBegin":388,"characterOffsetEnd":389,"pos":".","before":"","after":"\t"}]},{"index":4,"tokens":[{"index":1,"word":"c","originalText":"c","characterOffsetBegin":390,"characterOffsetEnd":391,"pos":"NN","before":"\t","after":""},{"index":2,"word":"-RRB-","originalText":")","characterOffsetBegin":391,"characterOffsetEnd":392,"pos":"-RRB-","before":"","after":" "},{"index":3,"word":"any","originalText":"any","characterOffsetBegin":393,"characterOffsetEnd":396,"pos":"DT","before":" ","after":" "},{"index":4,"word":"good","originalText":"good","characterOffsetBegin":397,"characterOffsetEnd":401,"pos":"JJ","before":" ","after":""},{"index":5,"word":",","originalText":",","characterOffsetBegin":401,"characterOffsetEnd":402,"pos":",","before":"","after":" "},{"index":6,"word":"i.e.","originalText":"i.e.","characterOffsetBegin":403,"characterOffsetEnd":407,"pos":"FW","before":" ","after":"\t"},{"index":7,"word":"d","originalText":"d","characterOffsetBegin":408,"characterOffsetEnd":409,"pos":"FW","before":"\t","after":""},{"index":8,"word":"-RRB-","originalText":")","characterOffsetBegin":409,"characterOffsetEnd":410,"pos":"-RRB-","before":"","after":" "},{"index":9,"word":"advantages","originalText":"advantages","characterOffsetBegin":411,"characterOffsetEnd":421,"pos":"NNS","before":" ","after":" "},{"index":10,"word":"over","originalText":"over","characterOffsetBegin":422,"characterOffsetEnd":426,"pos":"IN","before":" ","after":" "},{"index":11,"word":"reimplementing","originalText":"reimplementing","characterOffsetBegin":427,"characterOffsetEnd":441,"pos":"VBG","before":" ","after":" "},{"index":12,"word":"the","originalText":"the","characterOffsetBegin":442,"characterOffsetEnd":445,"pos":"DT","before":" ","after":" "},{"index":13,"word":"interface","originalText":"interface","characterOffsetBegin":446,"characterOffsetEnd":455,"pos":"NN","before":" ","after":" "},{"index":14,"word":"myself?Thanks","originalText":"myself?Thanks","characterOffsetBegin":456,"characterOffsetEnd":469,"pos":"NNS","before":" ","after":""},{"index":15,"word":",","originalText":",","characterOffsetBegin":469,"characterOffsetEnd":470,"pos":",","before":"","after":""},{"index":16,"word":"--","originalText":"--","characterOffsetBegin":470,"characterOffsetEnd":472,"pos":":","before":"","after":" "},{"index":17,"word":"Alex","originalText":"Alex","characterOffsetBegin":473,"characterOffsetEnd":477,"pos":"NNP","before":" ","after":""}]}]}