{"sentences":[{"index":0,"tokens":[{"index":1,"word":"From","originalText":"From","characterOffsetBegin":0,"characterOffsetEnd":4,"pos":"IN","before":"","after":""},{"index":2,"word":":","originalText":":","characterOffsetBegin":4,"characterOffsetEnd":5,"pos":":","before":"","after":" "},{"index":3,"word":"jbore@cosmos.shearson.com","originalText":"jbore@cosmos.shearson.com","characterOffsetBegin":6,"characterOffsetEnd":31,"pos":"NN","before":" ","after":" "},{"index":4,"word":"-LRB-","originalText":"(","characterOffsetBegin":32,"characterOffsetEnd":33,"pos":"-LRB-","before":" ","after":""},{"index":5,"word":"Joe","originalText":"Joe","characterOffsetBegin":33,"characterOffsetEnd":36,"pos":"NNP","before":"","after":" "},{"index":6,"word":"Bore","originalText":"Bore","characterOffsetBegin":37,"characterOffsetEnd":41,"pos":"VBD","before":" ","after":""},{"index":7,"word":"-RRB-","originalText":")","characterOffsetBegin":41,"characterOffsetEnd":42,"pos":"-RRB-","before":"","after":""},{"index":8,"word":"Subject","originalText":"Subject","characterOffsetBegin":42,"characterOffsetEnd":49,"pos":"NNP","before":"","after":""},{"index":9,"word":":","originalText":":","characterOffsetBegin":49,"characterOffsetEnd":50,"pos":":","before":"","after":" "},{"index":10,"word":"Re","originalText":"Re","characterOffsetBegin":51,"characterOffsetEnd":53,"pos":"NNP","before":" ","after":""},{"index":11,"word":":","originalText":":","characterOffsetBegin":53,"characterOffsetEnd":54,"pos":":","before":"","after":" "},{"index":12,"word":"iconize","originalText":"iconize","characterOffsetBegin":55,"characterOffsetEnd":62,"pos":"VB","before":" ","after":" "},{"index":13,"word":"a","originalText":"a","characterOffsetBegin":63,"characterOffsetEnd":64,"pos":"DT","before":" ","after":" "},{"index":14,"word":"running","originalText":"running","characterOffsetBegin":65,"characterOffsetEnd":72,"pos":"VBG","before":" ","after":" "},{"index":15,"word":"application?it","originalText":"application?it","characterOffsetBegin":73,"characterOffsetEnd":87,"pos":"NN","before":" ","after":" "},{"index":16,"word":"doesnt","originalText":"doesnt","characterOffsetBegin":88,"characterOffsetEnd":94,"pos":"NN","before":" ","after":" "},{"index":17,"word":"matter","originalText":"matter","characterOffsetBegin":95,"characterOffsetEnd":101,"pos":"NN","before":" ","after":" "},{"index":18,"word":"what","originalText":"what","characterOffsetBegin":102,"characterOffsetEnd":106,"pos":"WDT","before":" ","after":" "},{"index":19,"word":"window","originalText":"window","characterOffsetBegin":107,"characterOffsetEnd":113,"pos":"NN","before":" ","after":" "},{"index":20,"word":"mgr","originalText":"mgr","characterOffsetBegin":114,"characterOffsetEnd":117,"pos":"NN","before":" ","after":" "},{"index":21,"word":"you","originalText":"you","characterOffsetBegin":118,"characterOffsetEnd":121,"pos":"PRP","before":" ","after":" "},{"index":22,"word":"running","originalText":"running","characterOffsetBegin":122,"characterOffsetEnd":129,"pos":"VBG","before":" ","after":" "},{"index":23,"word":"under","originalText":"under","characterOffsetBegin":130,"characterOffsetEnd":135,"pos":"IN","before":" ","after":""},{"index":24,"word":",","originalText":",","characterOffsetBegin":135,"characterOffsetEnd":136,"pos":",","before":"","after":" "},{"index":25,"word":"you","originalText":"you","characterOffsetBegin":137,"characterOffsetEnd":140,"pos":"PRP","before":" ","after":" "},{"index":26,"word":"can","originalText":"can","characterOffsetBegin":141,"characterOffsetEnd":144,"pos":"MD","before":" ","after":" "},{"index":27,"word":"use","originalText":"use","characterOffsetBegin":145,"characterOffsetEnd":148,"pos":"VB","before":" ","after":" "},{"index":28,"word":"the","originalText":"the","characterOffsetBegin":149,"characterOffsetEnd":152,"pos":"DT","before":" ","after":" "},{"index":29,"word":"Xroutine","originalText":"Xroutine","characterOffsetBegin":153,"characterOffsetEnd":161,"pos":"NNP","before":" ","after":""},{"index":30,"word":":","originalText":":","characterOffsetBegin":161,"characterOffsetEnd":162,"pos":":","before":"","after":"\t"},{"index":31,"word":"XIconfiyWindow","originalText":"XIconfiyWindow","characterOffsetBegin":163,"characterOffsetEnd":177,"pos":"NN","before":"\t","after":""},{"index":32,"word":"-LRB-","originalText":"(","characterOffsetBegin":177,"characterOffsetEnd":178,"pos":"-LRB-","before":"","after":""},{"index":33,"word":"display","originalText":"display","characterOffsetBegin":178,"characterOffsetEnd":185,"pos":"NN","before":"","after":""},{"index":34,"word":",","originalText":",","characterOffsetBegin":185,"characterOffsetEnd":186,"pos":",","before":"","after":" "},{"index":35,"word":"w","originalText":"w","characterOffsetBegin":187,"characterOffsetEnd":188,"pos":"NN","before":" ","after":""},{"index":36,"word":",","originalText":",","characterOffsetBegin":188,"characterOffsetEnd":189,"pos":",","before":"","after":" "},{"index":37,"word":"screen_number","originalText":"screen_number","characterOffsetBegin":190,"characterOffsetEnd":203,"pos":"NN","before":" ","after":""},{"index":38,"word":"-RRB-","originalText":")","characterOffsetBegin":203,"characterOffsetEnd":204,"pos":"-RRB-","before":"","after":"\t\t"},{"index":39,"word":"Display","originalText":"Display","characterOffsetBegin":206,"characterOffsetEnd":213,"pos":"VBP","before":"\t\t","after":" "},{"index":40,"word":"*","originalText":"*","characterOffsetBegin":214,"characterOffsetEnd":215,"pos":"SYM","before":" ","after":""},{"index":41,"word":"display","originalText":"display","characterOffsetBegin":215,"characterOffsetEnd":222,"pos":"NN","before":"","after":""},{"index":42,"word":";","originalText":";","characterOffsetBegin":222,"characterOffsetEnd":223,"pos":":","before":"","after":"\t\t"},{"index":43,"word":"Window","originalText":"Window","characterOffsetBegin":225,"characterOffsetEnd":231,"pos":"NN","before":"\t\t","after":" "},{"index":44,"word":"w","originalText":"w","characterOffsetBegin":232,"characterOffsetEnd":233,"pos":"NN","before":" ","after":""},{"index":45,"word":";","originalText":";","characterOffsetBegin":233,"characterOffsetEnd":234,"pos":":","before":"","after":"\t\t"},{"index":46,"word":"int","originalText":"int","characterOffsetBegin":236,"characterOffsetEnd":239,"pos":"NN","before":"\t\t","after":" "},{"index":47,"word":"screen_number","originalText":"screen_number","characterOffsetBegin":240,"characterOffsetEnd":253,"pos":"NN","before":" ","after":""},{"index":48,"word":";","originalText":";","characterOffsetBegin":253,"characterOffsetEnd":254,"pos":":","before":"","after":""},{"index":49,"word":"as","originalText":"as","characterOffsetBegin":254,"characterOffsetEnd":256,"pos":"IN","before":"","after":" "},{"index":50,"word":"in","originalText":"in","characterOffsetBegin":257,"characterOffsetEnd":259,"pos":"IN","before":" ","after":"\t"},{"index":51,"word":"XiconifyWindow","originalText":"XiconifyWindow","characterOffsetBegin":260,"characterOffsetEnd":274,"pos":"NNP","before":"\t","after":""},{"index":52,"word":"-LRB-","originalText":"(","characterOffsetBegin":274,"characterOffsetEnd":275,"pos":"-LRB-","before":"","after":" "},{"index":53,"word":"XtDisplay","originalText":"XtDisplay","characterOffsetBegin":276,"characterOffsetEnd":285,"pos":"NNP","before":" ","after":""},{"index":54,"word":"-LRB-","originalText":"(","characterOffsetBegin":285,"characterOffsetEnd":286,"pos":"-LRB-","before":"","after":""},{"index":55,"word":"w","originalText":"w","characterOffsetBegin":286,"characterOffsetEnd":287,"pos":"NN","before":"","after":""},{"index":56,"word":"-RRB-","originalText":")","characterOffsetBegin":287,"characterOffsetEnd":288,"pos":"-RRB-","before":"","after":""},{"index":57,"word":",","originalText":",","characterOffsetBegin":288,"characterOffsetEnd":289,"pos":",","before":"","after":" "},{"index":58,"word":"XtWindow","originalText":"XtWindow","characterOffsetBegin":290,"characterOffsetEnd":298,"pos":"NN","before":" ","after":""},{"index":59,"word":"-LRB-","originalText":"(","characterOffsetBegin":298,"characterOffsetEnd":299,"pos":"-LRB-","before":"","after":""},{"index":60,"word":"w","originalText":"w","characterOffsetBegin":299,"characterOffsetEnd":300,"pos":"NN","before":"","after":""},{"index":61,"word":"-RRB-","originalText":")","characterOffsetBegin":300,"characterOffsetEnd":301,"pos":"-RRB-","before":"","after":""},{"index":62,"word":",","originalText":",","characterOffsetBegin":301,"characterOffsetEnd":302,"pos":",","before":"","after":" "},{"index":63,"word":"0","originalText":"0","characterOffsetBegin":303,"characterOffsetEnd":304,"pos":"CD","before":" ","after":""},{"index":64,"word":"-RRB-","originalText":")","characterOffsetBegin":304,"characterOffsetEnd":305,"pos":"-RRB-","before":"","after":""},{"index":65,"word":";","originalText":";","characterOffsetBegin":305,"characterOffsetEnd":306,"pos":":","before":"","after":""},{"index":66,"word":"does","originalText":"does","characterOffsetBegin":306,"characterOffsetEnd":310,"pos":"VBZ","before":"","after":" "},{"index":67,"word":"that","originalText":"that","characterOffsetBegin":311,"characterOffsetEnd":315,"pos":"IN","before":" ","after":" "},{"index":68,"word":"perform","originalText":"perform","characterOffsetBegin":316,"characterOffsetEnd":323,"pos":"VBP","before":" ","after":" "},{"index":69,"word":"what","originalText":"what","characterOffsetBegin":324,"characterOffsetEnd":328,"pos":"WP","before":" ","after":" "},{"index":70,"word":"you","originalText":"you","characterOffsetBegin":329,"characterOffsetEnd":332,"pos":"PRP","before":" ","after":" "},{"index":71,"word":"want","originalText":"want","characterOffsetBegin":333,"characterOffsetEnd":337,"pos":"VBP","before":" ","after":""},{"index":72,"word":"??","originalText":"??","characterOffsetBegin":337,"characterOffsetEnd":339,"pos":"RB","before":"","after":""}]},{"index":1,"tokens":[{"index":1,"word":"In","originalText":"In","characterOffsetBegin":339,"characterOffsetEnd":341,"pos":"IN","before":"","after":" "},{"index":2,"word":"article","originalText":"article","characterOffsetBegin":342,"characterOffsetEnd":349,"pos":"NN","before":" ","after":" "},{"index":3,"word":"<C5IFJ0.F2u@csn.org>","originalText":"<C5IFJ0.F2u@csn.org>","characterOffsetBegin":350,"characterOffsetEnd":370,"pos":"NN","before":" ","after":" "},{"index":4,"word":"doomer@teal.csn.org","originalText":"doomer@teal.csn.org","characterOffsetBegin":371,"characterOffsetEnd":390,"pos":"NN","before":" ","after":" "},{"index":5,"word":"-LRB-","originalText":"(","characterOffsetBegin":391,"characterOffsetEnd":392,"pos":"-LRB-","before":" ","after":""},{"index":6,"word":"John","originalText":"John","characterOffsetBegin":392,"characterOffsetEnd":396,"pos":"NNP","before":"","after":" "},{"index":7,"word":"Dumais","originalText":"Dumais","characterOffsetBegin":397,"characterOffsetEnd":403,"pos":"NNP","before":" ","after":""},{"index":8,"word":"-RRB-","originalText":")","characterOffsetBegin":403,"characterOffsetEnd":404,"pos":"-RRB-","before":"","after":" "},{"index":9,"word":"writes","originalText":"writes","characterOffsetBegin":405,"characterOffsetEnd":411,"pos":"VBZ","before":" ","after":""},{"index":10,"word":":","originalText":":","characterOffsetBegin":411,"characterOffsetEnd":412,"pos":":","before":"","after":"   "},{"index":11,"word":"Newsgroups","originalText":"Newsgroups","characterOffsetBegin":415,"characterOffsetEnd":425,"pos":"NNS","before":"   ","after":""},{"index":12,"word":":","originalText":":","characterOffsetBegin":425,"characterOffsetEnd":426,"pos":":","before":"","after":" "},{"index":13,"word":"comp.windows.x","originalText":"comp.windows.x","characterOffsetBegin":427,"characterOffsetEnd":441,"pos":"NN","before":" ","after":"   "},{"index":14,"word":"Path","originalText":"Path","characterOffsetBegin":444,"characterOffsetEnd":448,"pos":"NN","before":"   ","after":""},{"index":15,"word":":","originalText":":","characterOffsetBegin":448,"characterOffsetEnd":449,"pos":":","before":"","after":" "},{"index":16,"word":"shearson.com!uupsi!psinntp!uunet!haven.umd.edu!darwin.sura.net!wupost!zaphod.mps.ohio","originalText":"shearson.com!uupsi!psinntp!uunet!haven.umd.edu!darwin.sura.net!wupost!zaphod.mps.ohio","characterOffsetBegin":450,"characterOffsetEnd":535,"pos":"SYM","before":" ","after":""},{"index":17,"word":"-","originalText":"-","characterOffsetBegin":535,"characterOffsetEnd":536,"pos":":","before":"","after":""},{"index":18,"word":"state.edu!magnus.acs.ohio","originalText":"state.edu!magnus.acs.ohio","characterOffsetBegin":536,"characterOffsetEnd":561,"pos":"SYM","before":"","after":""},{"index":19,"word":"-","originalText":"-","characterOffsetBegin":561,"characterOffsetEnd":562,"pos":":","before":"","after":""},{"index":20,"word":"state.edu!csn!teal.csn.org!doomer","originalText":"state.edu!csn!teal.csn.org!doomer","characterOffsetBegin":562,"characterOffsetEnd":595,"pos":"NN","before":"","after":"   "},{"index":21,"word":"From","originalText":"From","characterOffsetBegin":598,"characterOffsetEnd":602,"pos":"IN","before":"   ","after":""},{"index":22,"word":":","originalText":":","characterOffsetBegin":602,"characterOffsetEnd":603,"pos":":","before":"","after":" "},{"index":23,"word":"doomer@teal.csn.org","originalText":"doomer@teal.csn.org","characterOffsetBegin":604,"characterOffsetEnd":623,"pos":"NN","before":" ","after":" "},{"index":24,"word":"-LRB-","originalText":"(","characterOffsetBegin":624,"characterOffsetEnd":625,"pos":"-LRB-","before":" ","after":""},{"index":25,"word":"John","originalText":"John","characterOffsetBegin":625,"characterOffsetEnd":629,"pos":"NNP","before":"","after":" "},{"index":26,"word":"Dumais","originalText":"Dumais","characterOffsetBegin":630,"characterOffsetEnd":636,"pos":"NNP","before":" ","after":""},{"index":27,"word":"-RRB-","originalText":")","characterOffsetBegin":636,"characterOffsetEnd":637,"pos":"-RRB-","before":"","after":"   "},{"index":28,"word":"Sender","originalText":"Sender","characterOffsetBegin":640,"characterOffsetEnd":646,"pos":"NN","before":"   ","after":""},{"index":29,"word":":","originalText":":","characterOffsetBegin":646,"characterOffsetEnd":647,"pos":":","before":"","after":" "},{"index":30,"word":"news@csn.org","originalText":"news@csn.org","characterOffsetBegin":648,"characterOffsetEnd":660,"pos":"NN","before":" ","after":" "},{"index":31,"word":"-LRB-","originalText":"(","characterOffsetBegin":661,"characterOffsetEnd":662,"pos":"-LRB-","before":" ","after":""},{"index":32,"word":"news","originalText":"news","characterOffsetBegin":662,"characterOffsetEnd":666,"pos":"NN","before":"","after":""},{"index":33,"word":"-RRB-","originalText":")","characterOffsetBegin":666,"characterOffsetEnd":667,"pos":"-RRB-","before":"","after":"   "},{"index":34,"word":"Nntp-Posting-Host","originalText":"Nntp-Posting-Host","characterOffsetBegin":670,"characterOffsetEnd":687,"pos":"NN","before":"   ","after":""},{"index":35,"word":":","originalText":":","characterOffsetBegin":687,"characterOffsetEnd":688,"pos":":","before":"","after":" "},{"index":36,"word":"teal.csn.org","originalText":"teal.csn.org","characterOffsetBegin":689,"characterOffsetEnd":701,"pos":"NN","before":" ","after":"   "},{"index":37,"word":"Organization","originalText":"Organization","characterOffsetBegin":704,"characterOffsetEnd":716,"pos":"NNP","before":"   ","after":""},{"index":38,"word":":","originalText":":","characterOffsetBegin":716,"characterOffsetEnd":717,"pos":":","before":"","after":" "},{"index":39,"word":"Colorado","originalText":"Colorado","characterOffsetBegin":718,"characterOffsetEnd":726,"pos":"NNP","before":" ","after":" "},{"index":40,"word":"SuperNet","originalText":"SuperNet","characterOffsetBegin":727,"characterOffsetEnd":735,"pos":"NNP","before":" ","after":""},{"index":41,"word":",","originalText":",","characterOffsetBegin":735,"characterOffsetEnd":736,"pos":",","before":"","after":" "},{"index":42,"word":"Inc.","originalText":"Inc","characterOffsetBegin":737,"characterOffsetEnd":740,"pos":"NNP","before":" ","after":""},{"index":43,"word":".","originalText":".","characterOffsetBegin":740,"characterOffsetEnd":741,"pos":".","before":"","after":"   "}]},{"index":2,"tokens":[{"index":1,"word":"X-Newsreader","originalText":"X-Newsreader","characterOffsetBegin":744,"characterOffsetEnd":756,"pos":"NNP","before":"   ","after":""},{"index":2,"word":":","originalText":":","characterOffsetBegin":756,"characterOffsetEnd":757,"pos":":","before":"","after":" "},{"index":3,"word":"Tin","originalText":"Tin","characterOffsetBegin":758,"characterOffsetEnd":761,"pos":"NN","before":" ","after":" "},{"index":4,"word":"1.1","originalText":"1.1","characterOffsetBegin":762,"characterOffsetEnd":765,"pos":"CD","before":" ","after":" "},{"index":5,"word":"PL4","originalText":"PL4","characterOffsetBegin":766,"characterOffsetEnd":769,"pos":"NN","before":" ","after":"   "},{"index":6,"word":"Date","originalText":"Date","characterOffsetBegin":772,"characterOffsetEnd":776,"pos":"NN","before":"   ","after":""},{"index":7,"word":":","originalText":":","characterOffsetBegin":776,"characterOffsetEnd":777,"pos":":","before":"","after":" "},{"index":8,"word":"Thu","originalText":"Thu","characterOffsetBegin":778,"characterOffsetEnd":781,"pos":"NNP","before":" ","after":""},{"index":9,"word":",","originalText":",","characterOffsetBegin":781,"characterOffsetEnd":782,"pos":",","before":"","after":" "},{"index":10,"word":"15","originalText":"15","characterOffsetBegin":783,"characterOffsetEnd":785,"pos":"CD","before":" ","after":" "},{"index":11,"word":"Apr","originalText":"Apr","characterOffsetBegin":786,"characterOffsetEnd":789,"pos":"NN","before":" ","after":" "},{"index":12,"word":"1993","originalText":"1993","characterOffsetBegin":790,"characterOffsetEnd":794,"pos":"CD","before":" ","after":" "},{"index":13,"word":"05:35:22","originalText":"05:35:22","characterOffsetBegin":795,"characterOffsetEnd":803,"pos":"CD","before":" ","after":" "},{"index":14,"word":"GMT","originalText":"GMT","characterOffsetBegin":804,"characterOffsetEnd":807,"pos":"NNP","before":" ","after":"   "},{"index":15,"word":"Lines","originalText":"Lines","characterOffsetBegin":810,"characterOffsetEnd":815,"pos":"NNPS","before":"   ","after":""},{"index":16,"word":":","originalText":":","characterOffsetBegin":815,"characterOffsetEnd":816,"pos":":","before":"","after":" "},{"index":17,"word":"8","originalText":"8","characterOffsetBegin":817,"characterOffsetEnd":818,"pos":"CD","before":" ","after":"   "},{"index":18,"word":"I","originalText":"I","characterOffsetBegin":821,"characterOffsetEnd":822,"pos":"PRP","before":"   ","after":""},{"index":19,"word":"'ve","originalText":"'ve","characterOffsetBegin":822,"characterOffsetEnd":825,"pos":"VBP","before":"","after":" "},{"index":20,"word":"been","originalText":"been","characterOffsetBegin":826,"characterOffsetEnd":830,"pos":"VBN","before":" ","after":" "},{"index":21,"word":"trying","originalText":"trying","characterOffsetBegin":831,"characterOffsetEnd":837,"pos":"VBG","before":" ","after":" "},{"index":22,"word":"to","originalText":"to","characterOffsetBegin":838,"characterOffsetEnd":840,"pos":"TO","before":" ","after":" "},{"index":23,"word":"figure","originalText":"figure","characterOffsetBegin":841,"characterOffsetEnd":847,"pos":"VB","before":" ","after":" "},{"index":24,"word":"a","originalText":"a","characterOffsetBegin":848,"characterOffsetEnd":849,"pos":"DT","before":" ","after":" "},{"index":25,"word":"way","originalText":"way","characterOffsetBegin":850,"characterOffsetEnd":853,"pos":"NN","before":" ","after":" "},{"index":26,"word":"to","originalText":"to","characterOffsetBegin":854,"characterOffsetEnd":856,"pos":"TO","before":" ","after":" "},{"index":27,"word":"programmatically","originalText":"programmatically","characterOffsetBegin":857,"characterOffsetEnd":873,"pos":"RB","before":" ","after":" "},{"index":28,"word":"iconize","originalText":"iconize","characterOffsetBegin":874,"characterOffsetEnd":881,"pos":"VB","before":" ","after":"    "},{"index":29,"word":"an","originalText":"an","characterOffsetBegin":885,"characterOffsetEnd":887,"pos":"DT","before":"    ","after":" "},{"index":30,"word":"application","originalText":"application","characterOffsetBegin":888,"characterOffsetEnd":899,"pos":"NN","before":" ","after":" "},{"index":31,"word":"running","originalText":"running","characterOffsetBegin":900,"characterOffsetEnd":907,"pos":"VBG","before":" ","after":" "},{"index":32,"word":"under","originalText":"under","characterOffsetBegin":908,"characterOffsetEnd":913,"pos":"IN","before":" ","after":" "},{"index":33,"word":"a","originalText":"a","characterOffsetBegin":914,"characterOffsetEnd":915,"pos":"DT","before":" ","after":" "},{"index":34,"word":"Motif","originalText":"Motif","characterOffsetBegin":916,"characterOffsetEnd":921,"pos":"NN","before":" ","after":" "},{"index":35,"word":"window","originalText":"window","characterOffsetBegin":922,"characterOffsetEnd":928,"pos":"NN","before":" ","after":" "},{"index":36,"word":"manager","originalText":"manager","characterOffsetBegin":929,"characterOffsetEnd":936,"pos":"NN","before":" ","after":""},{"index":37,"word":".","originalText":".","characterOffsetBegin":936,"characterOffsetEnd":937,"pos":".","before":"","after":"  "}]},{"index":3,"tokens":[{"index":1,"word":"I","originalText":"I","characterOffsetBegin":939,"characterOffsetEnd":940,"pos":"PRP","before":"  ","after":" "},{"index":2,"word":"have","originalText":"have","characterOffsetBegin":941,"characterOffsetEnd":945,"pos":"VBP","before":" ","after":" "},{"index":3,"word":"tried","originalText":"tried","characterOffsetBegin":946,"characterOffsetEnd":951,"pos":"VBN","before":" ","after":"   "},{"index":4,"word":"several","originalText":"several","characterOffsetBegin":954,"characterOffsetEnd":961,"pos":"JJ","before":"   ","after":" "},{"index":5,"word":"approaches","originalText":"approaches","characterOffsetBegin":962,"characterOffsetEnd":972,"pos":"NNS","before":" ","after":" "},{"index":6,"word":"includeing","originalText":"includeing","characterOffsetBegin":973,"characterOffsetEnd":983,"pos":"VBG","before":" ","after":" "},{"index":7,"word":"sending","originalText":"sending","characterOffsetBegin":984,"characterOffsetEnd":991,"pos":"VBG","before":" ","after":" "},{"index":8,"word":"events","originalText":"events","characterOffsetBegin":992,"characterOffsetEnd":998,"pos":"NNS","before":" ","after":" "},{"index":9,"word":"to","originalText":"to","characterOffsetBegin":999,"characterOffsetEnd":1001,"pos":"TO","before":" ","after":" "},{"index":10,"word":"the","originalText":"the","characterOffsetBegin":1002,"characterOffsetEnd":1005,"pos":"DT","before":" ","after":" "},{"index":11,"word":"application","originalText":"application","characterOffsetBegin":1006,"characterOffsetEnd":1017,"pos":"NN","before":" ","after":""},{"index":12,"word":"'s","originalText":"'s","characterOffsetBegin":1017,"characterOffsetEnd":1019,"pos":"POS","before":"","after":"   "},{"index":13,"word":"border","originalText":"border","characterOffsetBegin":1022,"characterOffsetEnd":1028,"pos":"NN","before":"   ","after":" "},{"index":14,"word":"window","originalText":"window","characterOffsetBegin":1029,"characterOffsetEnd":1035,"pos":"NN","before":" ","after":""},{"index":15,"word":",","originalText":",","characterOffsetBegin":1035,"characterOffsetEnd":1036,"pos":",","before":"","after":" "},{"index":16,"word":"but","originalText":"but","characterOffsetBegin":1037,"characterOffsetEnd":1040,"pos":"CC","before":" ","after":" "},{"index":17,"word":"to","originalText":"to","characterOffsetBegin":1041,"characterOffsetEnd":1043,"pos":"TO","before":" ","after":" "},{"index":18,"word":"no","originalText":"no","characterOffsetBegin":1044,"characterOffsetEnd":1046,"pos":"DT","before":" ","after":" "},{"index":19,"word":"avail","originalText":"avail","characterOffsetBegin":1047,"characterOffsetEnd":1052,"pos":"NN","before":" ","after":""},{"index":20,"word":"?","originalText":"?","characterOffsetBegin":1052,"characterOffsetEnd":1053,"pos":".","before":"","after":"  "}]},{"index":4,"tokens":[{"index":1,"word":"Anyone","originalText":"Anyone","characterOffsetBegin":1055,"characterOffsetEnd":1061,"pos":"NN","before":"  ","after":" "},{"index":2,"word":"done","originalText":"done","characterOffsetBegin":1062,"characterOffsetEnd":1066,"pos":"VBN","before":" ","after":" "},{"index":3,"word":"this","originalText":"this","characterOffsetBegin":1067,"characterOffsetEnd":1071,"pos":"DT","before":" ","after":" "},{"index":4,"word":"before","originalText":"before","characterOffsetBegin":1072,"characterOffsetEnd":1078,"pos":"IN","before":" ","after":""},{"index":5,"word":"?","originalText":"?","characterOffsetBegin":1078,"characterOffsetEnd":1079,"pos":".","before":"","after":"   "}]},{"index":5,"tokens":[{"index":1,"word":"Thanks","originalText":"Thanks","characterOffsetBegin":1082,"characterOffsetEnd":1088,"pos":"NNS","before":"   ","after":""},{"index":2,"word":",","originalText":",","characterOffsetBegin":1088,"characterOffsetEnd":1089,"pos":",","before":"","after":"   "},{"index":3,"word":"doomer","originalText":"doomer","characterOffsetBegin":1092,"characterOffsetEnd":1098,"pos":"NN","before":"   ","after":" "},{"index":4,"word":"'","originalText":"'","characterOffsetBegin":1099,"characterOffsetEnd":1100,"pos":"''","before":" ","after":""},{"index":5,"word":"85","originalText":"85","characterOffsetBegin":1100,"characterOffsetEnd":1102,"pos":"CD","before":"","after":""},{"index":6,"word":"---------------------------------------------------------------------------------","originalText":"---------------------------------------------------------------------------------","characterOffsetBegin":1102,"characterOffsetEnd":1183,"pos":"CD","before":"","after":""},{"index":7,"word":"Joe","originalText":"Joe","characterOffsetBegin":1183,"characterOffsetEnd":1186,"pos":"NNP","before":"","after":" "},{"index":8,"word":"Bore","originalText":"Bore","characterOffsetBegin":1187,"characterOffsetEnd":1191,"pos":"VBD","before":" ","after":"\t\t\t\t\t "},{"index":9,"word":"|","originalText":"|","characterOffsetBegin":1197,"characterOffsetEnd":1198,"pos":"CD","before":"\t\t\t\t\t ","after":" "},{"index":10,"word":"``","originalText":"\"","characterOffsetBegin":1199,"characterOffsetEnd":1200,"pos":"``","before":" ","after":""},{"index":11,"word":"Life","originalText":"Life","characterOffsetBegin":1200,"characterOffsetEnd":1204,"pos":"NNP","before":"","after":" "},{"index":12,"word":"is","originalText":"is","characterOffsetBegin":1205,"characterOffsetEnd":1207,"pos":"VBZ","before":" ","after":" "},{"index":13,"word":"Short","originalText":"Short","characterOffsetBegin":1208,"characterOffsetEnd":1213,"pos":"JJ","before":" ","after":""},{"index":14,"word":"...","originalText":"...","characterOffsetBegin":1213,"characterOffsetEnd":1216,"pos":":","before":"","after":""},{"index":15,"word":"Code","originalText":"Code","characterOffsetBegin":1216,"characterOffsetEnd":1220,"pos":"NNP","before":"","after":" "},{"index":16,"word":"Hard","originalText":"Hard","characterOffsetBegin":1221,"characterOffsetEnd":1225,"pos":"NNP","before":" ","after":""},{"index":17,"word":"``","originalText":"\"","characterOffsetBegin":1225,"characterOffsetEnd":1226,"pos":"``","before":"","after":""},{"index":18,"word":"jbore@Shearson.COM","originalText":"jbore@Shearson.COM","characterOffsetBegin":1226,"characterOffsetEnd":1244,"pos":"NNP","before":"","after":" "},{"index":19,"word":"|","originalText":"|","characterOffsetBegin":1245,"characterOffsetEnd":1246,"pos":"CD","before":" ","after":" "},{"index":20,"word":"...","originalText":"...","characterOffsetBegin":1247,"characterOffsetEnd":1250,"pos":":","before":" ","after":""},{"index":21,"word":"!","originalText":"!","characterOffsetBegin":1250,"characterOffsetEnd":1251,"pos":".","before":"","after":""}]},{"index":6,"tokens":[{"index":1,"word":"uunet!shearson.com!jbore","originalText":"uunet!shearson.com!jbore","characterOffsetBegin":1251,"characterOffsetEnd":1275,"pos":"NN","before":"","after":""},{"index":2,"word":"|","originalText":"|","characterOffsetBegin":1275,"characterOffsetEnd":1276,"pos":"CD","before":"","after":" "},{"index":3,"word":"-LRB-212-RRB-464-3431","originalText":"(212)464-3431","characterOffsetBegin":1277,"characterOffsetEnd":1290,"pos":"NN","before":" ","after":""},{"index":4,"word":",","originalText":",","characterOffsetBegin":1290,"characterOffsetEnd":1291,"pos":",","before":"","after":" "},{"index":5,"word":"Beeper","originalText":"Beeper","characterOffsetBegin":1292,"characterOffsetEnd":1298,"pos":"NNP","before":" ","after":""},{"index":6,"word":":","originalText":":","characterOffsetBegin":1298,"characterOffsetEnd":1299,"pos":":","before":"","after":"  "},{"index":7,"word":"-LRB-212-RRB-396-4248","originalText":"(212)396-4248","characterOffsetBegin":1301,"characterOffsetEnd":1314,"pos":"CD","before":"  ","after":"\t\t "},{"index":8,"word":"|","originalText":"|","characterOffsetBegin":1317,"characterOffsetEnd":1318,"pos":"CD","before":"\t\t ","after":""}]}]}