{"sentences":[{"index":0,"tokens":[{"index":1,"word":"From","originalText":"From","characterOffsetBegin":0,"characterOffsetEnd":4,"pos":"IN","before":"","after":""},{"index":2,"word":":","originalText":":","characterOffsetBegin":4,"characterOffsetEnd":5,"pos":":","before":"","after":" "},{"index":3,"word":"claes@polaris","originalText":"claes@polaris","characterOffsetBegin":6,"characterOffsetEnd":19,"pos":"NNS","before":" ","after":" "},{"index":4,"word":"-LRB-","originalText":"(","characterOffsetBegin":20,"characterOffsetEnd":21,"pos":"-LRB-","before":" ","after":""},{"index":5,"word":"Heinz-Josef","originalText":"Heinz-Josef","characterOffsetBegin":21,"characterOffsetEnd":32,"pos":"NNP","before":"","after":" "},{"index":6,"word":"Claes","originalText":"Claes","characterOffsetBegin":33,"characterOffsetEnd":38,"pos":"NNP","before":" ","after":""},{"index":7,"word":"-RRB-","originalText":")","characterOffsetBegin":38,"characterOffsetEnd":39,"pos":"-RRB-","before":"","after":""},{"index":8,"word":"Subject","originalText":"Subject","characterOffsetBegin":39,"characterOffsetEnd":46,"pos":"NNP","before":"","after":""},{"index":9,"word":":","originalText":":","characterOffsetBegin":46,"characterOffsetEnd":47,"pos":":","before":"","after":" "},{"index":10,"word":"german","originalText":"german","characterOffsetBegin":48,"characterOffsetEnd":54,"pos":"JJ","before":" ","after":" "},{"index":11,"word":"keyboard","originalText":"keyboard","characterOffsetBegin":55,"characterOffsetEnd":63,"pos":"NN","before":" ","after":""},{"index":12,"word":",","originalText":",","characterOffsetBegin":63,"characterOffsetEnd":64,"pos":",","before":"","after":" "},{"index":13,"word":"X11R5","originalText":"X11R5","characterOffsetBegin":65,"characterOffsetEnd":70,"pos":"NN","before":" ","after":" "},{"index":14,"word":"and","originalText":"and","characterOffsetBegin":71,"characterOffsetEnd":74,"pos":"CC","before":" ","after":" "},{"index":15,"word":"SparcI","originalText":"SparcI","characterOffsetBegin":75,"characterOffsetEnd":81,"pos":"NN","before":" ","after":" "},{"index":16,"word":"have","originalText":"have","characterOffsetBegin":82,"characterOffsetEnd":86,"pos":"VBP","before":" ","after":" "},{"index":17,"word":"a","originalText":"a","characterOffsetBegin":87,"characterOffsetEnd":88,"pos":"DT","before":" ","after":" "},{"index":18,"word":"Sparc","originalText":"Sparc","characterOffsetBegin":89,"characterOffsetEnd":94,"pos":"NNP","before":" ","after":""},{"index":19,"word":"-LSB-","originalText":"[","characterOffsetBegin":94,"characterOffsetEnd":95,"pos":"-LRB-","before":"","after":""},{"index":20,"word":"12","originalText":"12","characterOffsetBegin":95,"characterOffsetEnd":97,"pos":"CD","before":"","after":""},{"index":21,"word":"-RSB-","originalText":"]","characterOffsetBegin":97,"characterOffsetEnd":98,"pos":"-RRB-","before":"","after":" "},{"index":22,"word":"with","originalText":"with","characterOffsetBegin":99,"characterOffsetEnd":103,"pos":"IN","before":" ","after":" "},{"index":23,"word":"a","originalText":"a","characterOffsetBegin":104,"characterOffsetEnd":105,"pos":"DT","before":" ","after":" "},{"index":24,"word":"german","originalText":"german","characterOffsetBegin":106,"characterOffsetEnd":112,"pos":"JJ","before":" ","after":" "},{"index":25,"word":"type","originalText":"type","characterOffsetBegin":113,"characterOffsetEnd":117,"pos":"NN","before":" ","after":" "},{"index":26,"word":"4","originalText":"4","characterOffsetBegin":118,"characterOffsetEnd":119,"pos":"CD","before":" ","after":" "},{"index":27,"word":"keyboard.Has","originalText":"keyboard.Has","characterOffsetBegin":120,"characterOffsetEnd":132,"pos":"NNS","before":" ","after":" "},{"index":28,"word":"anybody","originalText":"anybody","characterOffsetBegin":133,"characterOffsetEnd":140,"pos":"NN","before":" ","after":" "},{"index":29,"word":"a","originalText":"a","characterOffsetBegin":141,"characterOffsetEnd":142,"pos":"DT","before":" ","after":" "},{"index":30,"word":"Patch","originalText":"Patch","characterOffsetBegin":143,"characterOffsetEnd":148,"pos":"NNP","before":" ","after":" "},{"index":31,"word":"for","originalText":"for","characterOffsetBegin":149,"characterOffsetEnd":152,"pos":"IN","before":" ","after":" "},{"index":32,"word":"X11R5?Thanks","originalText":"X11R5?Thanks","characterOffsetBegin":153,"characterOffsetEnd":165,"pos":"NNPS","before":" ","after":" "},{"index":33,"word":"in","originalText":"in","characterOffsetBegin":166,"characterOffsetEnd":168,"pos":"IN","before":" ","after":" "},{"index":34,"word":"advanceHeinz-Josef","originalText":"advanceHeinz-Josef","characterOffsetBegin":169,"characterOffsetEnd":187,"pos":"JJ","before":" ","after":" "},{"index":35,"word":"Claesemail","originalText":"Claesemail","characterOffsetBegin":188,"characterOffsetEnd":198,"pos":"NN","before":" ","after":""},{"index":36,"word":":","originalText":":","characterOffsetBegin":198,"characterOffsetEnd":199,"pos":":","before":"","after":" "},{"index":37,"word":"claes@tigger.turbo.uni-essen.de","originalText":"claes@tigger.turbo.uni-essen.de","characterOffsetBegin":200,"characterOffsetEnd":231,"pos":"NN","before":" ","after":""}]}]}