{"sentences":[{"index":0,"tokens":[{"index":1,"word":"From","originalText":"From","characterOffsetBegin":0,"characterOffsetEnd":4,"pos":"IN","before":"","after":""},{"index":2,"word":":","originalText":":","characterOffsetBegin":4,"characterOffsetEnd":5,"pos":":","before":"","after":" "},{"index":3,"word":"kssingvo@immd4.informatik.uni-erlangen.de","originalText":"kssingvo@immd4.informatik.uni-erlangen.de","characterOffsetBegin":6,"characterOffsetEnd":47,"pos":"NN","before":" ","after":" "},{"index":4,"word":"-LRB-","originalText":"(","characterOffsetBegin":48,"characterOffsetEnd":49,"pos":"-LRB-","before":" ","after":""},{"index":5,"word":"Klaus","originalText":"Klaus","characterOffsetBegin":49,"characterOffsetEnd":54,"pos":"NNP","before":"","after":" "},{"index":6,"word":"Singvogel","originalText":"Singvogel","characterOffsetBegin":55,"characterOffsetEnd":64,"pos":"NNP","before":" ","after":""},{"index":7,"word":"-RRB-","originalText":")","characterOffsetBegin":64,"characterOffsetEnd":65,"pos":"-RRB-","before":"","after":""},{"index":8,"word":"Subject","originalText":"Subject","characterOffsetBegin":65,"characterOffsetEnd":72,"pos":"NNP","before":"","after":""},{"index":9,"word":":","originalText":":","characterOffsetBegin":72,"characterOffsetEnd":73,"pos":":","before":"","after":" "},{"index":10,"word":"xswarm","originalText":"xswarm","characterOffsetBegin":74,"characterOffsetEnd":80,"pos":"NN","before":" ","after":" "},{"index":11,"word":"enhancement?Has","originalText":"enhancement?Has","characterOffsetBegin":81,"characterOffsetEnd":96,"pos":"NN","before":" ","after":" "},{"index":12,"word":"anybody","originalText":"anybody","characterOffsetBegin":97,"characterOffsetEnd":104,"pos":"NN","before":" ","after":" "},{"index":13,"word":"the","originalText":"the","characterOffsetBegin":105,"characterOffsetEnd":108,"pos":"DT","before":" ","after":" "},{"index":14,"word":"xswarm","originalText":"xswarm","characterOffsetBegin":109,"characterOffsetEnd":115,"pos":"NN","before":" ","after":" "},{"index":15,"word":"enhacemened","originalText":"enhacemened","characterOffsetBegin":116,"characterOffsetEnd":127,"pos":"VBD","before":" ","after":" "},{"index":16,"word":"to","originalText":"to","characterOffsetBegin":128,"characterOffsetEnd":130,"pos":"TO","before":" ","after":" "},{"index":17,"word":"use","originalText":"use","characterOffsetBegin":131,"characterOffsetEnd":134,"pos":"VB","before":" ","after":" "},{"index":18,"word":"it","originalText":"it","characterOffsetBegin":135,"characterOffsetEnd":137,"pos":"PRP","before":" ","after":" "},{"index":19,"word":"with","originalText":"with","characterOffsetBegin":138,"characterOffsetEnd":142,"pos":"IN","before":" ","after":" "},{"index":20,"word":"more","originalText":"more","characterOffsetBegin":143,"characterOffsetEnd":147,"pos":"JJR","before":" ","after":" "},{"index":21,"word":"than","originalText":"than","characterOffsetBegin":148,"characterOffsetEnd":152,"pos":"IN","before":" ","after":" "},{"index":22,"word":"one","originalText":"one","characterOffsetBegin":153,"characterOffsetEnd":156,"pos":"CD","before":" ","after":" "},{"index":23,"word":"wasp?Please","originalText":"wasp?Please","characterOffsetBegin":157,"characterOffsetEnd":168,"pos":"NN","before":" ","after":" "},{"index":24,"word":"E-Mail","originalText":"E-Mail","characterOffsetBegin":169,"characterOffsetEnd":175,"pos":"NN","before":" ","after":" "},{"index":25,"word":"me","originalText":"me","characterOffsetBegin":176,"characterOffsetEnd":178,"pos":"PRP","before":" ","after":""},{"index":26,"word":",","originalText":",","characterOffsetBegin":178,"characterOffsetEnd":179,"pos":",","before":"","after":" "},{"index":27,"word":"because","originalText":"because","characterOffsetBegin":180,"characterOffsetEnd":187,"pos":"IN","before":" ","after":" "},{"index":28,"word":"I","originalText":"I","characterOffsetBegin":188,"characterOffsetEnd":189,"pos":"PRP","before":" ","after":" "},{"index":29,"word":"do","originalText":"do","characterOffsetBegin":190,"characterOffsetEnd":192,"pos":"VBP","before":" ","after":""},{"index":30,"word":"n't","originalText":"n't","characterOffsetBegin":192,"characterOffsetEnd":195,"pos":"RB","before":"","after":" "},{"index":31,"word":"read","originalText":"read","characterOffsetBegin":196,"characterOffsetEnd":200,"pos":"VB","before":" ","after":" "},{"index":32,"word":"this","originalText":"this","characterOffsetBegin":201,"characterOffsetEnd":205,"pos":"DT","before":" ","after":" "},{"index":33,"word":"group","originalText":"group","characterOffsetBegin":206,"characterOffsetEnd":211,"pos":"NN","before":" ","after":" "},{"index":34,"word":"any","originalText":"any","characterOffsetBegin":212,"characterOffsetEnd":215,"pos":"DT","before":" ","after":" "},{"index":35,"word":"longer.Thanks","originalText":"longer.Thanks","characterOffsetBegin":216,"characterOffsetEnd":229,"pos":"NNPS","before":" ","after":" "},{"index":36,"word":"in","originalText":"in","characterOffsetBegin":230,"characterOffsetEnd":232,"pos":"IN","before":" ","after":" "},{"index":37,"word":"advance","originalText":"advance","characterOffsetBegin":233,"characterOffsetEnd":240,"pos":"NN","before":" ","after":""},{"index":38,"word":",","originalText":",","characterOffsetBegin":240,"characterOffsetEnd":241,"pos":",","before":"","after":"\t"},{"index":39,"word":"Klaus","originalText":"Klaus","characterOffsetBegin":242,"characterOffsetEnd":247,"pos":"NNP","before":"\t","after":""},{"index":40,"word":".","originalText":".","characterOffsetBegin":247,"characterOffsetEnd":248,"pos":".","before":"","after":""}]},{"index":1,"tokens":[{"index":1,"word":"--","originalText":"---","characterOffsetBegin":248,"characterOffsetEnd":251,"pos":":","before":"","after":""},{"index":2,"word":"Klaus","originalText":"Klaus","characterOffsetBegin":251,"characterOffsetEnd":256,"pos":"NNP","before":"","after":" "},{"index":3,"word":"Singvogel","originalText":"Singvogel","characterOffsetBegin":257,"characterOffsetEnd":266,"pos":"NNP","before":" ","after":"   "},{"index":4,"word":"--","originalText":"---","characterOffsetBegin":269,"characterOffsetEnd":272,"pos":":","before":"   ","after":"   "},{"index":5,"word":"E-Mail","originalText":"E-Mail","characterOffsetBegin":275,"characterOffsetEnd":281,"pos":"NN","before":"   ","after":""},{"index":6,"word":":","originalText":":","characterOffsetBegin":281,"characterOffsetEnd":282,"pos":":","before":"","after":" "},{"index":7,"word":"kssingvo@immd4.informatik.uni-erlangen.de","originalText":"kssingvo@immd4.informatik.uni-erlangen.de","characterOffsetBegin":283,"characterOffsetEnd":324,"pos":"NN","before":" ","after":""}]}]}