{"sentences":[{"index":0,"tokens":[{"index":1,"word":"From","originalText":"From","characterOffsetBegin":0,"characterOffsetEnd":4,"pos":"IN","before":"","after":""},{"index":2,"word":":","originalText":":","characterOffsetBegin":4,"characterOffsetEnd":5,"pos":":","before":"","after":" "},{"index":3,"word":"bm155@cleveland.freenet.edu","originalText":"bm155@cleveland.freenet.edu","characterOffsetBegin":6,"characterOffsetEnd":33,"pos":"NN","before":" ","after":" "},{"index":4,"word":"-LRB-","originalText":"(","characterOffsetBegin":34,"characterOffsetEnd":35,"pos":"-LRB-","before":" ","after":""},{"index":5,"word":"csthomas@gizmonic.UUCP","originalText":"csthomas@gizmonic.UUCP","characterOffsetBegin":35,"characterOffsetEnd":57,"pos":"NN","before":"","after":""},{"index":6,"word":"-RRB-","originalText":")","characterOffsetBegin":57,"characterOffsetEnd":58,"pos":"-RRB-","before":"","after":""},{"index":7,"word":"Subject","originalText":"Subject","characterOffsetBegin":58,"characterOffsetEnd":65,"pos":"NN","before":"","after":""},{"index":8,"word":":","originalText":":","characterOffsetBegin":65,"characterOffsetEnd":66,"pos":":","before":"","after":" "},{"index":9,"word":"xwd","originalText":"xwd","characterOffsetBegin":67,"characterOffsetEnd":70,"pos":"SYM","before":" ","after":""},{"index":10,"word":"-","originalText":"-","characterOffsetBegin":70,"characterOffsetEnd":71,"pos":":","before":"","after":""},{"index":11,"word":">","originalText":">","characterOffsetBegin":71,"characterOffsetEnd":72,"pos":"JJR","before":"","after":""},{"index":12,"word":"gif","originalText":"gif","characterOffsetBegin":72,"characterOffsetEnd":75,"pos":"NN","before":"","after":" "},{"index":13,"word":"conversionsHello","originalText":"conversionsHello","characterOffsetBegin":76,"characterOffsetEnd":92,"pos":"NN","before":" ","after":""},{"index":14,"word":",","originalText":",","characterOffsetBegin":92,"characterOffsetEnd":93,"pos":",","before":"","after":""},{"index":15,"word":"Anyone","originalText":"Anyone","characterOffsetBegin":93,"characterOffsetEnd":99,"pos":"NN","before":"","after":" "},{"index":16,"word":"know","originalText":"know","characterOffsetBegin":100,"characterOffsetEnd":104,"pos":"VB","before":" ","after":" "},{"index":17,"word":"of","originalText":"of","characterOffsetBegin":105,"characterOffsetEnd":107,"pos":"IN","before":" ","after":" "},{"index":18,"word":"any","originalText":"any","characterOffsetBegin":108,"characterOffsetEnd":111,"pos":"DT","before":" ","after":" "},{"index":19,"word":"source","originalText":"source","characterOffsetBegin":112,"characterOffsetEnd":118,"pos":"NN","before":" ","after":" "},{"index":20,"word":"code","originalText":"code","characterOffsetBegin":119,"characterOffsetEnd":123,"pos":"NN","before":" ","after":" "},{"index":21,"word":"I","originalText":"I","characterOffsetBegin":124,"characterOffsetEnd":125,"pos":"PRP","before":" ","after":" "},{"index":22,"word":"can","originalText":"can","characterOffsetBegin":126,"characterOffsetEnd":129,"pos":"MD","before":" ","after":" "},{"index":23,"word":"get","originalText":"get","characterOffsetBegin":130,"characterOffsetEnd":133,"pos":"VB","before":" ","after":" "},{"index":24,"word":"to","originalText":"to","characterOffsetBegin":134,"characterOffsetEnd":136,"pos":"TO","before":" ","after":" "},{"index":25,"word":"either","originalText":"either","characterOffsetBegin":137,"characterOffsetEnd":143,"pos":"CC","before":" ","after":" "},{"index":26,"word":"create","originalText":"create","characterOffsetBegin":144,"characterOffsetEnd":150,"pos":"VB","before":" ","after":" "},{"index":27,"word":"window","originalText":"window","characterOffsetBegin":151,"characterOffsetEnd":157,"pos":"NN","before":" ","after":" "},{"index":28,"word":"dumps","originalText":"dumps","characterOffsetBegin":158,"characterOffsetEnd":163,"pos":"VBZ","before":" ","after":" "},{"index":29,"word":"in","originalText":"in","characterOffsetBegin":164,"characterOffsetEnd":166,"pos":"IN","before":" ","after":" "},{"index":30,"word":"GIF","originalText":"GIF","characterOffsetBegin":167,"characterOffsetEnd":170,"pos":"NN","before":" ","after":" "},{"index":31,"word":"format","originalText":"format","characterOffsetBegin":171,"characterOffsetEnd":177,"pos":"NN","before":" ","after":""},{"index":32,"word":",","originalText":",","characterOffsetBegin":177,"characterOffsetEnd":178,"pos":",","before":"","after":" "},{"index":33,"word":"or","originalText":"or","characterOffsetBegin":179,"characterOffsetEnd":181,"pos":"CC","before":" ","after":" "},{"index":34,"word":"convert","originalText":"convert","characterOffsetBegin":182,"characterOffsetEnd":189,"pos":"VB","before":" ","after":" "},{"index":35,"word":"an","originalText":"an","characterOffsetBegin":190,"characterOffsetEnd":192,"pos":"DT","before":" ","after":" "},{"index":36,"word":"XWD","originalText":"XWD","characterOffsetBegin":193,"characterOffsetEnd":196,"pos":"NN","before":" ","after":" "},{"index":37,"word":"-LRB-","originalText":"(","characterOffsetBegin":197,"characterOffsetEnd":198,"pos":"-LRB-","before":" ","after":""},{"index":38,"word":"x","originalText":"x","characterOffsetBegin":198,"characterOffsetEnd":199,"pos":"NN","before":"","after":" "},{"index":39,"word":"window","originalText":"window","characterOffsetBegin":200,"characterOffsetEnd":206,"pos":"NN","before":" ","after":" "},{"index":40,"word":"dump","originalText":"dump","characterOffsetBegin":207,"characterOffsetEnd":211,"pos":"NN","before":" ","after":""},{"index":41,"word":"-RRB-","originalText":")","characterOffsetBegin":211,"characterOffsetEnd":212,"pos":"-RRB-","before":"","after":" "},{"index":42,"word":"file","originalText":"file","characterOffsetBegin":213,"characterOffsetEnd":217,"pos":"NN","before":" ","after":" "},{"index":43,"word":"into","originalText":"into","characterOffsetBegin":218,"characterOffsetEnd":222,"pos":"IN","before":" ","after":" "},{"index":44,"word":"a","originalText":"a","characterOffsetBegin":223,"characterOffsetEnd":224,"pos":"DT","before":" ","after":" "},{"index":45,"word":"GIF","originalText":"GIF","characterOffsetBegin":225,"characterOffsetEnd":228,"pos":"NN","before":" ","after":""},{"index":46,"word":"?","originalText":"?","characterOffsetBegin":228,"characterOffsetEnd":229,"pos":".","before":"","after":" "}]},{"index":1,"tokens":[{"index":1,"word":"Really","originalText":"Really","characterOffsetBegin":230,"characterOffsetEnd":236,"pos":"RB","before":" ","after":" "},{"index":2,"word":"could","originalText":"could","characterOffsetBegin":237,"characterOffsetEnd":242,"pos":"MD","before":" ","after":" "},{"index":3,"word":"be","originalText":"be","characterOffsetBegin":243,"characterOffsetEnd":245,"pos":"VB","before":" ","after":" "},{"index":4,"word":"any","originalText":"any","characterOffsetBegin":246,"characterOffsetEnd":249,"pos":"DT","before":" ","after":" "},{"index":5,"word":"format","originalText":"format","characterOffsetBegin":250,"characterOffsetEnd":256,"pos":"NN","before":" ","after":" "},{"index":6,"word":"I","originalText":"I","characterOffsetBegin":257,"characterOffsetEnd":258,"pos":"PRP","before":" ","after":" "},{"index":7,"word":"can","originalText":"can","characterOffsetBegin":259,"characterOffsetEnd":262,"pos":"MD","before":" ","after":" "},{"index":8,"word":"manipulate","originalText":"manipulate","characterOffsetBegin":263,"characterOffsetEnd":273,"pos":"VB","before":" ","after":" "},{"index":9,"word":"in","originalText":"in","characterOffsetBegin":274,"characterOffsetEnd":276,"pos":"IN","before":" ","after":" "},{"index":10,"word":"DOS","originalText":"DOS","characterOffsetBegin":277,"characterOffsetEnd":280,"pos":"NNP","before":" ","after":""},{"index":11,"word":",","originalText":",","characterOffsetBegin":280,"characterOffsetEnd":281,"pos":",","before":"","after":" "},{"index":12,"word":"i.e.","originalText":"i.e.","characterOffsetBegin":282,"characterOffsetEnd":286,"pos":"FW","before":" ","after":" "},{"index":13,"word":"PCX","originalText":"PCX","characterOffsetBegin":287,"characterOffsetEnd":290,"pos":"FW","before":" ","after":""},{"index":14,"word":",","originalText":",","characterOffsetBegin":290,"characterOffsetEnd":291,"pos":",","before":"","after":" "},{"index":15,"word":"BMP","originalText":"BMP","characterOffsetBegin":292,"characterOffsetEnd":295,"pos":"NN","before":" ","after":""},{"index":16,"word":",","originalText":",","characterOffsetBegin":295,"characterOffsetEnd":296,"pos":",","before":"","after":" "},{"index":17,"word":"etc.later,shane---bm155@cleveland.freenet.edu","originalText":"etc.later,shane---bm155@cleveland.freenet.edu","characterOffsetBegin":297,"characterOffsetEnd":342,"pos":"NN","before":" ","after":" "},{"index":18,"word":"-LCB-","originalText":"{","characterOffsetBegin":343,"characterOffsetEnd":344,"pos":"-LRB-","before":" ","after":""},{"index":19,"word":"uucp","originalText":"uucp","characterOffsetBegin":344,"characterOffsetEnd":348,"pos":"NN","before":"","after":""},{"index":20,"word":":","originalText":":","characterOffsetBegin":348,"characterOffsetEnd":349,"pos":":","before":"","after":""},{"index":21,"word":"rutgers!devon!gizmonic!csthomas","originalText":"rutgers!devon!gizmonic!csthomas","characterOffsetBegin":349,"characterOffsetEnd":380,"pos":"NNS","before":"","after":""},{"index":22,"word":"-RCB-","originalText":"}","characterOffsetBegin":380,"characterOffsetEnd":381,"pos":"-RRB-","before":"","after":""},{"index":23,"word":"``","originalText":"\"","characterOffsetBegin":381,"characterOffsetEnd":382,"pos":"``","before":"","after":""},{"index":24,"word":"God","originalText":"God","characterOffsetBegin":382,"characterOffsetEnd":385,"pos":"NNP","before":"","after":" "},{"index":25,"word":"bless","originalText":"bless","characterOffsetBegin":386,"characterOffsetEnd":391,"pos":"VB","before":" ","after":" "},{"index":26,"word":"those","originalText":"those","characterOffsetBegin":392,"characterOffsetEnd":397,"pos":"DT","before":" ","after":" "},{"index":27,"word":"Pagans","originalText":"Pagans","characterOffsetBegin":398,"characterOffsetEnd":404,"pos":"NNPS","before":" ","after":""},{"index":28,"word":"...","originalText":"...","characterOffsetBegin":404,"characterOffsetEnd":407,"pos":":","before":"","after":""},{"index":29,"word":"''","originalText":"\"","characterOffsetBegin":407,"characterOffsetEnd":408,"pos":"''","before":"","after":" "},{"index":30,"word":"-","originalText":"-","characterOffsetBegin":409,"characterOffsetEnd":410,"pos":":","before":" ","after":" "},{"index":31,"word":"H.","originalText":"H.","characterOffsetBegin":411,"characterOffsetEnd":413,"pos":"NNP","before":" ","after":" "},{"index":32,"word":"Simpson","originalText":"Simpson","characterOffsetBegin":414,"characterOffsetEnd":421,"pos":"NNP","before":" ","after":""}]}]}