{"sentences":[{"index":0,"tokens":[{"index":1,"word":"From","originalText":"From","characterOffsetBegin":0,"characterOffsetEnd":4,"pos":"IN","before":"","after":""},{"index":2,"word":":","originalText":":","characterOffsetBegin":4,"characterOffsetEnd":5,"pos":":","before":"","after":" "},{"index":3,"word":"rgasch@nl.oracle.com","originalText":"rgasch@nl.oracle.com","characterOffsetBegin":6,"characterOffsetEnd":26,"pos":"NN","before":" ","after":" "},{"index":4,"word":"-LRB-","originalText":"(","characterOffsetBegin":27,"characterOffsetEnd":28,"pos":"-LRB-","before":" ","after":""},{"index":5,"word":"Robert","originalText":"Robert","characterOffsetBegin":28,"characterOffsetEnd":34,"pos":"NNP","before":"","after":" "},{"index":6,"word":"Gasch","originalText":"Gasch","characterOffsetBegin":35,"characterOffsetEnd":40,"pos":"NNP","before":" ","after":""},{"index":7,"word":"-RRB-","originalText":")","characterOffsetBegin":40,"characterOffsetEnd":41,"pos":"-RRB-","before":"","after":""},{"index":8,"word":"Subject","originalText":"Subject","characterOffsetBegin":41,"characterOffsetEnd":48,"pos":"NNP","before":"","after":""},{"index":9,"word":":","originalText":":","characterOffsetBegin":48,"characterOffsetEnd":49,"pos":":","before":"","after":" "},{"index":10,"word":"Delayed","originalText":"Delayed","characterOffsetBegin":50,"characterOffsetEnd":57,"pos":"VBN","before":" ","after":" "},{"index":11,"word":"Expose","originalText":"Expose","characterOffsetBegin":58,"characterOffsetEnd":64,"pos":"NN","before":" ","after":" "},{"index":12,"word":"EventsI","originalText":"EventsI","characterOffsetBegin":65,"characterOffsetEnd":72,"pos":"NN","before":" ","after":" "},{"index":13,"word":"posted","originalText":"posted","characterOffsetBegin":73,"characterOffsetEnd":79,"pos":"VBD","before":" ","after":" "},{"index":14,"word":"about","originalText":"about","characterOffsetBegin":80,"characterOffsetEnd":85,"pos":"IN","before":" ","after":" "},{"index":15,"word":"this","originalText":"this","characterOffsetBegin":86,"characterOffsetEnd":90,"pos":"DT","before":" ","after":" "},{"index":16,"word":"a","originalText":"a","characterOffsetBegin":91,"characterOffsetEnd":92,"pos":"DT","before":" ","after":" "},{"index":17,"word":"while","originalText":"while","characterOffsetBegin":93,"characterOffsetEnd":98,"pos":"NN","before":" ","after":" "},{"index":18,"word":"ago","originalText":"ago","characterOffsetBegin":99,"characterOffsetEnd":102,"pos":"RB","before":" ","after":" "},{"index":19,"word":"but","originalText":"but","characterOffsetBegin":103,"characterOffsetEnd":106,"pos":"CC","before":" ","after":" "},{"index":20,"word":"without","originalText":"without","characterOffsetBegin":107,"characterOffsetEnd":114,"pos":"IN","before":" ","after":" "},{"index":21,"word":"code","originalText":"code","characterOffsetBegin":115,"characterOffsetEnd":119,"pos":"NN","before":" ","after":" "},{"index":22,"word":"excerpts","originalText":"excerpts","characterOffsetBegin":120,"characterOffsetEnd":128,"pos":"NNS","before":" ","after":" "},{"index":23,"word":"noone","originalText":"noone","characterOffsetBegin":129,"characterOffsetEnd":134,"pos":"VBP","before":" ","after":" "},{"index":24,"word":"wasable","originalText":"wasable","characterOffsetBegin":135,"characterOffsetEnd":142,"pos":"JJ","before":" ","after":" "},{"index":25,"word":"to","originalText":"to","characterOffsetBegin":143,"characterOffsetEnd":145,"pos":"TO","before":" ","after":" "},{"index":26,"word":"help","originalText":"help","characterOffsetBegin":146,"characterOffsetEnd":150,"pos":"VB","before":" ","after":" "},{"index":27,"word":"me.The","originalText":"me.The","characterOffsetBegin":151,"characterOffsetEnd":157,"pos":"NN","before":" ","after":" "},{"index":28,"word":"problem","originalText":"problem","characterOffsetBegin":158,"characterOffsetEnd":165,"pos":"NN","before":" ","after":" "},{"index":29,"word":"is","originalText":"is","characterOffsetBegin":166,"characterOffsetEnd":168,"pos":"VBZ","before":" ","after":" "},{"index":30,"word":"that","originalText":"that","characterOffsetBegin":169,"characterOffsetEnd":173,"pos":"IN","before":" ","after":" "},{"index":31,"word":"main_win","originalText":"main_win","characterOffsetBegin":174,"characterOffsetEnd":182,"pos":"NN","before":" ","after":""},{"index":32,"word":".","originalText":".","characterOffsetBegin":182,"characterOffsetEnd":183,"pos":".","before":"","after":""}]},{"index":1,"tokens":[{"index":1,"word":"win","originalText":"win","characterOffsetBegin":183,"characterOffsetEnd":186,"pos":"VB","before":"","after":" "},{"index":2,"word":"is","originalText":"is","characterOffsetBegin":187,"characterOffsetEnd":189,"pos":"VBZ","before":" ","after":" "},{"index":3,"word":"doing","originalText":"doing","characterOffsetBegin":190,"characterOffsetEnd":195,"pos":"VBG","before":" ","after":" "},{"index":4,"word":"fine","originalText":"fine","characterOffsetBegin":196,"characterOffsetEnd":200,"pos":"JJ","before":" ","after":""},{"index":5,"word":",","originalText":",","characterOffsetBegin":200,"characterOffsetEnd":201,"pos":",","before":"","after":" "},{"index":6,"word":"but","originalText":"but","characterOffsetBegin":202,"characterOffsetEnd":205,"pos":"CC","before":" ","after":" "},{"index":7,"word":"when","originalText":"when","characterOffsetBegin":206,"characterOffsetEnd":210,"pos":"WRB","before":" ","after":" "},{"index":8,"word":"I","originalText":"I","characterOffsetBegin":211,"characterOffsetEnd":212,"pos":"PRP","before":" ","after":" "},{"index":9,"word":"createdetail_win","originalText":"createdetail_win","characterOffsetBegin":213,"characterOffsetEnd":229,"pos":"VBP","before":" ","after":""},{"index":10,"word":".","originalText":".","characterOffsetBegin":229,"characterOffsetEnd":230,"pos":".","before":"","after":""}]},{"index":2,"tokens":[{"index":1,"word":"win","originalText":"win","characterOffsetBegin":230,"characterOffsetEnd":233,"pos":"VB","before":"","after":""},{"index":2,"word":",","originalText":",","characterOffsetBegin":233,"characterOffsetEnd":234,"pos":",","before":"","after":" "},{"index":3,"word":"it","originalText":"it","characterOffsetBegin":235,"characterOffsetEnd":237,"pos":"PRP","before":" ","after":" "},{"index":4,"word":"does","originalText":"does","characterOffsetBegin":238,"characterOffsetEnd":242,"pos":"VBZ","before":" ","after":" "},{"index":5,"word":"not","originalText":"not","characterOffsetBegin":243,"characterOffsetEnd":246,"pos":"RB","before":" ","after":" "},{"index":6,"word":"receive","originalText":"receive","characterOffsetBegin":247,"characterOffsetEnd":254,"pos":"VB","before":" ","after":" "},{"index":7,"word":"it","originalText":"it","characterOffsetBegin":255,"characterOffsetEnd":257,"pos":"PRP","before":" ","after":""},{"index":8,"word":"'s","originalText":"'s","characterOffsetBegin":257,"characterOffsetEnd":259,"pos":"VBZ","before":"","after":" "},{"index":9,"word":"initial","originalText":"initial","characterOffsetBegin":260,"characterOffsetEnd":267,"pos":"JJ","before":" ","after":" "},{"index":10,"word":"expose","originalText":"expose","characterOffsetBegin":268,"characterOffsetEnd":274,"pos":"VB","before":" ","after":" "},{"index":11,"word":"events","originalText":"events","characterOffsetBegin":275,"characterOffsetEnd":281,"pos":"NNS","before":" ","after":" "},{"index":12,"word":"untilmain_win","originalText":"untilmain_win","characterOffsetBegin":282,"characterOffsetEnd":295,"pos":"JJ","before":" ","after":""},{"index":13,"word":".","originalText":".","characterOffsetBegin":295,"characterOffsetEnd":296,"pos":".","before":"","after":""}]},{"index":3,"tokens":[{"index":1,"word":"win","originalText":"win","characterOffsetBegin":296,"characterOffsetEnd":299,"pos":"VB","before":"","after":" "},{"index":2,"word":"receives","originalText":"receives","characterOffsetBegin":300,"characterOffsetEnd":308,"pos":"VBZ","before":" ","after":" "},{"index":3,"word":"an","originalText":"an","characterOffsetBegin":309,"characterOffsetEnd":311,"pos":"DT","before":" ","after":" "},{"index":4,"word":"event","originalText":"event","characterOffsetBegin":312,"characterOffsetEnd":317,"pos":"NN","before":" ","after":""},{"index":5,"word":".","originalText":".","characterOffsetBegin":317,"characterOffsetEnd":318,"pos":".","before":"","after":" "}]},{"index":4,"tokens":[{"index":1,"word":"Here","originalText":"Here","characterOffsetBegin":319,"characterOffsetEnd":323,"pos":"RB","before":" ","after":" "},{"index":2,"word":"are","originalText":"are","characterOffsetBegin":324,"characterOffsetEnd":327,"pos":"VBP","before":" ","after":" "},{"index":3,"word":"the","originalText":"the","characterOffsetBegin":328,"characterOffsetEnd":331,"pos":"DT","before":" ","after":" "},{"index":4,"word":"relevent","originalText":"relevent","characterOffsetBegin":332,"characterOffsetEnd":340,"pos":"JJ","before":" ","after":" "},{"index":5,"word":"calls","originalText":"calls","characterOffsetBegin":341,"characterOffsetEnd":346,"pos":"NNS","before":" ","after":""},{"index":6,"word":":","originalText":":","characterOffsetBegin":346,"characterOffsetEnd":347,"pos":":","before":"","after":""},{"index":7,"word":"main_win","originalText":"main_win","characterOffsetBegin":347,"characterOffsetEnd":355,"pos":"NN","before":"","after":""},{"index":8,"word":".","originalText":".","characterOffsetBegin":355,"characterOffsetEnd":356,"pos":".","before":"","after":""}]},{"index":5,"tokens":[{"index":1,"word":"win","originalText":"win","characterOffsetBegin":356,"characterOffsetEnd":359,"pos":"VB","before":"","after":" "},{"index":2,"word":"=","originalText":"=","characterOffsetBegin":360,"characterOffsetEnd":361,"pos":"JJ","before":" ","after":" "},{"index":3,"word":"XCreateSimpleWindow","originalText":"XCreateSimpleWindow","characterOffsetBegin":362,"characterOffsetEnd":381,"pos":"NN","before":" ","after":" "},{"index":4,"word":"-LRB-","originalText":"(","characterOffsetBegin":382,"characterOffsetEnd":383,"pos":"-LRB-","before":" ","after":""},{"index":5,"word":"mydisplay","originalText":"mydisplay","characterOffsetBegin":383,"characterOffsetEnd":392,"pos":"NN","before":"","after":""},{"index":6,"word":",","originalText":",","characterOffsetBegin":392,"characterOffsetEnd":393,"pos":",","before":"","after":" "},{"index":7,"word":"DefaultRootWindow","originalText":"DefaultRootWindow","characterOffsetBegin":394,"characterOffsetEnd":411,"pos":"NN","before":" ","after":""},{"index":8,"word":"-LRB-","originalText":"(","characterOffsetBegin":411,"characterOffsetEnd":412,"pos":"-LRB-","before":"","after":""},{"index":9,"word":"mydisplay","originalText":"mydisplay","characterOffsetBegin":412,"characterOffsetEnd":421,"pos":"NN","before":"","after":""},{"index":10,"word":"-RRB-","originalText":")","characterOffsetBegin":421,"characterOffsetEnd":422,"pos":"-RRB-","before":"","after":""},{"index":11,"word":",","originalText":",","characterOffsetBegin":422,"characterOffsetEnd":423,"pos":",","before":"","after":"                "},{"index":12,"word":"myhint.x","originalText":"myhint.x","characterOffsetBegin":439,"characterOffsetEnd":447,"pos":"NN","before":"                ","after":""},{"index":13,"word":",","originalText":",","characterOffsetBegin":447,"characterOffsetEnd":448,"pos":",","before":"","after":" "},{"index":14,"word":"myhint.y","originalText":"myhint.y","characterOffsetBegin":449,"characterOffsetEnd":457,"pos":"NN","before":" ","after":""},{"index":15,"word":",","originalText":",","characterOffsetBegin":457,"characterOffsetEnd":458,"pos":",","before":"","after":" "},{"index":16,"word":"myhint.width","originalText":"myhint.width","characterOffsetBegin":459,"characterOffsetEnd":471,"pos":"NN","before":" ","after":""},{"index":17,"word":",","originalText":",","characterOffsetBegin":471,"characterOffsetEnd":472,"pos":",","before":"","after":" "},{"index":18,"word":"myhint.height","originalText":"myhint.height","characterOffsetBegin":473,"characterOffsetEnd":486,"pos":"NN","before":" ","after":""},{"index":19,"word":",","originalText":",","characterOffsetBegin":486,"characterOffsetEnd":487,"pos":",","before":"","after":"                "},{"index":20,"word":"main_win","originalText":"main_win","characterOffsetBegin":503,"characterOffsetEnd":511,"pos":"NN","before":"                ","after":""},{"index":21,"word":".","originalText":".","characterOffsetBegin":511,"characterOffsetEnd":512,"pos":".","before":"","after":""}]},{"index":6,"tokens":[{"index":1,"word":"line_thick","originalText":"line_thick","characterOffsetBegin":512,"characterOffsetEnd":522,"pos":"NN","before":"","after":""},{"index":2,"word":",","originalText":",","characterOffsetBegin":522,"characterOffsetEnd":523,"pos":",","before":"","after":" "},{"index":3,"word":"fg","originalText":"fg","characterOffsetBegin":524,"characterOffsetEnd":526,"pos":"NN","before":" ","after":""},{"index":4,"word":",","originalText":",","characterOffsetBegin":526,"characterOffsetEnd":527,"pos":",","before":"","after":" "},{"index":5,"word":"bg","originalText":"bg","characterOffsetBegin":528,"characterOffsetEnd":530,"pos":"NN","before":" ","after":""},{"index":6,"word":"-RRB-","originalText":")","characterOffsetBegin":530,"characterOffsetEnd":531,"pos":"-RRB-","before":"","after":""},{"index":7,"word":";","originalText":";","characterOffsetBegin":531,"characterOffsetEnd":532,"pos":":","before":"","after":""},{"index":8,"word":"XSetStandardProperties","originalText":"XSetStandardProperties","characterOffsetBegin":532,"characterOffsetEnd":554,"pos":"NNS","before":"","after":""},{"index":9,"word":"-LRB-","originalText":"(","characterOffsetBegin":554,"characterOffsetEnd":555,"pos":"-LRB-","before":"","after":""},{"index":10,"word":"mydisplay","originalText":"mydisplay","characterOffsetBegin":555,"characterOffsetEnd":564,"pos":"NN","before":"","after":""},{"index":11,"word":",","originalText":",","characterOffsetBegin":564,"characterOffsetEnd":565,"pos":",","before":"","after":" "},{"index":12,"word":"main_win","originalText":"main_win","characterOffsetBegin":566,"characterOffsetEnd":574,"pos":"NN","before":" ","after":""},{"index":13,"word":".","originalText":".","characterOffsetBegin":574,"characterOffsetEnd":575,"pos":".","before":"","after":""}]},{"index":7,"tokens":[{"index":1,"word":"win","originalText":"win","characterOffsetBegin":575,"characterOffsetEnd":578,"pos":"VB","before":"","after":""},{"index":2,"word":",","originalText":",","characterOffsetBegin":578,"characterOffsetEnd":579,"pos":",","before":"","after":" "},{"index":3,"word":"main_win","originalText":"main_win","characterOffsetBegin":580,"characterOffsetEnd":588,"pos":"NN","before":" ","after":""},{"index":4,"word":".","originalText":".","characterOffsetBegin":588,"characterOffsetEnd":589,"pos":".","before":"","after":""}]},{"index":8,"tokens":[{"index":1,"word":"text","originalText":"text","characterOffsetBegin":589,"characterOffsetEnd":593,"pos":"NN","before":"","after":""},{"index":2,"word":",","originalText":",","characterOffsetBegin":593,"characterOffsetEnd":594,"pos":",","before":"","after":"                "},{"index":3,"word":"main_win","originalText":"main_win","characterOffsetBegin":610,"characterOffsetEnd":618,"pos":"NN","before":"                ","after":""},{"index":4,"word":".","originalText":".","characterOffsetBegin":618,"characterOffsetEnd":619,"pos":".","before":"","after":""}]},{"index":9,"tokens":[{"index":1,"word":"text","originalText":"text","characterOffsetBegin":619,"characterOffsetEnd":623,"pos":"NN","before":"","after":""},{"index":2,"word":",","originalText":",","characterOffsetBegin":623,"characterOffsetEnd":624,"pos":",","before":"","after":" "},{"index":3,"word":"None","originalText":"None","characterOffsetBegin":625,"characterOffsetEnd":629,"pos":"NN","before":" ","after":""},{"index":4,"word":",","originalText":",","characterOffsetBegin":629,"characterOffsetEnd":630,"pos":",","before":"","after":" "},{"index":5,"word":"argv","originalText":"argv","characterOffsetBegin":631,"characterOffsetEnd":635,"pos":"NN","before":" ","after":""},{"index":6,"word":",","originalText":",","characterOffsetBegin":635,"characterOffsetEnd":636,"pos":",","before":"","after":" "},{"index":7,"word":"argc","originalText":"argc","characterOffsetBegin":637,"characterOffsetEnd":641,"pos":"NN","before":" ","after":""},{"index":8,"word":",","originalText":",","characterOffsetBegin":641,"characterOffsetEnd":642,"pos":",","before":"","after":" "},{"index":9,"word":"&","originalText":"&","characterOffsetBegin":643,"characterOffsetEnd":644,"pos":"CC","before":" ","after":""},{"index":10,"word":"myhint","originalText":"myhint","characterOffsetBegin":644,"characterOffsetEnd":650,"pos":"NN","before":"","after":""},{"index":11,"word":"-RRB-","originalText":")","characterOffsetBegin":650,"characterOffsetEnd":651,"pos":"-RRB-","before":"","after":""},{"index":12,"word":";","originalText":";","characterOffsetBegin":651,"characterOffsetEnd":652,"pos":":","before":"","after":""},{"index":13,"word":"main_win","originalText":"main_win","characterOffsetBegin":652,"characterOffsetEnd":660,"pos":"NN","before":"","after":""},{"index":14,"word":".","originalText":".","characterOffsetBegin":660,"characterOffsetEnd":661,"pos":".","before":"","after":""}]},{"index":10,"tokens":[{"index":1,"word":"gc","originalText":"gc","characterOffsetBegin":661,"characterOffsetEnd":663,"pos":"NN","before":"","after":" "},{"index":2,"word":"=","originalText":"=","characterOffsetBegin":664,"characterOffsetEnd":665,"pos":"JJ","before":" ","after":" "},{"index":3,"word":"XCreateGC","originalText":"XCreateGC","characterOffsetBegin":666,"characterOffsetEnd":675,"pos":"NN","before":" ","after":" "},{"index":4,"word":"-LRB-","originalText":"(","characterOffsetBegin":676,"characterOffsetEnd":677,"pos":"-LRB-","before":" ","after":""},{"index":5,"word":"mydisplay","originalText":"mydisplay","characterOffsetBegin":677,"characterOffsetEnd":686,"pos":"NN","before":"","after":""},{"index":6,"word":",","originalText":",","characterOffsetBegin":686,"characterOffsetEnd":687,"pos":",","before":"","after":" "},{"index":7,"word":"main_win","originalText":"main_win","characterOffsetBegin":688,"characterOffsetEnd":696,"pos":"NN","before":" ","after":""},{"index":8,"word":".","originalText":".","characterOffsetBegin":696,"characterOffsetEnd":697,"pos":".","before":"","after":""}]},{"index":11,"tokens":[{"index":1,"word":"win","originalText":"win","characterOffsetBegin":697,"characterOffsetEnd":700,"pos":"VB","before":"","after":""},{"index":2,"word":",","originalText":",","characterOffsetBegin":700,"characterOffsetEnd":701,"pos":",","before":"","after":" "},{"index":3,"word":"0","originalText":"0","characterOffsetBegin":702,"characterOffsetEnd":703,"pos":"CD","before":" ","after":""},{"index":4,"word":",","originalText":",","characterOffsetBegin":703,"characterOffsetEnd":704,"pos":",","before":"","after":" "},{"index":5,"word":"0","originalText":"0","characterOffsetBegin":705,"characterOffsetEnd":706,"pos":"CD","before":" ","after":""},{"index":6,"word":"-RRB-","originalText":")","characterOffsetBegin":706,"characterOffsetEnd":707,"pos":"-RRB-","before":"","after":""},{"index":7,"word":";","originalText":";","characterOffsetBegin":707,"characterOffsetEnd":708,"pos":":","before":"","after":""},{"index":8,"word":"XMapRaised","originalText":"XMapRaised","characterOffsetBegin":708,"characterOffsetEnd":718,"pos":"VBN","before":"","after":" "},{"index":9,"word":"-LRB-","originalText":"(","characterOffsetBegin":719,"characterOffsetEnd":720,"pos":"-LRB-","before":" ","after":""},{"index":10,"word":"mydisplay","originalText":"mydisplay","characterOffsetBegin":720,"characterOffsetEnd":729,"pos":"NN","before":"","after":""},{"index":11,"word":",","originalText":",","characterOffsetBegin":729,"characterOffsetEnd":730,"pos":",","before":"","after":" "},{"index":12,"word":"detail_win","originalText":"detail_win","characterOffsetBegin":731,"characterOffsetEnd":741,"pos":"NN","before":" ","after":""},{"index":13,"word":".","originalText":".","characterOffsetBegin":741,"characterOffsetEnd":742,"pos":".","before":"","after":""}]},{"index":12,"tokens":[{"index":1,"word":"win","originalText":"win","characterOffsetBegin":742,"characterOffsetEnd":745,"pos":"VB","before":"","after":""},{"index":2,"word":"-RRB-","originalText":")","characterOffsetBegin":745,"characterOffsetEnd":746,"pos":"-RRB-","before":"","after":""},{"index":3,"word":";","originalText":";","characterOffsetBegin":746,"characterOffsetEnd":747,"pos":":","before":"","after":""},{"index":4,"word":"XMapSubwindows","originalText":"XMapSubwindows","characterOffsetBegin":747,"characterOffsetEnd":761,"pos":"NNS","before":"","after":" "},{"index":5,"word":"-LRB-","originalText":"(","characterOffsetBegin":762,"characterOffsetEnd":763,"pos":"-LRB-","before":" ","after":""},{"index":6,"word":"mydisplay","originalText":"mydisplay","characterOffsetBegin":763,"characterOffsetEnd":772,"pos":"NN","before":"","after":""},{"index":7,"word":",","originalText":",","characterOffsetBegin":772,"characterOffsetEnd":773,"pos":",","before":"","after":" "},{"index":8,"word":"main_win","originalText":"main_win","characterOffsetBegin":774,"characterOffsetEnd":782,"pos":"NN","before":" ","after":""},{"index":9,"word":".","originalText":".","characterOffsetBegin":782,"characterOffsetEnd":783,"pos":".","before":"","after":""}]},{"index":13,"tokens":[{"index":1,"word":"win","originalText":"win","characterOffsetBegin":783,"characterOffsetEnd":786,"pos":"VB","before":"","after":""},{"index":2,"word":"-RRB-","originalText":")","characterOffsetBegin":786,"characterOffsetEnd":787,"pos":"-RRB-","before":"","after":""},{"index":3,"word":";","originalText":";","characterOffsetBegin":787,"characterOffsetEnd":788,"pos":":","before":"","after":""},{"index":4,"word":"The","originalText":"The","characterOffsetBegin":788,"characterOffsetEnd":791,"pos":"DT","before":"","after":" "},{"index":5,"word":"event","originalText":"event","characterOffsetBegin":792,"characterOffsetEnd":797,"pos":"NN","before":" ","after":" "},{"index":6,"word":"mask","originalText":"mask","characterOffsetBegin":798,"characterOffsetEnd":802,"pos":"NN","before":" ","after":" "},{"index":7,"word":"for","originalText":"for","characterOffsetBegin":803,"characterOffsetEnd":806,"pos":"IN","before":" ","after":" "},{"index":8,"word":"main_win","originalText":"main_win","characterOffsetBegin":807,"characterOffsetEnd":815,"pos":"NN","before":" ","after":" "},{"index":9,"word":"is","originalText":"is","characterOffsetBegin":816,"characterOffsetEnd":818,"pos":"VBZ","before":" ","after":""},{"index":10,"word":":","originalText":":","characterOffsetBegin":818,"characterOffsetEnd":819,"pos":":","before":"","after":"        "},{"index":11,"word":"PPosition","originalText":"PPosition","characterOffsetBegin":827,"characterOffsetEnd":836,"pos":"NN","before":"        ","after":" "},{"index":12,"word":"|","originalText":"|","characterOffsetBegin":837,"characterOffsetEnd":838,"pos":"CD","before":" ","after":" "},{"index":13,"word":"PSize","originalText":"PSize","characterOffsetBegin":839,"characterOffsetEnd":844,"pos":"NN","before":" ","after":" "},{"index":14,"word":"|","originalText":"|","characterOffsetBegin":845,"characterOffsetEnd":846,"pos":"CD","before":" ","after":" "},{"index":15,"word":"StructureNotifyMask","originalText":"StructureNotifyMask","characterOffsetBegin":847,"characterOffsetEnd":866,"pos":"NNP","before":" ","after":" "},{"index":16,"word":"|","originalText":"|","characterOffsetBegin":867,"characterOffsetEnd":868,"pos":"CD","before":" ","after":" "},{"index":17,"word":"ExposureMask","originalText":"ExposureMask","characterOffsetBegin":869,"characterOffsetEnd":881,"pos":"NNP","before":" ","after":""},{"index":18,"word":"|","originalText":"|","characterOffsetBegin":881,"characterOffsetEnd":882,"pos":"CD","before":"","after":" "},{"index":19,"word":"KeyPressMask","originalText":"KeyPressMask","characterOffsetBegin":883,"characterOffsetEnd":895,"pos":"NNP","before":" ","after":" "},{"index":20,"word":"|","originalText":"|","characterOffsetBegin":896,"characterOffsetEnd":897,"pos":"CD","before":" ","after":"        "},{"index":21,"word":"EnterWindowMask","originalText":"EnterWindowMask","characterOffsetBegin":905,"characterOffsetEnd":920,"pos":"NNP","before":"        ","after":" "},{"index":22,"word":"|","originalText":"|","characterOffsetBegin":921,"characterOffsetEnd":922,"pos":"CD","before":" ","after":" "},{"index":23,"word":"LeaveWindowMask","originalText":"LeaveWindowMask","characterOffsetBegin":923,"characterOffsetEnd":938,"pos":"NNP","before":" ","after":""},{"index":24,"word":";","originalText":";","characterOffsetBegin":938,"characterOffsetEnd":939,"pos":":","before":"","after":""},{"index":25,"word":"The","originalText":"The","characterOffsetBegin":939,"characterOffsetEnd":942,"pos":"DT","before":"","after":" "},{"index":26,"word":"flags","originalText":"flags","characterOffsetBegin":943,"characterOffsetEnd":948,"pos":"NNS","before":" ","after":" "},{"index":27,"word":"are","originalText":"are","characterOffsetBegin":949,"characterOffsetEnd":952,"pos":"VBP","before":" ","after":"        "},{"index":28,"word":"PPosition","originalText":"PPosition","characterOffsetBegin":960,"characterOffsetEnd":969,"pos":"NNP","before":"        ","after":" "},{"index":29,"word":"|","originalText":"|","characterOffsetBegin":970,"characterOffsetEnd":971,"pos":"CD","before":" ","after":" "},{"index":30,"word":"PSizeI","originalText":"PSizeI","characterOffsetBegin":972,"characterOffsetEnd":978,"pos":"NN","before":" ","after":" "},{"index":31,"word":"then","originalText":"then","characterOffsetBegin":979,"characterOffsetEnd":983,"pos":"RB","before":" ","after":" "},{"index":32,"word":"create","originalText":"create","characterOffsetBegin":984,"characterOffsetEnd":990,"pos":"VB","before":" ","after":" "},{"index":33,"word":"detail_win","originalText":"detail_win","characterOffsetBegin":991,"characterOffsetEnd":1001,"pos":"NN","before":" ","after":""},{"index":34,"word":".","originalText":".","characterOffsetBegin":1001,"characterOffsetEnd":1002,"pos":".","before":"","after":""}]},{"index":14,"tokens":[{"index":1,"word":"win","originalText":"win","characterOffsetBegin":1002,"characterOffsetEnd":1005,"pos":"VB","before":"","after":" "},{"index":2,"word":"with","originalText":"with","characterOffsetBegin":1006,"characterOffsetEnd":1010,"pos":"IN","before":" ","after":" "},{"index":3,"word":"the","originalText":"the","characterOffsetBegin":1011,"characterOffsetEnd":1014,"pos":"DT","before":" ","after":" "},{"index":4,"word":"following","originalText":"following","characterOffsetBegin":1015,"characterOffsetEnd":1024,"pos":"VBG","before":" ","after":" "},{"index":5,"word":"calls","originalText":"calls","characterOffsetBegin":1025,"characterOffsetEnd":1030,"pos":"NNS","before":" ","after":" "},{"index":6,"word":"-LRB-","originalText":"(","characterOffsetBegin":1031,"characterOffsetEnd":1032,"pos":"-LRB-","before":" ","after":""},{"index":7,"word":"hints","originalText":"hints","characterOffsetBegin":1032,"characterOffsetEnd":1037,"pos":"NNS","before":"","after":" "},{"index":8,"word":"has","originalText":"has","characterOffsetBegin":1038,"characterOffsetEnd":1041,"pos":"VBZ","before":" ","after":" "},{"index":9,"word":"new","originalText":"new","characterOffsetBegin":1042,"characterOffsetEnd":1045,"pos":"JJ","before":" ","after":" "},{"index":10,"word":"values","originalText":"values","characterOffsetBegin":1046,"characterOffsetEnd":1052,"pos":"NNS","before":" ","after":""},{"index":11,"word":"-RRB-","originalText":")","characterOffsetBegin":1052,"characterOffsetEnd":1053,"pos":"-RRB-","before":"","after":""},{"index":12,"word":":","originalText":":","characterOffsetBegin":1053,"characterOffsetEnd":1054,"pos":":","before":"","after":""},{"index":13,"word":"detail_win","originalText":"detail_win","characterOffsetBegin":1054,"characterOffsetEnd":1064,"pos":"NN","before":"","after":""},{"index":14,"word":".","originalText":".","characterOffsetBegin":1064,"characterOffsetEnd":1065,"pos":".","before":"","after":""}]},{"index":15,"tokens":[{"index":1,"word":"win","originalText":"win","characterOffsetBegin":1065,"characterOffsetEnd":1068,"pos":"VB","before":"","after":" "},{"index":2,"word":"=","originalText":"=","characterOffsetBegin":1069,"characterOffsetEnd":1070,"pos":"JJ","before":" ","after":" "},{"index":3,"word":"XCreateSimpleWindow","originalText":"XCreateSimpleWindow","characterOffsetBegin":1071,"characterOffsetEnd":1090,"pos":"NN","before":" ","after":" "},{"index":4,"word":"-LRB-","originalText":"(","characterOffsetBegin":1091,"characterOffsetEnd":1092,"pos":"-LRB-","before":" ","after":""},{"index":5,"word":"mydisplay","originalText":"mydisplay","characterOffsetBegin":1092,"characterOffsetEnd":1101,"pos":"NN","before":"","after":""},{"index":6,"word":",","originalText":",","characterOffsetBegin":1101,"characterOffsetEnd":1102,"pos":",","before":"","after":" "},{"index":7,"word":"DefaultRootWindow","originalText":"DefaultRootWindow","characterOffsetBegin":1103,"characterOffsetEnd":1120,"pos":"NN","before":" ","after":""},{"index":8,"word":"-LRB-","originalText":"(","characterOffsetBegin":1120,"characterOffsetEnd":1121,"pos":"-LRB-","before":"","after":""},{"index":9,"word":"mydisplay","originalText":"mydisplay","characterOffsetBegin":1121,"characterOffsetEnd":1130,"pos":"NN","before":"","after":""},{"index":10,"word":"-RRB-","originalText":")","characterOffsetBegin":1130,"characterOffsetEnd":1131,"pos":"-RRB-","before":"","after":""},{"index":11,"word":",","originalText":",","characterOffsetBegin":1131,"characterOffsetEnd":1132,"pos":",","before":"","after":"                "},{"index":12,"word":"myhint.x","originalText":"myhint.x","characterOffsetBegin":1148,"characterOffsetEnd":1156,"pos":"NN","before":"                ","after":""},{"index":13,"word":",","originalText":",","characterOffsetBegin":1156,"characterOffsetEnd":1157,"pos":",","before":"","after":" "},{"index":14,"word":"myhint.y","originalText":"myhint.y","characterOffsetBegin":1158,"characterOffsetEnd":1166,"pos":"NN","before":" ","after":""},{"index":15,"word":",","originalText":",","characterOffsetBegin":1166,"characterOffsetEnd":1167,"pos":",","before":"","after":" "},{"index":16,"word":"myhint.width","originalText":"myhint.width","characterOffsetBegin":1168,"characterOffsetEnd":1180,"pos":"NN","before":" ","after":""},{"index":17,"word":",","originalText":",","characterOffsetBegin":1180,"characterOffsetEnd":1181,"pos":",","before":"","after":" "},{"index":18,"word":"myhint.height","originalText":"myhint.height","characterOffsetBegin":1182,"characterOffsetEnd":1195,"pos":"NN","before":" ","after":""},{"index":19,"word":",","originalText":",","characterOffsetBegin":1195,"characterOffsetEnd":1196,"pos":",","before":"","after":"                "},{"index":20,"word":"detail_win","originalText":"detail_win","characterOffsetBegin":1212,"characterOffsetEnd":1222,"pos":"NN","before":"                ","after":""},{"index":21,"word":".","originalText":".","characterOffsetBegin":1222,"characterOffsetEnd":1223,"pos":".","before":"","after":""}]},{"index":16,"tokens":[{"index":1,"word":"line_thick","originalText":"line_thick","characterOffsetBegin":1223,"characterOffsetEnd":1233,"pos":"NN","before":"","after":""},{"index":2,"word":",","originalText":",","characterOffsetBegin":1233,"characterOffsetEnd":1234,"pos":",","before":"","after":" "},{"index":3,"word":"fg","originalText":"fg","characterOffsetBegin":1235,"characterOffsetEnd":1237,"pos":"NN","before":" ","after":""},{"index":4,"word":",","originalText":",","characterOffsetBegin":1237,"characterOffsetEnd":1238,"pos":",","before":"","after":" "},{"index":5,"word":"bg","originalText":"bg","characterOffsetBegin":1239,"characterOffsetEnd":1241,"pos":"NN","before":" ","after":""},{"index":6,"word":"-RRB-","originalText":")","characterOffsetBegin":1241,"characterOffsetEnd":1242,"pos":"-RRB-","before":"","after":""},{"index":7,"word":";","originalText":";","characterOffsetBegin":1242,"characterOffsetEnd":1243,"pos":":","before":"","after":""},{"index":8,"word":"XSetStandardProperties","originalText":"XSetStandardProperties","characterOffsetBegin":1243,"characterOffsetEnd":1265,"pos":"NNS","before":"","after":""},{"index":9,"word":"-LRB-","originalText":"(","characterOffsetBegin":1265,"characterOffsetEnd":1266,"pos":"-LRB-","before":"","after":""},{"index":10,"word":"mydisplay","originalText":"mydisplay","characterOffsetBegin":1266,"characterOffsetEnd":1275,"pos":"NN","before":"","after":""},{"index":11,"word":",","originalText":",","characterOffsetBegin":1275,"characterOffsetEnd":1276,"pos":",","before":"","after":" "},{"index":12,"word":"main_win","originalText":"main_win","characterOffsetBegin":1277,"characterOffsetEnd":1285,"pos":"NN","before":" ","after":""},{"index":13,"word":".","originalText":".","characterOffsetBegin":1285,"characterOffsetEnd":1286,"pos":".","before":"","after":""}]},{"index":17,"tokens":[{"index":1,"word":"win","originalText":"win","characterOffsetBegin":1286,"characterOffsetEnd":1289,"pos":"VB","before":"","after":""},{"index":2,"word":",","originalText":",","characterOffsetBegin":1289,"characterOffsetEnd":1290,"pos":",","before":"","after":" "},{"index":3,"word":"detail_win","originalText":"detail_win","characterOffsetBegin":1291,"characterOffsetEnd":1301,"pos":"NN","before":" ","after":""},{"index":4,"word":".","originalText":".","characterOffsetBegin":1301,"characterOffsetEnd":1302,"pos":".","before":"","after":""}]},{"index":18,"tokens":[{"index":1,"word":"text","originalText":"text","characterOffsetBegin":1302,"characterOffsetEnd":1306,"pos":"NN","before":"","after":""},{"index":2,"word":",","originalText":",","characterOffsetBegin":1306,"characterOffsetEnd":1307,"pos":",","before":"","after":"                "},{"index":3,"word":"detail_win","originalText":"detail_win","characterOffsetBegin":1323,"characterOffsetEnd":1333,"pos":"NN","before":"                ","after":""},{"index":4,"word":".","originalText":".","characterOffsetBegin":1333,"characterOffsetEnd":1334,"pos":".","before":"","after":""}]},{"index":19,"tokens":[{"index":1,"word":"text","originalText":"text","characterOffsetBegin":1334,"characterOffsetEnd":1338,"pos":"NN","before":"","after":""},{"index":2,"word":",","originalText":",","characterOffsetBegin":1338,"characterOffsetEnd":1339,"pos":",","before":"","after":" "},{"index":3,"word":"None","originalText":"None","characterOffsetBegin":1340,"characterOffsetEnd":1344,"pos":"NN","before":" ","after":""},{"index":4,"word":",","originalText":",","characterOffsetBegin":1344,"characterOffsetEnd":1345,"pos":",","before":"","after":" "},{"index":5,"word":"argv","originalText":"argv","characterOffsetBegin":1346,"characterOffsetEnd":1350,"pos":"NN","before":" ","after":""},{"index":6,"word":",","originalText":",","characterOffsetBegin":1350,"characterOffsetEnd":1351,"pos":",","before":"","after":" "},{"index":7,"word":"argc","originalText":"argc","characterOffsetBegin":1352,"characterOffsetEnd":1356,"pos":"NN","before":" ","after":""},{"index":8,"word":",","originalText":",","characterOffsetBegin":1356,"characterOffsetEnd":1357,"pos":",","before":"","after":" "},{"index":9,"word":"&","originalText":"&","characterOffsetBegin":1358,"characterOffsetEnd":1359,"pos":"CC","before":" ","after":""},{"index":10,"word":"myhint","originalText":"myhint","characterOffsetBegin":1359,"characterOffsetEnd":1365,"pos":"NN","before":"","after":""},{"index":11,"word":"-RRB-","originalText":")","characterOffsetBegin":1365,"characterOffsetEnd":1366,"pos":"-RRB-","before":"","after":""},{"index":12,"word":";","originalText":";","characterOffsetBegin":1366,"characterOffsetEnd":1367,"pos":":","before":"","after":""},{"index":13,"word":"detail_win","originalText":"detail_win","characterOffsetBegin":1367,"characterOffsetEnd":1377,"pos":"NN","before":"","after":""},{"index":14,"word":".","originalText":".","characterOffsetBegin":1377,"characterOffsetEnd":1378,"pos":".","before":"","after":""}]},{"index":20,"tokens":[{"index":1,"word":"gc","originalText":"gc","characterOffsetBegin":1378,"characterOffsetEnd":1380,"pos":"NN","before":"","after":" "},{"index":2,"word":"=","originalText":"=","characterOffsetBegin":1381,"characterOffsetEnd":1382,"pos":"JJ","before":" ","after":" "},{"index":3,"word":"XCreateGC","originalText":"XCreateGC","characterOffsetBegin":1383,"characterOffsetEnd":1392,"pos":"NN","before":" ","after":" "},{"index":4,"word":"-LRB-","originalText":"(","characterOffsetBegin":1393,"characterOffsetEnd":1394,"pos":"-LRB-","before":" ","after":""},{"index":5,"word":"mydisplay","originalText":"mydisplay","characterOffsetBegin":1394,"characterOffsetEnd":1403,"pos":"NN","before":"","after":""},{"index":6,"word":",","originalText":",","characterOffsetBegin":1403,"characterOffsetEnd":1404,"pos":",","before":"","after":" "},{"index":7,"word":"detail_win","originalText":"detail_win","characterOffsetBegin":1405,"characterOffsetEnd":1415,"pos":"NN","before":" ","after":""},{"index":8,"word":".","originalText":".","characterOffsetBegin":1415,"characterOffsetEnd":1416,"pos":".","before":"","after":""}]},{"index":21,"tokens":[{"index":1,"word":"win","originalText":"win","characterOffsetBegin":1416,"characterOffsetEnd":1419,"pos":"VB","before":"","after":""},{"index":2,"word":",","originalText":",","characterOffsetBegin":1419,"characterOffsetEnd":1420,"pos":",","before":"","after":" "},{"index":3,"word":"0","originalText":"0","characterOffsetBegin":1421,"characterOffsetEnd":1422,"pos":"CD","before":" ","after":""},{"index":4,"word":",","originalText":",","characterOffsetBegin":1422,"characterOffsetEnd":1423,"pos":",","before":"","after":" "},{"index":5,"word":"0","originalText":"0","characterOffsetBegin":1424,"characterOffsetEnd":1425,"pos":"CD","before":" ","after":""},{"index":6,"word":"-RRB-","originalText":")","characterOffsetBegin":1425,"characterOffsetEnd":1426,"pos":"-RRB-","before":"","after":""},{"index":7,"word":";","originalText":";","characterOffsetBegin":1426,"characterOffsetEnd":1427,"pos":":","before":"","after":""},{"index":8,"word":"XMapRaised","originalText":"XMapRaised","characterOffsetBegin":1427,"characterOffsetEnd":1437,"pos":"VBN","before":"","after":" "},{"index":9,"word":"-LRB-","originalText":"(","characterOffsetBegin":1438,"characterOffsetEnd":1439,"pos":"-LRB-","before":" ","after":""},{"index":10,"word":"mydisplay","originalText":"mydisplay","characterOffsetBegin":1439,"characterOffsetEnd":1448,"pos":"NN","before":"","after":""},{"index":11,"word":",","originalText":",","characterOffsetBegin":1448,"characterOffsetEnd":1449,"pos":",","before":"","after":" "},{"index":12,"word":"detail_win","originalText":"detail_win","characterOffsetBegin":1450,"characterOffsetEnd":1460,"pos":"NN","before":" ","after":""},{"index":13,"word":".","originalText":".","characterOffsetBegin":1460,"characterOffsetEnd":1461,"pos":".","before":"","after":""}]},{"index":22,"tokens":[{"index":1,"word":"win","originalText":"win","characterOffsetBegin":1461,"characterOffsetEnd":1464,"pos":"VB","before":"","after":""},{"index":2,"word":"-RRB-","originalText":")","characterOffsetBegin":1464,"characterOffsetEnd":1465,"pos":"-RRB-","before":"","after":""},{"index":3,"word":";","originalText":";","characterOffsetBegin":1465,"characterOffsetEnd":1466,"pos":":","before":"","after":""},{"index":4,"word":"Event","originalText":"Event","characterOffsetBegin":1466,"characterOffsetEnd":1471,"pos":"NNP","before":"","after":" "},{"index":5,"word":"Mask","originalText":"Mask","characterOffsetBegin":1472,"characterOffsetEnd":1476,"pos":"NNP","before":" ","after":" "},{"index":6,"word":"and","originalText":"and","characterOffsetBegin":1477,"characterOffsetEnd":1480,"pos":"CC","before":" ","after":" "},{"index":7,"word":"flags","originalText":"flags","characterOffsetBegin":1481,"characterOffsetEnd":1486,"pos":"NNS","before":" ","after":" "},{"index":8,"word":"are","originalText":"are","characterOffsetBegin":1487,"characterOffsetEnd":1490,"pos":"VBP","before":" ","after":" "},{"index":9,"word":"identical","originalText":"identical","characterOffsetBegin":1491,"characterOffsetEnd":1500,"pos":"JJ","before":" ","after":" "},{"index":10,"word":"to","originalText":"to","characterOffsetBegin":1501,"characterOffsetEnd":1503,"pos":"TO","before":" ","after":" "},{"index":11,"word":"main_win","originalText":"main_win","characterOffsetBegin":1504,"characterOffsetEnd":1512,"pos":"NN","before":" ","after":""},{"index":12,"word":"'s","originalText":"'s","characterOffsetBegin":1512,"characterOffsetEnd":1514,"pos":"POS","before":"","after":" "},{"index":13,"word":"flags","originalText":"flags","characterOffsetBegin":1515,"characterOffsetEnd":1520,"pos":"NNS","before":" ","after":" "},{"index":14,"word":"and","originalText":"and","characterOffsetBegin":1521,"characterOffsetEnd":1524,"pos":"CC","before":" ","after":" "},{"index":15,"word":"event","originalText":"event","characterOffsetBegin":1525,"characterOffsetEnd":1530,"pos":"NN","before":" ","after":" "},{"index":16,"word":"mask","originalText":"mask","characterOffsetBegin":1531,"characterOffsetEnd":1535,"pos":"NN","before":" ","after":""},{"index":17,"word":".","originalText":".","characterOffsetBegin":1535,"characterOffsetEnd":1536,"pos":".","before":"","after":" "}]},{"index":23,"tokens":[{"index":1,"word":"If","originalText":"If","characterOffsetBegin":1537,"characterOffsetEnd":1539,"pos":"IN","before":" ","after":" "},{"index":2,"word":"anybody","originalText":"anybody","characterOffsetBegin":1540,"characterOffsetEnd":1547,"pos":"NN","before":" ","after":" "},{"index":3,"word":"has","originalText":"has","characterOffsetBegin":1548,"characterOffsetEnd":1551,"pos":"VBZ","before":" ","after":" "},{"index":4,"word":"any","originalText":"any","characterOffsetBegin":1552,"characterOffsetEnd":1555,"pos":"DT","before":" ","after":" "},{"index":5,"word":"idea","originalText":"idea","characterOffsetBegin":1556,"characterOffsetEnd":1560,"pos":"NN","before":" ","after":" "},{"index":6,"word":"why","originalText":"why","characterOffsetBegin":1561,"characterOffsetEnd":1564,"pos":"WRB","before":" ","after":" "},{"index":7,"word":"the","originalText":"the","characterOffsetBegin":1565,"characterOffsetEnd":1568,"pos":"DT","before":" ","after":" "},{"index":8,"word":"initial","originalText":"initial","characterOffsetBegin":1569,"characterOffsetEnd":1576,"pos":"JJ","before":" ","after":" "},{"index":9,"word":"expose","originalText":"expose","characterOffsetBegin":1577,"characterOffsetEnd":1583,"pos":"VB","before":" ","after":" "},{"index":10,"word":"events","originalText":"events","characterOffsetBegin":1584,"characterOffsetEnd":1590,"pos":"NNS","before":" ","after":" "},{"index":11,"word":"of","originalText":"of","characterOffsetBegin":1591,"characterOffsetEnd":1593,"pos":"IN","before":" ","after":" "},{"index":12,"word":"detail_win","originalText":"detail_win","characterOffsetBegin":1594,"characterOffsetEnd":1604,"pos":"NN","before":" ","after":""},{"index":13,"word":".","originalText":".","characterOffsetBegin":1604,"characterOffsetEnd":1605,"pos":".","before":"","after":""}]},{"index":24,"tokens":[{"index":1,"word":"winare","originalText":"winare","characterOffsetBegin":1605,"characterOffsetEnd":1611,"pos":"NN","before":"","after":" "},{"index":2,"word":"not","originalText":"not","characterOffsetBegin":1612,"characterOffsetEnd":1615,"pos":"RB","before":" ","after":" "},{"index":3,"word":"received","originalText":"received","characterOffsetBegin":1616,"characterOffsetEnd":1624,"pos":"VBD","before":" ","after":" "},{"index":4,"word":"until","originalText":"until","characterOffsetBegin":1625,"characterOffsetEnd":1630,"pos":"IN","before":" ","after":" "},{"index":5,"word":"main_win","originalText":"main_win","characterOffsetBegin":1631,"characterOffsetEnd":1639,"pos":"NN","before":" ","after":""},{"index":6,"word":".","originalText":".","characterOffsetBegin":1639,"characterOffsetEnd":1640,"pos":".","before":"","after":""}]},{"index":25,"tokens":[{"index":1,"word":"win","originalText":"win","characterOffsetBegin":1640,"characterOffsetEnd":1643,"pos":"VB","before":"","after":" "},{"index":2,"word":"receives","originalText":"receives","characterOffsetBegin":1644,"characterOffsetEnd":1652,"pos":"VBZ","before":" ","after":" "},{"index":3,"word":"an","originalText":"an","characterOffsetBegin":1653,"characterOffsetEnd":1655,"pos":"DT","before":" ","after":" "},{"index":4,"word":"event","originalText":"event","characterOffsetBegin":1656,"characterOffsetEnd":1661,"pos":"NN","before":" ","after":" "},{"index":5,"word":"I","originalText":"I","characterOffsetBegin":1662,"characterOffsetEnd":1663,"pos":"PRP","before":" ","after":""},{"index":6,"word":"'d","originalText":"'d","characterOffsetBegin":1663,"characterOffsetEnd":1665,"pos":"MD","before":"","after":" "},{"index":7,"word":"love","originalText":"love","characterOffsetBegin":1666,"characterOffsetEnd":1670,"pos":"VB","before":" ","after":" "},{"index":8,"word":"to","originalText":"to","characterOffsetBegin":1671,"characterOffsetEnd":1673,"pos":"TO","before":" ","after":" "},{"index":9,"word":"hearfrom","originalText":"hearfrom","characterOffsetBegin":1674,"characterOffsetEnd":1682,"pos":"VB","before":" ","after":" "},{"index":10,"word":"them","originalText":"them","characterOffsetBegin":1683,"characterOffsetEnd":1687,"pos":"PRP","before":" ","after":""},{"index":11,"word":".","originalText":".","characterOffsetBegin":1687,"characterOffsetEnd":1688,"pos":".","before":"","after":" "}]},{"index":26,"tokens":[{"index":1,"word":"Other","originalText":"Other","characterOffsetBegin":1689,"characterOffsetEnd":1694,"pos":"JJ","before":" ","after":" "},{"index":2,"word":"that","originalText":"that","characterOffsetBegin":1695,"characterOffsetEnd":1699,"pos":"IN","before":" ","after":" "},{"index":3,"word":"that","originalText":"that","characterOffsetBegin":1700,"characterOffsetEnd":1704,"pos":"IN","before":" ","after":" "},{"index":4,"word":"everything","originalText":"everything","characterOffsetBegin":1705,"characterOffsetEnd":1715,"pos":"NN","before":" ","after":" "},{"index":5,"word":"works","originalText":"works","characterOffsetBegin":1716,"characterOffsetEnd":1721,"pos":"VBZ","before":" ","after":" "},{"index":6,"word":"great","originalText":"great","characterOffsetBegin":1722,"characterOffsetEnd":1727,"pos":"JJ","before":" ","after":" "},{"index":7,"word":"so","originalText":"so","characterOffsetBegin":1728,"characterOffsetEnd":1730,"pos":"RB","before":" ","after":" "},{"index":8,"word":"there","originalText":"there","characterOffsetBegin":1731,"characterOffsetEnd":1736,"pos":"RB","before":" ","after":" "},{"index":9,"word":"must","originalText":"must","characterOffsetBegin":1737,"characterOffsetEnd":1741,"pos":"MD","before":" ","after":" "},{"index":10,"word":"be","originalText":"be","characterOffsetBegin":1742,"characterOffsetEnd":1744,"pos":"VB","before":" ","after":" "},{"index":11,"word":"somedetail","originalText":"somedetail","characterOffsetBegin":1745,"characterOffsetEnd":1755,"pos":"NN","before":" ","after":" "},{"index":12,"word":"I","originalText":"I","characterOffsetBegin":1756,"characterOffsetEnd":1757,"pos":"PRP","before":" ","after":""},{"index":13,"word":"'m","originalText":"'m","characterOffsetBegin":1757,"characterOffsetEnd":1759,"pos":"VBP","before":"","after":" "},{"index":14,"word":"overseeing.Thanks","originalText":"overseeing.Thanks","characterOffsetBegin":1760,"characterOffsetEnd":1777,"pos":"NNS","before":" ","after":" "},{"index":15,"word":"for","originalText":"for","characterOffsetBegin":1778,"characterOffsetEnd":1781,"pos":"IN","before":" ","after":" "},{"index":16,"word":"any","originalText":"any","characterOffsetBegin":1782,"characterOffsetEnd":1785,"pos":"DT","before":" ","after":" "},{"index":17,"word":"tips","originalText":"tips","characterOffsetBegin":1786,"characterOffsetEnd":1790,"pos":"NNS","before":" ","after":""},{"index":18,"word":"--","originalText":"---","characterOffsetBegin":1790,"characterOffsetEnd":1793,"pos":":","before":"","after":""},{"index":19,"word":">","originalText":">","characterOffsetBegin":1793,"characterOffsetEnd":1794,"pos":"JJR","before":"","after":" "},{"index":20,"word":"Robertrgasch@nl.oracle.comPS:","originalText":"Robertrgasch@nl.oracle.comPS:","characterOffsetBegin":1795,"characterOffsetEnd":1824,"pos":"NNP","before":" ","after":" "},{"index":21,"word":"The","originalText":"The","characterOffsetBegin":1825,"characterOffsetEnd":1828,"pos":"DT","before":" ","after":" "},{"index":22,"word":"same","originalText":"same","characterOffsetBegin":1829,"characterOffsetEnd":1833,"pos":"JJ","before":" ","after":" "},{"index":23,"word":"message","originalText":"message","characterOffsetBegin":1834,"characterOffsetEnd":1841,"pos":"NN","before":" ","after":" "},{"index":24,"word":"was","originalText":"was","characterOffsetBegin":1842,"characterOffsetEnd":1845,"pos":"VBD","before":" ","after":" "},{"index":25,"word":"accidentally","originalText":"accidentally","characterOffsetBegin":1846,"characterOffsetEnd":1858,"pos":"RB","before":" ","after":" "},{"index":26,"word":"appended","originalText":"appended","characterOffsetBegin":1859,"characterOffsetEnd":1867,"pos":"VBN","before":" ","after":" "},{"index":27,"word":"to","originalText":"to","characterOffsetBegin":1868,"characterOffsetEnd":1870,"pos":"TO","before":" ","after":" "},{"index":28,"word":"the","originalText":"the","characterOffsetBegin":1871,"characterOffsetEnd":1874,"pos":"DT","before":" ","after":" "},{"index":29,"word":"``","originalText":"\"","characterOffsetBegin":1875,"characterOffsetEnd":1876,"pos":"``","before":" ","after":""},{"index":30,"word":"Expose","originalText":"Expose","characterOffsetBegin":1876,"characterOffsetEnd":1882,"pos":"VB","before":"","after":" "},{"index":31,"word":"Events","originalText":"Events","characterOffsetBegin":1883,"characterOffsetEnd":1889,"pos":"NNS","before":" ","after":""},{"index":32,"word":"``","originalText":"\"","characterOffsetBegin":1889,"characterOffsetEnd":1890,"pos":"``","before":"","after":""},{"index":33,"word":"thread","originalText":"thread","characterOffsetBegin":1890,"characterOffsetEnd":1896,"pos":"NN","before":"","after":""},{"index":34,"word":".","originalText":".","characterOffsetBegin":1896,"characterOffsetEnd":1897,"pos":".","before":"","after":" "}]},{"index":27,"tokens":[{"index":1,"word":"Sorry","originalText":"Sorry","characterOffsetBegin":1898,"characterOffsetEnd":1903,"pos":"JJ","before":" ","after":" "},{"index":2,"word":"for","originalText":"for","characterOffsetBegin":1904,"characterOffsetEnd":1907,"pos":"IN","before":" ","after":" "},{"index":3,"word":"any","originalText":"any","characterOffsetBegin":1908,"characterOffsetEnd":1911,"pos":"DT","before":" ","after":" "},{"index":4,"word":"confusion","originalText":"confusion","characterOffsetBegin":1912,"characterOffsetEnd":1921,"pos":"NN","before":" ","after":" "},{"index":5,"word":"caused","originalText":"caused","characterOffsetBegin":1922,"characterOffsetEnd":1928,"pos":"VBD","before":" ","after":""},{"index":6,"word":".","originalText":".","characterOffsetBegin":1928,"characterOffsetEnd":1929,"pos":".","before":"","after":""}]}]}