{"sentences":[{"index":0,"tokens":[{"index":1,"word":"From","originalText":"From","characterOffsetBegin":0,"characterOffsetEnd":4,"pos":"IN","before":"","after":""},{"index":2,"word":":","originalText":":","characterOffsetBegin":4,"characterOffsetEnd":5,"pos":":","before":"","after":" "},{"index":3,"word":"rgasch@nl.oracle.com","originalText":"rgasch@nl.oracle.com","characterOffsetBegin":6,"characterOffsetEnd":26,"pos":"NN","before":" ","after":" "},{"index":4,"word":"-LRB-","originalText":"(","characterOffsetBegin":27,"characterOffsetEnd":28,"pos":"-LRB-","before":" ","after":""},{"index":5,"word":"Robert","originalText":"Robert","characterOffsetBegin":28,"characterOffsetEnd":34,"pos":"NNP","before":"","after":" "},{"index":6,"word":"Gasch","originalText":"Gasch","characterOffsetBegin":35,"characterOffsetEnd":40,"pos":"NNP","before":" ","after":""},{"index":7,"word":"-RRB-","originalText":")","characterOffsetBegin":40,"characterOffsetEnd":41,"pos":"-RRB-","before":"","after":""},{"index":8,"word":"Subject","originalText":"Subject","characterOffsetBegin":41,"characterOffsetEnd":48,"pos":"NNP","before":"","after":""},{"index":9,"word":":","originalText":":","characterOffsetBegin":48,"characterOffsetEnd":49,"pos":":","before":"","after":" "},{"index":10,"word":"Re","originalText":"Re","characterOffsetBegin":50,"characterOffsetEnd":52,"pos":"NNP","before":" ","after":""},{"index":11,"word":":","originalText":":","characterOffsetBegin":52,"characterOffsetEnd":53,"pos":":","before":"","after":" "},{"index":12,"word":"Expose","originalText":"Expose","characterOffsetBegin":54,"characterOffsetEnd":60,"pos":"VB","before":" ","after":" "},{"index":13,"word":"EventsI","originalText":"EventsI","characterOffsetBegin":61,"characterOffsetEnd":68,"pos":"NN","before":" ","after":" "},{"index":14,"word":"posted","originalText":"posted","characterOffsetBegin":69,"characterOffsetEnd":75,"pos":"VBD","before":" ","after":" "},{"index":15,"word":"about","originalText":"about","characterOffsetBegin":76,"characterOffsetEnd":81,"pos":"IN","before":" ","after":" "},{"index":16,"word":"this","originalText":"this","characterOffsetBegin":82,"characterOffsetEnd":86,"pos":"DT","before":" ","after":" "},{"index":17,"word":"a","originalText":"a","characterOffsetBegin":87,"characterOffsetEnd":88,"pos":"DT","before":" ","after":" "},{"index":18,"word":"while","originalText":"while","characterOffsetBegin":89,"characterOffsetEnd":94,"pos":"NN","before":" ","after":" "},{"index":19,"word":"ago","originalText":"ago","characterOffsetBegin":95,"characterOffsetEnd":98,"pos":"RB","before":" ","after":" "},{"index":20,"word":"but","originalText":"but","characterOffsetBegin":99,"characterOffsetEnd":102,"pos":"CC","before":" ","after":" "},{"index":21,"word":"without","originalText":"without","characterOffsetBegin":103,"characterOffsetEnd":110,"pos":"IN","before":" ","after":" "},{"index":22,"word":"code","originalText":"code","characterOffsetBegin":111,"characterOffsetEnd":115,"pos":"NN","before":" ","after":" "},{"index":23,"word":"excerpts","originalText":"excerpts","characterOffsetBegin":116,"characterOffsetEnd":124,"pos":"NNS","before":" ","after":" "},{"index":24,"word":"noone","originalText":"noone","characterOffsetBegin":125,"characterOffsetEnd":130,"pos":"NN","before":" ","after":" "},{"index":25,"word":"was","originalText":"was","characterOffsetBegin":131,"characterOffsetEnd":134,"pos":"VBD","before":" ","after":" "},{"index":26,"word":"able","originalText":"able","characterOffsetBegin":135,"characterOffsetEnd":139,"pos":"JJ","before":" ","after":" "},{"index":27,"word":"to","originalText":"to","characterOffsetBegin":140,"characterOffsetEnd":142,"pos":"TO","before":" ","after":" "},{"index":28,"word":"help","originalText":"help","characterOffsetBegin":143,"characterOffsetEnd":147,"pos":"VB","before":" ","after":" "},{"index":29,"word":"me.The","originalText":"me.The","characterOffsetBegin":148,"characterOffsetEnd":154,"pos":"NN","before":" ","after":" "},{"index":30,"word":"problem","originalText":"problem","characterOffsetBegin":155,"characterOffsetEnd":162,"pos":"NN","before":" ","after":" "},{"index":31,"word":"is","originalText":"is","characterOffsetBegin":163,"characterOffsetEnd":165,"pos":"VBZ","before":" ","after":" "},{"index":32,"word":"that","originalText":"that","characterOffsetBegin":166,"characterOffsetEnd":170,"pos":"IN","before":" ","after":" "},{"index":33,"word":"main_win","originalText":"main_win","characterOffsetBegin":171,"characterOffsetEnd":179,"pos":"NN","before":" ","after":""},{"index":34,"word":".","originalText":".","characterOffsetBegin":179,"characterOffsetEnd":180,"pos":".","before":"","after":""}]},{"index":1,"tokens":[{"index":1,"word":"win","originalText":"win","characterOffsetBegin":180,"characterOffsetEnd":183,"pos":"VB","before":"","after":" "},{"index":2,"word":"is","originalText":"is","characterOffsetBegin":184,"characterOffsetEnd":186,"pos":"VBZ","before":" ","after":" "},{"index":3,"word":"doing","originalText":"doing","characterOffsetBegin":187,"characterOffsetEnd":192,"pos":"VBG","before":" ","after":" "},{"index":4,"word":"fine","originalText":"fine","characterOffsetBegin":193,"characterOffsetEnd":197,"pos":"JJ","before":" ","after":""},{"index":5,"word":",","originalText":",","characterOffsetBegin":197,"characterOffsetEnd":198,"pos":",","before":"","after":" "},{"index":6,"word":"but","originalText":"but","characterOffsetBegin":199,"characterOffsetEnd":202,"pos":"CC","before":" ","after":" "},{"index":7,"word":"when","originalText":"when","characterOffsetBegin":203,"characterOffsetEnd":207,"pos":"WRB","before":" ","after":" "},{"index":8,"word":"I","originalText":"I","characterOffsetBegin":208,"characterOffsetEnd":209,"pos":"PRP","before":" ","after":" "},{"index":9,"word":"create","originalText":"create","characterOffsetBegin":210,"characterOffsetEnd":216,"pos":"VBP","before":" ","after":" "},{"index":10,"word":"detail_win","originalText":"detail_win","characterOffsetBegin":217,"characterOffsetEnd":227,"pos":"NN","before":" ","after":""},{"index":11,"word":".","originalText":".","characterOffsetBegin":227,"characterOffsetEnd":228,"pos":".","before":"","after":""}]},{"index":2,"tokens":[{"index":1,"word":"win","originalText":"win","characterOffsetBegin":228,"characterOffsetEnd":231,"pos":"VB","before":"","after":""},{"index":2,"word":",","originalText":",","characterOffsetBegin":231,"characterOffsetEnd":232,"pos":",","before":"","after":" "},{"index":3,"word":"it","originalText":"it","characterOffsetBegin":233,"characterOffsetEnd":235,"pos":"PRP","before":" ","after":" "},{"index":4,"word":"does","originalText":"does","characterOffsetBegin":236,"characterOffsetEnd":240,"pos":"VBZ","before":" ","after":" "},{"index":5,"word":"not","originalText":"not","characterOffsetBegin":241,"characterOffsetEnd":244,"pos":"RB","before":" ","after":" "},{"index":6,"word":"receive","originalText":"receive","characterOffsetBegin":245,"characterOffsetEnd":252,"pos":"VB","before":" ","after":" "},{"index":7,"word":"it","originalText":"it","characterOffsetBegin":253,"characterOffsetEnd":255,"pos":"PRP","before":" ","after":""},{"index":8,"word":"'s","originalText":"'s","characterOffsetBegin":255,"characterOffsetEnd":257,"pos":"VBZ","before":"","after":" "},{"index":9,"word":"initial","originalText":"initial","characterOffsetBegin":258,"characterOffsetEnd":265,"pos":"JJ","before":" ","after":" "},{"index":10,"word":"expose","originalText":"expose","characterOffsetBegin":266,"characterOffsetEnd":272,"pos":"VB","before":" ","after":" "},{"index":11,"word":"events","originalText":"events","characterOffsetBegin":273,"characterOffsetEnd":279,"pos":"NNS","before":" ","after":" "},{"index":12,"word":"until","originalText":"until","characterOffsetBegin":280,"characterOffsetEnd":285,"pos":"IN","before":" ","after":" "},{"index":13,"word":"main_win","originalText":"main_win","characterOffsetBegin":286,"characterOffsetEnd":294,"pos":"NN","before":" ","after":""},{"index":14,"word":".","originalText":".","characterOffsetBegin":294,"characterOffsetEnd":295,"pos":".","before":"","after":""}]},{"index":3,"tokens":[{"index":1,"word":"win","originalText":"win","characterOffsetBegin":295,"characterOffsetEnd":298,"pos":"VB","before":"","after":" "},{"index":2,"word":"receives","originalText":"receives","characterOffsetBegin":299,"characterOffsetEnd":307,"pos":"VBZ","before":" ","after":" "},{"index":3,"word":"an","originalText":"an","characterOffsetBegin":308,"characterOffsetEnd":310,"pos":"DT","before":" ","after":" "},{"index":4,"word":"event","originalText":"event","characterOffsetBegin":311,"characterOffsetEnd":316,"pos":"NN","before":" ","after":""},{"index":5,"word":".","originalText":".","characterOffsetBegin":316,"characterOffsetEnd":317,"pos":".","before":"","after":" "}]},{"index":4,"tokens":[{"index":1,"word":"Here","originalText":"Here","characterOffsetBegin":318,"characterOffsetEnd":322,"pos":"RB","before":" ","after":" "},{"index":2,"word":"are","originalText":"are","characterOffsetBegin":323,"characterOffsetEnd":326,"pos":"VBP","before":" ","after":" "},{"index":3,"word":"the","originalText":"the","characterOffsetBegin":327,"characterOffsetEnd":330,"pos":"DT","before":" ","after":" "},{"index":4,"word":"relevent","originalText":"relevent","characterOffsetBegin":331,"characterOffsetEnd":339,"pos":"JJ","before":" ","after":" "},{"index":5,"word":"calls","originalText":"calls","characterOffsetBegin":340,"characterOffsetEnd":345,"pos":"NNS","before":" ","after":""},{"index":6,"word":":","originalText":":","characterOffsetBegin":345,"characterOffsetEnd":346,"pos":":","before":"","after":""},{"index":7,"word":"main_win","originalText":"main_win","characterOffsetBegin":346,"characterOffsetEnd":354,"pos":"NN","before":"","after":""},{"index":8,"word":".","originalText":".","characterOffsetBegin":354,"characterOffsetEnd":355,"pos":".","before":"","after":""}]},{"index":5,"tokens":[{"index":1,"word":"win","originalText":"win","characterOffsetBegin":355,"characterOffsetEnd":358,"pos":"VB","before":"","after":" "},{"index":2,"word":"=","originalText":"=","characterOffsetBegin":359,"characterOffsetEnd":360,"pos":"JJ","before":" ","after":" "},{"index":3,"word":"XCreateSimpleWindow","originalText":"XCreateSimpleWindow","characterOffsetBegin":361,"characterOffsetEnd":380,"pos":"NN","before":" ","after":" "},{"index":4,"word":"-LRB-","originalText":"(","characterOffsetBegin":381,"characterOffsetEnd":382,"pos":"-LRB-","before":" ","after":""},{"index":5,"word":"mydisplay","originalText":"mydisplay","characterOffsetBegin":382,"characterOffsetEnd":391,"pos":"NN","before":"","after":""},{"index":6,"word":",","originalText":",","characterOffsetBegin":391,"characterOffsetEnd":392,"pos":",","before":"","after":" "},{"index":7,"word":"DefaultRootWindow","originalText":"DefaultRootWindow","characterOffsetBegin":393,"characterOffsetEnd":410,"pos":"NN","before":" ","after":""},{"index":8,"word":"-LRB-","originalText":"(","characterOffsetBegin":410,"characterOffsetEnd":411,"pos":"-LRB-","before":"","after":""},{"index":9,"word":"mydisplay","originalText":"mydisplay","characterOffsetBegin":411,"characterOffsetEnd":420,"pos":"NN","before":"","after":""},{"index":10,"word":"-RRB-","originalText":")","characterOffsetBegin":420,"characterOffsetEnd":421,"pos":"-RRB-","before":"","after":""},{"index":11,"word":",","originalText":",","characterOffsetBegin":421,"characterOffsetEnd":422,"pos":",","before":"","after":"                "},{"index":12,"word":"myhint.x","originalText":"myhint.x","characterOffsetBegin":438,"characterOffsetEnd":446,"pos":"NN","before":"                ","after":""},{"index":13,"word":",","originalText":",","characterOffsetBegin":446,"characterOffsetEnd":447,"pos":",","before":"","after":" "},{"index":14,"word":"myhint.y","originalText":"myhint.y","characterOffsetBegin":448,"characterOffsetEnd":456,"pos":"NN","before":" ","after":""},{"index":15,"word":",","originalText":",","characterOffsetBegin":456,"characterOffsetEnd":457,"pos":",","before":"","after":" "},{"index":16,"word":"myhint.width","originalText":"myhint.width","characterOffsetBegin":458,"characterOffsetEnd":470,"pos":"NN","before":" ","after":""},{"index":17,"word":",","originalText":",","characterOffsetBegin":470,"characterOffsetEnd":471,"pos":",","before":"","after":" "},{"index":18,"word":"myhint.height","originalText":"myhint.height","characterOffsetBegin":472,"characterOffsetEnd":485,"pos":"NN","before":" ","after":""},{"index":19,"word":",","originalText":",","characterOffsetBegin":485,"characterOffsetEnd":486,"pos":",","before":"","after":"                "},{"index":20,"word":"main_win","originalText":"main_win","characterOffsetBegin":502,"characterOffsetEnd":510,"pos":"NN","before":"                ","after":""},{"index":21,"word":".","originalText":".","characterOffsetBegin":510,"characterOffsetEnd":511,"pos":".","before":"","after":""}]},{"index":6,"tokens":[{"index":1,"word":"line_thick","originalText":"line_thick","characterOffsetBegin":511,"characterOffsetEnd":521,"pos":"NN","before":"","after":""},{"index":2,"word":",","originalText":",","characterOffsetBegin":521,"characterOffsetEnd":522,"pos":",","before":"","after":" "},{"index":3,"word":"fg","originalText":"fg","characterOffsetBegin":523,"characterOffsetEnd":525,"pos":"NN","before":" ","after":""},{"index":4,"word":",","originalText":",","characterOffsetBegin":525,"characterOffsetEnd":526,"pos":",","before":"","after":" "},{"index":5,"word":"bg","originalText":"bg","characterOffsetBegin":527,"characterOffsetEnd":529,"pos":"NN","before":" ","after":""},{"index":6,"word":"-RRB-","originalText":")","characterOffsetBegin":529,"characterOffsetEnd":530,"pos":"-RRB-","before":"","after":""},{"index":7,"word":";","originalText":";","characterOffsetBegin":530,"characterOffsetEnd":531,"pos":":","before":"","after":""},{"index":8,"word":"XSetStandardProperties","originalText":"XSetStandardProperties","characterOffsetBegin":531,"characterOffsetEnd":553,"pos":"NNS","before":"","after":""},{"index":9,"word":"-LRB-","originalText":"(","characterOffsetBegin":553,"characterOffsetEnd":554,"pos":"-LRB-","before":"","after":""},{"index":10,"word":"mydisplay","originalText":"mydisplay","characterOffsetBegin":554,"characterOffsetEnd":563,"pos":"NN","before":"","after":""},{"index":11,"word":",","originalText":",","characterOffsetBegin":563,"characterOffsetEnd":564,"pos":",","before":"","after":" "},{"index":12,"word":"main_win","originalText":"main_win","characterOffsetBegin":565,"characterOffsetEnd":573,"pos":"NN","before":" ","after":""},{"index":13,"word":".","originalText":".","characterOffsetBegin":573,"characterOffsetEnd":574,"pos":".","before":"","after":""}]},{"index":7,"tokens":[{"index":1,"word":"win","originalText":"win","characterOffsetBegin":574,"characterOffsetEnd":577,"pos":"VB","before":"","after":""},{"index":2,"word":",","originalText":",","characterOffsetBegin":577,"characterOffsetEnd":578,"pos":",","before":"","after":" "},{"index":3,"word":"main_win","originalText":"main_win","characterOffsetBegin":579,"characterOffsetEnd":587,"pos":"NN","before":" ","after":""},{"index":4,"word":".","originalText":".","characterOffsetBegin":587,"characterOffsetEnd":588,"pos":".","before":"","after":""}]},{"index":8,"tokens":[{"index":1,"word":"text","originalText":"text","characterOffsetBegin":588,"characterOffsetEnd":592,"pos":"NN","before":"","after":""},{"index":2,"word":",","originalText":",","characterOffsetBegin":592,"characterOffsetEnd":593,"pos":",","before":"","after":"                "},{"index":3,"word":"main_win","originalText":"main_win","characterOffsetBegin":609,"characterOffsetEnd":617,"pos":"NN","before":"                ","after":""},{"index":4,"word":".","originalText":".","characterOffsetBegin":617,"characterOffsetEnd":618,"pos":".","before":"","after":""}]},{"index":9,"tokens":[{"index":1,"word":"text","originalText":"text","characterOffsetBegin":618,"characterOffsetEnd":622,"pos":"NN","before":"","after":""},{"index":2,"word":",","originalText":",","characterOffsetBegin":622,"characterOffsetEnd":623,"pos":",","before":"","after":" "},{"index":3,"word":"None","originalText":"None","characterOffsetBegin":624,"characterOffsetEnd":628,"pos":"NN","before":" ","after":""},{"index":4,"word":",","originalText":",","characterOffsetBegin":628,"characterOffsetEnd":629,"pos":",","before":"","after":" "},{"index":5,"word":"argv","originalText":"argv","characterOffsetBegin":630,"characterOffsetEnd":634,"pos":"NN","before":" ","after":""},{"index":6,"word":",","originalText":",","characterOffsetBegin":634,"characterOffsetEnd":635,"pos":",","before":"","after":" "},{"index":7,"word":"argc","originalText":"argc","characterOffsetBegin":636,"characterOffsetEnd":640,"pos":"NN","before":" ","after":""},{"index":8,"word":",","originalText":",","characterOffsetBegin":640,"characterOffsetEnd":641,"pos":",","before":"","after":" "},{"index":9,"word":"&","originalText":"&","characterOffsetBegin":642,"characterOffsetEnd":643,"pos":"CC","before":" ","after":""},{"index":10,"word":"myhint","originalText":"myhint","characterOffsetBegin":643,"characterOffsetEnd":649,"pos":"NN","before":"","after":""},{"index":11,"word":"-RRB-","originalText":")","characterOffsetBegin":649,"characterOffsetEnd":650,"pos":"-RRB-","before":"","after":""},{"index":12,"word":";","originalText":";","characterOffsetBegin":650,"characterOffsetEnd":651,"pos":":","before":"","after":""},{"index":13,"word":"main_win","originalText":"main_win","characterOffsetBegin":651,"characterOffsetEnd":659,"pos":"NN","before":"","after":""},{"index":14,"word":".","originalText":".","characterOffsetBegin":659,"characterOffsetEnd":660,"pos":".","before":"","after":""}]},{"index":10,"tokens":[{"index":1,"word":"gc","originalText":"gc","characterOffsetBegin":660,"characterOffsetEnd":662,"pos":"NN","before":"","after":" "},{"index":2,"word":"=","originalText":"=","characterOffsetBegin":663,"characterOffsetEnd":664,"pos":"JJ","before":" ","after":" "},{"index":3,"word":"XCreateGC","originalText":"XCreateGC","characterOffsetBegin":665,"characterOffsetEnd":674,"pos":"NN","before":" ","after":" "},{"index":4,"word":"-LRB-","originalText":"(","characterOffsetBegin":675,"characterOffsetEnd":676,"pos":"-LRB-","before":" ","after":""},{"index":5,"word":"mydisplay","originalText":"mydisplay","characterOffsetBegin":676,"characterOffsetEnd":685,"pos":"NN","before":"","after":""},{"index":6,"word":",","originalText":",","characterOffsetBegin":685,"characterOffsetEnd":686,"pos":",","before":"","after":" "},{"index":7,"word":"main_win","originalText":"main_win","characterOffsetBegin":687,"characterOffsetEnd":695,"pos":"NN","before":" ","after":""},{"index":8,"word":".","originalText":".","characterOffsetBegin":695,"characterOffsetEnd":696,"pos":".","before":"","after":""}]},{"index":11,"tokens":[{"index":1,"word":"win","originalText":"win","characterOffsetBegin":696,"characterOffsetEnd":699,"pos":"VB","before":"","after":""},{"index":2,"word":",","originalText":",","characterOffsetBegin":699,"characterOffsetEnd":700,"pos":",","before":"","after":" "},{"index":3,"word":"0","originalText":"0","characterOffsetBegin":701,"characterOffsetEnd":702,"pos":"CD","before":" ","after":""},{"index":4,"word":",","originalText":",","characterOffsetBegin":702,"characterOffsetEnd":703,"pos":",","before":"","after":" "},{"index":5,"word":"0","originalText":"0","characterOffsetBegin":704,"characterOffsetEnd":705,"pos":"CD","before":" ","after":""},{"index":6,"word":"-RRB-","originalText":")","characterOffsetBegin":705,"characterOffsetEnd":706,"pos":"-RRB-","before":"","after":""},{"index":7,"word":";","originalText":";","characterOffsetBegin":706,"characterOffsetEnd":707,"pos":":","before":"","after":""},{"index":8,"word":"XMapRaised","originalText":"XMapRaised","characterOffsetBegin":707,"characterOffsetEnd":717,"pos":"VBN","before":"","after":" "},{"index":9,"word":"-LRB-","originalText":"(","characterOffsetBegin":718,"characterOffsetEnd":719,"pos":"-LRB-","before":" ","after":""},{"index":10,"word":"mydisplay","originalText":"mydisplay","characterOffsetBegin":719,"characterOffsetEnd":728,"pos":"NN","before":"","after":""},{"index":11,"word":",","originalText":",","characterOffsetBegin":728,"characterOffsetEnd":729,"pos":",","before":"","after":" "},{"index":12,"word":"detail_win","originalText":"detail_win","characterOffsetBegin":730,"characterOffsetEnd":740,"pos":"NN","before":" ","after":""},{"index":13,"word":".","originalText":".","characterOffsetBegin":740,"characterOffsetEnd":741,"pos":".","before":"","after":""}]},{"index":12,"tokens":[{"index":1,"word":"win","originalText":"win","characterOffsetBegin":741,"characterOffsetEnd":744,"pos":"VB","before":"","after":""},{"index":2,"word":"-RRB-","originalText":")","characterOffsetBegin":744,"characterOffsetEnd":745,"pos":"-RRB-","before":"","after":""},{"index":3,"word":";","originalText":";","characterOffsetBegin":745,"characterOffsetEnd":746,"pos":":","before":"","after":""},{"index":4,"word":"XMapSubwindows","originalText":"XMapSubwindows","characterOffsetBegin":746,"characterOffsetEnd":760,"pos":"NNS","before":"","after":" "},{"index":5,"word":"-LRB-","originalText":"(","characterOffsetBegin":761,"characterOffsetEnd":762,"pos":"-LRB-","before":" ","after":""},{"index":6,"word":"mydisplay","originalText":"mydisplay","characterOffsetBegin":762,"characterOffsetEnd":771,"pos":"NN","before":"","after":""},{"index":7,"word":",","originalText":",","characterOffsetBegin":771,"characterOffsetEnd":772,"pos":",","before":"","after":" "},{"index":8,"word":"main_win","originalText":"main_win","characterOffsetBegin":773,"characterOffsetEnd":781,"pos":"NN","before":" ","after":""},{"index":9,"word":".","originalText":".","characterOffsetBegin":781,"characterOffsetEnd":782,"pos":".","before":"","after":""}]},{"index":13,"tokens":[{"index":1,"word":"win","originalText":"win","characterOffsetBegin":782,"characterOffsetEnd":785,"pos":"VB","before":"","after":""},{"index":2,"word":"-RRB-","originalText":")","characterOffsetBegin":785,"characterOffsetEnd":786,"pos":"-RRB-","before":"","after":""},{"index":3,"word":";","originalText":";","characterOffsetBegin":786,"characterOffsetEnd":787,"pos":":","before":"","after":""},{"index":4,"word":"The","originalText":"The","characterOffsetBegin":787,"characterOffsetEnd":790,"pos":"DT","before":"","after":" "},{"index":5,"word":"event","originalText":"event","characterOffsetBegin":791,"characterOffsetEnd":796,"pos":"NN","before":" ","after":" "},{"index":6,"word":"mask","originalText":"mask","characterOffsetBegin":797,"characterOffsetEnd":801,"pos":"NN","before":" ","after":" "},{"index":7,"word":"for","originalText":"for","characterOffsetBegin":802,"characterOffsetEnd":805,"pos":"IN","before":" ","after":" "},{"index":8,"word":"main_win","originalText":"main_win","characterOffsetBegin":806,"characterOffsetEnd":814,"pos":"NN","before":" ","after":" "},{"index":9,"word":"is","originalText":"is","characterOffsetBegin":815,"characterOffsetEnd":817,"pos":"VBZ","before":" ","after":""},{"index":10,"word":":","originalText":":","characterOffsetBegin":817,"characterOffsetEnd":818,"pos":":","before":"","after":"\t"},{"index":11,"word":"PPosition","originalText":"PPosition","characterOffsetBegin":819,"characterOffsetEnd":828,"pos":"NN","before":"\t","after":" "},{"index":12,"word":"|","originalText":"|","characterOffsetBegin":829,"characterOffsetEnd":830,"pos":"CD","before":" ","after":" "},{"index":13,"word":"PSize","originalText":"PSize","characterOffsetBegin":831,"characterOffsetEnd":836,"pos":"NN","before":" ","after":" "},{"index":14,"word":"|","originalText":"|","characterOffsetBegin":837,"characterOffsetEnd":838,"pos":"CD","before":" ","after":" "},{"index":15,"word":"StructureNotifyMask","originalText":"StructureNotifyMask","characterOffsetBegin":839,"characterOffsetEnd":858,"pos":"NNP","before":" ","after":" "},{"index":16,"word":"|","originalText":"|","characterOffsetBegin":859,"characterOffsetEnd":860,"pos":"CD","before":" ","after":" "},{"index":17,"word":"ExposureMask","originalText":"ExposureMask","characterOffsetBegin":861,"characterOffsetEnd":873,"pos":"NNP","before":" ","after":""},{"index":18,"word":"|","originalText":"|","characterOffsetBegin":873,"characterOffsetEnd":874,"pos":"CD","before":"","after":" "},{"index":19,"word":"KeyPressMask","originalText":"KeyPressMask","characterOffsetBegin":875,"characterOffsetEnd":887,"pos":"NNP","before":" ","after":" "},{"index":20,"word":"|","originalText":"|","characterOffsetBegin":888,"characterOffsetEnd":889,"pos":"CD","before":" ","after":" \t"},{"index":21,"word":"EnterWindowMask","originalText":"EnterWindowMask","characterOffsetBegin":891,"characterOffsetEnd":906,"pos":"NNP","before":" \t","after":" "},{"index":22,"word":"|","originalText":"|","characterOffsetBegin":907,"characterOffsetEnd":908,"pos":"CD","before":" ","after":" "},{"index":23,"word":"LeaveWindowMask","originalText":"LeaveWindowMask","characterOffsetBegin":909,"characterOffsetEnd":924,"pos":"NNP","before":" ","after":""},{"index":24,"word":";","originalText":";","characterOffsetBegin":924,"characterOffsetEnd":925,"pos":":","before":"","after":""},{"index":25,"word":"The","originalText":"The","characterOffsetBegin":925,"characterOffsetEnd":928,"pos":"DT","before":"","after":" "},{"index":26,"word":"flags","originalText":"flags","characterOffsetBegin":929,"characterOffsetEnd":934,"pos":"NNS","before":" ","after":" "},{"index":27,"word":"are","originalText":"are","characterOffsetBegin":935,"characterOffsetEnd":938,"pos":"VBP","before":" ","after":"\t"},{"index":28,"word":"PPosition","originalText":"PPosition","characterOffsetBegin":939,"characterOffsetEnd":948,"pos":"NNP","before":"\t","after":" "},{"index":29,"word":"|","originalText":"|","characterOffsetBegin":949,"characterOffsetEnd":950,"pos":"CD","before":" ","after":" "},{"index":30,"word":"PSizeI","originalText":"PSizeI","characterOffsetBegin":951,"characterOffsetEnd":957,"pos":"NN","before":" ","after":" "},{"index":31,"word":"then","originalText":"then","characterOffsetBegin":958,"characterOffsetEnd":962,"pos":"RB","before":" ","after":" "},{"index":32,"word":"create","originalText":"create","characterOffsetBegin":963,"characterOffsetEnd":969,"pos":"VB","before":" ","after":" "},{"index":33,"word":"detail_win","originalText":"detail_win","characterOffsetBegin":970,"characterOffsetEnd":980,"pos":"NN","before":" ","after":""},{"index":34,"word":".","originalText":".","characterOffsetBegin":980,"characterOffsetEnd":981,"pos":".","before":"","after":""}]},{"index":14,"tokens":[{"index":1,"word":"win","originalText":"win","characterOffsetBegin":981,"characterOffsetEnd":984,"pos":"VB","before":"","after":" "},{"index":2,"word":"with","originalText":"with","characterOffsetBegin":985,"characterOffsetEnd":989,"pos":"IN","before":" ","after":" "},{"index":3,"word":"the","originalText":"the","characterOffsetBegin":990,"characterOffsetEnd":993,"pos":"DT","before":" ","after":" "},{"index":4,"word":"following","originalText":"following","characterOffsetBegin":994,"characterOffsetEnd":1003,"pos":"VBG","before":" ","after":" "},{"index":5,"word":"calls","originalText":"calls","characterOffsetBegin":1004,"characterOffsetEnd":1009,"pos":"NNS","before":" ","after":" "},{"index":6,"word":"-LRB-","originalText":"(","characterOffsetBegin":1010,"characterOffsetEnd":1011,"pos":"-LRB-","before":" ","after":""},{"index":7,"word":"hints","originalText":"hints","characterOffsetBegin":1011,"characterOffsetEnd":1016,"pos":"NNS","before":"","after":" "},{"index":8,"word":"has","originalText":"has","characterOffsetBegin":1017,"characterOffsetEnd":1020,"pos":"VBZ","before":" ","after":" "},{"index":9,"word":"new","originalText":"new","characterOffsetBegin":1021,"characterOffsetEnd":1024,"pos":"JJ","before":" ","after":" "},{"index":10,"word":"values","originalText":"values","characterOffsetBegin":1025,"characterOffsetEnd":1031,"pos":"NNS","before":" ","after":""},{"index":11,"word":"-RRB-","originalText":")","characterOffsetBegin":1031,"characterOffsetEnd":1032,"pos":"-RRB-","before":"","after":""},{"index":12,"word":":","originalText":":","characterOffsetBegin":1032,"characterOffsetEnd":1033,"pos":":","before":"","after":""},{"index":13,"word":"detail_win","originalText":"detail_win","characterOffsetBegin":1033,"characterOffsetEnd":1043,"pos":"NN","before":"","after":""},{"index":14,"word":".","originalText":".","characterOffsetBegin":1043,"characterOffsetEnd":1044,"pos":".","before":"","after":""}]},{"index":15,"tokens":[{"index":1,"word":"win","originalText":"win","characterOffsetBegin":1044,"characterOffsetEnd":1047,"pos":"VB","before":"","after":" "},{"index":2,"word":"=","originalText":"=","characterOffsetBegin":1048,"characterOffsetEnd":1049,"pos":"JJ","before":" ","after":" "},{"index":3,"word":"XCreateSimpleWindow","originalText":"XCreateSimpleWindow","characterOffsetBegin":1050,"characterOffsetEnd":1069,"pos":"NN","before":" ","after":" "},{"index":4,"word":"-LRB-","originalText":"(","characterOffsetBegin":1070,"characterOffsetEnd":1071,"pos":"-LRB-","before":" ","after":""},{"index":5,"word":"mydisplay","originalText":"mydisplay","characterOffsetBegin":1071,"characterOffsetEnd":1080,"pos":"NN","before":"","after":""},{"index":6,"word":",","originalText":",","characterOffsetBegin":1080,"characterOffsetEnd":1081,"pos":",","before":"","after":" "},{"index":7,"word":"DefaultRootWindow","originalText":"DefaultRootWindow","characterOffsetBegin":1082,"characterOffsetEnd":1099,"pos":"NN","before":" ","after":""},{"index":8,"word":"-LRB-","originalText":"(","characterOffsetBegin":1099,"characterOffsetEnd":1100,"pos":"-LRB-","before":"","after":""},{"index":9,"word":"mydisplay","originalText":"mydisplay","characterOffsetBegin":1100,"characterOffsetEnd":1109,"pos":"NN","before":"","after":""},{"index":10,"word":"-RRB-","originalText":")","characterOffsetBegin":1109,"characterOffsetEnd":1110,"pos":"-RRB-","before":"","after":""},{"index":11,"word":",","originalText":",","characterOffsetBegin":1110,"characterOffsetEnd":1111,"pos":",","before":"","after":"                "},{"index":12,"word":"myhint.x","originalText":"myhint.x","characterOffsetBegin":1127,"characterOffsetEnd":1135,"pos":"NN","before":"                ","after":""},{"index":13,"word":",","originalText":",","characterOffsetBegin":1135,"characterOffsetEnd":1136,"pos":",","before":"","after":" "},{"index":14,"word":"myhint.y","originalText":"myhint.y","characterOffsetBegin":1137,"characterOffsetEnd":1145,"pos":"NN","before":" ","after":""},{"index":15,"word":",","originalText":",","characterOffsetBegin":1145,"characterOffsetEnd":1146,"pos":",","before":"","after":" "},{"index":16,"word":"myhint.width","originalText":"myhint.width","characterOffsetBegin":1147,"characterOffsetEnd":1159,"pos":"NN","before":" ","after":""},{"index":17,"word":",","originalText":",","characterOffsetBegin":1159,"characterOffsetEnd":1160,"pos":",","before":"","after":" "},{"index":18,"word":"myhint.height","originalText":"myhint.height","characterOffsetBegin":1161,"characterOffsetEnd":1174,"pos":"NN","before":" ","after":""},{"index":19,"word":",","originalText":",","characterOffsetBegin":1174,"characterOffsetEnd":1175,"pos":",","before":"","after":"                "},{"index":20,"word":"detail_win","originalText":"detail_win","characterOffsetBegin":1191,"characterOffsetEnd":1201,"pos":"NN","before":"                ","after":""},{"index":21,"word":".","originalText":".","characterOffsetBegin":1201,"characterOffsetEnd":1202,"pos":".","before":"","after":""}]},{"index":16,"tokens":[{"index":1,"word":"line_thick","originalText":"line_thick","characterOffsetBegin":1202,"characterOffsetEnd":1212,"pos":"NN","before":"","after":""},{"index":2,"word":",","originalText":",","characterOffsetBegin":1212,"characterOffsetEnd":1213,"pos":",","before":"","after":" "},{"index":3,"word":"fg","originalText":"fg","characterOffsetBegin":1214,"characterOffsetEnd":1216,"pos":"NN","before":" ","after":""},{"index":4,"word":",","originalText":",","characterOffsetBegin":1216,"characterOffsetEnd":1217,"pos":",","before":"","after":" "},{"index":5,"word":"bg","originalText":"bg","characterOffsetBegin":1218,"characterOffsetEnd":1220,"pos":"NN","before":" ","after":""},{"index":6,"word":"-RRB-","originalText":")","characterOffsetBegin":1220,"characterOffsetEnd":1221,"pos":"-RRB-","before":"","after":""},{"index":7,"word":";","originalText":";","characterOffsetBegin":1221,"characterOffsetEnd":1222,"pos":":","before":"","after":""},{"index":8,"word":"XSetStandardProperties","originalText":"XSetStandardProperties","characterOffsetBegin":1222,"characterOffsetEnd":1244,"pos":"NNS","before":"","after":""},{"index":9,"word":"-LRB-","originalText":"(","characterOffsetBegin":1244,"characterOffsetEnd":1245,"pos":"-LRB-","before":"","after":""},{"index":10,"word":"mydisplay","originalText":"mydisplay","characterOffsetBegin":1245,"characterOffsetEnd":1254,"pos":"NN","before":"","after":""},{"index":11,"word":",","originalText":",","characterOffsetBegin":1254,"characterOffsetEnd":1255,"pos":",","before":"","after":" "},{"index":12,"word":"main_win","originalText":"main_win","characterOffsetBegin":1256,"characterOffsetEnd":1264,"pos":"NN","before":" ","after":""},{"index":13,"word":".","originalText":".","characterOffsetBegin":1264,"characterOffsetEnd":1265,"pos":".","before":"","after":""}]},{"index":17,"tokens":[{"index":1,"word":"win","originalText":"win","characterOffsetBegin":1265,"characterOffsetEnd":1268,"pos":"VB","before":"","after":""},{"index":2,"word":",","originalText":",","characterOffsetBegin":1268,"characterOffsetEnd":1269,"pos":",","before":"","after":" "},{"index":3,"word":"detail_win","originalText":"detail_win","characterOffsetBegin":1270,"characterOffsetEnd":1280,"pos":"NN","before":" ","after":""},{"index":4,"word":".","originalText":".","characterOffsetBegin":1280,"characterOffsetEnd":1281,"pos":".","before":"","after":""}]},{"index":18,"tokens":[{"index":1,"word":"text","originalText":"text","characterOffsetBegin":1281,"characterOffsetEnd":1285,"pos":"NN","before":"","after":""},{"index":2,"word":",","originalText":",","characterOffsetBegin":1285,"characterOffsetEnd":1286,"pos":",","before":"","after":"                "},{"index":3,"word":"detail_win","originalText":"detail_win","characterOffsetBegin":1302,"characterOffsetEnd":1312,"pos":"NN","before":"                ","after":""},{"index":4,"word":".","originalText":".","characterOffsetBegin":1312,"characterOffsetEnd":1313,"pos":".","before":"","after":""}]},{"index":19,"tokens":[{"index":1,"word":"text","originalText":"text","characterOffsetBegin":1313,"characterOffsetEnd":1317,"pos":"NN","before":"","after":""},{"index":2,"word":",","originalText":",","characterOffsetBegin":1317,"characterOffsetEnd":1318,"pos":",","before":"","after":" "},{"index":3,"word":"None","originalText":"None","characterOffsetBegin":1319,"characterOffsetEnd":1323,"pos":"NN","before":" ","after":""},{"index":4,"word":",","originalText":",","characterOffsetBegin":1323,"characterOffsetEnd":1324,"pos":",","before":"","after":" "},{"index":5,"word":"argv","originalText":"argv","characterOffsetBegin":1325,"characterOffsetEnd":1329,"pos":"NN","before":" ","after":""},{"index":6,"word":",","originalText":",","characterOffsetBegin":1329,"characterOffsetEnd":1330,"pos":",","before":"","after":" "},{"index":7,"word":"argc","originalText":"argc","characterOffsetBegin":1331,"characterOffsetEnd":1335,"pos":"NN","before":" ","after":""},{"index":8,"word":",","originalText":",","characterOffsetBegin":1335,"characterOffsetEnd":1336,"pos":",","before":"","after":" "},{"index":9,"word":"&","originalText":"&","characterOffsetBegin":1337,"characterOffsetEnd":1338,"pos":"CC","before":" ","after":""},{"index":10,"word":"myhint","originalText":"myhint","characterOffsetBegin":1338,"characterOffsetEnd":1344,"pos":"NN","before":"","after":""},{"index":11,"word":"-RRB-","originalText":")","characterOffsetBegin":1344,"characterOffsetEnd":1345,"pos":"-RRB-","before":"","after":""},{"index":12,"word":";","originalText":";","characterOffsetBegin":1345,"characterOffsetEnd":1346,"pos":":","before":"","after":""},{"index":13,"word":"detail_win","originalText":"detail_win","characterOffsetBegin":1346,"characterOffsetEnd":1356,"pos":"NN","before":"","after":""},{"index":14,"word":".","originalText":".","characterOffsetBegin":1356,"characterOffsetEnd":1357,"pos":".","before":"","after":""}]},{"index":20,"tokens":[{"index":1,"word":"gc","originalText":"gc","characterOffsetBegin":1357,"characterOffsetEnd":1359,"pos":"NN","before":"","after":" "},{"index":2,"word":"=","originalText":"=","characterOffsetBegin":1360,"characterOffsetEnd":1361,"pos":"JJ","before":" ","after":" "},{"index":3,"word":"XCreateGC","originalText":"XCreateGC","characterOffsetBegin":1362,"characterOffsetEnd":1371,"pos":"NN","before":" ","after":" "},{"index":4,"word":"-LRB-","originalText":"(","characterOffsetBegin":1372,"characterOffsetEnd":1373,"pos":"-LRB-","before":" ","after":""},{"index":5,"word":"mydisplay","originalText":"mydisplay","characterOffsetBegin":1373,"characterOffsetEnd":1382,"pos":"NN","before":"","after":""},{"index":6,"word":",","originalText":",","characterOffsetBegin":1382,"characterOffsetEnd":1383,"pos":",","before":"","after":" "},{"index":7,"word":"detail_win","originalText":"detail_win","characterOffsetBegin":1384,"characterOffsetEnd":1394,"pos":"NN","before":" ","after":""},{"index":8,"word":".","originalText":".","characterOffsetBegin":1394,"characterOffsetEnd":1395,"pos":".","before":"","after":""}]},{"index":21,"tokens":[{"index":1,"word":"win","originalText":"win","characterOffsetBegin":1395,"characterOffsetEnd":1398,"pos":"VB","before":"","after":""},{"index":2,"word":",","originalText":",","characterOffsetBegin":1398,"characterOffsetEnd":1399,"pos":",","before":"","after":" "},{"index":3,"word":"0","originalText":"0","characterOffsetBegin":1400,"characterOffsetEnd":1401,"pos":"CD","before":" ","after":""},{"index":4,"word":",","originalText":",","characterOffsetBegin":1401,"characterOffsetEnd":1402,"pos":",","before":"","after":" "},{"index":5,"word":"0","originalText":"0","characterOffsetBegin":1403,"characterOffsetEnd":1404,"pos":"CD","before":" ","after":""},{"index":6,"word":"-RRB-","originalText":")","characterOffsetBegin":1404,"characterOffsetEnd":1405,"pos":"-RRB-","before":"","after":""},{"index":7,"word":";","originalText":";","characterOffsetBegin":1405,"characterOffsetEnd":1406,"pos":":","before":"","after":""},{"index":8,"word":"XMapRaised","originalText":"XMapRaised","characterOffsetBegin":1406,"characterOffsetEnd":1416,"pos":"VBN","before":"","after":" "},{"index":9,"word":"-LRB-","originalText":"(","characterOffsetBegin":1417,"characterOffsetEnd":1418,"pos":"-LRB-","before":" ","after":""},{"index":10,"word":"mydisplay","originalText":"mydisplay","characterOffsetBegin":1418,"characterOffsetEnd":1427,"pos":"NN","before":"","after":""},{"index":11,"word":",","originalText":",","characterOffsetBegin":1427,"characterOffsetEnd":1428,"pos":",","before":"","after":" "},{"index":12,"word":"detail_win","originalText":"detail_win","characterOffsetBegin":1429,"characterOffsetEnd":1439,"pos":"NN","before":" ","after":""},{"index":13,"word":".","originalText":".","characterOffsetBegin":1439,"characterOffsetEnd":1440,"pos":".","before":"","after":""}]},{"index":22,"tokens":[{"index":1,"word":"win","originalText":"win","characterOffsetBegin":1440,"characterOffsetEnd":1443,"pos":"VB","before":"","after":""},{"index":2,"word":"-RRB-","originalText":")","characterOffsetBegin":1443,"characterOffsetEnd":1444,"pos":"-RRB-","before":"","after":""},{"index":3,"word":";","originalText":";","characterOffsetBegin":1444,"characterOffsetEnd":1445,"pos":":","before":"","after":""},{"index":4,"word":"Event","originalText":"Event","characterOffsetBegin":1445,"characterOffsetEnd":1450,"pos":"NNP","before":"","after":" "},{"index":5,"word":"Mask","originalText":"Mask","characterOffsetBegin":1451,"characterOffsetEnd":1455,"pos":"NNP","before":" ","after":" "},{"index":6,"word":"and","originalText":"and","characterOffsetBegin":1456,"characterOffsetEnd":1459,"pos":"CC","before":" ","after":" "},{"index":7,"word":"flags","originalText":"flags","characterOffsetBegin":1460,"characterOffsetEnd":1465,"pos":"NNS","before":" ","after":" "},{"index":8,"word":"are","originalText":"are","characterOffsetBegin":1466,"characterOffsetEnd":1469,"pos":"VBP","before":" ","after":" "},{"index":9,"word":"identical","originalText":"identical","characterOffsetBegin":1470,"characterOffsetEnd":1479,"pos":"JJ","before":" ","after":" "},{"index":10,"word":"to","originalText":"to","characterOffsetBegin":1480,"characterOffsetEnd":1482,"pos":"TO","before":" ","after":" "},{"index":11,"word":"main_win","originalText":"main_win","characterOffsetBegin":1483,"characterOffsetEnd":1491,"pos":"NN","before":" ","after":""},{"index":12,"word":"'s","originalText":"'s","characterOffsetBegin":1491,"characterOffsetEnd":1493,"pos":"POS","before":"","after":" "},{"index":13,"word":"flags","originalText":"flags","characterOffsetBegin":1494,"characterOffsetEnd":1499,"pos":"NNS","before":" ","after":" "},{"index":14,"word":"and","originalText":"and","characterOffsetBegin":1500,"characterOffsetEnd":1503,"pos":"CC","before":" ","after":" "},{"index":15,"word":"event","originalText":"event","characterOffsetBegin":1504,"characterOffsetEnd":1509,"pos":"NN","before":" ","after":" "},{"index":16,"word":"mask.If","originalText":"mask.If","characterOffsetBegin":1510,"characterOffsetEnd":1517,"pos":"NN","before":" ","after":" "},{"index":17,"word":"anybody","originalText":"anybody","characterOffsetBegin":1518,"characterOffsetEnd":1525,"pos":"NN","before":" ","after":" "},{"index":18,"word":"has","originalText":"has","characterOffsetBegin":1526,"characterOffsetEnd":1529,"pos":"VBZ","before":" ","after":" "},{"index":19,"word":"any","originalText":"any","characterOffsetBegin":1530,"characterOffsetEnd":1533,"pos":"DT","before":" ","after":" "},{"index":20,"word":"idea","originalText":"idea","characterOffsetBegin":1534,"characterOffsetEnd":1538,"pos":"NN","before":" ","after":" "},{"index":21,"word":"why","originalText":"why","characterOffsetBegin":1539,"characterOffsetEnd":1542,"pos":"WRB","before":" ","after":" "},{"index":22,"word":"the","originalText":"the","characterOffsetBegin":1543,"characterOffsetEnd":1546,"pos":"DT","before":" ","after":" "},{"index":23,"word":"initial","originalText":"initial","characterOffsetBegin":1547,"characterOffsetEnd":1554,"pos":"JJ","before":" ","after":" "},{"index":24,"word":"expose","originalText":"expose","characterOffsetBegin":1555,"characterOffsetEnd":1561,"pos":"VB","before":" ","after":" "},{"index":25,"word":"events","originalText":"events","characterOffsetBegin":1562,"characterOffsetEnd":1568,"pos":"NNS","before":" ","after":" "},{"index":26,"word":"of","originalText":"of","characterOffsetBegin":1569,"characterOffsetEnd":1571,"pos":"IN","before":" ","after":" "},{"index":27,"word":"detail_win","originalText":"detail_win","characterOffsetBegin":1572,"characterOffsetEnd":1582,"pos":"NN","before":" ","after":""},{"index":28,"word":".","originalText":".","characterOffsetBegin":1582,"characterOffsetEnd":1583,"pos":".","before":"","after":""}]},{"index":23,"tokens":[{"index":1,"word":"win","originalText":"win","characterOffsetBegin":1583,"characterOffsetEnd":1586,"pos":"VB","before":"","after":" "},{"index":2,"word":"are","originalText":"are","characterOffsetBegin":1587,"characterOffsetEnd":1590,"pos":"VBP","before":" ","after":" "},{"index":3,"word":"not","originalText":"not","characterOffsetBegin":1591,"characterOffsetEnd":1594,"pos":"RB","before":" ","after":" "},{"index":4,"word":"received","originalText":"received","characterOffsetBegin":1595,"characterOffsetEnd":1603,"pos":"VBN","before":" ","after":" "},{"index":5,"word":"until","originalText":"until","characterOffsetBegin":1604,"characterOffsetEnd":1609,"pos":"IN","before":" ","after":" "},{"index":6,"word":"main_win","originalText":"main_win","characterOffsetBegin":1610,"characterOffsetEnd":1618,"pos":"NN","before":" ","after":""},{"index":7,"word":".","originalText":".","characterOffsetBegin":1618,"characterOffsetEnd":1619,"pos":".","before":"","after":""}]},{"index":24,"tokens":[{"index":1,"word":"win","originalText":"win","characterOffsetBegin":1619,"characterOffsetEnd":1622,"pos":"VB","before":"","after":" "},{"index":2,"word":"receives","originalText":"receives","characterOffsetBegin":1623,"characterOffsetEnd":1631,"pos":"VBZ","before":" ","after":" "},{"index":3,"word":"an","originalText":"an","characterOffsetBegin":1632,"characterOffsetEnd":1634,"pos":"DT","before":" ","after":" "},{"index":4,"word":"event","originalText":"event","characterOffsetBegin":1635,"characterOffsetEnd":1640,"pos":"NN","before":" ","after":" "},{"index":5,"word":"I","originalText":"I","characterOffsetBegin":1641,"characterOffsetEnd":1642,"pos":"PRP","before":" ","after":""},{"index":6,"word":"'d","originalText":"'d","characterOffsetBegin":1642,"characterOffsetEnd":1644,"pos":"MD","before":"","after":" "},{"index":7,"word":"love","originalText":"love","characterOffsetBegin":1645,"characterOffsetEnd":1649,"pos":"VB","before":" ","after":" "},{"index":8,"word":"to","originalText":"to","characterOffsetBegin":1650,"characterOffsetEnd":1652,"pos":"TO","before":" ","after":" "},{"index":9,"word":"hear","originalText":"hear","characterOffsetBegin":1653,"characterOffsetEnd":1657,"pos":"VB","before":" ","after":" "},{"index":10,"word":"from","originalText":"from","characterOffsetBegin":1658,"characterOffsetEnd":1662,"pos":"IN","before":" ","after":" "},{"index":11,"word":"them","originalText":"them","characterOffsetBegin":1663,"characterOffsetEnd":1667,"pos":"PRP","before":" ","after":""},{"index":12,"word":".","originalText":".","characterOffsetBegin":1667,"characterOffsetEnd":1668,"pos":".","before":"","after":" "}]},{"index":25,"tokens":[{"index":1,"word":"Other","originalText":"Other","characterOffsetBegin":1669,"characterOffsetEnd":1674,"pos":"JJ","before":" ","after":" "},{"index":2,"word":"that","originalText":"that","characterOffsetBegin":1675,"characterOffsetEnd":1679,"pos":"IN","before":" ","after":" "},{"index":3,"word":"that","originalText":"that","characterOffsetBegin":1680,"characterOffsetEnd":1684,"pos":"IN","before":" ","after":" "},{"index":4,"word":"everything","originalText":"everything","characterOffsetBegin":1685,"characterOffsetEnd":1695,"pos":"NN","before":" ","after":" "},{"index":5,"word":"works","originalText":"works","characterOffsetBegin":1696,"characterOffsetEnd":1701,"pos":"VBZ","before":" ","after":" "},{"index":6,"word":"great","originalText":"great","characterOffsetBegin":1702,"characterOffsetEnd":1707,"pos":"JJ","before":" ","after":" "},{"index":7,"word":"so","originalText":"so","characterOffsetBegin":1708,"characterOffsetEnd":1710,"pos":"RB","before":" ","after":" "},{"index":8,"word":"there","originalText":"there","characterOffsetBegin":1711,"characterOffsetEnd":1716,"pos":"RB","before":" ","after":" "},{"index":9,"word":"must","originalText":"must","characterOffsetBegin":1717,"characterOffsetEnd":1721,"pos":"MD","before":" ","after":" "},{"index":10,"word":"be","originalText":"be","characterOffsetBegin":1722,"characterOffsetEnd":1724,"pos":"VB","before":" ","after":" "},{"index":11,"word":"some","originalText":"some","characterOffsetBegin":1725,"characterOffsetEnd":1729,"pos":"DT","before":" ","after":" "},{"index":12,"word":"detail","originalText":"detail","characterOffsetBegin":1730,"characterOffsetEnd":1736,"pos":"NN","before":" ","after":" "},{"index":13,"word":"I","originalText":"I","characterOffsetBegin":1737,"characterOffsetEnd":1738,"pos":"PRP","before":" ","after":""},{"index":14,"word":"'m","originalText":"'m","characterOffsetBegin":1738,"characterOffsetEnd":1740,"pos":"VBP","before":"","after":" "},{"index":15,"word":"overseeing.Thanks","originalText":"overseeing.Thanks","characterOffsetBegin":1741,"characterOffsetEnd":1758,"pos":"NNS","before":" ","after":" "},{"index":16,"word":"for","originalText":"for","characterOffsetBegin":1759,"characterOffsetEnd":1762,"pos":"IN","before":" ","after":" "},{"index":17,"word":"any","originalText":"any","characterOffsetBegin":1763,"characterOffsetEnd":1766,"pos":"DT","before":" ","after":" "},{"index":18,"word":"tips","originalText":"tips","characterOffsetBegin":1767,"characterOffsetEnd":1771,"pos":"NNS","before":" ","after":""},{"index":19,"word":"--","originalText":"---","characterOffsetBegin":1771,"characterOffsetEnd":1774,"pos":":","before":"","after":""},{"index":20,"word":">","originalText":">","characterOffsetBegin":1774,"characterOffsetEnd":1775,"pos":"JJR","before":"","after":" "},{"index":21,"word":"Robertrgasch@nl.oracle.com","originalText":"Robertrgasch@nl.oracle.com","characterOffsetBegin":1776,"characterOffsetEnd":1802,"pos":"NNP","before":" ","after":""}]}]}