{"sentences":[{"index":0,"tokens":[{"index":1,"word":"From","originalText":"From","characterOffsetBegin":0,"characterOffsetEnd":4,"pos":"IN","before":"","after":""},{"index":2,"word":":","originalText":":","characterOffsetBegin":4,"characterOffsetEnd":5,"pos":":","before":"","after":" "},{"index":3,"word":"kerr@ux1.cso.uiuc.edu","originalText":"kerr@ux1.cso.uiuc.edu","characterOffsetBegin":6,"characterOffsetEnd":27,"pos":"NN","before":" ","after":" "},{"index":4,"word":"-LRB-","originalText":"(","characterOffsetBegin":28,"characterOffsetEnd":29,"pos":"-LRB-","before":" ","after":""},{"index":5,"word":"Stan","originalText":"Stan","characterOffsetBegin":29,"characterOffsetEnd":33,"pos":"NNP","before":"","after":" "},{"index":6,"word":"Kerr","originalText":"Kerr","characterOffsetBegin":34,"characterOffsetEnd":38,"pos":"NNP","before":" ","after":""},{"index":7,"word":"-RRB-","originalText":")","characterOffsetBegin":38,"characterOffsetEnd":39,"pos":"-RRB-","before":"","after":""},{"index":8,"word":"Subject","originalText":"Subject","characterOffsetBegin":39,"characterOffsetEnd":46,"pos":"NNP","before":"","after":""},{"index":9,"word":":","originalText":":","characterOffsetBegin":46,"characterOffsetEnd":47,"pos":":","before":"","after":" "},{"index":10,"word":"MacX","originalText":"MacX","characterOffsetBegin":48,"characterOffsetEnd":52,"pos":"NN","before":" ","after":" "},{"index":11,"word":"1.2","originalText":"1.2","characterOffsetBegin":53,"characterOffsetEnd":56,"pos":"CD","before":" ","after":" "},{"index":12,"word":"color","originalText":"color","characterOffsetBegin":57,"characterOffsetEnd":62,"pos":"NN","before":" ","after":" "},{"index":13,"word":"problemI","originalText":"problemI","characterOffsetBegin":63,"characterOffsetEnd":71,"pos":"NN","before":" ","after":" "},{"index":14,"word":"have","originalText":"have","characterOffsetBegin":72,"characterOffsetEnd":76,"pos":"VBP","before":" ","after":" "},{"index":15,"word":"a","originalText":"a","characterOffsetBegin":77,"characterOffsetEnd":78,"pos":"DT","before":" ","after":" "},{"index":16,"word":"peculiar","originalText":"peculiar","characterOffsetBegin":79,"characterOffsetEnd":87,"pos":"JJ","before":" ","after":" "},{"index":17,"word":"color","originalText":"color","characterOffsetBegin":88,"characterOffsetEnd":93,"pos":"NN","before":" ","after":" "},{"index":18,"word":"problem","originalText":"problem","characterOffsetBegin":94,"characterOffsetEnd":101,"pos":"NN","before":" ","after":" "},{"index":19,"word":"with","originalText":"with","characterOffsetBegin":102,"characterOffsetEnd":106,"pos":"IN","before":" ","after":" "},{"index":20,"word":"MacX","originalText":"MacX","characterOffsetBegin":107,"characterOffsetEnd":111,"pos":"NN","before":" ","after":""},{"index":21,"word":",","originalText":",","characterOffsetBegin":111,"characterOffsetEnd":112,"pos":",","before":"","after":" "},{"index":22,"word":"Apple","originalText":"Apple","characterOffsetBegin":113,"characterOffsetEnd":118,"pos":"NNP","before":" ","after":""},{"index":23,"word":"'s","originalText":"'s","characterOffsetBegin":118,"characterOffsetEnd":120,"pos":"POS","before":"","after":" "},{"index":24,"word":"Macintosh","originalText":"Macintosh","characterOffsetBegin":121,"characterOffsetEnd":130,"pos":"NNP","before":" ","after":" "},{"index":25,"word":"X","originalText":"X","characterOffsetBegin":131,"characterOffsetEnd":132,"pos":"NN","before":" ","after":" "},{"index":26,"word":"server.I","originalText":"server.I","characterOffsetBegin":133,"characterOffsetEnd":141,"pos":"NN","before":" ","after":""},{"index":27,"word":"'d","originalText":"'d","characterOffsetBegin":141,"characterOffsetEnd":143,"pos":"MD","before":"","after":" "},{"index":28,"word":"like","originalText":"like","characterOffsetBegin":144,"characterOffsetEnd":148,"pos":"VB","before":" ","after":" "},{"index":29,"word":"to","originalText":"to","characterOffsetBegin":149,"characterOffsetEnd":151,"pos":"TO","before":" ","after":" "},{"index":30,"word":"know","originalText":"know","characterOffsetBegin":152,"characterOffsetEnd":156,"pos":"VB","before":" ","after":" "},{"index":31,"word":"if","originalText":"if","characterOffsetBegin":157,"characterOffsetEnd":159,"pos":"IN","before":" ","after":" "},{"index":32,"word":"others","originalText":"others","characterOffsetBegin":160,"characterOffsetEnd":166,"pos":"NNS","before":" ","after":" "},{"index":33,"word":"have","originalText":"have","characterOffsetBegin":167,"characterOffsetEnd":171,"pos":"VBP","before":" ","after":" "},{"index":34,"word":"seen","originalText":"seen","characterOffsetBegin":172,"characterOffsetEnd":176,"pos":"VBN","before":" ","after":" "},{"index":35,"word":"the","originalText":"the","characterOffsetBegin":177,"characterOffsetEnd":180,"pos":"DT","before":" ","after":" "},{"index":36,"word":"same","originalText":"same","characterOffsetBegin":181,"characterOffsetEnd":185,"pos":"JJ","before":" ","after":" "},{"index":37,"word":"problem","originalText":"problem","characterOffsetBegin":186,"characterOffsetEnd":193,"pos":"NN","before":" ","after":""},{"index":38,"word":".","originalText":".","characterOffsetBegin":193,"characterOffsetEnd":194,"pos":".","before":"","after":" "}]},{"index":1,"tokens":[{"index":1,"word":"It","originalText":"It","characterOffsetBegin":195,"characterOffsetEnd":197,"pos":"PRP","before":" ","after":""},{"index":2,"word":"'s","originalText":"'s","characterOffsetBegin":197,"characterOffsetEnd":199,"pos":"VBZ","before":"","after":" "},{"index":3,"word":"happenedwith","originalText":"happenedwith","characterOffsetBegin":200,"characterOffsetEnd":212,"pos":"NN","before":" ","after":" "},{"index":4,"word":"the","originalText":"the","characterOffsetBegin":213,"characterOffsetEnd":216,"pos":"DT","before":" ","after":" "},{"index":5,"word":"current","originalText":"current","characterOffsetBegin":217,"characterOffsetEnd":224,"pos":"JJ","before":" ","after":" "},{"index":6,"word":"version","originalText":"version","characterOffsetBegin":225,"characterOffsetEnd":232,"pos":"NN","before":" ","after":" "},{"index":7,"word":"-LRB-","originalText":"(","characterOffsetBegin":233,"characterOffsetEnd":234,"pos":"-LRB-","before":" ","after":""},{"index":8,"word":"1.2","originalText":"1.2","characterOffsetBegin":234,"characterOffsetEnd":237,"pos":"CD","before":"","after":""},{"index":9,"word":"-RRB-","originalText":")","characterOffsetBegin":237,"characterOffsetEnd":238,"pos":"-RRB-","before":"","after":""},{"index":10,"word":",","originalText":",","characterOffsetBegin":238,"characterOffsetEnd":239,"pos":",","before":"","after":" "},{"index":11,"word":"and","originalText":"and","characterOffsetBegin":240,"characterOffsetEnd":243,"pos":"CC","before":" ","after":" "},{"index":12,"word":"with","originalText":"with","characterOffsetBegin":244,"characterOffsetEnd":248,"pos":"IN","before":" ","after":" "},{"index":13,"word":"version","originalText":"version","characterOffsetBegin":249,"characterOffsetEnd":256,"pos":"NN","before":" ","after":" "},{"index":14,"word":"1.1.7","originalText":"1.1.7","characterOffsetBegin":257,"characterOffsetEnd":262,"pos":"CD","before":" ","after":""},{"index":15,"word":".","originalText":".","characterOffsetBegin":262,"characterOffsetEnd":263,"pos":".","before":"","after":""}]},{"index":2,"tokens":[{"index":1,"word":"When","originalText":"When","characterOffsetBegin":263,"characterOffsetEnd":267,"pos":"WRB","before":"","after":" "},{"index":2,"word":"some","originalText":"some","characterOffsetBegin":268,"characterOffsetEnd":272,"pos":"DT","before":" ","after":" "},{"index":3,"word":"types","originalText":"types","characterOffsetBegin":273,"characterOffsetEnd":278,"pos":"NNS","before":" ","after":" "},{"index":4,"word":"of","originalText":"of","characterOffsetBegin":279,"characterOffsetEnd":281,"pos":"IN","before":" ","after":" "},{"index":5,"word":"client","originalText":"client","characterOffsetBegin":282,"characterOffsetEnd":288,"pos":"NN","before":" ","after":" "},{"index":6,"word":"windows","originalText":"windows","characterOffsetBegin":289,"characterOffsetEnd":296,"pos":"NNS","before":" ","after":" "},{"index":7,"word":"are","originalText":"are","characterOffsetBegin":297,"characterOffsetEnd":300,"pos":"VBP","before":" ","after":" "},{"index":8,"word":"displayed","originalText":"displayed","characterOffsetBegin":301,"characterOffsetEnd":310,"pos":"VBN","before":" ","after":""},{"index":9,"word":",","originalText":",","characterOffsetBegin":310,"characterOffsetEnd":311,"pos":",","before":"","after":" "},{"index":10,"word":"parts","originalText":"parts","characterOffsetBegin":312,"characterOffsetEnd":317,"pos":"NNS","before":" ","after":" "},{"index":11,"word":"of","originalText":"of","characterOffsetBegin":318,"characterOffsetEnd":320,"pos":"IN","before":" ","after":" "},{"index":12,"word":"the","originalText":"the","characterOffsetBegin":321,"characterOffsetEnd":324,"pos":"DT","before":" ","after":" "},{"index":13,"word":"windowsare","originalText":"windowsare","characterOffsetBegin":325,"characterOffsetEnd":335,"pos":"NN","before":" ","after":" "},{"index":14,"word":"in","originalText":"in","characterOffsetBegin":336,"characterOffsetEnd":338,"pos":"IN","before":" ","after":" "},{"index":15,"word":"the","originalText":"the","characterOffsetBegin":339,"characterOffsetEnd":342,"pos":"DT","before":" ","after":" "},{"index":16,"word":"wrong","originalText":"wrong","characterOffsetBegin":343,"characterOffsetEnd":348,"pos":"JJ","before":" ","after":" "},{"index":17,"word":"color","originalText":"color","characterOffsetBegin":349,"characterOffsetEnd":354,"pos":"NN","before":" ","after":""},{"index":18,"word":";","originalText":";","characterOffsetBegin":354,"characterOffsetEnd":355,"pos":":","before":"","after":" "},{"index":19,"word":"if","originalText":"if","characterOffsetBegin":356,"characterOffsetEnd":358,"pos":"IN","before":" ","after":" "},{"index":20,"word":"the","originalText":"the","characterOffsetBegin":359,"characterOffsetEnd":362,"pos":"DT","before":" ","after":" "},{"index":21,"word":"window","originalText":"window","characterOffsetBegin":363,"characterOffsetEnd":369,"pos":"NN","before":" ","after":" "},{"index":22,"word":"is","originalText":"is","characterOffsetBegin":370,"characterOffsetEnd":372,"pos":"VBZ","before":" ","after":" "},{"index":23,"word":"moved","originalText":"moved","characterOffsetBegin":373,"characterOffsetEnd":378,"pos":"VBN","before":" ","after":" "},{"index":24,"word":"slightly","originalText":"slightly","characterOffsetBegin":379,"characterOffsetEnd":387,"pos":"RB","before":" ","after":""},{"index":25,"word":",","originalText":",","characterOffsetBegin":387,"characterOffsetEnd":388,"pos":",","before":"","after":" "},{"index":26,"word":"forcing","originalText":"forcing","characterOffsetBegin":389,"characterOffsetEnd":396,"pos":"VBG","before":" ","after":" "},{"index":27,"word":"the","originalText":"the","characterOffsetBegin":397,"characterOffsetEnd":400,"pos":"DT","before":" ","after":" "},{"index":28,"word":"serverto","originalText":"serverto","characterOffsetBegin":401,"characterOffsetEnd":409,"pos":"NN","before":" ","after":" "},{"index":29,"word":"repaint","originalText":"repaint","characterOffsetBegin":410,"characterOffsetEnd":417,"pos":"VB","before":" ","after":" "},{"index":30,"word":"it","originalText":"it","characterOffsetBegin":418,"characterOffsetEnd":420,"pos":"PRP","before":" ","after":""},{"index":31,"word":",","originalText":",","characterOffsetBegin":420,"characterOffsetEnd":421,"pos":",","before":"","after":" "},{"index":32,"word":"it","originalText":"it","characterOffsetBegin":422,"characterOffsetEnd":424,"pos":"PRP","before":" ","after":" "},{"index":33,"word":"is","originalText":"is","characterOffsetBegin":425,"characterOffsetEnd":427,"pos":"VBZ","before":" ","after":" "},{"index":34,"word":"repainted","originalText":"repainted","characterOffsetBegin":428,"characterOffsetEnd":437,"pos":"VBN","before":" ","after":" "},{"index":35,"word":"in","originalText":"in","characterOffsetBegin":438,"characterOffsetEnd":440,"pos":"IN","before":" ","after":" "},{"index":36,"word":"the","originalText":"the","characterOffsetBegin":441,"characterOffsetEnd":444,"pos":"DT","before":" ","after":" "},{"index":37,"word":"correct","originalText":"correct","characterOffsetBegin":445,"characterOffsetEnd":452,"pos":"JJ","before":" ","after":" "},{"index":38,"word":"colors","originalText":"colors","characterOffsetBegin":453,"characterOffsetEnd":459,"pos":"NNS","before":" ","after":""},{"index":39,"word":".","originalText":".","characterOffsetBegin":459,"characterOffsetEnd":460,"pos":".","before":"","after":" "}]},{"index":3,"tokens":[{"index":1,"word":"It","originalText":"It","characterOffsetBegin":461,"characterOffsetEnd":463,"pos":"PRP","before":" ","after":" "},{"index":2,"word":"does","originalText":"does","characterOffsetBegin":464,"characterOffsetEnd":468,"pos":"VBZ","before":" ","after":""},{"index":3,"word":"n't","originalText":"n't","characterOffsetBegin":468,"characterOffsetEnd":471,"pos":"RB","before":"","after":" "},{"index":4,"word":"happenfor","originalText":"happenfor","characterOffsetBegin":472,"characterOffsetEnd":481,"pos":"JJ","before":" ","after":" "},{"index":5,"word":"xterm","originalText":"xterm","characterOffsetBegin":482,"characterOffsetEnd":487,"pos":"JJ","before":" ","after":" "},{"index":6,"word":"windows","originalText":"windows","characterOffsetBegin":488,"characterOffsetEnd":495,"pos":"NNS","before":" ","after":""},{"index":7,"word":",","originalText":",","characterOffsetBegin":495,"characterOffsetEnd":496,"pos":",","before":"","after":" "},{"index":8,"word":"but","originalText":"but","characterOffsetBegin":497,"characterOffsetEnd":500,"pos":"CC","before":" ","after":" "},{"index":9,"word":"has","originalText":"has","characterOffsetBegin":501,"characterOffsetEnd":504,"pos":"VBZ","before":" ","after":" "},{"index":10,"word":"happened","originalText":"happened","characterOffsetBegin":505,"characterOffsetEnd":513,"pos":"VBN","before":" ","after":" "},{"index":11,"word":"for","originalText":"for","characterOffsetBegin":514,"characterOffsetEnd":517,"pos":"IN","before":" ","after":" "},{"index":12,"word":"graphic","originalText":"graphic","characterOffsetBegin":518,"characterOffsetEnd":525,"pos":"JJ","before":" ","after":" "},{"index":13,"word":"windows","originalText":"windows","characterOffsetBegin":526,"characterOffsetEnd":533,"pos":"NNS","before":" ","after":" "},{"index":14,"word":"and","originalText":"and","characterOffsetBegin":534,"characterOffsetEnd":537,"pos":"CC","before":" ","after":" "},{"index":15,"word":"with","originalText":"with","characterOffsetBegin":538,"characterOffsetEnd":542,"pos":"IN","before":" ","after":" "},{"index":16,"word":"someMotif","originalText":"someMotif","characterOffsetBegin":543,"characterOffsetEnd":552,"pos":"NN","before":" ","after":" "},{"index":17,"word":"clients","originalText":"clients","characterOffsetBegin":553,"characterOffsetEnd":560,"pos":"NNS","before":" ","after":""},{"index":18,"word":".","originalText":".","characterOffsetBegin":560,"characterOffsetEnd":561,"pos":".","before":"","after":""}]},{"index":4,"tokens":[{"index":1,"word":"--","originalText":"--","characterOffsetBegin":561,"characterOffsetEnd":563,"pos":":","before":"","after":" "},{"index":2,"word":"Stan","originalText":"Stan","characterOffsetBegin":564,"characterOffsetEnd":568,"pos":"NNP","before":" ","after":" "},{"index":3,"word":"Kerr","originalText":"Kerr","characterOffsetBegin":569,"characterOffsetEnd":573,"pos":"NNP","before":" ","after":"    "},{"index":4,"word":"Computing","originalText":"Computing","characterOffsetBegin":577,"characterOffsetEnd":586,"pos":"NNP","before":"    ","after":" "},{"index":5,"word":"&","originalText":"&","characterOffsetBegin":587,"characterOffsetEnd":588,"pos":"CC","before":" ","after":" "},{"index":6,"word":"Communications","originalText":"Communications","characterOffsetBegin":589,"characterOffsetEnd":603,"pos":"NNP","before":" ","after":" "},{"index":7,"word":"Services","originalText":"Services","characterOffsetBegin":604,"characterOffsetEnd":612,"pos":"NNP","before":" ","after":" "},{"index":8,"word":"Office","originalText":"Office","characterOffsetBegin":613,"characterOffsetEnd":619,"pos":"NNP","before":" ","after":""},{"index":9,"word":",","originalText":",","characterOffsetBegin":619,"characterOffsetEnd":620,"pos":",","before":"","after":" "},{"index":10,"word":"U","originalText":"U","characterOffsetBegin":621,"characterOffsetEnd":622,"pos":"NNP","before":" ","after":" "},{"index":11,"word":"of","originalText":"of","characterOffsetBegin":623,"characterOffsetEnd":625,"pos":"IN","before":" ","after":" "},{"index":12,"word":"Illinois/UrbanaPhone","originalText":"Illinois/UrbanaPhone","characterOffsetBegin":626,"characterOffsetEnd":646,"pos":"NNP","before":" ","after":""},{"index":13,"word":":","originalText":":","characterOffsetBegin":646,"characterOffsetEnd":647,"pos":":","before":"","after":" "},{"index":14,"word":"217-333-5217","originalText":"217-333-5217","characterOffsetBegin":648,"characterOffsetEnd":660,"pos":"CD","before":" ","after":"  "},{"index":15,"word":"Email","originalText":"Email","characterOffsetBegin":662,"characterOffsetEnd":667,"pos":"VB","before":"  ","after":""},{"index":16,"word":":","originalText":":","characterOffsetBegin":667,"characterOffsetEnd":668,"pos":":","before":"","after":" "},{"index":17,"word":"stankerr@uiuc.edu","originalText":"stankerr@uiuc.edu","characterOffsetBegin":669,"characterOffsetEnd":686,"pos":"NN","before":" ","after":""}]}]}