{"sentences":[{"index":0,"tokens":[{"index":1,"word":"From","originalText":"From","characterOffsetBegin":0,"characterOffsetEnd":4,"pos":"IN","before":"","after":""},{"index":2,"word":":","originalText":":","characterOffsetBegin":4,"characterOffsetEnd":5,"pos":":","before":"","after":" "},{"index":3,"word":"viola@asterix.uni-muenster.de","originalText":"viola@asterix.uni-muenster.de","characterOffsetBegin":6,"characterOffsetEnd":35,"pos":"NN","before":" ","after":" "},{"index":4,"word":"-LRB-","originalText":"(","characterOffsetBegin":36,"characterOffsetEnd":37,"pos":"-LRB-","before":" ","after":""},{"index":5,"word":"J","originalText":"J","characterOffsetBegin":37,"characterOffsetEnd":38,"pos":"NN","before":"","after":"�"},{"index":6,"word":"rg","originalText":"rg","characterOffsetBegin":39,"characterOffsetEnd":41,"pos":"NN","before":"�","after":" "},{"index":7,"word":"Viola","originalText":"Viola","characterOffsetBegin":42,"characterOffsetEnd":47,"pos":"NNP","before":" ","after":""},{"index":8,"word":"-RRB-","originalText":")","characterOffsetBegin":47,"characterOffsetEnd":48,"pos":"-RRB-","before":"","after":""},{"index":9,"word":"Subject","originalText":"Subject","characterOffsetBegin":48,"characterOffsetEnd":55,"pos":"NNP","before":"","after":""},{"index":10,"word":":","originalText":":","characterOffsetBegin":55,"characterOffsetEnd":56,"pos":":","before":"","after":" "},{"index":11,"word":"Looking","originalText":"Looking","characterOffsetBegin":57,"characterOffsetEnd":64,"pos":"VBG","before":" ","after":" "},{"index":12,"word":"for","originalText":"for","characterOffsetBegin":65,"characterOffsetEnd":68,"pos":"IN","before":" ","after":" "},{"index":13,"word":"Xt","originalText":"Xt","characterOffsetBegin":69,"characterOffsetEnd":71,"pos":"NN","before":" ","after":" "},{"index":14,"word":"and","originalText":"and","characterOffsetBegin":72,"characterOffsetEnd":75,"pos":"CC","before":" ","after":" "},{"index":15,"word":"XawI","originalText":"XawI","characterOffsetBegin":76,"characterOffsetEnd":80,"pos":"NN","before":" ","after":" "},{"index":16,"word":"want","originalText":"want","characterOffsetBegin":81,"characterOffsetEnd":85,"pos":"VBP","before":" ","after":" "},{"index":17,"word":"to","originalText":"to","characterOffsetBegin":86,"characterOffsetEnd":88,"pos":"TO","before":" ","after":" "},{"index":18,"word":"compile","originalText":"compile","characterOffsetBegin":89,"characterOffsetEnd":96,"pos":"VB","before":" ","after":" "},{"index":19,"word":"Xdvi","originalText":"Xdvi","characterOffsetBegin":97,"characterOffsetEnd":101,"pos":"NNP","before":" ","after":" "},{"index":20,"word":"and","originalText":"and","characterOffsetBegin":102,"characterOffsetEnd":105,"pos":"CC","before":" ","after":" "},{"index":21,"word":"later","originalText":"later","characterOffsetBegin":106,"characterOffsetEnd":111,"pos":"JJ","before":" ","after":" "},{"index":22,"word":"perhaps","originalText":"perhaps","characterOffsetBegin":112,"characterOffsetEnd":119,"pos":"RB","before":" ","after":" "},{"index":23,"word":"Emacs","originalText":"Emacs","characterOffsetBegin":120,"characterOffsetEnd":125,"pos":"NNS","before":" ","after":" "},{"index":24,"word":"19","originalText":"19","characterOffsetBegin":126,"characterOffsetEnd":128,"pos":"CD","before":" ","after":" "},{"index":25,"word":"on","originalText":"on","characterOffsetBegin":129,"characterOffsetEnd":131,"pos":"IN","before":" ","after":" "},{"index":26,"word":"a","originalText":"a","characterOffsetBegin":132,"characterOffsetEnd":133,"pos":"DT","before":" ","after":" "},{"index":27,"word":"DEC","originalText":"DEC","characterOffsetBegin":134,"characterOffsetEnd":137,"pos":"NNP","before":" ","after":" "},{"index":28,"word":"Ultrix","originalText":"Ultrix","characterOffsetBegin":138,"characterOffsetEnd":144,"pos":"NNP","before":" ","after":" "},{"index":29,"word":"machine","originalText":"machine","characterOffsetBegin":145,"characterOffsetEnd":152,"pos":"NN","before":" ","after":" "},{"index":30,"word":"withX","originalText":"withX","characterOffsetBegin":153,"characterOffsetEnd":158,"pos":"NN","before":" ","after":" "},{"index":31,"word":"installed","originalText":"installed","characterOffsetBegin":159,"characterOffsetEnd":168,"pos":"VBN","before":" ","after":""},{"index":32,"word":".","originalText":".","characterOffsetBegin":168,"characterOffsetEnd":169,"pos":".","before":"","after":" "}]},{"index":1,"tokens":[{"index":1,"word":"Unfortunately","originalText":"Unfortunately","characterOffsetBegin":170,"characterOffsetEnd":183,"pos":"RB","before":" ","after":""},{"index":2,"word":",","originalText":",","characterOffsetBegin":183,"characterOffsetEnd":184,"pos":",","before":"","after":" "},{"index":3,"word":"Xt","originalText":"Xt","characterOffsetBegin":185,"characterOffsetEnd":187,"pos":"NN","before":" ","after":" "},{"index":4,"word":"and","originalText":"and","characterOffsetBegin":188,"characterOffsetEnd":191,"pos":"CC","before":" ","after":" "},{"index":5,"word":"Xaw","originalText":"Xaw","characterOffsetBegin":192,"characterOffsetEnd":195,"pos":"NN","before":" ","after":" "},{"index":6,"word":"libs","originalText":"libs","characterOffsetBegin":196,"characterOffsetEnd":200,"pos":"NNS","before":" ","after":" "},{"index":7,"word":"and","originalText":"and","characterOffsetBegin":201,"characterOffsetEnd":204,"pos":"CC","before":" ","after":" "},{"index":8,"word":"headers","originalText":"headers","characterOffsetBegin":205,"characterOffsetEnd":212,"pos":"NNS","before":" ","after":" "},{"index":9,"word":"are","originalText":"are","characterOffsetBegin":213,"characterOffsetEnd":216,"pos":"VBP","before":" ","after":" "},{"index":10,"word":"missing","originalText":"missing","characterOffsetBegin":217,"characterOffsetEnd":224,"pos":"VBG","before":" ","after":""},{"index":11,"word":".","originalText":".","characterOffsetBegin":224,"characterOffsetEnd":225,"pos":".","before":"","after":" "}]},{"index":2,"tokens":[{"index":1,"word":"How","originalText":"How","characterOffsetBegin":226,"characterOffsetEnd":229,"pos":"WRB","before":" ","after":" "},{"index":2,"word":"can","originalText":"can","characterOffsetBegin":230,"characterOffsetEnd":233,"pos":"MD","before":" ","after":" "},{"index":3,"word":"Iget","originalText":"Iget","characterOffsetBegin":234,"characterOffsetEnd":238,"pos":"VB","before":" ","after":" "},{"index":4,"word":"them","originalText":"them","characterOffsetBegin":239,"characterOffsetEnd":243,"pos":"PRP","before":" ","after":" "},{"index":5,"word":"without","originalText":"without","characterOffsetBegin":244,"characterOffsetEnd":251,"pos":"IN","before":" ","after":" "},{"index":6,"word":"having","originalText":"having","characterOffsetBegin":252,"characterOffsetEnd":258,"pos":"VBG","before":" ","after":" "},{"index":7,"word":"to","originalText":"to","characterOffsetBegin":259,"characterOffsetEnd":261,"pos":"TO","before":" ","after":" "},{"index":8,"word":"compile","originalText":"compile","characterOffsetBegin":262,"characterOffsetEnd":269,"pos":"VB","before":" ","after":" "},{"index":9,"word":"the","originalText":"the","characterOffsetBegin":270,"characterOffsetEnd":273,"pos":"DT","before":" ","after":" "},{"index":10,"word":"whole","originalText":"whole","characterOffsetBegin":274,"characterOffsetEnd":279,"pos":"JJ","before":" ","after":" "},{"index":11,"word":"MIT","originalText":"MIT","characterOffsetBegin":280,"characterOffsetEnd":283,"pos":"NNP","before":" ","after":" "},{"index":12,"word":"distribution","originalText":"distribution","characterOffsetBegin":284,"characterOffsetEnd":296,"pos":"NN","before":" ","after":" "},{"index":13,"word":"?","originalText":"?","characterOffsetBegin":297,"characterOffsetEnd":298,"pos":".","before":" ","after":" "}]},{"index":3,"tokens":[{"index":1,"word":"Pleasy","originalText":"Pleasy","characterOffsetBegin":299,"characterOffsetEnd":305,"pos":"JJ","before":" ","after":" "},{"index":2,"word":"reply","originalText":"reply","characterOffsetBegin":306,"characterOffsetEnd":311,"pos":"NN","before":" ","after":" "},{"index":3,"word":"by","originalText":"by","characterOffsetBegin":312,"characterOffsetEnd":314,"pos":"IN","before":" ","after":" "},{"index":4,"word":"email","originalText":"email","characterOffsetBegin":315,"characterOffsetEnd":320,"pos":"NN","before":" ","after":" "},{"index":5,"word":"to","originalText":"to","characterOffsetBegin":321,"characterOffsetEnd":323,"pos":"TO","before":" ","after":""},{"index":6,"word":":","originalText":":","characterOffsetBegin":323,"characterOffsetEnd":324,"pos":":","before":"","after":" "},{"index":7,"word":"viola@yukawa.uni-muenster.deThanks","originalText":"viola@yukawa.uni-muenster.deThanks","characterOffsetBegin":325,"characterOffsetEnd":359,"pos":"NNS","before":" ","after":" "},{"index":8,"word":"in","originalText":"in","characterOffsetBegin":360,"characterOffsetEnd":362,"pos":"IN","before":" ","after":" "},{"index":9,"word":"advance","originalText":"advance","characterOffsetBegin":363,"characterOffsetEnd":370,"pos":"NN","before":" ","after":""},{"index":10,"word":".","originalText":".","characterOffsetBegin":370,"characterOffsetEnd":371,"pos":".","before":"","after":""}]}]}