{"sentences":[{"index":0,"tokens":[{"index":1,"word":"From","originalText":"From","characterOffsetBegin":0,"characterOffsetEnd":4,"pos":"IN","before":"","after":""},{"index":2,"word":":","originalText":":","characterOffsetBegin":4,"characterOffsetEnd":5,"pos":":","before":"","after":" "},{"index":3,"word":"dla@se05.wg2.waii.com","originalText":"dla@se05.wg2.waii.com","characterOffsetBegin":6,"characterOffsetEnd":27,"pos":"NN","before":" ","after":" "},{"index":4,"word":"-LRB-","originalText":"(","characterOffsetBegin":28,"characterOffsetEnd":29,"pos":"-LRB-","before":" ","after":""},{"index":5,"word":"Doug","originalText":"Doug","characterOffsetBegin":29,"characterOffsetEnd":33,"pos":"NNP","before":"","after":" "},{"index":6,"word":"Acker","originalText":"Acker","characterOffsetBegin":34,"characterOffsetEnd":39,"pos":"NNP","before":" ","after":""},{"index":7,"word":"-RRB-","originalText":")","characterOffsetBegin":39,"characterOffsetEnd":40,"pos":"-RRB-","before":"","after":""},{"index":8,"word":"Subject","originalText":"Subject","characterOffsetBegin":40,"characterOffsetEnd":47,"pos":"NNP","before":"","after":""},{"index":9,"word":":","originalText":":","characterOffsetBegin":47,"characterOffsetEnd":48,"pos":":","before":"","after":" "},{"index":10,"word":"xterm","originalText":"xterm","characterOffsetBegin":49,"characterOffsetEnd":54,"pos":"NN","before":" ","after":" "},{"index":11,"word":"build","originalText":"build","characterOffsetBegin":55,"characterOffsetEnd":60,"pos":"VB","before":" ","after":" "},{"index":12,"word":"problem","originalText":"problem","characterOffsetBegin":61,"characterOffsetEnd":68,"pos":"NN","before":" ","after":" "},{"index":13,"word":"in","originalText":"in","characterOffsetBegin":69,"characterOffsetEnd":71,"pos":"IN","before":" ","after":" "},{"index":14,"word":"Solaris2","originalText":"Solaris2","characterOffsetBegin":72,"characterOffsetEnd":80,"pos":"NN","before":" ","after":""},{"index":15,"word":".1","originalText":".1","characterOffsetBegin":80,"characterOffsetEnd":82,"pos":"NN","before":"","after":""},{"index":16,"word":".","originalText":".","characterOffsetBegin":82,"characterOffsetEnd":83,"pos":".","before":"","after":""}]},{"index":1,"tokens":[{"index":1,"word":".","originalText":".","characterOffsetBegin":83,"characterOffsetEnd":84,"pos":".","before":"","after":""}]},{"index":2,"tokens":[{"index":1,"word":"continuing","originalText":"continuing","characterOffsetBegin":84,"characterOffsetEnd":94,"pos":"VBG","before":"","after":" "},{"index":2,"word":"on","originalText":"on","characterOffsetBegin":95,"characterOffsetEnd":97,"pos":"IN","before":" ","after":" "},{"index":3,"word":"my","originalText":"my","characterOffsetBegin":98,"characterOffsetEnd":100,"pos":"PRP$","before":" ","after":" "},{"index":4,"word":"build","originalText":"build","characterOffsetBegin":101,"characterOffsetEnd":106,"pos":"VB","before":" ","after":" "},{"index":5,"word":"problems","originalText":"problems","characterOffsetBegin":107,"characterOffsetEnd":115,"pos":"NNS","before":" ","after":""},{"index":6,"word":",","originalText":",","characterOffsetBegin":115,"characterOffsetEnd":116,"pos":",","before":"","after":" "},{"index":7,"word":"I","originalText":"I","characterOffsetBegin":117,"characterOffsetEnd":118,"pos":"PRP","before":" ","after":" "},{"index":8,"word":"got","originalText":"got","characterOffsetBegin":119,"characterOffsetEnd":122,"pos":"VBD","before":" ","after":" "},{"index":9,"word":"stuck","originalText":"stuck","characterOffsetBegin":123,"characterOffsetEnd":128,"pos":"VBN","before":" ","after":" "},{"index":10,"word":"here","originalText":"here","characterOffsetBegin":129,"characterOffsetEnd":133,"pos":"RB","before":" ","after":" "},{"index":11,"word":"build","originalText":"build","characterOffsetBegin":134,"characterOffsetEnd":139,"pos":"VB","before":" ","after":" "},{"index":12,"word":"xterm","originalText":"xterm","characterOffsetBegin":140,"characterOffsetEnd":145,"pos":"NN","before":" ","after":""},{"index":13,"word":"...","originalText":"...","characterOffsetBegin":145,"characterOffsetEnd":148,"pos":":","before":"","after":""},{"index":14,"word":"gcc","originalText":"gcc","characterOffsetBegin":148,"characterOffsetEnd":151,"pos":"SYM","before":"","after":" "},{"index":15,"word":"-","originalText":"-","characterOffsetBegin":152,"characterOffsetEnd":153,"pos":":","before":" ","after":""},{"index":16,"word":"fpcc-struct-return","originalText":"fpcc-struct-return","characterOffsetBegin":153,"characterOffsetEnd":171,"pos":"NN","before":"","after":" "},{"index":17,"word":"-","originalText":"-","characterOffsetBegin":172,"characterOffsetEnd":173,"pos":":","before":" ","after":""},{"index":18,"word":"o","originalText":"o","characterOffsetBegin":173,"characterOffsetEnd":174,"pos":"NN","before":"","after":" "},{"index":19,"word":"xterm","originalText":"xterm","characterOffsetBegin":175,"characterOffsetEnd":180,"pos":"NN","before":" ","after":" "},{"index":20,"word":"main.o","originalText":"main.o","characterOffsetBegin":181,"characterOffsetEnd":187,"pos":"FW","before":" ","after":" "},{"index":21,"word":"input.o","originalText":"input.o","characterOffsetBegin":188,"characterOffsetEnd":195,"pos":"FW","before":" ","after":" "},{"index":22,"word":"charproc.o","originalText":"charproc.o","characterOffsetBegin":196,"characterOffsetEnd":206,"pos":"FW","before":" ","after":" "},{"index":23,"word":"cursor.o","originalText":"cursor.o","characterOffsetBegin":207,"characterOffsetEnd":215,"pos":"FW","before":" ","after":" "},{"index":24,"word":"util.o","originalText":"util.o","characterOffsetBegin":216,"characterOffsetEnd":222,"pos":"FW","before":" ","after":" "},{"index":25,"word":"tabs.o","originalText":"tabs.o","characterOffsetBegin":223,"characterOffsetEnd":229,"pos":"FW","before":" ","after":"  "},{"index":26,"word":"screen.o","originalText":"screen.o","characterOffsetBegin":231,"characterOffsetEnd":239,"pos":"FW","before":"  ","after":" "},{"index":27,"word":"scrollbar.o","originalText":"scrollbar.o","characterOffsetBegin":240,"characterOffsetEnd":251,"pos":"FW","before":" ","after":" "},{"index":28,"word":"button.o","originalText":"button.o","characterOffsetBegin":252,"characterOffsetEnd":260,"pos":"FW","before":" ","after":" "},{"index":29,"word":"Tekproc.o","originalText":"Tekproc.o","characterOffsetBegin":261,"characterOffsetEnd":270,"pos":"NN","before":" ","after":" "},{"index":30,"word":"misc.o","originalText":"misc.o","characterOffsetBegin":271,"characterOffsetEnd":277,"pos":"NN","before":" ","after":"  "},{"index":31,"word":"VTPrsTbl.o","originalText":"VTPrsTbl.o","characterOffsetBegin":279,"characterOffsetEnd":289,"pos":"NN","before":"  ","after":" "},{"index":32,"word":"TekPrsTbl.o","originalText":"TekPrsTbl.o","characterOffsetBegin":290,"characterOffsetEnd":301,"pos":"NN","before":" ","after":" "},{"index":33,"word":"data.o","originalText":"data.o","characterOffsetBegin":302,"characterOffsetEnd":308,"pos":"NN","before":" ","after":" "},{"index":34,"word":"menu.o","originalText":"menu.o","characterOffsetBegin":309,"characterOffsetEnd":315,"pos":"NN","before":" ","after":" "},{"index":35,"word":"-","originalText":"-","characterOffsetBegin":316,"characterOffsetEnd":317,"pos":":","before":" ","after":""},{"index":36,"word":"O2","originalText":"O2","characterOffsetBegin":317,"characterOffsetEnd":319,"pos":"CD","before":"","after":"   "},{"index":37,"word":"-","originalText":"-","characterOffsetBegin":322,"characterOffsetEnd":323,"pos":":","before":"   ","after":""},{"index":38,"word":"R/usr/wgep","originalText":"R/usr/wgep","characterOffsetBegin":323,"characterOffsetEnd":333,"pos":"NN","before":"","after":""},{"index":39,"word":"/","originalText":"/","characterOffsetBegin":333,"characterOffsetEnd":334,"pos":":","before":"","after":""},{"index":40,"word":"X11R5.sos5","originalText":"X11R5.sos5","characterOffsetBegin":334,"characterOffsetEnd":344,"pos":"NN","before":"","after":""},{"index":41,"word":"/","originalText":"/","characterOffsetBegin":344,"characterOffsetEnd":345,"pos":":","before":"","after":""},{"index":42,"word":"lib","originalText":"lib","characterOffsetBegin":345,"characterOffsetEnd":348,"pos":"NN","before":"","after":""},{"index":43,"word":"$","originalText":"$","characterOffsetBegin":348,"characterOffsetEnd":349,"pos":"$","before":"","after":""},{"index":44,"word":"-LCB-","originalText":"{","characterOffsetBegin":349,"characterOffsetEnd":350,"pos":"-LRB-","before":"","after":""},{"index":45,"word":"LD_RUN_PATH","originalText":"LD_RUN_PATH","characterOffsetBegin":350,"characterOffsetEnd":361,"pos":"NN","before":"","after":""},{"index":46,"word":"+","originalText":"+","characterOffsetBegin":361,"characterOffsetEnd":362,"pos":"CC","before":"","after":""},{"index":47,"word":"\\","originalText":"\\","characterOffsetBegin":362,"characterOffsetEnd":363,"pos":"CD","before":"","after":""},{"index":48,"word":":","originalText":":","characterOffsetBegin":363,"characterOffsetEnd":364,"pos":":","before":"","after":""},{"index":49,"word":"$","originalText":"$","characterOffsetBegin":364,"characterOffsetEnd":365,"pos":"$","before":"","after":""},{"index":50,"word":"LD_RUN_PATH","originalText":"LD_RUN_PATH","characterOffsetBegin":365,"characterOffsetEnd":376,"pos":"JJ","before":"","after":""},{"index":51,"word":"-RCB-","originalText":"}","characterOffsetBegin":376,"characterOffsetEnd":377,"pos":"-RRB-","before":"","after":" "},{"index":52,"word":"-","originalText":"-","characterOffsetBegin":378,"characterOffsetEnd":379,"pos":":","before":" ","after":""},{"index":53,"word":"L.","originalText":"L.","characterOffsetBegin":379,"characterOffsetEnd":381,"pos":"NNP","before":"","after":""},{"index":54,"word":".","originalText":".","characterOffsetBegin":381,"characterOffsetEnd":382,"pos":".","before":"","after":""}]},{"index":3,"tokens":[{"index":1,"word":"/","originalText":"/","characterOffsetBegin":382,"characterOffsetEnd":383,"pos":":","before":"","after":""},{"index":2,"word":".","originalText":".","characterOffsetBegin":383,"characterOffsetEnd":384,"pos":".","before":"","after":""}]},{"index":4,"tokens":[{"index":1,"word":".","originalText":".","characterOffsetBegin":384,"characterOffsetEnd":385,"pos":".","before":"","after":""}]},{"index":5,"tokens":[{"index":1,"word":"/","originalText":"/","characterOffsetBegin":385,"characterOffsetEnd":386,"pos":":","before":"","after":""},{"index":2,"word":".","originalText":".","characterOffsetBegin":386,"characterOffsetEnd":387,"pos":".","before":"","after":""}]},{"index":6,"tokens":[{"index":1,"word":"/","originalText":"/","characterOffsetBegin":387,"characterOffsetEnd":388,"pos":":","before":"","after":""},{"index":2,"word":"lib/Xaw","originalText":"lib/Xaw","characterOffsetBegin":388,"characterOffsetEnd":395,"pos":"NN","before":"","after":" "},{"index":3,"word":"-","originalText":"-","characterOffsetBegin":396,"characterOffsetEnd":397,"pos":":","before":" ","after":""},{"index":4,"word":"lXaw","originalText":"lXaw","characterOffsetBegin":397,"characterOffsetEnd":401,"pos":"NN","before":"","after":" "},{"index":5,"word":"-","originalText":"-","characterOffsetBegin":402,"characterOffsetEnd":403,"pos":":","before":" ","after":""},{"index":6,"word":"L.","originalText":"L.","characterOffsetBegin":403,"characterOffsetEnd":405,"pos":"NNP","before":"","after":""},{"index":7,"word":".","originalText":".","characterOffsetBegin":405,"characterOffsetEnd":406,"pos":".","before":"","after":""}]},{"index":7,"tokens":[{"index":1,"word":"/","originalText":"/","characterOffsetBegin":406,"characterOffsetEnd":407,"pos":":","before":"","after":""},{"index":2,"word":".","originalText":".","characterOffsetBegin":407,"characterOffsetEnd":408,"pos":".","before":"","after":""}]},{"index":8,"tokens":[{"index":1,"word":".","originalText":".","characterOffsetBegin":408,"characterOffsetEnd":409,"pos":".","before":"","after":""}]},{"index":9,"tokens":[{"index":1,"word":"/","originalText":"/","characterOffsetBegin":409,"characterOffsetEnd":410,"pos":":","before":"","after":""},{"index":2,"word":".","originalText":".","characterOffsetBegin":410,"characterOffsetEnd":411,"pos":".","before":"","after":""}]},{"index":10,"tokens":[{"index":1,"word":"/","originalText":"/","characterOffsetBegin":411,"characterOffsetEnd":412,"pos":":","before":"","after":""},{"index":2,"word":"lib/Xmu","originalText":"lib/Xmu","characterOffsetBegin":412,"characterOffsetEnd":419,"pos":"NN","before":"","after":" "},{"index":3,"word":"-","originalText":"-","characterOffsetBegin":420,"characterOffsetEnd":421,"pos":":","before":" ","after":""},{"index":4,"word":"lXmu","originalText":"lXmu","characterOffsetBegin":421,"characterOffsetEnd":425,"pos":"NN","before":"","after":" "},{"index":5,"word":"-","originalText":"-","characterOffsetBegin":426,"characterOffsetEnd":427,"pos":":","before":" ","after":""},{"index":6,"word":"L.","originalText":"L.","characterOffsetBegin":427,"characterOffsetEnd":429,"pos":"NNP","before":"","after":""},{"index":7,"word":".","originalText":".","characterOffsetBegin":429,"characterOffsetEnd":430,"pos":".","before":"","after":""}]},{"index":11,"tokens":[{"index":1,"word":"/","originalText":"/","characterOffsetBegin":430,"characterOffsetEnd":431,"pos":":","before":"","after":""},{"index":2,"word":".","originalText":".","characterOffsetBegin":431,"characterOffsetEnd":432,"pos":".","before":"","after":""}]},{"index":12,"tokens":[{"index":1,"word":".","originalText":".","characterOffsetBegin":432,"characterOffsetEnd":433,"pos":".","before":"","after":""}]},{"index":13,"tokens":[{"index":1,"word":"/","originalText":"/","characterOffsetBegin":433,"characterOffsetEnd":434,"pos":":","before":"","after":""},{"index":2,"word":".","originalText":".","characterOffsetBegin":434,"characterOffsetEnd":435,"pos":".","before":"","after":""}]},{"index":14,"tokens":[{"index":1,"word":"/","originalText":"/","characterOffsetBegin":435,"characterOffsetEnd":436,"pos":":","before":"","after":""},{"index":2,"word":"lib/Xt","originalText":"lib/Xt","characterOffsetBegin":436,"characterOffsetEnd":442,"pos":"NN","before":"","after":" "},{"index":3,"word":"-","originalText":"-","characterOffsetBegin":443,"characterOffsetEnd":444,"pos":":","before":" ","after":""},{"index":4,"word":"lXt","originalText":"lXt","characterOffsetBegin":444,"characterOffsetEnd":447,"pos":"NN","before":"","after":" "},{"index":5,"word":"-","originalText":"-","characterOffsetBegin":448,"characterOffsetEnd":449,"pos":":","before":" ","after":""},{"index":6,"word":"L.","originalText":"L.","characterOffsetBegin":449,"characterOffsetEnd":451,"pos":"NNP","before":"","after":""},{"index":7,"word":".","originalText":".","characterOffsetBegin":451,"characterOffsetEnd":452,"pos":".","before":"","after":""}]},{"index":15,"tokens":[{"index":1,"word":"/","originalText":"/","characterOffsetBegin":452,"characterOffsetEnd":453,"pos":":","before":"","after":""},{"index":2,"word":".","originalText":".","characterOffsetBegin":453,"characterOffsetEnd":454,"pos":".","before":"","after":""}]},{"index":16,"tokens":[{"index":1,"word":".","originalText":".","characterOffsetBegin":454,"characterOffsetEnd":455,"pos":".","before":"","after":""}]},{"index":17,"tokens":[{"index":1,"word":"/","originalText":"/","characterOffsetBegin":455,"characterOffsetEnd":456,"pos":":","before":"","after":""},{"index":2,"word":".","originalText":".","characterOffsetBegin":456,"characterOffsetEnd":457,"pos":".","before":"","after":""}]},{"index":18,"tokens":[{"index":1,"word":"/","originalText":"/","characterOffsetBegin":457,"characterOffsetEnd":458,"pos":":","before":"","after":""},{"index":2,"word":"extensions/lib","originalText":"extensions/lib","characterOffsetBegin":458,"characterOffsetEnd":472,"pos":"SYM","before":"","after":" "},{"index":3,"word":"-","originalText":"-","characterOffsetBegin":473,"characterOffsetEnd":474,"pos":":","before":" ","after":""},{"index":4,"word":"lXext","originalText":"lXext","characterOffsetBegin":474,"characterOffsetEnd":479,"pos":"NN","before":"","after":" "},{"index":5,"word":"-","originalText":"-","characterOffsetBegin":480,"characterOffsetEnd":481,"pos":":","before":" ","after":""},{"index":6,"word":"L.","originalText":"L.","characterOffsetBegin":481,"characterOffsetEnd":483,"pos":"NNP","before":"","after":""},{"index":7,"word":".","originalText":".","characterOffsetBegin":483,"characterOffsetEnd":484,"pos":".","before":"","after":""}]},{"index":19,"tokens":[{"index":1,"word":"/","originalText":"/","characterOffsetBegin":484,"characterOffsetEnd":485,"pos":":","before":"","after":""},{"index":2,"word":".","originalText":".","characterOffsetBegin":485,"characterOffsetEnd":486,"pos":".","before":"","after":""}]},{"index":20,"tokens":[{"index":1,"word":".","originalText":".","characterOffsetBegin":486,"characterOffsetEnd":487,"pos":".","before":"","after":""}]},{"index":21,"tokens":[{"index":1,"word":"/","originalText":"/","characterOffsetBegin":487,"characterOffsetEnd":488,"pos":":","before":"","after":""},{"index":2,"word":".","originalText":".","characterOffsetBegin":488,"characterOffsetEnd":489,"pos":".","before":"","after":""}]},{"index":22,"tokens":[{"index":1,"word":"/","originalText":"/","characterOffsetBegin":489,"characterOffsetEnd":490,"pos":":","before":"","after":""},{"index":2,"word":"lib/X","originalText":"lib/X","characterOffsetBegin":490,"characterOffsetEnd":495,"pos":"NN","before":"","after":" "},{"index":3,"word":"-","originalText":"-","characterOffsetBegin":496,"characterOffsetEnd":497,"pos":":","before":" ","after":""},{"index":4,"word":"lX11","originalText":"lX11","characterOffsetBegin":497,"characterOffsetEnd":501,"pos":"NN","before":"","after":" "},{"index":5,"word":"-","originalText":"-","characterOffsetBegin":502,"characterOffsetEnd":503,"pos":":","before":" ","after":""},{"index":6,"word":"L/usr/wgep","originalText":"L/usr/wgep","characterOffsetBegin":503,"characterOffsetEnd":513,"pos":"NN","before":"","after":""},{"index":7,"word":"/","originalText":"/","characterOffsetBegin":513,"characterOffsetEnd":514,"pos":":","before":"","after":""},{"index":8,"word":"X11R5.sos5","originalText":"X11R5.sos5","characterOffsetBegin":514,"characterOffsetEnd":524,"pos":"NN","before":"","after":""},{"index":9,"word":"/","originalText":"/","characterOffsetBegin":524,"characterOffsetEnd":525,"pos":":","before":"","after":""},{"index":10,"word":"lib","originalText":"lib","characterOffsetBegin":525,"characterOffsetEnd":528,"pos":"SYM","before":"","after":"  "},{"index":11,"word":"-","originalText":"-","characterOffsetBegin":530,"characterOffsetEnd":531,"pos":":","before":"  ","after":""},{"index":12,"word":"lsocket","originalText":"lsocket","characterOffsetBegin":531,"characterOffsetEnd":538,"pos":"NN","before":"","after":" "},{"index":13,"word":"-","originalText":"-","characterOffsetBegin":539,"characterOffsetEnd":540,"pos":":","before":" ","after":""},{"index":14,"word":"lnsl","originalText":"lnsl","characterOffsetBegin":540,"characterOffsetEnd":544,"pos":"NN","before":"","after":" "},{"index":15,"word":"-","originalText":"-","characterOffsetBegin":545,"characterOffsetEnd":546,"pos":":","before":" ","after":""},{"index":16,"word":"ltermcapUndefined","originalText":"ltermcapUndefined","characterOffsetBegin":546,"characterOffsetEnd":563,"pos":"VBN","before":"","after":"                       "},{"index":17,"word":"first","originalText":"first","characterOffsetBegin":586,"characterOffsetEnd":591,"pos":"RB","before":"                       ","after":" "},{"index":18,"word":"referenced","originalText":"referenced","characterOffsetBegin":592,"characterOffsetEnd":602,"pos":"VBN","before":" ","after":" "},{"index":19,"word":"symbol","originalText":"symbol","characterOffsetBegin":603,"characterOffsetEnd":609,"pos":"NN","before":" ","after":"                             "},{"index":20,"word":"in","originalText":"in","characterOffsetBegin":638,"characterOffsetEnd":640,"pos":"IN","before":"                             ","after":" "},{"index":21,"word":"fileindex","originalText":"fileindex","characterOffsetBegin":641,"characterOffsetEnd":650,"pos":"NN","before":" ","after":"                               "},{"index":22,"word":"/","originalText":"/","characterOffsetBegin":681,"characterOffsetEnd":682,"pos":":","before":"                               ","after":""},{"index":23,"word":"usr/ucblib/libtermcap","originalText":"usr/ucblib/libtermcap","characterOffsetBegin":682,"characterOffsetEnd":703,"pos":"NN","before":"","after":""},{"index":24,"word":".","originalText":".","characterOffsetBegin":703,"characterOffsetEnd":704,"pos":".","before":"","after":""}]},{"index":23,"tokens":[{"index":1,"word":"a","originalText":"a","characterOffsetBegin":704,"characterOffsetEnd":705,"pos":"DT","before":"","after":""},{"index":2,"word":"-LRB-","originalText":"(","characterOffsetBegin":705,"characterOffsetEnd":706,"pos":"-LRB-","before":"","after":""},{"index":3,"word":"termcap.o","originalText":"termcap.o","characterOffsetBegin":706,"characterOffsetEnd":715,"pos":"NN","before":"","after":""},{"index":4,"word":"-RRB-","originalText":")","characterOffsetBegin":715,"characterOffsetEnd":716,"pos":"-RRB-","before":"","after":""},{"index":5,"word":"rindex","originalText":"rindex","characterOffsetBegin":716,"characterOffsetEnd":722,"pos":"NN","before":"","after":"                              "},{"index":6,"word":"/","originalText":"/","characterOffsetBegin":752,"characterOffsetEnd":753,"pos":":","before":"                              ","after":""},{"index":7,"word":"usr/ucblib/libtermcap","originalText":"usr/ucblib/libtermcap","characterOffsetBegin":753,"characterOffsetEnd":774,"pos":"NN","before":"","after":""},{"index":8,"word":".","originalText":".","characterOffsetBegin":774,"characterOffsetEnd":775,"pos":".","before":"","after":""}]},{"index":24,"tokens":[{"index":1,"word":"a","originalText":"a","characterOffsetBegin":775,"characterOffsetEnd":776,"pos":"DT","before":"","after":""},{"index":2,"word":"-LRB-","originalText":"(","characterOffsetBegin":776,"characterOffsetEnd":777,"pos":"-LRB-","before":"","after":""},{"index":3,"word":"termcap.o","originalText":"termcap.o","characterOffsetBegin":777,"characterOffsetEnd":786,"pos":"NN","before":"","after":""},{"index":4,"word":"-RRB-","originalText":")","characterOffsetBegin":786,"characterOffsetEnd":787,"pos":"-RRB-","before":"","after":""},{"index":5,"word":"ld","originalText":"ld","characterOffsetBegin":787,"characterOffsetEnd":789,"pos":"NN","before":"","after":""},{"index":6,"word":":","originalText":":","characterOffsetBegin":789,"characterOffsetEnd":790,"pos":":","before":"","after":" "},{"index":7,"word":"fatal","originalText":"fatal","characterOffsetBegin":791,"characterOffsetEnd":796,"pos":"JJ","before":" ","after":""},{"index":8,"word":":","originalText":":","characterOffsetBegin":796,"characterOffsetEnd":797,"pos":":","before":"","after":" "},{"index":9,"word":"Symbol","originalText":"Symbol","characterOffsetBegin":798,"characterOffsetEnd":804,"pos":"NN","before":" ","after":" "},{"index":10,"word":"referencing","originalText":"referencing","characterOffsetBegin":805,"characterOffsetEnd":816,"pos":"VBG","before":" ","after":" "},{"index":11,"word":"errors","originalText":"errors","characterOffsetBegin":817,"characterOffsetEnd":823,"pos":"NNS","before":" ","after":""},{"index":12,"word":".","originalText":".","characterOffsetBegin":823,"characterOffsetEnd":824,"pos":".","before":"","after":" "}]},{"index":25,"tokens":[{"index":1,"word":"No","originalText":"No","characterOffsetBegin":825,"characterOffsetEnd":827,"pos":"DT","before":" ","after":" "},{"index":2,"word":"output","originalText":"output","characterOffsetBegin":828,"characterOffsetEnd":834,"pos":"NN","before":" ","after":" "},{"index":3,"word":"written","originalText":"written","characterOffsetBegin":835,"characterOffsetEnd":842,"pos":"VBN","before":" ","after":" "},{"index":4,"word":"to","originalText":"to","characterOffsetBegin":843,"characterOffsetEnd":845,"pos":"TO","before":" ","after":" "},{"index":5,"word":"xterm","originalText":"xterm","characterOffsetBegin":846,"characterOffsetEnd":851,"pos":"VB","before":" ","after":""},{"index":6,"word":"***","originalText":"***","characterOffsetBegin":851,"characterOffsetEnd":854,"pos":"CD","before":"","after":" "},{"index":7,"word":"Error","originalText":"Error","characterOffsetBegin":855,"characterOffsetEnd":860,"pos":"NNP","before":" ","after":" "},{"index":8,"word":"code","originalText":"code","characterOffsetBegin":861,"characterOffsetEnd":865,"pos":"NN","before":" ","after":" "},{"index":9,"word":"1make","originalText":"1make","characterOffsetBegin":866,"characterOffsetEnd":871,"pos":"NN","before":" ","after":""},{"index":10,"word":":","originalText":":","characterOffsetBegin":871,"characterOffsetEnd":872,"pos":":","before":"","after":" "},{"index":11,"word":"Fatal","originalText":"Fatal","characterOffsetBegin":873,"characterOffsetEnd":878,"pos":"JJ","before":" ","after":" "},{"index":12,"word":"error","originalText":"error","characterOffsetBegin":879,"characterOffsetEnd":884,"pos":"NN","before":" ","after":""},{"index":13,"word":":","originalText":":","characterOffsetBegin":884,"characterOffsetEnd":885,"pos":":","before":"","after":" "},{"index":14,"word":"Command","originalText":"Command","characterOffsetBegin":886,"characterOffsetEnd":893,"pos":"NN","before":" ","after":" "},{"index":15,"word":"failed","originalText":"failed","characterOffsetBegin":894,"characterOffsetEnd":900,"pos":"VBD","before":" ","after":" "},{"index":16,"word":"for","originalText":"for","characterOffsetBegin":901,"characterOffsetEnd":904,"pos":"IN","before":" ","after":" "},{"index":17,"word":"target","originalText":"target","characterOffsetBegin":905,"characterOffsetEnd":911,"pos":"NN","before":" ","after":" "},{"index":18,"word":"`","originalText":"`","characterOffsetBegin":912,"characterOffsetEnd":913,"pos":"``","before":" ","after":""},{"index":19,"word":"xterm","originalText":"xterm","characterOffsetBegin":913,"characterOffsetEnd":918,"pos":"FW","before":"","after":""},{"index":20,"word":"`","originalText":"'","characterOffsetBegin":918,"characterOffsetEnd":919,"pos":"``","before":"","after":""},{"index":21,"word":"Any","originalText":"Any","characterOffsetBegin":919,"characterOffsetEnd":922,"pos":"DT","before":"","after":" "},{"index":22,"word":"clues","originalText":"clues","characterOffsetBegin":923,"characterOffsetEnd":928,"pos":"NNS","before":" ","after":" "},{"index":23,"word":"for","originalText":"for","characterOffsetBegin":929,"characterOffsetEnd":932,"pos":"IN","before":" ","after":" "},{"index":24,"word":"help","originalText":"help","characterOffsetBegin":933,"characterOffsetEnd":937,"pos":"NN","before":" ","after":""},{"index":25,"word":"?","originalText":"?","characterOffsetBegin":937,"characterOffsetEnd":938,"pos":".","before":"","after":""}]},{"index":26,"tokens":[{"index":1,"word":"--","originalText":"--","characterOffsetBegin":938,"characterOffsetEnd":940,"pos":":","before":"","after":""},{"index":2,"word":"Douglas","originalText":"Douglas","characterOffsetBegin":940,"characterOffsetEnd":947,"pos":"NNP","before":"","after":" "},{"index":3,"word":"L.Acker","originalText":"L.Acker","characterOffsetBegin":948,"characterOffsetEnd":955,"pos":"NNP","before":" ","after":"                "},{"index":4,"word":"Western","originalText":"Western","characterOffsetBegin":971,"characterOffsetEnd":978,"pos":"NNP","before":"                ","after":" "},{"index":5,"word":"Geophysical","originalText":"Geophysical","characterOffsetBegin":979,"characterOffsetEnd":990,"pos":"NNP","before":" ","after":" "},{"index":6,"word":"Exploration","originalText":"Exploration","characterOffsetBegin":991,"characterOffsetEnd":1002,"pos":"NNP","before":" ","after":" "},{"index":7,"word":"Products","originalText":"Products","characterOffsetBegin":1003,"characterOffsetEnd":1011,"pos":"NNPS","before":" ","after":""},{"index":8,"word":"____","originalText":"____","characterOffsetBegin":1011,"characterOffsetEnd":1015,"pos":"CD","before":"","after":"    "},{"index":9,"word":"____","originalText":"____","characterOffsetBegin":1019,"characterOffsetEnd":1023,"pos":"CD","before":"    ","after":"     "},{"index":10,"word":"____","originalText":"____","characterOffsetBegin":1028,"characterOffsetEnd":1032,"pos":"CD","before":"     ","after":"          "},{"index":11,"word":"a","originalText":"a","characterOffsetBegin":1042,"characterOffsetEnd":1043,"pos":"DT","before":"          ","after":" "},{"index":12,"word":"division","originalText":"division","characterOffsetBegin":1044,"characterOffsetEnd":1052,"pos":"NN","before":" ","after":" "},{"index":13,"word":"of","originalText":"of","characterOffsetBegin":1053,"characterOffsetEnd":1055,"pos":"IN","before":" ","after":" "},{"index":14,"word":"Western","originalText":"Western","characterOffsetBegin":1056,"characterOffsetEnd":1063,"pos":"JJ","before":" ","after":" "},{"index":15,"word":"Atlas","originalText":"Atlas","characterOffsetBegin":1064,"characterOffsetEnd":1069,"pos":"NNP","before":" ","after":" "},{"index":16,"word":"International","originalText":"International","characterOffsetBegin":1070,"characterOffsetEnd":1083,"pos":"NNP","before":" ","after":" "},{"index":17,"word":"Inc.","originalText":"Inc.","characterOffsetBegin":1084,"characterOffsetEnd":1088,"pos":"NNP","before":" ","after":""},{"index":18,"word":"\\","originalText":"\\","characterOffsetBegin":1088,"characterOffsetEnd":1089,"pos":"VBD","before":"","after":"   "},{"index":19,"word":"\\","originalText":"\\","characterOffsetBegin":1092,"characterOffsetEnd":1093,"pos":"CD","before":"   ","after":"  "},{"index":20,"word":"/","originalText":"/","characterOffsetBegin":1095,"characterOffsetEnd":1096,"pos":":","before":"  ","after":"   "},{"index":21,"word":"/","originalText":"/","characterOffsetBegin":1099,"characterOffsetEnd":1100,"pos":":","before":"   ","after":""},{"index":22,"word":"\\","originalText":"\\","characterOffsetBegin":1100,"characterOffsetEnd":1101,"pos":"CD","before":"","after":"   "},{"index":23,"word":"/","originalText":"/","characterOffsetBegin":1104,"characterOffsetEnd":1105,"pos":":","before":"   ","after":"   "},{"index":24,"word":"/","originalText":"/","characterOffsetBegin":1108,"characterOffsetEnd":1109,"pos":":","before":"   ","after":""},{"index":25,"word":"\\","originalText":"\\","characterOffsetBegin":1109,"characterOffsetEnd":1110,"pos":"CD","before":"","after":"         "},{"index":26,"word":"A","originalText":"A","characterOffsetBegin":1119,"characterOffsetEnd":1120,"pos":"DT","before":"         ","after":" "},{"index":27,"word":"Litton","originalText":"Litton","characterOffsetBegin":1121,"characterOffsetEnd":1127,"pos":"NNP","before":" ","after":" "},{"index":28,"word":"/","originalText":"/","characterOffsetBegin":1128,"characterOffsetEnd":1129,"pos":":","before":" ","after":" "},{"index":29,"word":"Dresser","originalText":"Dresser","characterOffsetBegin":1130,"characterOffsetEnd":1137,"pos":"NNP","before":" ","after":" "},{"index":30,"word":"Company","originalText":"Company","characterOffsetBegin":1138,"characterOffsetEnd":1145,"pos":"NNP","before":" ","after":" "},{"index":31,"word":"\\","originalText":"\\","characterOffsetBegin":1146,"characterOffsetEnd":1147,"pos":"NNP","before":" ","after":"   "},{"index":32,"word":"\\","originalText":"\\","characterOffsetBegin":1150,"characterOffsetEnd":1151,"pos":"VBD","before":"   ","after":""},{"index":33,"word":"/","originalText":"/","characterOffsetBegin":1151,"characterOffsetEnd":1152,"pos":":","before":"","after":"   "},{"index":34,"word":"/","originalText":"/","characterOffsetBegin":1155,"characterOffsetEnd":1156,"pos":":","before":"   ","after":"  "},{"index":35,"word":"\\","originalText":"\\","characterOffsetBegin":1158,"characterOffsetEnd":1159,"pos":"CD","before":"  ","after":" "},{"index":36,"word":"/","originalText":"/","characterOffsetBegin":1160,"characterOffsetEnd":1161,"pos":":","before":" ","after":"   "},{"index":37,"word":"/","originalText":"/","characterOffsetBegin":1164,"characterOffsetEnd":1165,"pos":":","before":"   ","after":"  "},{"index":38,"word":"\\","originalText":"\\","characterOffsetBegin":1167,"characterOffsetEnd":1168,"pos":"CD","before":"  ","after":"        "},{"index":39,"word":"~","originalText":"~","characterOffsetBegin":1176,"characterOffsetEnd":1177,"pos":"FW","before":"        ","after":""},{"index":40,"word":"~","originalText":"~","characterOffsetBegin":1177,"characterOffsetEnd":1178,"pos":"FW","before":"","after":""},{"index":41,"word":"~","originalText":"~","characterOffsetBegin":1178,"characterOffsetEnd":1179,"pos":"FW","before":"","after":""},{"index":42,"word":"~","originalText":"~","characterOffsetBegin":1179,"characterOffsetEnd":1180,"pos":"FW","before":"","after":""},{"index":43,"word":"~","originalText":"~","characterOffsetBegin":1180,"characterOffsetEnd":1181,"pos":"FW","before":"","after":""},{"index":44,"word":"~","originalText":"~","characterOffsetBegin":1181,"characterOffsetEnd":1182,"pos":"FW","before":"","after":""},{"index":45,"word":"~","originalText":"~","characterOffsetBegin":1182,"characterOffsetEnd":1183,"pos":"FW","before":"","after":""},{"index":46,"word":"~","originalText":"~","characterOffsetBegin":1183,"characterOffsetEnd":1184,"pos":"FW","before":"","after":""},{"index":47,"word":"~","originalText":"~","characterOffsetBegin":1184,"characterOffsetEnd":1185,"pos":"FW","before":"","after":""},{"index":48,"word":"~","originalText":"~","characterOffsetBegin":1185,"characterOffsetEnd":1186,"pos":"FW","before":"","after":""},{"index":49,"word":"~","originalText":"~","characterOffsetBegin":1186,"characterOffsetEnd":1187,"pos":"FW","before":"","after":""},{"index":50,"word":"~","originalText":"~","characterOffsetBegin":1187,"characterOffsetEnd":1188,"pos":"FW","before":"","after":""},{"index":51,"word":"~","originalText":"~","characterOffsetBegin":1188,"characterOffsetEnd":1189,"pos":"FW","before":"","after":""},{"index":52,"word":"~","originalText":"~","characterOffsetBegin":1189,"characterOffsetEnd":1190,"pos":"FW","before":"","after":""},{"index":53,"word":"~","originalText":"~","characterOffsetBegin":1190,"characterOffsetEnd":1191,"pos":"FW","before":"","after":""},{"index":54,"word":"~","originalText":"~","characterOffsetBegin":1191,"characterOffsetEnd":1192,"pos":"FW","before":"","after":""},{"index":55,"word":"~","originalText":"~","characterOffsetBegin":1192,"characterOffsetEnd":1193,"pos":"FW","before":"","after":""},{"index":56,"word":"~","originalText":"~","characterOffsetBegin":1193,"characterOffsetEnd":1194,"pos":"FW","before":"","after":""},{"index":57,"word":"~","originalText":"~","characterOffsetBegin":1194,"characterOffsetEnd":1195,"pos":"FW","before":"","after":""},{"index":58,"word":"~","originalText":"~","characterOffsetBegin":1195,"characterOffsetEnd":1196,"pos":"FW","before":"","after":""},{"index":59,"word":"~","originalText":"~","characterOffsetBegin":1196,"characterOffsetEnd":1197,"pos":"FW","before":"","after":""},{"index":60,"word":"~","originalText":"~","characterOffsetBegin":1197,"characterOffsetEnd":1198,"pos":"FW","before":"","after":""},{"index":61,"word":"~","originalText":"~","characterOffsetBegin":1198,"characterOffsetEnd":1199,"pos":"FW","before":"","after":""},{"index":62,"word":"~","originalText":"~","characterOffsetBegin":1199,"characterOffsetEnd":1200,"pos":"FW","before":"","after":""},{"index":63,"word":"~","originalText":"~","characterOffsetBegin":1200,"characterOffsetEnd":1201,"pos":"FW","before":"","after":""},{"index":64,"word":"~","originalText":"~","characterOffsetBegin":1201,"characterOffsetEnd":1202,"pos":"FW","before":"","after":""},{"index":65,"word":"~","originalText":"~","characterOffsetBegin":1202,"characterOffsetEnd":1203,"pos":"FW","before":"","after":""},{"index":66,"word":"~","originalText":"~","characterOffsetBegin":1203,"characterOffsetEnd":1204,"pos":"FW","before":"","after":""},{"index":67,"word":"~","originalText":"~","characterOffsetBegin":1204,"characterOffsetEnd":1205,"pos":"FW","before":"","after":""},{"index":68,"word":"~","originalText":"~","characterOffsetBegin":1205,"characterOffsetEnd":1206,"pos":"FW","before":"","after":""},{"index":69,"word":"~","originalText":"~","characterOffsetBegin":1206,"characterOffsetEnd":1207,"pos":"FW","before":"","after":""},{"index":70,"word":"~","originalText":"~","characterOffsetBegin":1207,"characterOffsetEnd":1208,"pos":"FW","before":"","after":""},{"index":71,"word":"~","originalText":"~","characterOffsetBegin":1208,"characterOffsetEnd":1209,"pos":"FW","before":"","after":""},{"index":72,"word":"~","originalText":"~","characterOffsetBegin":1209,"characterOffsetEnd":1210,"pos":"FW","before":"","after":""},{"index":73,"word":"~","originalText":"~","characterOffsetBegin":1210,"characterOffsetEnd":1211,"pos":"FW","before":"","after":""},{"index":74,"word":"~","originalText":"~","characterOffsetBegin":1211,"characterOffsetEnd":1212,"pos":"FW","before":"","after":""},{"index":75,"word":"~","originalText":"~","characterOffsetBegin":1212,"characterOffsetEnd":1213,"pos":"FW","before":"","after":""},{"index":76,"word":"~","originalText":"~","characterOffsetBegin":1213,"characterOffsetEnd":1214,"pos":"FW","before":"","after":""},{"index":77,"word":"~","originalText":"~","characterOffsetBegin":1214,"characterOffsetEnd":1215,"pos":"FW","before":"","after":""},{"index":78,"word":"~","originalText":"~","characterOffsetBegin":1215,"characterOffsetEnd":1216,"pos":"FW","before":"","after":""},{"index":79,"word":"~","originalText":"~","characterOffsetBegin":1216,"characterOffsetEnd":1217,"pos":"FW","before":"","after":""},{"index":80,"word":"~","originalText":"~","characterOffsetBegin":1217,"characterOffsetEnd":1218,"pos":"FW","before":"","after":""},{"index":81,"word":"~","originalText":"~","characterOffsetBegin":1218,"characterOffsetEnd":1219,"pos":"FW","before":"","after":""},{"index":82,"word":"~","originalText":"~","characterOffsetBegin":1219,"characterOffsetEnd":1220,"pos":"FW","before":"","after":""},{"index":83,"word":"~","originalText":"~","characterOffsetBegin":1220,"characterOffsetEnd":1221,"pos":"FW","before":"","after":""},{"index":84,"word":"~","originalText":"~","characterOffsetBegin":1221,"characterOffsetEnd":1222,"pos":"FW","before":"","after":"  "},{"index":85,"word":"\\","originalText":"\\","characterOffsetBegin":1224,"characterOffsetEnd":1225,"pos":"FW","before":"  ","after":"  "},{"index":86,"word":"/","originalText":"/","characterOffsetBegin":1227,"characterOffsetEnd":1228,"pos":":","before":"  ","after":"   "},{"index":87,"word":"/","originalText":"/","characterOffsetBegin":1231,"characterOffsetEnd":1232,"pos":":","before":"   ","after":" "},{"index":88,"word":"\\","originalText":"\\","characterOffsetBegin":1233,"characterOffsetEnd":1234,"pos":"CD","before":" ","after":"  "},{"index":89,"word":"/","originalText":"/","characterOffsetBegin":1236,"characterOffsetEnd":1237,"pos":":","before":"  ","after":"   "},{"index":90,"word":"/","originalText":"/","characterOffsetBegin":1240,"characterOffsetEnd":1241,"pos":":","before":"   ","after":""},{"index":91,"word":"\\","originalText":"\\","characterOffsetBegin":1241,"characterOffsetEnd":1242,"pos":"CD","before":"","after":"   "},{"index":92,"word":"\\","originalText":"\\","characterOffsetBegin":1245,"characterOffsetEnd":1246,"pos":"NN","before":"   ","after":"       "},{"index":93,"word":"Internet","originalText":"Internet","characterOffsetBegin":1253,"characterOffsetEnd":1261,"pos":"NN","before":"       ","after":"  "},{"index":94,"word":":","originalText":":","characterOffsetBegin":1263,"characterOffsetEnd":1264,"pos":":","before":"  ","after":"  "},{"index":95,"word":"acker@wg2.waii.com","originalText":"acker@wg2.waii.com","characterOffsetBegin":1266,"characterOffsetEnd":1284,"pos":"NN","before":"  ","after":"   "},{"index":96,"word":"\\","originalText":"\\","characterOffsetBegin":1287,"characterOffsetEnd":1288,"pos":"CD","before":"   ","after":""},{"index":97,"word":"/","originalText":"/","characterOffsetBegin":1288,"characterOffsetEnd":1289,"pos":":","before":"","after":""},{"index":98,"word":"___","originalText":"___","characterOffsetBegin":1289,"characterOffsetEnd":1292,"pos":"CD","before":"","after":""},{"index":99,"word":"/","originalText":"/","characterOffsetBegin":1292,"characterOffsetEnd":1293,"pos":":","before":"","after":"   "},{"index":100,"word":"\\","originalText":"\\","characterOffsetBegin":1296,"characterOffsetEnd":1297,"pos":"CD","before":"   ","after":""},{"index":101,"word":"/","originalText":"/","characterOffsetBegin":1297,"characterOffsetEnd":1298,"pos":":","before":"","after":""},{"index":102,"word":"___","originalText":"___","characterOffsetBegin":1298,"characterOffsetEnd":1301,"pos":"CD","before":"","after":""},{"index":103,"word":"/","originalText":"/","characterOffsetBegin":1301,"characterOffsetEnd":1302,"pos":":","before":"","after":"  "},{"index":104,"word":"\\","originalText":"\\","characterOffsetBegin":1304,"characterOffsetEnd":1305,"pos":"CD","before":"  ","after":""},{"index":105,"word":"___","originalText":"___","characterOffsetBegin":1305,"characterOffsetEnd":1308,"pos":"CD","before":"","after":""},{"index":106,"word":"\\","originalText":"\\","characterOffsetBegin":1308,"characterOffsetEnd":1309,"pos":"CD","before":"","after":"      "},{"index":107,"word":"Voice","originalText":"Voice","characterOffsetBegin":1315,"characterOffsetEnd":1320,"pos":"NNP","before":"      ","after":"     "},{"index":108,"word":":","originalText":":","characterOffsetBegin":1325,"characterOffsetEnd":1326,"pos":":","before":"     ","after":"  "},{"index":109,"word":"-LRB-713-RRB- 964-6128","originalText":"(713) 964-6128","characterOffsetBegin":1328,"characterOffsetEnd":1342,"pos":"NN","before":"  ","after":""}]}]}