{"sentences":[{"index":0,"tokens":[{"index":1,"word":"From","originalText":"From","characterOffsetBegin":0,"characterOffsetEnd":4,"pos":"IN","before":"","after":""},{"index":2,"word":":","originalText":":","characterOffsetBegin":4,"characterOffsetEnd":5,"pos":":","before":"","after":" "},{"index":3,"word":"wsanders@spectrum.xerox.com","originalText":"wsanders@spectrum.xerox.com","characterOffsetBegin":6,"characterOffsetEnd":33,"pos":"NN","before":" ","after":" "},{"index":4,"word":"-LRB-","originalText":"(","characterOffsetBegin":34,"characterOffsetEnd":35,"pos":"-LRB-","before":" ","after":""},{"index":5,"word":"bob","originalText":"bob","characterOffsetBegin":35,"characterOffsetEnd":38,"pos":"NN","before":"","after":" "},{"index":6,"word":"hosid","originalText":"hosid","characterOffsetBegin":39,"characterOffsetEnd":44,"pos":"JJ","before":" ","after":" "},{"index":7,"word":"r382-423","originalText":"r382-423","characterOffsetBegin":45,"characterOffsetEnd":53,"pos":"NN","before":" ","after":""},{"index":8,"word":"-RRB-","originalText":")","characterOffsetBegin":53,"characterOffsetEnd":54,"pos":"-RRB-","before":"","after":""},{"index":9,"word":"Subject","originalText":"Subject","characterOffsetBegin":54,"characterOffsetEnd":61,"pos":"NN","before":"","after":""},{"index":10,"word":":","originalText":":","characterOffsetBegin":61,"characterOffsetEnd":62,"pos":":","before":"","after":" "},{"index":11,"word":"Dynamic","originalText":"Dynamic","characterOffsetBegin":63,"characterOffsetEnd":70,"pos":"NNP","before":" ","after":" "},{"index":12,"word":"changing","originalText":"changing","characterOffsetBegin":71,"characterOffsetEnd":79,"pos":"VBG","before":" ","after":" "},{"index":13,"word":"of","originalText":"of","characterOffsetBegin":80,"characterOffsetEnd":82,"pos":"IN","before":" ","after":" "},{"index":14,"word":"the","originalText":"the","characterOffsetBegin":83,"characterOffsetEnd":86,"pos":"DT","before":" ","after":" "},{"index":15,"word":"title","originalText":"title","characterOffsetBegin":87,"characterOffsetEnd":92,"pos":"NN","before":" ","after":" "},{"index":16,"word":"barI","originalText":"barI","characterOffsetBegin":93,"characterOffsetEnd":97,"pos":"NN","before":" ","after":" "},{"index":17,"word":"am","originalText":"am","characterOffsetBegin":98,"characterOffsetEnd":100,"pos":"VBP","before":" ","after":" "},{"index":18,"word":"looking","originalText":"looking","characterOffsetBegin":101,"characterOffsetEnd":108,"pos":"VBG","before":" ","after":" "},{"index":19,"word":"for","originalText":"for","characterOffsetBegin":109,"characterOffsetEnd":112,"pos":"IN","before":" ","after":" "},{"index":20,"word":"a","originalText":"a","characterOffsetBegin":113,"characterOffsetEnd":114,"pos":"DT","before":" ","after":" "},{"index":21,"word":"program","originalText":"program","characterOffsetBegin":115,"characterOffsetEnd":122,"pos":"NN","before":" ","after":" "},{"index":22,"word":"I","originalText":"I","characterOffsetBegin":123,"characterOffsetEnd":124,"pos":"PRP","before":" ","after":" "},{"index":23,"word":"can","originalText":"can","characterOffsetBegin":125,"characterOffsetEnd":128,"pos":"MD","before":" ","after":" "},{"index":24,"word":"insert","originalText":"insert","characterOffsetBegin":129,"characterOffsetEnd":135,"pos":"VB","before":" ","after":" "},{"index":25,"word":"into","originalText":"into","characterOffsetBegin":136,"characterOffsetEnd":140,"pos":"IN","before":" ","after":" "},{"index":26,"word":"some","originalText":"some","characterOffsetBegin":141,"characterOffsetEnd":145,"pos":"DT","before":" ","after":" "},{"index":27,"word":"code","originalText":"code","characterOffsetBegin":146,"characterOffsetEnd":150,"pos":"NN","before":" ","after":" "},{"index":28,"word":"that","originalText":"that","characterOffsetBegin":151,"characterOffsetEnd":155,"pos":"WDT","before":" ","after":" "},{"index":29,"word":"will","originalText":"will","characterOffsetBegin":156,"characterOffsetEnd":160,"pos":"MD","before":" ","after":" "},{"index":30,"word":"allow","originalText":"allow","characterOffsetBegin":161,"characterOffsetEnd":166,"pos":"VB","before":" ","after":" "},{"index":31,"word":"the","originalText":"the","characterOffsetBegin":167,"characterOffsetEnd":170,"pos":"DT","before":" ","after":" "},{"index":32,"word":"title","originalText":"title","characterOffsetBegin":171,"characterOffsetEnd":176,"pos":"NN","before":" ","after":" "},{"index":33,"word":"bar","originalText":"bar","characterOffsetBegin":177,"characterOffsetEnd":180,"pos":"NN","before":" ","after":" "},{"index":34,"word":"to","originalText":"to","characterOffsetBegin":181,"characterOffsetEnd":183,"pos":"TO","before":" ","after":" "},{"index":35,"word":"be","originalText":"be","characterOffsetBegin":184,"characterOffsetEnd":186,"pos":"VB","before":" ","after":" "},{"index":36,"word":"changed","originalText":"changed","characterOffsetBegin":187,"characterOffsetEnd":194,"pos":"VBN","before":" ","after":" "},{"index":37,"word":"on","originalText":"on","characterOffsetBegin":195,"characterOffsetEnd":197,"pos":"IN","before":" ","after":" "},{"index":38,"word":"a","originalText":"a","characterOffsetBegin":198,"characterOffsetEnd":199,"pos":"DT","before":" ","after":" "},{"index":39,"word":"window","originalText":"window","characterOffsetBegin":200,"characterOffsetEnd":206,"pos":"NN","before":" ","after":" "},{"index":40,"word":"dynamicly","originalText":"dynamicly","characterOffsetBegin":207,"characterOffsetEnd":216,"pos":"RB","before":" ","after":""},{"index":41,"word":".","originalText":".","characterOffsetBegin":216,"characterOffsetEnd":217,"pos":".","before":"","after":"  "}]},{"index":1,"tokens":[{"index":1,"word":"If","originalText":"If","characterOffsetBegin":219,"characterOffsetEnd":221,"pos":"IN","before":"  ","after":" "},{"index":2,"word":"one","originalText":"one","characterOffsetBegin":222,"characterOffsetEnd":225,"pos":"CD","before":" ","after":" "},{"index":3,"word":"already","originalText":"already","characterOffsetBegin":226,"characterOffsetEnd":233,"pos":"RB","before":" ","after":" "},{"index":4,"word":"is","originalText":"is","characterOffsetBegin":234,"characterOffsetEnd":236,"pos":"VBZ","before":" ","after":" "},{"index":5,"word":"out","originalText":"out","characterOffsetBegin":237,"characterOffsetEnd":240,"pos":"IN","before":" ","after":" "},{"index":6,"word":"there","originalText":"there","characterOffsetBegin":241,"characterOffsetEnd":246,"pos":"RB","before":" ","after":""},{"index":7,"word":",","originalText":",","characterOffsetBegin":246,"characterOffsetEnd":247,"pos":",","before":"","after":" "},{"index":8,"word":"I","originalText":"I","characterOffsetBegin":248,"characterOffsetEnd":249,"pos":"PRP","before":" ","after":" "},{"index":9,"word":"would","originalText":"would","characterOffsetBegin":250,"characterOffsetEnd":255,"pos":"MD","before":" ","after":" "},{"index":10,"word":"appreciate","originalText":"appreciate","characterOffsetBegin":256,"characterOffsetEnd":266,"pos":"VB","before":" ","after":" "},{"index":11,"word":"a","originalText":"a","characterOffsetBegin":267,"characterOffsetEnd":268,"pos":"DT","before":" ","after":" "},{"index":12,"word":"location","originalText":"location","characterOffsetBegin":269,"characterOffsetEnd":277,"pos":"NN","before":" ","after":" "},{"index":13,"word":"so","originalText":"so","characterOffsetBegin":278,"characterOffsetEnd":280,"pos":"IN","before":" ","after":" "},{"index":14,"word":"I","originalText":"I","characterOffsetBegin":281,"characterOffsetEnd":282,"pos":"PRP","before":" ","after":" "},{"index":15,"word":"do","originalText":"do","characterOffsetBegin":283,"characterOffsetEnd":285,"pos":"VBP","before":" ","after":""},{"index":16,"word":"n't","originalText":"n't","characterOffsetBegin":285,"characterOffsetEnd":288,"pos":"RB","before":"","after":" "},{"index":17,"word":"have","originalText":"have","characterOffsetBegin":289,"characterOffsetEnd":293,"pos":"VB","before":" ","after":" "},{"index":18,"word":"to","originalText":"to","characterOffsetBegin":294,"characterOffsetEnd":296,"pos":"TO","before":" ","after":" "},{"index":19,"word":"create","originalText":"create","characterOffsetBegin":297,"characterOffsetEnd":303,"pos":"VB","before":" ","after":" "},{"index":20,"word":"this","originalText":"this","characterOffsetBegin":304,"characterOffsetEnd":308,"pos":"DT","before":" ","after":" "},{"index":21,"word":"from","originalText":"from","characterOffsetBegin":309,"characterOffsetEnd":313,"pos":"IN","before":" ","after":" "},{"index":22,"word":"scratch.Thanks","originalText":"scratch.Thanks","characterOffsetBegin":314,"characterOffsetEnd":328,"pos":"NNPS","before":" ","after":" "},{"index":23,"word":"in","originalText":"in","characterOffsetBegin":329,"characterOffsetEnd":331,"pos":"IN","before":" ","after":" "},{"index":24,"word":"advance.Bob","originalText":"advance.Bob","characterOffsetBegin":332,"characterOffsetEnd":343,"pos":"NNP","before":" ","after":" "},{"index":25,"word":"Hosid","originalText":"Hosid","characterOffsetBegin":344,"characterOffsetEnd":349,"pos":"NNP","before":" ","after":""},{"index":26,"word":":","originalText":":","characterOffsetBegin":349,"characterOffsetEnd":350,"pos":":","before":"","after":""},{"index":27,"word":"dloslv300","originalText":"dloslv300","characterOffsetBegin":350,"characterOffsetEnd":359,"pos":"NN","before":"","after":""},{"index":28,"word":":","originalText":":","characterOffsetBegin":359,"characterOffsetEnd":360,"pos":":","before":"","after":""},{"index":29,"word":"xerox","originalText":"xerox","characterOffsetBegin":360,"characterOffsetEnd":365,"pos":"NN","before":"","after":""}]}]}