{"sentences":[{"index":0,"tokens":[{"index":1,"word":"From","originalText":"From","characterOffsetBegin":0,"characterOffsetEnd":4,"pos":"IN","before":"","after":""},{"index":2,"word":":","originalText":":","characterOffsetBegin":4,"characterOffsetEnd":5,"pos":":","before":"","after":" "},{"index":3,"word":"klee@synoptics.com","originalText":"klee@synoptics.com","characterOffsetBegin":6,"characterOffsetEnd":24,"pos":"NN","before":" ","after":" "},{"index":4,"word":"-LRB-","originalText":"(","characterOffsetBegin":25,"characterOffsetEnd":26,"pos":"-LRB-","before":" ","after":""},{"index":5,"word":"Ken","originalText":"Ken","characterOffsetBegin":26,"characterOffsetEnd":29,"pos":"NNP","before":"","after":" "},{"index":6,"word":"Lee","originalText":"Lee","characterOffsetBegin":30,"characterOffsetEnd":33,"pos":"NNP","before":" ","after":""},{"index":7,"word":"-RRB-","originalText":")","characterOffsetBegin":33,"characterOffsetEnd":34,"pos":"-RRB-","before":"","after":""},{"index":8,"word":"Subject","originalText":"Subject","characterOffsetBegin":34,"characterOffsetEnd":41,"pos":"NNP","before":"","after":""},{"index":9,"word":":","originalText":":","characterOffsetBegin":41,"characterOffsetEnd":42,"pos":":","before":"","after":" "},{"index":10,"word":"Re","originalText":"Re","characterOffsetBegin":43,"characterOffsetEnd":45,"pos":"NNP","before":" ","after":""},{"index":11,"word":":","originalText":":","characterOffsetBegin":45,"characterOffsetEnd":46,"pos":":","before":"","after":" "},{"index":12,"word":"XCopyPlane","originalText":"XCopyPlane","characterOffsetBegin":47,"characterOffsetEnd":57,"pos":"NN","before":" ","after":" "},{"index":13,"word":"QuestionIn","originalText":"QuestionIn","characterOffsetBegin":58,"characterOffsetEnd":68,"pos":"NN","before":" ","after":" "},{"index":14,"word":"article","originalText":"article","characterOffsetBegin":69,"characterOffsetEnd":76,"pos":"NN","before":" ","after":" "},{"index":15,"word":"AA04287@neko.CSS.GOV,","originalText":"AA04287@neko.CSS.GOV,","characterOffsetBegin":77,"characterOffsetEnd":98,"pos":"NN","before":" ","after":" "},{"index":16,"word":"nancie@neko.CSS.GOV","originalText":"nancie@neko.CSS.GOV","characterOffsetBegin":99,"characterOffsetEnd":118,"pos":"NN","before":" ","after":" "},{"index":17,"word":"-LRB-","originalText":"(","characterOffsetBegin":119,"characterOffsetEnd":120,"pos":"-LRB-","before":" ","after":""},{"index":18,"word":"Nancie","originalText":"Nancie","characterOffsetBegin":120,"characterOffsetEnd":126,"pos":"NNP","before":"","after":" "},{"index":19,"word":"P.","originalText":"P.","characterOffsetBegin":127,"characterOffsetEnd":129,"pos":"NNP","before":" ","after":" "},{"index":20,"word":"Marin","originalText":"Marin","characterOffsetBegin":130,"characterOffsetEnd":135,"pos":"NNP","before":" ","after":""},{"index":21,"word":"-RRB-","originalText":")","characterOffsetBegin":135,"characterOffsetEnd":136,"pos":"-RRB-","before":"","after":" "},{"index":22,"word":"writes","originalText":"writes","characterOffsetBegin":137,"characterOffsetEnd":143,"pos":"VBZ","before":" ","after":""},{"index":23,"word":":","originalText":":","characterOffsetBegin":143,"characterOffsetEnd":144,"pos":":","before":"","after":""},{"index":24,"word":">","originalText":">","characterOffsetBegin":144,"characterOffsetEnd":145,"pos":"JJR","before":"","after":""},{"index":25,"word":"I","originalText":"I","characterOffsetBegin":145,"characterOffsetEnd":146,"pos":"PRP","before":"","after":" "},{"index":26,"word":"am","originalText":"am","characterOffsetBegin":147,"characterOffsetEnd":149,"pos":"VBP","before":" ","after":" "},{"index":27,"word":"trying","originalText":"trying","characterOffsetBegin":150,"characterOffsetEnd":156,"pos":"VBG","before":" ","after":" "},{"index":28,"word":"to","originalText":"to","characterOffsetBegin":157,"characterOffsetEnd":159,"pos":"TO","before":" ","after":" "},{"index":29,"word":"use","originalText":"use","characterOffsetBegin":160,"characterOffsetEnd":163,"pos":"VB","before":" ","after":" "},{"index":30,"word":"XCopyPlane","originalText":"XCopyPlane","characterOffsetBegin":164,"characterOffsetEnd":174,"pos":"NN","before":" ","after":" "},{"index":31,"word":"to","originalText":"to","characterOffsetBegin":175,"characterOffsetEnd":177,"pos":"TO","before":" ","after":" "},{"index":32,"word":"copy","originalText":"copy","characterOffsetBegin":178,"characterOffsetEnd":182,"pos":"VB","before":" ","after":" "},{"index":33,"word":"a","originalText":"a","characterOffsetBegin":183,"characterOffsetEnd":184,"pos":"DT","before":" ","after":" "},{"index":34,"word":"single","originalText":"single","characterOffsetBegin":185,"characterOffsetEnd":191,"pos":"JJ","before":" ","after":" "},{"index":35,"word":"plane","originalText":"plane","characterOffsetBegin":192,"characterOffsetEnd":197,"pos":"NN","before":" ","after":" "},{"index":36,"word":">","originalText":">","characterOffsetBegin":198,"characterOffsetEnd":199,"pos":"JJR","before":" ","after":""},{"index":37,"word":"from","originalText":"from","characterOffsetBegin":199,"characterOffsetEnd":203,"pos":"IN","before":"","after":" "},{"index":38,"word":"a","originalText":"a","characterOffsetBegin":204,"characterOffsetEnd":205,"pos":"DT","before":" ","after":" "},{"index":39,"word":"depth-8","originalText":"depth-8","characterOffsetBegin":206,"characterOffsetEnd":213,"pos":"JJ","before":" ","after":" "},{"index":40,"word":"pixmap","originalText":"pixmap","characterOffsetBegin":214,"characterOffsetEnd":220,"pos":"NN","before":" ","after":" "},{"index":41,"word":"to","originalText":"to","characterOffsetBegin":221,"characterOffsetEnd":223,"pos":"TO","before":" ","after":" "},{"index":42,"word":"a","originalText":"a","characterOffsetBegin":224,"characterOffsetEnd":225,"pos":"DT","before":" ","after":" "},{"index":43,"word":"depth-1","originalText":"depth-1","characterOffsetBegin":226,"characterOffsetEnd":233,"pos":"NN","before":" ","after":" "},{"index":44,"word":"pixmap","originalText":"pixmap","characterOffsetBegin":234,"characterOffsetEnd":240,"pos":"NN","before":" ","after":""},{"index":45,"word":".","originalText":".","characterOffsetBegin":240,"characterOffsetEnd":241,"pos":".","before":"","after":"  "}]},{"index":1,"tokens":[{"index":1,"word":"Everytime","originalText":"Everytime","characterOffsetBegin":243,"characterOffsetEnd":252,"pos":"NNP","before":"  ","after":" "},{"index":2,"word":"I","originalText":"I","characterOffsetBegin":253,"characterOffsetEnd":254,"pos":"PRP","before":" ","after":""},{"index":3,"word":">","originalText":">","characterOffsetBegin":254,"characterOffsetEnd":255,"pos":"JJR","before":"","after":""},{"index":4,"word":"try","originalText":"try","characterOffsetBegin":255,"characterOffsetEnd":258,"pos":"VB","before":"","after":" "},{"index":5,"word":"this","originalText":"this","characterOffsetBegin":259,"characterOffsetEnd":263,"pos":"DT","before":" ","after":""},{"index":6,"word":",","originalText":",","characterOffsetBegin":263,"characterOffsetEnd":264,"pos":",","before":"","after":" "},{"index":7,"word":"I","originalText":"I","characterOffsetBegin":265,"characterOffsetEnd":266,"pos":"PRP","before":" ","after":" "},{"index":8,"word":"see","originalText":"see","characterOffsetBegin":267,"characterOffsetEnd":270,"pos":"VBP","before":" ","after":" "},{"index":9,"word":"absolutely","originalText":"absolutely","characterOffsetBegin":271,"characterOffsetEnd":281,"pos":"RB","before":" ","after":" "},{"index":10,"word":"nothing","originalText":"nothing","characterOffsetBegin":282,"characterOffsetEnd":289,"pos":"NN","before":" ","after":" "},{"index":11,"word":"displayed","originalText":"displayed","characterOffsetBegin":290,"characterOffsetEnd":299,"pos":"VBD","before":" ","after":""},{"index":12,"word":".","originalText":".","characterOffsetBegin":299,"characterOffsetEnd":300,"pos":".","before":"","after":"  "}]},{"index":2,"tokens":[{"index":1,"word":"I","originalText":"I","characterOffsetBegin":302,"characterOffsetEnd":303,"pos":"PRP","before":"  ","after":" "},{"index":2,"word":"know","originalText":"know","characterOffsetBegin":304,"characterOffsetEnd":308,"pos":"VBP","before":" ","after":" "},{"index":3,"word":"there","originalText":"there","characterOffsetBegin":309,"characterOffsetEnd":314,"pos":"EX","before":" ","after":""},{"index":4,"word":">","originalText":">","characterOffsetBegin":314,"characterOffsetEnd":315,"pos":"JJR","before":"","after":""},{"index":5,"word":"is","originalText":"is","characterOffsetBegin":315,"characterOffsetEnd":317,"pos":"VBZ","before":"","after":" "},{"index":6,"word":"data","originalText":"data","characterOffsetBegin":318,"characterOffsetEnd":322,"pos":"NNS","before":" ","after":" "},{"index":7,"word":"in","originalText":"in","characterOffsetBegin":323,"characterOffsetEnd":325,"pos":"IN","before":" ","after":" "},{"index":8,"word":"the","originalText":"the","characterOffsetBegin":326,"characterOffsetEnd":329,"pos":"DT","before":" ","after":" "},{"index":9,"word":"depth-8","originalText":"depth-8","characterOffsetBegin":330,"characterOffsetEnd":337,"pos":"NN","before":" ","after":" "},{"index":10,"word":"pixmap","originalText":"pixmap","characterOffsetBegin":338,"characterOffsetEnd":344,"pos":"NN","before":" ","after":" "},{"index":11,"word":"becuase","originalText":"becuase","characterOffsetBegin":345,"characterOffsetEnd":352,"pos":"NN","before":" ","after":" "},{"index":12,"word":"I","originalText":"I","characterOffsetBegin":353,"characterOffsetEnd":354,"pos":"PRP","before":" ","after":" "},{"index":13,"word":"have","originalText":"have","characterOffsetBegin":355,"characterOffsetEnd":359,"pos":"VBP","before":" ","after":" "},{"index":14,"word":"checked","originalText":"checked","characterOffsetBegin":360,"characterOffsetEnd":367,"pos":"VBN","before":" ","after":" "},{"index":15,"word":"by","originalText":"by","characterOffsetBegin":368,"characterOffsetEnd":370,"pos":"IN","before":" ","after":" "},{"index":16,"word":"doing","originalText":"doing","characterOffsetBegin":371,"characterOffsetEnd":376,"pos":"VBG","before":" ","after":""},{"index":17,"word":">","originalText":">","characterOffsetBegin":376,"characterOffsetEnd":377,"pos":"JJR","before":"","after":""},{"index":18,"word":"an","originalText":"an","characterOffsetBegin":377,"characterOffsetEnd":379,"pos":"DT","before":"","after":" "},{"index":19,"word":"XCopyArea","originalText":"XCopyArea","characterOffsetBegin":380,"characterOffsetEnd":389,"pos":"NN","before":" ","after":" "},{"index":20,"word":"to","originalText":"to","characterOffsetBegin":390,"characterOffsetEnd":392,"pos":"TO","before":" ","after":" "},{"index":21,"word":"the","originalText":"the","characterOffsetBegin":393,"characterOffsetEnd":396,"pos":"DT","before":" ","after":" "},{"index":22,"word":"screen.The","originalText":"screen.The","characterOffsetBegin":397,"characterOffsetEnd":407,"pos":"NN","before":" ","after":" "},{"index":23,"word":"code","originalText":"code","characterOffsetBegin":408,"characterOffsetEnd":412,"pos":"NN","before":" ","after":" "},{"index":24,"word":"fragment","originalText":"fragment","characterOffsetBegin":413,"characterOffsetEnd":421,"pos":"NN","before":" ","after":" "},{"index":25,"word":"looks","originalText":"looks","characterOffsetBegin":422,"characterOffsetEnd":427,"pos":"VBZ","before":" ","after":" "},{"index":26,"word":"reasonable","originalText":"reasonable","characterOffsetBegin":428,"characterOffsetEnd":438,"pos":"JJ","before":" ","after":""},{"index":27,"word":",","originalText":",","characterOffsetBegin":438,"characterOffsetEnd":439,"pos":",","before":"","after":" "},{"index":28,"word":"but","originalText":"but","characterOffsetBegin":440,"characterOffsetEnd":443,"pos":"CC","before":" ","after":" "},{"index":29,"word":"is","originalText":"is","characterOffsetBegin":444,"characterOffsetEnd":446,"pos":"VBZ","before":" ","after":" "},{"index":30,"word":"your","originalText":"your","characterOffsetBegin":447,"characterOffsetEnd":451,"pos":"PRP$","before":" ","after":" "},{"index":31,"word":"logic","originalText":"logic","characterOffsetBegin":452,"characterOffsetEnd":457,"pos":"NN","before":" ","after":" "},{"index":32,"word":"valid?Just","originalText":"valid?Just","characterOffsetBegin":458,"characterOffsetEnd":468,"pos":"NN","before":" ","after":" "},{"index":33,"word":"because","originalText":"because","characterOffsetBegin":469,"characterOffsetEnd":476,"pos":"IN","before":" ","after":" "},{"index":34,"word":"something","originalText":"something","characterOffsetBegin":477,"characterOffsetEnd":486,"pos":"NN","before":" ","after":" "},{"index":35,"word":"appears","originalText":"appears","characterOffsetBegin":487,"characterOffsetEnd":494,"pos":"VBZ","before":" ","after":" "},{"index":36,"word":"in","originalText":"in","characterOffsetBegin":495,"characterOffsetEnd":497,"pos":"IN","before":" ","after":" "},{"index":37,"word":"an","originalText":"an","characterOffsetBegin":498,"characterOffsetEnd":500,"pos":"DT","before":" ","after":" "},{"index":38,"word":"8","originalText":"8","characterOffsetBegin":501,"characterOffsetEnd":502,"pos":"CD","before":" ","after":" "},{"index":39,"word":"bit","originalText":"bit","characterOffsetBegin":503,"characterOffsetEnd":506,"pos":"NN","before":" ","after":" "},{"index":40,"word":"deep","originalText":"deep","characterOffsetBegin":507,"characterOffsetEnd":511,"pos":"JJ","before":" ","after":" "},{"index":41,"word":"pixmap","originalText":"pixmap","characterOffsetBegin":512,"characterOffsetEnd":518,"pos":"NN","before":" ","after":" "},{"index":42,"word":"does","originalText":"does","characterOffsetBegin":519,"characterOffsetEnd":523,"pos":"VBZ","before":" ","after":""},{"index":43,"word":"n'tmean","originalText":"n'tmean","characterOffsetBegin":523,"characterOffsetEnd":530,"pos":"VB","before":"","after":" "},{"index":44,"word":"every","originalText":"every","characterOffsetBegin":531,"characterOffsetEnd":536,"pos":"DT","before":" ","after":" "},{"index":45,"word":"bit","originalText":"bit","characterOffsetBegin":537,"characterOffsetEnd":540,"pos":"NN","before":" ","after":" "},{"index":46,"word":"plane","originalText":"plane","characterOffsetBegin":541,"characterOffsetEnd":546,"pos":"NN","before":" ","after":" "},{"index":47,"word":"contains","originalText":"contains","characterOffsetBegin":547,"characterOffsetEnd":555,"pos":"VBZ","before":" ","after":" "},{"index":48,"word":"data","originalText":"data","characterOffsetBegin":556,"characterOffsetEnd":560,"pos":"NNS","before":" ","after":""},{"index":49,"word":".","originalText":".","characterOffsetBegin":560,"characterOffsetEnd":561,"pos":".","before":"","after":"  "}]},{"index":3,"tokens":[{"index":1,"word":"Did","originalText":"Did","characterOffsetBegin":563,"characterOffsetEnd":566,"pos":"VBD","before":"  ","after":" "},{"index":2,"word":"you","originalText":"you","characterOffsetBegin":567,"characterOffsetEnd":570,"pos":"PRP","before":" ","after":" "},{"index":3,"word":"try","originalText":"try","characterOffsetBegin":571,"characterOffsetEnd":574,"pos":"VB","before":" ","after":" "},{"index":4,"word":"each","originalText":"each","characterOffsetBegin":575,"characterOffsetEnd":579,"pos":"DT","before":" ","after":" "},{"index":5,"word":"plane","originalText":"plane","characterOffsetBegin":580,"characterOffsetEnd":585,"pos":"NN","before":" ","after":""},{"index":6,"word":"?","originalText":"?","characterOffsetBegin":585,"characterOffsetEnd":586,"pos":".","before":"","after":""}]},{"index":4,"tokens":[{"index":1,"word":"--","originalText":"---","characterOffsetBegin":586,"characterOffsetEnd":589,"pos":":","before":"","after":""},{"index":2,"word":"Ken","originalText":"Ken","characterOffsetBegin":589,"characterOffsetEnd":592,"pos":"NNP","before":"","after":" "},{"index":3,"word":"Lee","originalText":"Lee","characterOffsetBegin":593,"characterOffsetEnd":596,"pos":"NNP","before":" ","after":""},{"index":4,"word":",","originalText":",","characterOffsetBegin":596,"characterOffsetEnd":597,"pos":",","before":"","after":" "},{"index":5,"word":"klee@synoptics.com","originalText":"klee@synoptics.com","characterOffsetBegin":598,"characterOffsetEnd":616,"pos":"NNP","before":" ","after":""}]}]}