{"sentences":[{"index":0,"tokens":[{"index":1,"word":"From","originalText":"From","characterOffsetBegin":0,"characterOffsetEnd":4,"pos":"IN","before":"","after":""},{"index":2,"word":":","originalText":":","characterOffsetBegin":4,"characterOffsetEnd":5,"pos":":","before":"","after":" "},{"index":3,"word":"pmg@mdavcr.mda.ca","originalText":"pmg@mdavcr.mda.ca","characterOffsetBegin":6,"characterOffsetEnd":23,"pos":"NN","before":" ","after":" "},{"index":4,"word":"-LRB-","originalText":"(","characterOffsetBegin":24,"characterOffsetEnd":25,"pos":"-LRB-","before":" ","after":""},{"index":5,"word":"Phil","originalText":"Phil","characterOffsetBegin":25,"characterOffsetEnd":29,"pos":"NNP","before":"","after":" "},{"index":6,"word":"Gray","originalText":"Gray","characterOffsetBegin":30,"characterOffsetEnd":34,"pos":"NNP","before":" ","after":""},{"index":7,"word":"-RRB-","originalText":")","characterOffsetBegin":34,"characterOffsetEnd":35,"pos":"-RRB-","before":"","after":""},{"index":8,"word":"Subject","originalText":"Subject","characterOffsetBegin":35,"characterOffsetEnd":42,"pos":"NNP","before":"","after":""},{"index":9,"word":":","originalText":":","characterOffsetBegin":42,"characterOffsetEnd":43,"pos":":","before":"","after":" "},{"index":10,"word":"Opinions","originalText":"Opinions","characterOffsetBegin":44,"characterOffsetEnd":52,"pos":"NNS","before":" ","after":" "},{"index":11,"word":"on","originalText":"on","characterOffsetBegin":53,"characterOffsetEnd":55,"pos":"IN","before":" ","after":" "},{"index":12,"word":"Galaxy","originalText":"Galaxy","characterOffsetBegin":56,"characterOffsetEnd":62,"pos":"NNP","before":" ","after":" "},{"index":13,"word":"?","originalText":"?","characterOffsetBegin":63,"characterOffsetEnd":64,"pos":".","before":" ","after":""}]},{"index":1,"tokens":[{"index":1,"word":"We","originalText":"We","characterOffsetBegin":64,"characterOffsetEnd":66,"pos":"PRP","before":"","after":" "},{"index":2,"word":"are","originalText":"are","characterOffsetBegin":67,"characterOffsetEnd":70,"pos":"VBP","before":" ","after":" "},{"index":3,"word":"currently","originalText":"currently","characterOffsetBegin":71,"characterOffsetEnd":80,"pos":"RB","before":" ","after":" "},{"index":4,"word":"evaluating","originalText":"evaluating","characterOffsetBegin":81,"characterOffsetEnd":91,"pos":"VBG","before":" ","after":" "},{"index":5,"word":"GUI","originalText":"GUI","characterOffsetBegin":92,"characterOffsetEnd":95,"pos":"NNP","before":" ","after":" "},{"index":6,"word":"builders","originalText":"builders","characterOffsetBegin":96,"characterOffsetEnd":104,"pos":"NNS","before":" ","after":""},{"index":7,"word":",","originalText":",","characterOffsetBegin":104,"characterOffsetEnd":105,"pos":",","before":"","after":" "},{"index":8,"word":"initially","originalText":"initially","characterOffsetBegin":106,"characterOffsetEnd":115,"pos":"RB","before":" ","after":" "},{"index":9,"word":"for","originalText":"for","characterOffsetBegin":116,"characterOffsetEnd":119,"pos":"IN","before":" ","after":" "},{"index":10,"word":"Motif","originalText":"Motif","characterOffsetBegin":120,"characterOffsetEnd":125,"pos":"NN","before":" ","after":" "},{"index":11,"word":"but","originalText":"but","characterOffsetBegin":126,"characterOffsetEnd":129,"pos":"CC","before":" ","after":" "},{"index":12,"word":"witha","originalText":"witha","characterOffsetBegin":130,"characterOffsetEnd":135,"pos":"NN","before":" ","after":" "},{"index":13,"word":"wish","originalText":"wish","characterOffsetBegin":136,"characterOffsetEnd":140,"pos":"NN","before":" ","after":" "},{"index":14,"word":"to","originalText":"to","characterOffsetBegin":141,"characterOffsetEnd":143,"pos":"TO","before":" ","after":" "},{"index":15,"word":"be","originalText":"be","characterOffsetBegin":144,"characterOffsetEnd":146,"pos":"VB","before":" ","after":" "},{"index":16,"word":"flexible","originalText":"flexible","characterOffsetBegin":147,"characterOffsetEnd":155,"pos":"JJ","before":" ","after":" "},{"index":17,"word":"&","originalText":"&","characterOffsetBegin":156,"characterOffsetEnd":157,"pos":"CC","before":" ","after":" "},{"index":18,"word":"portable","originalText":"portable","characterOffsetBegin":158,"characterOffsetEnd":166,"pos":"JJ","before":" ","after":""},{"index":19,"word":".","originalText":".","characterOffsetBegin":166,"characterOffsetEnd":167,"pos":".","before":"","after":"  "}]},{"index":2,"tokens":[{"index":1,"word":"We","originalText":"We","characterOffsetBegin":169,"characterOffsetEnd":171,"pos":"PRP","before":"  ","after":" "},{"index":2,"word":"have","originalText":"have","characterOffsetBegin":172,"characterOffsetEnd":176,"pos":"VBP","before":" ","after":" "},{"index":3,"word":"been","originalText":"been","characterOffsetBegin":177,"characterOffsetEnd":181,"pos":"VBN","before":" ","after":" "},{"index":4,"word":"through","originalText":"through","characterOffsetBegin":182,"characterOffsetEnd":189,"pos":"IN","before":" ","after":" "},{"index":5,"word":"the","originalText":"the","characterOffsetBegin":190,"characterOffsetEnd":193,"pos":"DT","before":" ","after":" "},{"index":6,"word":"popularnames","originalText":"popularnames","characterOffsetBegin":194,"characterOffsetEnd":206,"pos":"NNS","before":" ","after":" "},{"index":7,"word":"-LRB-","originalText":"(","characterOffsetBegin":207,"characterOffsetEnd":208,"pos":"-LRB-","before":" ","after":""},{"index":8,"word":"UIMX","originalText":"UIMX","characterOffsetBegin":208,"characterOffsetEnd":212,"pos":"NNP","before":"","after":""},{"index":9,"word":",","originalText":",","characterOffsetBegin":212,"characterOffsetEnd":213,"pos":",","before":"","after":" "},{"index":10,"word":"TeleUSE","originalText":"TeleUSE","characterOffsetBegin":214,"characterOffsetEnd":221,"pos":"NNP","before":" ","after":""},{"index":11,"word":",","originalText":",","characterOffsetBegin":221,"characterOffsetEnd":222,"pos":",","before":"","after":" "},{"index":12,"word":"XVT","originalText":"XVT","characterOffsetBegin":223,"characterOffsetEnd":226,"pos":"NNP","before":" ","after":" "},{"index":13,"word":"etc","originalText":"etc","characterOffsetBegin":227,"characterOffsetEnd":230,"pos":"FW","before":" ","after":""},{"index":14,"word":"-RRB-","originalText":")","characterOffsetBegin":230,"characterOffsetEnd":231,"pos":"-RRB-","before":"","after":" "},{"index":15,"word":"and","originalText":"and","characterOffsetBegin":232,"characterOffsetEnd":235,"pos":"CC","before":" ","after":" "},{"index":16,"word":"have","originalText":"have","characterOffsetBegin":236,"characterOffsetEnd":240,"pos":"VBP","before":" ","after":" "},{"index":17,"word":"been","originalText":"been","characterOffsetBegin":241,"characterOffsetEnd":245,"pos":"VBN","before":" ","after":" "},{"index":18,"word":"very","originalText":"very","characterOffsetBegin":246,"characterOffsetEnd":250,"pos":"RB","before":" ","after":" "},{"index":19,"word":"impressed","originalText":"impressed","characterOffsetBegin":251,"characterOffsetEnd":260,"pos":"JJ","before":" ","after":" "},{"index":20,"word":"with","originalText":"with","characterOffsetBegin":261,"characterOffsetEnd":265,"pos":"IN","before":" ","after":" "},{"index":21,"word":"whatwe","originalText":"whatwe","characterOffsetBegin":266,"characterOffsetEnd":272,"pos":"NN","before":" ","after":" "},{"index":22,"word":"have","originalText":"have","characterOffsetBegin":273,"characterOffsetEnd":277,"pos":"VBP","before":" ","after":" "},{"index":23,"word":"seen","originalText":"seen","characterOffsetBegin":278,"characterOffsetEnd":282,"pos":"VBN","before":" ","after":" "},{"index":24,"word":"of","originalText":"of","characterOffsetBegin":283,"characterOffsetEnd":285,"pos":"IN","before":" ","after":" "},{"index":25,"word":"Galaxy","originalText":"Galaxy","characterOffsetBegin":286,"characterOffsetEnd":292,"pos":"NNP","before":" ","after":" "},{"index":26,"word":"from","originalText":"from","characterOffsetBegin":293,"characterOffsetEnd":297,"pos":"IN","before":" ","after":" "},{"index":27,"word":"Visix","originalText":"Visix","characterOffsetBegin":298,"characterOffsetEnd":303,"pos":"NNP","before":" ","after":""},{"index":28,"word":".","originalText":".","characterOffsetBegin":303,"characterOffsetEnd":304,"pos":".","before":"","after":"  "}]},{"index":3,"tokens":[{"index":1,"word":"I","originalText":"I","characterOffsetBegin":306,"characterOffsetEnd":307,"pos":"PRP","before":"  ","after":" "},{"index":2,"word":"have","originalText":"have","characterOffsetBegin":308,"characterOffsetEnd":312,"pos":"VBP","before":" ","after":" "},{"index":3,"word":"spoken","originalText":"spoken","characterOffsetBegin":313,"characterOffsetEnd":319,"pos":"VBN","before":" ","after":" "},{"index":4,"word":"to","originalText":"to","characterOffsetBegin":320,"characterOffsetEnd":322,"pos":"TO","before":" ","after":" "},{"index":5,"word":"current","originalText":"current","characterOffsetBegin":323,"characterOffsetEnd":330,"pos":"JJ","before":" ","after":" "},{"index":6,"word":"usersfrom","originalText":"usersfrom","characterOffsetBegin":331,"characterOffsetEnd":340,"pos":"NN","before":" ","after":" "},{"index":7,"word":"a","originalText":"a","characterOffsetBegin":341,"characterOffsetEnd":342,"pos":"DT","before":" ","after":" "},{"index":8,"word":"list","originalText":"list","characterOffsetBegin":343,"characterOffsetEnd":347,"pos":"NN","before":" ","after":" "},{"index":9,"word":"supplied","originalText":"supplied","characterOffsetBegin":348,"characterOffsetEnd":356,"pos":"VBN","before":" ","after":" "},{"index":10,"word":"by","originalText":"by","characterOffsetBegin":357,"characterOffsetEnd":359,"pos":"IN","before":" ","after":" "},{"index":11,"word":"Visix","originalText":"Visix","characterOffsetBegin":360,"characterOffsetEnd":365,"pos":"NNP","before":" ","after":" "},{"index":12,"word":"-LRB-","originalText":"(","characterOffsetBegin":366,"characterOffsetEnd":367,"pos":"-LRB-","before":" ","after":""},{"index":13,"word":"happy","originalText":"happy","characterOffsetBegin":367,"characterOffsetEnd":372,"pos":"JJ","before":"","after":" "},{"index":14,"word":"users","originalText":"users","characterOffsetBegin":373,"characterOffsetEnd":378,"pos":"NNS","before":" ","after":" "},{"index":15,"word":"as","originalText":"as","characterOffsetBegin":379,"characterOffsetEnd":381,"pos":"IN","before":" ","after":" "},{"index":16,"word":"you","originalText":"you","characterOffsetBegin":382,"characterOffsetEnd":385,"pos":"PRP","before":" ","after":" "},{"index":17,"word":"would","originalText":"would","characterOffsetBegin":386,"characterOffsetEnd":391,"pos":"MD","before":" ","after":" "},{"index":18,"word":"expect","originalText":"expect","characterOffsetBegin":392,"characterOffsetEnd":398,"pos":"VB","before":" ","after":""},{"index":19,"word":"-RRB-","originalText":")","characterOffsetBegin":398,"characterOffsetEnd":399,"pos":"-RRB-","before":"","after":""},{"index":20,"word":",","originalText":",","characterOffsetBegin":399,"characterOffsetEnd":400,"pos":",","before":"","after":" "},{"index":21,"word":"andseen","originalText":"andseen","characterOffsetBegin":401,"characterOffsetEnd":408,"pos":"NN","before":" ","after":" "},{"index":22,"word":"favourable","originalText":"favourable","characterOffsetBegin":409,"characterOffsetEnd":419,"pos":"JJ","before":" ","after":" "},{"index":23,"word":"comments","originalText":"comments","characterOffsetBegin":420,"characterOffsetEnd":428,"pos":"NNS","before":" ","after":" "},{"index":24,"word":"on","originalText":"on","characterOffsetBegin":429,"characterOffsetEnd":431,"pos":"IN","before":" ","after":" "},{"index":25,"word":"the","originalText":"the","characterOffsetBegin":432,"characterOffsetEnd":435,"pos":"DT","before":" ","after":" "},{"index":26,"word":"net","originalText":"net","characterOffsetBegin":436,"characterOffsetEnd":439,"pos":"NN","before":" ","after":""},{"index":27,"word":".","originalText":".","characterOffsetBegin":439,"characterOffsetEnd":440,"pos":".","before":"","after":"  "}]},{"index":4,"tokens":[{"index":1,"word":"However","originalText":"However","characterOffsetBegin":442,"characterOffsetEnd":449,"pos":"RB","before":"  ","after":""},{"index":2,"word":",","originalText":",","characterOffsetBegin":449,"characterOffsetEnd":450,"pos":",","before":"","after":" "},{"index":3,"word":"since","originalText":"since","characterOffsetBegin":451,"characterOffsetEnd":456,"pos":"IN","before":" ","after":" "},{"index":4,"word":"it","originalText":"it","characterOffsetBegin":457,"characterOffsetEnd":459,"pos":"PRP","before":" ","after":" "},{"index":5,"word":"is","originalText":"is","characterOffsetBegin":460,"characterOffsetEnd":462,"pos":"VBZ","before":" ","after":" "},{"index":6,"word":"fairlyexpensive","originalText":"fairlyexpensive","characterOffsetBegin":463,"characterOffsetEnd":478,"pos":"JJ","before":" ","after":" "},{"index":7,"word":"to","originalText":"to","characterOffsetBegin":479,"characterOffsetEnd":481,"pos":"TO","before":" ","after":" "},{"index":8,"word":"get","originalText":"get","characterOffsetBegin":482,"characterOffsetEnd":485,"pos":"VB","before":" ","after":" "},{"index":9,"word":"an","originalText":"an","characterOffsetBegin":486,"characterOffsetEnd":488,"pos":"DT","before":" ","after":" "},{"index":10,"word":"evaluation","originalText":"evaluation","characterOffsetBegin":489,"characterOffsetEnd":499,"pos":"NN","before":" ","after":" "},{"index":11,"word":"license","originalText":"license","characterOffsetBegin":500,"characterOffsetEnd":507,"pos":"NN","before":" ","after":" "},{"index":12,"word":"from","originalText":"from","characterOffsetBegin":508,"characterOffsetEnd":512,"pos":"IN","before":" ","after":" "},{"index":13,"word":"Visix","originalText":"Visix","characterOffsetBegin":513,"characterOffsetEnd":518,"pos":"NNP","before":" ","after":""},{"index":14,"word":",","originalText":",","characterOffsetBegin":518,"characterOffsetEnd":519,"pos":",","before":"","after":" "},{"index":15,"word":"I","originalText":"I","characterOffsetBegin":520,"characterOffsetEnd":521,"pos":"PRP","before":" ","after":" "},{"index":16,"word":"would","originalText":"would","characterOffsetBegin":522,"characterOffsetEnd":527,"pos":"MD","before":" ","after":" "},{"index":17,"word":"like","originalText":"like","characterOffsetBegin":528,"characterOffsetEnd":532,"pos":"VB","before":" ","after":" "},{"index":18,"word":"toquery","originalText":"toquery","characterOffsetBegin":533,"characterOffsetEnd":540,"pos":"NN","before":" ","after":" "},{"index":19,"word":"the","originalText":"the","characterOffsetBegin":541,"characterOffsetEnd":544,"pos":"DT","before":" ","after":" "},{"index":20,"word":"net","originalText":"net","characterOffsetBegin":545,"characterOffsetEnd":548,"pos":"NN","before":" ","after":" "},{"index":21,"word":"for","originalText":"for","characterOffsetBegin":549,"characterOffsetEnd":552,"pos":"IN","before":" ","after":" "},{"index":22,"word":"any","originalText":"any","characterOffsetBegin":553,"characterOffsetEnd":556,"pos":"DT","before":" ","after":" "},{"index":23,"word":"negative","originalText":"negative","characterOffsetBegin":557,"characterOffsetEnd":565,"pos":"JJ","before":" ","after":" "},{"index":24,"word":"experiences","originalText":"experiences","characterOffsetBegin":566,"characterOffsetEnd":577,"pos":"NNS","before":" ","after":" "},{"index":25,"word":"with","originalText":"with","characterOffsetBegin":578,"characterOffsetEnd":582,"pos":"IN","before":" ","after":" "},{"index":26,"word":"Galaxy","originalText":"Galaxy","characterOffsetBegin":583,"characterOffsetEnd":589,"pos":"NN","before":" ","after":""},{"index":27,"word":".","originalText":".","characterOffsetBegin":589,"characterOffsetEnd":590,"pos":".","before":"","after":"  "}]},{"index":5,"tokens":[{"index":1,"word":"Did","originalText":"Did","characterOffsetBegin":592,"characterOffsetEnd":595,"pos":"VBD","before":"  ","after":" "},{"index":2,"word":"anybodyevaluate","originalText":"anybodyevaluate","characterOffsetBegin":596,"characterOffsetEnd":611,"pos":"NN","before":" ","after":" "},{"index":3,"word":"them","originalText":"them","characterOffsetBegin":612,"characterOffsetEnd":616,"pos":"PRP","before":" ","after":" "},{"index":4,"word":"and","originalText":"and","characterOffsetBegin":617,"characterOffsetEnd":620,"pos":"CC","before":" ","after":" "},{"index":5,"word":"prefer","originalText":"prefer","characterOffsetBegin":621,"characterOffsetEnd":627,"pos":"VBP","before":" ","after":" "},{"index":6,"word":"another","originalText":"another","characterOffsetBegin":628,"characterOffsetEnd":635,"pos":"DT","before":" ","after":" "},{"index":7,"word":"tool","originalText":"tool","characterOffsetBegin":636,"characterOffsetEnd":640,"pos":"NN","before":" ","after":" "},{"index":8,"word":"or","originalText":"or","characterOffsetBegin":641,"characterOffsetEnd":643,"pos":"CC","before":" ","after":" "},{"index":9,"word":"use","originalText":"use","characterOffsetBegin":644,"characterOffsetEnd":647,"pos":"NN","before":" ","after":" "},{"index":10,"word":"Galaxy","originalText":"Galaxy","characterOffsetBegin":648,"characterOffsetEnd":654,"pos":"NN","before":" ","after":" "},{"index":11,"word":"and","originalText":"and","characterOffsetBegin":655,"characterOffsetEnd":658,"pos":"CC","before":" ","after":" "},{"index":12,"word":"regret","originalText":"regret","characterOffsetBegin":659,"characterOffsetEnd":665,"pos":"VB","before":" ","after":" "},{"index":13,"word":"it","originalText":"it","characterOffsetBegin":666,"characterOffsetEnd":668,"pos":"PRP","before":" ","after":" "},{"index":14,"word":"orfind","originalText":"orfind","characterOffsetBegin":669,"characterOffsetEnd":675,"pos":"VB","before":" ","after":" "},{"index":15,"word":"any","originalText":"any","characterOffsetBegin":676,"characterOffsetEnd":679,"pos":"DT","before":" ","after":" "},{"index":16,"word":"mis-features","originalText":"mis-features","characterOffsetBegin":680,"characterOffsetEnd":692,"pos":"NNS","before":" ","after":" "},{"index":17,"word":"?","originalText":"?","characterOffsetBegin":693,"characterOffsetEnd":694,"pos":".","before":" ","after":""}]},{"index":6,"tokens":[{"index":1,"word":"advTHANKSance","originalText":"advTHANKSance","characterOffsetBegin":694,"characterOffsetEnd":707,"pos":"NNP","before":"","after":""},{"index":2,"word":",","originalText":",","characterOffsetBegin":707,"characterOffsetEnd":708,"pos":",","before":"","after":""},{"index":3,"word":"Phil","originalText":"Phil","characterOffsetBegin":708,"characterOffsetEnd":712,"pos":"NNP","before":"","after":""},{"index":4,"word":"--","originalText":"--","characterOffsetBegin":712,"characterOffsetEnd":714,"pos":":","before":"","after":" "},{"index":5,"word":"--------------------------------------------------------------------------","originalText":"--------------------------------------------------------------------------","characterOffsetBegin":715,"characterOffsetEnd":789,"pos":"CD","before":" ","after":""},{"index":6,"word":"Phil","originalText":"Phil","characterOffsetBegin":789,"characterOffsetEnd":793,"pos":"NNP","before":"","after":" "},{"index":7,"word":"M","originalText":"M","characterOffsetBegin":794,"characterOffsetEnd":795,"pos":"NN","before":" ","after":" "},{"index":8,"word":"Gray","originalText":"Gray","characterOffsetBegin":796,"characterOffsetEnd":800,"pos":"NNP","before":" ","after":"                       "},{"index":9,"word":"Voice","originalText":"Voice","characterOffsetBegin":823,"characterOffsetEnd":828,"pos":"NNP","before":"                       ","after":""},{"index":10,"word":":","originalText":":","characterOffsetBegin":828,"characterOffsetEnd":829,"pos":":","before":"","after":" "},{"index":11,"word":"-LRB-604-RRB- 278-3411","originalText":"(604) 278-3411","characterOffsetBegin":830,"characterOffsetEnd":844,"pos":"NN","before":" ","after":""},{"index":12,"word":"MacDonald","originalText":"MacDonald","characterOffsetBegin":844,"characterOffsetEnd":853,"pos":"NNP","before":"","after":" "},{"index":13,"word":"Dettwiler","originalText":"Dettwiler","characterOffsetBegin":854,"characterOffsetEnd":863,"pos":"NNP","before":" ","after":"               "},{"index":14,"word":"Fax","originalText":"Fax","characterOffsetBegin":878,"characterOffsetEnd":881,"pos":"NNP","before":"               ","after":""},{"index":15,"word":":","originalText":":","characterOffsetBegin":881,"characterOffsetEnd":882,"pos":":","before":"","after":"   "},{"index":16,"word":"-LRB-604-RRB- 278-21171","originalText":"(604) 278-21171","characterOffsetBegin":885,"characterOffsetEnd":900,"pos":"CD","before":"   ","after":""},{"index":17,"word":"3800","originalText":"3800","characterOffsetBegin":900,"characterOffsetEnd":904,"pos":"CD","before":"","after":" "},{"index":18,"word":"Commerce","originalText":"Commerce","characterOffsetBegin":905,"characterOffsetEnd":913,"pos":"NNP","before":" ","after":" "},{"index":19,"word":"ParkwayRichmond","originalText":"ParkwayRichmond","characterOffsetBegin":914,"characterOffsetEnd":929,"pos":"NNP","before":" ","after":""},{"index":20,"word":",","originalText":",","characterOffsetBegin":929,"characterOffsetEnd":930,"pos":",","before":"","after":" "},{"index":21,"word":"BC","originalText":"BC","characterOffsetBegin":931,"characterOffsetEnd":933,"pos":"NNP","before":" ","after":""},{"index":22,"word":",","originalText":",","characterOffsetBegin":933,"characterOffsetEnd":934,"pos":",","before":"","after":" "},{"index":23,"word":"Canada","originalText":"Canada","characterOffsetBegin":935,"characterOffsetEnd":941,"pos":"NNP","before":" ","after":"  "},{"index":24,"word":"V6V","originalText":"V6V","characterOffsetBegin":943,"characterOffsetEnd":946,"pos":"NN","before":"  ","after":" "},{"index":25,"word":"2J3","originalText":"2J3","characterOffsetBegin":947,"characterOffsetEnd":950,"pos":"NN","before":" ","after":"     "},{"index":26,"word":"-LCB-","originalText":"{","characterOffsetBegin":955,"characterOffsetEnd":956,"pos":"-LRB-","before":"     ","after":""},{"index":27,"word":"pmg@mda.ca","originalText":"pmg@mda.ca","characterOffsetBegin":956,"characterOffsetEnd":966,"pos":"NN","before":"","after":" "},{"index":28,"word":"|","originalText":"|","characterOffsetBegin":967,"characterOffsetEnd":968,"pos":"CD","before":" ","after":" "},{"index":29,"word":".","originalText":".","characterOffsetBegin":969,"characterOffsetEnd":970,"pos":".","before":" ","after":""}]},{"index":7,"tokens":[{"index":1,"word":".","originalText":".","characterOffsetBegin":970,"characterOffsetEnd":971,"pos":".","before":"","after":""}]},{"index":8,"tokens":[{"index":1,"word":"!","originalText":"!","characterOffsetBegin":971,"characterOffsetEnd":972,"pos":".","before":"","after":""}]},{"index":9,"tokens":[{"index":1,"word":"uunet!van","originalText":"uunet!van","characterOffsetBegin":972,"characterOffsetEnd":981,"pos":"NN","before":"","after":""},{"index":2,"word":"-","originalText":"-","characterOffsetBegin":981,"characterOffsetEnd":982,"pos":":","before":"","after":""},{"index":3,"word":"bc!mdavcr!pmg","originalText":"bc!mdavcr!pmg","characterOffsetBegin":982,"characterOffsetEnd":995,"pos":"NN","before":"","after":""},{"index":4,"word":"-RCB-","originalText":"}","characterOffsetBegin":995,"characterOffsetEnd":996,"pos":"-RRB-","before":"","after":""}]}]}