{"sentences":[{"index":0,"tokens":[{"index":1,"word":"From","originalText":"From","characterOffsetBegin":0,"characterOffsetEnd":4,"pos":"IN","before":"","after":""},{"index":2,"word":":","originalText":":","characterOffsetBegin":4,"characterOffsetEnd":5,"pos":":","before":"","after":" "},{"index":3,"word":"atae@spva.ph.ic.ac.uk","originalText":"atae@spva.ph.ic.ac.uk","characterOffsetBegin":6,"characterOffsetEnd":27,"pos":"NN","before":" ","after":" "},{"index":4,"word":"-LRB-","originalText":"(","characterOffsetBegin":28,"characterOffsetEnd":29,"pos":"-LRB-","before":" ","after":""},{"index":5,"word":"Ata","originalText":"Ata","characterOffsetBegin":29,"characterOffsetEnd":32,"pos":"NNP","before":"","after":" "},{"index":6,"word":"Etemadi","originalText":"Etemadi","characterOffsetBegin":33,"characterOffsetEnd":40,"pos":"NNP","before":" ","after":""},{"index":7,"word":"-RRB-","originalText":")","characterOffsetBegin":40,"characterOffsetEnd":41,"pos":"-RRB-","before":"","after":""},{"index":8,"word":"Subject","originalText":"Subject","characterOffsetBegin":41,"characterOffsetEnd":48,"pos":"NNP","before":"","after":""},{"index":9,"word":":","originalText":":","characterOffsetBegin":48,"characterOffsetEnd":49,"pos":":","before":"","after":" "},{"index":10,"word":"Please","originalText":"Please","characterOffsetBegin":50,"characterOffsetEnd":56,"pos":"VB","before":" ","after":" "},{"index":11,"word":"Ignore","originalText":"Ignore","characterOffsetBegin":57,"characterOffsetEnd":63,"pos":"VB","before":" ","after":" "},{"index":12,"word":"-LSB-","originalText":"[","characterOffsetBegin":64,"characterOffsetEnd":65,"pos":"-LRB-","before":" ","after":""},{"index":13,"word":"Ideal","originalText":"Ideal","characterOffsetBegin":65,"characterOffsetEnd":70,"pos":"NNP","before":"","after":" "},{"index":14,"word":"Operating","originalText":"Operating","characterOffsetBegin":71,"characterOffsetEnd":80,"pos":"NNP","before":" ","after":" "},{"index":15,"word":"System","originalText":"System","characterOffsetBegin":81,"characterOffsetEnd":87,"pos":"NNP","before":" ","after":" "},{"index":16,"word":"-LRB-","originalText":"(","characterOffsetBegin":88,"characterOffsetEnd":89,"pos":"-LRB-","before":" ","after":""},{"index":17,"word":"Was","originalText":"Was","characterOffsetBegin":89,"characterOffsetEnd":92,"pos":"VBD","before":"","after":""},{"index":18,"word":":","originalText":":","characterOffsetBegin":92,"characterOffsetEnd":93,"pos":":","before":"","after":" "},{"index":19,"word":"DEATH","originalText":"DEATH","characterOffsetBegin":94,"characterOffsetEnd":99,"pos":"NN","before":" ","after":" "},{"index":20,"word":"BLOW","originalText":"BLOW","characterOffsetBegin":100,"characterOffsetEnd":104,"pos":"NN","before":" ","after":" "},{"index":21,"word":"TO","originalText":"TO","characterOffsetBegin":105,"characterOffsetEnd":107,"pos":"TO","before":" ","after":" "},{"index":22,"word":"UNIX","originalText":"UNIX","characterOffsetBegin":108,"characterOffsetEnd":112,"pos":"NNP","before":" ","after":""},{"index":23,"word":"-RRB-","originalText":")","characterOffsetBegin":112,"characterOffsetEnd":113,"pos":"-RRB-","before":"","after":""},{"index":24,"word":"-RSB-","originalText":"]","characterOffsetBegin":113,"characterOffsetEnd":114,"pos":"-RRB-","before":"","after":""},{"index":25,"word":"Whoops","originalText":"Whoops","characterOffsetBegin":114,"characterOffsetEnd":120,"pos":"NNP","before":"","after":""},{"index":26,"word":"!!","originalText":"!!","characterOffsetBegin":120,"characterOffsetEnd":122,"pos":"IN","before":"","after":" "}]},{"index":1,"tokens":[{"index":1,"word":"Wrong","originalText":"Wrong","characterOffsetBegin":123,"characterOffsetEnd":128,"pos":"JJ","before":" ","after":" "},{"index":2,"word":"group","originalText":"group","characterOffsetBegin":129,"characterOffsetEnd":134,"pos":"NN","before":" ","after":""},{"index":3,"word":".","originalText":".","characterOffsetBegin":134,"characterOffsetEnd":135,"pos":".","before":"","after":" "}]},{"index":2,"tokens":[{"index":1,"word":"Soooooooooooooooorry","originalText":"Soooooooooooooooorry","characterOffsetBegin":136,"characterOffsetEnd":156,"pos":"JJ","before":" ","after":" "},{"index":2,"word":"folks","originalText":"folks","characterOffsetBegin":157,"characterOffsetEnd":162,"pos":"NNS","before":" ","after":""},{"index":3,"word":".","originalText":".","characterOffsetBegin":162,"characterOffsetEnd":163,"pos":".","before":"","after":""}]},{"index":3,"tokens":[{"index":1,"word":".","originalText":".","characterOffsetBegin":163,"characterOffsetEnd":164,"pos":".","before":"","after":""}]}]}