{"sentences":[{"index":0,"tokens":[{"index":1,"word":"From","originalText":"From","characterOffsetBegin":0,"characterOffsetEnd":4,"pos":"IN","before":"","after":""},{"index":2,"word":":","originalText":":","characterOffsetBegin":4,"characterOffsetEnd":5,"pos":":","before":"","after":" "},{"index":3,"word":"fwr8bv@fin.af.MIL","originalText":"fwr8bv@fin.af.MIL","characterOffsetBegin":6,"characterOffsetEnd":23,"pos":"NN","before":" ","after":" "},{"index":4,"word":"-LRB-","originalText":"(","characterOffsetBegin":24,"characterOffsetEnd":25,"pos":"-LRB-","before":" ","after":""},{"index":5,"word":"Shash","originalText":"Shash","characterOffsetBegin":25,"characterOffsetEnd":30,"pos":"NNP","before":"","after":" "},{"index":6,"word":"Chatterjee","originalText":"Chatterjee","characterOffsetBegin":31,"characterOffsetEnd":41,"pos":"NNP","before":" ","after":""},{"index":7,"word":"-RRB-","originalText":")","characterOffsetBegin":41,"characterOffsetEnd":42,"pos":"-RRB-","before":"","after":""},{"index":8,"word":"Subject","originalText":"Subject","characterOffsetBegin":42,"characterOffsetEnd":49,"pos":"NNP","before":"","after":""},{"index":9,"word":":","originalText":":","characterOffsetBegin":49,"characterOffsetEnd":50,"pos":":","before":"","after":" "},{"index":10,"word":"xrolo/SPACRC/SunOS4","originalText":"xrolo/SPACRC/SunOS4","characterOffsetBegin":51,"characterOffsetEnd":70,"pos":"NN","before":" ","after":""},{"index":11,"word":".1.1","originalText":".1.1","characterOffsetBegin":70,"characterOffsetEnd":74,"pos":"CD","before":"","after":""},{"index":12,"word":"/","originalText":"/","characterOffsetBegin":74,"characterOffsetEnd":75,"pos":":","before":"","after":""},{"index":13,"word":"audioCould","originalText":"audioCould","characterOffsetBegin":75,"characterOffsetEnd":85,"pos":"NNP","before":"","after":" "},{"index":14,"word":"some","originalText":"some","characterOffsetBegin":86,"characterOffsetEnd":90,"pos":"DT","before":" ","after":" "},{"index":15,"word":"one","originalText":"one","characterOffsetBegin":91,"characterOffsetEnd":94,"pos":"CD","before":" ","after":" "},{"index":16,"word":"please","originalText":"please","characterOffsetBegin":95,"characterOffsetEnd":101,"pos":"VB","before":" ","after":" "},{"index":17,"word":"send","originalText":"send","characterOffsetBegin":102,"characterOffsetEnd":106,"pos":"VB","before":" ","after":" "},{"index":18,"word":"me","originalText":"me","characterOffsetBegin":107,"characterOffsetEnd":109,"pos":"PRP","before":" ","after":" "},{"index":19,"word":"-LRB-","originalText":"(","characterOffsetBegin":110,"characterOffsetEnd":111,"pos":"-LRB-","before":" ","after":""},{"index":20,"word":"or","originalText":"or","characterOffsetBegin":111,"characterOffsetEnd":113,"pos":"CC","before":"","after":" "},{"index":21,"word":"tell","originalText":"tell","characterOffsetBegin":114,"characterOffsetEnd":118,"pos":"VB","before":" ","after":" "},{"index":22,"word":"me","originalText":"me","characterOffsetBegin":119,"characterOffsetEnd":121,"pos":"PRP","before":" ","after":" "},{"index":23,"word":"where","originalText":"where","characterOffsetBegin":122,"characterOffsetEnd":127,"pos":"WRB","before":" ","after":" "},{"index":24,"word":"to","originalText":"to","characterOffsetBegin":128,"characterOffsetEnd":130,"pos":"TO","before":" ","after":" "},{"index":25,"word":"ftp","originalText":"ftp","characterOffsetBegin":131,"characterOffsetEnd":134,"pos":"JJ","before":" ","after":" "},{"index":26,"word":"from","originalText":"from","characterOffsetBegin":135,"characterOffsetEnd":139,"pos":"IN","before":" ","after":""},{"index":27,"word":"-RRB-","originalText":")","characterOffsetBegin":139,"characterOffsetEnd":140,"pos":"-RRB-","before":"","after":" "},{"index":28,"word":"the","originalText":"the","characterOffsetBegin":141,"characterOffsetEnd":144,"pos":"DT","before":" ","after":" "},{"index":29,"word":"patches","originalText":"patches","characterOffsetBegin":145,"characterOffsetEnd":152,"pos":"NNS","before":" ","after":" "},{"index":30,"word":"required","originalText":"required","characterOffsetBegin":153,"characterOffsetEnd":161,"pos":"VBN","before":" ","after":" "},{"index":31,"word":"for","originalText":"for","characterOffsetBegin":162,"characterOffsetEnd":165,"pos":"IN","before":" ","after":" "},{"index":32,"word":"xrolo","originalText":"xrolo","characterOffsetBegin":166,"characterOffsetEnd":171,"pos":"NN","before":" ","after":" "},{"index":33,"word":"so","originalText":"so","characterOffsetBegin":172,"characterOffsetEnd":174,"pos":"IN","before":" ","after":" "},{"index":34,"word":"that","originalText":"that","characterOffsetBegin":175,"characterOffsetEnd":179,"pos":"IN","before":" ","after":"  "},{"index":35,"word":"I","originalText":"I","characterOffsetBegin":181,"characterOffsetEnd":182,"pos":"PRP","before":"  ","after":" "},{"index":36,"word":"can","originalText":"can","characterOffsetBegin":183,"characterOffsetEnd":186,"pos":"MD","before":" ","after":" "},{"index":37,"word":"compile-in","originalText":"compile-in","characterOffsetBegin":187,"characterOffsetEnd":197,"pos":"VB","before":" ","after":" "},{"index":38,"word":"the","originalText":"the","characterOffsetBegin":198,"characterOffsetEnd":201,"pos":"DT","before":" ","after":" "},{"index":39,"word":"SPARCStation","originalText":"SPARCStation","characterOffsetBegin":202,"characterOffsetEnd":214,"pos":"NN","before":" ","after":" "},{"index":40,"word":"phone-dialing","originalText":"phone-dialing","characterOffsetBegin":215,"characterOffsetEnd":228,"pos":"JJ","before":" ","after":" "},{"index":41,"word":"feature?I","originalText":"feature?I","characterOffsetBegin":229,"characterOffsetEnd":238,"pos":"NN","before":" ","after":" "},{"index":42,"word":"am","originalText":"am","characterOffsetBegin":239,"characterOffsetEnd":241,"pos":"VBP","before":" ","after":" "},{"index":43,"word":"using","originalText":"using","characterOffsetBegin":242,"characterOffsetEnd":247,"pos":"VBG","before":" ","after":" "},{"index":44,"word":"SunOS","originalText":"SunOS","characterOffsetBegin":248,"characterOffsetEnd":253,"pos":"NN","before":" ","after":"  "},{"index":45,"word":"4.1.1","originalText":"4.1.1","characterOffsetBegin":255,"characterOffsetEnd":260,"pos":"CD","before":"  ","after":""},{"index":46,"word":",","originalText":",","characterOffsetBegin":260,"characterOffsetEnd":261,"pos":",","before":"","after":" "},{"index":47,"word":"and","originalText":"and","characterOffsetBegin":262,"characterOffsetEnd":265,"pos":"CC","before":" ","after":" "},{"index":48,"word":"therefore","originalText":"therefore","characterOffsetBegin":266,"characterOffsetEnd":275,"pos":"RB","before":" ","after":" "},{"index":49,"word":"do","originalText":"do","characterOffsetBegin":276,"characterOffsetEnd":278,"pos":"VBP","before":" ","after":""},{"index":50,"word":"n't","originalText":"n't","characterOffsetBegin":278,"characterOffsetEnd":281,"pos":"RB","before":"","after":" "},{"index":51,"word":"have","originalText":"have","characterOffsetBegin":282,"characterOffsetEnd":286,"pos":"VB","before":" ","after":" "},{"index":52,"word":"``","originalText":"\"","characterOffsetBegin":287,"characterOffsetEnd":288,"pos":"``","before":" ","after":""},{"index":53,"word":"multimedia/libaudio.h","originalText":"multimedia/libaudio.h","characterOffsetBegin":288,"characterOffsetEnd":309,"pos":"JJ","before":"","after":""},{"index":54,"word":"''","originalText":"\"","characterOffsetBegin":309,"characterOffsetEnd":310,"pos":"''","before":"","after":" "},{"index":55,"word":"or","originalText":"or","characterOffsetBegin":311,"characterOffsetEnd":313,"pos":"CC","before":" ","after":" "},{"index":56,"word":"``","originalText":"\"","characterOffsetBegin":314,"characterOffsetEnd":315,"pos":"``","before":" ","after":""},{"index":57,"word":"multimedia/audio_device.h","originalText":"multimedia/audio_device.h","characterOffsetBegin":315,"characterOffsetEnd":340,"pos":"JJ","before":"","after":""},{"index":58,"word":"''","originalText":"\"","characterOffsetBegin":340,"characterOffsetEnd":341,"pos":"''","before":"","after":" "},{"index":59,"word":"and","originalText":"and","characterOffsetBegin":342,"characterOffsetEnd":345,"pos":"CC","before":" ","after":" "},{"index":60,"word":"associated","originalText":"associated","characterOffsetBegin":346,"characterOffsetEnd":356,"pos":"VBN","before":" ","after":" "},{"index":61,"word":"functions.Just","originalText":"functions.Just","characterOffsetBegin":357,"characterOffsetEnd":371,"pos":"NN","before":" ","after":" "},{"index":62,"word":"in","originalText":"in","characterOffsetBegin":372,"characterOffsetEnd":374,"pos":"IN","before":" ","after":" "},{"index":63,"word":"case","originalText":"case","characterOffsetBegin":375,"characterOffsetEnd":379,"pos":"NN","before":" ","after":""},{"index":64,"word":",","originalText":",","characterOffsetBegin":379,"characterOffsetEnd":380,"pos":",","before":"","after":" "},{"index":65,"word":"our","originalText":"our","characterOffsetBegin":381,"characterOffsetEnd":384,"pos":"PRP$","before":" ","after":" "},{"index":66,"word":"mail","originalText":"mail","characterOffsetBegin":385,"characterOffsetEnd":389,"pos":"NN","before":" ","after":" "},{"index":67,"word":"gateway","originalText":"gateway","characterOffsetBegin":390,"characterOffsetEnd":397,"pos":"NN","before":" ","after":" "},{"index":68,"word":"only","originalText":"only","characterOffsetBegin":398,"characterOffsetEnd":402,"pos":"RB","before":" ","after":" "},{"index":69,"word":"accepts","originalText":"accepts","characterOffsetBegin":403,"characterOffsetEnd":410,"pos":"VBZ","before":" ","after":" "},{"index":70,"word":"msgs","originalText":"msgs","characterOffsetBegin":411,"characterOffsetEnd":415,"pos":"NNS","before":" ","after":" "},{"index":71,"word":"<","originalText":"<","characterOffsetBegin":416,"characterOffsetEnd":417,"pos":"JJR","before":" ","after":" "},{"index":72,"word":"45Kb","originalText":"45Kb","characterOffsetBegin":418,"characterOffsetEnd":422,"pos":"NN","before":" ","after":""},{"index":73,"word":".","originalText":".","characterOffsetBegin":422,"characterOffsetEnd":423,"pos":".","before":"","after":""}]},{"index":1,"tokens":[{"index":1,"word":"Thanks","originalText":"Thanks","characterOffsetBegin":423,"characterOffsetEnd":429,"pos":"NNS","before":"","after":" "},{"index":2,"word":"in","originalText":"in","characterOffsetBegin":430,"characterOffsetEnd":432,"pos":"IN","before":" ","after":" "},{"index":3,"word":"advance","originalText":"advance","characterOffsetBegin":433,"characterOffsetEnd":440,"pos":"NN","before":" ","after":""},{"index":4,"word":",","originalText":",","characterOffsetBegin":440,"characterOffsetEnd":441,"pos":",","before":"","after":""},{"index":5,"word":"Shash","originalText":"Shash","characterOffsetBegin":441,"characterOffsetEnd":446,"pos":"NNP","before":"","after":""},{"index":6,"word":".","originalText":".","characterOffsetBegin":446,"characterOffsetEnd":447,"pos":".","before":"","after":""}]},{"index":2,"tokens":[{"index":1,"word":"+","originalText":"+","characterOffsetBegin":447,"characterOffsetEnd":448,"pos":"CC","before":"","after":""},{"index":2,"word":"-----------------------------------------------------------------------------","originalText":"-----------------------------------------------------------------------------","characterOffsetBegin":448,"characterOffsetEnd":525,"pos":"CD","before":"","after":""},{"index":3,"word":"+","originalText":"+","characterOffsetBegin":525,"characterOffsetEnd":526,"pos":"CC","before":"","after":""},{"index":4,"word":"+","originalText":"+","characterOffsetBegin":526,"characterOffsetEnd":527,"pos":"CC","before":"","after":" "},{"index":5,"word":"Shash","originalText":"Shash","characterOffsetBegin":528,"characterOffsetEnd":533,"pos":"NNP","before":" ","after":" "},{"index":6,"word":"Chatterjee","originalText":"Chatterjee","characterOffsetBegin":534,"characterOffsetEnd":544,"pos":"NNP","before":" ","after":"                           "},{"index":7,"word":"EMAIL","originalText":"EMAIL","characterOffsetBegin":571,"characterOffsetEnd":576,"pos":"NNP","before":"                           ","after":""},{"index":8,"word":":","originalText":":","characterOffsetBegin":576,"characterOffsetEnd":577,"pos":":","before":"","after":"  "},{"index":9,"word":"fwr8bv@fin.af.mil","originalText":"fwr8bv@fin.af.mil","characterOffsetBegin":579,"characterOffsetEnd":596,"pos":"NN","before":"  ","after":"        "},{"index":10,"word":"+","originalText":"+","characterOffsetBegin":604,"characterOffsetEnd":605,"pos":"CC","before":"        ","after":""},{"index":11,"word":"+","originalText":"+","characterOffsetBegin":605,"characterOffsetEnd":606,"pos":"CC","before":"","after":" "},{"index":12,"word":"EC","originalText":"EC","characterOffsetBegin":607,"characterOffsetEnd":609,"pos":"NNP","before":" ","after":" "},{"index":13,"word":"Software","originalText":"Software","characterOffsetBegin":610,"characterOffsetEnd":618,"pos":"NNP","before":" ","after":"                                "},{"index":14,"word":"PHONE","originalText":"PHONE","characterOffsetBegin":650,"characterOffsetEnd":655,"pos":"NNP","before":"                                ","after":""},{"index":15,"word":":","originalText":":","characterOffsetBegin":655,"characterOffsetEnd":656,"pos":":","before":"","after":"  "},{"index":16,"word":"-LRB-817-RRB- 763-1495","originalText":"(817) 763-1495","characterOffsetBegin":658,"characterOffsetEnd":672,"pos":"NN","before":"  ","after":"           "},{"index":17,"word":"+","originalText":"+","characterOffsetBegin":683,"characterOffsetEnd":684,"pos":"CC","before":"           ","after":""},{"index":18,"word":"+","originalText":"+","characterOffsetBegin":684,"characterOffsetEnd":685,"pos":"CC","before":"","after":" "},{"index":19,"word":"Lockheed","originalText":"Lockheed","characterOffsetBegin":686,"characterOffsetEnd":694,"pos":"NNP","before":" ","after":" "},{"index":20,"word":"Fort","originalText":"Fort","characterOffsetBegin":695,"characterOffsetEnd":699,"pos":"NNP","before":" ","after":" "},{"index":21,"word":"Worth","originalText":"Worth","characterOffsetBegin":700,"characterOffsetEnd":705,"pos":"NNP","before":" ","after":" "},{"index":22,"word":"Company","originalText":"Company","characterOffsetBegin":706,"characterOffsetEnd":713,"pos":"NNP","before":" ","after":"                "},{"index":23,"word":"FAX","originalText":"FAX","characterOffsetBegin":729,"characterOffsetEnd":732,"pos":"NNP","before":"                ","after":""},{"index":24,"word":":","originalText":":","characterOffsetBegin":732,"characterOffsetEnd":733,"pos":":","before":"","after":"    "},{"index":25,"word":"-LRB-817-RRB- 777-2115","originalText":"(817) 777-2115","characterOffsetBegin":737,"characterOffsetEnd":751,"pos":"NN","before":"    ","after":"           "},{"index":26,"word":"+","originalText":"+","characterOffsetBegin":762,"characterOffsetEnd":763,"pos":"CC","before":"           ","after":""},{"index":27,"word":"+","originalText":"+","characterOffsetBegin":763,"characterOffsetEnd":764,"pos":"CC","before":"","after":" "},{"index":28,"word":"P.O.","originalText":"P.O.","characterOffsetBegin":765,"characterOffsetEnd":769,"pos":"NNP","before":" ","after":" "},{"index":29,"word":"Box","originalText":"Box","characterOffsetBegin":770,"characterOffsetEnd":773,"pos":"NNP","before":" ","after":" "},{"index":30,"word":"748","originalText":"748","characterOffsetBegin":774,"characterOffsetEnd":777,"pos":"CD","before":" ","after":""},{"index":31,"word":",","originalText":",","characterOffsetBegin":777,"characterOffsetEnd":778,"pos":",","before":"","after":" "},{"index":32,"word":"MZ1719","originalText":"MZ1719","characterOffsetBegin":779,"characterOffsetEnd":785,"pos":"NN","before":" ","after":"                                                        "},{"index":33,"word":"+","originalText":"+","characterOffsetBegin":841,"characterOffsetEnd":842,"pos":"CC","before":"                                                        ","after":""},{"index":34,"word":"+","originalText":"+","characterOffsetBegin":842,"characterOffsetEnd":843,"pos":"CC","before":"","after":" "},{"index":35,"word":"Ft.","originalText":"Ft.","characterOffsetBegin":844,"characterOffsetEnd":847,"pos":"NNP","before":" ","after":" "},{"index":36,"word":"Worth","originalText":"Worth","characterOffsetBegin":848,"characterOffsetEnd":853,"pos":"NNP","before":" ","after":""},{"index":37,"word":",","originalText":",","characterOffsetBegin":853,"characterOffsetEnd":854,"pos":",","before":"","after":" "},{"index":38,"word":"TX","originalText":"TX","characterOffsetBegin":855,"characterOffsetEnd":857,"pos":"NNP","before":" ","after":" "},{"index":39,"word":"76101","originalText":"76101","characterOffsetBegin":858,"characterOffsetEnd":863,"pos":"CD","before":" ","after":"                                                         "},{"index":40,"word":"+","originalText":"+","characterOffsetBegin":920,"characterOffsetEnd":921,"pos":"CC","before":"                                                         ","after":""},{"index":41,"word":"+","originalText":"+","characterOffsetBegin":921,"characterOffsetEnd":922,"pos":"CC","before":"","after":""},{"index":42,"word":"-----------------------------------------------------------------------------","originalText":"-----------------------------------------------------------------------------","characterOffsetBegin":922,"characterOffsetEnd":999,"pos":"CD","before":"","after":""},{"index":43,"word":"+","originalText":"+","characterOffsetBegin":999,"characterOffsetEnd":1000,"pos":"CC","before":"","after":""}]}]}