{"sentences":[{"index":0,"tokens":[{"index":1,"word":"From","originalText":"From","characterOffsetBegin":0,"characterOffsetEnd":4,"pos":"IN","before":"","after":""},{"index":2,"word":":","originalText":":","characterOffsetBegin":4,"characterOffsetEnd":5,"pos":":","before":"","after":" "},{"index":3,"word":"d3e758@bucky.pnl.gov","originalText":"d3e758@bucky.pnl.gov","characterOffsetBegin":6,"characterOffsetEnd":26,"pos":"NN","before":" ","after":" "},{"index":4,"word":"-LRB-","originalText":"(","characterOffsetBegin":27,"characterOffsetEnd":28,"pos":"-LRB-","before":" ","after":""},{"index":5,"word":"JE","originalText":"JE","characterOffsetBegin":28,"characterOffsetEnd":30,"pos":"NN","before":"","after":" "},{"index":6,"word":"Pelkey","originalText":"Pelkey","characterOffsetBegin":31,"characterOffsetEnd":37,"pos":"NN","before":" ","after":""},{"index":7,"word":"-RRB-","originalText":")","characterOffsetBegin":37,"characterOffsetEnd":38,"pos":"-RRB-","before":"","after":""},{"index":8,"word":"Subject","originalText":"Subject","characterOffsetBegin":38,"characterOffsetEnd":45,"pos":"NN","before":"","after":""},{"index":9,"word":":","originalText":":","characterOffsetBegin":45,"characterOffsetEnd":46,"pos":":","before":"","after":" "},{"index":10,"word":"Multi-screen","originalText":"Multi-screen","characterOffsetBegin":47,"characterOffsetEnd":59,"pos":"JJ","before":" ","after":" "},{"index":11,"word":"apps","originalText":"apps","characterOffsetBegin":60,"characterOffsetEnd":64,"pos":"NNS","before":" ","after":" "},{"index":12,"word":"and","originalText":"and","characterOffsetBegin":65,"characterOffsetEnd":68,"pos":"CC","before":" ","after":" "},{"index":13,"word":"window","originalText":"window","characterOffsetBegin":69,"characterOffsetEnd":75,"pos":"NN","before":" ","after":" "},{"index":14,"word":"managersI","originalText":"managersI","characterOffsetBegin":76,"characterOffsetEnd":85,"pos":"NN","before":" ","after":" "},{"index":15,"word":"am","originalText":"am","characterOffsetBegin":86,"characterOffsetEnd":88,"pos":"VBP","before":" ","after":" "},{"index":16,"word":"working","originalText":"working","characterOffsetBegin":89,"characterOffsetEnd":96,"pos":"VBG","before":" ","after":" "},{"index":17,"word":"on","originalText":"on","characterOffsetBegin":97,"characterOffsetEnd":99,"pos":"IN","before":" ","after":" "},{"index":18,"word":"a","originalText":"a","characterOffsetBegin":100,"characterOffsetEnd":101,"pos":"DT","before":" ","after":" "},{"index":19,"word":"project","originalText":"project","characterOffsetBegin":102,"characterOffsetEnd":109,"pos":"NN","before":" ","after":" "},{"index":20,"word":"to","originalText":"to","characterOffsetBegin":110,"characterOffsetEnd":112,"pos":"TO","before":" ","after":" "},{"index":21,"word":"provide","originalText":"provide","characterOffsetBegin":113,"characterOffsetEnd":120,"pos":"VB","before":" ","after":" "},{"index":22,"word":"an","originalText":"an","characterOffsetBegin":121,"characterOffsetEnd":123,"pos":"DT","before":" ","after":" "},{"index":23,"word":"emergency","originalText":"emergency","characterOffsetBegin":124,"characterOffsetEnd":133,"pos":"NN","before":" ","after":" "},{"index":24,"word":"managementinformation","originalText":"managementinformation","characterOffsetBegin":134,"characterOffsetEnd":155,"pos":"NN","before":" ","after":" "},{"index":25,"word":"system","originalText":"system","characterOffsetBegin":156,"characterOffsetEnd":162,"pos":"NN","before":" ","after":""},{"index":26,"word":".","originalText":".","characterOffsetBegin":162,"characterOffsetEnd":163,"pos":".","before":"","after":"  "}]},{"index":1,"tokens":[{"index":1,"word":"In","originalText":"In","characterOffsetBegin":165,"characterOffsetEnd":167,"pos":"IN","before":"  ","after":" "},{"index":2,"word":"keeping","originalText":"keeping","characterOffsetBegin":168,"characterOffsetEnd":175,"pos":"VBG","before":" ","after":" "},{"index":3,"word":"with","originalText":"with","characterOffsetBegin":176,"characterOffsetEnd":180,"pos":"IN","before":" ","after":" "},{"index":4,"word":"more","originalText":"more","characterOffsetBegin":181,"characterOffsetEnd":185,"pos":"JJR","before":" ","after":" "},{"index":5,"word":"classic","originalText":"classic","characterOffsetBegin":186,"characterOffsetEnd":193,"pos":"JJ","before":" ","after":" "},{"index":6,"word":"command","originalText":"command","characterOffsetBegin":194,"characterOffsetEnd":201,"pos":"NN","before":" ","after":" "},{"index":7,"word":"andcontrol","originalText":"andcontrol","characterOffsetBegin":202,"characterOffsetEnd":212,"pos":"NN","before":" ","after":" "},{"index":8,"word":"type","originalText":"type","characterOffsetBegin":213,"characterOffsetEnd":217,"pos":"NN","before":" ","after":" "},{"index":9,"word":"systems","originalText":"systems","characterOffsetBegin":218,"characterOffsetEnd":225,"pos":"NNS","before":" ","after":""},{"index":10,"word":",","originalText":",","characterOffsetBegin":225,"characterOffsetEnd":226,"pos":",","before":"","after":" "},{"index":11,"word":"we","originalText":"we","characterOffsetBegin":227,"characterOffsetEnd":229,"pos":"PRP","before":" ","after":" "},{"index":12,"word":"are","originalText":"are","characterOffsetBegin":230,"characterOffsetEnd":233,"pos":"VBP","before":" ","after":" "},{"index":13,"word":"considering","originalText":"considering","characterOffsetBegin":234,"characterOffsetEnd":245,"pos":"VBG","before":" ","after":" "},{"index":14,"word":"developing","originalText":"developing","characterOffsetBegin":246,"characterOffsetEnd":256,"pos":"VBG","before":" ","after":" "},{"index":15,"word":"a","originalText":"a","characterOffsetBegin":257,"characterOffsetEnd":258,"pos":"DT","before":" ","after":" "},{"index":16,"word":"dual","originalText":"dual","characterOffsetBegin":259,"characterOffsetEnd":263,"pos":"JJ","before":" ","after":" "},{"index":17,"word":"screen","originalText":"screen","characterOffsetBegin":264,"characterOffsetEnd":270,"pos":"NN","before":" ","after":" "},{"index":18,"word":"monitorsystem","originalText":"monitorsystem","characterOffsetBegin":271,"characterOffsetEnd":284,"pos":"NN","before":" ","after":" "},{"index":19,"word":"in","originalText":"in","characterOffsetBegin":285,"characterOffsetEnd":287,"pos":"IN","before":" ","after":" "},{"index":20,"word":"order","originalText":"order","characterOffsetBegin":288,"characterOffsetEnd":293,"pos":"NN","before":" ","after":" "},{"index":21,"word":"to","originalText":"to","characterOffsetBegin":294,"characterOffsetEnd":296,"pos":"TO","before":" ","after":" "},{"index":22,"word":"provide","originalText":"provide","characterOffsetBegin":297,"characterOffsetEnd":304,"pos":"VB","before":" ","after":" "},{"index":23,"word":"a","originalText":"a","characterOffsetBegin":305,"characterOffsetEnd":306,"pos":"DT","before":" ","after":" "},{"index":24,"word":"status","originalText":"status","characterOffsetBegin":307,"characterOffsetEnd":313,"pos":"NN","before":" ","after":" "},{"index":25,"word":"board","originalText":"board","characterOffsetBegin":314,"characterOffsetEnd":319,"pos":"NN","before":" ","after":" "},{"index":26,"word":"on","originalText":"on","characterOffsetBegin":320,"characterOffsetEnd":322,"pos":"IN","before":" ","after":" "},{"index":27,"word":"it","originalText":"it","characterOffsetBegin":323,"characterOffsetEnd":325,"pos":"PRP","before":" ","after":""},{"index":28,"word":"'s","originalText":"'s","characterOffsetBegin":325,"characterOffsetEnd":327,"pos":"VBZ","before":"","after":" "},{"index":29,"word":"own","originalText":"own","characterOffsetBegin":328,"characterOffsetEnd":331,"pos":"JJ","before":" ","after":" "},{"index":30,"word":"monitor","originalText":"monitor","characterOffsetBegin":332,"characterOffsetEnd":339,"pos":"NN","before":" ","after":""},{"index":31,"word":".","originalText":".","characterOffsetBegin":339,"characterOffsetEnd":340,"pos":".","before":"","after":"  "}]},{"index":2,"tokens":[{"index":1,"word":"I","originalText":"I","characterOffsetBegin":342,"characterOffsetEnd":343,"pos":"PRP","before":"  ","after":" "},{"index":2,"word":"have","originalText":"have","characterOffsetBegin":344,"characterOffsetEnd":348,"pos":"VBP","before":" ","after":" "},{"index":3,"word":"a","originalText":"a","characterOffsetBegin":349,"characterOffsetEnd":350,"pos":"DT","before":" ","after":" "},{"index":4,"word":"number","originalText":"number","characterOffsetBegin":351,"characterOffsetEnd":357,"pos":"NN","before":" ","after":" "},{"index":5,"word":"of","originalText":"of","characterOffsetBegin":358,"characterOffsetEnd":360,"pos":"IN","before":" ","after":" "},{"index":6,"word":"X","originalText":"X","characterOffsetBegin":361,"characterOffsetEnd":362,"pos":"NN","before":" ","after":" "},{"index":7,"word":"level","originalText":"level","characterOffsetBegin":363,"characterOffsetEnd":368,"pos":"NN","before":" ","after":" "},{"index":8,"word":"questions","originalText":"questions","characterOffsetBegin":369,"characterOffsetEnd":378,"pos":"NNS","before":" ","after":" "},{"index":9,"word":"regarding","originalText":"regarding","characterOffsetBegin":379,"characterOffsetEnd":388,"pos":"VBG","before":" ","after":" "},{"index":10,"word":"this","originalText":"this","characterOffsetBegin":389,"characterOffsetEnd":393,"pos":"DT","before":" ","after":""},{"index":11,"word":":","originalText":":","characterOffsetBegin":393,"characterOffsetEnd":394,"pos":":","before":"","after":""},{"index":12,"word":"-LRB-","originalText":"(","characterOffsetBegin":394,"characterOffsetEnd":395,"pos":"-LRB-","before":"","after":""},{"index":13,"word":"We","originalText":"We","characterOffsetBegin":395,"characterOffsetEnd":397,"pos":"PRP","before":"","after":" "},{"index":14,"word":"are","originalText":"are","characterOffsetBegin":398,"characterOffsetEnd":401,"pos":"VBP","before":" ","after":" "},{"index":15,"word":"devloping","originalText":"devloping","characterOffsetBegin":402,"characterOffsetEnd":411,"pos":"VBG","before":" ","after":" "},{"index":16,"word":"on","originalText":"on","characterOffsetBegin":412,"characterOffsetEnd":414,"pos":"IN","before":" ","after":" "},{"index":17,"word":"Unix","originalText":"Unix","characterOffsetBegin":415,"characterOffsetEnd":419,"pos":"NNP","before":" ","after":" "},{"index":18,"word":"systems","originalText":"systems","characterOffsetBegin":420,"characterOffsetEnd":427,"pos":"NNS","before":" ","after":" "},{"index":19,"word":"using","originalText":"using","characterOffsetBegin":428,"characterOffsetEnd":433,"pos":"VBG","before":" ","after":" "},{"index":20,"word":"X/Motif","originalText":"X/Motif","characterOffsetBegin":434,"characterOffsetEnd":441,"pos":"NN","before":" ","after":""},{"index":21,"word":".","originalText":".","characterOffsetBegin":441,"characterOffsetEnd":442,"pos":".","before":"","after":" "}]},{"index":3,"tokens":[{"index":1,"word":"Platform","originalText":"Platform","characterOffsetBegin":443,"characterOffsetEnd":451,"pos":"NN","before":" ","after":" "},{"index":2,"word":"will","originalText":"will","characterOffsetBegin":452,"characterOffsetEnd":456,"pos":"MD","before":" ","after":" "},{"index":3,"word":"be","originalText":"be","characterOffsetBegin":457,"characterOffsetEnd":459,"pos":"VB","before":" ","after":" "},{"index":4,"word":"predominantly","originalText":"predominantly","characterOffsetBegin":460,"characterOffsetEnd":473,"pos":"RB","before":" ","after":" "},{"index":5,"word":"Sun","originalText":"Sun","characterOffsetBegin":474,"characterOffsetEnd":477,"pos":"NNP","before":" ","after":""},{"index":6,"word":"'s","originalText":"'s","characterOffsetBegin":477,"characterOffsetEnd":479,"pos":"POS","before":"","after":""},{"index":7,"word":",","originalText":",","characterOffsetBegin":479,"characterOffsetEnd":480,"pos":",","before":"","after":" "},{"index":8,"word":"probably","originalText":"probably","characterOffsetBegin":481,"characterOffsetEnd":489,"pos":"RB","before":" ","after":" "},{"index":9,"word":"with","originalText":"with","characterOffsetBegin":490,"characterOffsetEnd":494,"pos":"IN","before":" ","after":" "},{"index":10,"word":"ports","originalText":"ports","characterOffsetBegin":495,"characterOffsetEnd":500,"pos":"NNS","before":" ","after":" "},{"index":11,"word":"to","originalText":"to","characterOffsetBegin":501,"characterOffsetEnd":503,"pos":"TO","before":" ","after":" "},{"index":12,"word":"RS/6000","originalText":"RS/6000","characterOffsetBegin":504,"characterOffsetEnd":511,"pos":"NN","before":" ","after":" "},{"index":13,"word":"as","originalText":"as","characterOffsetBegin":512,"characterOffsetEnd":514,"pos":"RB","before":" ","after":" "},{"index":14,"word":"well","originalText":"well","characterOffsetBegin":515,"characterOffsetEnd":519,"pos":"RB","before":" ","after":""},{"index":15,"word":"-RRB-","originalText":")","characterOffsetBegin":519,"characterOffsetEnd":520,"pos":"-RRB-","before":"","after":""},{"index":16,"word":".","originalText":".","characterOffsetBegin":520,"characterOffsetEnd":521,"pos":".","before":"","after":""}]},{"index":4,"tokens":[{"index":1,"word":"I","originalText":"I","characterOffsetBegin":521,"characterOffsetEnd":522,"pos":"PRP","before":"","after":" "},{"index":2,"word":"am","originalText":"am","characterOffsetBegin":523,"characterOffsetEnd":525,"pos":"VBP","before":" ","after":" "},{"index":3,"word":"assuming","originalText":"assuming","characterOffsetBegin":526,"characterOffsetEnd":534,"pos":"VBG","before":" ","after":" "},{"index":4,"word":"the","originalText":"the","characterOffsetBegin":535,"characterOffsetEnd":538,"pos":"DT","before":" ","after":" "},{"index":5,"word":"standard","originalText":"standard","characterOffsetBegin":539,"characterOffsetEnd":547,"pos":"JJ","before":" ","after":" "},{"index":6,"word":"dual","originalText":"dual","characterOffsetBegin":548,"characterOffsetEnd":552,"pos":"JJ","before":" ","after":" "},{"index":7,"word":"monitor","originalText":"monitor","characterOffsetBegin":553,"characterOffsetEnd":560,"pos":"NN","before":" ","after":" "},{"index":8,"word":"systems","originalText":"systems","characterOffsetBegin":561,"characterOffsetEnd":568,"pos":"NNS","before":" ","after":" "},{"index":9,"word":"are","originalText":"are","characterOffsetBegin":569,"characterOffsetEnd":572,"pos":"VBP","before":" ","after":" "},{"index":10,"word":"configuredsuch","originalText":"configuredsuch","characterOffsetBegin":573,"characterOffsetEnd":587,"pos":"NN","before":" ","after":" "},{"index":11,"word":"that","originalText":"that","characterOffsetBegin":588,"characterOffsetEnd":592,"pos":"IN","before":" ","after":" "},{"index":12,"word":"we","originalText":"we","characterOffsetBegin":593,"characterOffsetEnd":595,"pos":"PRP","before":" ","after":" "},{"index":13,"word":"are","originalText":"are","characterOffsetBegin":596,"characterOffsetEnd":599,"pos":"VBP","before":" ","after":" "},{"index":14,"word":"talking","originalText":"talking","characterOffsetBegin":600,"characterOffsetEnd":607,"pos":"VBG","before":" ","after":" "},{"index":15,"word":"about","originalText":"about","characterOffsetBegin":608,"characterOffsetEnd":613,"pos":"IN","before":" ","after":" "},{"index":16,"word":"one","originalText":"one","characterOffsetBegin":614,"characterOffsetEnd":617,"pos":"CD","before":" ","after":" "},{"index":17,"word":"X","originalText":"X","characterOffsetBegin":618,"characterOffsetEnd":619,"pos":"NN","before":" ","after":" "},{"index":18,"word":"display","originalText":"display","characterOffsetBegin":620,"characterOffsetEnd":627,"pos":"NN","before":" ","after":" "},{"index":19,"word":"and","originalText":"and","characterOffsetBegin":628,"characterOffsetEnd":631,"pos":"CC","before":" ","after":" "},{"index":20,"word":"multiple","originalText":"multiple","characterOffsetBegin":632,"characterOffsetEnd":640,"pos":"JJ","before":" ","after":" "},{"index":21,"word":"screens","originalText":"screens","characterOffsetBegin":641,"characterOffsetEnd":648,"pos":"NNS","before":" ","after":""},{"index":22,"word":",","originalText":",","characterOffsetBegin":648,"characterOffsetEnd":649,"pos":",","before":"","after":""},{"index":23,"word":"and","originalText":"and","characterOffsetBegin":649,"characterOffsetEnd":652,"pos":"CC","before":"","after":" "},{"index":24,"word":"not","originalText":"not","characterOffsetBegin":653,"characterOffsetEnd":656,"pos":"RB","before":" ","after":" "},{"index":25,"word":"multiple","originalText":"multiple","characterOffsetBegin":657,"characterOffsetEnd":665,"pos":"JJ","before":" ","after":" "},{"index":26,"word":"X","originalText":"X","characterOffsetBegin":666,"characterOffsetEnd":667,"pos":"NN","before":" ","after":" "},{"index":27,"word":"displays","originalText":"displays","characterOffsetBegin":668,"characterOffsetEnd":676,"pos":"NNS","before":" ","after":""},{"index":28,"word":".","originalText":".","characterOffsetBegin":676,"characterOffsetEnd":677,"pos":".","before":"","after":"   "}]},{"index":5,"tokens":[{"index":1,"word":"Given","originalText":"Given","characterOffsetBegin":680,"characterOffsetEnd":685,"pos":"VBN","before":"   ","after":" "},{"index":2,"word":"this","originalText":"this","characterOffsetBegin":686,"characterOffsetEnd":690,"pos":"DT","before":" ","after":""},{"index":3,"word":":","originalText":":","characterOffsetBegin":690,"characterOffsetEnd":691,"pos":":","before":"","after":"\t"},{"index":4,"word":"-","originalText":"-","characterOffsetBegin":692,"characterOffsetEnd":693,"pos":":","before":"\t","after":" "},{"index":5,"word":"Is","originalText":"Is","characterOffsetBegin":694,"characterOffsetEnd":696,"pos":"VBZ","before":" ","after":" "},{"index":6,"word":"changing","originalText":"changing","characterOffsetBegin":697,"characterOffsetEnd":705,"pos":"VBG","before":" ","after":" "},{"index":7,"word":"input","originalText":"input","characterOffsetBegin":706,"characterOffsetEnd":711,"pos":"NN","before":" ","after":" "},{"index":8,"word":"focus","originalText":"focus","characterOffsetBegin":712,"characterOffsetEnd":717,"pos":"NN","before":" ","after":" "},{"index":9,"word":"from","originalText":"from","characterOffsetBegin":718,"characterOffsetEnd":722,"pos":"IN","before":" ","after":" "},{"index":10,"word":"one","originalText":"one","characterOffsetBegin":723,"characterOffsetEnd":726,"pos":"CD","before":" ","after":" "},{"index":11,"word":"screen","originalText":"screen","characterOffsetBegin":727,"characterOffsetEnd":733,"pos":"NN","before":" ","after":" "},{"index":12,"word":"to","originalText":"to","characterOffsetBegin":734,"characterOffsetEnd":736,"pos":"TO","before":" ","after":" "},{"index":13,"word":"the","originalText":"the","characterOffsetBegin":737,"characterOffsetEnd":740,"pos":"DT","before":" ","after":" "},{"index":14,"word":"other","originalText":"other","characterOffsetBegin":741,"characterOffsetEnd":746,"pos":"JJ","before":" ","after":" "},{"index":15,"word":"as","originalText":"as","characterOffsetBegin":747,"characterOffsetEnd":749,"pos":"IN","before":" ","after":" "},{"index":16,"word":"simple","originalText":"simple","characterOffsetBegin":750,"characterOffsetEnd":756,"pos":"JJ","before":" ","after":"\t"},{"index":17,"word":"as","originalText":"as","characterOffsetBegin":757,"characterOffsetEnd":759,"pos":"IN","before":"\t","after":" "},{"index":18,"word":"tracking","originalText":"tracking","characterOffsetBegin":760,"characterOffsetEnd":768,"pos":"VBG","before":" ","after":" "},{"index":19,"word":"your","originalText":"your","characterOffsetBegin":769,"characterOffsetEnd":773,"pos":"PRP$","before":" ","after":" "},{"index":20,"word":"mouse","originalText":"mouse","characterOffsetBegin":774,"characterOffsetEnd":779,"pos":"NN","before":" ","after":" "},{"index":21,"word":"from","originalText":"from","characterOffsetBegin":780,"characterOffsetEnd":784,"pos":"IN","before":" ","after":" "},{"index":22,"word":"one","originalText":"one","characterOffsetBegin":785,"characterOffsetEnd":788,"pos":"CD","before":" ","after":" "},{"index":23,"word":"screen","originalText":"screen","characterOffsetBegin":789,"characterOffsetEnd":795,"pos":"NN","before":" ","after":" "},{"index":24,"word":"to","originalText":"to","characterOffsetBegin":796,"characterOffsetEnd":798,"pos":"TO","before":" ","after":" "},{"index":25,"word":"the","originalText":"the","characterOffsetBegin":799,"characterOffsetEnd":802,"pos":"DT","before":" ","after":" "},{"index":26,"word":"other","originalText":"other","characterOffsetBegin":803,"characterOffsetEnd":808,"pos":"JJ","before":" ","after":""},{"index":27,"word":"?","originalText":"?","characterOffsetBegin":808,"characterOffsetEnd":809,"pos":".","before":"","after":"  "}]},{"index":6,"tokens":[{"index":1,"word":"There","originalText":"There","characterOffsetBegin":811,"characterOffsetEnd":816,"pos":"EX","before":"  ","after":""},{"index":2,"word":"'s","originalText":"'s","characterOffsetBegin":816,"characterOffsetEnd":818,"pos":"VBZ","before":"","after":"\t"},{"index":3,"word":"nothing","originalText":"nothing","characterOffsetBegin":819,"characterOffsetEnd":826,"pos":"NN","before":"\t","after":" "},{"index":4,"word":"special","originalText":"special","characterOffsetBegin":827,"characterOffsetEnd":834,"pos":"JJ","before":" ","after":" "},{"index":5,"word":"that","originalText":"that","characterOffsetBegin":835,"characterOffsetEnd":839,"pos":"IN","before":" ","after":" "},{"index":6,"word":"needs","originalText":"needs","characterOffsetBegin":840,"characterOffsetEnd":845,"pos":"VBZ","before":" ","after":" "},{"index":7,"word":"to","originalText":"to","characterOffsetBegin":846,"characterOffsetEnd":848,"pos":"TO","before":" ","after":" "},{"index":8,"word":"be","originalText":"be","characterOffsetBegin":849,"characterOffsetEnd":851,"pos":"VB","before":" ","after":" "},{"index":9,"word":"done","originalText":"done","characterOffsetBegin":852,"characterOffsetEnd":856,"pos":"VBN","before":" ","after":" "},{"index":10,"word":"to","originalText":"to","characterOffsetBegin":857,"characterOffsetEnd":859,"pos":"TO","before":" ","after":" "},{"index":11,"word":"shift","originalText":"shift","characterOffsetBegin":860,"characterOffsetEnd":865,"pos":"VB","before":" ","after":" "},{"index":12,"word":"focus","originalText":"focus","characterOffsetBegin":866,"characterOffsetEnd":871,"pos":"NN","before":" ","after":" "},{"index":13,"word":"between","originalText":"between","characterOffsetBegin":872,"characterOffsetEnd":879,"pos":"IN","before":" ","after":"\t"},{"index":14,"word":"screens","originalText":"screens","characterOffsetBegin":880,"characterOffsetEnd":887,"pos":"NNS","before":"\t","after":""},{"index":15,"word":"?","originalText":"?","characterOffsetBegin":887,"characterOffsetEnd":888,"pos":".","before":"","after":"\t"}]},{"index":7,"tokens":[{"index":1,"word":"-","originalText":"-","characterOffsetBegin":889,"characterOffsetEnd":890,"pos":":","before":"\t","after":" "},{"index":2,"word":"Do","originalText":"Do","characterOffsetBegin":891,"characterOffsetEnd":893,"pos":"VBP","before":" ","after":" "},{"index":3,"word":"I","originalText":"I","characterOffsetBegin":894,"characterOffsetEnd":895,"pos":"PRP","before":" ","after":" "},{"index":4,"word":"have","originalText":"have","characterOffsetBegin":896,"characterOffsetEnd":900,"pos":"VBP","before":" ","after":" "},{"index":5,"word":"to","originalText":"to","characterOffsetBegin":901,"characterOffsetEnd":903,"pos":"TO","before":" ","after":" "},{"index":6,"word":"run","originalText":"run","characterOffsetBegin":904,"characterOffsetEnd":907,"pos":"VB","before":" ","after":" "},{"index":7,"word":"separate","originalText":"separate","characterOffsetBegin":908,"characterOffsetEnd":916,"pos":"JJ","before":" ","after":" "},{"index":8,"word":"window","originalText":"window","characterOffsetBegin":917,"characterOffsetEnd":923,"pos":"NN","before":" ","after":" "},{"index":9,"word":"managers","originalText":"managers","characterOffsetBegin":924,"characterOffsetEnd":932,"pos":"NNS","before":" ","after":" "},{"index":10,"word":"on","originalText":"on","characterOffsetBegin":933,"characterOffsetEnd":935,"pos":"IN","before":" ","after":" "},{"index":11,"word":"the","originalText":"the","characterOffsetBegin":936,"characterOffsetEnd":939,"pos":"DT","before":" ","after":" "},{"index":12,"word":"separate","originalText":"separate","characterOffsetBegin":940,"characterOffsetEnd":948,"pos":"JJ","before":" ","after":"\t"},{"index":13,"word":"screens","originalText":"screens","characterOffsetBegin":949,"characterOffsetEnd":956,"pos":"NNS","before":"\t","after":" "},{"index":14,"word":"or","originalText":"or","characterOffsetBegin":957,"characterOffsetEnd":959,"pos":"CC","before":" ","after":" "},{"index":15,"word":"are","originalText":"are","characterOffsetBegin":960,"characterOffsetEnd":963,"pos":"VBP","before":" ","after":" "},{"index":16,"word":"there","originalText":"there","characterOffsetBegin":964,"characterOffsetEnd":969,"pos":"EX","before":" ","after":" "},{"index":17,"word":"multiscreen","originalText":"multiscreen","characterOffsetBegin":970,"characterOffsetEnd":981,"pos":"JJ","before":" ","after":" "},{"index":18,"word":"window","originalText":"window","characterOffsetBegin":982,"characterOffsetEnd":988,"pos":"NN","before":" ","after":" "},{"index":19,"word":"managers","originalText":"managers","characterOffsetBegin":989,"characterOffsetEnd":997,"pos":"NNS","before":" ","after":" "},{"index":20,"word":"out","originalText":"out","characterOffsetBegin":998,"characterOffsetEnd":1001,"pos":"IN","before":" ","after":" "},{"index":21,"word":"there","originalText":"there","characterOffsetBegin":1002,"characterOffsetEnd":1007,"pos":"RB","before":" ","after":""},{"index":22,"word":"?","originalText":"?","characterOffsetBegin":1007,"characterOffsetEnd":1008,"pos":".","before":"","after":"\t"}]},{"index":8,"tokens":[{"index":1,"word":"What","originalText":"What","characterOffsetBegin":1009,"characterOffsetEnd":1013,"pos":"WP","before":"\t","after":" "},{"index":2,"word":"are","originalText":"are","characterOffsetBegin":1014,"characterOffsetEnd":1017,"pos":"VBP","before":" ","after":" "},{"index":3,"word":"they","originalText":"they","characterOffsetBegin":1018,"characterOffsetEnd":1022,"pos":"PRP","before":" ","after":""},{"index":4,"word":";","originalText":";","characterOffsetBegin":1022,"characterOffsetEnd":1023,"pos":":","before":"","after":" "},{"index":5,"word":"who","originalText":"who","characterOffsetBegin":1024,"characterOffsetEnd":1027,"pos":"WP","before":" ","after":" "},{"index":6,"word":"sells","originalText":"sells","characterOffsetBegin":1028,"characterOffsetEnd":1033,"pos":"VBZ","before":" ","after":" "},{"index":7,"word":"them","originalText":"them","characterOffsetBegin":1034,"characterOffsetEnd":1038,"pos":"PRP","before":" ","after":""},{"index":8,"word":"...","originalText":"...","characterOffsetBegin":1038,"characterOffsetEnd":1041,"pos":":","before":"","after":"\t"},{"index":9,"word":"-","originalText":"-","characterOffsetBegin":1042,"characterOffsetEnd":1043,"pos":":","before":"\t","after":" "},{"index":10,"word":"Is","originalText":"Is","characterOffsetBegin":1044,"characterOffsetEnd":1046,"pos":"VBZ","before":" ","after":" "},{"index":11,"word":"a","originalText":"a","characterOffsetBegin":1047,"characterOffsetEnd":1048,"pos":"DT","before":" ","after":" "},{"index":12,"word":"multi-screen","originalText":"multi-screen","characterOffsetBegin":1049,"characterOffsetEnd":1061,"pos":"JJ","before":" ","after":" "},{"index":13,"word":"window","originalText":"window","characterOffsetBegin":1062,"characterOffsetEnd":1068,"pos":"NN","before":" ","after":" "},{"index":14,"word":"manager","originalText":"manager","characterOffsetBegin":1069,"characterOffsetEnd":1076,"pos":"NN","before":" ","after":" "},{"index":15,"word":"the","originalText":"the","characterOffsetBegin":1077,"characterOffsetEnd":1080,"pos":"DT","before":" ","after":" "},{"index":16,"word":"only","originalText":"only","characterOffsetBegin":1081,"characterOffsetEnd":1085,"pos":"JJ","before":" ","after":" "},{"index":17,"word":"way","originalText":"way","characterOffsetBegin":1086,"characterOffsetEnd":1089,"pos":"NN","before":" ","after":" "},{"index":18,"word":"I","originalText":"I","characterOffsetBegin":1090,"characterOffsetEnd":1091,"pos":"PRP","before":" ","after":" "},{"index":19,"word":"can","originalText":"can","characterOffsetBegin":1092,"characterOffsetEnd":1095,"pos":"MD","before":" ","after":" "},{"index":20,"word":"grab","originalText":"grab","characterOffsetBegin":1096,"characterOffsetEnd":1100,"pos":"VB","before":" ","after":" "},{"index":21,"word":"a","originalText":"a","characterOffsetBegin":1101,"characterOffsetEnd":1102,"pos":"DT","before":" ","after":"\t"},{"index":22,"word":"window","originalText":"window","characterOffsetBegin":1103,"characterOffsetEnd":1109,"pos":"NN","before":"\t","after":" "},{"index":23,"word":"frame","originalText":"frame","characterOffsetBegin":1110,"characterOffsetEnd":1115,"pos":"NN","before":" ","after":" "},{"index":24,"word":"and","originalText":"and","characterOffsetBegin":1116,"characterOffsetEnd":1119,"pos":"CC","before":" ","after":" "},{"index":25,"word":"move","originalText":"move","characterOffsetBegin":1120,"characterOffsetEnd":1124,"pos":"VB","before":" ","after":" "},{"index":26,"word":"a","originalText":"a","characterOffsetBegin":1125,"characterOffsetEnd":1126,"pos":"DT","before":" ","after":" "},{"index":27,"word":"window","originalText":"window","characterOffsetBegin":1127,"characterOffsetEnd":1133,"pos":"NN","before":" ","after":" "},{"index":28,"word":"from","originalText":"from","characterOffsetBegin":1134,"characterOffsetEnd":1138,"pos":"IN","before":" ","after":" "},{"index":29,"word":"one","originalText":"one","characterOffsetBegin":1139,"characterOffsetEnd":1142,"pos":"CD","before":" ","after":" "},{"index":30,"word":"screen","originalText":"screen","characterOffsetBegin":1143,"characterOffsetEnd":1149,"pos":"NN","before":" ","after":" "},{"index":31,"word":"to","originalText":"to","characterOffsetBegin":1150,"characterOffsetEnd":1152,"pos":"TO","before":" ","after":" "},{"index":32,"word":"the","originalText":"the","characterOffsetBegin":1153,"characterOffsetEnd":1156,"pos":"DT","before":" ","after":" "},{"index":33,"word":"next","originalText":"next","characterOffsetBegin":1157,"characterOffsetEnd":1161,"pos":"JJ","before":" ","after":""},{"index":34,"word":"?","originalText":"?","characterOffsetBegin":1161,"characterOffsetEnd":1162,"pos":".","before":"","after":"\t"}]},{"index":9,"tokens":[{"index":1,"word":"-","originalText":"-","characterOffsetBegin":1163,"characterOffsetEnd":1164,"pos":":","before":"\t","after":" "},{"index":2,"word":"Is","originalText":"Is","characterOffsetBegin":1165,"characterOffsetEnd":1167,"pos":"VBZ","before":" ","after":" "},{"index":3,"word":"there","originalText":"there","characterOffsetBegin":1168,"characterOffsetEnd":1173,"pos":"EX","before":" ","after":" "},{"index":4,"word":"any","originalText":"any","characterOffsetBegin":1174,"characterOffsetEnd":1177,"pos":"DT","before":" ","after":" "},{"index":5,"word":"way","originalText":"way","characterOffsetBegin":1178,"characterOffsetEnd":1181,"pos":"NN","before":" ","after":" "},{"index":6,"word":"for","originalText":"for","characterOffsetBegin":1182,"characterOffsetEnd":1185,"pos":"IN","before":" ","after":" "},{"index":7,"word":"the","originalText":"the","characterOffsetBegin":1186,"characterOffsetEnd":1189,"pos":"DT","before":" ","after":" "},{"index":8,"word":"application","originalText":"application","characterOffsetBegin":1190,"characterOffsetEnd":1201,"pos":"NN","before":" ","after":" "},{"index":9,"word":"to","originalText":"to","characterOffsetBegin":1202,"characterOffsetEnd":1204,"pos":"TO","before":" ","after":" "},{"index":10,"word":"transparently","originalText":"transparently","characterOffsetBegin":1205,"characterOffsetEnd":1218,"pos":"RB","before":" ","after":" "},{"index":11,"word":"see","originalText":"see","characterOffsetBegin":1219,"characterOffsetEnd":1222,"pos":"VB","before":" ","after":"\t"},{"index":12,"word":"multiple","originalText":"multiple","characterOffsetBegin":1223,"characterOffsetEnd":1231,"pos":"JJ","before":"\t","after":" "},{"index":13,"word":"screens","originalText":"screens","characterOffsetBegin":1232,"characterOffsetEnd":1239,"pos":"NNS","before":" ","after":" "},{"index":14,"word":"as","originalText":"as","characterOffsetBegin":1240,"characterOffsetEnd":1242,"pos":"IN","before":" ","after":" "},{"index":15,"word":"one","originalText":"one","characterOffsetBegin":1243,"characterOffsetEnd":1246,"pos":"CD","before":" ","after":" "},{"index":16,"word":"logical","originalText":"logical","characterOffsetBegin":1247,"characterOffsetEnd":1254,"pos":"JJ","before":" ","after":" "},{"index":17,"word":"x-y","originalText":"x-y","characterOffsetBegin":1255,"characterOffsetEnd":1258,"pos":"JJ","before":" ","after":" "},{"index":18,"word":"plane","originalText":"plane","characterOffsetBegin":1259,"characterOffsetEnd":1264,"pos":"NN","before":" ","after":""},{"index":19,"word":",","originalText":",","characterOffsetBegin":1264,"characterOffsetEnd":1265,"pos":",","before":"","after":" "},{"index":20,"word":"or","originalText":"or","characterOffsetBegin":1266,"characterOffsetEnd":1268,"pos":"CC","before":" ","after":" "},{"index":21,"word":"does","originalText":"does","characterOffsetBegin":1269,"characterOffsetEnd":1273,"pos":"VBZ","before":" ","after":" "},{"index":22,"word":"the","originalText":"the","characterOffsetBegin":1274,"characterOffsetEnd":1277,"pos":"DT","before":" ","after":" "},{"index":23,"word":"hardware","originalText":"hardware","characterOffsetBegin":1278,"characterOffsetEnd":1286,"pos":"NN","before":" ","after":"\t"},{"index":24,"word":"only","originalText":"only","characterOffsetBegin":1287,"characterOffsetEnd":1291,"pos":"RB","before":"\t","after":" "},{"index":25,"word":"provide","originalText":"provide","characterOffsetBegin":1292,"characterOffsetEnd":1299,"pos":"VBP","before":" ","after":" "},{"index":26,"word":"for","originalText":"for","characterOffsetBegin":1300,"characterOffsetEnd":1303,"pos":"IN","before":" ","after":" "},{"index":27,"word":"each","originalText":"each","characterOffsetBegin":1304,"characterOffsetEnd":1308,"pos":"DT","before":" ","after":" "},{"index":28,"word":"screen","originalText":"screen","characterOffsetBegin":1309,"characterOffsetEnd":1315,"pos":"NN","before":" ","after":" "},{"index":29,"word":"to","originalText":"to","characterOffsetBegin":1316,"characterOffsetEnd":1318,"pos":"TO","before":" ","after":" "},{"index":30,"word":"start","originalText":"start","characterOffsetBegin":1319,"characterOffsetEnd":1324,"pos":"VB","before":" ","after":" "},{"index":31,"word":"at","originalText":"at","characterOffsetBegin":1325,"characterOffsetEnd":1327,"pos":"IN","before":" ","after":" "},{"index":32,"word":"0,0","originalText":"0,0","characterOffsetBegin":1328,"characterOffsetEnd":1331,"pos":"CD","before":" ","after":""},{"index":33,"word":"?","originalText":"?","characterOffsetBegin":1331,"characterOffsetEnd":1332,"pos":".","before":"","after":"\t"}]},{"index":10,"tokens":[{"index":1,"word":"-","originalText":"-","characterOffsetBegin":1333,"characterOffsetEnd":1334,"pos":":","before":"\t","after":" "},{"index":2,"word":"Any","originalText":"Any","characterOffsetBegin":1335,"characterOffsetEnd":1338,"pos":"DT","before":" ","after":" "},{"index":3,"word":"thoughts","originalText":"thoughts","characterOffsetBegin":1339,"characterOffsetEnd":1347,"pos":"NNS","before":" ","after":" "},{"index":4,"word":"on","originalText":"on","characterOffsetBegin":1348,"characterOffsetEnd":1350,"pos":"IN","before":" ","after":" "},{"index":5,"word":"the","originalText":"the","characterOffsetBegin":1351,"characterOffsetEnd":1354,"pos":"DT","before":" ","after":" "},{"index":6,"word":"difficulties","originalText":"difficulties","characterOffsetBegin":1355,"characterOffsetEnd":1367,"pos":"NNS","before":" ","after":" "},{"index":7,"word":"involved","originalText":"involved","characterOffsetBegin":1368,"characterOffsetEnd":1376,"pos":"VBN","before":" ","after":" "},{"index":8,"word":"with","originalText":"with","characterOffsetBegin":1377,"characterOffsetEnd":1381,"pos":"IN","before":" ","after":" "},{"index":9,"word":"designing","originalText":"designing","characterOffsetBegin":1382,"characterOffsetEnd":1391,"pos":"VBG","before":" ","after":" "},{"index":10,"word":"a","originalText":"a","characterOffsetBegin":1392,"characterOffsetEnd":1393,"pos":"DT","before":" ","after":"\t"},{"index":11,"word":"system","originalText":"system","characterOffsetBegin":1394,"characterOffsetEnd":1400,"pos":"NN","before":"\t","after":" "},{"index":12,"word":"capable","originalText":"capable","characterOffsetBegin":1401,"characterOffsetEnd":1408,"pos":"JJ","before":" ","after":" "},{"index":13,"word":"of","originalText":"of","characterOffsetBegin":1409,"characterOffsetEnd":1411,"pos":"IN","before":" ","after":" "},{"index":14,"word":"using","originalText":"using","characterOffsetBegin":1412,"characterOffsetEnd":1417,"pos":"VBG","before":" ","after":" "},{"index":15,"word":"either","originalText":"either","characterOffsetBegin":1418,"characterOffsetEnd":1424,"pos":"CC","before":" ","after":" "},{"index":16,"word":"multiple","originalText":"multiple","characterOffsetBegin":1425,"characterOffsetEnd":1433,"pos":"JJ","before":" ","after":" "},{"index":17,"word":"screens","originalText":"screens","characterOffsetBegin":1434,"characterOffsetEnd":1441,"pos":"NNS","before":" ","after":" "},{"index":18,"word":"or","originalText":"or","characterOffsetBegin":1442,"characterOffsetEnd":1444,"pos":"CC","before":" ","after":" "},{"index":19,"word":"a","originalText":"a","characterOffsetBegin":1445,"characterOffsetEnd":1446,"pos":"DT","before":" ","after":" "},{"index":20,"word":"single","originalText":"single","characterOffsetBegin":1447,"characterOffsetEnd":1453,"pos":"JJ","before":" ","after":"\t"},{"index":21,"word":"screen","originalText":"screen","characterOffsetBegin":1454,"characterOffsetEnd":1460,"pos":"NN","before":"\t","after":" "},{"index":22,"word":"-LRB-","originalText":"(","characterOffsetBegin":1461,"characterOffsetEnd":1462,"pos":"-LRB-","before":" ","after":""},{"index":23,"word":"perhaps","originalText":"perhaps","characterOffsetBegin":1462,"characterOffsetEnd":1469,"pos":"RB","before":"","after":" "},{"index":24,"word":"running","originalText":"running","characterOffsetBegin":1470,"characterOffsetEnd":1477,"pos":"VBG","before":" ","after":" "},{"index":25,"word":"a","originalText":"a","characterOffsetBegin":1478,"characterOffsetEnd":1479,"pos":"DT","before":" ","after":" "},{"index":26,"word":"virtual","originalText":"virtual","characterOffsetBegin":1480,"characterOffsetEnd":1487,"pos":"JJ","before":" ","after":" "},{"index":27,"word":"window","originalText":"window","characterOffsetBegin":1488,"characterOffsetEnd":1494,"pos":"NN","before":" ","after":" "},{"index":28,"word":"manager","originalText":"manager","characterOffsetBegin":1495,"characterOffsetEnd":1502,"pos":"NN","before":" ","after":" "},{"index":29,"word":"to","originalText":"to","characterOffsetBegin":1503,"characterOffsetEnd":1505,"pos":"TO","before":" ","after":" "},{"index":30,"word":"simulate","originalText":"simulate","characterOffsetBegin":1506,"characterOffsetEnd":1514,"pos":"VB","before":" ","after":"\t"},{"index":31,"word":"multiple","originalText":"multiple","characterOffsetBegin":1515,"characterOffsetEnd":1523,"pos":"JJ","before":"\t","after":" "},{"index":32,"word":"screens","originalText":"screens","characterOffsetBegin":1524,"characterOffsetEnd":1531,"pos":"NNS","before":" ","after":" "},{"index":33,"word":"instead","originalText":"instead","characterOffsetBegin":1532,"characterOffsetEnd":1539,"pos":"RB","before":" ","after":""},{"index":34,"word":"-RRB-","originalText":")","characterOffsetBegin":1539,"characterOffsetEnd":1540,"pos":"-RRB-","before":"","after":""},{"index":35,"word":"?","originalText":"?","characterOffsetBegin":1540,"characterOffsetEnd":1541,"pos":".","before":"","after":"  \t"}]},{"index":11,"tokens":[{"index":1,"word":"I","originalText":"I","characterOffsetBegin":1544,"characterOffsetEnd":1545,"pos":"PRP","before":"  \t","after":" "},{"index":2,"word":"am","originalText":"am","characterOffsetBegin":1546,"characterOffsetEnd":1548,"pos":"VBP","before":" ","after":" "},{"index":3,"word":"assuming","originalText":"assuming","characterOffsetBegin":1549,"characterOffsetEnd":1557,"pos":"VBG","before":" ","after":" "},{"index":4,"word":"that","originalText":"that","characterOffsetBegin":1558,"characterOffsetEnd":1562,"pos":"IN","before":" ","after":" "},{"index":5,"word":"this","originalText":"this","characterOffsetBegin":1563,"characterOffsetEnd":1567,"pos":"DT","before":" ","after":" "},{"index":6,"word":"is","originalText":"is","characterOffsetBegin":1568,"characterOffsetEnd":1570,"pos":"VBZ","before":" ","after":" "},{"index":7,"word":"not","originalText":"not","characterOffsetBegin":1571,"characterOffsetEnd":1574,"pos":"RB","before":" ","after":" "},{"index":8,"word":"a","originalText":"a","characterOffsetBegin":1575,"characterOffsetEnd":1576,"pos":"DT","before":" ","after":" "},{"index":9,"word":"major","originalText":"major","characterOffsetBegin":1577,"characterOffsetEnd":1582,"pos":"JJ","before":" ","after":" "},{"index":10,"word":"issue","originalText":"issue","characterOffsetBegin":1583,"characterOffsetEnd":1588,"pos":"NN","before":" ","after":" "},{"index":11,"word":"-","originalText":"-","characterOffsetBegin":1589,"characterOffsetEnd":1590,"pos":":","before":" ","after":" "},{"index":12,"word":"that","originalText":"that","characterOffsetBegin":1591,"characterOffsetEnd":1595,"pos":"IN","before":" ","after":" "},{"index":13,"word":"I","originalText":"I","characterOffsetBegin":1596,"characterOffsetEnd":1597,"pos":"PRP","before":" ","after":" "},{"index":14,"word":"can","originalText":"can","characterOffsetBegin":1598,"characterOffsetEnd":1601,"pos":"MD","before":" ","after":" "},{"index":15,"word":"rely","originalText":"rely","characterOffsetBegin":1602,"characterOffsetEnd":1606,"pos":"VB","before":" ","after":"\t"},{"index":16,"word":"on","originalText":"on","characterOffsetBegin":1607,"characterOffsetEnd":1609,"pos":"IN","before":"\t","after":" "},{"index":17,"word":"providing","originalText":"providing","characterOffsetBegin":1610,"characterOffsetEnd":1619,"pos":"VBG","before":" ","after":" "},{"index":18,"word":"config","originalText":"config","characterOffsetBegin":1620,"characterOffsetEnd":1626,"pos":"NN","before":" ","after":" "},{"index":19,"word":"files","originalText":"files","characterOffsetBegin":1627,"characterOffsetEnd":1632,"pos":"NNS","before":" ","after":" "},{"index":20,"word":"which","originalText":"which","characterOffsetBegin":1633,"characterOffsetEnd":1638,"pos":"WDT","before":" ","after":" "},{"index":21,"word":"will","originalText":"will","characterOffsetBegin":1639,"characterOffsetEnd":1643,"pos":"MD","before":" ","after":" "},{"index":22,"word":"specify","originalText":"specify","characterOffsetBegin":1644,"characterOffsetEnd":1651,"pos":"VB","before":" ","after":" "},{"index":23,"word":"for","originalText":"for","characterOffsetBegin":1652,"characterOffsetEnd":1655,"pos":"IN","before":" ","after":" "},{"index":24,"word":"each","originalText":"each","characterOffsetBegin":1656,"characterOffsetEnd":1660,"pos":"DT","before":" ","after":"\t"},{"index":25,"word":"configuration","originalText":"configuration","characterOffsetBegin":1661,"characterOffsetEnd":1674,"pos":"NN","before":"\t","after":" "},{"index":26,"word":"the","originalText":"the","characterOffsetBegin":1675,"characterOffsetEnd":1678,"pos":"DT","before":" ","after":" "},{"index":27,"word":"screen","originalText":"screen","characterOffsetBegin":1679,"characterOffsetEnd":1685,"pos":"NN","before":" ","after":" "},{"index":28,"word":"placement","originalText":"placement","characterOffsetBegin":1686,"characterOffsetEnd":1695,"pos":"NN","before":" ","after":" "},{"index":29,"word":"of","originalText":"of","characterOffsetBegin":1696,"characterOffsetEnd":1698,"pos":"IN","before":" ","after":" "},{"index":30,"word":"each","originalText":"each","characterOffsetBegin":1699,"characterOffsetEnd":1703,"pos":"DT","before":" ","after":" "},{"index":31,"word":"window","originalText":"window","characterOffsetBegin":1704,"characterOffsetEnd":1710,"pos":"NN","before":" ","after":" "},{"index":32,"word":"in","originalText":"in","characterOffsetBegin":1711,"characterOffsetEnd":1713,"pos":"IN","before":" ","after":" "},{"index":33,"word":"the","originalText":"the","characterOffsetBegin":1714,"characterOffsetEnd":1717,"pos":"DT","before":" ","after":"\t"},{"index":34,"word":"application","originalText":"application","characterOffsetBegin":1718,"characterOffsetEnd":1729,"pos":"NN","before":"\t","after":""},{"index":35,"word":".","originalText":".","characterOffsetBegin":1729,"characterOffsetEnd":1730,"pos":".","before":"","after":"  "}]},{"index":12,"tokens":[{"index":1,"word":"Any","originalText":"Any","characterOffsetBegin":1732,"characterOffsetEnd":1735,"pos":"DT","before":"  ","after":" "},{"index":2,"word":"thoughts","originalText":"thoughts","characterOffsetBegin":1736,"characterOffsetEnd":1744,"pos":"NNS","before":" ","after":" "},{"index":3,"word":"or","originalText":"or","characterOffsetBegin":1745,"characterOffsetEnd":1747,"pos":"CC","before":" ","after":" "},{"index":4,"word":"suggestions","originalText":"suggestions","characterOffsetBegin":1748,"characterOffsetEnd":1759,"pos":"NNS","before":" ","after":" "},{"index":5,"word":"from","originalText":"from","characterOffsetBegin":1760,"characterOffsetEnd":1764,"pos":"IN","before":" ","after":" "},{"index":6,"word":"past","originalText":"past","characterOffsetBegin":1765,"characterOffsetEnd":1769,"pos":"JJ","before":" ","after":" "},{"index":7,"word":"experience","originalText":"experience","characterOffsetBegin":1770,"characterOffsetEnd":1780,"pos":"NN","before":" ","after":"\t"},{"index":8,"word":"are","originalText":"are","characterOffsetBegin":1781,"characterOffsetEnd":1784,"pos":"VBP","before":"\t","after":" "},{"index":9,"word":"more","originalText":"more","characterOffsetBegin":1785,"characterOffsetEnd":1789,"pos":"RBR","before":" ","after":" "},{"index":10,"word":"than","originalText":"than","characterOffsetBegin":1790,"characterOffsetEnd":1794,"pos":"IN","before":" ","after":" "},{"index":11,"word":"welcome","originalText":"welcome","characterOffsetBegin":1795,"characterOffsetEnd":1802,"pos":"JJ","before":" ","after":""},{"index":12,"word":".","originalText":".","characterOffsetBegin":1802,"characterOffsetEnd":1803,"pos":".","before":"","after":""}]},{"index":13,"tokens":[{"index":1,"word":"========================================================================","originalText":"========================================================================","characterOffsetBegin":1803,"characterOffsetEnd":1875,"pos":"NN","before":"","after":""},{"index":2,"word":"Jo","originalText":"Jo","characterOffsetBegin":1875,"characterOffsetEnd":1877,"pos":"NNP","before":"","after":" "},{"index":3,"word":"Pelkey","originalText":"Pelkey","characterOffsetBegin":1878,"characterOffsetEnd":1884,"pos":"NNP","before":" ","after":"                                   "},{"index":4,"word":"Phone","originalText":"Phone","characterOffsetBegin":1919,"characterOffsetEnd":1924,"pos":"NNP","before":"                                   ","after":""},{"index":5,"word":":","originalText":":","characterOffsetBegin":1924,"characterOffsetEnd":1925,"pos":":","before":"","after":" "},{"index":6,"word":"-LRB-509-RRB-375-6947","originalText":"(509)375-6947","characterOffsetBegin":1926,"characterOffsetEnd":1939,"pos":"CD","before":" ","after":""},{"index":7,"word":"Battelle","originalText":"Battelle","characterOffsetBegin":1939,"characterOffsetEnd":1947,"pos":"NNP","before":"","after":" "},{"index":8,"word":"Pacific","originalText":"Pacific","characterOffsetBegin":1948,"characterOffsetEnd":1955,"pos":"NNP","before":" ","after":" "},{"index":9,"word":"Northwest","originalText":"Northwest","characterOffsetBegin":1956,"characterOffsetEnd":1965,"pos":"NNP","before":" ","after":" "},{"index":10,"word":"Labs","originalText":"Labs","characterOffsetBegin":1966,"characterOffsetEnd":1970,"pos":"NNPS","before":" ","after":"             "},{"index":11,"word":"Fax","originalText":"Fax","characterOffsetBegin":1983,"characterOffsetEnd":1986,"pos":"NNP","before":"             ","after":""},{"index":12,"word":":","originalText":":","characterOffsetBegin":1986,"characterOffsetEnd":1987,"pos":":","before":"","after":"   "},{"index":13,"word":"-LRB-509-RRB-375-3641","originalText":"(509)375-3641","characterOffsetBegin":1990,"characterOffsetEnd":2003,"pos":"NN","before":"   ","after":""},{"index":14,"word":"Mail","originalText":"Mail","characterOffsetBegin":2003,"characterOffsetEnd":2007,"pos":"NNP","before":"","after":" "},{"index":15,"word":"Stop","originalText":"Stop","characterOffsetBegin":2008,"characterOffsetEnd":2012,"pos":"NNP","before":" ","after":" "},{"index":16,"word":"K7-22","originalText":"K7-22","characterOffsetBegin":2013,"characterOffsetEnd":2018,"pos":"NNP","before":" ","after":"                             "},{"index":17,"word":"Email","originalText":"Email","characterOffsetBegin":2047,"characterOffsetEnd":2052,"pos":"VB","before":"                             ","after":""},{"index":18,"word":":","originalText":":","characterOffsetBegin":2052,"characterOffsetEnd":2053,"pos":":","before":"","after":" "},{"index":19,"word":"je_pelkey@pnl.govP.O","originalText":"je_pelkey@pnl.govP.O","characterOffsetBegin":2054,"characterOffsetEnd":2074,"pos":"NN","before":" ","after":""},{"index":20,"word":".","originalText":".","characterOffsetBegin":2074,"characterOffsetEnd":2075,"pos":".","before":"","after":" "}]},{"index":14,"tokens":[{"index":1,"word":"Box","originalText":"Box","characterOffsetBegin":2076,"characterOffsetEnd":2079,"pos":"NNP","before":" ","after":" "},{"index":2,"word":"999Richland","originalText":"999Richland","characterOffsetBegin":2080,"characterOffsetEnd":2091,"pos":"NNP","before":" ","after":""},{"index":3,"word":",","originalText":",","characterOffsetBegin":2091,"characterOffsetEnd":2092,"pos":",","before":"","after":" "},{"index":4,"word":"WA","originalText":"WA","characterOffsetBegin":2093,"characterOffsetEnd":2095,"pos":"NNP","before":" ","after":"  "},{"index":5,"word":"99352","originalText":"99352","characterOffsetBegin":2097,"characterOffsetEnd":2102,"pos":"CD","before":"  ","after":""},{"index":6,"word":"========================================================================","originalText":"========================================================================","characterOffsetBegin":2102,"characterOffsetEnd":2174,"pos":"CD","before":"","after":""}]}]}