{"sentences":[{"index":0,"tokens":[{"index":1,"word":"Subject","originalText":"Subject","characterOffsetBegin":0,"characterOffsetEnd":7,"pos":"NNP","before":"","after":""},{"index":2,"word":":","originalText":":","characterOffsetBegin":7,"characterOffsetEnd":8,"pos":":","before":"","after":" "},{"index":3,"word":"Re","originalText":"Re","characterOffsetBegin":9,"characterOffsetEnd":11,"pos":"NNP","before":" ","after":""},{"index":4,"word":":","originalText":":","characterOffsetBegin":11,"characterOffsetEnd":12,"pos":":","before":"","after":" "},{"index":5,"word":"Trouble","originalText":"Trouble","characterOffsetBegin":13,"characterOffsetEnd":20,"pos":"NN","before":" ","after":" "},{"index":6,"word":"compiling","originalText":"compiling","characterOffsetBegin":21,"characterOffsetEnd":30,"pos":"VBG","before":" ","after":" "},{"index":7,"word":"X11R5","originalText":"X11R5","characterOffsetBegin":31,"characterOffsetEnd":36,"pos":"NN","before":" ","after":" "},{"index":8,"word":"on","originalText":"on","characterOffsetBegin":37,"characterOffsetEnd":39,"pos":"IN","before":" ","after":" "},{"index":9,"word":"SunOS_4","originalText":"SunOS_4","characterOffsetBegin":40,"characterOffsetEnd":47,"pos":"NN","before":" ","after":""},{"index":10,"word":".1.3","originalText":".1.3","characterOffsetBegin":47,"characterOffsetEnd":51,"pos":"CD","before":"","after":""},{"index":11,"word":"From","originalText":"From","characterOffsetBegin":51,"characterOffsetEnd":55,"pos":"IN","before":"","after":""},{"index":12,"word":":","originalText":":","characterOffsetBegin":55,"characterOffsetEnd":56,"pos":":","before":"","after":" "},{"index":13,"word":"nemo@aguirre.dia.fi.upm.es","originalText":"nemo@aguirre.dia.fi.upm.es","characterOffsetBegin":57,"characterOffsetEnd":83,"pos":"NNS","before":" ","after":" "},{"index":14,"word":"-LRB-","originalText":"(","characterOffsetBegin":84,"characterOffsetEnd":85,"pos":"-LRB-","before":" ","after":""},{"index":15,"word":"Francisco","originalText":"Francisco","characterOffsetBegin":85,"characterOffsetEnd":94,"pos":"NNP","before":"","after":" "},{"index":16,"word":"J.","originalText":"J.","characterOffsetBegin":95,"characterOffsetEnd":97,"pos":"NNP","before":" ","after":" "},{"index":17,"word":"Ballesteros","originalText":"Ballesteros","characterOffsetBegin":98,"characterOffsetEnd":109,"pos":"NNP","before":" ","after":""},{"index":18,"word":"-RRB-","originalText":")","characterOffsetBegin":109,"characterOffsetEnd":110,"pos":"-RRB-","before":"","after":""},{"index":19,"word":"In","originalText":"In","characterOffsetBegin":110,"characterOffsetEnd":112,"pos":"IN","before":"","after":" "},{"index":20,"word":"article","originalText":"article","characterOffsetBegin":113,"characterOffsetEnd":120,"pos":"NN","before":" ","after":" "},{"index":21,"word":"<1993Apr2.212405.5213@head-cfa.harvard.edu>","originalText":"<1993Apr2.212405.5213@head-cfa.harvard.edu>","characterOffsetBegin":121,"characterOffsetEnd":164,"pos":"NN","before":" ","after":" "},{"index":22,"word":"dmm@head-cfa.harvard.edu","originalText":"dmm@head-cfa.harvard.edu","characterOffsetBegin":165,"characterOffsetEnd":189,"pos":"NN","before":" ","after":" "},{"index":23,"word":"-LRB-","originalText":"(","characterOffsetBegin":190,"characterOffsetEnd":191,"pos":"-LRB-","before":" ","after":""},{"index":24,"word":"David","originalText":"David","characterOffsetBegin":191,"characterOffsetEnd":196,"pos":"NNP","before":"","after":" "},{"index":25,"word":"Meleedy","originalText":"Meleedy","characterOffsetBegin":197,"characterOffsetEnd":204,"pos":"NNP","before":" ","after":""},{"index":26,"word":"-RRB-","originalText":")","characterOffsetBegin":204,"characterOffsetEnd":205,"pos":"-RRB-","before":"","after":" "},{"index":27,"word":"writes","originalText":"writes","characterOffsetBegin":206,"characterOffsetEnd":212,"pos":"VBZ","before":" ","after":""},{"index":28,"word":":","originalText":":","characterOffsetBegin":212,"characterOffsetEnd":213,"pos":":","before":"","after":""},{"index":29,"word":">","originalText":">","characterOffsetBegin":213,"characterOffsetEnd":214,"pos":"JJR","before":"","after":"   \t   "},{"index":30,"word":"I","originalText":"I","characterOffsetBegin":221,"characterOffsetEnd":222,"pos":"PRP","before":"   \t   ","after":""},{"index":31,"word":"'ve","originalText":"'ve","characterOffsetBegin":222,"characterOffsetEnd":225,"pos":"VBP","before":"","after":" "},{"index":32,"word":"been","originalText":"been","characterOffsetBegin":226,"characterOffsetEnd":230,"pos":"VBN","before":" ","after":" "},{"index":33,"word":"trying","originalText":"trying","characterOffsetBegin":231,"characterOffsetEnd":237,"pos":"VBG","before":" ","after":" "},{"index":34,"word":"to","originalText":"to","characterOffsetBegin":238,"characterOffsetEnd":240,"pos":"TO","before":" ","after":" "},{"index":35,"word":"compile","originalText":"compile","characterOffsetBegin":241,"characterOffsetEnd":248,"pos":"VB","before":" ","after":" "},{"index":36,"word":"X11R5","originalText":"X11R5","characterOffsetBegin":249,"characterOffsetEnd":254,"pos":"NN","before":" ","after":" "},{"index":37,"word":"patchlevel","originalText":"patchlevel","characterOffsetBegin":255,"characterOffsetEnd":265,"pos":"NN","before":" ","after":" "},{"index":38,"word":"23","originalText":"23","characterOffsetBegin":266,"characterOffsetEnd":268,"pos":"CD","before":" ","after":" "},{"index":39,"word":"on","originalText":"on","characterOffsetBegin":269,"characterOffsetEnd":271,"pos":"IN","before":" ","after":" "},{"index":40,"word":"a","originalText":"a","characterOffsetBegin":272,"characterOffsetEnd":273,"pos":"DT","before":" ","after":" "},{"index":41,"word":"Sun","originalText":"Sun","characterOffsetBegin":274,"characterOffsetEnd":277,"pos":"NNP","before":" ","after":" "},{"index":42,"word":"Sparc","originalText":"Sparc","characterOffsetBegin":278,"characterOffsetEnd":283,"pos":"NNP","before":" ","after":""},{"index":43,"word":">","originalText":">","characterOffsetBegin":283,"characterOffsetEnd":284,"pos":"JJR","before":"","after":"      "},{"index":44,"word":"IPX","originalText":"IPX","characterOffsetBegin":290,"characterOffsetEnd":293,"pos":"NN","before":"      ","after":" "},{"index":45,"word":"using","originalText":"using","characterOffsetBegin":294,"characterOffsetEnd":299,"pos":"VBG","before":" ","after":" "},{"index":46,"word":"SunOS_4","originalText":"SunOS_4","characterOffsetBegin":300,"characterOffsetEnd":307,"pos":"NN","before":" ","after":""},{"index":47,"word":".1.3","originalText":".1.3","characterOffsetBegin":307,"characterOffsetEnd":311,"pos":"CD","before":"","after":""},{"index":48,"word":",","originalText":",","characterOffsetBegin":311,"characterOffsetEnd":312,"pos":",","before":"","after":" "},{"index":49,"word":"and","originalText":"and","characterOffsetBegin":313,"characterOffsetEnd":316,"pos":"CC","before":" ","after":" "},{"index":50,"word":"gcc","originalText":"gcc","characterOffsetBegin":317,"characterOffsetEnd":320,"pos":"NN","before":" ","after":" "},{"index":51,"word":"2.3.3","originalText":"2.3.3","characterOffsetBegin":321,"characterOffsetEnd":326,"pos":"CD","before":" ","after":""},{"index":52,"word":".","originalText":".","characterOffsetBegin":326,"characterOffsetEnd":327,"pos":".","before":"","after":""},{"index":53,"word":">","originalText":">","characterOffsetBegin":327,"characterOffsetEnd":328,"pos":"JJR","before":"","after":"   "},{"index":54,"word":">","originalText":">","characterOffsetBegin":331,"characterOffsetEnd":332,"pos":"JJR","before":"   ","after":"   \t   "}]},{"index":1,"tokens":[{"index":1,"word":"The","originalText":"The","characterOffsetBegin":339,"characterOffsetEnd":342,"pos":"DT","before":"   \t   ","after":" "},{"index":2,"word":"problem","originalText":"problem","characterOffsetBegin":343,"characterOffsetEnd":350,"pos":"NN","before":" ","after":" "},{"index":3,"word":"occurs","originalText":"occurs","characterOffsetBegin":351,"characterOffsetEnd":357,"pos":"VBZ","before":" ","after":" "},{"index":4,"word":"during","originalText":"during","characterOffsetBegin":358,"characterOffsetEnd":364,"pos":"IN","before":" ","after":" "},{"index":5,"word":"the","originalText":"the","characterOffsetBegin":365,"characterOffsetEnd":368,"pos":"DT","before":" ","after":" "},{"index":6,"word":"initial","originalText":"initial","characterOffsetBegin":369,"characterOffsetEnd":376,"pos":"JJ","before":" ","after":" "},{"index":7,"word":"``","originalText":"\"","characterOffsetBegin":377,"characterOffsetEnd":378,"pos":"``","before":" ","after":""},{"index":8,"word":"make","originalText":"make","characterOffsetBegin":378,"characterOffsetEnd":382,"pos":"VB","before":"","after":" "},{"index":9,"word":"World","originalText":"World","characterOffsetBegin":383,"characterOffsetEnd":388,"pos":"NNP","before":" ","after":""},{"index":10,"word":"''","originalText":"\"","characterOffsetBegin":388,"characterOffsetEnd":389,"pos":"''","before":"","after":""},{"index":11,"word":".","originalText":".","characterOffsetBegin":389,"characterOffsetEnd":390,"pos":".","before":"","after":"  "}]},{"index":2,"tokens":[{"index":1,"word":"When","originalText":"When","characterOffsetBegin":392,"characterOffsetEnd":396,"pos":"WRB","before":"  ","after":""},{"index":2,"word":">","originalText":">","characterOffsetBegin":396,"characterOffsetEnd":397,"pos":"JJR","before":"","after":"      "},{"index":3,"word":"it","originalText":"it","characterOffsetBegin":403,"characterOffsetEnd":405,"pos":"PRP","before":"      ","after":" "},{"index":4,"word":"gets","originalText":"gets","characterOffsetBegin":406,"characterOffsetEnd":410,"pos":"VBZ","before":" ","after":" "},{"index":5,"word":"up","originalText":"up","characterOffsetBegin":411,"characterOffsetEnd":413,"pos":"RB","before":" ","after":" "},{"index":6,"word":"to","originalText":"to","characterOffsetBegin":414,"characterOffsetEnd":416,"pos":"TO","before":" ","after":" "},{"index":7,"word":"compiling","originalText":"compiling","characterOffsetBegin":417,"characterOffsetEnd":426,"pos":"VBG","before":" ","after":" "},{"index":8,"word":"the","originalText":"the","characterOffsetBegin":427,"characterOffsetEnd":430,"pos":"DT","before":" ","after":" "},{"index":9,"word":"standard","originalText":"standard","characterOffsetBegin":431,"characterOffsetEnd":439,"pos":"JJ","before":" ","after":" "},{"index":10,"word":"X","originalText":"X","characterOffsetBegin":440,"characterOffsetEnd":441,"pos":"NN","before":" ","after":" "},{"index":11,"word":"clients","originalText":"clients","characterOffsetBegin":442,"characterOffsetEnd":449,"pos":"NNS","before":" ","after":""},{"index":12,"word":",","originalText":",","characterOffsetBegin":449,"characterOffsetEnd":450,"pos":",","before":"","after":" "},{"index":13,"word":"it","originalText":"it","characterOffsetBegin":451,"characterOffsetEnd":453,"pos":"PRP","before":" ","after":" "},{"index":14,"word":"ca","originalText":"ca","characterOffsetBegin":454,"characterOffsetEnd":456,"pos":"MD","before":" ","after":""},{"index":15,"word":"n't","originalText":"n't","characterOffsetBegin":456,"characterOffsetEnd":459,"pos":"RB","before":"","after":" "},{"index":16,"word":"seem","originalText":"seem","characterOffsetBegin":460,"characterOffsetEnd":464,"pos":"VB","before":" ","after":" "},{"index":17,"word":"to","originalText":"to","characterOffsetBegin":465,"characterOffsetEnd":467,"pos":"TO","before":" ","after":" "},{"index":18,"word":"find","originalText":"find","characterOffsetBegin":468,"characterOffsetEnd":472,"pos":"VB","before":" ","after":""},{"index":19,"word":">","originalText":">","characterOffsetBegin":472,"characterOffsetEnd":473,"pos":"JJR","before":"","after":"      "},{"index":20,"word":"some","originalText":"some","characterOffsetBegin":479,"characterOffsetEnd":483,"pos":"DT","before":"      ","after":" "},{"index":21,"word":"of","originalText":"of","characterOffsetBegin":484,"characterOffsetEnd":486,"pos":"IN","before":" ","after":" "},{"index":22,"word":"the","originalText":"the","characterOffsetBegin":487,"characterOffsetEnd":490,"pos":"DT","before":" ","after":" "},{"index":23,"word":"libraries","originalText":"libraries","characterOffsetBegin":491,"characterOffsetEnd":500,"pos":"NNS","before":" ","after":""},{"index":24,"word":".","originalText":".","characterOffsetBegin":500,"characterOffsetEnd":501,"pos":".","before":"","after":"  "}]},{"index":3,"tokens":[{"index":1,"word":"Right","originalText":"Right","characterOffsetBegin":503,"characterOffsetEnd":508,"pos":"RB","before":"  ","after":" "},{"index":2,"word":"now","originalText":"now","characterOffsetBegin":509,"characterOffsetEnd":512,"pos":"RB","before":" ","after":" "},{"index":3,"word":"we","originalText":"we","characterOffsetBegin":513,"characterOffsetEnd":515,"pos":"PRP","before":" ","after":" "},{"index":4,"word":"highly","originalText":"highly","characterOffsetBegin":516,"characterOffsetEnd":522,"pos":"RB","before":" ","after":" "},{"index":5,"word":"suspect","originalText":"suspect","characterOffsetBegin":523,"characterOffsetEnd":530,"pos":"VBP","before":" ","after":" "},{"index":6,"word":"the","originalText":"the","characterOffsetBegin":531,"characterOffsetEnd":534,"pos":"DT","before":" ","after":" "},{"index":7,"word":"program","originalText":"program","characterOffsetBegin":535,"characterOffsetEnd":542,"pos":"NN","before":" ","after":" "},{"index":8,"word":"``","originalText":"\"","characterOffsetBegin":543,"characterOffsetEnd":544,"pos":"``","before":" ","after":""},{"index":9,"word":"ld","originalText":"ld","characterOffsetBegin":544,"characterOffsetEnd":546,"pos":"NN","before":"","after":""},{"index":10,"word":"''","originalText":"\"","characterOffsetBegin":546,"characterOffsetEnd":547,"pos":"''","before":"","after":""},{"index":11,"word":">","originalText":">","characterOffsetBegin":547,"characterOffsetEnd":548,"pos":"JJR","before":"","after":"      "},{"index":12,"word":"which","originalText":"which","characterOffsetBegin":554,"characterOffsetEnd":559,"pos":"WDT","before":"      ","after":" "},{"index":13,"word":"was","originalText":"was","characterOffsetBegin":560,"characterOffsetEnd":563,"pos":"VBD","before":" ","after":" "},{"index":14,"word":"updated","originalText":"updated","characterOffsetBegin":564,"characterOffsetEnd":571,"pos":"VBN","before":" ","after":" "},{"index":15,"word":"for","originalText":"for","characterOffsetBegin":572,"characterOffsetEnd":575,"pos":"IN","before":" ","after":" "},{"index":16,"word":"4_1_3","originalText":"4_1_3","characterOffsetBegin":576,"characterOffsetEnd":581,"pos":"CD","before":" ","after":""},{"index":17,"word":".","originalText":".","characterOffsetBegin":581,"characterOffsetEnd":582,"pos":".","before":"","after":""},{"index":18,"word":">","originalText":">","characterOffsetBegin":582,"characterOffsetEnd":583,"pos":"JJR","before":"","after":"       "}]},{"index":4,"tokens":[{"index":1,"word":"Yip","originalText":"Yip","characterOffsetBegin":590,"characterOffsetEnd":593,"pos":"NNP","before":"       ","after":""},{"index":2,"word":",","originalText":",","characterOffsetBegin":593,"characterOffsetEnd":594,"pos":",","before":"","after":" "},{"index":3,"word":"we","originalText":"we","characterOffsetBegin":595,"characterOffsetEnd":597,"pos":"PRP","before":" ","after":" "},{"index":4,"word":"had","originalText":"had","characterOffsetBegin":598,"characterOffsetEnd":601,"pos":"VBD","before":" ","after":" "},{"index":5,"word":"the","originalText":"the","characterOffsetBegin":602,"characterOffsetEnd":605,"pos":"DT","before":" ","after":" "},{"index":6,"word":"same","originalText":"same","characterOffsetBegin":606,"characterOffsetEnd":610,"pos":"JJ","before":" ","after":" "},{"index":7,"word":"problem","originalText":"problem","characterOffsetBegin":611,"characterOffsetEnd":618,"pos":"NN","before":" ","after":""},{"index":8,"word":";","originalText":";","characterOffsetBegin":618,"characterOffsetEnd":619,"pos":":","before":"","after":" "},{"index":9,"word":"the","originalText":"the","characterOffsetBegin":620,"characterOffsetEnd":623,"pos":"DT","before":" ","after":" "},{"index":10,"word":"only","originalText":"only","characterOffsetBegin":624,"characterOffsetEnd":628,"pos":"JJ","before":" ","after":" "},{"index":11,"word":"fix","originalText":"fix","characterOffsetBegin":629,"characterOffsetEnd":632,"pos":"NN","before":" ","after":" "},{"index":12,"word":"we","originalText":"we","characterOffsetBegin":633,"characterOffsetEnd":635,"pos":"PRP","before":" ","after":" "},{"index":13,"word":"found","originalText":"found","characterOffsetBegin":636,"characterOffsetEnd":641,"pos":"VBD","before":" ","after":" "},{"index":14,"word":"was","originalText":"was","characterOffsetBegin":642,"characterOffsetEnd":645,"pos":"VBD","before":" ","after":" "},{"index":15,"word":"to","originalText":"to","characterOffsetBegin":646,"characterOffsetEnd":648,"pos":"TO","before":" ","after":" "},{"index":16,"word":"link","originalText":"link","characterOffsetBegin":649,"characterOffsetEnd":653,"pos":"VB","before":" ","after":" "},{"index":17,"word":"staticsome","originalText":"staticsome","characterOffsetBegin":654,"characterOffsetEnd":664,"pos":"NN","before":" ","after":" "},{"index":18,"word":"of","originalText":"of","characterOffsetBegin":665,"characterOffsetEnd":667,"pos":"IN","before":" ","after":" "},{"index":19,"word":"the","originalText":"the","characterOffsetBegin":668,"characterOffsetEnd":671,"pos":"DT","before":" ","after":" "},{"index":20,"word":"clients","originalText":"clients","characterOffsetBegin":672,"characterOffsetEnd":679,"pos":"NNS","before":" ","after":""},{"index":21,"word":",","originalText":",","characterOffsetBegin":679,"characterOffsetEnd":680,"pos":",","before":"","after":" "},{"index":22,"word":"-LRB-","originalText":"(","characterOffsetBegin":681,"characterOffsetEnd":682,"pos":"-LRB-","before":" ","after":" "},{"index":23,"word":"btw","originalText":"btw","characterOffsetBegin":683,"characterOffsetEnd":686,"pos":"NN","before":" ","after":""},{"index":24,"word":",","originalText":",","characterOffsetBegin":686,"characterOffsetEnd":687,"pos":",","before":"","after":" "},{"index":25,"word":"we","originalText":"we","characterOffsetBegin":688,"characterOffsetEnd":690,"pos":"PRP","before":" ","after":" "},{"index":26,"word":"used","originalText":"used","characterOffsetBegin":691,"characterOffsetEnd":695,"pos":"VBD","before":" ","after":" "},{"index":27,"word":"cc","originalText":"cc","characterOffsetBegin":696,"characterOffsetEnd":698,"pos":"NN","before":" ","after":""},{"index":28,"word":"-RRB-","originalText":")","characterOffsetBegin":698,"characterOffsetEnd":699,"pos":"-RRB-","before":"","after":""},{"index":29,"word":".","originalText":".","characterOffsetBegin":699,"characterOffsetEnd":700,"pos":".","before":"","after":" "}]},{"index":5,"tokens":[{"index":1,"word":":--LRB-","originalText":":-(","characterOffsetBegin":701,"characterOffsetEnd":704,"pos":"NN","before":" ","after":""},{"index":2,"word":".","originalText":".","characterOffsetBegin":704,"characterOffsetEnd":705,"pos":".","before":"","after":""}]},{"index":6,"tokens":[{"index":1,"word":"--","originalText":"--","characterOffsetBegin":705,"characterOffsetEnd":707,"pos":":","before":"","after":""},{"index":2,"word":"/","originalText":"/","characterOffsetBegin":707,"characterOffsetEnd":708,"pos":":","before":"","after":""},{"index":3,"word":"+","originalText":"+","characterOffsetBegin":708,"characterOffsetEnd":709,"pos":"CC","before":"","after":""},{"index":4,"word":"=========================================","originalText":"=========================================","characterOffsetBegin":709,"characterOffsetEnd":750,"pos":"CD","before":"","after":""},{"index":5,"word":"+","originalText":"+","characterOffsetBegin":750,"characterOffsetEnd":751,"pos":"CC","before":"","after":""},{"index":6,"word":"+","originalText":"+","characterOffsetBegin":751,"characterOffsetEnd":752,"pos":"CC","before":"","after":""},{"index":7,"word":"================================","originalText":"================================","characterOffsetBegin":752,"characterOffsetEnd":784,"pos":"CD","before":"","after":""},{"index":8,"word":"+","originalText":"+","characterOffsetBegin":784,"characterOffsetEnd":785,"pos":"CC","before":"","after":""},{"index":9,"word":"\\","originalText":"\\","characterOffsetBegin":785,"characterOffsetEnd":786,"pos":"CD","before":"","after":""},{"index":10,"word":"|","originalText":"|","characterOffsetBegin":786,"characterOffsetEnd":787,"pos":"CD","before":"","after":""},{"index":11,"word":"|","originalText":"|","characterOffsetBegin":787,"characterOffsetEnd":788,"pos":"NNP","before":"","after":""},{"index":12,"word":"Francisco","originalText":"Francisco","characterOffsetBegin":788,"characterOffsetEnd":797,"pos":"NNP","before":"","after":" "},{"index":13,"word":"J.","originalText":"J.","characterOffsetBegin":798,"characterOffsetEnd":800,"pos":"NNP","before":" ","after":" "},{"index":14,"word":"Ballesteros","originalText":"Ballesteros","characterOffsetBegin":801,"characterOffsetEnd":812,"pos":"NNP","before":" ","after":" "},{"index":15,"word":"-LSB-","originalText":"[","characterOffsetBegin":813,"characterOffsetEnd":814,"pos":"-LRB-","before":" ","after":""},{"index":16,"word":"a.k.a.","originalText":"a.k.a.","characterOffsetBegin":814,"characterOffsetEnd":820,"pos":"IN","before":"","after":" "},{"index":17,"word":"Nemo","originalText":"Nemo","characterOffsetBegin":821,"characterOffsetEnd":825,"pos":"NNP","before":" ","after":""},{"index":18,"word":"-RSB-","originalText":"]","characterOffsetBegin":825,"characterOffsetEnd":826,"pos":"-RRB-","before":"","after":"   "},{"index":19,"word":"|","originalText":"|","characterOffsetBegin":829,"characterOffsetEnd":830,"pos":"CD","before":"   ","after":""},{"index":20,"word":"|","originalText":"|","characterOffsetBegin":830,"characterOffsetEnd":831,"pos":"CD","before":"","after":"  "},{"index":21,"word":"email","originalText":"email","characterOffsetBegin":833,"characterOffsetEnd":838,"pos":"NN","before":"  ","after":""},{"index":22,"word":":","originalText":":","characterOffsetBegin":838,"characterOffsetEnd":839,"pos":":","before":"","after":" "},{"index":23,"word":"nemo@clip.dia.fi.upm.es","originalText":"nemo@clip.dia.fi.upm.es","characterOffsetBegin":840,"characterOffsetEnd":863,"pos":"NNS","before":" ","after":""},{"index":24,"word":"|","originalText":"|","characterOffsetBegin":863,"characterOffsetEnd":864,"pos":"VBP","before":"","after":""},{"index":25,"word":"|","originalText":"|","characterOffsetBegin":864,"characterOffsetEnd":865,"pos":"CD","before":"","after":""},{"index":26,"word":"|","originalText":"|","characterOffsetBegin":865,"characterOffsetEnd":866,"pos":"CD","before":"","after":""},{"index":27,"word":"|","originalText":"|","characterOffsetBegin":866,"characterOffsetEnd":867,"pos":"CD","before":"","after":""},{"index":28,"word":"org","originalText":"org","characterOffsetBegin":867,"characterOffsetEnd":870,"pos":"NN","before":"","after":""},{"index":29,"word":":","originalText":":","characterOffsetBegin":870,"characterOffsetEnd":871,"pos":":","before":"","after":"  "},{"index":30,"word":"Computer","originalText":"Computer","characterOffsetBegin":873,"characterOffsetEnd":881,"pos":"NNP","before":"  ","after":" "},{"index":31,"word":"Science","originalText":"Science","characterOffsetBegin":882,"characterOffsetEnd":889,"pos":"NNP","before":" ","after":""},{"index":32,"word":",","originalText":",","characterOffsetBegin":889,"characterOffsetEnd":890,"pos":",","before":"","after":" "},{"index":33,"word":"CLIP","originalText":"CLIP","characterOffsetBegin":891,"characterOffsetEnd":895,"pos":"NNS","before":" ","after":" "},{"index":34,"word":"lab","originalText":"lab","characterOffsetBegin":896,"characterOffsetEnd":899,"pos":"NN","before":" ","after":""},{"index":35,"word":".","originalText":".","characterOffsetBegin":899,"characterOffsetEnd":900,"pos":".","before":"","after":"        "}]},{"index":7,"tokens":[{"index":1,"word":"|","originalText":"|","characterOffsetBegin":908,"characterOffsetEnd":909,"pos":"NN","before":"        ","after":""},{"index":2,"word":"|","originalText":"|","characterOffsetBegin":909,"characterOffsetEnd":910,"pos":"CD","before":"","after":"  "},{"index":3,"word":"phone","originalText":"phone","characterOffsetBegin":912,"characterOffsetEnd":917,"pos":"NN","before":"  ","after":""},{"index":4,"word":":","originalText":":","characterOffsetBegin":917,"characterOffsetEnd":918,"pos":":","before":"","after":" "},{"index":5,"word":"+34","originalText":"+34","characterOffsetBegin":919,"characterOffsetEnd":922,"pos":"CD","before":" ","after":" "},{"index":6,"word":"1","originalText":"1","characterOffsetBegin":923,"characterOffsetEnd":924,"pos":"CD","before":" ","after":" "},{"index":7,"word":"336-7448","originalText":"336-7448","characterOffsetBegin":925,"characterOffsetEnd":933,"pos":"CD","before":" ","after":"         "},{"index":8,"word":"|","originalText":"|","characterOffsetBegin":942,"characterOffsetEnd":943,"pos":"CD","before":"         ","after":""},{"index":9,"word":"|","originalText":"|","characterOffsetBegin":943,"characterOffsetEnd":944,"pos":"CD","before":"","after":""},{"index":10,"word":"|","originalText":"|","characterOffsetBegin":944,"characterOffsetEnd":945,"pos":"CD","before":"","after":""},{"index":11,"word":"|","originalText":"|","characterOffsetBegin":945,"characterOffsetEnd":946,"pos":"CD","before":"","after":"      "},{"index":12,"word":"Campus","originalText":"Campus","characterOffsetBegin":952,"characterOffsetEnd":958,"pos":"NNP","before":"      ","after":" "},{"index":13,"word":"Montegancedo","originalText":"Montegancedo","characterOffsetBegin":959,"characterOffsetEnd":971,"pos":"NNP","before":" ","after":" "},{"index":14,"word":"s.n.","originalText":"s.n.","characterOffsetBegin":972,"characterOffsetEnd":976,"pos":"NNP","before":" ","after":" "},{"index":15,"word":"U.P.M.","originalText":"U.P.M.","characterOffsetBegin":977,"characterOffsetEnd":983,"pos":"NNP","before":" ","after":"    "},{"index":16,"word":"|","originalText":"|","characterOffsetBegin":987,"characterOffsetEnd":988,"pos":"VBD","before":"    ","after":""},{"index":17,"word":"|","originalText":"|","characterOffsetBegin":988,"characterOffsetEnd":989,"pos":"CD","before":"","after":"  "},{"index":18,"word":"___","originalText":"___","characterOffsetBegin":991,"characterOffsetEnd":994,"pos":"CD","before":"  ","after":"         "},{"index":19,"word":"___","originalText":"___","characterOffsetBegin":1003,"characterOffsetEnd":1006,"pos":"CD","before":"         ","after":"               "},{"index":20,"word":"|","originalText":"|","characterOffsetBegin":1021,"characterOffsetEnd":1022,"pos":"CD","before":"               ","after":""},{"index":21,"word":"|","originalText":"|","characterOffsetBegin":1022,"characterOffsetEnd":1023,"pos":"CD","before":"","after":""},{"index":22,"word":"|","originalText":"|","characterOffsetBegin":1023,"characterOffsetEnd":1024,"pos":"CD","before":"","after":""},{"index":23,"word":"|","originalText":"|","characterOffsetBegin":1024,"characterOffsetEnd":1025,"pos":"CD","before":"","after":"      "},{"index":24,"word":"Boadilla","originalText":"Boadilla","characterOffsetBegin":1031,"characterOffsetEnd":1039,"pos":"NNP","before":"      ","after":" "},{"index":25,"word":"del","originalText":"del","characterOffsetBegin":1040,"characterOffsetEnd":1043,"pos":"NNP","before":" ","after":" "},{"index":26,"word":"Monte","originalText":"Monte","characterOffsetBegin":1044,"characterOffsetEnd":1049,"pos":"NNP","before":" ","after":""},{"index":27,"word":",","originalText":",","characterOffsetBegin":1049,"characterOffsetEnd":1050,"pos":",","before":"","after":" "},{"index":28,"word":"Madrid","originalText":"Madrid","characterOffsetBegin":1051,"characterOffsetEnd":1057,"pos":"NNP","before":" ","after":""},{"index":29,"word":",","originalText":",","characterOffsetBegin":1057,"characterOffsetEnd":1058,"pos":",","before":"","after":" "},{"index":30,"word":"Spain","originalText":"Spain","characterOffsetBegin":1059,"characterOffsetEnd":1064,"pos":"NNP","before":" ","after":""},{"index":31,"word":".","originalText":".","characterOffsetBegin":1064,"characterOffsetEnd":1065,"pos":".","before":"","after":" "}]},{"index":8,"tokens":[{"index":1,"word":"|","originalText":"|","characterOffsetBegin":1066,"characterOffsetEnd":1067,"pos":"NN","before":" ","after":""},{"index":2,"word":"|","originalText":"|","characterOffsetBegin":1067,"characterOffsetEnd":1068,"pos":"CD","before":"","after":"  "},{"index":3,"word":"\\","originalText":"\\","characterOffsetBegin":1070,"characterOffsetEnd":1071,"pos":"CD","before":"  ","after":""},{"index":4,"word":"\\","originalText":"\\","characterOffsetBegin":1071,"characterOffsetEnd":1072,"pos":"CD","before":"","after":"   "},{"index":5,"word":"\\","originalText":"\\","characterOffsetBegin":1075,"characterOffsetEnd":1076,"pos":"CD","before":"   ","after":""},{"index":6,"word":"\\","originalText":"\\","characterOffsetBegin":1076,"characterOffsetEnd":1077,"pos":"NN","before":"","after":"   "},{"index":7,"word":"o","originalText":"o","characterOffsetBegin":1080,"characterOffsetEnd":1081,"pos":"NN","before":"   ","after":" "},{"index":8,"word":"\\","originalText":"\\","characterOffsetBegin":1082,"characterOffsetEnd":1083,"pos":"CD","before":" ","after":""},{"index":9,"word":"\\","originalText":"\\","characterOffsetBegin":1083,"characterOffsetEnd":1084,"pos":"CD","before":"","after":""},{"index":10,"word":"_","originalText":"_","characterOffsetBegin":1084,"characterOffsetEnd":1085,"pos":"NN","before":"","after":""},{"index":11,"word":"-RRB-","originalText":")","characterOffsetBegin":1085,"characterOffsetEnd":1086,"pos":"-RRB-","before":"","after":"  "},{"index":12,"word":"\\","originalText":"\\","characterOffsetBegin":1088,"characterOffsetEnd":1089,"pos":"CD","before":"  ","after":"   "},{"index":13,"word":"_","originalText":"_","characterOffsetBegin":1092,"characterOffsetEnd":1093,"pos":"CD","before":"   ","after":" "},{"index":14,"word":"\\","originalText":"\\","characterOffsetBegin":1094,"characterOffsetEnd":1095,"pos":"CD","before":" ","after":""},{"index":15,"word":"__","originalText":"__","characterOffsetBegin":1095,"characterOffsetEnd":1097,"pos":"CD","before":"","after":"   "},{"index":16,"word":"|","originalText":"|","characterOffsetBegin":1100,"characterOffsetEnd":1101,"pos":"CD","before":"   ","after":""},{"index":17,"word":"|","originalText":"|","characterOffsetBegin":1101,"characterOffsetEnd":1102,"pos":"CD","before":"","after":""},{"index":18,"word":"\\","originalText":"\\","characterOffsetBegin":1102,"characterOffsetEnd":1103,"pos":"NN","before":"","after":""},{"index":19,"word":"+","originalText":"+","characterOffsetBegin":1103,"characterOffsetEnd":1104,"pos":"CC","before":"","after":""},{"index":20,"word":"=========================================","originalText":"=========================================","characterOffsetBegin":1104,"characterOffsetEnd":1145,"pos":"NN","before":"","after":""},{"index":21,"word":"+","originalText":"+","characterOffsetBegin":1145,"characterOffsetEnd":1146,"pos":"CC","before":"","after":""},{"index":22,"word":"+","originalText":"+","characterOffsetBegin":1146,"characterOffsetEnd":1147,"pos":"CC","before":"","after":""},{"index":23,"word":"==","originalText":"==","characterOffsetBegin":1147,"characterOffsetEnd":1149,"pos":"FW","before":"","after":" "},{"index":24,"word":"\\","originalText":"\\","characterOffsetBegin":1150,"characterOffsetEnd":1151,"pos":"FW","before":" ","after":""},{"index":25,"word":"\\","originalText":"\\","characterOffsetBegin":1151,"characterOffsetEnd":1152,"pos":"FW","before":"","after":""},{"index":26,"word":"__","originalText":"__","characterOffsetBegin":1152,"characterOffsetEnd":1154,"pos":"FW","before":"","after":" "},{"index":27,"word":"\\","originalText":"\\","characterOffsetBegin":1155,"characterOffsetEnd":1156,"pos":"FW","before":" ","after":""},{"index":28,"word":"\\","originalText":"\\","characterOffsetBegin":1156,"characterOffsetEnd":1157,"pos":"FW","before":"","after":""},{"index":29,"word":"__","originalText":"__","characterOffsetBegin":1157,"characterOffsetEnd":1159,"pos":"FW","before":"","after":""},{"index":30,"word":"\\","originalText":"\\","characterOffsetBegin":1159,"characterOffsetEnd":1160,"pos":"FW","before":"","after":""},{"index":31,"word":"\\","originalText":"\\","characterOffsetBegin":1160,"characterOffsetEnd":1161,"pos":"FW","before":"","after":" "},{"index":32,"word":"\\","originalText":"\\","characterOffsetBegin":1162,"characterOffsetEnd":1163,"pos":"FW","before":" ","after":""},{"index":33,"word":"\\","originalText":"\\","characterOffsetBegin":1163,"characterOffsetEnd":1164,"pos":"FW","before":"","after":" "},{"index":34,"word":"==","originalText":"==","characterOffsetBegin":1165,"characterOffsetEnd":1167,"pos":"FW","before":" ","after":" "},{"index":35,"word":"\\","originalText":"\\","characterOffsetBegin":1168,"characterOffsetEnd":1169,"pos":"FW","before":" ","after":""},{"index":36,"word":"_","originalText":"_","characterOffsetBegin":1169,"characterOffsetEnd":1170,"pos":"NN","before":"","after":""},{"index":37,"word":"-LRB-","originalText":"(","characterOffsetBegin":1170,"characterOffsetEnd":1171,"pos":"-LRB-","before":"","after":""},{"index":38,"word":"_","originalText":"_","characterOffsetBegin":1171,"characterOffsetEnd":1172,"pos":"CD","before":"","after":""},{"index":39,"word":"\\","originalText":"\\","characterOffsetBegin":1172,"characterOffsetEnd":1173,"pos":"CD","before":"","after":""},{"index":40,"word":"_","originalText":"_","characterOffsetBegin":1173,"characterOffsetEnd":1174,"pos":"CD","before":"","after":""},{"index":41,"word":"\\","originalText":"\\","characterOffsetBegin":1174,"characterOffsetEnd":1175,"pos":"CD","before":"","after":""},{"index":42,"word":"_","originalText":"_","characterOffsetBegin":1175,"characterOffsetEnd":1176,"pos":"NN","before":"","after":""},{"index":43,"word":"-RRB-","originalText":")","characterOffsetBegin":1176,"characterOffsetEnd":1177,"pos":"-RRB-","before":"","after":" "},{"index":44,"word":"=","originalText":"=","characterOffsetBegin":1178,"characterOffsetEnd":1179,"pos":"JJ","before":" ","after":""},{"index":45,"word":"+","originalText":"+","characterOffsetBegin":1179,"characterOffsetEnd":1180,"pos":"CC","before":"","after":""},{"index":46,"word":"/","originalText":"/","characterOffsetBegin":1180,"characterOffsetEnd":1181,"pos":":","before":"","after":""}]}]}