{"sentences":[{"index":0,"tokens":[{"index":1,"word":"From","originalText":"From","characterOffsetBegin":0,"characterOffsetEnd":4,"pos":"IN","before":"","after":""},{"index":2,"word":":","originalText":":","characterOffsetBegin":4,"characterOffsetEnd":5,"pos":":","before":"","after":" "},{"index":3,"word":"shite@sinkhole.unf.edu","originalText":"shite@sinkhole.unf.edu","characterOffsetBegin":6,"characterOffsetEnd":28,"pos":"NN","before":" ","after":" "},{"index":4,"word":"-LRB-","originalText":"(","characterOffsetBegin":29,"characterOffsetEnd":30,"pos":"-LRB-","before":" ","after":""},{"index":5,"word":"Stephen","originalText":"Stephen","characterOffsetBegin":30,"characterOffsetEnd":37,"pos":"NNP","before":"","after":" "},{"index":6,"word":"Hite","originalText":"Hite","characterOffsetBegin":38,"characterOffsetEnd":42,"pos":"NNP","before":" ","after":""},{"index":7,"word":"-RRB-","originalText":")","characterOffsetBegin":42,"characterOffsetEnd":43,"pos":"-RRB-","before":"","after":""},{"index":8,"word":"Subject","originalText":"Subject","characterOffsetBegin":43,"characterOffsetEnd":50,"pos":"NNP","before":"","after":""},{"index":9,"word":":","originalText":":","characterOffsetBegin":50,"characterOffsetEnd":51,"pos":":","before":"","after":" "},{"index":10,"word":"Re","originalText":"Re","characterOffsetBegin":52,"characterOffsetEnd":54,"pos":"NNP","before":" ","after":""},{"index":11,"word":":","originalText":":","characterOffsetBegin":54,"characterOffsetEnd":55,"pos":":","before":"","after":" "},{"index":12,"word":"Searching","originalText":"Searching","characterOffsetBegin":56,"characterOffsetEnd":65,"pos":"NN","before":" ","after":" "},{"index":13,"word":"for","originalText":"for","characterOffsetBegin":66,"characterOffsetEnd":69,"pos":"IN","before":" ","after":" "},{"index":14,"word":"xgolf","originalText":"xgolf","characterOffsetBegin":70,"characterOffsetEnd":75,"pos":"NN","before":" ","after":"   "},{"index":15,"word":"The","originalText":"The","characterOffsetBegin":78,"characterOffsetEnd":81,"pos":"DT","before":"   ","after":" "},{"index":16,"word":"xgolf","originalText":"xgolf","characterOffsetBegin":82,"characterOffsetEnd":87,"pos":"NN","before":" ","after":" "},{"index":17,"word":"program","originalText":"program","characterOffsetBegin":88,"characterOffsetEnd":95,"pos":"NN","before":" ","after":" "},{"index":18,"word":"was","originalText":"was","characterOffsetBegin":96,"characterOffsetEnd":99,"pos":"VBD","before":" ","after":" "},{"index":19,"word":"an","originalText":"an","characterOffsetBegin":100,"characterOffsetEnd":102,"pos":"DT","before":" ","after":" "},{"index":20,"word":"April","originalText":"April","characterOffsetBegin":103,"characterOffsetEnd":108,"pos":"NNP","before":" ","after":" "},{"index":21,"word":"Fool","originalText":"Fool","characterOffsetBegin":109,"characterOffsetEnd":113,"pos":"NNP","before":" ","after":""},{"index":22,"word":"'s","originalText":"'s","characterOffsetBegin":113,"characterOffsetEnd":115,"pos":"POS","before":"","after":" "},{"index":23,"word":"joke","originalText":"joke","characterOffsetBegin":116,"characterOffsetEnd":120,"pos":"NN","before":" ","after":" "},{"index":24,"word":"<sigh>","originalText":"<sigh>","characterOffsetBegin":121,"characterOffsetEnd":127,"pos":"NN","before":" ","after":""},{"index":25,"word":".","originalText":".","characterOffsetBegin":127,"characterOffsetEnd":128,"pos":".","before":"","after":""}]},{"index":1,"tokens":[{"index":1,"word":"Steve","originalText":"Steve","characterOffsetBegin":128,"characterOffsetEnd":133,"pos":"NNP","before":"","after":" "},{"index":2,"word":"Hiteshite@sinkhole.unf.edu","originalText":"Hiteshite@sinkhole.unf.edu","characterOffsetBegin":134,"characterOffsetEnd":160,"pos":"NNP","before":" ","after":""}]}]}