{"sentences":[{"index":0,"tokens":[{"index":1,"word":"From","originalText":"From","characterOffsetBegin":0,"characterOffsetEnd":4,"pos":"IN","before":"","after":""},{"index":2,"word":":","originalText":":","characterOffsetBegin":4,"characterOffsetEnd":5,"pos":":","before":"","after":" "},{"index":3,"word":"mouse@thunder.mcrcim.mcgill.edu","originalText":"mouse@thunder.mcrcim.mcgill.edu","characterOffsetBegin":6,"characterOffsetEnd":37,"pos":"NN","before":" ","after":" "},{"index":4,"word":"-LRB-","originalText":"(","characterOffsetBegin":38,"characterOffsetEnd":39,"pos":"-LRB-","before":" ","after":""},{"index":5,"word":"der","originalText":"der","characterOffsetBegin":39,"characterOffsetEnd":42,"pos":"FW","before":"","after":" "},{"index":6,"word":"Mouse","originalText":"Mouse","characterOffsetBegin":43,"characterOffsetEnd":48,"pos":"NN","before":" ","after":""},{"index":7,"word":"-RRB-","originalText":")","characterOffsetBegin":48,"characterOffsetEnd":49,"pos":"-RRB-","before":"","after":""},{"index":8,"word":"Subject","originalText":"Subject","characterOffsetBegin":49,"characterOffsetEnd":56,"pos":"NN","before":"","after":""},{"index":9,"word":":","originalText":":","characterOffsetBegin":56,"characterOffsetEnd":57,"pos":":","before":"","after":" "},{"index":10,"word":"Re","originalText":"Re","characterOffsetBegin":58,"characterOffsetEnd":60,"pos":"NNP","before":" ","after":""},{"index":11,"word":":","originalText":":","characterOffsetBegin":60,"characterOffsetEnd":61,"pos":":","before":"","after":" "},{"index":12,"word":"Available","originalText":"Available","characterOffsetBegin":62,"characterOffsetEnd":71,"pos":"JJ","before":" ","after":" "},{"index":13,"word":"memory","originalText":"memory","characterOffsetBegin":72,"characterOffsetEnd":78,"pos":"NN","before":" ","after":" "},{"index":14,"word":"to","originalText":"to","characterOffsetBegin":79,"characterOffsetEnd":81,"pos":"TO","before":" ","after":" "},{"index":15,"word":"the","originalText":"the","characterOffsetBegin":82,"characterOffsetEnd":85,"pos":"DT","before":" ","after":" "},{"index":16,"word":"Xserver","originalText":"Xserver","characterOffsetBegin":86,"characterOffsetEnd":93,"pos":"NNP","before":" ","after":""},{"index":17,"word":".","originalText":".","characterOffsetBegin":93,"characterOffsetEnd":94,"pos":".","before":"","after":" "}]},{"index":1,"tokens":[{"index":1,"word":"How","originalText":"How","characterOffsetBegin":95,"characterOffsetEnd":98,"pos":"WRB","before":" ","after":" "},{"index":2,"word":"to","originalText":"to","characterOffsetBegin":99,"characterOffsetEnd":101,"pos":"TO","before":" ","after":" "},{"index":3,"word":"get","originalText":"get","characterOffsetBegin":102,"characterOffsetEnd":105,"pos":"VB","before":" ","after":" "},{"index":4,"word":"the","originalText":"the","characterOffsetBegin":106,"characterOffsetEnd":109,"pos":"DT","before":" ","after":" "},{"index":5,"word":"actual","originalText":"actual","characterOffsetBegin":110,"characterOffsetEnd":116,"pos":"JJ","before":" ","after":" "},{"index":6,"word":"size?In","originalText":"size?In","characterOffsetBegin":117,"characterOffsetEnd":124,"pos":"NN","before":" ","after":" "},{"index":7,"word":"article","originalText":"article","characterOffsetBegin":125,"characterOffsetEnd":132,"pos":"NN","before":" ","after":" "},{"index":8,"word":"<1965@igd.fhg.de>","originalText":"<1965@igd.fhg.de>","characterOffsetBegin":133,"characterOffsetEnd":150,"pos":"NN","before":" ","after":""},{"index":9,"word":",","originalText":",","characterOffsetBegin":150,"characterOffsetEnd":151,"pos":",","before":"","after":" "},{"index":10,"word":"pfuetz@igd.fhg.de","originalText":"pfuetz@igd.fhg.de","characterOffsetBegin":152,"characterOffsetEnd":169,"pos":"NN","before":" ","after":" "},{"index":11,"word":"-LRB-","originalText":"(","characterOffsetBegin":170,"characterOffsetEnd":171,"pos":"-LRB-","before":" ","after":""},{"index":12,"word":"Matthias","originalText":"Matthias","characterOffsetBegin":171,"characterOffsetEnd":179,"pos":"NNP","before":"","after":" "},{"index":13,"word":"Pfuetzner","originalText":"Pfuetzner","characterOffsetBegin":180,"characterOffsetEnd":189,"pos":"NNP","before":" ","after":""},{"index":14,"word":"-RRB-","originalText":")","characterOffsetBegin":189,"characterOffsetEnd":190,"pos":"-RRB-","before":"","after":" "},{"index":15,"word":"writes","originalText":"writes","characterOffsetBegin":191,"characterOffsetEnd":197,"pos":"VBZ","before":" ","after":""},{"index":16,"word":":","originalText":":","characterOffsetBegin":197,"characterOffsetEnd":198,"pos":":","before":"","after":""},{"index":17,"word":">","originalText":">","characterOffsetBegin":198,"characterOffsetEnd":199,"pos":"JJR","before":"","after":" "},{"index":18,"word":"Is","originalText":"Is","characterOffsetBegin":200,"characterOffsetEnd":202,"pos":"VBZ","before":" ","after":" "},{"index":19,"word":"there","originalText":"there","characterOffsetBegin":203,"characterOffsetEnd":208,"pos":"EX","before":" ","after":" "},{"index":20,"word":"a","originalText":"a","characterOffsetBegin":209,"characterOffsetEnd":210,"pos":"DT","before":" ","after":" "},{"index":21,"word":"possibility","originalText":"possibility","characterOffsetBegin":211,"characterOffsetEnd":222,"pos":"NN","before":" ","after":" "},{"index":22,"word":"to","originalText":"to","characterOffsetBegin":223,"characterOffsetEnd":225,"pos":"TO","before":" ","after":" "},{"index":23,"word":"determine","originalText":"determine","characterOffsetBegin":226,"characterOffsetEnd":235,"pos":"VB","before":" ","after":" "},{"index":24,"word":"via","originalText":"via","characterOffsetBegin":236,"characterOffsetEnd":239,"pos":"IN","before":" ","after":" "},{"index":25,"word":"X","originalText":"X","characterOffsetBegin":240,"characterOffsetEnd":241,"pos":"NN","before":" ","after":" "},{"index":26,"word":"protocol","originalText":"protocol","characterOffsetBegin":242,"characterOffsetEnd":250,"pos":"NN","before":" ","after":" "},{"index":27,"word":"calls","originalText":"calls","characterOffsetBegin":251,"characterOffsetEnd":256,"pos":"VBZ","before":" ","after":" "},{"index":28,"word":"the","originalText":"the","characterOffsetBegin":257,"characterOffsetEnd":260,"pos":"DT","before":" ","after":" "},{"index":29,"word":"size","originalText":"size","characterOffsetBegin":261,"characterOffsetEnd":265,"pos":"NN","before":" ","after":" "},{"index":30,"word":"of","originalText":"of","characterOffsetBegin":266,"characterOffsetEnd":268,"pos":"IN","before":" ","after":""},{"index":31,"word":">","originalText":">","characterOffsetBegin":268,"characterOffsetEnd":269,"pos":"JJR","before":"","after":" "},{"index":32,"word":"free","originalText":"free","characterOffsetBegin":270,"characterOffsetEnd":274,"pos":"JJ","before":" ","after":" "},{"index":33,"word":"memory","originalText":"memory","characterOffsetBegin":275,"characterOffsetEnd":281,"pos":"NN","before":" ","after":" "},{"index":34,"word":"available","originalText":"available","characterOffsetBegin":282,"characterOffsetEnd":291,"pos":"JJ","before":" ","after":" "},{"index":35,"word":"to","originalText":"to","characterOffsetBegin":292,"characterOffsetEnd":294,"pos":"TO","before":" ","after":" "},{"index":36,"word":"the","originalText":"the","characterOffsetBegin":295,"characterOffsetEnd":298,"pos":"DT","before":" ","after":" "},{"index":37,"word":"Xserver?No","originalText":"Xserver?No","characterOffsetBegin":299,"characterOffsetEnd":309,"pos":"NNP","before":" ","after":""},{"index":38,"word":".","originalText":".","characterOffsetBegin":309,"characterOffsetEnd":310,"pos":".","before":"","after":"  "}]},{"index":2,"tokens":[{"index":1,"word":"Even","originalText":"Even","characterOffsetBegin":312,"characterOffsetEnd":316,"pos":"RB","before":"  ","after":" "},{"index":2,"word":"if","originalText":"if","characterOffsetBegin":317,"characterOffsetEnd":319,"pos":"IN","before":" ","after":" "},{"index":3,"word":"you","originalText":"you","characterOffsetBegin":320,"characterOffsetEnd":323,"pos":"PRP","before":" ","after":" "},{"index":4,"word":"could","originalText":"could","characterOffsetBegin":324,"characterOffsetEnd":329,"pos":"MD","before":" ","after":""},{"index":5,"word":",","originalText":",","characterOffsetBegin":329,"characterOffsetEnd":330,"pos":",","before":"","after":" "},{"index":6,"word":"the","originalText":"the","characterOffsetBegin":331,"characterOffsetEnd":334,"pos":"DT","before":" ","after":" "},{"index":7,"word":"answer","originalText":"answer","characterOffsetBegin":335,"characterOffsetEnd":341,"pos":"NN","before":" ","after":" "},{"index":8,"word":"could","originalText":"could","characterOffsetBegin":342,"characterOffsetEnd":347,"pos":"MD","before":" ","after":" "},{"index":9,"word":"be","originalText":"be","characterOffsetBegin":348,"characterOffsetEnd":350,"pos":"VB","before":" ","after":" "},{"index":10,"word":"out","originalText":"out","characterOffsetBegin":351,"characterOffsetEnd":354,"pos":"IN","before":" ","after":" "},{"index":11,"word":"of","originalText":"of","characterOffsetBegin":355,"characterOffsetEnd":357,"pos":"IN","before":" ","after":" "},{"index":12,"word":"date","originalText":"date","characterOffsetBegin":358,"characterOffsetEnd":362,"pos":"NN","before":" ","after":" "},{"index":13,"word":"even","originalText":"even","characterOffsetBegin":363,"characterOffsetEnd":367,"pos":"RB","before":" ","after":" "},{"index":14,"word":"before","originalText":"before","characterOffsetBegin":368,"characterOffsetEnd":374,"pos":"IN","before":" ","after":" "},{"index":15,"word":"youget","originalText":"youget","characterOffsetBegin":375,"characterOffsetEnd":381,"pos":"NN","before":" ","after":" "},{"index":16,"word":"it","originalText":"it","characterOffsetBegin":382,"characterOffsetEnd":384,"pos":"PRP","before":" ","after":" "},{"index":17,"word":"-LRB-","originalText":"(","characterOffsetBegin":385,"characterOffsetEnd":386,"pos":"-LRB-","before":" ","after":""},{"index":18,"word":"even","originalText":"even","characterOffsetBegin":386,"characterOffsetEnd":390,"pos":"RB","before":"","after":" "},{"index":19,"word":"if","originalText":"if","characterOffsetBegin":391,"characterOffsetEnd":393,"pos":"IN","before":" ","after":" "},{"index":20,"word":"you","originalText":"you","characterOffsetBegin":394,"characterOffsetEnd":397,"pos":"PRP","before":" ","after":" "},{"index":21,"word":"grab","originalText":"grab","characterOffsetBegin":398,"characterOffsetEnd":402,"pos":"VBP","before":" ","after":" "},{"index":22,"word":"the","originalText":"the","characterOffsetBegin":403,"characterOffsetEnd":406,"pos":"DT","before":" ","after":" "},{"index":23,"word":"server","originalText":"server","characterOffsetBegin":407,"characterOffsetEnd":413,"pos":"NN","before":" ","after":""},{"index":24,"word":",","originalText":",","characterOffsetBegin":413,"characterOffsetEnd":414,"pos":",","before":"","after":" "},{"index":25,"word":"it","originalText":"it","characterOffsetBegin":415,"characterOffsetEnd":417,"pos":"PRP","before":" ","after":" "},{"index":26,"word":"could","originalText":"could","characterOffsetBegin":418,"characterOffsetEnd":423,"pos":"MD","before":" ","after":" "},{"index":27,"word":"be","originalText":"be","characterOffsetBegin":424,"characterOffsetEnd":426,"pos":"VB","before":" ","after":" "},{"index":28,"word":"taken","originalText":"taken","characterOffsetBegin":427,"characterOffsetEnd":432,"pos":"VBN","before":" ","after":" "},{"index":29,"word":"up","originalText":"up","characterOffsetBegin":433,"characterOffsetEnd":435,"pos":"RP","before":" ","after":" "},{"index":30,"word":"by","originalText":"by","characterOffsetBegin":436,"characterOffsetEnd":438,"pos":"IN","before":" ","after":" "},{"index":31,"word":"bufferinguser","originalText":"bufferinguser","characterOffsetBegin":439,"characterOffsetEnd":452,"pos":"NN","before":" ","after":" "},{"index":32,"word":"actions","originalText":"actions","characterOffsetBegin":453,"characterOffsetEnd":460,"pos":"NNS","before":" ","after":""},{"index":33,"word":"-RRB-","originalText":")","characterOffsetBegin":460,"characterOffsetEnd":461,"pos":"-RRB-","before":"","after":""},{"index":34,"word":".","originalText":".","characterOffsetBegin":461,"characterOffsetEnd":462,"pos":".","before":"","after":"  "}]},{"index":3,"tokens":[{"index":1,"word":"You","originalText":"You","characterOffsetBegin":464,"characterOffsetEnd":467,"pos":"PRP","before":"  ","after":" "},{"index":2,"word":"should","originalText":"should","characterOffsetBegin":468,"characterOffsetEnd":474,"pos":"MD","before":" ","after":" "},{"index":3,"word":"just","originalText":"just","characterOffsetBegin":475,"characterOffsetEnd":479,"pos":"RB","before":" ","after":" "},{"index":4,"word":"try","originalText":"try","characterOffsetBegin":480,"characterOffsetEnd":483,"pos":"VB","before":" ","after":" "},{"index":5,"word":"to","originalText":"to","characterOffsetBegin":484,"characterOffsetEnd":486,"pos":"TO","before":" ","after":" "},{"index":6,"word":"do","originalText":"do","characterOffsetBegin":487,"characterOffsetEnd":489,"pos":"VB","before":" ","after":" "},{"index":7,"word":"whatever","originalText":"whatever","characterOffsetBegin":490,"characterOffsetEnd":498,"pos":"WDT","before":" ","after":" "},{"index":8,"word":"you","originalText":"you","characterOffsetBegin":499,"characterOffsetEnd":502,"pos":"PRP","before":" ","after":" "},{"index":9,"word":"want","originalText":"want","characterOffsetBegin":503,"characterOffsetEnd":507,"pos":"VBP","before":" ","after":""},{"index":10,"word":";","originalText":";","characterOffsetBegin":507,"characterOffsetEnd":508,"pos":":","before":"","after":" "},{"index":11,"word":"a","originalText":"a","characterOffsetBegin":509,"characterOffsetEnd":510,"pos":"DT","before":" ","after":" "},{"index":12,"word":"BadAllocerror","originalText":"BadAllocerror","characterOffsetBegin":511,"characterOffsetEnd":524,"pos":"NNP","before":" ","after":" "},{"index":13,"word":"is","originalText":"is","characterOffsetBegin":525,"characterOffsetEnd":527,"pos":"VBZ","before":" ","after":" "},{"index":14,"word":"your","originalText":"your","characterOffsetBegin":528,"characterOffsetEnd":532,"pos":"PRP$","before":" ","after":" "},{"index":15,"word":"indication","originalText":"indication","characterOffsetBegin":533,"characterOffsetEnd":543,"pos":"NN","before":" ","after":" "},{"index":16,"word":"that","originalText":"that","characterOffsetBegin":544,"characterOffsetEnd":548,"pos":"IN","before":" ","after":" "},{"index":17,"word":"insufficient","originalText":"insufficient","characterOffsetBegin":549,"characterOffsetEnd":561,"pos":"JJ","before":" ","after":" "},{"index":18,"word":"server","originalText":"server","characterOffsetBegin":562,"characterOffsetEnd":568,"pos":"NN","before":" ","after":" "},{"index":19,"word":"memory","originalText":"memory","characterOffsetBegin":569,"characterOffsetEnd":575,"pos":"NN","before":" ","after":" "},{"index":20,"word":"is","originalText":"is","characterOffsetBegin":576,"characterOffsetEnd":578,"pos":"VBZ","before":" ","after":" "},{"index":21,"word":"available","originalText":"available","characterOffsetBegin":579,"characterOffsetEnd":588,"pos":"JJ","before":" ","after":""},{"index":22,"word":".","originalText":".","characterOffsetBegin":588,"characterOffsetEnd":589,"pos":".","before":"","after":"\t\t\t\t\t"}]},{"index":4,"tokens":[{"index":1,"word":"der","originalText":"der","characterOffsetBegin":594,"characterOffsetEnd":597,"pos":"NN","before":"\t\t\t\t\t","after":" "},{"index":2,"word":"Mouse","originalText":"Mouse","characterOffsetBegin":598,"characterOffsetEnd":603,"pos":"NN","before":" ","after":"\t\t\t\t"},{"index":3,"word":"mouse@mcrcim.mcgill.edu","originalText":"mouse@mcrcim.mcgill.edu","characterOffsetBegin":607,"characterOffsetEnd":630,"pos":"NN","before":"\t\t\t\t","after":""}]}]}