{"sentences":[{"index":0,"tokens":[{"index":1,"word":"From","originalText":"From","characterOffsetBegin":0,"characterOffsetEnd":4,"pos":"IN","before":"","after":""},{"index":2,"word":":","originalText":":","characterOffsetBegin":4,"characterOffsetEnd":5,"pos":":","before":"","after":" "},{"index":3,"word":"mouse@thunder.mcrcim.mcgill.edu","originalText":"mouse@thunder.mcrcim.mcgill.edu","characterOffsetBegin":6,"characterOffsetEnd":37,"pos":"NN","before":" ","after":" "},{"index":4,"word":"-LRB-","originalText":"(","characterOffsetBegin":38,"characterOffsetEnd":39,"pos":"-LRB-","before":" ","after":""},{"index":5,"word":"der","originalText":"der","characterOffsetBegin":39,"characterOffsetEnd":42,"pos":"FW","before":"","after":" "},{"index":6,"word":"Mouse","originalText":"Mouse","characterOffsetBegin":43,"characterOffsetEnd":48,"pos":"NN","before":" ","after":""},{"index":7,"word":"-RRB-","originalText":")","characterOffsetBegin":48,"characterOffsetEnd":49,"pos":"-RRB-","before":"","after":""},{"index":8,"word":"Subject","originalText":"Subject","characterOffsetBegin":49,"characterOffsetEnd":56,"pos":"NN","before":"","after":""},{"index":9,"word":":","originalText":":","characterOffsetBegin":56,"characterOffsetEnd":57,"pos":":","before":"","after":" "},{"index":10,"word":"Re","originalText":"Re","characterOffsetBegin":58,"characterOffsetEnd":60,"pos":"NNP","before":" ","after":""},{"index":11,"word":":","originalText":":","characterOffsetBegin":60,"characterOffsetEnd":61,"pos":":","before":"","after":" "},{"index":12,"word":"Creating","originalText":"Creating","characterOffsetBegin":62,"characterOffsetEnd":70,"pos":"VBG","before":" ","after":" "},{"index":13,"word":"8","originalText":"8","characterOffsetBegin":71,"characterOffsetEnd":72,"pos":"CD","before":" ","after":" "},{"index":14,"word":"bit","originalText":"bit","characterOffsetBegin":73,"characterOffsetEnd":76,"pos":"NN","before":" ","after":" "},{"index":15,"word":"windows","originalText":"windows","characterOffsetBegin":77,"characterOffsetEnd":84,"pos":"NNS","before":" ","after":" "},{"index":16,"word":"on","originalText":"on","characterOffsetBegin":85,"characterOffsetEnd":87,"pos":"IN","before":" ","after":" "},{"index":17,"word":"24","originalText":"24","characterOffsetBegin":88,"characterOffsetEnd":90,"pos":"CD","before":" ","after":" "},{"index":18,"word":"bit","originalText":"bit","characterOffsetBegin":91,"characterOffsetEnd":94,"pos":"NN","before":" ","after":" "},{"index":19,"word":"display","originalText":"display","characterOffsetBegin":95,"characterOffsetEnd":102,"pos":"NN","before":" ","after":""},{"index":20,"word":".","originalText":".","characterOffsetBegin":102,"characterOffsetEnd":103,"pos":".","before":"","after":""}]},{"index":1,"tokens":[{"index":1,"word":".","originalText":".","characterOffsetBegin":103,"characterOffsetEnd":104,"pos":".","before":"","after":" "}]},{"index":2,"tokens":[{"index":1,"word":"How?In","originalText":"How?In","characterOffsetBegin":105,"characterOffsetEnd":111,"pos":"NN","before":" ","after":" "},{"index":2,"word":"article","originalText":"article","characterOffsetBegin":112,"characterOffsetEnd":119,"pos":"NN","before":" ","after":" "},{"index":3,"word":"<1993Apr16.093209.25719@fwi.uva.nl>","originalText":"<1993Apr16.093209.25719@fwi.uva.nl>","characterOffsetBegin":120,"characterOffsetEnd":155,"pos":"NN","before":" ","after":""},{"index":4,"word":",","originalText":",","characterOffsetBegin":155,"characterOffsetEnd":156,"pos":",","before":"","after":" "},{"index":5,"word":"stolk@fwi.uva.nl","originalText":"stolk@fwi.uva.nl","characterOffsetBegin":157,"characterOffsetEnd":173,"pos":"NN","before":" ","after":" "},{"index":6,"word":"-LRB-","originalText":"(","characterOffsetBegin":174,"characterOffsetEnd":175,"pos":"-LRB-","before":" ","after":""},{"index":7,"word":"Bram","originalText":"Bram","characterOffsetBegin":175,"characterOffsetEnd":179,"pos":"NN","before":"","after":""},{"index":8,"word":"-RRB-","originalText":")","characterOffsetBegin":179,"characterOffsetEnd":180,"pos":"-RRB-","before":"","after":" "},{"index":9,"word":"writes","originalText":"writes","characterOffsetBegin":181,"characterOffsetEnd":187,"pos":"VBZ","before":" ","after":""},{"index":10,"word":":","originalText":":","characterOffsetBegin":187,"characterOffsetEnd":188,"pos":":","before":"","after":""},{"index":11,"word":">","originalText":">","characterOffsetBegin":188,"characterOffsetEnd":189,"pos":"JJR","before":"","after":" "},{"index":12,"word":"I","originalText":"I","characterOffsetBegin":190,"characterOffsetEnd":191,"pos":"PRP","before":" ","after":" "},{"index":13,"word":"am","originalText":"am","characterOffsetBegin":192,"characterOffsetEnd":194,"pos":"VBP","before":" ","after":" "},{"index":14,"word":"using","originalText":"using","characterOffsetBegin":195,"characterOffsetEnd":200,"pos":"VBG","before":" ","after":" "},{"index":15,"word":"an","originalText":"an","characterOffsetBegin":201,"characterOffsetEnd":203,"pos":"DT","before":" ","after":" "},{"index":16,"word":"X","originalText":"X","characterOffsetBegin":204,"characterOffsetEnd":205,"pos":"NN","before":" ","after":" "},{"index":17,"word":"server","originalText":"server","characterOffsetBegin":206,"characterOffsetEnd":212,"pos":"NN","before":" ","after":" "},{"index":18,"word":"that","originalText":"that","characterOffsetBegin":213,"characterOffsetEnd":217,"pos":"WDT","before":" ","after":" "},{"index":19,"word":"provides","originalText":"provides","characterOffsetBegin":218,"characterOffsetEnd":226,"pos":"VBZ","before":" ","after":" "},{"index":20,"word":"3","originalText":"3","characterOffsetBegin":227,"characterOffsetEnd":228,"pos":"CD","before":" ","after":" "},{"index":21,"word":"visuals","originalText":"visuals","characterOffsetBegin":229,"characterOffsetEnd":236,"pos":"NNS","before":" ","after":""},{"index":22,"word":":","originalText":":","characterOffsetBegin":236,"characterOffsetEnd":237,"pos":":","before":"","after":" "},{"index":23,"word":"PseudoColor","originalText":"PseudoColor","characterOffsetBegin":238,"characterOffsetEnd":249,"pos":"NN","before":" ","after":" "},{"index":24,"word":"8","originalText":"8","characterOffsetBegin":250,"characterOffsetEnd":251,"pos":"CD","before":" ","after":" "},{"index":25,"word":"bit","originalText":"bit","characterOffsetBegin":252,"characterOffsetEnd":255,"pos":"NN","before":" ","after":""},{"index":26,"word":",","originalText":",","characterOffsetBegin":255,"characterOffsetEnd":256,"pos":",","before":"","after":""},{"index":27,"word":">","originalText":">","characterOffsetBegin":256,"characterOffsetEnd":257,"pos":"JJR","before":"","after":" "},{"index":28,"word":"Truecolor","originalText":"Truecolor","characterOffsetBegin":258,"characterOffsetEnd":267,"pos":"NNP","before":" ","after":" "},{"index":29,"word":"24","originalText":"24","characterOffsetBegin":268,"characterOffsetEnd":270,"pos":"CD","before":" ","after":" "},{"index":30,"word":"bit","originalText":"bit","characterOffsetBegin":271,"characterOffsetEnd":274,"pos":"NN","before":" ","after":" "},{"index":31,"word":"and","originalText":"and","characterOffsetBegin":275,"characterOffsetEnd":278,"pos":"CC","before":" ","after":" "},{"index":32,"word":"DirectColor","originalText":"DirectColor","characterOffsetBegin":279,"characterOffsetEnd":290,"pos":"NNP","before":" ","after":" "},{"index":33,"word":"24","originalText":"24","characterOffsetBegin":291,"characterOffsetEnd":293,"pos":"CD","before":" ","after":" "},{"index":34,"word":"bit.Lucky","originalText":"bit.Lucky","characterOffsetBegin":294,"characterOffsetEnd":303,"pos":"NNP","before":" ","after":" "},{"index":35,"word":"dog","originalText":"dog","characterOffsetBegin":304,"characterOffsetEnd":307,"pos":"NN","before":" ","after":""},{"index":36,"word":"...","originalText":"...","characterOffsetBegin":307,"characterOffsetEnd":310,"pos":":","before":"","after":" "},{"index":37,"word":":--RRB-","originalText":":-)","characterOffsetBegin":311,"characterOffsetEnd":314,"pos":"JJ","before":" ","after":""},{"index":38,"word":">","originalText":">","characterOffsetBegin":314,"characterOffsetEnd":315,"pos":"JJR","before":"","after":" "},{"index":39,"word":"A","originalText":"A","characterOffsetBegin":316,"characterOffsetEnd":317,"pos":"DT","before":" ","after":" "},{"index":40,"word":"problem","originalText":"problem","characterOffsetBegin":318,"characterOffsetEnd":325,"pos":"NN","before":" ","after":" "},{"index":41,"word":"occurs","originalText":"occurs","characterOffsetBegin":326,"characterOffsetEnd":332,"pos":"VBZ","before":" ","after":" "},{"index":42,"word":"when","originalText":"when","characterOffsetBegin":333,"characterOffsetEnd":337,"pos":"WRB","before":" ","after":" "},{"index":43,"word":"I","originalText":"I","characterOffsetBegin":338,"characterOffsetEnd":339,"pos":"PRP","before":" ","after":" "},{"index":44,"word":"try","originalText":"try","characterOffsetBegin":340,"characterOffsetEnd":343,"pos":"VBP","before":" ","after":" "},{"index":45,"word":"to","originalText":"to","characterOffsetBegin":344,"characterOffsetEnd":346,"pos":"TO","before":" ","after":" "},{"index":46,"word":"create","originalText":"create","characterOffsetBegin":347,"characterOffsetEnd":353,"pos":"VB","before":" ","after":" "},{"index":47,"word":"a","originalText":"a","characterOffsetBegin":354,"characterOffsetEnd":355,"pos":"DT","before":" ","after":" "},{"index":48,"word":"window","originalText":"window","characterOffsetBegin":356,"characterOffsetEnd":362,"pos":"NN","before":" ","after":" "},{"index":49,"word":"with","originalText":"with","characterOffsetBegin":363,"characterOffsetEnd":367,"pos":"IN","before":" ","after":" "},{"index":50,"word":"a","originalText":"a","characterOffsetBegin":368,"characterOffsetEnd":369,"pos":"DT","before":" ","after":" "},{"index":51,"word":"visual","originalText":"visual","characterOffsetBegin":370,"characterOffsetEnd":376,"pos":"JJ","before":" ","after":" "},{"index":52,"word":"that","originalText":"that","characterOffsetBegin":377,"characterOffsetEnd":381,"pos":"DT","before":" ","after":" "},{"index":53,"word":"is","originalText":"is","characterOffsetBegin":382,"characterOffsetEnd":384,"pos":"VBZ","before":" ","after":""},{"index":54,"word":">","originalText":">","characterOffsetBegin":384,"characterOffsetEnd":385,"pos":"JJR","before":"","after":" "},{"index":55,"word":"different","originalText":"different","characterOffsetBegin":386,"characterOffsetEnd":395,"pos":"JJ","before":" ","after":" "},{"index":56,"word":"from","originalText":"from","characterOffsetBegin":396,"characterOffsetEnd":400,"pos":"IN","before":" ","after":" "},{"index":57,"word":"the","originalText":"the","characterOffsetBegin":401,"characterOffsetEnd":404,"pos":"DT","before":" ","after":" "},{"index":58,"word":"visual","originalText":"visual","characterOffsetBegin":405,"characterOffsetEnd":411,"pos":"JJ","before":" ","after":" "},{"index":59,"word":"of","originalText":"of","characterOffsetBegin":412,"characterOffsetEnd":414,"pos":"IN","before":" ","after":" "},{"index":60,"word":"the","originalText":"the","characterOffsetBegin":415,"characterOffsetEnd":418,"pos":"DT","before":" ","after":" "},{"index":61,"word":"parent","originalText":"parent","characterOffsetBegin":419,"characterOffsetEnd":425,"pos":"NN","before":" ","after":" "},{"index":62,"word":"-LRB-","originalText":"(","characterOffsetBegin":426,"characterOffsetEnd":427,"pos":"-LRB-","before":" ","after":""},{"index":63,"word":"which","originalText":"which","characterOffsetBegin":427,"characterOffsetEnd":432,"pos":"WDT","before":"","after":" "},{"index":64,"word":"uses","originalText":"uses","characterOffsetBegin":433,"characterOffsetEnd":437,"pos":"VBZ","before":" ","after":" "},{"index":65,"word":"the","originalText":"the","characterOffsetBegin":438,"characterOffsetEnd":441,"pos":"DT","before":" ","after":" "},{"index":66,"word":"default","originalText":"default","characterOffsetBegin":442,"characterOffsetEnd":449,"pos":"NN","before":" ","after":""},{"index":67,"word":">","originalText":">","characterOffsetBegin":449,"characterOffsetEnd":450,"pos":"JJR","before":"","after":" "},{"index":68,"word":"visual","originalText":"visual","characterOffsetBegin":451,"characterOffsetEnd":457,"pos":"JJ","before":" ","after":" "},{"index":69,"word":"which","originalText":"which","characterOffsetBegin":458,"characterOffsetEnd":463,"pos":"WDT","before":" ","after":" "},{"index":70,"word":"is","originalText":"is","characterOffsetBegin":464,"characterOffsetEnd":466,"pos":"VBZ","before":" ","after":" "},{"index":71,"word":"TC24","originalText":"TC24","characterOffsetBegin":467,"characterOffsetEnd":471,"pos":"NN","before":" ","after":""},{"index":72,"word":"-RRB-","originalText":")","characterOffsetBegin":471,"characterOffsetEnd":472,"pos":"-RRB-","before":"","after":""},{"index":73,"word":".","originalText":".","characterOffsetBegin":472,"characterOffsetEnd":473,"pos":".","before":"","after":""},{"index":74,"word":">","originalText":">","characterOffsetBegin":473,"characterOffsetEnd":474,"pos":"JJR","before":"","after":" "}]},{"index":3,"tokens":[{"index":1,"word":"In","originalText":"In","characterOffsetBegin":475,"characterOffsetEnd":477,"pos":"IN","before":" ","after":" "},{"index":2,"word":"the","originalText":"the","characterOffsetBegin":478,"characterOffsetEnd":481,"pos":"DT","before":" ","after":" "},{"index":3,"word":"Xlib","originalText":"Xlib","characterOffsetBegin":482,"characterOffsetEnd":486,"pos":"NNP","before":" ","after":" "},{"index":4,"word":"reference","originalText":"reference","characterOffsetBegin":487,"characterOffsetEnd":496,"pos":"NN","before":" ","after":" "},{"index":5,"word":"guide","originalText":"guide","characterOffsetBegin":497,"characterOffsetEnd":502,"pos":"NN","before":" ","after":" "},{"index":6,"word":"from","originalText":"from","characterOffsetBegin":503,"characterOffsetEnd":507,"pos":"IN","before":" ","after":" "},{"index":7,"word":"'","originalText":"'","characterOffsetBegin":508,"characterOffsetEnd":509,"pos":"''","before":" ","after":""},{"index":8,"word":"O","originalText":"O","characterOffsetBegin":509,"characterOffsetEnd":510,"pos":"NN","before":"","after":" "},{"index":9,"word":"reilly","originalText":"reilly","characterOffsetBegin":511,"characterOffsetEnd":517,"pos":"RB","before":" ","after":" "},{"index":10,"word":"one","originalText":"one","characterOffsetBegin":518,"characterOffsetEnd":521,"pos":"PRP","before":" ","after":" "},{"index":11,"word":"can","originalText":"can","characterOffsetBegin":522,"characterOffsetEnd":525,"pos":"MD","before":" ","after":" "},{"index":12,"word":"read","originalText":"read","characterOffsetBegin":526,"characterOffsetEnd":530,"pos":"VB","before":" ","after":" "},{"index":13,"word":"in","originalText":"in","characterOffsetBegin":531,"characterOffsetEnd":533,"pos":"IN","before":" ","after":" "},{"index":14,"word":"the","originalText":"the","characterOffsetBegin":534,"characterOffsetEnd":537,"pos":"DT","before":" ","after":""},{"index":15,"word":">","originalText":">","characterOffsetBegin":537,"characterOffsetEnd":538,"pos":"JJR","before":"","after":" "},{"index":16,"word":"section","originalText":"section","characterOffsetBegin":539,"characterOffsetEnd":546,"pos":"NN","before":" ","after":" "},{"index":17,"word":"about","originalText":"about","characterOffsetBegin":547,"characterOffsetEnd":552,"pos":"IN","before":" ","after":" "},{"index":18,"word":"XCteateWindow","originalText":"XCteateWindow","characterOffsetBegin":553,"characterOffsetEnd":566,"pos":"NN","before":" ","after":""},{"index":19,"word":",","originalText":",","characterOffsetBegin":566,"characterOffsetEnd":567,"pos":",","before":"","after":" "},{"index":20,"word":"something","originalText":"something","characterOffsetBegin":568,"characterOffsetEnd":577,"pos":"NN","before":" ","after":" "},{"index":21,"word":"like","originalText":"like","characterOffsetBegin":578,"characterOffsetEnd":582,"pos":"IN","before":" ","after":""},{"index":22,"word":":","originalText":":","characterOffsetBegin":582,"characterOffsetEnd":583,"pos":":","before":"","after":""},{"index":23,"word":">","originalText":">","characterOffsetBegin":583,"characterOffsetEnd":584,"pos":"JJR","before":"","after":"     "},{"index":24,"word":"In","originalText":"In","characterOffsetBegin":589,"characterOffsetEnd":591,"pos":"IN","before":"     ","after":" "},{"index":25,"word":"the","originalText":"the","characterOffsetBegin":592,"characterOffsetEnd":595,"pos":"DT","before":" ","after":" "},{"index":26,"word":"current","originalText":"current","characterOffsetBegin":596,"characterOffsetEnd":603,"pos":"JJ","before":" ","after":" "},{"index":27,"word":"implementation","originalText":"implementation","characterOffsetBegin":604,"characterOffsetEnd":618,"pos":"NN","before":" ","after":" "},{"index":28,"word":"of","originalText":"of","characterOffsetBegin":619,"characterOffsetEnd":621,"pos":"IN","before":" ","after":" "},{"index":29,"word":"X11","originalText":"X11","characterOffsetBegin":622,"characterOffsetEnd":625,"pos":"NN","before":" ","after":""},{"index":30,"word":":","originalText":":","characterOffsetBegin":625,"characterOffsetEnd":626,"pos":":","before":"","after":" "},{"index":31,"word":"When","originalText":"When","characterOffsetBegin":627,"characterOffsetEnd":631,"pos":"WRB","before":" ","after":" "},{"index":32,"word":"using","originalText":"using","characterOffsetBegin":632,"characterOffsetEnd":637,"pos":"VBG","before":" ","after":" "},{"index":33,"word":"a","originalText":"a","characterOffsetBegin":638,"characterOffsetEnd":639,"pos":"DT","before":" ","after":" "},{"index":34,"word":"visual","originalText":"visual","characterOffsetBegin":640,"characterOffsetEnd":646,"pos":"JJ","before":" ","after":" "},{"index":35,"word":"other","originalText":"other","characterOffsetBegin":647,"characterOffsetEnd":652,"pos":"JJ","before":" ","after":""},{"index":36,"word":">","originalText":">","characterOffsetBegin":652,"characterOffsetEnd":653,"pos":"JJR","before":"","after":"     "},{"index":37,"word":"than","originalText":"than","characterOffsetBegin":658,"characterOffsetEnd":662,"pos":"IN","before":"     ","after":" "},{"index":38,"word":"the","originalText":"the","characterOffsetBegin":663,"characterOffsetEnd":666,"pos":"DT","before":" ","after":" "},{"index":39,"word":"parent","originalText":"parent","characterOffsetBegin":667,"characterOffsetEnd":673,"pos":"NN","before":" ","after":""},{"index":40,"word":"'s","originalText":"'s","characterOffsetBegin":673,"characterOffsetEnd":675,"pos":"POS","before":"","after":""},{"index":41,"word":",","originalText":",","characterOffsetBegin":675,"characterOffsetEnd":676,"pos":",","before":"","after":" "},{"index":42,"word":"be","originalText":"be","characterOffsetBegin":677,"characterOffsetEnd":679,"pos":"VB","before":" ","after":" "},{"index":43,"word":"sure","originalText":"sure","characterOffsetBegin":680,"characterOffsetEnd":684,"pos":"JJ","before":" ","after":" "},{"index":44,"word":"to","originalText":"to","characterOffsetBegin":685,"characterOffsetEnd":687,"pos":"TO","before":" ","after":" "},{"index":45,"word":"create","originalText":"create","characterOffsetBegin":688,"characterOffsetEnd":694,"pos":"VB","before":" ","after":" "},{"index":46,"word":"or","originalText":"or","characterOffsetBegin":695,"characterOffsetEnd":697,"pos":"CC","before":" ","after":" "},{"index":47,"word":"find","originalText":"find","characterOffsetBegin":698,"characterOffsetEnd":702,"pos":"VB","before":" ","after":" "},{"index":48,"word":"a","originalText":"a","characterOffsetBegin":703,"characterOffsetEnd":704,"pos":"DT","before":" ","after":" "},{"index":49,"word":"suitable","originalText":"suitable","characterOffsetBegin":705,"characterOffsetEnd":713,"pos":"JJ","before":" ","after":" "},{"index":50,"word":"colourmap","originalText":"colourmap","characterOffsetBegin":714,"characterOffsetEnd":723,"pos":"NN","before":" ","after":""},{"index":51,"word":">","originalText":">","characterOffsetBegin":723,"characterOffsetEnd":724,"pos":"JJR","before":"","after":"     "},{"index":52,"word":"which","originalText":"which","characterOffsetBegin":729,"characterOffsetEnd":734,"pos":"WDT","before":"     ","after":" "},{"index":53,"word":"is","originalText":"is","characterOffsetBegin":735,"characterOffsetEnd":737,"pos":"VBZ","before":" ","after":" "},{"index":54,"word":"to","originalText":"to","characterOffsetBegin":738,"characterOffsetEnd":740,"pos":"TO","before":" ","after":" "},{"index":55,"word":"be","originalText":"be","characterOffsetBegin":741,"characterOffsetEnd":743,"pos":"VB","before":" ","after":" "},{"index":56,"word":"used","originalText":"used","characterOffsetBegin":744,"characterOffsetEnd":748,"pos":"VBN","before":" ","after":" "},{"index":57,"word":"in","originalText":"in","characterOffsetBegin":749,"characterOffsetEnd":751,"pos":"IN","before":" ","after":" "},{"index":58,"word":"the","originalText":"the","characterOffsetBegin":752,"characterOffsetEnd":755,"pos":"DT","before":" ","after":" "},{"index":59,"word":"window","originalText":"window","characterOffsetBegin":756,"characterOffsetEnd":762,"pos":"NN","before":" ","after":" "},{"index":60,"word":"attributes","originalText":"attributes","characterOffsetBegin":763,"characterOffsetEnd":773,"pos":"VBZ","before":" ","after":" "},{"index":61,"word":"when","originalText":"when","characterOffsetBegin":774,"characterOffsetEnd":778,"pos":"WRB","before":" ","after":" "},{"index":62,"word":"creating","originalText":"creating","characterOffsetBegin":779,"characterOffsetEnd":787,"pos":"VBG","before":" ","after":""},{"index":63,"word":",","originalText":",","characterOffsetBegin":787,"characterOffsetEnd":788,"pos":",","before":"","after":" "},{"index":64,"word":"or","originalText":"or","characterOffsetBegin":789,"characterOffsetEnd":791,"pos":"CC","before":" ","after":""},{"index":65,"word":">","originalText":">","characterOffsetBegin":791,"characterOffsetEnd":792,"pos":"JJR","before":"","after":"     "},{"index":66,"word":"else","originalText":"else","characterOffsetBegin":797,"characterOffsetEnd":801,"pos":"RB","before":"     ","after":" "},{"index":67,"word":"a","originalText":"a","characterOffsetBegin":802,"characterOffsetEnd":803,"pos":"DT","before":" ","after":" "},{"index":68,"word":"BadMatch","originalText":"BadMatch","characterOffsetBegin":804,"characterOffsetEnd":812,"pos":"NN","before":" ","after":" "},{"index":69,"word":"occurs","originalText":"occurs","characterOffsetBegin":813,"characterOffsetEnd":819,"pos":"VBZ","before":" ","after":""},{"index":70,"word":".","originalText":".","characterOffsetBegin":819,"characterOffsetEnd":820,"pos":".","before":"","after":""},{"index":71,"word":">","originalText":">","characterOffsetBegin":820,"characterOffsetEnd":821,"pos":"JJR","before":"","after":" "}]},{"index":4,"tokens":[{"index":1,"word":"This","originalText":"This","characterOffsetBegin":822,"characterOffsetEnd":826,"pos":"DT","before":" ","after":" "},{"index":2,"word":"warning","originalText":"warning","characterOffsetBegin":827,"characterOffsetEnd":834,"pos":"NN","before":" ","after":""},{"index":3,"word":",","originalText":",","characterOffsetBegin":834,"characterOffsetEnd":835,"pos":",","before":"","after":" "},{"index":4,"word":"strangely","originalText":"strangely","characterOffsetBegin":836,"characterOffsetEnd":845,"pos":"RB","before":" ","after":" "},{"index":5,"word":"enough","originalText":"enough","characterOffsetBegin":846,"characterOffsetEnd":852,"pos":"RB","before":" ","after":""},{"index":6,"word":",","originalText":",","characterOffsetBegin":852,"characterOffsetEnd":853,"pos":",","before":"","after":" "},{"index":7,"word":"is","originalText":"is","characterOffsetBegin":854,"characterOffsetEnd":856,"pos":"VBZ","before":" ","after":" "},{"index":8,"word":"only","originalText":"only","characterOffsetBegin":857,"characterOffsetEnd":861,"pos":"RB","before":" ","after":" "},{"index":9,"word":"mentioned","originalText":"mentioned","characterOffsetBegin":862,"characterOffsetEnd":871,"pos":"VBN","before":" ","after":" "},{"index":10,"word":"in","originalText":"in","characterOffsetBegin":872,"characterOffsetEnd":874,"pos":"IN","before":" ","after":" "},{"index":11,"word":"the","originalText":"the","characterOffsetBegin":875,"characterOffsetEnd":878,"pos":"DT","before":" ","after":" "},{"index":12,"word":"newer","originalText":"newer","characterOffsetBegin":879,"characterOffsetEnd":884,"pos":"JJR","before":" ","after":""},{"index":13,"word":">","originalText":">","characterOffsetBegin":884,"characterOffsetEnd":885,"pos":"JJR","before":"","after":" "},{"index":14,"word":"editions","originalText":"editions","characterOffsetBegin":886,"characterOffsetEnd":894,"pos":"NNS","before":" ","after":" "},{"index":15,"word":"of","originalText":"of","characterOffsetBegin":895,"characterOffsetEnd":897,"pos":"IN","before":" ","after":" "},{"index":16,"word":"the","originalText":"the","characterOffsetBegin":898,"characterOffsetEnd":901,"pos":"DT","before":" ","after":" "},{"index":17,"word":"X11R5","originalText":"X11R5","characterOffsetBegin":902,"characterOffsetEnd":907,"pos":"NN","before":" ","after":" "},{"index":18,"word":"guides.It","originalText":"guides.It","characterOffsetBegin":908,"characterOffsetEnd":917,"pos":"NN","before":" ","after":" "},{"index":19,"word":"applies","originalText":"applies","characterOffsetBegin":918,"characterOffsetEnd":925,"pos":"VBZ","before":" ","after":" "},{"index":20,"word":"with","originalText":"with","characterOffsetBegin":926,"characterOffsetEnd":930,"pos":"IN","before":" ","after":" "},{"index":21,"word":"equal","originalText":"equal","characterOffsetBegin":931,"characterOffsetEnd":936,"pos":"JJ","before":" ","after":" "},{"index":22,"word":"force","originalText":"force","characterOffsetBegin":937,"characterOffsetEnd":942,"pos":"NN","before":" ","after":" "},{"index":23,"word":"to","originalText":"to","characterOffsetBegin":943,"characterOffsetEnd":945,"pos":"TO","before":" ","after":" "},{"index":24,"word":"earlier","originalText":"earlier","characterOffsetBegin":946,"characterOffsetEnd":953,"pos":"JJR","before":" ","after":" "},{"index":25,"word":"versions","originalText":"versions","characterOffsetBegin":954,"characterOffsetEnd":962,"pos":"NNS","before":" ","after":""},{"index":26,"word":".","originalText":".","characterOffsetBegin":962,"characterOffsetEnd":963,"pos":".","before":"","after":"  "}]},{"index":5,"tokens":[{"index":1,"word":"Presumably","originalText":"Presumably","characterOffsetBegin":965,"characterOffsetEnd":975,"pos":"RB","before":"  ","after":" "},{"index":2,"word":"onlyrecently","originalText":"onlyrecently","characterOffsetBegin":976,"characterOffsetEnd":988,"pos":"RB","before":" ","after":" "},{"index":3,"word":"did","originalText":"did","characterOffsetBegin":989,"characterOffsetEnd":992,"pos":"VBD","before":" ","after":" "},{"index":4,"word":"the","originalText":"the","characterOffsetBegin":993,"characterOffsetEnd":996,"pos":"DT","before":" ","after":" "},{"index":5,"word":"author","originalText":"author","characterOffsetBegin":997,"characterOffsetEnd":1003,"pos":"NN","before":" ","after":""},{"index":6,"word":"-LRB-","originalText":"(","characterOffsetBegin":1003,"characterOffsetEnd":1004,"pos":"-LRB-","before":"","after":""},{"index":7,"word":"s","originalText":"s","characterOffsetBegin":1004,"characterOffsetEnd":1005,"pos":"NNS","before":"","after":""},{"index":8,"word":"-RRB-","originalText":")","characterOffsetBegin":1005,"characterOffsetEnd":1006,"pos":"-RRB-","before":"","after":" "},{"index":9,"word":"decide","originalText":"decide","characterOffsetBegin":1007,"characterOffsetEnd":1013,"pos":"VBP","before":" ","after":" "},{"index":10,"word":"it","originalText":"it","characterOffsetBegin":1014,"characterOffsetEnd":1016,"pos":"PRP","before":" ","after":" "},{"index":11,"word":"was","originalText":"was","characterOffsetBegin":1017,"characterOffsetEnd":1020,"pos":"VBD","before":" ","after":" "},{"index":12,"word":"important","originalText":"important","characterOffsetBegin":1021,"characterOffsetEnd":1030,"pos":"JJ","before":" ","after":" "},{"index":13,"word":"enough","originalText":"enough","characterOffsetBegin":1031,"characterOffsetEnd":1037,"pos":"JJ","before":" ","after":" "},{"index":14,"word":"to","originalText":"to","characterOffsetBegin":1038,"characterOffsetEnd":1040,"pos":"TO","before":" ","after":" "},{"index":15,"word":"mention.The","originalText":"mention.The","characterOffsetBegin":1041,"characterOffsetEnd":1052,"pos":"NN","before":" ","after":" "},{"index":16,"word":"necessity","originalText":"necessity","characterOffsetBegin":1053,"characterOffsetEnd":1062,"pos":"NN","before":" ","after":" "},{"index":17,"word":"it","originalText":"it","characterOffsetBegin":1063,"characterOffsetEnd":1065,"pos":"PRP","before":" ","after":" "},{"index":18,"word":"refers","originalText":"refers","characterOffsetBegin":1066,"characterOffsetEnd":1072,"pos":"VBZ","before":" ","after":" "},{"index":19,"word":"to","originalText":"to","characterOffsetBegin":1073,"characterOffsetEnd":1075,"pos":"TO","before":" ","after":" "},{"index":20,"word":"has","originalText":"has","characterOffsetBegin":1076,"characterOffsetEnd":1079,"pos":"VBZ","before":" ","after":" "},{"index":21,"word":"always","originalText":"always","characterOffsetBegin":1080,"characterOffsetEnd":1086,"pos":"RB","before":" ","after":" "},{"index":22,"word":"been","originalText":"been","characterOffsetBegin":1087,"characterOffsetEnd":1091,"pos":"VBN","before":" ","after":" "},{"index":23,"word":"there","originalText":"there","characterOffsetBegin":1092,"characterOffsetEnd":1097,"pos":"RB","before":" ","after":""},{"index":24,"word":",","originalText":",","characterOffsetBegin":1097,"characterOffsetEnd":1098,"pos":",","before":"","after":" "},{"index":25,"word":"but","originalText":"but","characterOffsetBegin":1099,"characterOffsetEnd":1102,"pos":"CC","before":" ","after":" "},{"index":26,"word":"it","originalText":"it","characterOffsetBegin":1103,"characterOffsetEnd":1105,"pos":"PRP","before":" ","after":""},{"index":27,"word":"'s","originalText":"'s","characterOffsetBegin":1105,"characterOffsetEnd":1107,"pos":"VBZ","before":"","after":" "},{"index":28,"word":"beenimplicit","originalText":"beenimplicit","characterOffsetBegin":1108,"characterOffsetEnd":1120,"pos":"NN","before":" ","after":" "},{"index":29,"word":"in","originalText":"in","characterOffsetBegin":1121,"characterOffsetEnd":1123,"pos":"IN","before":" ","after":" "},{"index":30,"word":"the","originalText":"the","characterOffsetBegin":1124,"characterOffsetEnd":1127,"pos":"DT","before":" ","after":" "},{"index":31,"word":"way","originalText":"way","characterOffsetBegin":1128,"characterOffsetEnd":1131,"pos":"NN","before":" ","after":" "},{"index":32,"word":"CreateWindow","originalText":"CreateWindow","characterOffsetBegin":1132,"characterOffsetEnd":1144,"pos":"NN","before":" ","after":" "},{"index":33,"word":"requests","originalText":"requests","characterOffsetBegin":1145,"characterOffsetEnd":1153,"pos":"NNS","before":" ","after":" "},{"index":34,"word":"default","originalText":"default","characterOffsetBegin":1154,"characterOffsetEnd":1161,"pos":"VBP","before":" ","after":" "},{"index":35,"word":"some","originalText":"some","characterOffsetBegin":1162,"characterOffsetEnd":1166,"pos":"DT","before":" ","after":" "},{"index":36,"word":"attributes","originalText":"attributes","characterOffsetBegin":1167,"characterOffsetEnd":1177,"pos":"NNS","before":" ","after":" "},{"index":37,"word":"ofthe","originalText":"ofthe","characterOffsetBegin":1178,"characterOffsetEnd":1183,"pos":"VBP","before":" ","after":" "},{"index":38,"word":"new","originalText":"new","characterOffsetBegin":1184,"characterOffsetEnd":1187,"pos":"JJ","before":" ","after":" "},{"index":39,"word":"window","originalText":"window","characterOffsetBegin":1188,"characterOffsetEnd":1194,"pos":"NN","before":" ","after":""},{"index":40,"word":".","originalText":".","characterOffsetBegin":1194,"characterOffsetEnd":1195,"pos":".","before":"","after":""},{"index":41,"word":">","originalText":">","characterOffsetBegin":1195,"characterOffsetEnd":1196,"pos":"JJR","before":"","after":" "}]},{"index":6,"tokens":[{"index":1,"word":"However","originalText":"However","characterOffsetBegin":1197,"characterOffsetEnd":1204,"pos":"RB","before":" ","after":""},{"index":2,"word":",","originalText":",","characterOffsetBegin":1204,"characterOffsetEnd":1205,"pos":",","before":"","after":" "},{"index":3,"word":"even","originalText":"even","characterOffsetBegin":1206,"characterOffsetEnd":1210,"pos":"RB","before":" ","after":" "},{"index":4,"word":"if","originalText":"if","characterOffsetBegin":1211,"characterOffsetEnd":1213,"pos":"IN","before":" ","after":" "},{"index":5,"word":"I","originalText":"I","characterOffsetBegin":1214,"characterOffsetEnd":1215,"pos":"PRP","before":" ","after":" "},{"index":6,"word":"pass","originalText":"pass","characterOffsetBegin":1216,"characterOffsetEnd":1220,"pos":"VBP","before":" ","after":" "},{"index":7,"word":"along","originalText":"along","characterOffsetBegin":1221,"characterOffsetEnd":1226,"pos":"IN","before":" ","after":" "},{"index":8,"word":"a","originalText":"a","characterOffsetBegin":1227,"characterOffsetEnd":1228,"pos":"DT","before":" ","after":" "},{"index":9,"word":"suitable","originalText":"suitable","characterOffsetBegin":1229,"characterOffsetEnd":1237,"pos":"JJ","before":" ","after":" "},{"index":10,"word":"colourmap","originalText":"colourmap","characterOffsetBegin":1238,"characterOffsetEnd":1247,"pos":"NN","before":" ","after":""},{"index":11,"word":",","originalText":",","characterOffsetBegin":1247,"characterOffsetEnd":1248,"pos":",","before":"","after":" "},{"index":12,"word":"I","originalText":"I","characterOffsetBegin":1249,"characterOffsetEnd":1250,"pos":"PRP","before":" ","after":" "},{"index":13,"word":"still","originalText":"still","characterOffsetBegin":1251,"characterOffsetEnd":1256,"pos":"RB","before":" ","after":" "},{"index":14,"word":"get","originalText":"get","characterOffsetBegin":1257,"characterOffsetEnd":1260,"pos":"VB","before":" ","after":" "},{"index":15,"word":"a","originalText":"a","characterOffsetBegin":1261,"characterOffsetEnd":1262,"pos":"DT","before":" ","after":""},{"index":16,"word":">","originalText":">","characterOffsetBegin":1262,"characterOffsetEnd":1263,"pos":"JJR","before":"","after":" "},{"index":17,"word":"BadMatch","originalText":"BadMatch","characterOffsetBegin":1264,"characterOffsetEnd":1272,"pos":"NNP","before":" ","after":" "},{"index":18,"word":"when","originalText":"when","characterOffsetBegin":1273,"characterOffsetEnd":1277,"pos":"WRB","before":" ","after":" "},{"index":19,"word":"I","originalText":"I","characterOffsetBegin":1278,"characterOffsetEnd":1279,"pos":"PRP","before":" ","after":" "},{"index":20,"word":"create","originalText":"create","characterOffsetBegin":1280,"characterOffsetEnd":1286,"pos":"VBP","before":" ","after":" "},{"index":21,"word":"a","originalText":"a","characterOffsetBegin":1287,"characterOffsetEnd":1288,"pos":"DT","before":" ","after":" "},{"index":22,"word":"window","originalText":"window","characterOffsetBegin":1289,"characterOffsetEnd":1295,"pos":"NN","before":" ","after":" "},{"index":23,"word":"with","originalText":"with","characterOffsetBegin":1296,"characterOffsetEnd":1300,"pos":"IN","before":" ","after":" "},{"index":24,"word":"a","originalText":"a","characterOffsetBegin":1301,"characterOffsetEnd":1302,"pos":"DT","before":" ","after":" "},{"index":25,"word":"non-default","originalText":"non-default","characterOffsetBegin":1303,"characterOffsetEnd":1314,"pos":"JJ","before":" ","after":" "},{"index":26,"word":"visual","originalText":"visual","characterOffsetBegin":1315,"characterOffsetEnd":1321,"pos":"JJ","before":" ","after":""},{"index":27,"word":".","originalText":".","characterOffsetBegin":1321,"characterOffsetEnd":1322,"pos":".","before":"","after":""},{"index":28,"word":">","originalText":">","characterOffsetBegin":1322,"characterOffsetEnd":1323,"pos":"JJR","before":"","after":"   "}]},{"index":7,"tokens":[{"index":1,"word":"attr.colormap","originalText":"attr.colormap","characterOffsetBegin":1326,"characterOffsetEnd":1339,"pos":"NN","before":"   ","after":" "},{"index":2,"word":"=","originalText":"=","characterOffsetBegin":1340,"characterOffsetEnd":1341,"pos":"JJ","before":" ","after":" "},{"index":3,"word":"cmap","originalText":"cmap","characterOffsetBegin":1342,"characterOffsetEnd":1346,"pos":"NN","before":" ","after":""},{"index":4,"word":";","originalText":";","characterOffsetBegin":1346,"characterOffsetEnd":1347,"pos":":","before":"","after":""},{"index":5,"word":">","originalText":">","characterOffsetBegin":1347,"characterOffsetEnd":1348,"pos":"JJR","before":"","after":"   "},{"index":6,"word":"win","originalText":"win","characterOffsetBegin":1351,"characterOffsetEnd":1354,"pos":"VB","before":"   ","after":" "},{"index":7,"word":"=","originalText":"=","characterOffsetBegin":1355,"characterOffsetEnd":1356,"pos":"JJ","before":" ","after":" "},{"index":8,"word":"XCreateWindow","originalText":"XCreateWindow","characterOffsetBegin":1357,"characterOffsetEnd":1370,"pos":"NN","before":" ","after":""},{"index":9,"word":"-LRB-","originalText":"(","characterOffsetBegin":1370,"characterOffsetEnd":1371,"pos":"-LRB-","before":"","after":""},{"index":10,"word":"-LSB-","originalText":"[","characterOffsetBegin":1371,"characterOffsetEnd":1372,"pos":"-LRB-","before":"","after":""},{"index":11,"word":"...","originalText":"...","characterOffsetBegin":1372,"characterOffsetEnd":1375,"pos":":","before":"","after":""},{"index":12,"word":"-RSB-","originalText":"]","characterOffsetBegin":1375,"characterOffsetEnd":1376,"pos":"-RRB-","before":"","after":""},{"index":13,"word":">","originalText":">","characterOffsetBegin":1376,"characterOffsetEnd":1377,"pos":"JJR","before":"","after":"           "},{"index":14,"word":"CopyFromParent","originalText":"CopyFromParent","characterOffsetBegin":1388,"characterOffsetEnd":1402,"pos":"NNP","before":"           ","after":""},{"index":15,"word":",","originalText":",","characterOffsetBegin":1402,"characterOffsetEnd":1403,"pos":",","before":"","after":"       "},{"index":16,"word":"/","originalText":"/","characterOffsetBegin":1410,"characterOffsetEnd":1411,"pos":":","before":"       ","after":""},{"index":17,"word":"*","originalText":"*","characterOffsetBegin":1411,"characterOffsetEnd":1412,"pos":"SYM","before":"","after":" "},{"index":18,"word":"border","originalText":"border","characterOffsetBegin":1413,"characterOffsetEnd":1419,"pos":"NN","before":" ","after":" "},{"index":19,"word":"width","originalText":"width","characterOffsetBegin":1420,"characterOffsetEnd":1425,"pos":"NN","before":" ","after":" "},{"index":20,"word":"*","originalText":"*","characterOffsetBegin":1426,"characterOffsetEnd":1427,"pos":"SYM","before":" ","after":""},{"index":21,"word":"/","originalText":"/","characterOffsetBegin":1427,"characterOffsetEnd":1428,"pos":":","before":"","after":""},{"index":22,"word":">","originalText":">","characterOffsetBegin":1428,"characterOffsetEnd":1429,"pos":"JJR","before":"","after":"           "},{"index":23,"word":"8","originalText":"8","characterOffsetBegin":1440,"characterOffsetEnd":1441,"pos":"CD","before":"           ","after":""},{"index":24,"word":",","originalText":",","characterOffsetBegin":1441,"characterOffsetEnd":1442,"pos":",","before":"","after":"                    "},{"index":25,"word":"/","originalText":"/","characterOffsetBegin":1462,"characterOffsetEnd":1463,"pos":":","before":"                    ","after":""},{"index":26,"word":"*","originalText":"*","characterOffsetBegin":1463,"characterOffsetEnd":1464,"pos":"SYM","before":"","after":" "},{"index":27,"word":"depth","originalText":"depth","characterOffsetBegin":1465,"characterOffsetEnd":1470,"pos":"NN","before":" ","after":" "},{"index":28,"word":"*","originalText":"*","characterOffsetBegin":1471,"characterOffsetEnd":1472,"pos":"SYM","before":" ","after":""},{"index":29,"word":"/","originalText":"/","characterOffsetBegin":1472,"characterOffsetEnd":1473,"pos":":","before":"","after":""},{"index":30,"word":">","originalText":">","characterOffsetBegin":1473,"characterOffsetEnd":1474,"pos":"JJR","before":"","after":"           "},{"index":31,"word":"InputOutput","originalText":"InputOutput","characterOffsetBegin":1485,"characterOffsetEnd":1496,"pos":"NNP","before":"           ","after":""},{"index":32,"word":",","originalText":",","characterOffsetBegin":1496,"characterOffsetEnd":1497,"pos":",","before":"","after":"          "},{"index":33,"word":"/","originalText":"/","characterOffsetBegin":1507,"characterOffsetEnd":1508,"pos":":","before":"          ","after":""},{"index":34,"word":"*","originalText":"*","characterOffsetBegin":1508,"characterOffsetEnd":1509,"pos":"SYM","before":"","after":" "},{"index":35,"word":"class","originalText":"class","characterOffsetBegin":1510,"characterOffsetEnd":1515,"pos":"NN","before":" ","after":" "},{"index":36,"word":"*","originalText":"*","characterOffsetBegin":1516,"characterOffsetEnd":1517,"pos":"SYM","before":" ","after":""},{"index":37,"word":"/","originalText":"/","characterOffsetBegin":1517,"characterOffsetEnd":1518,"pos":":","before":"","after":""},{"index":38,"word":">","originalText":">","characterOffsetBegin":1518,"characterOffsetEnd":1519,"pos":"JJR","before":"","after":"           "},{"index":39,"word":"vinfo.visual","originalText":"vinfo.visual","characterOffsetBegin":1530,"characterOffsetEnd":1542,"pos":"NN","before":"           ","after":""},{"index":40,"word":",","originalText":",","characterOffsetBegin":1542,"characterOffsetEnd":1543,"pos":",","before":"","after":"         "},{"index":41,"word":"/","originalText":"/","characterOffsetBegin":1552,"characterOffsetEnd":1553,"pos":":","before":"         ","after":""},{"index":42,"word":"*","originalText":"*","characterOffsetBegin":1553,"characterOffsetEnd":1554,"pos":"SYM","before":"","after":" "},{"index":43,"word":"visual","originalText":"visual","characterOffsetBegin":1555,"characterOffsetEnd":1561,"pos":"JJ","before":" ","after":" "},{"index":44,"word":"*","originalText":"*","characterOffsetBegin":1562,"characterOffsetEnd":1563,"pos":"SYM","before":" ","after":""},{"index":45,"word":"/","originalText":"/","characterOffsetBegin":1563,"characterOffsetEnd":1564,"pos":":","before":"","after":""},{"index":46,"word":">","originalText":">","characterOffsetBegin":1564,"characterOffsetEnd":1565,"pos":"JJR","before":"","after":"           "},{"index":47,"word":"CWColormap","originalText":"CWColormap","characterOffsetBegin":1576,"characterOffsetEnd":1586,"pos":"NN","before":"           ","after":""},{"index":48,"word":",","originalText":",","characterOffsetBegin":1586,"characterOffsetEnd":1587,"pos":",","before":"","after":""},{"index":49,"word":">","originalText":">","characterOffsetBegin":1587,"characterOffsetEnd":1588,"pos":"JJR","before":"","after":"           "},{"index":50,"word":"&","originalText":"&","characterOffsetBegin":1599,"characterOffsetEnd":1600,"pos":"CC","before":"           ","after":""},{"index":51,"word":"attr","originalText":"attr","characterOffsetBegin":1600,"characterOffsetEnd":1604,"pos":"NN","before":"","after":""},{"index":52,"word":">","originalText":">","characterOffsetBegin":1604,"characterOffsetEnd":1605,"pos":"JJR","before":"","after":"         "},{"index":53,"word":"-RRB-","originalText":")","characterOffsetBegin":1614,"characterOffsetEnd":1615,"pos":"-RRB-","before":"         ","after":""},{"index":54,"word":";","originalText":";","characterOffsetBegin":1615,"characterOffsetEnd":1616,"pos":":","before":"","after":""},{"index":55,"word":"This","originalText":"This","characterOffsetBegin":1616,"characterOffsetEnd":1620,"pos":"DT","before":"","after":" "},{"index":56,"word":"is","originalText":"is","characterOffsetBegin":1621,"characterOffsetEnd":1623,"pos":"VBZ","before":" ","after":" "},{"index":57,"word":"because","originalText":"because","characterOffsetBegin":1624,"characterOffsetEnd":1631,"pos":"IN","before":" ","after":" "},{"index":58,"word":"the","originalText":"the","characterOffsetBegin":1632,"characterOffsetEnd":1635,"pos":"DT","before":" ","after":" "},{"index":59,"word":"warning","originalText":"warning","characterOffsetBegin":1636,"characterOffsetEnd":1643,"pos":"NN","before":" ","after":" "},{"index":60,"word":"you","originalText":"you","characterOffsetBegin":1644,"characterOffsetEnd":1647,"pos":"PRP","before":" ","after":" "},{"index":61,"word":"read","originalText":"read","characterOffsetBegin":1648,"characterOffsetEnd":1652,"pos":"VBP","before":" ","after":" "},{"index":62,"word":"is","originalText":"is","characterOffsetBegin":1653,"characterOffsetEnd":1655,"pos":"VBZ","before":" ","after":" "},{"index":63,"word":"incomplete","originalText":"incomplete","characterOffsetBegin":1656,"characterOffsetEnd":1666,"pos":"JJ","before":" ","after":""},{"index":64,"word":".","originalText":".","characterOffsetBegin":1666,"characterOffsetEnd":1667,"pos":".","before":"","after":"  "}]},{"index":8,"tokens":[{"index":1,"word":"You","originalText":"You","characterOffsetBegin":1669,"characterOffsetEnd":1672,"pos":"PRP","before":"  ","after":" "},{"index":2,"word":"have","originalText":"have","characterOffsetBegin":1673,"characterOffsetEnd":1677,"pos":"VBP","before":" ","after":" "},{"index":3,"word":"toprovide","originalText":"toprovide","characterOffsetBegin":1678,"characterOffsetEnd":1687,"pos":"NN","before":" ","after":" "},{"index":4,"word":"not","originalText":"not","characterOffsetBegin":1688,"characterOffsetEnd":1691,"pos":"RB","before":" ","after":" "},{"index":5,"word":"only","originalText":"only","characterOffsetBegin":1692,"characterOffsetEnd":1696,"pos":"RB","before":" ","after":" "},{"index":6,"word":"a","originalText":"a","characterOffsetBegin":1697,"characterOffsetEnd":1698,"pos":"DT","before":" ","after":" "},{"index":7,"word":"colormap","originalText":"colormap","characterOffsetBegin":1699,"characterOffsetEnd":1707,"pos":"NN","before":" ","after":" "},{"index":8,"word":"but","originalText":"but","characterOffsetBegin":1708,"characterOffsetEnd":1711,"pos":"CC","before":" ","after":" "},{"index":9,"word":"also","originalText":"also","characterOffsetBegin":1712,"characterOffsetEnd":1716,"pos":"RB","before":" ","after":" "},{"index":10,"word":"a","originalText":"a","characterOffsetBegin":1717,"characterOffsetEnd":1718,"pos":"DT","before":" ","after":" "},{"index":11,"word":"border","originalText":"border","characterOffsetBegin":1719,"characterOffsetEnd":1725,"pos":"NN","before":" ","after":""},{"index":12,"word":".","originalText":".","characterOffsetBegin":1725,"characterOffsetEnd":1726,"pos":".","before":"","after":"  "}]},{"index":9,"tokens":[{"index":1,"word":"The","originalText":"The","characterOffsetBegin":1728,"characterOffsetEnd":1731,"pos":"DT","before":"  ","after":" "},{"index":2,"word":"default","originalText":"default","characterOffsetBegin":1732,"characterOffsetEnd":1739,"pos":"NN","before":" ","after":" "},{"index":3,"word":"border","originalText":"border","characterOffsetBegin":1740,"characterOffsetEnd":1746,"pos":"NN","before":" ","after":" "},{"index":4,"word":"isCopyFromParent","originalText":"isCopyFromParent","characterOffsetBegin":1747,"characterOffsetEnd":1763,"pos":"NN","before":" ","after":""},{"index":5,"word":",","originalText":",","characterOffsetBegin":1763,"characterOffsetEnd":1764,"pos":",","before":"","after":" "},{"index":6,"word":"which","originalText":"which","characterOffsetBegin":1765,"characterOffsetEnd":1770,"pos":"WDT","before":" ","after":" "},{"index":7,"word":"is","originalText":"is","characterOffsetBegin":1771,"characterOffsetEnd":1773,"pos":"VBZ","before":" ","after":" "},{"index":8,"word":"not","originalText":"not","characterOffsetBegin":1774,"characterOffsetEnd":1777,"pos":"RB","before":" ","after":" "},{"index":9,"word":"valid","originalText":"valid","characterOffsetBegin":1778,"characterOffsetEnd":1783,"pos":"JJ","before":" ","after":" "},{"index":10,"word":"when","originalText":"when","characterOffsetBegin":1784,"characterOffsetEnd":1788,"pos":"WRB","before":" ","after":" "},{"index":11,"word":"the","originalText":"the","characterOffsetBegin":1789,"characterOffsetEnd":1792,"pos":"DT","before":" ","after":" "},{"index":12,"word":"window","originalText":"window","characterOffsetBegin":1793,"characterOffsetEnd":1799,"pos":"NN","before":" ","after":""},{"index":13,"word":"'s","originalText":"'s","characterOffsetBegin":1799,"characterOffsetEnd":1801,"pos":"POS","before":"","after":" "},{"index":14,"word":"depth","originalText":"depth","characterOffsetBegin":1802,"characterOffsetEnd":1807,"pos":"NN","before":" ","after":" "},{"index":15,"word":"does","originalText":"does","characterOffsetBegin":1808,"characterOffsetEnd":1812,"pos":"VBZ","before":" ","after":""},{"index":16,"word":"n'tmatch","originalText":"n'tmatch","characterOffsetBegin":1812,"characterOffsetEnd":1820,"pos":"VB","before":"","after":" "},{"index":17,"word":"its","originalText":"its","characterOffsetBegin":1821,"characterOffsetEnd":1824,"pos":"PRP$","before":" ","after":" "},{"index":18,"word":"parent","originalText":"parent","characterOffsetBegin":1825,"characterOffsetEnd":1831,"pos":"NN","before":" ","after":""},{"index":19,"word":"'s","originalText":"'s","characterOffsetBegin":1831,"characterOffsetEnd":1833,"pos":"POS","before":"","after":""},{"index":20,"word":".","originalText":".","characterOffsetBegin":1833,"characterOffsetEnd":1834,"pos":".","before":"","after":"  "}]},{"index":10,"tokens":[{"index":1,"word":"Specify","originalText":"Specify","characterOffsetBegin":1836,"characterOffsetEnd":1843,"pos":"VB","before":"  ","after":" "},{"index":2,"word":"a","originalText":"a","characterOffsetBegin":1844,"characterOffsetEnd":1845,"pos":"DT","before":" ","after":" "},{"index":3,"word":"border-pixmap","originalText":"border-pixmap","characterOffsetBegin":1846,"characterOffsetEnd":1859,"pos":"NN","before":" ","after":" "},{"index":4,"word":"of","originalText":"of","characterOffsetBegin":1860,"characterOffsetEnd":1862,"pos":"IN","before":" ","after":" "},{"index":5,"word":"the","originalText":"the","characterOffsetBegin":1863,"characterOffsetEnd":1866,"pos":"DT","before":" ","after":" "},{"index":6,"word":"correct","originalText":"correct","characterOffsetBegin":1867,"characterOffsetEnd":1874,"pos":"JJ","before":" ","after":" "},{"index":7,"word":"depth","originalText":"depth","characterOffsetBegin":1875,"characterOffsetEnd":1880,"pos":"NN","before":" ","after":""},{"index":8,"word":",","originalText":",","characterOffsetBegin":1880,"characterOffsetEnd":1881,"pos":",","before":"","after":" "},{"index":9,"word":"or","originalText":"or","characterOffsetBegin":1882,"characterOffsetEnd":1884,"pos":"CC","before":" ","after":" "},{"index":10,"word":"aborder-pixel","originalText":"aborder-pixel","characterOffsetBegin":1885,"characterOffsetEnd":1898,"pos":"NN","before":" ","after":""},{"index":11,"word":",","originalText":",","characterOffsetBegin":1898,"characterOffsetEnd":1899,"pos":",","before":"","after":" "},{"index":12,"word":"and","originalText":"and","characterOffsetBegin":1900,"characterOffsetEnd":1903,"pos":"CC","before":" ","after":" "},{"index":13,"word":"the","originalText":"the","characterOffsetBegin":1904,"characterOffsetEnd":1907,"pos":"DT","before":" ","after":" "},{"index":14,"word":"problem","originalText":"problem","characterOffsetBegin":1908,"characterOffsetEnd":1915,"pos":"NN","before":" ","after":" "},{"index":15,"word":"should","originalText":"should","characterOffsetBegin":1916,"characterOffsetEnd":1922,"pos":"MD","before":" ","after":" "},{"index":16,"word":"go","originalText":"go","characterOffsetBegin":1923,"characterOffsetEnd":1925,"pos":"VB","before":" ","after":" "},{"index":17,"word":"away.There","originalText":"away.There","characterOffsetBegin":1926,"characterOffsetEnd":1936,"pos":"NNP","before":" ","after":" "},{"index":18,"word":"is","originalText":"is","characterOffsetBegin":1937,"characterOffsetEnd":1939,"pos":"VBZ","before":" ","after":" "},{"index":19,"word":"another","originalText":"another","characterOffsetBegin":1940,"characterOffsetEnd":1947,"pos":"DT","before":" ","after":" "},{"index":20,"word":"problem","originalText":"problem","characterOffsetBegin":1948,"characterOffsetEnd":1955,"pos":"NN","before":" ","after":""},{"index":21,"word":":","originalText":":","characterOffsetBegin":1955,"characterOffsetEnd":1956,"pos":":","before":"","after":" "},{"index":22,"word":"I","originalText":"I","characterOffsetBegin":1957,"characterOffsetEnd":1958,"pos":"PRP","before":" ","after":" "},{"index":23,"word":"ca","originalText":"ca","characterOffsetBegin":1959,"characterOffsetEnd":1961,"pos":"MD","before":" ","after":""},{"index":24,"word":"n't","originalText":"n't","characterOffsetBegin":1961,"characterOffsetEnd":1964,"pos":"RB","before":"","after":" "},{"index":25,"word":"find","originalText":"find","characterOffsetBegin":1965,"characterOffsetEnd":1969,"pos":"VB","before":" ","after":" "},{"index":26,"word":"anything","originalText":"anything","characterOffsetBegin":1970,"characterOffsetEnd":1978,"pos":"NN","before":" ","after":" "},{"index":27,"word":"to","originalText":"to","characterOffsetBegin":1979,"characterOffsetEnd":1981,"pos":"TO","before":" ","after":" "},{"index":28,"word":"indicate","originalText":"indicate","characterOffsetBegin":1982,"characterOffsetEnd":1990,"pos":"VB","before":" ","after":" "},{"index":29,"word":"thatCopyFromParent","originalText":"thatCopyFromParent","characterOffsetBegin":1991,"characterOffsetEnd":2009,"pos":"NN","before":" ","after":" "},{"index":30,"word":"makes","originalText":"makes","characterOffsetBegin":2010,"characterOffsetEnd":2015,"pos":"VBZ","before":" ","after":" "},{"index":31,"word":"any","originalText":"any","characterOffsetBegin":2016,"characterOffsetEnd":2019,"pos":"DT","before":" ","after":" "},{"index":32,"word":"sense","originalText":"sense","characterOffsetBegin":2020,"characterOffsetEnd":2025,"pos":"NN","before":" ","after":" "},{"index":33,"word":"as","originalText":"as","characterOffsetBegin":2026,"characterOffsetEnd":2028,"pos":"IN","before":" ","after":" "},{"index":34,"word":"the","originalText":"the","characterOffsetBegin":2029,"characterOffsetEnd":2032,"pos":"DT","before":" ","after":" "},{"index":35,"word":"border_width","originalText":"border_width","characterOffsetBegin":2033,"characterOffsetEnd":2045,"pos":"NN","before":" ","after":" "},{"index":36,"word":"parameter","originalText":"parameter","characterOffsetBegin":2046,"characterOffsetEnd":2055,"pos":"NN","before":" ","after":" "},{"index":37,"word":"toXCreateWindow","originalText":"toXCreateWindow","characterOffsetBegin":2056,"characterOffsetEnd":2071,"pos":"NN","before":" ","after":""},{"index":38,"word":".","originalText":".","characterOffsetBegin":2071,"characterOffsetEnd":2072,"pos":".","before":"","after":"  "}]},{"index":11,"tokens":[{"index":1,"word":"Your","originalText":"Your","characterOffsetBegin":2074,"characterOffsetEnd":2078,"pos":"PRP$","before":"  ","after":" "},{"index":2,"word":"Xlib","originalText":"Xlib","characterOffsetBegin":2079,"characterOffsetEnd":2083,"pos":"NN","before":" ","after":" "},{"index":3,"word":"implementation","originalText":"implementation","characterOffsetBegin":2084,"characterOffsetEnd":2098,"pos":"NN","before":" ","after":" "},{"index":4,"word":"probably","originalText":"probably","characterOffsetBegin":2099,"characterOffsetEnd":2107,"pos":"RB","before":" ","after":" "},{"index":5,"word":"definesCopyFromParent","originalText":"definesCopyFromParent","characterOffsetBegin":2108,"characterOffsetEnd":2129,"pos":"JJ","before":" ","after":" "},{"index":6,"word":"as","originalText":"as","characterOffsetBegin":2130,"characterOffsetEnd":2132,"pos":"IN","before":" ","after":" "},{"index":7,"word":"zero","originalText":"zero","characterOffsetBegin":2133,"characterOffsetEnd":2137,"pos":"CD","before":" ","after":""},{"index":8,"word":",","originalText":",","characterOffsetBegin":2137,"characterOffsetEnd":2138,"pos":",","before":"","after":" "},{"index":9,"word":"to","originalText":"to","characterOffsetBegin":2139,"characterOffsetEnd":2141,"pos":"TO","before":" ","after":" "},{"index":10,"word":"simplify","originalText":"simplify","characterOffsetBegin":2142,"characterOffsetEnd":2150,"pos":"VB","before":" ","after":" "},{"index":11,"word":"the","originalText":"the","characterOffsetBegin":2151,"characterOffsetEnd":2154,"pos":"DT","before":" ","after":" "},{"index":12,"word":"conversion","originalText":"conversion","characterOffsetBegin":2155,"characterOffsetEnd":2165,"pos":"NN","before":" ","after":" "},{"index":13,"word":"to","originalText":"to","characterOffsetBegin":2166,"characterOffsetEnd":2168,"pos":"TO","before":" ","after":" "},{"index":14,"word":"wire","originalText":"wire","characterOffsetBegin":2169,"characterOffsetEnd":2173,"pos":"NN","before":" ","after":" "},{"index":15,"word":"format","originalText":"format","characterOffsetBegin":2174,"characterOffsetEnd":2180,"pos":"NN","before":" ","after":""},{"index":16,"word":",","originalText":",","characterOffsetBegin":2180,"characterOffsetEnd":2181,"pos":",","before":"","after":" "},{"index":17,"word":"soyou","originalText":"soyou","characterOffsetBegin":2182,"characterOffsetEnd":2187,"pos":"NN","before":" ","after":" "},{"index":18,"word":"are","originalText":"are","characterOffsetBegin":2188,"characterOffsetEnd":2191,"pos":"VBP","before":" ","after":" "},{"index":19,"word":"unwittingly","originalText":"unwittingly","characterOffsetBegin":2192,"characterOffsetEnd":2203,"pos":"RB","before":" ","after":" "},{"index":20,"word":"asking","originalText":"asking","characterOffsetBegin":2204,"characterOffsetEnd":2210,"pos":"VBG","before":" ","after":" "},{"index":21,"word":"for","originalText":"for","characterOffsetBegin":2211,"characterOffsetEnd":2214,"pos":"IN","before":" ","after":" "},{"index":22,"word":"a","originalText":"a","characterOffsetBegin":2215,"characterOffsetEnd":2216,"pos":"DT","before":" ","after":" "},{"index":23,"word":"border","originalText":"border","characterOffsetBegin":2217,"characterOffsetEnd":2223,"pos":"NN","before":" ","after":" "},{"index":24,"word":"width","originalText":"width","characterOffsetBegin":2224,"characterOffsetEnd":2229,"pos":"NN","before":" ","after":" "},{"index":25,"word":"of","originalText":"of","characterOffsetBegin":2230,"characterOffsetEnd":2232,"pos":"IN","before":" ","after":" "},{"index":26,"word":"zero","originalText":"zero","characterOffsetBegin":2233,"characterOffsetEnd":2237,"pos":"CD","before":" ","after":""},{"index":27,"word":",","originalText":",","characterOffsetBegin":2237,"characterOffsetEnd":2238,"pos":",","before":"","after":" "},{"index":28,"word":"due","originalText":"due","characterOffsetBegin":2239,"characterOffsetEnd":2242,"pos":"JJ","before":" ","after":" "},{"index":29,"word":"to","originalText":"to","characterOffsetBegin":2243,"characterOffsetEnd":2245,"pos":"TO","before":" ","after":" "},{"index":30,"word":"the","originalText":"the","characterOffsetBegin":2246,"characterOffsetEnd":2249,"pos":"DT","before":" ","after":" "},{"index":31,"word":"Xlibimplementation","originalText":"Xlibimplementation","characterOffsetBegin":2250,"characterOffsetEnd":2268,"pos":"NNP","before":" ","after":" "},{"index":32,"word":"not","originalText":"not","characterOffsetBegin":2269,"characterOffsetEnd":2272,"pos":"RB","before":" ","after":" "},{"index":33,"word":"providing","originalText":"providing","characterOffsetBegin":2273,"characterOffsetEnd":2282,"pos":"VBG","before":" ","after":" "},{"index":34,"word":"stricter","originalText":"stricter","characterOffsetBegin":2283,"characterOffsetEnd":2291,"pos":"JJR","before":" ","after":" "},{"index":35,"word":"type-checking","originalText":"type-checking","characterOffsetBegin":2292,"characterOffsetEnd":2305,"pos":"NN","before":" ","after":""},{"index":36,"word":".","originalText":".","characterOffsetBegin":2305,"characterOffsetEnd":2306,"pos":".","before":"","after":"  "}]},{"index":12,"tokens":[{"index":1,"word":"-LRB-","originalText":"(","characterOffsetBegin":2308,"characterOffsetEnd":2309,"pos":"-LRB-","before":"  ","after":""},{"index":2,"word":"To","originalText":"To","characterOffsetBegin":2309,"characterOffsetEnd":2311,"pos":"TO","before":"","after":" "},{"index":3,"word":"be","originalText":"be","characterOffsetBegin":2312,"characterOffsetEnd":2314,"pos":"VB","before":" ","after":" "},{"index":4,"word":"fair","originalText":"fair","characterOffsetBegin":2315,"characterOffsetEnd":2319,"pos":"JJ","before":" ","after":""},{"index":5,"word":",","originalText":",","characterOffsetBegin":2319,"characterOffsetEnd":2320,"pos":",","before":"","after":" "},{"index":6,"word":"I","originalText":"I","characterOffsetBegin":2321,"characterOffsetEnd":2322,"pos":"PRP","before":" ","after":""},{"index":7,"word":"`","originalText":"'","characterOffsetBegin":2322,"characterOffsetEnd":2323,"pos":"``","before":"","after":""},{"index":8,"word":"mnot","originalText":"mnot","characterOffsetBegin":2323,"characterOffsetEnd":2327,"pos":"FW","before":"","after":" "},{"index":9,"word":"entirely","originalText":"entirely","characterOffsetBegin":2328,"characterOffsetEnd":2336,"pos":"RB","before":" ","after":" "},{"index":10,"word":"certain","originalText":"certain","characterOffsetBegin":2337,"characterOffsetEnd":2344,"pos":"JJ","before":" ","after":" "},{"index":11,"word":"it","originalText":"it","characterOffsetBegin":2345,"characterOffsetEnd":2347,"pos":"PRP","before":" ","after":""},{"index":12,"word":"'s","originalText":"'s","characterOffsetBegin":2347,"characterOffsetEnd":2349,"pos":"VBZ","before":"","after":" "},{"index":13,"word":"possible","originalText":"possible","characterOffsetBegin":2350,"characterOffsetEnd":2358,"pos":"JJ","before":" ","after":" "},{"index":14,"word":"for","originalText":"for","characterOffsetBegin":2359,"characterOffsetEnd":2362,"pos":"IN","before":" ","after":" "},{"index":15,"word":"Xlib","originalText":"Xlib","characterOffsetBegin":2363,"characterOffsetEnd":2367,"pos":"NNP","before":" ","after":" "},{"index":16,"word":"to","originalText":"to","characterOffsetBegin":2368,"characterOffsetEnd":2370,"pos":"TO","before":" ","after":" "},{"index":17,"word":"catch","originalText":"catch","characterOffsetBegin":2371,"characterOffsetEnd":2376,"pos":"VB","before":" ","after":" "},{"index":18,"word":"this","originalText":"this","characterOffsetBegin":2377,"characterOffsetEnd":2381,"pos":"DT","before":" ","after":""},{"index":19,"word":".","originalText":".","characterOffsetBegin":2381,"characterOffsetEnd":2382,"pos":".","before":"","after":""},{"index":20,"word":"-RRB-","originalText":")","characterOffsetBegin":2382,"characterOffsetEnd":2383,"pos":"-RRB-","before":"","after":"\t\t\t\t\t"}]},{"index":13,"tokens":[{"index":1,"word":"der","originalText":"der","characterOffsetBegin":2388,"characterOffsetEnd":2391,"pos":"NN","before":"\t\t\t\t\t","after":" "},{"index":2,"word":"Mouse","originalText":"Mouse","characterOffsetBegin":2392,"characterOffsetEnd":2397,"pos":"NN","before":" ","after":"\t\t\t\t"},{"index":3,"word":"mouse@mcrcim.mcgill.edu","originalText":"mouse@mcrcim.mcgill.edu","characterOffsetBegin":2401,"characterOffsetEnd":2424,"pos":"NN","before":"\t\t\t\t","after":""}]}]}