{"sentences":[{"index":0,"tokens":[{"index":1,"word":"From","originalText":"From","characterOffsetBegin":0,"characterOffsetEnd":4,"pos":"IN","before":"","after":""},{"index":2,"word":":","originalText":":","characterOffsetBegin":4,"characterOffsetEnd":5,"pos":":","before":"","after":" "},{"index":3,"word":"mouse@thunder.mcrcim.mcgill.edu","originalText":"mouse@thunder.mcrcim.mcgill.edu","characterOffsetBegin":6,"characterOffsetEnd":37,"pos":"NN","before":" ","after":" "},{"index":4,"word":"-LRB-","originalText":"(","characterOffsetBegin":38,"characterOffsetEnd":39,"pos":"-LRB-","before":" ","after":""},{"index":5,"word":"der","originalText":"der","characterOffsetBegin":39,"characterOffsetEnd":42,"pos":"FW","before":"","after":" "},{"index":6,"word":"Mouse","originalText":"Mouse","characterOffsetBegin":43,"characterOffsetEnd":48,"pos":"NN","before":" ","after":""},{"index":7,"word":"-RRB-","originalText":")","characterOffsetBegin":48,"characterOffsetEnd":49,"pos":"-RRB-","before":"","after":""},{"index":8,"word":"Subject","originalText":"Subject","characterOffsetBegin":49,"characterOffsetEnd":56,"pos":"NN","before":"","after":""},{"index":9,"word":":","originalText":":","characterOffsetBegin":56,"characterOffsetEnd":57,"pos":":","before":"","after":" "},{"index":10,"word":"Re","originalText":"Re","characterOffsetBegin":58,"characterOffsetEnd":60,"pos":"NNP","before":" ","after":""},{"index":11,"word":":","originalText":":","characterOffsetBegin":60,"characterOffsetEnd":61,"pos":":","before":"","after":" "},{"index":12,"word":"a","originalText":"a","characterOffsetBegin":62,"characterOffsetEnd":63,"pos":"DT","before":" ","after":" "},{"index":13,"word":"question","originalText":"question","characterOffsetBegin":64,"characterOffsetEnd":72,"pos":"NN","before":" ","after":" "},{"index":14,"word":"on","originalText":"on","characterOffsetBegin":73,"characterOffsetEnd":75,"pos":"IN","before":" ","after":" "},{"index":15,"word":"window","originalText":"window","characterOffsetBegin":76,"characterOffsetEnd":82,"pos":"NN","before":" ","after":" "},{"index":16,"word":"idsIn","originalText":"idsIn","characterOffsetBegin":83,"characterOffsetEnd":88,"pos":"NN","before":" ","after":" "},{"index":17,"word":"article","originalText":"article","characterOffsetBegin":89,"characterOffsetEnd":96,"pos":"NN","before":" ","after":" "},{"index":18,"word":"<wnk.734824081@aquifer.geology.uiuc.edu>","originalText":"<wnk.734824081@aquifer.geology.uiuc.edu>","characterOffsetBegin":97,"characterOffsetEnd":137,"pos":"NN","before":" ","after":""},{"index":19,"word":",","originalText":",","characterOffsetBegin":137,"characterOffsetEnd":138,"pos":",","before":"","after":" "},{"index":20,"word":"wnk@aquifer.geology.uiuc.edu","originalText":"wnk@aquifer.geology.uiuc.edu","characterOffsetBegin":139,"characterOffsetEnd":167,"pos":"NN","before":" ","after":" "},{"index":21,"word":"-LRB-","originalText":"(","characterOffsetBegin":168,"characterOffsetEnd":169,"pos":"-LRB-","before":" ","after":""},{"index":22,"word":"Walter","originalText":"Walter","characterOffsetBegin":169,"characterOffsetEnd":175,"pos":"NNP","before":"","after":" "},{"index":23,"word":"Kreiling","originalText":"Kreiling","characterOffsetBegin":176,"characterOffsetEnd":184,"pos":"NNP","before":" ","after":""},{"index":24,"word":"-RRB-","originalText":")","characterOffsetBegin":184,"characterOffsetEnd":185,"pos":"-RRB-","before":"","after":" "},{"index":25,"word":"writes","originalText":"writes","characterOffsetBegin":186,"characterOffsetEnd":192,"pos":"VBZ","before":" ","after":""},{"index":26,"word":":","originalText":":","characterOffsetBegin":192,"characterOffsetEnd":193,"pos":":","before":"","after":""},{"index":27,"word":">","originalText":">","characterOffsetBegin":193,"characterOffsetEnd":194,"pos":"JJR","before":"","after":" "},{"index":28,"word":"Given","originalText":"Given","characterOffsetBegin":195,"characterOffsetEnd":200,"pos":"VBN","before":" ","after":" "},{"index":29,"word":"a","originalText":"a","characterOffsetBegin":201,"characterOffsetEnd":202,"pos":"DT","before":" ","after":" "},{"index":30,"word":"program","originalText":"program","characterOffsetBegin":203,"characterOffsetEnd":210,"pos":"NN","before":" ","after":" "},{"index":31,"word":"running","originalText":"running","characterOffsetBegin":211,"characterOffsetEnd":218,"pos":"VBG","before":" ","after":" "},{"index":32,"word":"on","originalText":"on","characterOffsetBegin":219,"characterOffsetEnd":221,"pos":"IN","before":" ","after":" "},{"index":33,"word":"a","originalText":"a","characterOffsetBegin":222,"characterOffsetEnd":223,"pos":"DT","before":" ","after":" "},{"index":34,"word":"workstation","originalText":"workstation","characterOffsetBegin":224,"characterOffsetEnd":235,"pos":"NN","before":" ","after":" "},{"index":35,"word":"with","originalText":"with","characterOffsetBegin":236,"characterOffsetEnd":240,"pos":"IN","before":" ","after":" "},{"index":36,"word":"an","originalText":"an","characterOffsetBegin":241,"characterOffsetEnd":243,"pos":"DT","before":" ","after":" "},{"index":37,"word":"X","originalText":"X","characterOffsetBegin":244,"characterOffsetEnd":245,"pos":"NN","before":" ","after":" "},{"index":38,"word":"based","originalText":"based","characterOffsetBegin":246,"characterOffsetEnd":251,"pos":"VBN","before":" ","after":" "},{"index":39,"word":"window","originalText":"window","characterOffsetBegin":252,"characterOffsetEnd":258,"pos":"NN","before":" ","after":""},{"index":40,"word":">","originalText":">","characterOffsetBegin":258,"characterOffsetEnd":259,"pos":"JJR","before":"","after":" "},{"index":41,"word":"system","originalText":"system","characterOffsetBegin":260,"characterOffsetEnd":266,"pos":"NN","before":" ","after":""},{"index":42,"word":",","originalText":",","characterOffsetBegin":266,"characterOffsetEnd":267,"pos":",","before":"","after":" "},{"index":43,"word":"how","originalText":"how","characterOffsetBegin":268,"characterOffsetEnd":271,"pos":"WRB","before":" ","after":" "},{"index":44,"word":"can","originalText":"can","characterOffsetBegin":272,"characterOffsetEnd":275,"pos":"MD","before":" ","after":" "},{"index":45,"word":"one","originalText":"one","characterOffsetBegin":276,"characterOffsetEnd":279,"pos":"PRP","before":" ","after":" "},{"index":46,"word":"pop","originalText":"pop","characterOffsetBegin":280,"characterOffsetEnd":283,"pos":"VB","before":" ","after":" "},{"index":47,"word":"the","originalText":"the","characterOffsetBegin":284,"characterOffsetEnd":287,"pos":"DT","before":" ","after":" "},{"index":48,"word":"window","originalText":"window","characterOffsetBegin":288,"characterOffsetEnd":294,"pos":"NN","before":" ","after":" "},{"index":49,"word":"in","originalText":"in","characterOffsetBegin":295,"characterOffsetEnd":297,"pos":"IN","before":" ","after":" "},{"index":50,"word":"which","originalText":"which","characterOffsetBegin":298,"characterOffsetEnd":303,"pos":"WDT","before":" ","after":" "},{"index":51,"word":"it","originalText":"it","characterOffsetBegin":304,"characterOffsetEnd":306,"pos":"PRP","before":" ","after":" "},{"index":52,"word":"is","originalText":"is","characterOffsetBegin":307,"characterOffsetEnd":309,"pos":"VBZ","before":" ","after":" "},{"index":53,"word":"running","originalText":"running","characterOffsetBegin":310,"characterOffsetEnd":317,"pos":"VBG","before":" ","after":" "},{"index":54,"word":"to","originalText":"to","characterOffsetBegin":318,"characterOffsetEnd":320,"pos":"TO","before":" ","after":" "},{"index":55,"word":"the","originalText":"the","characterOffsetBegin":321,"characterOffsetEnd":324,"pos":"DT","before":" ","after":" "},{"index":56,"word":"top","originalText":"top","characterOffsetBegin":325,"characterOffsetEnd":328,"pos":"NN","before":" ","after":""},{"index":57,"word":".","originalText":".","characterOffsetBegin":328,"characterOffsetEnd":329,"pos":".","before":"","after":""},{"index":58,"word":">","originalText":">","characterOffsetBegin":329,"characterOffsetEnd":330,"pos":"JJR","before":"","after":" "}]},{"index":1,"tokens":[{"index":1,"word":"By","originalText":"By","characterOffsetBegin":331,"characterOffsetEnd":333,"pos":"IN","before":" ","after":" "},{"index":2,"word":"window","originalText":"window","characterOffsetBegin":334,"characterOffsetEnd":340,"pos":"NN","before":" ","after":" "},{"index":3,"word":"I","originalText":"I","characterOffsetBegin":341,"characterOffsetEnd":342,"pos":"PRP","before":" ","after":" "},{"index":4,"word":"mean","originalText":"mean","characterOffsetBegin":343,"characterOffsetEnd":347,"pos":"VBP","before":" ","after":" "},{"index":5,"word":"the","originalText":"the","characterOffsetBegin":348,"characterOffsetEnd":351,"pos":"DT","before":" ","after":" "},{"index":6,"word":"terminal","originalText":"terminal","characterOffsetBegin":352,"characterOffsetEnd":360,"pos":"JJ","before":" ","after":" "},{"index":7,"word":"window","originalText":"window","characterOffsetBegin":361,"characterOffsetEnd":367,"pos":"NN","before":" ","after":" "},{"index":8,"word":"from","originalText":"from","characterOffsetBegin":368,"characterOffsetEnd":372,"pos":"IN","before":" ","after":" "},{"index":9,"word":"which","originalText":"which","characterOffsetBegin":373,"characterOffsetEnd":378,"pos":"WDT","before":" ","after":" "},{"index":10,"word":"it","originalText":"it","characterOffsetBegin":379,"characterOffsetEnd":381,"pos":"PRP","before":" ","after":" "},{"index":11,"word":"was","originalText":"was","characterOffsetBegin":382,"characterOffsetEnd":385,"pos":"VBD","before":" ","after":" "},{"index":12,"word":"invoked.One","originalText":"invoked.One","characterOffsetBegin":386,"characterOffsetEnd":397,"pos":"NNP","before":" ","after":" "},{"index":13,"word":"ca","originalText":"ca","characterOffsetBegin":398,"characterOffsetEnd":400,"pos":"MD","before":" ","after":""},{"index":14,"word":"n't","originalText":"n't","characterOffsetBegin":400,"characterOffsetEnd":403,"pos":"RB","before":"","after":""},{"index":15,"word":".","originalText":".","characterOffsetBegin":403,"characterOffsetEnd":404,"pos":".","before":"","after":"  "}]},{"index":2,"tokens":[{"index":1,"word":"The","originalText":"The","characterOffsetBegin":406,"characterOffsetEnd":409,"pos":"DT","before":"  ","after":" "},{"index":2,"word":"application","originalText":"application","characterOffsetBegin":410,"characterOffsetEnd":421,"pos":"NN","before":" ","after":" "},{"index":3,"word":"may","originalText":"may","characterOffsetBegin":422,"characterOffsetEnd":425,"pos":"MD","before":" ","after":" "},{"index":4,"word":"not","originalText":"not","characterOffsetBegin":426,"characterOffsetEnd":429,"pos":"RB","before":" ","after":" "},{"index":5,"word":"have","originalText":"have","characterOffsetBegin":430,"characterOffsetEnd":434,"pos":"VB","before":" ","after":" "},{"index":6,"word":"been","originalText":"been","characterOffsetBegin":435,"characterOffsetEnd":439,"pos":"VBN","before":" ","after":" "},{"index":7,"word":"started","originalText":"started","characterOffsetBegin":440,"characterOffsetEnd":447,"pos":"VBN","before":" ","after":" "},{"index":8,"word":"from","originalText":"from","characterOffsetBegin":448,"characterOffsetEnd":452,"pos":"IN","before":" ","after":" "},{"index":9,"word":"a","originalText":"a","characterOffsetBegin":453,"characterOffsetEnd":454,"pos":"DT","before":" ","after":" "},{"index":10,"word":"terminalemulator","originalText":"terminalemulator","characterOffsetBegin":455,"characterOffsetEnd":471,"pos":"NN","before":" ","after":""},{"index":11,"word":";","originalText":";","characterOffsetBegin":471,"characterOffsetEnd":472,"pos":":","before":"","after":" "},{"index":12,"word":"if","originalText":"if","characterOffsetBegin":473,"characterOffsetEnd":475,"pos":"IN","before":" ","after":" "},{"index":13,"word":"it","originalText":"it","characterOffsetBegin":476,"characterOffsetEnd":478,"pos":"PRP","before":" ","after":" "},{"index":14,"word":"was","originalText":"was","characterOffsetBegin":479,"characterOffsetEnd":482,"pos":"VBD","before":" ","after":""},{"index":15,"word":",","originalText":",","characterOffsetBegin":482,"characterOffsetEnd":483,"pos":",","before":"","after":" "},{"index":16,"word":"the","originalText":"the","characterOffsetBegin":484,"characterOffsetEnd":487,"pos":"DT","before":" ","after":" "},{"index":17,"word":"terminal","originalText":"terminal","characterOffsetBegin":488,"characterOffsetEnd":496,"pos":"JJ","before":" ","after":" "},{"index":18,"word":"emulator","originalText":"emulator","characterOffsetBegin":497,"characterOffsetEnd":505,"pos":"NN","before":" ","after":" "},{"index":19,"word":"may","originalText":"may","characterOffsetBegin":506,"characterOffsetEnd":509,"pos":"MD","before":" ","after":" "},{"index":20,"word":"not","originalText":"not","characterOffsetBegin":510,"characterOffsetEnd":513,"pos":"RB","before":" ","after":" "},{"index":21,"word":"still","originalText":"still","characterOffsetBegin":514,"characterOffsetEnd":519,"pos":"RB","before":" ","after":" "},{"index":22,"word":"exist","originalText":"exist","characterOffsetBegin":520,"characterOffsetEnd":525,"pos":"VB","before":" ","after":""},{"index":23,"word":",","originalText":",","characterOffsetBegin":525,"characterOffsetEnd":526,"pos":",","before":"","after":" "},{"index":24,"word":"and","originalText":"and","characterOffsetBegin":527,"characterOffsetEnd":530,"pos":"CC","before":" ","after":" "},{"index":25,"word":"ifit","originalText":"ifit","characterOffsetBegin":531,"characterOffsetEnd":535,"pos":"NN","before":" ","after":" "},{"index":26,"word":"does","originalText":"does","characterOffsetBegin":536,"characterOffsetEnd":540,"pos":"VBZ","before":" ","after":" "},{"index":27,"word":"it","originalText":"it","characterOffsetBegin":541,"characterOffsetEnd":543,"pos":"PRP","before":" ","after":" "},{"index":28,"word":"may","originalText":"may","characterOffsetBegin":544,"characterOffsetEnd":547,"pos":"MD","before":" ","after":" "},{"index":29,"word":"be","originalText":"be","characterOffsetBegin":548,"characterOffsetEnd":550,"pos":"VB","before":" ","after":" "},{"index":30,"word":"in","originalText":"in","characterOffsetBegin":551,"characterOffsetEnd":553,"pos":"IN","before":" ","after":" "},{"index":31,"word":"no","originalText":"no","characterOffsetBegin":554,"characterOffsetEnd":556,"pos":"DT","before":" ","after":" "},{"index":32,"word":"condition","originalText":"condition","characterOffsetBegin":557,"characterOffsetEnd":566,"pos":"NN","before":" ","after":" "},{"index":33,"word":"to","originalText":"to","characterOffsetBegin":567,"characterOffsetEnd":569,"pos":"TO","before":" ","after":" "},{"index":34,"word":"be","originalText":"be","characterOffsetBegin":570,"characterOffsetEnd":572,"pos":"VB","before":" ","after":" "},{"index":35,"word":"``","originalText":"\"","characterOffsetBegin":573,"characterOffsetEnd":574,"pos":"``","before":" ","after":""},{"index":36,"word":"pop","originalText":"pop","characterOffsetBegin":574,"characterOffsetEnd":577,"pos":"JJ","before":"","after":""},{"index":37,"word":"-LSB-","originalText":"[","characterOffsetBegin":577,"characterOffsetEnd":578,"pos":"-LRB-","before":"","after":""},{"index":38,"word":"ped","originalText":"ped","characterOffsetBegin":578,"characterOffsetEnd":581,"pos":"JJ","before":"","after":""},{"index":39,"word":"-RSB-","originalText":"]","characterOffsetBegin":581,"characterOffsetEnd":582,"pos":"-RRB-","before":"","after":" "},{"index":40,"word":"to","originalText":"to","characterOffsetBegin":583,"characterOffsetEnd":585,"pos":"TO","before":" ","after":" "},{"index":41,"word":"the","originalText":"the","characterOffsetBegin":586,"characterOffsetEnd":589,"pos":"DT","before":" ","after":" "},{"index":42,"word":"top","originalText":"top","characterOffsetBegin":590,"characterOffsetEnd":593,"pos":"NN","before":" ","after":""},{"index":43,"word":"''","originalText":"\"","characterOffsetBegin":593,"characterOffsetEnd":594,"pos":"''","before":"","after":" "},{"index":44,"word":"-LRB-","originalText":"(","characterOffsetBegin":595,"characterOffsetEnd":596,"pos":"-LRB-","before":" ","after":""},{"index":45,"word":"eg","originalText":"eg","characterOffsetBegin":596,"characterOffsetEnd":598,"pos":"FW","before":"","after":""},{"index":46,"word":",","originalText":",","characterOffsetBegin":598,"characterOffsetEnd":599,"pos":",","before":"","after":" "},{"index":47,"word":"itmay","originalText":"itmay","characterOffsetBegin":600,"characterOffsetEnd":605,"pos":"NN","before":" ","after":" "},{"index":48,"word":"be","originalText":"be","characterOffsetBegin":606,"characterOffsetEnd":608,"pos":"VB","before":" ","after":" "},{"index":49,"word":"iconified","originalText":"iconified","characterOffsetBegin":609,"characterOffsetEnd":618,"pos":"VBN","before":" ","after":""},{"index":50,"word":"-RRB-","originalText":")","characterOffsetBegin":618,"characterOffsetEnd":619,"pos":"-RRB-","before":"","after":""},{"index":51,"word":".","originalText":".","characterOffsetBegin":619,"characterOffsetEnd":620,"pos":".","before":"","after":"  "}]},{"index":3,"tokens":[{"index":1,"word":"And","originalText":"And","characterOffsetBegin":622,"characterOffsetEnd":625,"pos":"CC","before":"  ","after":" "},{"index":2,"word":"even","originalText":"even","characterOffsetBegin":626,"characterOffsetEnd":630,"pos":"RB","before":" ","after":" "},{"index":3,"word":"if","originalText":"if","characterOffsetBegin":631,"characterOffsetEnd":633,"pos":"IN","before":" ","after":" "},{"index":4,"word":"you","originalText":"you","characterOffsetBegin":634,"characterOffsetEnd":637,"pos":"PRP","before":" ","after":" "},{"index":5,"word":"can","originalText":"can","characterOffsetBegin":638,"characterOffsetEnd":641,"pos":"MD","before":" ","after":""},{"index":6,"word":",","originalText":",","characterOffsetBegin":641,"characterOffsetEnd":642,"pos":",","before":"","after":" "},{"index":7,"word":"it","originalText":"it","characterOffsetBegin":643,"characterOffsetEnd":645,"pos":"PRP","before":" ","after":" "},{"index":8,"word":"may","originalText":"may","characterOffsetBegin":646,"characterOffsetEnd":649,"pos":"MD","before":" ","after":" "},{"index":9,"word":"not","originalText":"not","characterOffsetBegin":650,"characterOffsetEnd":653,"pos":"RB","before":" ","after":" "},{"index":10,"word":"do","originalText":"do","characterOffsetBegin":654,"characterOffsetEnd":656,"pos":"VB","before":" ","after":" "},{"index":11,"word":"what","originalText":"what","characterOffsetBegin":657,"characterOffsetEnd":661,"pos":"WP","before":" ","after":" "},{"index":12,"word":"you","originalText":"you","characterOffsetBegin":662,"characterOffsetEnd":665,"pos":"PRP","before":" ","after":" "},{"index":13,"word":"want","originalText":"want","characterOffsetBegin":666,"characterOffsetEnd":670,"pos":"VBP","before":" ","after":" "},{"index":14,"word":"-","originalText":"-","characterOffsetBegin":671,"characterOffsetEnd":672,"pos":":","before":" ","after":""},{"index":15,"word":"consider","originalText":"consider","characterOffsetBegin":672,"characterOffsetEnd":680,"pos":"VB","before":"","after":" "},{"index":16,"word":"a","originalText":"a","characterOffsetBegin":681,"characterOffsetEnd":682,"pos":"DT","before":" ","after":" "},{"index":17,"word":"virtual-root","originalText":"virtual-root","characterOffsetBegin":683,"characterOffsetEnd":695,"pos":"JJ","before":" ","after":" "},{"index":18,"word":"window","originalText":"window","characterOffsetBegin":696,"characterOffsetEnd":702,"pos":"NN","before":" ","after":" "},{"index":19,"word":"manager","originalText":"manager","characterOffsetBegin":703,"characterOffsetEnd":710,"pos":"NN","before":" ","after":" "},{"index":20,"word":"like","originalText":"like","characterOffsetBegin":711,"characterOffsetEnd":715,"pos":"IN","before":" ","after":" "},{"index":21,"word":"tvtwm","originalText":"tvtwm","characterOffsetBegin":716,"characterOffsetEnd":721,"pos":"NN","before":" ","after":""},{"index":22,"word":",","originalText":",","characterOffsetBegin":721,"characterOffsetEnd":722,"pos":",","before":"","after":" "},{"index":23,"word":"with","originalText":"with","characterOffsetBegin":723,"characterOffsetEnd":727,"pos":"IN","before":" ","after":" "},{"index":24,"word":"the","originalText":"the","characterOffsetBegin":728,"characterOffsetEnd":731,"pos":"DT","before":" ","after":" "},{"index":25,"word":"relevantwindow","originalText":"relevantwindow","characterOffsetBegin":732,"characterOffsetEnd":746,"pos":"NN","before":" ","after":" "},{"index":26,"word":"in","originalText":"in","characterOffsetBegin":747,"characterOffsetEnd":749,"pos":"IN","before":" ","after":" "},{"index":27,"word":"a","originalText":"a","characterOffsetBegin":750,"characterOffsetEnd":751,"pos":"DT","before":" ","after":" "},{"index":28,"word":"portion","originalText":"portion","characterOffsetBegin":752,"characterOffsetEnd":759,"pos":"NN","before":" ","after":" "},{"index":29,"word":"of","originalText":"of","characterOffsetBegin":760,"characterOffsetEnd":762,"pos":"IN","before":" ","after":" "},{"index":30,"word":"the","originalText":"the","characterOffsetBegin":763,"characterOffsetEnd":766,"pos":"DT","before":" ","after":" "},{"index":31,"word":"virtual","originalText":"virtual","characterOffsetBegin":767,"characterOffsetEnd":774,"pos":"JJ","before":" ","after":" "},{"index":32,"word":"desktop","originalText":"desktop","characterOffsetBegin":775,"characterOffsetEnd":782,"pos":"NN","before":" ","after":" "},{"index":33,"word":"that","originalText":"that","characterOffsetBegin":783,"characterOffsetEnd":787,"pos":"WDT","before":" ","after":""},{"index":34,"word":"'s","originalText":"'s","characterOffsetBegin":787,"characterOffsetEnd":789,"pos":"VBZ","before":"","after":" "},{"index":35,"word":"outside","originalText":"outside","characterOffsetBegin":790,"characterOffsetEnd":797,"pos":"IN","before":" ","after":" "},{"index":36,"word":"the","originalText":"the","characterOffsetBegin":798,"characterOffsetEnd":801,"pos":"DT","before":" ","after":" "},{"index":37,"word":"realdesktop.Some","originalText":"realdesktop.Some","characterOffsetBegin":802,"characterOffsetEnd":818,"pos":"NN","before":" ","after":" "},{"index":38,"word":"-LRB-","originalText":"(","characterOffsetBegin":819,"characterOffsetEnd":820,"pos":"-LRB-","before":" ","after":""},{"index":39,"word":"but","originalText":"but","characterOffsetBegin":820,"characterOffsetEnd":823,"pos":"CC","before":"","after":" "},{"index":40,"word":"not","originalText":"not","characterOffsetBegin":824,"characterOffsetEnd":827,"pos":"RB","before":" ","after":" "},{"index":41,"word":"all","originalText":"all","characterOffsetBegin":828,"characterOffsetEnd":831,"pos":"DT","before":" ","after":""},{"index":42,"word":"-RRB-","originalText":")","characterOffsetBegin":831,"characterOffsetEnd":832,"pos":"-RRB-","before":"","after":" "},{"index":43,"word":"X","originalText":"X","characterOffsetBegin":833,"characterOffsetEnd":834,"pos":"NN","before":" ","after":" "},{"index":44,"word":"terminal","originalText":"terminal","characterOffsetBegin":835,"characterOffsetEnd":843,"pos":"JJ","before":" ","after":" "},{"index":45,"word":"emulators","originalText":"emulators","characterOffsetBegin":844,"characterOffsetEnd":853,"pos":"NNS","before":" ","after":" "},{"index":46,"word":"provide","originalText":"provide","characterOffsetBegin":854,"characterOffsetEnd":861,"pos":"VBP","before":" ","after":" "},{"index":47,"word":"environment","originalText":"environment","characterOffsetBegin":862,"characterOffsetEnd":873,"pos":"NN","before":" ","after":" "},{"index":48,"word":"variablesgiving","originalText":"variablesgiving","characterOffsetBegin":874,"characterOffsetEnd":889,"pos":"VBG","before":" ","after":" "},{"index":49,"word":"a","originalText":"a","characterOffsetBegin":890,"characterOffsetEnd":891,"pos":"DT","before":" ","after":" "},{"index":50,"word":"window","originalText":"window","characterOffsetBegin":892,"characterOffsetEnd":898,"pos":"NN","before":" ","after":" "},{"index":51,"word":"ID","originalText":"ID","characterOffsetBegin":899,"characterOffsetEnd":901,"pos":"NN","before":" ","after":""},{"index":52,"word":".","originalText":".","characterOffsetBegin":901,"characterOffsetEnd":902,"pos":".","before":"","after":"  "}]},{"index":4,"tokens":[{"index":1,"word":"Even","originalText":"Even","characterOffsetBegin":904,"characterOffsetEnd":908,"pos":"RB","before":"  ","after":" "},{"index":2,"word":"if","originalText":"if","characterOffsetBegin":909,"characterOffsetEnd":911,"pos":"IN","before":" ","after":" "},{"index":3,"word":"such","originalText":"such","characterOffsetBegin":912,"characterOffsetEnd":916,"pos":"PDT","before":" ","after":" "},{"index":4,"word":"a","originalText":"a","characterOffsetBegin":917,"characterOffsetEnd":918,"pos":"DT","before":" ","after":" "},{"index":5,"word":"thing","originalText":"thing","characterOffsetBegin":919,"characterOffsetEnd":924,"pos":"NN","before":" ","after":" "},{"index":6,"word":"is","originalText":"is","characterOffsetBegin":925,"characterOffsetEnd":927,"pos":"VBZ","before":" ","after":" "},{"index":7,"word":"present","originalText":"present","characterOffsetBegin":928,"characterOffsetEnd":935,"pos":"JJ","before":" ","after":" "},{"index":8,"word":"in","originalText":"in","characterOffsetBegin":936,"characterOffsetEnd":938,"pos":"IN","before":" ","after":" "},{"index":9,"word":"theenvironment","originalText":"theenvironment","characterOffsetBegin":939,"characterOffsetEnd":953,"pos":"NN","before":" ","after":""},{"index":10,"word":",","originalText":",","characterOffsetBegin":953,"characterOffsetEnd":954,"pos":",","before":"","after":" "},{"index":11,"word":"it","originalText":"it","characterOffsetBegin":955,"characterOffsetEnd":957,"pos":"PRP","before":" ","after":" "},{"index":12,"word":"may","originalText":"may","characterOffsetBegin":958,"characterOffsetEnd":961,"pos":"MD","before":" ","after":" "},{"index":13,"word":"not","originalText":"not","characterOffsetBegin":962,"characterOffsetEnd":965,"pos":"RB","before":" ","after":" "},{"index":14,"word":"be","originalText":"be","characterOffsetBegin":966,"characterOffsetEnd":968,"pos":"VB","before":" ","after":" "},{"index":15,"word":"what","originalText":"what","characterOffsetBegin":969,"characterOffsetEnd":973,"pos":"WP","before":" ","after":" "},{"index":16,"word":"you","originalText":"you","characterOffsetBegin":974,"characterOffsetEnd":977,"pos":"PRP","before":" ","after":" "},{"index":17,"word":"want","originalText":"want","characterOffsetBegin":978,"characterOffsetEnd":982,"pos":"VBP","before":" ","after":""},{"index":18,"word":";","originalText":";","characterOffsetBegin":982,"characterOffsetEnd":983,"pos":":","before":"","after":" "},{"index":19,"word":"it","originalText":"it","characterOffsetBegin":984,"characterOffsetEnd":986,"pos":"PRP","before":" ","after":" "},{"index":20,"word":"may","originalText":"may","characterOffsetBegin":987,"characterOffsetEnd":990,"pos":"MD","before":" ","after":" "},{"index":21,"word":"correspond","originalText":"correspond","characterOffsetBegin":991,"characterOffsetEnd":1001,"pos":"VB","before":" ","after":" "},{"index":22,"word":"to","originalText":"to","characterOffsetBegin":1002,"characterOffsetEnd":1004,"pos":"TO","before":" ","after":" "},{"index":23,"word":"a","originalText":"a","characterOffsetBegin":1005,"characterOffsetEnd":1006,"pos":"DT","before":" ","after":" "},{"index":24,"word":"windowon","originalText":"windowon","characterOffsetBegin":1007,"characterOffsetEnd":1015,"pos":"NN","before":" ","after":" "},{"index":25,"word":"a","originalText":"a","characterOffsetBegin":1016,"characterOffsetEnd":1017,"pos":"DT","before":" ","after":" "},{"index":26,"word":"different","originalText":"different","characterOffsetBegin":1018,"characterOffsetEnd":1027,"pos":"JJ","before":" ","after":" "},{"index":27,"word":"server","originalText":"server","characterOffsetBegin":1028,"characterOffsetEnd":1034,"pos":"NN","before":" ","after":""},{"index":28,"word":",","originalText":",","characterOffsetBegin":1034,"characterOffsetEnd":1035,"pos":",","before":"","after":" "},{"index":29,"word":"for","originalText":"for","characterOffsetBegin":1036,"characterOffsetEnd":1039,"pos":"IN","before":" ","after":" "},{"index":30,"word":"example","originalText":"example","characterOffsetBegin":1040,"characterOffsetEnd":1047,"pos":"NN","before":" ","after":""},{"index":31,"word":".","originalText":".","characterOffsetBegin":1047,"characterOffsetEnd":1048,"pos":".","before":"","after":"\t\t\t\t\t"}]},{"index":5,"tokens":[{"index":1,"word":"der","originalText":"der","characterOffsetBegin":1053,"characterOffsetEnd":1056,"pos":"NN","before":"\t\t\t\t\t","after":" "},{"index":2,"word":"Mouse","originalText":"Mouse","characterOffsetBegin":1057,"characterOffsetEnd":1062,"pos":"NN","before":" ","after":"\t\t\t\t"},{"index":3,"word":"mouse@mcrcim.mcgill.edu","originalText":"mouse@mcrcim.mcgill.edu","characterOffsetBegin":1066,"characterOffsetEnd":1089,"pos":"NN","before":"\t\t\t\t","after":""}]}]}