{"sentences":[{"index":0,"tokens":[{"index":1,"word":"From","originalText":"From","characterOffsetBegin":0,"characterOffsetEnd":4,"pos":"IN","before":"","after":""},{"index":2,"word":":","originalText":":","characterOffsetBegin":4,"characterOffsetEnd":5,"pos":":","before":"","after":" "},{"index":3,"word":"wolfson@ll.mit.edu","originalText":"wolfson@ll.mit.edu","characterOffsetBegin":6,"characterOffsetEnd":24,"pos":"NN","before":" ","after":" "},{"index":4,"word":"-LRB-","originalText":"(","characterOffsetBegin":25,"characterOffsetEnd":26,"pos":"-LRB-","before":" ","after":""},{"index":5,"word":"Harry","originalText":"Harry","characterOffsetBegin":26,"characterOffsetEnd":31,"pos":"NNP","before":"","after":" "},{"index":6,"word":"Wolfson","originalText":"Wolfson","characterOffsetBegin":32,"characterOffsetEnd":39,"pos":"NNP","before":" ","after":""},{"index":7,"word":"-RRB-","originalText":")","characterOffsetBegin":39,"characterOffsetEnd":40,"pos":"-RRB-","before":"","after":""},{"index":8,"word":"Subject","originalText":"Subject","characterOffsetBegin":40,"characterOffsetEnd":47,"pos":"NNP","before":"","after":""},{"index":9,"word":":","originalText":":","characterOffsetBegin":47,"characterOffsetEnd":48,"pos":":","before":"","after":" "},{"index":10,"word":"Re","originalText":"Re","characterOffsetBegin":49,"characterOffsetEnd":51,"pos":"NNP","before":" ","after":""},{"index":11,"word":":","originalText":":","characterOffsetBegin":51,"characterOffsetEnd":52,"pos":":","before":"","after":" "},{"index":12,"word":"MacX","originalText":"MacX","characterOffsetBegin":53,"characterOffsetEnd":57,"pos":"NN","before":" ","after":" "},{"index":13,"word":"1.2","originalText":"1.2","characterOffsetBegin":58,"characterOffsetEnd":61,"pos":"CD","before":" ","after":" "},{"index":14,"word":"color","originalText":"color","characterOffsetBegin":62,"characterOffsetEnd":67,"pos":"NN","before":" ","after":" "},{"index":15,"word":"problemStan","originalText":"problemStan","characterOffsetBegin":68,"characterOffsetEnd":79,"pos":"NNP","before":" ","after":" "},{"index":16,"word":"Kerr","originalText":"Kerr","characterOffsetBegin":80,"characterOffsetEnd":84,"pos":"NNP","before":" ","after":" "},{"index":17,"word":"writes","originalText":"writes","characterOffsetBegin":85,"characterOffsetEnd":91,"pos":"VBZ","before":" ","after":""},{"index":18,"word":":","originalText":":","characterOffsetBegin":91,"characterOffsetEnd":92,"pos":":","before":"","after":" "},{"index":19,"word":">","originalText":">","characterOffsetBegin":93,"characterOffsetEnd":94,"pos":"JJR","before":" ","after":""},{"index":20,"word":"When","originalText":"When","characterOffsetBegin":94,"characterOffsetEnd":98,"pos":"WRB","before":"","after":" "},{"index":21,"word":"some","originalText":"some","characterOffsetBegin":99,"characterOffsetEnd":103,"pos":"DT","before":" ","after":" "},{"index":22,"word":"types","originalText":"types","characterOffsetBegin":104,"characterOffsetEnd":109,"pos":"NNS","before":" ","after":" "},{"index":23,"word":"of","originalText":"of","characterOffsetBegin":110,"characterOffsetEnd":112,"pos":"IN","before":" ","after":" "},{"index":24,"word":"client","originalText":"client","characterOffsetBegin":113,"characterOffsetEnd":119,"pos":"NN","before":" ","after":" "},{"index":25,"word":"windows","originalText":"windows","characterOffsetBegin":120,"characterOffsetEnd":127,"pos":"NNS","before":" ","after":" "},{"index":26,"word":"are","originalText":"are","characterOffsetBegin":128,"characterOffsetEnd":131,"pos":"VBP","before":" ","after":" "},{"index":27,"word":"displayed","originalText":"displayed","characterOffsetBegin":132,"characterOffsetEnd":141,"pos":"VBN","before":" ","after":""},{"index":28,"word":",","originalText":",","characterOffsetBegin":141,"characterOffsetEnd":142,"pos":",","before":"","after":" "},{"index":29,"word":"parts","originalText":"parts","characterOffsetBegin":143,"characterOffsetEnd":148,"pos":"NNS","before":" ","after":" "},{"index":30,"word":"of","originalText":"of","characterOffsetBegin":149,"characterOffsetEnd":151,"pos":"IN","before":" ","after":" "},{"index":31,"word":"the","originalText":"the","characterOffsetBegin":152,"characterOffsetEnd":155,"pos":"DT","before":" ","after":" "},{"index":32,"word":"windows","originalText":"windows","characterOffsetBegin":156,"characterOffsetEnd":163,"pos":"NNS","before":" ","after":" "},{"index":33,"word":">","originalText":">","characterOffsetBegin":164,"characterOffsetEnd":165,"pos":"JJR","before":" ","after":""},{"index":34,"word":"are","originalText":"are","characterOffsetBegin":165,"characterOffsetEnd":168,"pos":"VBP","before":"","after":" "},{"index":35,"word":"in","originalText":"in","characterOffsetBegin":169,"characterOffsetEnd":171,"pos":"IN","before":" ","after":" "},{"index":36,"word":"the","originalText":"the","characterOffsetBegin":172,"characterOffsetEnd":175,"pos":"DT","before":" ","after":" "},{"index":37,"word":"wrong","originalText":"wrong","characterOffsetBegin":176,"characterOffsetEnd":181,"pos":"JJ","before":" ","after":" "},{"index":38,"word":"color","originalText":"color","characterOffsetBegin":182,"characterOffsetEnd":187,"pos":"NN","before":" ","after":""},{"index":39,"word":";","originalText":";","characterOffsetBegin":187,"characterOffsetEnd":188,"pos":":","before":"","after":" "},{"index":40,"word":"if","originalText":"if","characterOffsetBegin":189,"characterOffsetEnd":191,"pos":"IN","before":" ","after":" "},{"index":41,"word":"the","originalText":"the","characterOffsetBegin":192,"characterOffsetEnd":195,"pos":"DT","before":" ","after":" "},{"index":42,"word":"window","originalText":"window","characterOffsetBegin":196,"characterOffsetEnd":202,"pos":"NN","before":" ","after":" "},{"index":43,"word":"is","originalText":"is","characterOffsetBegin":203,"characterOffsetEnd":205,"pos":"VBZ","before":" ","after":" "},{"index":44,"word":"moved","originalText":"moved","characterOffsetBegin":206,"characterOffsetEnd":211,"pos":"VBN","before":" ","after":" "},{"index":45,"word":"slightly","originalText":"slightly","characterOffsetBegin":212,"characterOffsetEnd":220,"pos":"RB","before":" ","after":""},{"index":46,"word":",","originalText":",","characterOffsetBegin":220,"characterOffsetEnd":221,"pos":",","before":"","after":" "},{"index":47,"word":"forcing","originalText":"forcing","characterOffsetBegin":222,"characterOffsetEnd":229,"pos":"VBG","before":" ","after":" "},{"index":48,"word":"the","originalText":"the","characterOffsetBegin":230,"characterOffsetEnd":233,"pos":"DT","before":" ","after":" "},{"index":49,"word":"server","originalText":"server","characterOffsetBegin":234,"characterOffsetEnd":240,"pos":"NN","before":" ","after":" "},{"index":50,"word":">","originalText":">","characterOffsetBegin":241,"characterOffsetEnd":242,"pos":"JJR","before":" ","after":""},{"index":51,"word":"to","originalText":"to","characterOffsetBegin":242,"characterOffsetEnd":244,"pos":"TO","before":"","after":" "},{"index":52,"word":"repaint","originalText":"repaint","characterOffsetBegin":245,"characterOffsetEnd":252,"pos":"VB","before":" ","after":" "},{"index":53,"word":"it","originalText":"it","characterOffsetBegin":253,"characterOffsetEnd":255,"pos":"PRP","before":" ","after":""},{"index":54,"word":",","originalText":",","characterOffsetBegin":255,"characterOffsetEnd":256,"pos":",","before":"","after":" "},{"index":55,"word":"it","originalText":"it","characterOffsetBegin":257,"characterOffsetEnd":259,"pos":"PRP","before":" ","after":" "},{"index":56,"word":"is","originalText":"is","characterOffsetBegin":260,"characterOffsetEnd":262,"pos":"VBZ","before":" ","after":" "},{"index":57,"word":"repainted","originalText":"repainted","characterOffsetBegin":263,"characterOffsetEnd":272,"pos":"VBN","before":" ","after":" "},{"index":58,"word":"in","originalText":"in","characterOffsetBegin":273,"characterOffsetEnd":275,"pos":"IN","before":" ","after":" "},{"index":59,"word":"the","originalText":"the","characterOffsetBegin":276,"characterOffsetEnd":279,"pos":"DT","before":" ","after":" "},{"index":60,"word":"correct","originalText":"correct","characterOffsetBegin":280,"characterOffsetEnd":287,"pos":"JJ","before":" ","after":" "},{"index":61,"word":"colors","originalText":"colors","characterOffsetBegin":288,"characterOffsetEnd":294,"pos":"NNS","before":" ","after":""},{"index":62,"word":".","originalText":".","characterOffsetBegin":294,"characterOffsetEnd":295,"pos":".","before":"","after":" "}]},{"index":1,"tokens":[{"index":1,"word":"It","originalText":"It","characterOffsetBegin":296,"characterOffsetEnd":298,"pos":"PRP","before":" ","after":" "},{"index":2,"word":"does","originalText":"does","characterOffsetBegin":299,"characterOffsetEnd":303,"pos":"VBZ","before":" ","after":""},{"index":3,"word":"n't","originalText":"n't","characterOffsetBegin":303,"characterOffsetEnd":306,"pos":"RB","before":"","after":" "},{"index":4,"word":"happenI","originalText":"happenI","characterOffsetBegin":307,"characterOffsetEnd":314,"pos":"NN","before":" ","after":" "},{"index":5,"word":"have","originalText":"have","characterOffsetBegin":315,"characterOffsetEnd":319,"pos":"VBP","before":" ","after":" "},{"index":6,"word":"the","originalText":"the","characterOffsetBegin":320,"characterOffsetEnd":323,"pos":"DT","before":" ","after":" "},{"index":7,"word":"exact","originalText":"exact","characterOffsetBegin":324,"characterOffsetEnd":329,"pos":"JJ","before":" ","after":" "},{"index":8,"word":"same","originalText":"same","characterOffsetBegin":330,"characterOffsetEnd":334,"pos":"JJ","before":" ","after":" "},{"index":9,"word":"problem","originalText":"problem","characterOffsetBegin":335,"characterOffsetEnd":342,"pos":"NN","before":" ","after":" "},{"index":10,"word":"when","originalText":"when","characterOffsetBegin":343,"characterOffsetEnd":347,"pos":"WRB","before":" ","after":" "},{"index":11,"word":"running","originalText":"running","characterOffsetBegin":348,"characterOffsetEnd":355,"pos":"VBG","before":" ","after":" "},{"index":12,"word":"Hewlett","originalText":"Hewlett","characterOffsetBegin":356,"characterOffsetEnd":363,"pos":"NNP","before":" ","after":" "},{"index":13,"word":"Packard","originalText":"Packard","characterOffsetBegin":364,"characterOffsetEnd":371,"pos":"NNP","before":" ","after":""},{"index":14,"word":"'s","originalText":"'s","characterOffsetBegin":371,"characterOffsetEnd":373,"pos":"POS","before":"","after":" "},{"index":15,"word":"Microwave","originalText":"Microwave","characterOffsetBegin":374,"characterOffsetEnd":383,"pos":"NNP","before":" ","after":" "},{"index":16,"word":"DesignSystem","originalText":"DesignSystem","characterOffsetBegin":384,"characterOffsetEnd":396,"pos":"NNP","before":" ","after":" "},{"index":17,"word":"-LRB-","originalText":"(","characterOffsetBegin":397,"characterOffsetEnd":398,"pos":"-LRB-","before":" ","after":""},{"index":18,"word":"MDS","originalText":"MDS","characterOffsetBegin":398,"characterOffsetEnd":401,"pos":"NN","before":"","after":""},{"index":19,"word":"-RRB-","originalText":")","characterOffsetBegin":401,"characterOffsetEnd":402,"pos":"-RRB-","before":"","after":" "},{"index":20,"word":"from","originalText":"from","characterOffsetBegin":403,"characterOffsetEnd":407,"pos":"IN","before":" ","after":" "},{"index":21,"word":"an","originalText":"an","characterOffsetBegin":408,"characterOffsetEnd":410,"pos":"DT","before":" ","after":" "},{"index":22,"word":"HP","originalText":"HP","characterOffsetBegin":411,"characterOffsetEnd":413,"pos":"NNP","before":" ","after":" "},{"index":23,"word":"380","originalText":"380","characterOffsetBegin":414,"characterOffsetEnd":417,"pos":"CD","before":" ","after":" "},{"index":24,"word":"unix","originalText":"unix","characterOffsetBegin":418,"characterOffsetEnd":422,"pos":"NN","before":" ","after":" "},{"index":25,"word":"box","originalText":"box","characterOffsetBegin":423,"characterOffsetEnd":426,"pos":"NN","before":" ","after":" "},{"index":26,"word":"and","originalText":"and","characterOffsetBegin":427,"characterOffsetEnd":430,"pos":"CC","before":" ","after":" "},{"index":27,"word":"running","originalText":"running","characterOffsetBegin":431,"characterOffsetEnd":438,"pos":"VBG","before":" ","after":" "},{"index":28,"word":"MacX","originalText":"MacX","characterOffsetBegin":439,"characterOffsetEnd":443,"pos":"NN","before":" ","after":" "},{"index":29,"word":"1.2","originalText":"1.2","characterOffsetBegin":444,"characterOffsetEnd":447,"pos":"CD","before":" ","after":""},{"index":30,"word":",","originalText":",","characterOffsetBegin":447,"characterOffsetEnd":448,"pos":",","before":"","after":" "},{"index":31,"word":"Sys","originalText":"Sys","characterOffsetBegin":449,"characterOffsetEnd":452,"pos":"NNS","before":" ","after":" "},{"index":32,"word":"7.0.1","originalText":"7.0.1","characterOffsetBegin":453,"characterOffsetEnd":458,"pos":"CD","before":" ","after":""},{"index":33,"word":"*","originalText":"*","characterOffsetBegin":458,"characterOffsetEnd":459,"pos":"SYM","before":"","after":""},{"index":34,"word":".","originalText":".","characterOffsetBegin":459,"characterOffsetEnd":460,"pos":".","before":"","after":""}]},{"index":2,"tokens":[{"index":1,"word":"Normally","originalText":"Normally","characterOffsetBegin":460,"characterOffsetEnd":468,"pos":"RB","before":"","after":""},{"index":2,"word":",","originalText":",","characterOffsetBegin":468,"characterOffsetEnd":469,"pos":",","before":"","after":" "},{"index":3,"word":"MDS","originalText":"MDS","characterOffsetBegin":470,"characterOffsetEnd":473,"pos":"NN","before":" ","after":" "},{"index":4,"word":"draws","originalText":"draws","characterOffsetBegin":474,"characterOffsetEnd":479,"pos":"VBZ","before":" ","after":" "},{"index":5,"word":"a","originalText":"a","characterOffsetBegin":480,"characterOffsetEnd":481,"pos":"DT","before":" ","after":" "},{"index":6,"word":"window","originalText":"window","characterOffsetBegin":482,"characterOffsetEnd":488,"pos":"NN","before":" ","after":" "},{"index":7,"word":"with","originalText":"with","characterOffsetBegin":489,"characterOffsetEnd":493,"pos":"IN","before":" ","after":" "},{"index":8,"word":"a","originalText":"a","characterOffsetBegin":494,"characterOffsetEnd":495,"pos":"DT","before":" ","after":" "},{"index":9,"word":"deep","originalText":"deep","characterOffsetBegin":496,"characterOffsetEnd":500,"pos":"JJ","before":" ","after":" "},{"index":10,"word":"blue","originalText":"blue","characterOffsetBegin":501,"characterOffsetEnd":505,"pos":"JJ","before":" ","after":" "},{"index":11,"word":"backround","originalText":"backround","characterOffsetBegin":506,"characterOffsetEnd":515,"pos":"NN","before":" ","after":""},{"index":12,"word":",","originalText":",","characterOffsetBegin":515,"characterOffsetEnd":516,"pos":",","before":"","after":" "},{"index":13,"word":"but","originalText":"but","characterOffsetBegin":517,"characterOffsetEnd":520,"pos":"CC","before":" ","after":" "},{"index":14,"word":"occasionallyit","originalText":"occasionallyit","characterOffsetBegin":521,"characterOffsetEnd":535,"pos":"NN","before":" ","after":" "},{"index":15,"word":"becomes","originalText":"becomes","characterOffsetBegin":536,"characterOffsetEnd":543,"pos":"VBZ","before":" ","after":" "},{"index":16,"word":"a","originalText":"a","characterOffsetBegin":544,"characterOffsetEnd":545,"pos":"DT","before":" ","after":" "},{"index":17,"word":"light","originalText":"light","characterOffsetBegin":546,"characterOffsetEnd":551,"pos":"JJ","before":" ","after":" "},{"index":18,"word":"blue","originalText":"blue","characterOffsetBegin":552,"characterOffsetEnd":556,"pos":"JJ","before":" ","after":" "},{"index":19,"word":"and","originalText":"and","characterOffsetBegin":557,"characterOffsetEnd":560,"pos":"CC","before":" ","after":" "},{"index":20,"word":"all","originalText":"all","characterOffsetBegin":561,"characterOffsetEnd":564,"pos":"PDT","before":" ","after":" "},{"index":21,"word":"the","originalText":"the","characterOffsetBegin":565,"characterOffsetEnd":568,"pos":"DT","before":" ","after":" "},{"index":22,"word":"text","originalText":"text","characterOffsetBegin":569,"characterOffsetEnd":573,"pos":"NN","before":" ","after":""},{"index":23,"word":",","originalText":",","characterOffsetBegin":573,"characterOffsetEnd":574,"pos":",","before":"","after":" "},{"index":24,"word":"etc","originalText":"etc","characterOffsetBegin":575,"characterOffsetEnd":578,"pos":"NN","before":" ","after":""},{"index":25,"word":",","originalText":",","characterOffsetBegin":578,"characterOffsetEnd":579,"pos":",","before":"","after":" "},{"index":26,"word":"inside","originalText":"inside","characterOffsetBegin":580,"characterOffsetEnd":586,"pos":"IN","before":" ","after":" "},{"index":27,"word":"the","originalText":"the","characterOffsetBegin":587,"characterOffsetEnd":590,"pos":"DT","before":" ","after":" "},{"index":28,"word":"window","originalText":"window","characterOffsetBegin":591,"characterOffsetEnd":597,"pos":"NN","before":" ","after":" "},{"index":29,"word":"become","originalText":"become","characterOffsetBegin":598,"characterOffsetEnd":604,"pos":"VB","before":" ","after":""},{"index":30,"word":"``","originalText":"\"","characterOffsetBegin":604,"characterOffsetEnd":605,"pos":"``","before":"","after":""},{"index":31,"word":"washed","originalText":"washed","characterOffsetBegin":605,"characterOffsetEnd":611,"pos":"VBN","before":"","after":" "},{"index":32,"word":"out","originalText":"out","characterOffsetBegin":612,"characterOffsetEnd":615,"pos":"RP","before":" ","after":""},{"index":33,"word":"''","originalText":"\"","characterOffsetBegin":615,"characterOffsetEnd":616,"pos":"''","before":"","after":" "},{"index":34,"word":"-LRB-","originalText":"(","characterOffsetBegin":617,"characterOffsetEnd":618,"pos":"-LRB-","before":" ","after":""},{"index":35,"word":"nearly","originalText":"nearly","characterOffsetBegin":618,"characterOffsetEnd":624,"pos":"RB","before":"","after":" "},{"index":36,"word":"invisible","originalText":"invisible","characterOffsetBegin":625,"characterOffsetEnd":634,"pos":"JJ","before":" ","after":""},{"index":37,"word":"-RRB-","originalText":")","characterOffsetBegin":634,"characterOffsetEnd":635,"pos":"-RRB-","before":"","after":""},{"index":38,"word":".","originalText":".","characterOffsetBegin":635,"characterOffsetEnd":636,"pos":".","before":"","after":" "}]},{"index":3,"tokens":[{"index":1,"word":"I","originalText":"I","characterOffsetBegin":637,"characterOffsetEnd":638,"pos":"PRP","before":" ","after":" "},{"index":2,"word":"thought","originalText":"thought","characterOffsetBegin":639,"characterOffsetEnd":646,"pos":"VBD","before":" ","after":" "},{"index":3,"word":"that","originalText":"that","characterOffsetBegin":647,"characterOffsetEnd":651,"pos":"IN","before":" ","after":" "},{"index":4,"word":"it","originalText":"it","characterOffsetBegin":652,"characterOffsetEnd":654,"pos":"PRP","before":" ","after":" "},{"index":5,"word":"was","originalText":"was","characterOffsetBegin":655,"characterOffsetEnd":658,"pos":"VBD","before":" ","after":" "},{"index":6,"word":"just","originalText":"just","characterOffsetBegin":659,"characterOffsetEnd":663,"pos":"RB","before":" ","after":" "},{"index":7,"word":"somethingbrain","originalText":"somethingbrain","characterOffsetBegin":664,"characterOffsetEnd":678,"pos":"JJ","before":" ","after":" "},{"index":8,"word":"dead","originalText":"dead","characterOffsetBegin":679,"characterOffsetEnd":683,"pos":"JJ","before":" ","after":" "},{"index":9,"word":"that","originalText":"that","characterOffsetBegin":684,"characterOffsetEnd":688,"pos":"IN","before":" ","after":" "},{"index":10,"word":"I","originalText":"I","characterOffsetBegin":689,"characterOffsetEnd":690,"pos":"PRP","before":" ","after":" "},{"index":11,"word":"was","originalText":"was","characterOffsetBegin":691,"characterOffsetEnd":694,"pos":"VBD","before":" ","after":" "},{"index":12,"word":"doing","originalText":"doing","characterOffsetBegin":695,"characterOffsetEnd":700,"pos":"VBG","before":" ","after":" "},{"index":13,"word":"or","originalText":"or","characterOffsetBegin":701,"characterOffsetEnd":703,"pos":"CC","before":" ","after":" "},{"index":14,"word":"a","originalText":"a","characterOffsetBegin":704,"characterOffsetEnd":705,"pos":"DT","before":" ","after":" "},{"index":15,"word":"subtle","originalText":"subtle","characterOffsetBegin":706,"characterOffsetEnd":712,"pos":"JJ","before":" ","after":" "},{"index":16,"word":"conflict","originalText":"conflict","characterOffsetBegin":713,"characterOffsetEnd":721,"pos":"NN","before":" ","after":" "},{"index":17,"word":"with","originalText":"with","characterOffsetBegin":722,"characterOffsetEnd":726,"pos":"IN","before":" ","after":" "},{"index":18,"word":"another","originalText":"another","characterOffsetBegin":727,"characterOffsetEnd":734,"pos":"DT","before":" ","after":" "},{"index":19,"word":"app","originalText":"app","characterOffsetBegin":735,"characterOffsetEnd":738,"pos":"NN","before":" ","after":" "},{"index":20,"word":"or","originalText":"or","characterOffsetBegin":739,"characterOffsetEnd":741,"pos":"CC","before":" ","after":" "},{"index":21,"word":"INIT.By","originalText":"INIT.By","characterOffsetBegin":742,"characterOffsetEnd":749,"pos":"NN","before":" ","after":" "},{"index":22,"word":"slightly","originalText":"slightly","characterOffsetBegin":750,"characterOffsetEnd":758,"pos":"RB","before":" ","after":" "},{"index":23,"word":"moving","originalText":"moving","characterOffsetBegin":759,"characterOffsetEnd":765,"pos":"VBG","before":" ","after":" "},{"index":24,"word":"the","originalText":"the","characterOffsetBegin":766,"characterOffsetEnd":769,"pos":"DT","before":" ","after":" "},{"index":25,"word":"window","originalText":"window","characterOffsetBegin":770,"characterOffsetEnd":776,"pos":"NN","before":" ","after":""},{"index":26,"word":",","originalText":",","characterOffsetBegin":776,"characterOffsetEnd":777,"pos":",","before":"","after":" "},{"index":27,"word":"and","originalText":"and","characterOffsetBegin":778,"characterOffsetEnd":781,"pos":"CC","before":" ","after":" "},{"index":28,"word":"forcing","originalText":"forcing","characterOffsetBegin":782,"characterOffsetEnd":789,"pos":"VBG","before":" ","after":" "},{"index":29,"word":"a","originalText":"a","characterOffsetBegin":790,"characterOffsetEnd":791,"pos":"DT","before":" ","after":" "},{"index":30,"word":"re-draw","originalText":"re-draw","characterOffsetBegin":792,"characterOffsetEnd":799,"pos":"NN","before":" ","after":""},{"index":31,"word":",","originalText":",","characterOffsetBegin":799,"characterOffsetEnd":800,"pos":",","before":"","after":" "},{"index":32,"word":"the","originalText":"the","characterOffsetBegin":801,"characterOffsetEnd":804,"pos":"DT","before":" ","after":" "},{"index":33,"word":"colors","originalText":"colors","characterOffsetBegin":805,"characterOffsetEnd":811,"pos":"NNS","before":" ","after":" "},{"index":34,"word":"get","originalText":"get","characterOffsetBegin":812,"characterOffsetEnd":815,"pos":"VBP","before":" ","after":" "},{"index":35,"word":"corrected.Harry","originalText":"corrected.Harry","characterOffsetBegin":816,"characterOffsetEnd":831,"pos":"JJ","before":" ","after":" "},{"index":36,"word":"Wolfsonwolfson@ll.mit.edu","originalText":"Wolfsonwolfson@ll.mit.edu","characterOffsetBegin":832,"characterOffsetEnd":857,"pos":"NN","before":" ","after":""}]}]}