{"sentences":[{"index":0,"tokens":[{"index":1,"word":"From","originalText":"From","characterOffsetBegin":0,"characterOffsetEnd":4,"pos":"IN","before":"","after":""},{"index":2,"word":":","originalText":":","characterOffsetBegin":4,"characterOffsetEnd":5,"pos":":","before":"","after":" "},{"index":3,"word":"slg3x@cc.usu.eduSubject:","originalText":"slg3x@cc.usu.eduSubject:","characterOffsetBegin":6,"characterOffsetEnd":30,"pos":"NN","before":" ","after":" "},{"index":4,"word":"X","originalText":"X","characterOffsetBegin":31,"characterOffsetEnd":32,"pos":"NN","before":" ","after":" "},{"index":5,"word":"Color","originalText":"Color","characterOffsetBegin":33,"characterOffsetEnd":38,"pos":"NN","before":" ","after":" "},{"index":6,"word":"bitmap","originalText":"bitmap","characterOffsetBegin":39,"characterOffsetEnd":45,"pos":"NN","before":" ","after":" "},{"index":7,"word":"editor","originalText":"editor","characterOffsetBegin":46,"characterOffsetEnd":52,"pos":"NN","before":" ","after":" "},{"index":8,"word":"neededHi","originalText":"neededHi","characterOffsetBegin":53,"characterOffsetEnd":61,"pos":"NNP","before":" ","after":" "},{"index":9,"word":"Folks","originalText":"Folks","characterOffsetBegin":62,"characterOffsetEnd":67,"pos":"NNS","before":" ","after":""},{"index":10,"word":",","originalText":",","characterOffsetBegin":67,"characterOffsetEnd":68,"pos":",","before":"","after":""},{"index":11,"word":"Does","originalText":"Does","characterOffsetBegin":68,"characterOffsetEnd":72,"pos":"VBZ","before":"","after":" "},{"index":12,"word":"anybody","originalText":"anybody","characterOffsetBegin":73,"characterOffsetEnd":80,"pos":"NN","before":" ","after":" "},{"index":13,"word":"know","originalText":"know","characterOffsetBegin":81,"characterOffsetEnd":85,"pos":"VB","before":" ","after":" "},{"index":14,"word":"where","originalText":"where","characterOffsetBegin":86,"characterOffsetEnd":91,"pos":"WRB","before":" ","after":" "},{"index":15,"word":"I","originalText":"I","characterOffsetBegin":92,"characterOffsetEnd":93,"pos":"PRP","before":" ","after":" "},{"index":16,"word":"can","originalText":"can","characterOffsetBegin":94,"characterOffsetEnd":97,"pos":"MD","before":" ","after":" "},{"index":17,"word":"find","originalText":"find","characterOffsetBegin":98,"characterOffsetEnd":102,"pos":"VB","before":" ","after":" "},{"index":18,"word":"the","originalText":"the","characterOffsetBegin":103,"characterOffsetEnd":106,"pos":"DT","before":" ","after":" "},{"index":19,"word":"``","originalText":"\"","characterOffsetBegin":107,"characterOffsetEnd":108,"pos":"``","before":" ","after":""},{"index":20,"word":"Color","originalText":"Color","characterOffsetBegin":108,"characterOffsetEnd":113,"pos":"NN","before":"","after":""},{"index":21,"word":"''","originalText":"\"","characterOffsetBegin":113,"characterOffsetEnd":114,"pos":"''","before":"","after":" "},{"index":22,"word":"bitmap","originalText":"bitmap","characterOffsetBegin":115,"characterOffsetEnd":121,"pos":"NN","before":" ","after":" "},{"index":23,"word":"editoraround","originalText":"editoraround","characterOffsetBegin":122,"characterOffsetEnd":134,"pos":"VBD","before":" ","after":" "},{"index":24,"word":"the","originalText":"the","characterOffsetBegin":135,"characterOffsetEnd":138,"pos":"DT","before":" ","after":" "},{"index":25,"word":"public","originalText":"public","characterOffsetBegin":139,"characterOffsetEnd":145,"pos":"JJ","before":" ","after":" "},{"index":26,"word":"sites","originalText":"sites","characterOffsetBegin":146,"characterOffsetEnd":151,"pos":"NNS","before":" ","after":""},{"index":27,"word":"?","originalText":"?","characterOffsetBegin":151,"characterOffsetEnd":152,"pos":".","before":"","after":" "}]},{"index":1,"tokens":[{"index":1,"word":"Any","originalText":"Any","characterOffsetBegin":153,"characterOffsetEnd":156,"pos":"DT","before":" ","after":" "},{"index":2,"word":"information","originalText":"information","characterOffsetBegin":157,"characterOffsetEnd":168,"pos":"NN","before":" ","after":" "},{"index":3,"word":"I","originalText":"I","characterOffsetBegin":169,"characterOffsetEnd":170,"pos":"PRP","before":" ","after":" "},{"index":4,"word":"do","originalText":"do","characterOffsetBegin":171,"characterOffsetEnd":173,"pos":"VBP","before":" ","after":" "},{"index":5,"word":"appreciate","originalText":"appreciate","characterOffsetBegin":174,"characterOffsetEnd":184,"pos":"VB","before":" ","after":" "},{"index":6,"word":"that.C.Chang","originalText":"that.C.Chang","characterOffsetBegin":185,"characterOffsetEnd":197,"pos":"NN","before":" ","after":""}]}]}