{"sentences":[{"index":0,"tokens":[{"index":1,"word":"From","originalText":"From","characterOffsetBegin":0,"characterOffsetEnd":4,"pos":"IN","before":"","after":""},{"index":2,"word":":","originalText":":","characterOffsetBegin":4,"characterOffsetEnd":5,"pos":":","before":"","after":" "},{"index":3,"word":"srivasta@pilgrim.umass.edu","originalText":"srivasta@pilgrim.umass.edu","characterOffsetBegin":6,"characterOffsetEnd":32,"pos":"NN","before":" ","after":" "},{"index":4,"word":"-LRB-","originalText":"(","characterOffsetBegin":33,"characterOffsetEnd":34,"pos":"-LRB-","before":" ","after":""},{"index":5,"word":"Manoj","originalText":"Manoj","characterOffsetBegin":34,"characterOffsetEnd":39,"pos":"NNP","before":"","after":" "},{"index":6,"word":"Srivastava","originalText":"Srivastava","characterOffsetBegin":40,"characterOffsetEnd":50,"pos":"NNP","before":" ","after":""},{"index":7,"word":"-RRB-","originalText":")","characterOffsetBegin":50,"characterOffsetEnd":51,"pos":"-RRB-","before":"","after":""},{"index":8,"word":"Subject","originalText":"Subject","characterOffsetBegin":51,"characterOffsetEnd":58,"pos":"NNP","before":"","after":""},{"index":9,"word":":","originalText":":","characterOffsetBegin":58,"characterOffsetEnd":59,"pos":":","before":"","after":" "},{"index":10,"word":"-LSB-","originalText":"[","characterOffsetBegin":60,"characterOffsetEnd":61,"pos":"-LRB-","before":" ","after":""},{"index":11,"word":"REQUEST","originalText":"REQUEST","characterOffsetBegin":61,"characterOffsetEnd":68,"pos":"NN","before":"","after":""},{"index":12,"word":"-RSB-","originalText":"]","characterOffsetBegin":68,"characterOffsetEnd":69,"pos":"-RRB-","before":"","after":" "},{"index":13,"word":"Need","originalText":"Need","characterOffsetBegin":70,"characterOffsetEnd":74,"pos":"VBD","before":" ","after":" "},{"index":14,"word":"tvtwm","originalText":"tvtwm","characterOffsetBegin":75,"characterOffsetEnd":80,"pos":"NN","before":" ","after":" "},{"index":15,"word":"sources","originalText":"sources","characterOffsetBegin":81,"characterOffsetEnd":88,"pos":"NNS","before":" ","after":" "},{"index":16,"word":"with","originalText":"with","characterOffsetBegin":89,"characterOffsetEnd":93,"pos":"IN","before":" ","after":" "},{"index":17,"word":"mods","originalText":"mods","characterOffsetBegin":94,"characterOffsetEnd":98,"pos":"NNS","before":" ","after":" "},{"index":18,"word":"from","originalText":"from","characterOffsetBegin":99,"characterOffsetEnd":103,"pos":"IN","before":" ","after":" "},{"index":19,"word":"R.","originalText":"R.","characterOffsetBegin":104,"characterOffsetEnd":106,"pos":"NNP","before":" ","after":" "},{"index":20,"word":"J.","originalText":"J.","characterOffsetBegin":107,"characterOffsetEnd":109,"pos":"NNP","before":" ","after":" "},{"index":21,"word":"CaleyHello","originalText":"CaleyHello","characterOffsetBegin":110,"characterOffsetEnd":120,"pos":"NNP","before":" ","after":""},{"index":22,"word":",","originalText":",","characterOffsetBegin":120,"characterOffsetEnd":121,"pos":",","before":"","after":" \t"},{"index":23,"word":"way","originalText":"way","characterOffsetBegin":123,"characterOffsetEnd":126,"pos":"NN","before":" \t","after":" "},{"index":24,"word":"back","originalText":"back","characterOffsetBegin":127,"characterOffsetEnd":131,"pos":"RB","before":" ","after":" "},{"index":25,"word":"in","originalText":"in","characterOffsetBegin":132,"characterOffsetEnd":134,"pos":"IN","before":" ","after":" "},{"index":26,"word":"the","originalText":"the","characterOffsetBegin":135,"characterOffsetEnd":138,"pos":"DT","before":" ","after":" "},{"index":27,"word":"mists","originalText":"mists","characterOffsetBegin":139,"characterOffsetEnd":144,"pos":"NNS","before":" ","after":" "},{"index":28,"word":"of","originalText":"of","characterOffsetBegin":145,"characterOffsetEnd":147,"pos":"IN","before":" ","after":" "},{"index":29,"word":"time","originalText":"time","characterOffsetBegin":148,"characterOffsetEnd":152,"pos":"NN","before":" ","after":""},{"index":30,"word":",","originalText":",","characterOffsetBegin":152,"characterOffsetEnd":153,"pos":",","before":"","after":" "},{"index":31,"word":"I","originalText":"I","characterOffsetBegin":154,"characterOffsetEnd":155,"pos":"PRP","before":" ","after":" "},{"index":32,"word":"had","originalText":"had","characterOffsetBegin":156,"characterOffsetEnd":159,"pos":"VBD","before":" ","after":" "},{"index":33,"word":"a","originalText":"a","characterOffsetBegin":160,"characterOffsetEnd":161,"pos":"DT","before":" ","after":" "},{"index":34,"word":"set","originalText":"set","characterOffsetBegin":162,"characterOffsetEnd":165,"pos":"NN","before":" ","after":" "},{"index":35,"word":"of","originalText":"of","characterOffsetBegin":166,"characterOffsetEnd":168,"pos":"IN","before":" ","after":" "},{"index":36,"word":"patches","originalText":"patches","characterOffsetBegin":169,"characterOffsetEnd":176,"pos":"NNS","before":" ","after":" "},{"index":37,"word":"writtenby","originalText":"writtenby","characterOffsetBegin":177,"characterOffsetEnd":186,"pos":"JJ","before":" ","after":" "},{"index":38,"word":"Richard","originalText":"Richard","characterOffsetBegin":187,"characterOffsetEnd":194,"pos":"NNP","before":" ","after":" "},{"index":39,"word":"Caley","originalText":"Caley","characterOffsetBegin":195,"characterOffsetEnd":200,"pos":"NNP","before":" ","after":" "},{"index":40,"word":"-LRB-","originalText":"(","characterOffsetBegin":201,"characterOffsetEnd":202,"pos":"-LRB-","before":" ","after":""},{"index":41,"word":"I","originalText":"I","characterOffsetBegin":202,"characterOffsetEnd":203,"pos":"PRP","before":"","after":" "},{"index":42,"word":"believe","originalText":"believe","characterOffsetBegin":204,"characterOffsetEnd":211,"pos":"VBP","before":" ","after":" "},{"index":43,"word":"to","originalText":"to","characterOffsetBegin":212,"characterOffsetEnd":214,"pos":"TO","before":" ","after":" "},{"index":44,"word":"the","originalText":"the","characterOffsetBegin":215,"characterOffsetEnd":218,"pos":"DT","before":" ","after":" "},{"index":45,"word":"standars","originalText":"standars","characterOffsetBegin":219,"characterOffsetEnd":227,"pos":"NNS","before":" ","after":" "},{"index":46,"word":"distribution","originalText":"distribution","characterOffsetBegin":228,"characterOffsetEnd":240,"pos":"NN","before":" ","after":""},{"index":47,"word":",","originalText":",","characterOffsetBegin":240,"characterOffsetEnd":241,"pos":",","before":"","after":" "},{"index":48,"word":"patch","originalText":"patch","characterOffsetBegin":242,"characterOffsetEnd":247,"pos":"NN","before":" ","after":" "},{"index":49,"word":"level6","originalText":"level6","characterOffsetBegin":248,"characterOffsetEnd":254,"pos":"NN","before":" ","after":""},{"index":50,"word":"-RRB-","originalText":")","characterOffsetBegin":254,"characterOffsetEnd":255,"pos":"-RRB-","before":"","after":" "},{"index":51,"word":"which","originalText":"which","characterOffsetBegin":256,"characterOffsetEnd":261,"pos":"WDT","before":" ","after":" "},{"index":52,"word":"added","originalText":"added","characterOffsetBegin":262,"characterOffsetEnd":267,"pos":"VBD","before":" ","after":" "},{"index":53,"word":"regular","originalText":"regular","characterOffsetBegin":268,"characterOffsetEnd":275,"pos":"JJ","before":" ","after":" "},{"index":54,"word":"expressions","originalText":"expressions","characterOffsetBegin":276,"characterOffsetEnd":287,"pos":"NNS","before":" ","after":" "},{"index":55,"word":"in","originalText":"in","characterOffsetBegin":288,"characterOffsetEnd":290,"pos":"IN","before":" ","after":" "},{"index":56,"word":"the","originalText":"the","characterOffsetBegin":291,"characterOffsetEnd":294,"pos":"DT","before":" ","after":" "},{"index":57,"word":".","originalText":".","characterOffsetBegin":295,"characterOffsetEnd":296,"pos":".","before":" ","after":""}]},{"index":1,"tokens":[{"index":1,"word":"tvtwmrc","originalText":"tvtwmrc","characterOffsetBegin":296,"characterOffsetEnd":303,"pos":"NN","before":"","after":" "},{"index":2,"word":"file","originalText":"file","characterOffsetBegin":304,"characterOffsetEnd":308,"pos":"NN","before":" ","after":""},{"index":3,"word":",","originalText":",","characterOffsetBegin":308,"characterOffsetEnd":309,"pos":",","before":"","after":" "},{"index":4,"word":"multiple","originalText":"multiple","characterOffsetBegin":310,"characterOffsetEnd":318,"pos":"JJ","before":" ","after":" "},{"index":5,"word":"iconregions","originalText":"iconregions","characterOffsetBegin":319,"characterOffsetEnd":330,"pos":"NNS","before":" ","after":""},{"index":6,"word":",","originalText":",","characterOffsetBegin":330,"characterOffsetEnd":331,"pos":",","before":"","after":" "},{"index":7,"word":"squeezable","originalText":"squeezable","characterOffsetBegin":332,"characterOffsetEnd":342,"pos":"JJ","before":" ","after":" "},{"index":8,"word":"icons","originalText":"icons","characterOffsetBegin":343,"characterOffsetEnd":348,"pos":"NNS","before":" ","after":""},{"index":9,"word":",","originalText":",","characterOffsetBegin":348,"characterOffsetEnd":349,"pos":",","before":"","after":" "},{"index":10,"word":"and","originalText":"and","characterOffsetBegin":350,"characterOffsetEnd":353,"pos":"CC","before":" ","after":" "},{"index":11,"word":"f.deleteordestroy","originalText":"f.deleteordestroy","characterOffsetBegin":354,"characterOffsetEnd":371,"pos":"NN","before":" ","after":" "},{"index":12,"word":"function","originalText":"function","characterOffsetBegin":372,"characterOffsetEnd":380,"pos":"NN","before":" ","after":""},{"index":13,"word":".","originalText":".","characterOffsetBegin":380,"characterOffsetEnd":381,"pos":".","before":"","after":" "}]},{"index":2,"tokens":[{"index":1,"word":"I","originalText":"I","characterOffsetBegin":382,"characterOffsetEnd":383,"pos":"PRP","before":" ","after":" "},{"index":2,"word":"stillhave","originalText":"stillhave","characterOffsetBegin":384,"characterOffsetEnd":393,"pos":"VBP","before":" ","after":" "},{"index":3,"word":"the","originalText":"the","characterOffsetBegin":394,"characterOffsetEnd":397,"pos":"DT","before":" ","after":" "},{"index":4,"word":"patches","originalText":"patches","characterOffsetBegin":398,"characterOffsetEnd":405,"pos":"NNS","before":" ","after":""},{"index":5,"word":",","originalText":",","characterOffsetBegin":405,"characterOffsetEnd":406,"pos":",","before":"","after":" "},{"index":6,"word":"however","originalText":"however","characterOffsetBegin":407,"characterOffsetEnd":414,"pos":"RB","before":" ","after":""},{"index":7,"word":",","originalText":",","characterOffsetBegin":414,"characterOffsetEnd":415,"pos":",","before":"","after":" "},{"index":8,"word":"I","originalText":"I","characterOffsetBegin":416,"characterOffsetEnd":417,"pos":"PRP","before":" ","after":" "},{"index":9,"word":"can","originalText":"can","characterOffsetBegin":418,"characterOffsetEnd":421,"pos":"MD","before":" ","after":" "},{"index":10,"word":"no","originalText":"no","characterOffsetBegin":422,"characterOffsetEnd":424,"pos":"RB","before":" ","after":" "},{"index":11,"word":"longer","originalText":"longer","characterOffsetBegin":425,"characterOffsetEnd":431,"pos":"RB","before":" ","after":" "},{"index":12,"word":"find","originalText":"find","characterOffsetBegin":432,"characterOffsetEnd":436,"pos":"VB","before":" ","after":" "},{"index":13,"word":"the","originalText":"the","characterOffsetBegin":437,"characterOffsetEnd":440,"pos":"DT","before":" ","after":" "},{"index":14,"word":"sources","originalText":"sources","characterOffsetBegin":441,"characterOffsetEnd":448,"pos":"NNS","before":" ","after":" "},{"index":15,"word":"to","originalText":"to","characterOffsetBegin":449,"characterOffsetEnd":451,"pos":"TO","before":" ","after":" "},{"index":16,"word":"whichthey","originalText":"whichthey","characterOffsetBegin":452,"characterOffsetEnd":461,"pos":"JJ","before":" ","after":" "},{"index":17,"word":"applied","originalText":"applied","characterOffsetBegin":462,"characterOffsetEnd":469,"pos":"VBN","before":" ","after":" "},{"index":18,"word":";--RRB-","originalText":";-)","characterOffsetBegin":470,"characterOffsetEnd":473,"pos":"NN","before":" ","after":""},{"index":19,"word":".","originalText":".","characterOffsetBegin":473,"characterOffsetEnd":474,"pos":".","before":"","after":" \t"}]},{"index":3,"tokens":[{"index":1,"word":"I","originalText":"I","characterOffsetBegin":476,"characterOffsetEnd":477,"pos":"PRP","before":" \t","after":""},{"index":2,"word":"'d","originalText":"'d","characterOffsetBegin":477,"characterOffsetEnd":479,"pos":"MD","before":"","after":" "},{"index":3,"word":"appreciate","originalText":"appreciate","characterOffsetBegin":480,"characterOffsetEnd":490,"pos":"VB","before":" ","after":" "},{"index":4,"word":"if","originalText":"if","characterOffsetBegin":491,"characterOffsetEnd":493,"pos":"IN","before":" ","after":" "},{"index":5,"word":"some","originalText":"some","characterOffsetBegin":494,"characterOffsetEnd":498,"pos":"DT","before":" ","after":" "},{"index":6,"word":"kind","originalText":"kind","characterOffsetBegin":499,"characterOffsetEnd":503,"pos":"NN","before":" ","after":" "},{"index":7,"word":"soul","originalText":"soul","characterOffsetBegin":504,"characterOffsetEnd":508,"pos":"NN","before":" ","after":" "},{"index":8,"word":"could","originalText":"could","characterOffsetBegin":509,"characterOffsetEnd":514,"pos":"MD","before":" ","after":" "},{"index":9,"word":"send","originalText":"send","characterOffsetBegin":515,"characterOffsetEnd":519,"pos":"VB","before":" ","after":" "},{"index":10,"word":"me","originalText":"me","characterOffsetBegin":520,"characterOffsetEnd":522,"pos":"PRP","before":" ","after":" "},{"index":11,"word":"a","originalText":"a","characterOffsetBegin":523,"characterOffsetEnd":524,"pos":"DT","before":" ","after":" "},{"index":12,"word":"pointer","originalText":"pointer","characterOffsetBegin":525,"characterOffsetEnd":532,"pos":"NN","before":" ","after":" "},{"index":13,"word":"towhere","originalText":"towhere","characterOffsetBegin":533,"characterOffsetEnd":540,"pos":"NN","before":" ","after":" "},{"index":14,"word":"I","originalText":"I","characterOffsetBegin":541,"characterOffsetEnd":542,"pos":"PRP","before":" ","after":" "},{"index":15,"word":"could","originalText":"could","characterOffsetBegin":543,"characterOffsetEnd":548,"pos":"MD","before":" ","after":" "},{"index":16,"word":"find","originalText":"find","characterOffsetBegin":549,"characterOffsetEnd":553,"pos":"VB","before":" ","after":" "},{"index":17,"word":"the","originalText":"the","characterOffsetBegin":554,"characterOffsetEnd":557,"pos":"DT","before":" ","after":" "},{"index":18,"word":"sources","originalText":"sources","characterOffsetBegin":558,"characterOffsetEnd":565,"pos":"NNS","before":" ","after":""},{"index":19,"word":".","originalText":".","characterOffsetBegin":565,"characterOffsetEnd":566,"pos":".","before":"","after":" "}]},{"index":4,"tokens":[{"index":1,"word":"Has","originalText":"Has","characterOffsetBegin":567,"characterOffsetEnd":570,"pos":"VBZ","before":" ","after":" "},{"index":2,"word":"anyone","originalText":"anyone","characterOffsetBegin":571,"characterOffsetEnd":577,"pos":"NN","before":" ","after":" "},{"index":3,"word":"updated","originalText":"updated","characterOffsetBegin":578,"characterOffsetEnd":585,"pos":"VBN","before":" ","after":" "},{"index":4,"word":"the","originalText":"the","characterOffsetBegin":586,"characterOffsetEnd":589,"pos":"DT","before":" ","after":" "},{"index":5,"word":"patches","originalText":"patches","characterOffsetBegin":590,"characterOffsetEnd":597,"pos":"NNS","before":" ","after":" "},{"index":6,"word":"for","originalText":"for","characterOffsetBegin":598,"characterOffsetEnd":601,"pos":"IN","before":" ","after":" "},{"index":7,"word":"R5","originalText":"R5","characterOffsetBegin":602,"characterOffsetEnd":604,"pos":"NN","before":" ","after":""},{"index":8,"word":"?","originalText":"?","characterOffsetBegin":604,"characterOffsetEnd":605,"pos":".","before":"","after":""}]},{"index":5,"tokens":[{"index":1,"word":"-LRB-","originalText":"(","characterOffsetBegin":605,"characterOffsetEnd":606,"pos":"-LRB-","before":"","after":""},{"index":2,"word":"Richard","originalText":"Richard","characterOffsetBegin":606,"characterOffsetEnd":613,"pos":"NNP","before":"","after":""},{"index":3,"word":"?","originalText":"?","characterOffsetBegin":613,"characterOffsetEnd":614,"pos":".","before":"","after":" "}]},{"index":6,"tokens":[{"index":1,"word":"are","originalText":"are","characterOffsetBegin":615,"characterOffsetEnd":618,"pos":"VBP","before":" ","after":" "},{"index":2,"word":"you","originalText":"you","characterOffsetBegin":619,"characterOffsetEnd":622,"pos":"PRP","before":" ","after":" "},{"index":3,"word":"out","originalText":"out","characterOffsetBegin":623,"characterOffsetEnd":626,"pos":"IN","before":" ","after":" "},{"index":4,"word":"there","originalText":"there","characterOffsetBegin":627,"characterOffsetEnd":632,"pos":"RB","before":" ","after":""},{"index":5,"word":"?","originalText":"?","characterOffsetBegin":632,"characterOffsetEnd":633,"pos":".","before":"","after":" "}]},{"index":7,"tokens":[{"index":1,"word":"pretty","originalText":"pretty","characterOffsetBegin":634,"characterOffsetEnd":640,"pos":"RB","before":" ","after":" "},{"index":2,"word":"please","originalText":"please","characterOffsetBegin":641,"characterOffsetEnd":647,"pos":"VB","before":" ","after":""},{"index":3,"word":"?","originalText":"?","characterOffsetBegin":647,"characterOffsetEnd":648,"pos":".","before":"","after":""},{"index":4,"word":"-RRB-","originalText":")","characterOffsetBegin":648,"characterOffsetEnd":649,"pos":"-RRB-","before":"","after":"\t"}]},{"index":8,"tokens":[{"index":1,"word":"Thanks","originalText":"Thanks","characterOffsetBegin":650,"characterOffsetEnd":656,"pos":"NNS","before":"\t","after":" "},{"index":2,"word":"in","originalText":"in","characterOffsetBegin":657,"characterOffsetEnd":659,"pos":"IN","before":" ","after":" "},{"index":3,"word":"advance","originalText":"advance","characterOffsetBegin":660,"characterOffsetEnd":667,"pos":"NN","before":" ","after":""},{"index":4,"word":".","originalText":".","characterOffsetBegin":667,"characterOffsetEnd":668,"pos":".","before":"","after":"\t\t"}]},{"index":9,"tokens":[{"index":1,"word":"manoj","originalText":"manoj","characterOffsetBegin":670,"characterOffsetEnd":675,"pos":"NN","before":"\t\t","after":""}]}]}