{"sentences":[{"index":0,"tokens":[{"index":1,"word":"From","originalText":"From","characterOffsetBegin":0,"characterOffsetEnd":4,"pos":"IN","before":"","after":""},{"index":2,"word":":","originalText":":","characterOffsetBegin":4,"characterOffsetEnd":5,"pos":":","before":"","after":" "},{"index":3,"word":"bash@tware.com","originalText":"bash@tware.com","characterOffsetBegin":6,"characterOffsetEnd":20,"pos":"NN","before":" ","after":" "},{"index":4,"word":"-LRB-","originalText":"(","characterOffsetBegin":21,"characterOffsetEnd":22,"pos":"-LRB-","before":" ","after":""},{"index":5,"word":"Paul","originalText":"Paul","characterOffsetBegin":22,"characterOffsetEnd":26,"pos":"NNP","before":"","after":" "},{"index":6,"word":"Bash","originalText":"Bash","characterOffsetBegin":27,"characterOffsetEnd":31,"pos":"NNP","before":" ","after":""},{"index":7,"word":"-RRB-","originalText":")","characterOffsetBegin":31,"characterOffsetEnd":32,"pos":"-RRB-","before":"","after":""},{"index":8,"word":"Subject","originalText":"Subject","characterOffsetBegin":32,"characterOffsetEnd":39,"pos":"NNP","before":"","after":""},{"index":9,"word":":","originalText":":","characterOffsetBegin":39,"characterOffsetEnd":40,"pos":":","before":"","after":" "},{"index":10,"word":"Re","originalText":"Re","characterOffsetBegin":41,"characterOffsetEnd":43,"pos":"NNP","before":" ","after":""},{"index":11,"word":":","originalText":":","characterOffsetBegin":43,"characterOffsetEnd":44,"pos":":","before":"","after":" "},{"index":12,"word":"X11R5","originalText":"X11R5","characterOffsetBegin":45,"characterOffsetEnd":50,"pos":"NN","before":" ","after":" "},{"index":13,"word":"and","originalText":"and","characterOffsetBegin":51,"characterOffsetEnd":54,"pos":"CC","before":" ","after":" "},{"index":14,"word":"Open","originalText":"Open","characterOffsetBegin":55,"characterOffsetEnd":59,"pos":"VB","before":" ","after":" "},{"index":15,"word":"LookIn","originalText":"LookIn","characterOffsetBegin":60,"characterOffsetEnd":66,"pos":"NN","before":" ","after":" "},{"index":16,"word":"article","originalText":"article","characterOffsetBegin":67,"characterOffsetEnd":74,"pos":"NN","before":" ","after":" "},{"index":17,"word":"<1993Apr12.220600.10691@nrao.edu>","originalText":"<1993Apr12.220600.10691@nrao.edu>","characterOffsetBegin":75,"characterOffsetEnd":108,"pos":"NN","before":" ","after":" "},{"index":18,"word":"rgooch@rp.CSIRO.AU","originalText":"rgooch@rp.CSIRO.AU","characterOffsetBegin":109,"characterOffsetEnd":127,"pos":"NN","before":" ","after":" "},{"index":19,"word":"-LRB-","originalText":"(","characterOffsetBegin":128,"characterOffsetEnd":129,"pos":"-LRB-","before":" ","after":""},{"index":20,"word":"Richard","originalText":"Richard","characterOffsetBegin":129,"characterOffsetEnd":136,"pos":"NNP","before":"","after":" "},{"index":21,"word":"Gooch","originalText":"Gooch","characterOffsetBegin":137,"characterOffsetEnd":142,"pos":"NNP","before":" ","after":""},{"index":22,"word":"-RRB-","originalText":")","characterOffsetBegin":142,"characterOffsetEnd":143,"pos":"-RRB-","before":"","after":" "},{"index":23,"word":"writes","originalText":"writes","characterOffsetBegin":144,"characterOffsetEnd":150,"pos":"VBZ","before":" ","after":""},{"index":24,"word":":","originalText":":","characterOffsetBegin":150,"characterOffsetEnd":151,"pos":":","before":"","after":""},{"index":25,"word":">","originalText":">","characterOffsetBegin":151,"characterOffsetEnd":152,"pos":"JJR","before":"","after":""},{"index":26,"word":"In","originalText":"In","characterOffsetBegin":152,"characterOffsetEnd":154,"pos":"IN","before":"","after":" "},{"index":27,"word":"article","originalText":"article","characterOffsetBegin":155,"characterOffsetEnd":162,"pos":"NN","before":" ","after":" "},{"index":28,"word":"<1993Apr12.155820.82@aedc-vax.af.mil>","originalText":"<1993Apr12.155820.82@aedc-vax.af.mil>","characterOffsetBegin":163,"characterOffsetEnd":200,"pos":"NN","before":" ","after":""},{"index":29,"word":",","originalText":",","characterOffsetBegin":200,"characterOffsetEnd":201,"pos":",","before":"","after":" "},{"index":30,"word":"bonds@aedc-vax.af.mil","originalText":"bonds@aedc-vax.af.mil","characterOffsetBegin":202,"characterOffsetEnd":223,"pos":"JJ","before":" ","after":" "},{"index":31,"word":"writes","originalText":"writes","characterOffsetBegin":224,"characterOffsetEnd":230,"pos":"VBZ","before":" ","after":""},{"index":32,"word":":","originalText":":","characterOffsetBegin":230,"characterOffsetEnd":231,"pos":":","before":"","after":""},{"index":33,"word":">>","originalText":">>","characterOffsetBegin":231,"characterOffsetEnd":233,"pos":"CD","before":"","after":" "},{"index":34,"word":"I","originalText":"I","characterOffsetBegin":234,"characterOffsetEnd":235,"pos":"PRP","before":" ","after":" "},{"index":35,"word":"am","originalText":"am","characterOffsetBegin":236,"characterOffsetEnd":238,"pos":"VBP","before":" ","after":" "},{"index":36,"word":"reposting","originalText":"reposting","characterOffsetBegin":239,"characterOffsetEnd":248,"pos":"VBG","before":" ","after":" "},{"index":37,"word":"this","originalText":"this","characterOffsetBegin":249,"characterOffsetEnd":253,"pos":"DT","before":" ","after":" "},{"index":38,"word":"because","originalText":"because","characterOffsetBegin":254,"characterOffsetEnd":261,"pos":"IN","before":" ","after":" "},{"index":39,"word":"I","originalText":"I","characterOffsetBegin":262,"characterOffsetEnd":263,"pos":"PRP","before":" ","after":" "},{"index":40,"word":"am","originalText":"am","characterOffsetBegin":264,"characterOffsetEnd":266,"pos":"VBP","before":" ","after":" "},{"index":41,"word":"not","originalText":"not","characterOffsetBegin":267,"characterOffsetEnd":270,"pos":"RB","before":" ","after":" "},{"index":42,"word":"sure","originalText":"sure","characterOffsetBegin":271,"characterOffsetEnd":275,"pos":"JJ","before":" ","after":" "},{"index":43,"word":"my","originalText":"my","characterOffsetBegin":276,"characterOffsetEnd":278,"pos":"PRP$","before":" ","after":" "},{"index":44,"word":"first","originalText":"first","characterOffsetBegin":279,"characterOffsetEnd":284,"pos":"JJ","before":" ","after":" "},{"index":45,"word":"post","originalText":"post","characterOffsetBegin":285,"characterOffsetEnd":289,"pos":"NN","before":" ","after":" "},{"index":46,"word":"ever","originalText":"ever","characterOffsetBegin":290,"characterOffsetEnd":294,"pos":"RB","before":" ","after":" "},{"index":47,"word":"made","originalText":"made","characterOffsetBegin":295,"characterOffsetEnd":299,"pos":"VBD","before":" ","after":" "},{"index":48,"word":"it","originalText":"it","characterOffsetBegin":300,"characterOffsetEnd":302,"pos":"PRP","before":" ","after":" "},{"index":49,"word":"out","originalText":"out","characterOffsetBegin":303,"characterOffsetEnd":306,"pos":"RP","before":" ","after":""},{"index":50,"word":".","originalText":".","characterOffsetBegin":306,"characterOffsetEnd":307,"pos":".","before":"","after":""}]},{"index":1,"tokens":[{"index":1,"word":">>","originalText":">>","characterOffsetBegin":307,"characterOffsetEnd":309,"pos":"NN","before":"","after":" "},{"index":2,"word":"I","originalText":"I","characterOffsetBegin":310,"characterOffsetEnd":311,"pos":"PRP","before":" ","after":" "},{"index":3,"word":"have","originalText":"have","characterOffsetBegin":312,"characterOffsetEnd":316,"pos":"VBP","before":" ","after":" "},{"index":4,"word":"built","originalText":"built","characterOffsetBegin":317,"characterOffsetEnd":322,"pos":"VBN","before":" ","after":" "},{"index":5,"word":"and","originalText":"and","characterOffsetBegin":323,"characterOffsetEnd":326,"pos":"CC","before":" ","after":" "},{"index":6,"word":"installed","originalText":"installed","characterOffsetBegin":327,"characterOffsetEnd":336,"pos":"VBN","before":" ","after":" "},{"index":7,"word":"X11R5","originalText":"X11R5","characterOffsetBegin":337,"characterOffsetEnd":342,"pos":"NN","before":" ","after":" "},{"index":8,"word":"on","originalText":"on","characterOffsetBegin":343,"characterOffsetEnd":345,"pos":"IN","before":" ","after":" "},{"index":9,"word":"my","originalText":"my","characterOffsetBegin":346,"characterOffsetEnd":348,"pos":"PRP$","before":" ","after":" "},{"index":10,"word":"SPARCstation","originalText":"SPARCstation","characterOffsetBegin":349,"characterOffsetEnd":361,"pos":"NN","before":" ","after":" "},{"index":11,"word":"2","originalText":"2","characterOffsetBegin":362,"characterOffsetEnd":363,"pos":"CD","before":" ","after":""},{"index":12,"word":".","originalText":".","characterOffsetBegin":363,"characterOffsetEnd":364,"pos":".","before":"","after":"  "}]},{"index":2,"tokens":[{"index":1,"word":"My","originalText":"My","characterOffsetBegin":366,"characterOffsetEnd":368,"pos":"PRP$","before":"  ","after":" "},{"index":2,"word":"aim","originalText":"aim","characterOffsetBegin":369,"characterOffsetEnd":372,"pos":"NN","before":" ","after":" "},{"index":3,"word":"is","originalText":"is","characterOffsetBegin":373,"characterOffsetEnd":375,"pos":"VBZ","before":" ","after":" "},{"index":4,"word":"to","originalText":"to","characterOffsetBegin":376,"characterOffsetEnd":378,"pos":"TO","before":" ","after":" "},{"index":5,"word":"run","originalText":"run","characterOffsetBegin":379,"characterOffsetEnd":382,"pos":"VB","before":" ","after":""},{"index":6,"word":">>","originalText":">>","characterOffsetBegin":382,"characterOffsetEnd":384,"pos":"RB","before":"","after":" "},{"index":7,"word":"the","originalText":"the","characterOffsetBegin":385,"characterOffsetEnd":388,"pos":"DT","before":" ","after":" "},{"index":8,"word":"MIT","originalText":"MIT","characterOffsetBegin":389,"characterOffsetEnd":392,"pos":"NNP","before":" ","after":" "},{"index":9,"word":"X","originalText":"X","characterOffsetBegin":393,"characterOffsetEnd":394,"pos":"NN","before":" ","after":" "},{"index":10,"word":"server","originalText":"server","characterOffsetBegin":395,"characterOffsetEnd":401,"pos":"NN","before":" ","after":" "},{"index":11,"word":"but","originalText":"but","characterOffsetBegin":402,"characterOffsetEnd":405,"pos":"CC","before":" ","after":" "},{"index":12,"word":"retain","originalText":"retain","characterOffsetBegin":406,"characterOffsetEnd":412,"pos":"VBP","before":" ","after":" "},{"index":13,"word":"the","originalText":"the","characterOffsetBegin":413,"characterOffsetEnd":416,"pos":"DT","before":" ","after":" "},{"index":14,"word":"OpenLook","originalText":"OpenLook","characterOffsetBegin":417,"characterOffsetEnd":425,"pos":"NNP","before":" ","after":" "},{"index":15,"word":"Window","originalText":"Window","characterOffsetBegin":426,"characterOffsetEnd":432,"pos":"NNP","before":" ","after":" "},{"index":16,"word":"Manager","originalText":"Manager","characterOffsetBegin":433,"characterOffsetEnd":440,"pos":"NNP","before":" ","after":""},{"index":17,"word":".","originalText":".","characterOffsetBegin":440,"characterOffsetEnd":441,"pos":".","before":"","after":"  "}]},{"index":3,"tokens":[{"index":1,"word":"I","originalText":"I","characterOffsetBegin":443,"characterOffsetEnd":444,"pos":"PRP","before":"  ","after":" "},{"index":2,"word":"am","originalText":"am","characterOffsetBegin":445,"characterOffsetEnd":447,"pos":"VBP","before":" ","after":" "},{"index":3,"word":"sure","originalText":"sure","characterOffsetBegin":448,"characterOffsetEnd":452,"pos":"RB","before":" ","after":" "},{"index":4,"word":"this","originalText":"this","characterOffsetBegin":453,"characterOffsetEnd":457,"pos":"DT","before":" ","after":""},{"index":5,"word":">>","originalText":">>","characterOffsetBegin":457,"characterOffsetEnd":459,"pos":"NN","before":"","after":" "},{"index":6,"word":"is","originalText":"is","characterOffsetBegin":460,"characterOffsetEnd":462,"pos":"VBZ","before":" ","after":" "},{"index":7,"word":"not","originalText":"not","characterOffsetBegin":463,"characterOffsetEnd":466,"pos":"RB","before":" ","after":" "},{"index":8,"word":"uncommon","originalText":"uncommon","characterOffsetBegin":467,"characterOffsetEnd":475,"pos":"JJ","before":" ","after":""},{"index":9,"word":",","originalText":",","characterOffsetBegin":475,"characterOffsetEnd":476,"pos":",","before":"","after":" "},{"index":10,"word":"but","originalText":"but","characterOffsetBegin":477,"characterOffsetEnd":480,"pos":"CC","before":" ","after":" "},{"index":11,"word":"I","originalText":"I","characterOffsetBegin":481,"characterOffsetEnd":482,"pos":"PRP","before":" ","after":" "},{"index":12,"word":"just","originalText":"just","characterOffsetBegin":483,"characterOffsetEnd":487,"pos":"RB","before":" ","after":" "},{"index":13,"word":"want","originalText":"want","characterOffsetBegin":488,"characterOffsetEnd":492,"pos":"VBP","before":" ","after":" "},{"index":14,"word":"to","originalText":"to","characterOffsetBegin":493,"characterOffsetEnd":495,"pos":"TO","before":" ","after":" "},{"index":15,"word":"make","originalText":"make","characterOffsetBegin":496,"characterOffsetEnd":500,"pos":"VB","before":" ","after":" "},{"index":16,"word":"sure","originalText":"sure","characterOffsetBegin":501,"characterOffsetEnd":505,"pos":"JJ","before":" ","after":" "},{"index":17,"word":"that","originalText":"that","characterOffsetBegin":506,"characterOffsetEnd":510,"pos":"IN","before":" ","after":" "},{"index":18,"word":"I","originalText":"I","characterOffsetBegin":511,"characterOffsetEnd":512,"pos":"PRP","before":" ","after":" "},{"index":19,"word":"change","originalText":"change","characterOffsetBegin":513,"characterOffsetEnd":519,"pos":"VBP","before":" ","after":" "},{"index":20,"word":"and/or","originalText":"and/or","characterOffsetBegin":520,"characterOffsetEnd":526,"pos":"CC","before":" ","after":" "},{"index":21,"word":"delete","originalText":"delete","characterOffsetBegin":527,"characterOffsetEnd":533,"pos":"VBP","before":" ","after":""},{"index":22,"word":">>","originalText":">>","characterOffsetBegin":533,"characterOffsetEnd":535,"pos":"CD","before":"","after":" "},{"index":23,"word":"everything","originalText":"everything","characterOffsetBegin":536,"characterOffsetEnd":546,"pos":"NN","before":" ","after":" "},{"index":24,"word":"that","originalText":"that","characterOffsetBegin":547,"characterOffsetEnd":551,"pos":"IN","before":" ","after":" "},{"index":25,"word":"I","originalText":"I","characterOffsetBegin":552,"characterOffsetEnd":553,"pos":"PRP","before":" ","after":" "},{"index":26,"word":"need","originalText":"need","characterOffsetBegin":554,"characterOffsetEnd":558,"pos":"VBP","before":" ","after":" "},{"index":27,"word":"to","originalText":"to","characterOffsetBegin":559,"characterOffsetEnd":561,"pos":"TO","before":" ","after":""},{"index":28,"word":".","originalText":".","characterOffsetBegin":561,"characterOffsetEnd":562,"pos":".","before":"","after":"  "}]},{"index":4,"tokens":[{"index":1,"word":"For","originalText":"For","characterOffsetBegin":564,"characterOffsetEnd":567,"pos":"IN","before":"  ","after":" "},{"index":2,"word":"instance","originalText":"instance","characterOffsetBegin":568,"characterOffsetEnd":576,"pos":"NN","before":" ","after":""},{"index":3,"word":",","originalText":",","characterOffsetBegin":576,"characterOffsetEnd":577,"pos":",","before":"","after":" "},{"index":4,"word":"I","originalText":"I","characterOffsetBegin":578,"characterOffsetEnd":579,"pos":"PRP","before":" ","after":" "},{"index":5,"word":"can","originalText":"can","characterOffsetBegin":580,"characterOffsetEnd":583,"pos":"MD","before":" ","after":" "},{"index":6,"word":"start","originalText":"start","characterOffsetBegin":584,"characterOffsetEnd":589,"pos":"VB","before":" ","after":" "},{"index":7,"word":"xdm","originalText":"xdm","characterOffsetBegin":590,"characterOffsetEnd":593,"pos":"NN","before":" ","after":" "},{"index":8,"word":"in","originalText":"in","characterOffsetBegin":594,"characterOffsetEnd":596,"pos":"IN","before":" ","after":" "},{"index":9,"word":"rc.local","originalText":"rc.local","characterOffsetBegin":597,"characterOffsetEnd":605,"pos":"JJ","before":" ","after":""},{"index":10,"word":",","originalText":",","characterOffsetBegin":605,"characterOffsetEnd":606,"pos":",","before":"","after":" "},{"index":11,"word":"but","originalText":"but","characterOffsetBegin":607,"characterOffsetEnd":610,"pos":"CC","before":" ","after":""},{"index":12,"word":">>","originalText":">>","characterOffsetBegin":610,"characterOffsetEnd":612,"pos":"CD","before":"","after":" "},{"index":13,"word":"how","originalText":"how","characterOffsetBegin":613,"characterOffsetEnd":616,"pos":"WRB","before":" ","after":" "},{"index":14,"word":"do","originalText":"do","characterOffsetBegin":617,"characterOffsetEnd":619,"pos":"VBP","before":" ","after":" "},{"index":15,"word":"I","originalText":"I","characterOffsetBegin":620,"characterOffsetEnd":621,"pos":"PRP","before":" ","after":" "},{"index":16,"word":"get","originalText":"get","characterOffsetBegin":622,"characterOffsetEnd":625,"pos":"VB","before":" ","after":" "},{"index":17,"word":"rid","originalText":"rid","characterOffsetBegin":626,"characterOffsetEnd":629,"pos":"JJ","before":" ","after":" "},{"index":18,"word":"of","originalText":"of","characterOffsetBegin":630,"characterOffsetEnd":632,"pos":"IN","before":" ","after":" "},{"index":19,"word":"Xnews","originalText":"Xnews","characterOffsetBegin":633,"characterOffsetEnd":638,"pos":"NNP","before":" ","after":""},{"index":20,"word":"?","originalText":"?","characterOffsetBegin":638,"characterOffsetEnd":639,"pos":".","before":"","after":""}]},{"index":5,"tokens":[{"index":1,"word":">>","originalText":">>","characterOffsetBegin":639,"characterOffsetEnd":641,"pos":"NN","before":"","after":" "},{"index":2,"word":">>","originalText":">>","characterOffsetBegin":642,"characterOffsetEnd":644,"pos":"CD","before":" ","after":"  "},{"index":3,"word":"The","originalText":"The","characterOffsetBegin":646,"characterOffsetEnd":649,"pos":"DT","before":"  ","after":" "},{"index":4,"word":"OpenLook","originalText":"OpenLook","characterOffsetBegin":650,"characterOffsetEnd":658,"pos":"NN","before":" ","after":" "},{"index":5,"word":"window","originalText":"window","characterOffsetBegin":659,"characterOffsetEnd":665,"pos":"NN","before":" ","after":" "},{"index":6,"word":"manager","originalText":"manager","characterOffsetBegin":666,"characterOffsetEnd":673,"pos":"NN","before":" ","after":" "},{"index":7,"word":"source","originalText":"source","characterOffsetBegin":674,"characterOffsetEnd":680,"pos":"NN","before":" ","after":" "},{"index":8,"word":"is","originalText":"is","characterOffsetBegin":681,"characterOffsetEnd":683,"pos":"VBZ","before":" ","after":" "},{"index":9,"word":"available","originalText":"available","characterOffsetBegin":684,"characterOffsetEnd":693,"pos":"JJ","before":" ","after":" "},{"index":10,"word":"on","originalText":"on","characterOffsetBegin":694,"characterOffsetEnd":696,"pos":"IN","before":" ","after":" "},{"index":11,"word":"the","originalText":"the","characterOffsetBegin":697,"characterOffsetEnd":700,"pos":"DT","before":" ","after":" "},{"index":12,"word":"MIT","originalText":"MIT","characterOffsetBegin":701,"characterOffsetEnd":704,"pos":"NNP","before":" ","after":" "},{"index":13,"word":"contrib","originalText":"contrib","characterOffsetBegin":705,"characterOffsetEnd":712,"pos":"NN","before":" ","after":" "},{"index":14,"word":"tapes","originalText":"tapes","characterOffsetBegin":713,"characterOffsetEnd":718,"pos":"NNS","before":" ","after":""},{"index":15,"word":">","originalText":">","characterOffsetBegin":718,"characterOffsetEnd":719,"pos":"JJR","before":"","after":"  "},{"index":16,"word":"or","originalText":"or","characterOffsetBegin":721,"characterOffsetEnd":723,"pos":"CC","before":"  ","after":" "},{"index":17,"word":"from","originalText":"from","characterOffsetBegin":724,"characterOffsetEnd":728,"pos":"IN","before":" ","after":"  "},{"index":18,"word":"export.lcs.mit.edu","originalText":"export.lcs.mit.edu","characterOffsetBegin":730,"characterOffsetEnd":748,"pos":"FW","before":"  ","after":"  "},{"index":19,"word":".","originalText":".","characterOffsetBegin":750,"characterOffsetEnd":751,"pos":".","before":"  ","after":""}]},{"index":6,"tokens":[{"index":1,"word":"I","originalText":"I","characterOffsetBegin":751,"characterOffsetEnd":752,"pos":"PRP","before":"","after":" "},{"index":2,"word":"would","originalText":"would","characterOffsetBegin":753,"characterOffsetEnd":758,"pos":"MD","before":" ","after":" "},{"index":3,"word":"suggest","originalText":"suggest","characterOffsetBegin":759,"characterOffsetEnd":766,"pos":"VB","before":" ","after":" "},{"index":4,"word":"building","originalText":"building","characterOffsetBegin":767,"characterOffsetEnd":775,"pos":"NN","before":" ","after":" "},{"index":5,"word":"this","originalText":"this","characterOffsetBegin":776,"characterOffsetEnd":780,"pos":"DT","before":" ","after":" "},{"index":6,"word":"too","originalText":"too","characterOffsetBegin":781,"characterOffsetEnd":784,"pos":"RB","before":" ","after":""},{"index":7,"word":",","originalText":",","characterOffsetBegin":784,"characterOffsetEnd":785,"pos":",","before":"","after":" "},{"index":8,"word":"rather","originalText":"rather","characterOffsetBegin":786,"characterOffsetEnd":792,"pos":"RB","before":" ","after":" "},{"index":9,"word":"than","originalText":"than","characterOffsetBegin":793,"characterOffsetEnd":797,"pos":"IN","before":" ","after":""},{"index":10,"word":">","originalText":">","characterOffsetBegin":797,"characterOffsetEnd":798,"pos":"JJR","before":"","after":"  "},{"index":11,"word":"using","originalText":"using","characterOffsetBegin":800,"characterOffsetEnd":805,"pos":"VBG","before":"  ","after":" "},{"index":12,"word":"the","originalText":"the","characterOffsetBegin":806,"characterOffsetEnd":809,"pos":"DT","before":" ","after":" "},{"index":13,"word":"version","originalText":"version","characterOffsetBegin":810,"characterOffsetEnd":817,"pos":"NN","before":" ","after":" "},{"index":14,"word":"from","originalText":"from","characterOffsetBegin":818,"characterOffsetEnd":822,"pos":"IN","before":" ","after":" "},{"index":15,"word":"OpenWindows","originalText":"OpenWindows","characterOffsetBegin":823,"characterOffsetEnd":834,"pos":"NNPS","before":" ","after":""},{"index":16,"word":".","originalText":".","characterOffsetBegin":834,"characterOffsetEnd":835,"pos":".","before":"","after":" "}]},{"index":7,"tokens":[{"index":1,"word":"It","originalText":"It","characterOffsetBegin":836,"characterOffsetEnd":838,"pos":"PRP","before":" ","after":" "},{"index":2,"word":"is","originalText":"is","characterOffsetBegin":839,"characterOffsetEnd":841,"pos":"VBZ","before":" ","after":"  "},{"index":3,"word":"olwm","originalText":"olwm","characterOffsetBegin":843,"characterOffsetEnd":847,"pos":"JJ","before":"  ","after":"  "},{"index":4,"word":"v3","originalText":"v3","characterOffsetBegin":849,"characterOffsetEnd":851,"pos":"NN","before":"  ","after":""},{"index":5,"word":".","originalText":".","characterOffsetBegin":851,"characterOffsetEnd":852,"pos":".","before":"","after":""},{"index":6,"word":">","originalText":">","characterOffsetBegin":852,"characterOffsetEnd":853,"pos":"JJR","before":"","after":""}]},{"index":8,"tokens":[{"index":1,"word":"I","originalText":"I","characterOffsetBegin":853,"characterOffsetEnd":854,"pos":"PRP","before":"","after":" "},{"index":2,"word":"would","originalText":"would","characterOffsetBegin":855,"characterOffsetEnd":860,"pos":"MD","before":" ","after":" "},{"index":3,"word":"suggest","originalText":"suggest","characterOffsetBegin":861,"characterOffsetEnd":868,"pos":"VB","before":" ","after":" "},{"index":4,"word":"skipping","originalText":"skipping","characterOffsetBegin":869,"characterOffsetEnd":877,"pos":"VBG","before":" ","after":" "},{"index":5,"word":"olwm","originalText":"olwm","characterOffsetBegin":878,"characterOffsetEnd":882,"pos":"NN","before":" ","after":" "},{"index":6,"word":"and","originalText":"and","characterOffsetBegin":883,"characterOffsetEnd":886,"pos":"CC","before":" ","after":" "},{"index":7,"word":"getting","originalText":"getting","characterOffsetBegin":887,"characterOffsetEnd":894,"pos":"VBG","before":" ","after":" "},{"index":8,"word":"olvwm","originalText":"olvwm","characterOffsetBegin":895,"characterOffsetEnd":900,"pos":"NN","before":" ","after":" "},{"index":9,"word":"instead","originalText":"instead","characterOffsetBegin":901,"characterOffsetEnd":908,"pos":"RB","before":" ","after":""},{"index":10,"word":".","originalText":".","characterOffsetBegin":908,"characterOffsetEnd":909,"pos":".","before":"","after":" "}]},{"index":9,"tokens":[{"index":1,"word":"This","originalText":"This","characterOffsetBegin":910,"characterOffsetEnd":914,"pos":"DT","before":" ","after":" "},{"index":2,"word":"version","originalText":"version","characterOffsetBegin":915,"characterOffsetEnd":922,"pos":"NN","before":" ","after":" "},{"index":3,"word":"of","originalText":"of","characterOffsetBegin":923,"characterOffsetEnd":925,"pos":"IN","before":" ","after":" "},{"index":4,"word":"theolwm","originalText":"theolwm","characterOffsetBegin":926,"characterOffsetEnd":933,"pos":"NN","before":" ","after":" "},{"index":5,"word":"window","originalText":"window","characterOffsetBegin":934,"characterOffsetEnd":940,"pos":"NN","before":" ","after":" "},{"index":6,"word":"manager","originalText":"manager","characterOffsetBegin":941,"characterOffsetEnd":948,"pos":"NN","before":" ","after":" "},{"index":7,"word":"implements","originalText":"implements","characterOffsetBegin":949,"characterOffsetEnd":959,"pos":"VBZ","before":" ","after":" "},{"index":8,"word":"a","originalText":"a","characterOffsetBegin":960,"characterOffsetEnd":961,"pos":"DT","before":" ","after":" "},{"index":9,"word":"virtual","originalText":"virtual","characterOffsetBegin":962,"characterOffsetEnd":969,"pos":"JJ","before":" ","after":" "},{"index":10,"word":"desktop","originalText":"desktop","characterOffsetBegin":970,"characterOffsetEnd":977,"pos":"NN","before":" ","after":" "},{"index":11,"word":"that","originalText":"that","characterOffsetBegin":978,"characterOffsetEnd":982,"pos":"IN","before":" ","after":" "},{"index":12,"word":"I","originalText":"I","characterOffsetBegin":983,"characterOffsetEnd":984,"pos":"PRP","before":" ","after":" "},{"index":13,"word":"find","originalText":"find","characterOffsetBegin":985,"characterOffsetEnd":989,"pos":"VBP","before":" ","after":" "},{"index":14,"word":"really","originalText":"really","characterOffsetBegin":990,"characterOffsetEnd":996,"pos":"RB","before":" ","after":" "},{"index":15,"word":"handy","originalText":"handy","characterOffsetBegin":997,"characterOffsetEnd":1002,"pos":"JJ","before":" ","after":" "},{"index":16,"word":"evenon","originalText":"evenon","characterOffsetBegin":1003,"characterOffsetEnd":1009,"pos":"NN","before":" ","after":" "},{"index":17,"word":"large","originalText":"large","characterOffsetBegin":1010,"characterOffsetEnd":1015,"pos":"JJ","before":" ","after":" "},{"index":18,"word":"monitors","originalText":"monitors","characterOffsetBegin":1016,"characterOffsetEnd":1024,"pos":"NNS","before":" ","after":""},{"index":19,"word":".","originalText":".","characterOffsetBegin":1024,"characterOffsetEnd":1025,"pos":".","before":"","after":" "}]},{"index":10,"tokens":[{"index":1,"word":"This","originalText":"This","characterOffsetBegin":1026,"characterOffsetEnd":1030,"pos":"DT","before":" ","after":" "},{"index":2,"word":"version","originalText":"version","characterOffsetBegin":1031,"characterOffsetEnd":1038,"pos":"NN","before":" ","after":" "},{"index":3,"word":"is","originalText":"is","characterOffsetBegin":1039,"characterOffsetEnd":1041,"pos":"VBZ","before":" ","after":" "},{"index":4,"word":"also","originalText":"also","characterOffsetBegin":1042,"characterOffsetEnd":1046,"pos":"RB","before":" ","after":" "},{"index":5,"word":"available","originalText":"available","characterOffsetBegin":1047,"characterOffsetEnd":1056,"pos":"JJ","before":" ","after":" "},{"index":6,"word":"at","originalText":"at","characterOffsetBegin":1057,"characterOffsetEnd":1059,"pos":"IN","before":" ","after":" "},{"index":7,"word":"export.lcs.mit.edu","originalText":"export.lcs.mit.edu","characterOffsetBegin":1060,"characterOffsetEnd":1078,"pos":"NN","before":" ","after":""},{"index":8,"word":":","originalText":":","characterOffsetBegin":1078,"characterOffsetEnd":1079,"pos":":","before":"","after":""},{"index":9,"word":"/","originalText":"/","characterOffsetBegin":1079,"characterOffsetEnd":1080,"pos":":","before":"","after":""},{"index":10,"word":"contrib/olvwm3.tar","originalText":"contrib/olvwm3.tar","characterOffsetBegin":1080,"characterOffsetEnd":1098,"pos":"NN","before":"","after":""},{"index":11,"word":".","originalText":".","characterOffsetBegin":1098,"characterOffsetEnd":1099,"pos":".","before":"","after":""}]},{"index":11,"tokens":[{"index":1,"word":"Z.The","originalText":"Z.The","characterOffsetBegin":1099,"characterOffsetEnd":1104,"pos":"NNP","before":"","after":" "},{"index":2,"word":"README","originalText":"README","characterOffsetBegin":1105,"characterOffsetEnd":1111,"pos":"NNP","before":" ","after":" "},{"index":3,"word":"file","originalText":"file","characterOffsetBegin":1112,"characterOffsetEnd":1116,"pos":"NN","before":" ","after":" "},{"index":4,"word":"also","originalText":"also","characterOffsetBegin":1117,"characterOffsetEnd":1121,"pos":"RB","before":" ","after":" "},{"index":5,"word":"suggest","originalText":"suggest","characterOffsetBegin":1122,"characterOffsetEnd":1129,"pos":"VBP","before":" ","after":" "},{"index":6,"word":"getting","originalText":"getting","characterOffsetBegin":1130,"characterOffsetEnd":1137,"pos":"VBG","before":" ","after":" "},{"index":7,"word":"the","originalText":"the","characterOffsetBegin":1138,"characterOffsetEnd":1141,"pos":"DT","before":" ","after":" "},{"index":8,"word":"files","originalText":"files","characterOffsetBegin":1142,"characterOffsetEnd":1147,"pos":"NNS","before":" ","after":" "},{"index":9,"word":"in","originalText":"in","characterOffsetBegin":1148,"characterOffsetEnd":1150,"pos":"IN","before":" ","after":" "},{"index":10,"word":"/","originalText":"/","characterOffsetBegin":1151,"characterOffsetEnd":1152,"pos":":","before":" ","after":""},{"index":11,"word":"contrib/xview3","originalText":"contrib/xview3","characterOffsetBegin":1152,"characterOffsetEnd":1166,"pos":"NN","before":"","after":""},{"index":12,"word":".","originalText":".","characterOffsetBegin":1166,"characterOffsetEnd":1167,"pos":".","before":"","after":""}]},{"index":12,"tokens":[{"index":1,"word":"In","originalText":"In","characterOffsetBegin":1167,"characterOffsetEnd":1169,"pos":"IN","before":"","after":" "},{"index":2,"word":"my","originalText":"my","characterOffsetBegin":1170,"characterOffsetEnd":1172,"pos":"PRP$","before":" ","after":" "},{"index":3,"word":"case","originalText":"case","characterOffsetBegin":1173,"characterOffsetEnd":1177,"pos":"NN","before":" ","after":""},{"index":4,"word":",","originalText":",","characterOffsetBegin":1177,"characterOffsetEnd":1178,"pos":",","before":"","after":" "},{"index":5,"word":"I","originalText":"I","characterOffsetBegin":1179,"characterOffsetEnd":1180,"pos":"PRP","before":" ","after":" "},{"index":6,"word":"built","originalText":"built","characterOffsetBegin":1181,"characterOffsetEnd":1186,"pos":"VBD","before":" ","after":" "},{"index":7,"word":"the","originalText":"the","characterOffsetBegin":1187,"characterOffsetEnd":1190,"pos":"DT","before":" ","after":" "},{"index":8,"word":"X","originalText":"X","characterOffsetBegin":1191,"characterOffsetEnd":1192,"pos":"NN","before":" ","after":" "},{"index":9,"word":"Server","originalText":"Server","characterOffsetBegin":1193,"characterOffsetEnd":1199,"pos":"NN","before":" ","after":" "},{"index":10,"word":"first","originalText":"first","characterOffsetBegin":1200,"characterOffsetEnd":1205,"pos":"RB","before":" ","after":""},{"index":11,"word":",","originalText":",","characterOffsetBegin":1205,"characterOffsetEnd":1206,"pos":",","before":"","after":" "},{"index":12,"word":"Xview","originalText":"Xview","characterOffsetBegin":1207,"characterOffsetEnd":1212,"pos":"NNP","before":" ","after":" "},{"index":13,"word":"second","originalText":"second","characterOffsetBegin":1213,"characterOffsetEnd":1219,"pos":"JJ","before":" ","after":""},{"index":14,"word":",","originalText":",","characterOffsetBegin":1219,"characterOffsetEnd":1220,"pos":",","before":"","after":" "},{"index":15,"word":"then","originalText":"then","characterOffsetBegin":1221,"characterOffsetEnd":1225,"pos":"RB","before":" ","after":" "},{"index":16,"word":"olvwm","originalText":"olvwm","characterOffsetBegin":1226,"characterOffsetEnd":1231,"pos":"NN","before":" ","after":""},{"index":17,"word":".","originalText":".","characterOffsetBegin":1231,"characterOffsetEnd":1232,"pos":".","before":"","after":" "}]},{"index":13,"tokens":[{"index":1,"word":"All","originalText":"All","characterOffsetBegin":1233,"characterOffsetEnd":1236,"pos":"DT","before":" ","after":" "},{"index":2,"word":"of","originalText":"of","characterOffsetBegin":1237,"characterOffsetEnd":1239,"pos":"IN","before":" ","after":" "},{"index":3,"word":"thesewere","originalText":"thesewere","characterOffsetBegin":1240,"characterOffsetEnd":1249,"pos":"JJ","before":" ","after":" "},{"index":4,"word":"installed","originalText":"installed","characterOffsetBegin":1250,"characterOffsetEnd":1259,"pos":"VBN","before":" ","after":" "},{"index":5,"word":"into","originalText":"into","characterOffsetBegin":1260,"characterOffsetEnd":1264,"pos":"IN","before":" ","after":" "},{"index":6,"word":"/","originalText":"/","characterOffsetBegin":1265,"characterOffsetEnd":1266,"pos":":","before":" ","after":""},{"index":7,"word":"usr/X5","originalText":"usr/X5","characterOffsetBegin":1266,"characterOffsetEnd":1272,"pos":"NN","before":"","after":""},{"index":8,"word":".","originalText":".","characterOffsetBegin":1272,"characterOffsetEnd":1273,"pos":".","before":"","after":" "}]},{"index":14,"tokens":[{"index":1,"word":"Once","originalText":"Once","characterOffsetBegin":1274,"characterOffsetEnd":1278,"pos":"RB","before":" ","after":" "},{"index":2,"word":"I","originalText":"I","characterOffsetBegin":1279,"characterOffsetEnd":1280,"pos":"PRP","before":" ","after":" "},{"index":3,"word":"verified","originalText":"verified","characterOffsetBegin":1281,"characterOffsetEnd":1289,"pos":"VBD","before":" ","after":" "},{"index":4,"word":"the","originalText":"the","characterOffsetBegin":1290,"characterOffsetEnd":1293,"pos":"DT","before":" ","after":" "},{"index":5,"word":"server","originalText":"server","characterOffsetBegin":1294,"characterOffsetEnd":1300,"pos":"NN","before":" ","after":" "},{"index":6,"word":"worked","originalText":"worked","characterOffsetBegin":1301,"characterOffsetEnd":1307,"pos":"VBD","before":" ","after":" "},{"index":7,"word":"correctly","originalText":"correctly","characterOffsetBegin":1308,"characterOffsetEnd":1317,"pos":"RB","before":" ","after":""},{"index":8,"word":",","originalText":",","characterOffsetBegin":1317,"characterOffsetEnd":1318,"pos":",","before":"","after":""},{"index":9,"word":"I","originalText":"I","characterOffsetBegin":1318,"characterOffsetEnd":1319,"pos":"PRP","before":"","after":" "},{"index":10,"word":"happily","originalText":"happily","characterOffsetBegin":1320,"characterOffsetEnd":1327,"pos":"RB","before":" ","after":" "},{"index":11,"word":"issued","originalText":"issued","characterOffsetBegin":1328,"characterOffsetEnd":1334,"pos":"VBD","before":" ","after":" "},{"index":12,"word":"``","originalText":"\"","characterOffsetBegin":1335,"characterOffsetEnd":1336,"pos":"``","before":" ","after":""},{"index":13,"word":"rm","originalText":"rm","characterOffsetBegin":1336,"characterOffsetEnd":1338,"pos":"SYM","before":"","after":" "},{"index":14,"word":"-","originalText":"-","characterOffsetBegin":1339,"characterOffsetEnd":1340,"pos":":","before":" ","after":""},{"index":15,"word":"rf","originalText":"rf","characterOffsetBegin":1340,"characterOffsetEnd":1342,"pos":"NN","before":"","after":" "},{"index":16,"word":"/","originalText":"/","characterOffsetBegin":1343,"characterOffsetEnd":1344,"pos":":","before":" ","after":""},{"index":17,"word":"usr/openwin","originalText":"usr/openwin","characterOffsetBegin":1344,"characterOffsetEnd":1355,"pos":"JJ","before":"","after":""},{"index":18,"word":"/","originalText":"/","characterOffsetBegin":1355,"characterOffsetEnd":1356,"pos":":","before":"","after":""},{"index":19,"word":"*","originalText":"*","characterOffsetBegin":1356,"characterOffsetEnd":1357,"pos":"SYM","before":"","after":""},{"index":20,"word":"''","originalText":"\"","characterOffsetBegin":1357,"characterOffsetEnd":1358,"pos":"''","before":"","after":""},{"index":21,"word":".","originalText":".","characterOffsetBegin":1358,"characterOffsetEnd":1359,"pos":".","before":"","after":""}]},{"index":15,"tokens":[{"index":1,"word":"Using","originalText":"Using","characterOffsetBegin":1359,"characterOffsetEnd":1364,"pos":"VBG","before":"","after":" "},{"index":2,"word":"gcc","originalText":"gcc","characterOffsetBegin":1365,"characterOffsetEnd":1368,"pos":"NN","before":" ","after":" "},{"index":3,"word":"2.3.3","originalText":"2.3.3","characterOffsetBegin":1369,"characterOffsetEnd":1374,"pos":"CD","before":" ","after":" "},{"index":4,"word":"to","originalText":"to","characterOffsetBegin":1375,"characterOffsetEnd":1377,"pos":"TO","before":" ","after":" "},{"index":5,"word":"build","originalText":"build","characterOffsetBegin":1378,"characterOffsetEnd":1383,"pos":"VB","before":" ","after":" "},{"index":6,"word":"all","originalText":"all","characterOffsetBegin":1384,"characterOffsetEnd":1387,"pos":"DT","before":" ","after":" "},{"index":7,"word":"of","originalText":"of","characterOffsetBegin":1388,"characterOffsetEnd":1390,"pos":"IN","before":" ","after":" "},{"index":8,"word":"the","originalText":"the","characterOffsetBegin":1391,"characterOffsetEnd":1394,"pos":"DT","before":" ","after":" "},{"index":9,"word":"above","originalText":"above","characterOffsetBegin":1395,"characterOffsetEnd":1400,"pos":"JJ","before":" ","after":" "},{"index":10,"word":"resulted","originalText":"resulted","characterOffsetBegin":1401,"characterOffsetEnd":1409,"pos":"VBD","before":" ","after":" "},{"index":11,"word":"in","originalText":"in","characterOffsetBegin":1410,"characterOffsetEnd":1412,"pos":"IN","before":" ","after":" "},{"index":12,"word":"a","originalText":"a","characterOffsetBegin":1413,"characterOffsetEnd":1414,"pos":"DT","before":" ","after":" "},{"index":13,"word":"windowing","originalText":"windowing","characterOffsetBegin":1415,"characterOffsetEnd":1424,"pos":"NN","before":" ","after":" "},{"index":14,"word":"system","originalText":"system","characterOffsetBegin":1425,"characterOffsetEnd":1431,"pos":"NN","before":" ","after":" "},{"index":15,"word":"that","originalText":"that","characterOffsetBegin":1432,"characterOffsetEnd":1436,"pos":"WDT","before":" ","after":" "},{"index":16,"word":"is","originalText":"is","characterOffsetBegin":1437,"characterOffsetEnd":1439,"pos":"VBZ","before":" ","after":""},{"index":17,"word":",","originalText":",","characterOffsetBegin":1439,"characterOffsetEnd":1440,"pos":",","before":"","after":" "},{"index":18,"word":"for","originalText":"for","characterOffsetBegin":1441,"characterOffsetEnd":1444,"pos":"IN","before":" ","after":" "},{"index":19,"word":"all","originalText":"all","characterOffsetBegin":1445,"characterOffsetEnd":1448,"pos":"DT","before":" ","after":" "},{"index":20,"word":"intents","originalText":"intents","characterOffsetBegin":1449,"characterOffsetEnd":1456,"pos":"NNS","before":" ","after":" "},{"index":21,"word":"and","originalText":"and","characterOffsetBegin":1457,"characterOffsetEnd":1460,"pos":"CC","before":" ","after":" "},{"index":22,"word":"purposes","originalText":"purposes","characterOffsetBegin":1461,"characterOffsetEnd":1469,"pos":"NNS","before":" ","after":""},{"index":23,"word":",","originalText":",","characterOffsetBegin":1469,"characterOffsetEnd":1470,"pos":",","before":"","after":" "},{"index":24,"word":"identical","originalText":"identical","characterOffsetBegin":1471,"characterOffsetEnd":1480,"pos":"JJ","before":" ","after":" "},{"index":25,"word":"to","originalText":"to","characterOffsetBegin":1481,"characterOffsetEnd":1483,"pos":"TO","before":" ","after":" "},{"index":26,"word":"OpenWindows","originalText":"OpenWindows","characterOffsetBegin":1484,"characterOffsetEnd":1495,"pos":"NNP","before":" ","after":" "},{"index":27,"word":"3.0","originalText":"3.0","characterOffsetBegin":1496,"characterOffsetEnd":1499,"pos":"CD","before":" ","after":" "},{"index":28,"word":"and","originalText":"and","characterOffsetBegin":1500,"characterOffsetEnd":1503,"pos":"CC","before":" ","after":" "},{"index":29,"word":"that","originalText":"that","characterOffsetBegin":1504,"characterOffsetEnd":1508,"pos":"DT","before":" ","after":" "},{"index":30,"word":"is","originalText":"is","characterOffsetBegin":1509,"characterOffsetEnd":1511,"pos":"VBZ","before":" ","after":"     "},{"index":31,"word":"incredibly","originalText":"incredibly","characterOffsetBegin":1516,"characterOffsetEnd":1526,"pos":"RB","before":"     ","after":" "},{"index":32,"word":"faster","originalText":"faster","characterOffsetBegin":1527,"characterOffsetEnd":1533,"pos":"RBR","before":" ","after":""},{"index":33,"word":".","originalText":".","characterOffsetBegin":1533,"characterOffsetEnd":1534,"pos":".","before":"","after":" "}]},{"index":16,"tokens":[{"index":1,"word":"There","originalText":"There","characterOffsetBegin":1535,"characterOffsetEnd":1540,"pos":"EX","before":" ","after":" "},{"index":2,"word":"is","originalText":"is","characterOffsetBegin":1541,"characterOffsetEnd":1543,"pos":"VBZ","before":" ","after":" "},{"index":3,"word":"a","originalText":"a","characterOffsetBegin":1544,"characterOffsetEnd":1545,"pos":"DT","before":" ","after":" "},{"index":4,"word":"bit","originalText":"bit","characterOffsetBegin":1546,"characterOffsetEnd":1549,"pos":"NN","before":" ","after":" "},{"index":5,"word":"of","originalText":"of","characterOffsetBegin":1550,"characterOffsetEnd":1552,"pos":"IN","before":" ","after":" "},{"index":6,"word":"tweaking","originalText":"tweaking","characterOffsetBegin":1553,"characterOffsetEnd":1561,"pos":"NN","before":" ","after":" "},{"index":7,"word":"you","originalText":"you","characterOffsetBegin":1562,"characterOffsetEnd":1565,"pos":"PRP","before":" ","after":" "},{"index":8,"word":"will","originalText":"will","characterOffsetBegin":1566,"characterOffsetEnd":1570,"pos":"MD","before":" ","after":" "},{"index":9,"word":"have","originalText":"have","characterOffsetBegin":1571,"characterOffsetEnd":1575,"pos":"VB","before":" ","after":" "},{"index":10,"word":"to","originalText":"to","characterOffsetBegin":1576,"characterOffsetEnd":1578,"pos":"TO","before":" ","after":" "},{"index":11,"word":"do","originalText":"do","characterOffsetBegin":1579,"characterOffsetEnd":1581,"pos":"VB","before":" ","after":" "},{"index":12,"word":"if","originalText":"if","characterOffsetBegin":1582,"characterOffsetEnd":1584,"pos":"IN","before":" ","after":" "},{"index":13,"word":"you","originalText":"you","characterOffsetBegin":1585,"characterOffsetEnd":1588,"pos":"PRP","before":" ","after":" "},{"index":14,"word":"wantthings","originalText":"wantthings","characterOffsetBegin":1589,"characterOffsetEnd":1599,"pos":"NNS","before":" ","after":" "},{"index":15,"word":"to","originalText":"to","characterOffsetBegin":1600,"characterOffsetEnd":1602,"pos":"TO","before":" ","after":" "},{"index":16,"word":"work","originalText":"work","characterOffsetBegin":1603,"characterOffsetEnd":1607,"pos":"VB","before":" ","after":" "},{"index":17,"word":"_","originalText":"_","characterOffsetBegin":1608,"characterOffsetEnd":1609,"pos":"RB","before":" ","after":""},{"index":18,"word":"exactly","originalText":"exactly","characterOffsetBegin":1609,"characterOffsetEnd":1616,"pos":"RB","before":"","after":""},{"index":19,"word":"_","originalText":"_","characterOffsetBegin":1616,"characterOffsetEnd":1617,"pos":"VB","before":"","after":" "},{"index":20,"word":"like","originalText":"like","characterOffsetBegin":1618,"characterOffsetEnd":1622,"pos":"IN","before":" ","after":" "},{"index":21,"word":"OpenWindows","originalText":"OpenWindows","characterOffsetBegin":1623,"characterOffsetEnd":1634,"pos":"NNP","before":" ","after":""},{"index":22,"word":",","originalText":",","characterOffsetBegin":1634,"characterOffsetEnd":1635,"pos":",","before":"","after":" "},{"index":23,"word":"but","originalText":"but","characterOffsetBegin":1636,"characterOffsetEnd":1639,"pos":"CC","before":" ","after":" "},{"index":24,"word":"not","originalText":"not","characterOffsetBegin":1640,"characterOffsetEnd":1643,"pos":"RB","before":" ","after":" "},{"index":25,"word":"much","originalText":"much","characterOffsetBegin":1644,"characterOffsetEnd":1648,"pos":"RB","before":" ","after":""},{"index":26,"word":".","originalText":".","characterOffsetBegin":1648,"characterOffsetEnd":1649,"pos":".","before":"","after":" "}]},{"index":17,"tokens":[{"index":1,"word":"--","originalText":"--","characterOffsetBegin":1650,"characterOffsetEnd":1652,"pos":":","before":" ","after":" "},{"index":2,"word":"Paul","originalText":"Paul","characterOffsetBegin":1653,"characterOffsetEnd":1657,"pos":"NNP","before":" ","after":" "},{"index":3,"word":"Bash","originalText":"Bash","characterOffsetBegin":1658,"characterOffsetEnd":1662,"pos":"NNP","before":" ","after":"                                                   "},{"index":4,"word":"Techware","originalText":"Techware","characterOffsetBegin":1713,"characterOffsetEnd":1721,"pos":"NNP","before":"                                                   ","after":" "},{"index":5,"word":"Design","originalText":"Design","characterOffsetBegin":1722,"characterOffsetEnd":1728,"pos":"NNP","before":" ","after":" "},{"index":6,"word":"bash@tware.com","originalText":"bash@tware.com","characterOffsetBegin":1729,"characterOffsetEnd":1743,"pos":"NNP","before":" ","after":"                                              "},{"index":7,"word":"Boulder","originalText":"Boulder","characterOffsetBegin":1789,"characterOffsetEnd":1796,"pos":"NNP","before":"                                              ","after":""},{"index":8,"word":",","originalText":",","characterOffsetBegin":1796,"characterOffsetEnd":1797,"pos":",","before":"","after":" "},{"index":9,"word":"CO","originalText":"CO","characterOffsetBegin":1798,"characterOffsetEnd":1800,"pos":"NNP","before":" ","after":"  "},{"index":10,"word":"U.S.A.","originalText":"U.S.A.","characterOffsetBegin":1802,"characterOffsetEnd":1808,"pos":"NNP","before":"  ","after":""}]}]}