{"sentences":[{"index":0,"tokens":[{"index":1,"word":"From","originalText":"From","characterOffsetBegin":0,"characterOffsetEnd":4,"pos":"IN","before":"","after":""},{"index":2,"word":":","originalText":":","characterOffsetBegin":4,"characterOffsetEnd":5,"pos":":","before":"","after":" "},{"index":3,"word":"welch@xcf.Berkeley.EDU","originalText":"welch@xcf.Berkeley.EDU","characterOffsetBegin":6,"characterOffsetEnd":28,"pos":"NN","before":" ","after":" "},{"index":4,"word":"-LRB-","originalText":"(","characterOffsetBegin":29,"characterOffsetEnd":30,"pos":"-LRB-","before":" ","after":""},{"index":5,"word":"Sean","originalText":"Sean","characterOffsetBegin":30,"characterOffsetEnd":34,"pos":"NNP","before":"","after":" "},{"index":6,"word":"N.","originalText":"N.","characterOffsetBegin":35,"characterOffsetEnd":37,"pos":"NNP","before":" ","after":" "},{"index":7,"word":"Welch","originalText":"Welch","characterOffsetBegin":38,"characterOffsetEnd":43,"pos":"NNP","before":" ","after":""},{"index":8,"word":"-RRB-","originalText":")","characterOffsetBegin":43,"characterOffsetEnd":44,"pos":"-RRB-","before":"","after":""},{"index":9,"word":"Subject","originalText":"Subject","characterOffsetBegin":44,"characterOffsetEnd":51,"pos":"NNP","before":"","after":""},{"index":10,"word":":","originalText":":","characterOffsetBegin":51,"characterOffsetEnd":52,"pos":":","before":"","after":" "},{"index":11,"word":"Re","originalText":"Re","characterOffsetBegin":53,"characterOffsetEnd":55,"pos":"NNP","before":" ","after":""},{"index":12,"word":":","originalText":":","characterOffsetBegin":55,"characterOffsetEnd":56,"pos":":","before":"","after":" "},{"index":13,"word":"Trouble","originalText":"Trouble","characterOffsetBegin":57,"characterOffsetEnd":64,"pos":"NN","before":" ","after":" "},{"index":14,"word":"compiling","originalText":"compiling","characterOffsetBegin":65,"characterOffsetEnd":74,"pos":"VBG","before":" ","after":" "},{"index":15,"word":"X11R5","originalText":"X11R5","characterOffsetBegin":75,"characterOffsetEnd":80,"pos":"NN","before":" ","after":" "},{"index":16,"word":"on","originalText":"on","characterOffsetBegin":81,"characterOffsetEnd":83,"pos":"IN","before":" ","after":" "},{"index":17,"word":"SunOS_4","originalText":"SunOS_4","characterOffsetBegin":84,"characterOffsetEnd":91,"pos":"NN","before":" ","after":""},{"index":18,"word":".1.3","originalText":".1.3","characterOffsetBegin":91,"characterOffsetEnd":95,"pos":"CD","before":"","after":""},{"index":19,"word":"In","originalText":"In","characterOffsetBegin":95,"characterOffsetEnd":97,"pos":"IN","before":"","after":" "},{"index":20,"word":"article","originalText":"article","characterOffsetBegin":98,"characterOffsetEnd":105,"pos":"NN","before":" ","after":" "},{"index":21,"word":"<schneck.735153129@Physik.TU-Muenchen.DE>","originalText":"<schneck.735153129@Physik.TU-Muenchen.DE>","characterOffsetBegin":106,"characterOffsetEnd":147,"pos":"NN","before":" ","after":" "},{"index":22,"word":"schneck@Physik.TU-Muenchen.DE","originalText":"schneck@Physik.TU-Muenchen.DE","characterOffsetBegin":148,"characterOffsetEnd":177,"pos":"NN","before":" ","after":" "},{"index":23,"word":"-LRB-","originalText":"(","characterOffsetBegin":178,"characterOffsetEnd":179,"pos":"-LRB-","before":" ","after":""},{"index":24,"word":"Bernhard","originalText":"Bernhard","characterOffsetBegin":179,"characterOffsetEnd":187,"pos":"NNP","before":"","after":" "},{"index":25,"word":"Schneck","originalText":"Schneck","characterOffsetBegin":188,"characterOffsetEnd":195,"pos":"NNP","before":" ","after":""},{"index":26,"word":"-RRB-","originalText":")","characterOffsetBegin":195,"characterOffsetEnd":196,"pos":"-RRB-","before":"","after":" "},{"index":27,"word":"writes","originalText":"writes","characterOffsetBegin":197,"characterOffsetEnd":203,"pos":"VBZ","before":" ","after":""},{"index":28,"word":":","originalText":":","characterOffsetBegin":203,"characterOffsetEnd":204,"pos":":","before":"","after":""},{"index":29,"word":">","originalText":">","characterOffsetBegin":204,"characterOffsetEnd":205,"pos":"JJR","before":"","after":""},{"index":30,"word":"nemo@aguirre.dia.fi.upm.es","originalText":"nemo@aguirre.dia.fi.upm.es","characterOffsetBegin":205,"characterOffsetEnd":231,"pos":"NNS","before":"","after":" "},{"index":31,"word":"-LRB-","originalText":"(","characterOffsetBegin":232,"characterOffsetEnd":233,"pos":"-LRB-","before":" ","after":""},{"index":32,"word":"Francisco","originalText":"Francisco","characterOffsetBegin":233,"characterOffsetEnd":242,"pos":"NNP","before":"","after":" "},{"index":33,"word":"J.","originalText":"J.","characterOffsetBegin":243,"characterOffsetEnd":245,"pos":"NNP","before":" ","after":" "},{"index":34,"word":"Ballesteros","originalText":"Ballesteros","characterOffsetBegin":246,"characterOffsetEnd":257,"pos":"NNP","before":" ","after":""},{"index":35,"word":"-RRB-","originalText":")","characterOffsetBegin":257,"characterOffsetEnd":258,"pos":"-RRB-","before":"","after":" "},{"index":36,"word":"writes","originalText":"writes","characterOffsetBegin":259,"characterOffsetEnd":265,"pos":"VBZ","before":" ","after":""},{"index":37,"word":":","originalText":":","characterOffsetBegin":265,"characterOffsetEnd":266,"pos":":","before":"","after":""},{"index":38,"word":">>","originalText":">>","characterOffsetBegin":266,"characterOffsetEnd":268,"pos":"CD","before":"","after":""},{"index":39,"word":">>","originalText":">>","characterOffsetBegin":268,"characterOffsetEnd":270,"pos":"CD","before":"","after":"   \t   "},{"index":40,"word":"The","originalText":"The","characterOffsetBegin":277,"characterOffsetEnd":280,"pos":"DT","before":"   \t   ","after":" "},{"index":41,"word":"problem","originalText":"problem","characterOffsetBegin":281,"characterOffsetEnd":288,"pos":"NN","before":" ","after":" "},{"index":42,"word":"occurs","originalText":"occurs","characterOffsetBegin":289,"characterOffsetEnd":295,"pos":"VBZ","before":" ","after":" "},{"index":43,"word":"during","originalText":"during","characterOffsetBegin":296,"characterOffsetEnd":302,"pos":"IN","before":" ","after":" "},{"index":44,"word":"the","originalText":"the","characterOffsetBegin":303,"characterOffsetEnd":306,"pos":"DT","before":" ","after":" "},{"index":45,"word":"initial","originalText":"initial","characterOffsetBegin":307,"characterOffsetEnd":314,"pos":"JJ","before":" ","after":" "},{"index":46,"word":"``","originalText":"\"","characterOffsetBegin":315,"characterOffsetEnd":316,"pos":"``","before":" ","after":""},{"index":47,"word":"make","originalText":"make","characterOffsetBegin":316,"characterOffsetEnd":320,"pos":"VB","before":"","after":" "},{"index":48,"word":"World","originalText":"World","characterOffsetBegin":321,"characterOffsetEnd":326,"pos":"NNP","before":" ","after":""},{"index":49,"word":"''","originalText":"\"","characterOffsetBegin":326,"characterOffsetEnd":327,"pos":"''","before":"","after":""},{"index":50,"word":".","originalText":".","characterOffsetBegin":327,"characterOffsetEnd":328,"pos":".","before":"","after":"  "}]},{"index":1,"tokens":[{"index":1,"word":"When","originalText":"When","characterOffsetBegin":330,"characterOffsetEnd":334,"pos":"WRB","before":"  ","after":""},{"index":2,"word":">>","originalText":">>","characterOffsetBegin":334,"characterOffsetEnd":336,"pos":"VBP","before":"","after":""},{"index":3,"word":">","originalText":">","characterOffsetBegin":336,"characterOffsetEnd":337,"pos":"JJR","before":"","after":"      "},{"index":4,"word":"it","originalText":"it","characterOffsetBegin":343,"characterOffsetEnd":345,"pos":"PRP","before":"      ","after":" "},{"index":5,"word":"gets","originalText":"gets","characterOffsetBegin":346,"characterOffsetEnd":350,"pos":"VBZ","before":" ","after":" "},{"index":6,"word":"up","originalText":"up","characterOffsetBegin":351,"characterOffsetEnd":353,"pos":"RB","before":" ","after":" "},{"index":7,"word":"to","originalText":"to","characterOffsetBegin":354,"characterOffsetEnd":356,"pos":"TO","before":" ","after":" "},{"index":8,"word":"compiling","originalText":"compiling","characterOffsetBegin":357,"characterOffsetEnd":366,"pos":"VBG","before":" ","after":" "},{"index":9,"word":"the","originalText":"the","characterOffsetBegin":367,"characterOffsetEnd":370,"pos":"DT","before":" ","after":" "},{"index":10,"word":"standard","originalText":"standard","characterOffsetBegin":371,"characterOffsetEnd":379,"pos":"JJ","before":" ","after":" "},{"index":11,"word":"X","originalText":"X","characterOffsetBegin":380,"characterOffsetEnd":381,"pos":"NN","before":" ","after":" "},{"index":12,"word":"clients","originalText":"clients","characterOffsetBegin":382,"characterOffsetEnd":389,"pos":"NNS","before":" ","after":""},{"index":13,"word":",","originalText":",","characterOffsetBegin":389,"characterOffsetEnd":390,"pos":",","before":"","after":" "},{"index":14,"word":"it","originalText":"it","characterOffsetBegin":391,"characterOffsetEnd":393,"pos":"PRP","before":" ","after":" "},{"index":15,"word":"ca","originalText":"ca","characterOffsetBegin":394,"characterOffsetEnd":396,"pos":"MD","before":" ","after":""},{"index":16,"word":"n't","originalText":"n't","characterOffsetBegin":396,"characterOffsetEnd":399,"pos":"RB","before":"","after":" "},{"index":17,"word":"seem","originalText":"seem","characterOffsetBegin":400,"characterOffsetEnd":404,"pos":"VB","before":" ","after":" "},{"index":18,"word":"to","originalText":"to","characterOffsetBegin":405,"characterOffsetEnd":407,"pos":"TO","before":" ","after":" "},{"index":19,"word":"find","originalText":"find","characterOffsetBegin":408,"characterOffsetEnd":412,"pos":"VB","before":" ","after":""},{"index":20,"word":">>","originalText":">>","characterOffsetBegin":412,"characterOffsetEnd":414,"pos":"JJ","before":"","after":""},{"index":21,"word":">","originalText":">","characterOffsetBegin":414,"characterOffsetEnd":415,"pos":"JJR","before":"","after":"      "},{"index":22,"word":"some","originalText":"some","characterOffsetBegin":421,"characterOffsetEnd":425,"pos":"DT","before":"      ","after":" "},{"index":23,"word":"of","originalText":"of","characterOffsetBegin":426,"characterOffsetEnd":428,"pos":"IN","before":" ","after":" "},{"index":24,"word":"the","originalText":"the","characterOffsetBegin":429,"characterOffsetEnd":432,"pos":"DT","before":" ","after":" "},{"index":25,"word":"libraries","originalText":"libraries","characterOffsetBegin":433,"characterOffsetEnd":442,"pos":"NNS","before":" ","after":""},{"index":26,"word":".","originalText":".","characterOffsetBegin":442,"characterOffsetEnd":443,"pos":".","before":"","after":"  "}]},{"index":2,"tokens":[{"index":1,"word":"Right","originalText":"Right","characterOffsetBegin":445,"characterOffsetEnd":450,"pos":"RB","before":"  ","after":" "},{"index":2,"word":"now","originalText":"now","characterOffsetBegin":451,"characterOffsetEnd":454,"pos":"RB","before":" ","after":" "},{"index":3,"word":"we","originalText":"we","characterOffsetBegin":455,"characterOffsetEnd":457,"pos":"PRP","before":" ","after":" "},{"index":4,"word":"highly","originalText":"highly","characterOffsetBegin":458,"characterOffsetEnd":464,"pos":"RB","before":" ","after":" "},{"index":5,"word":"suspect","originalText":"suspect","characterOffsetBegin":465,"characterOffsetEnd":472,"pos":"VBP","before":" ","after":" "},{"index":6,"word":"the","originalText":"the","characterOffsetBegin":473,"characterOffsetEnd":476,"pos":"DT","before":" ","after":" "},{"index":7,"word":"program","originalText":"program","characterOffsetBegin":477,"characterOffsetEnd":484,"pos":"NN","before":" ","after":" "},{"index":8,"word":"``","originalText":"\"","characterOffsetBegin":485,"characterOffsetEnd":486,"pos":"``","before":" ","after":""},{"index":9,"word":"ld","originalText":"ld","characterOffsetBegin":486,"characterOffsetEnd":488,"pos":"NN","before":"","after":""},{"index":10,"word":"''","originalText":"\"","characterOffsetBegin":488,"characterOffsetEnd":489,"pos":"''","before":"","after":""},{"index":11,"word":">>","originalText":">>","characterOffsetBegin":489,"characterOffsetEnd":491,"pos":"CD","before":"","after":""},{"index":12,"word":">","originalText":">","characterOffsetBegin":491,"characterOffsetEnd":492,"pos":"JJR","before":"","after":"      "},{"index":13,"word":"which","originalText":"which","characterOffsetBegin":498,"characterOffsetEnd":503,"pos":"WDT","before":"      ","after":" "},{"index":14,"word":"was","originalText":"was","characterOffsetBegin":504,"characterOffsetEnd":507,"pos":"VBD","before":" ","after":" "},{"index":15,"word":"updated","originalText":"updated","characterOffsetBegin":508,"characterOffsetEnd":515,"pos":"VBN","before":" ","after":" "},{"index":16,"word":"for","originalText":"for","characterOffsetBegin":516,"characterOffsetEnd":519,"pos":"IN","before":" ","after":" "},{"index":17,"word":"4_1_3","originalText":"4_1_3","characterOffsetBegin":520,"characterOffsetEnd":525,"pos":"CD","before":" ","after":""},{"index":18,"word":".","originalText":".","characterOffsetBegin":525,"characterOffsetEnd":526,"pos":".","before":"","after":""}]},{"index":3,"tokens":[{"index":1,"word":">>","originalText":">>","characterOffsetBegin":526,"characterOffsetEnd":528,"pos":"NN","before":"","after":""},{"index":2,"word":">","originalText":">","characterOffsetBegin":528,"characterOffsetEnd":529,"pos":"JJR","before":"","after":"   "},{"index":3,"word":">>","originalText":">>","characterOffsetBegin":532,"characterOffsetEnd":534,"pos":"CD","before":"   ","after":""},{"index":4,"word":">","originalText":">","characterOffsetBegin":534,"characterOffsetEnd":535,"pos":"JJR","before":"","after":"    "},{"index":5,"word":"Yip","originalText":"Yip","characterOffsetBegin":539,"characterOffsetEnd":542,"pos":"NN","before":"    ","after":""},{"index":6,"word":",","originalText":",","characterOffsetBegin":542,"characterOffsetEnd":543,"pos":",","before":"","after":" "},{"index":7,"word":"we","originalText":"we","characterOffsetBegin":544,"characterOffsetEnd":546,"pos":"PRP","before":" ","after":" "},{"index":8,"word":"had","originalText":"had","characterOffsetBegin":547,"characterOffsetEnd":550,"pos":"VBD","before":" ","after":" "},{"index":9,"word":"the","originalText":"the","characterOffsetBegin":551,"characterOffsetEnd":554,"pos":"DT","before":" ","after":" "},{"index":10,"word":"same","originalText":"same","characterOffsetBegin":555,"characterOffsetEnd":559,"pos":"JJ","before":" ","after":" "},{"index":11,"word":"problem","originalText":"problem","characterOffsetBegin":560,"characterOffsetEnd":567,"pos":"NN","before":" ","after":""},{"index":12,"word":";","originalText":";","characterOffsetBegin":567,"characterOffsetEnd":568,"pos":":","before":"","after":" "},{"index":13,"word":"the","originalText":"the","characterOffsetBegin":569,"characterOffsetEnd":572,"pos":"DT","before":" ","after":" "},{"index":14,"word":"only","originalText":"only","characterOffsetBegin":573,"characterOffsetEnd":577,"pos":"JJ","before":" ","after":" "},{"index":15,"word":"fix","originalText":"fix","characterOffsetBegin":578,"characterOffsetEnd":581,"pos":"NN","before":" ","after":" "},{"index":16,"word":"we","originalText":"we","characterOffsetBegin":582,"characterOffsetEnd":584,"pos":"PRP","before":" ","after":" "},{"index":17,"word":"found","originalText":"found","characterOffsetBegin":585,"characterOffsetEnd":590,"pos":"VBD","before":" ","after":" "},{"index":18,"word":"was","originalText":"was","characterOffsetBegin":591,"characterOffsetEnd":594,"pos":"VBD","before":" ","after":" "},{"index":19,"word":"to","originalText":"to","characterOffsetBegin":595,"characterOffsetEnd":597,"pos":"TO","before":" ","after":" "},{"index":20,"word":"link","originalText":"link","characterOffsetBegin":598,"characterOffsetEnd":602,"pos":"VB","before":" ","after":" "},{"index":21,"word":"static","originalText":"static","characterOffsetBegin":603,"characterOffsetEnd":609,"pos":"JJ","before":" ","after":""},{"index":22,"word":">>","originalText":">>","characterOffsetBegin":609,"characterOffsetEnd":611,"pos":"CD","before":"","after":""},{"index":23,"word":"some","originalText":"some","characterOffsetBegin":611,"characterOffsetEnd":615,"pos":"DT","before":"","after":" "},{"index":24,"word":"of","originalText":"of","characterOffsetBegin":616,"characterOffsetEnd":618,"pos":"IN","before":" ","after":" "},{"index":25,"word":"the","originalText":"the","characterOffsetBegin":619,"characterOffsetEnd":622,"pos":"DT","before":" ","after":" "},{"index":26,"word":"clients","originalText":"clients","characterOffsetBegin":623,"characterOffsetEnd":630,"pos":"NNS","before":" ","after":""},{"index":27,"word":",","originalText":",","characterOffsetBegin":630,"characterOffsetEnd":631,"pos":",","before":"","after":" "},{"index":28,"word":"-LRB-","originalText":"(","characterOffsetBegin":632,"characterOffsetEnd":633,"pos":"-LRB-","before":" ","after":" "},{"index":29,"word":"btw","originalText":"btw","characterOffsetBegin":634,"characterOffsetEnd":637,"pos":"NN","before":" ","after":""},{"index":30,"word":",","originalText":",","characterOffsetBegin":637,"characterOffsetEnd":638,"pos":",","before":"","after":" "},{"index":31,"word":"we","originalText":"we","characterOffsetBegin":639,"characterOffsetEnd":641,"pos":"PRP","before":" ","after":" "},{"index":32,"word":"used","originalText":"used","characterOffsetBegin":642,"characterOffsetEnd":646,"pos":"VBD","before":" ","after":" "},{"index":33,"word":"cc","originalText":"cc","characterOffsetBegin":647,"characterOffsetEnd":649,"pos":"NN","before":" ","after":""},{"index":34,"word":"-RRB-","originalText":")","characterOffsetBegin":649,"characterOffsetEnd":650,"pos":"-RRB-","before":"","after":""},{"index":35,"word":".","originalText":".","characterOffsetBegin":650,"characterOffsetEnd":651,"pos":".","before":"","after":" "}]},{"index":4,"tokens":[{"index":1,"word":":--LRB-","originalText":":-(","characterOffsetBegin":652,"characterOffsetEnd":655,"pos":"NN","before":" ","after":""},{"index":2,"word":".","originalText":".","characterOffsetBegin":655,"characterOffsetEnd":656,"pos":".","before":"","after":""}]},{"index":5,"tokens":[{"index":1,"word":">>","originalText":">>","characterOffsetBegin":656,"characterOffsetEnd":658,"pos":"NN","before":"","after":""},{"index":2,"word":"Or","originalText":"Or","characterOffsetBegin":658,"characterOffsetEnd":660,"pos":"CC","before":"","after":" "},{"index":3,"word":"use","originalText":"use","characterOffsetBegin":661,"characterOffsetEnd":664,"pos":"VB","before":" ","after":" "},{"index":4,"word":"a","originalText":"a","characterOffsetBegin":665,"characterOffsetEnd":666,"pos":"DT","before":" ","after":" "},{"index":5,"word":"SunOS","originalText":"SunOS","characterOffsetBegin":667,"characterOffsetEnd":672,"pos":"NN","before":" ","after":" "},{"index":6,"word":"4.1.1","originalText":"4.1.1","characterOffsetBegin":673,"characterOffsetEnd":678,"pos":"CD","before":" ","after":" "},{"index":7,"word":"ld.Or","originalText":"ld.Or","characterOffsetBegin":679,"characterOffsetEnd":684,"pos":"NN","before":" ","after":" "},{"index":8,"word":"read","originalText":"read","characterOffsetBegin":685,"characterOffsetEnd":689,"pos":"VBD","before":" ","after":" "},{"index":9,"word":"fixes","originalText":"fixes","characterOffsetBegin":690,"characterOffsetEnd":695,"pos":"NNS","before":" ","after":" "},{"index":10,"word":"9","originalText":"9","characterOffsetBegin":696,"characterOffsetEnd":697,"pos":"CD","before":" ","after":""},{"index":11,"word":",","originalText":",","characterOffsetBegin":697,"characterOffsetEnd":698,"pos":",","before":"","after":" "},{"index":12,"word":"10","originalText":"10","characterOffsetBegin":699,"characterOffsetEnd":701,"pos":"CD","before":" ","after":""},{"index":13,"word":",","originalText":",","characterOffsetBegin":701,"characterOffsetEnd":702,"pos":",","before":"","after":" "},{"index":14,"word":"and","originalText":"and","characterOffsetBegin":703,"characterOffsetEnd":706,"pos":"CC","before":" ","after":" "},{"index":15,"word":"11","originalText":"11","characterOffsetBegin":707,"characterOffsetEnd":709,"pos":"CD","before":" ","after":" "},{"index":16,"word":"to","originalText":"to","characterOffsetBegin":710,"characterOffsetEnd":712,"pos":"TO","before":" ","after":" "},{"index":17,"word":"the","originalText":"the","characterOffsetBegin":713,"characterOffsetEnd":716,"pos":"DT","before":" ","after":" "},{"index":18,"word":"MIT","originalText":"MIT","characterOffsetBegin":717,"characterOffsetEnd":720,"pos":"NNP","before":" ","after":" "},{"index":19,"word":"distribution","originalText":"distribution","characterOffsetBegin":721,"characterOffsetEnd":733,"pos":"NN","before":" ","after":""},{"index":20,"word":".","originalText":".","characterOffsetBegin":733,"characterOffsetEnd":734,"pos":".","before":"","after":"  "}]},{"index":6,"tokens":[{"index":1,"word":"This","originalText":"This","characterOffsetBegin":736,"characterOffsetEnd":740,"pos":"DT","before":"  ","after":" "},{"index":2,"word":"is","originalText":"is","characterOffsetBegin":741,"characterOffsetEnd":743,"pos":"VBZ","before":" ","after":" "},{"index":3,"word":"a","originalText":"a","characterOffsetBegin":744,"characterOffsetEnd":745,"pos":"DT","before":" ","after":" "},{"index":4,"word":"known","originalText":"known","characterOffsetBegin":746,"characterOffsetEnd":751,"pos":"JJ","before":" ","after":" "},{"index":5,"word":"problem","originalText":"problem","characterOffsetBegin":752,"characterOffsetEnd":759,"pos":"NN","before":" ","after":" "},{"index":6,"word":"-","originalText":"-","characterOffsetBegin":760,"characterOffsetEnd":761,"pos":":","before":" ","after":" "},{"index":7,"word":"just","originalText":"just","characterOffsetBegin":762,"characterOffsetEnd":766,"pos":"RB","before":" ","after":" "},{"index":8,"word":"apply","originalText":"apply","characterOffsetBegin":767,"characterOffsetEnd":772,"pos":"VB","before":" ","after":" "},{"index":9,"word":"those","originalText":"those","characterOffsetBegin":773,"characterOffsetEnd":778,"pos":"DT","before":" ","after":" "},{"index":10,"word":"fixes","originalText":"fixes","characterOffsetBegin":779,"characterOffsetEnd":784,"pos":"NNS","before":" ","after":" "},{"index":11,"word":"and","originalText":"and","characterOffsetBegin":785,"characterOffsetEnd":788,"pos":"CC","before":" ","after":" "},{"index":12,"word":"set","originalText":"set","characterOffsetBegin":789,"characterOffsetEnd":792,"pos":"VBN","before":" ","after":" "},{"index":13,"word":"SunPost411FCSLd","originalText":"SunPost411FCSLd","characterOffsetBegin":793,"characterOffsetEnd":808,"pos":"NN","before":" ","after":" "},{"index":14,"word":"to","originalText":"to","characterOffsetBegin":809,"characterOffsetEnd":811,"pos":"TO","before":" ","after":" "},{"index":15,"word":"YES","originalText":"YES","characterOffsetBegin":812,"characterOffsetEnd":815,"pos":"NN","before":" ","after":" "},{"index":16,"word":"and","originalText":"and","characterOffsetBegin":816,"characterOffsetEnd":819,"pos":"CC","before":" ","after":" "},{"index":17,"word":"OSTeenyVersion","originalText":"OSTeenyVersion","characterOffsetBegin":820,"characterOffsetEnd":834,"pos":"NN","before":" ","after":" "},{"index":18,"word":"in","originalText":"in","characterOffsetBegin":835,"characterOffsetEnd":837,"pos":"IN","before":" ","after":" "},{"index":19,"word":"mit/config/sun","originalText":"mit/config/sun","characterOffsetBegin":838,"characterOffsetEnd":852,"pos":"NN","before":" ","after":""},{"index":20,"word":".","originalText":".","characterOffsetBegin":852,"characterOffsetEnd":853,"pos":".","before":"","after":""}]},{"index":7,"tokens":[{"index":1,"word":"cf","originalText":"cf","characterOffsetBegin":853,"characterOffsetEnd":855,"pos":"NN","before":"","after":" "},{"index":2,"word":"to","originalText":"to","characterOffsetBegin":856,"characterOffsetEnd":858,"pos":"TO","before":" ","after":" "},{"index":3,"word":"3","originalText":"3","characterOffsetBegin":859,"characterOffsetEnd":860,"pos":"CD","before":" ","after":""},{"index":4,"word":".","originalText":".","characterOffsetBegin":860,"characterOffsetEnd":861,"pos":".","before":"","after":""}]},{"index":8,"tokens":[{"index":1,"word":"In","originalText":"In","characterOffsetBegin":861,"characterOffsetEnd":863,"pos":"IN","before":"","after":" "},{"index":2,"word":"fix-09","originalText":"fix-09","characterOffsetBegin":864,"characterOffsetEnd":870,"pos":"NN","before":" ","after":""},{"index":3,"word":":","originalText":":","characterOffsetBegin":870,"characterOffsetEnd":871,"pos":":","before":"","after":""},{"index":4,"word":"|","originalText":"|","characterOffsetBegin":871,"characterOffsetEnd":872,"pos":"CD","before":"","after":""},{"index":5,"word":"If","originalText":"If","characterOffsetBegin":872,"characterOffsetEnd":874,"pos":"IN","before":"","after":" "},{"index":6,"word":"you","originalText":"you","characterOffsetBegin":875,"characterOffsetEnd":878,"pos":"PRP","before":" ","after":" "},{"index":7,"word":"are","originalText":"are","characterOffsetBegin":879,"characterOffsetEnd":882,"pos":"VBP","before":" ","after":" "},{"index":8,"word":"running","originalText":"running","characterOffsetBegin":883,"characterOffsetEnd":890,"pos":"VBG","before":" ","after":" "},{"index":9,"word":"SunOS","originalText":"SunOS","characterOffsetBegin":891,"characterOffsetEnd":896,"pos":"NN","before":" ","after":" "},{"index":10,"word":"4.1.1","originalText":"4.1.1","characterOffsetBegin":897,"characterOffsetEnd":902,"pos":"CD","before":" ","after":" "},{"index":11,"word":"and","originalText":"and","characterOffsetBegin":903,"characterOffsetEnd":906,"pos":"CC","before":" ","after":" "},{"index":12,"word":"you","originalText":"you","characterOffsetBegin":907,"characterOffsetEnd":910,"pos":"PRP","before":" ","after":" "},{"index":13,"word":"apply","originalText":"apply","characterOffsetBegin":911,"characterOffsetEnd":916,"pos":"VBP","before":" ","after":" "},{"index":14,"word":"Sun","originalText":"Sun","characterOffsetBegin":917,"characterOffsetEnd":920,"pos":"NNP","before":" ","after":""},{"index":15,"word":"'s","originalText":"'s","characterOffsetBegin":920,"characterOffsetEnd":922,"pos":"POS","before":"","after":" "},{"index":16,"word":"ld","originalText":"ld","characterOffsetBegin":923,"characterOffsetEnd":925,"pos":"NN","before":" ","after":" "},{"index":17,"word":"patch","originalText":"patch","characterOffsetBegin":926,"characterOffsetEnd":931,"pos":"NN","before":" ","after":" "},{"index":18,"word":"100170-6","originalText":"100170-6","characterOffsetBegin":932,"characterOffsetEnd":940,"pos":"CD","before":" ","after":""},{"index":19,"word":",","originalText":",","characterOffsetBegin":940,"characterOffsetEnd":941,"pos":",","before":"","after":""},{"index":20,"word":"|","originalText":"|","characterOffsetBegin":941,"characterOffsetEnd":942,"pos":"CD","before":"","after":""},{"index":21,"word":"then","originalText":"then","characterOffsetBegin":942,"characterOffsetEnd":946,"pos":"RB","before":"","after":" "},{"index":22,"word":"you","originalText":"you","characterOffsetBegin":947,"characterOffsetEnd":950,"pos":"PRP","before":" ","after":" "},{"index":23,"word":"will","originalText":"will","characterOffsetBegin":951,"characterOffsetEnd":955,"pos":"MD","before":" ","after":" "},{"index":24,"word":"need","originalText":"need","characterOffsetBegin":956,"characterOffsetEnd":960,"pos":"VB","before":" ","after":" "},{"index":25,"word":"to","originalText":"to","characterOffsetBegin":961,"characterOffsetEnd":963,"pos":"TO","before":" ","after":" "},{"index":26,"word":"edit","originalText":"edit","characterOffsetBegin":964,"characterOffsetEnd":968,"pos":"VB","before":" ","after":" "},{"index":27,"word":"your","originalText":"your","characterOffsetBegin":969,"characterOffsetEnd":973,"pos":"PRP$","before":" ","after":" "},{"index":28,"word":"site.def","originalText":"site.def","characterOffsetBegin":974,"characterOffsetEnd":982,"pos":"NN","before":" ","after":" "},{"index":29,"word":"and","originalText":"and","characterOffsetBegin":983,"characterOffsetEnd":986,"pos":"CC","before":" ","after":" "},{"index":30,"word":"add","originalText":"add","characterOffsetBegin":987,"characterOffsetEnd":990,"pos":"VB","before":" ","after":" "},{"index":31,"word":"this","originalText":"this","characterOffsetBegin":991,"characterOffsetEnd":995,"pos":"DT","before":" ","after":" "},{"index":32,"word":"line","originalText":"line","characterOffsetBegin":996,"characterOffsetEnd":1000,"pos":"NN","before":" ","after":" "},{"index":33,"word":"to","originalText":"to","characterOffsetBegin":1001,"characterOffsetEnd":1003,"pos":"TO","before":" ","after":" "},{"index":34,"word":"the","originalText":"the","characterOffsetBegin":1004,"characterOffsetEnd":1007,"pos":"DT","before":" ","after":""},{"index":35,"word":"|","originalText":"|","characterOffsetBegin":1007,"characterOffsetEnd":1008,"pos":"NN","before":"","after":""},{"index":36,"word":"AfterVendorCF","originalText":"AfterVendorCF","characterOffsetBegin":1008,"characterOffsetEnd":1021,"pos":"NN","before":"","after":" "},{"index":37,"word":"section","originalText":"section","characterOffsetBegin":1022,"characterOffsetEnd":1029,"pos":"NN","before":" ","after":""},{"index":38,"word":":|","originalText":":|","characterOffsetBegin":1029,"characterOffsetEnd":1031,"pos":"CD","before":"","after":""},{"index":39,"word":"|","originalText":"|","characterOffsetBegin":1031,"characterOffsetEnd":1032,"pos":"CD","before":"","after":""},{"index":40,"word":"#define","originalText":"#define","characterOffsetBegin":1032,"characterOffsetEnd":1039,"pos":"NN","before":"","after":" "},{"index":41,"word":"SunPost411FCSLd","originalText":"SunPost411FCSLd","characterOffsetBegin":1040,"characterOffsetEnd":1055,"pos":"NN","before":" ","after":"   "},{"index":42,"word":"YESIn","originalText":"YESIn","characterOffsetBegin":1058,"characterOffsetEnd":1063,"pos":"NN","before":"   ","after":" "},{"index":43,"word":"fix-10","originalText":"fix-10","characterOffsetBegin":1064,"characterOffsetEnd":1070,"pos":"NN","before":" ","after":""},{"index":44,"word":":","originalText":":","characterOffsetBegin":1070,"characterOffsetEnd":1071,"pos":":","before":"","after":""},{"index":45,"word":"|","originalText":"|","characterOffsetBegin":1071,"characterOffsetEnd":1072,"pos":"CD","before":"","after":""},{"index":46,"word":"If","originalText":"If","characterOffsetBegin":1072,"characterOffsetEnd":1074,"pos":"IN","before":"","after":" "},{"index":47,"word":"you","originalText":"you","characterOffsetBegin":1075,"characterOffsetEnd":1078,"pos":"PRP","before":" ","after":" "},{"index":48,"word":"are","originalText":"are","characterOffsetBegin":1079,"characterOffsetEnd":1082,"pos":"VBP","before":" ","after":" "},{"index":49,"word":"running","originalText":"running","characterOffsetBegin":1083,"characterOffsetEnd":1090,"pos":"VBG","before":" ","after":" "},{"index":50,"word":"SunOS","originalText":"SunOS","characterOffsetBegin":1091,"characterOffsetEnd":1096,"pos":"NN","before":" ","after":" "},{"index":51,"word":"4.1.2","originalText":"4.1.2","characterOffsetBegin":1097,"characterOffsetEnd":1102,"pos":"CD","before":" ","after":""},{"index":52,"word":",","originalText":",","characterOffsetBegin":1102,"characterOffsetEnd":1103,"pos":",","before":"","after":" "},{"index":53,"word":"change","originalText":"change","characterOffsetBegin":1104,"characterOffsetEnd":1110,"pos":"NN","before":" ","after":" "},{"index":54,"word":"OSTeenyVersion","originalText":"OSTeenyVersion","characterOffsetBegin":1111,"characterOffsetEnd":1125,"pos":"NN","before":" ","after":" "},{"index":55,"word":"in","originalText":"in","characterOffsetBegin":1126,"characterOffsetEnd":1128,"pos":"IN","before":" ","after":" "},{"index":56,"word":"mit/config/sun","originalText":"mit/config/sun","characterOffsetBegin":1129,"characterOffsetEnd":1143,"pos":"NN","before":" ","after":""},{"index":57,"word":".","originalText":".","characterOffsetBegin":1143,"characterOffsetEnd":1144,"pos":".","before":"","after":""}]},{"index":9,"tokens":[{"index":1,"word":"cf","originalText":"cf","characterOffsetBegin":1144,"characterOffsetEnd":1146,"pos":"NN","before":"","after":" "},{"index":2,"word":"to","originalText":"to","characterOffsetBegin":1147,"characterOffsetEnd":1149,"pos":"TO","before":" ","after":""},{"index":3,"word":"|","originalText":"|","characterOffsetBegin":1149,"characterOffsetEnd":1150,"pos":"CD","before":"","after":""},{"index":4,"word":"have","originalText":"have","characterOffsetBegin":1150,"characterOffsetEnd":1154,"pos":"VBP","before":"","after":" "},{"index":5,"word":"a","originalText":"a","characterOffsetBegin":1155,"characterOffsetEnd":1156,"pos":"DT","before":" ","after":" "},{"index":6,"word":"value","originalText":"value","characterOffsetBegin":1157,"characterOffsetEnd":1162,"pos":"NN","before":" ","after":" "},{"index":7,"word":"of","originalText":"of","characterOffsetBegin":1163,"characterOffsetEnd":1165,"pos":"IN","before":" ","after":" "},{"index":8,"word":"2","originalText":"2","characterOffsetBegin":1166,"characterOffsetEnd":1167,"pos":"CD","before":" ","after":""},{"index":9,"word":".","originalText":".","characterOffsetBegin":1167,"characterOffsetEnd":1168,"pos":".","before":"","after":""}]},{"index":10,"tokens":[{"index":1,"word":"In","originalText":"In","characterOffsetBegin":1168,"characterOffsetEnd":1170,"pos":"IN","before":"","after":" "},{"index":2,"word":"fix-11","originalText":"fix-11","characterOffsetBegin":1171,"characterOffsetEnd":1177,"pos":"NN","before":" ","after":""},{"index":3,"word":":","originalText":":","characterOffsetBegin":1177,"characterOffsetEnd":1178,"pos":":","before":"","after":""},{"index":4,"word":"|","originalText":"|","characterOffsetBegin":1178,"characterOffsetEnd":1179,"pos":"CD","before":"","after":""},{"index":5,"word":"Brief","originalText":"Brief","characterOffsetBegin":1179,"characterOffsetEnd":1184,"pos":"JJ","before":"","after":" "},{"index":6,"word":"notes","originalText":"notes","characterOffsetBegin":1185,"characterOffsetEnd":1190,"pos":"NNS","before":" ","after":" "},{"index":7,"word":"on","originalText":"on","characterOffsetBegin":1191,"characterOffsetEnd":1193,"pos":"IN","before":" ","after":" "},{"index":8,"word":"what","originalText":"what","characterOffsetBegin":1194,"characterOffsetEnd":1198,"pos":"WP","before":" ","after":" "},{"index":9,"word":"this","originalText":"this","characterOffsetBegin":1199,"characterOffsetEnd":1203,"pos":"DT","before":" ","after":" "},{"index":10,"word":"patch","originalText":"patch","characterOffsetBegin":1204,"characterOffsetEnd":1209,"pos":"NN","before":" ","after":" "},{"index":11,"word":"fixes","originalText":"fixes","characterOffsetBegin":1210,"characterOffsetEnd":1215,"pos":"NNS","before":" ","after":""},{"index":12,"word":":|","originalText":":|","characterOffsetBegin":1215,"characterOffsetEnd":1217,"pos":"VBP","before":"","after":""},{"index":13,"word":"|","originalText":"|","characterOffsetBegin":1217,"characterOffsetEnd":1218,"pos":"CD","before":"","after":""},{"index":14,"word":"config","originalText":"config","characterOffsetBegin":1218,"characterOffsetEnd":1224,"pos":"NN","before":"","after":""},{"index":15,"word":":","originalText":":","characterOffsetBegin":1224,"characterOffsetEnd":1225,"pos":":","before":"","after":" "},{"index":16,"word":"make","originalText":"make","characterOffsetBegin":1226,"characterOffsetEnd":1230,"pos":"VB","before":" ","after":" "},{"index":17,"word":"on","originalText":"on","characterOffsetBegin":1231,"characterOffsetEnd":1233,"pos":"IN","before":" ","after":" "},{"index":18,"word":"SunOS","originalText":"SunOS","characterOffsetBegin":1234,"characterOffsetEnd":1239,"pos":"NN","before":" ","after":" "},{"index":19,"word":"4.1.2","originalText":"4.1.2","characterOffsetBegin":1240,"characterOffsetEnd":1245,"pos":"CD","before":" ","after":" "},{"index":20,"word":"fails","originalText":"fails","characterOffsetBegin":1246,"characterOffsetEnd":1251,"pos":"VBZ","before":" ","after":" "},{"index":21,"word":"unless","originalText":"unless","characterOffsetBegin":1252,"characterOffsetEnd":1258,"pos":"IN","before":" ","after":" "},{"index":22,"word":"tree","originalText":"tree","characterOffsetBegin":1259,"characterOffsetEnd":1263,"pos":"NN","before":" ","after":" "},{"index":23,"word":"previously","originalText":"previously","characterOffsetBegin":1264,"characterOffsetEnd":1274,"pos":"RB","before":" ","after":" "},{"index":24,"word":"built","originalText":"built","characterOffsetBegin":1275,"characterOffsetEnd":1280,"pos":"VBN","before":" ","after":" "},{"index":25,"word":"inSean","originalText":"inSean","characterOffsetBegin":1281,"characterOffsetEnd":1287,"pos":"NNP","before":" ","after":" "},{"index":26,"word":"Welch","originalText":"Welch","characterOffsetBegin":1288,"characterOffsetEnd":1293,"pos":"NNP","before":" ","after":""}]}]}