{"sentences":[{"index":0,"tokens":[{"index":1,"word":"From","originalText":"From","characterOffsetBegin":0,"characterOffsetEnd":4,"pos":"IN","before":"","after":""},{"index":2,"word":":","originalText":":","characterOffsetBegin":4,"characterOffsetEnd":5,"pos":":","before":"","after":" "},{"index":3,"word":"stevew@chineham.euro.csg.mot.com","originalText":"stevew@chineham.euro.csg.mot.com","characterOffsetBegin":6,"characterOffsetEnd":38,"pos":"NN","before":" ","after":" "},{"index":4,"word":"-LRB-","originalText":"(","characterOffsetBegin":39,"characterOffsetEnd":40,"pos":"-LRB-","before":" ","after":""},{"index":5,"word":"Steve","originalText":"Steve","characterOffsetBegin":40,"characterOffsetEnd":45,"pos":"NNP","before":"","after":" "},{"index":6,"word":"Weet","originalText":"Weet","characterOffsetBegin":46,"characterOffsetEnd":50,"pos":"NNP","before":" ","after":""},{"index":7,"word":"-RRB-","originalText":")","characterOffsetBegin":50,"characterOffsetEnd":51,"pos":"-RRB-","before":"","after":""},{"index":8,"word":"Subject","originalText":"Subject","characterOffsetBegin":51,"characterOffsetEnd":58,"pos":"NNP","before":"","after":""},{"index":9,"word":":","originalText":":","characterOffsetBegin":58,"characterOffsetEnd":59,"pos":":","before":"","after":" "},{"index":10,"word":"Xterm","originalText":"Xterm","characterOffsetBegin":60,"characterOffsetEnd":65,"pos":"NNP","before":" ","after":" "},{"index":11,"word":"CursorForgive","originalText":"CursorForgive","characterOffsetBegin":66,"characterOffsetEnd":79,"pos":"NNP","before":" ","after":" "},{"index":12,"word":"me","originalText":"me","characterOffsetBegin":80,"characterOffsetEnd":82,"pos":"PRP","before":" ","after":" "},{"index":13,"word":"if","originalText":"if","characterOffsetBegin":83,"characterOffsetEnd":85,"pos":"IN","before":" ","after":" "},{"index":14,"word":"this","originalText":"this","characterOffsetBegin":86,"characterOffsetEnd":90,"pos":"DT","before":" ","after":" "},{"index":15,"word":"is","originalText":"is","characterOffsetBegin":91,"characterOffsetEnd":93,"pos":"VBZ","before":" ","after":" "},{"index":16,"word":"a","originalText":"a","characterOffsetBegin":94,"characterOffsetEnd":95,"pos":"DT","before":" ","after":" "},{"index":17,"word":"FAQ","originalText":"FAQ","characterOffsetBegin":96,"characterOffsetEnd":99,"pos":"NN","before":" ","after":" "},{"index":18,"word":"-LRB-","originalText":"(","characterOffsetBegin":100,"characterOffsetEnd":101,"pos":"-LRB-","before":" ","after":""},{"index":19,"word":"I","originalText":"I","characterOffsetBegin":101,"characterOffsetEnd":102,"pos":"PRP","before":"","after":" "},{"index":20,"word":"have","originalText":"have","characterOffsetBegin":103,"characterOffsetEnd":107,"pos":"VBP","before":" ","after":" "},{"index":21,"word":"checked","originalText":"checked","characterOffsetBegin":108,"characterOffsetEnd":115,"pos":"VBN","before":" ","after":" "},{"index":22,"word":"the","originalText":"the","characterOffsetBegin":116,"characterOffsetEnd":119,"pos":"DT","before":" ","after":" "},{"index":23,"word":"list","originalText":"list","characterOffsetBegin":120,"characterOffsetEnd":124,"pos":"NN","before":" ","after":" "},{"index":24,"word":"but","originalText":"but","characterOffsetBegin":125,"characterOffsetEnd":128,"pos":"CC","before":" ","after":" "},{"index":25,"word":"I","originalText":"I","characterOffsetBegin":129,"characterOffsetEnd":130,"pos":"PRP","before":" ","after":" "},{"index":26,"word":"cant","originalText":"cant","characterOffsetBegin":131,"characterOffsetEnd":135,"pos":"VBP","before":" ","after":" "},{"index":27,"word":"find","originalText":"find","characterOffsetBegin":136,"characterOffsetEnd":140,"pos":"VB","before":" ","after":" "},{"index":28,"word":"it","originalText":"it","characterOffsetBegin":141,"characterOffsetEnd":143,"pos":"PRP","before":" ","after":""},{"index":29,"word":"-RRB-","originalText":")","characterOffsetBegin":143,"characterOffsetEnd":144,"pos":"-RRB-","before":"","after":""},{"index":30,"word":".","originalText":".","characterOffsetBegin":144,"characterOffsetEnd":145,"pos":".","before":"","after":""}]},{"index":1,"tokens":[{"index":1,"word":"I","originalText":"I","characterOffsetBegin":145,"characterOffsetEnd":146,"pos":"PRP","before":"","after":" "},{"index":2,"word":"have","originalText":"have","characterOffsetBegin":147,"characterOffsetEnd":151,"pos":"VBP","before":" ","after":" "},{"index":3,"word":"a","originalText":"a","characterOffsetBegin":152,"characterOffsetEnd":153,"pos":"DT","before":" ","after":" "},{"index":4,"word":"problem","originalText":"problem","characterOffsetBegin":154,"characterOffsetEnd":161,"pos":"NN","before":" ","after":" "},{"index":5,"word":"with","originalText":"with","characterOffsetBegin":162,"characterOffsetEnd":166,"pos":"IN","before":" ","after":" "},{"index":6,"word":"the","originalText":"the","characterOffsetBegin":167,"characterOffsetEnd":170,"pos":"DT","before":" ","after":" "},{"index":7,"word":"cursor","originalText":"cursor","characterOffsetBegin":171,"characterOffsetEnd":177,"pos":"NN","before":" ","after":" "},{"index":8,"word":"within","originalText":"within","characterOffsetBegin":178,"characterOffsetEnd":184,"pos":"IN","before":" ","after":" "},{"index":9,"word":"Xterm","originalText":"Xterm","characterOffsetBegin":185,"characterOffsetEnd":190,"pos":"NNP","before":" ","after":" "},{"index":10,"word":"on","originalText":"on","characterOffsetBegin":191,"characterOffsetEnd":193,"pos":"IN","before":" ","after":" "},{"index":11,"word":"MONO","originalText":"MONO","characterOffsetBegin":194,"characterOffsetEnd":198,"pos":"NNP","before":" ","after":" "},{"index":12,"word":"-LRB-","originalText":"(","characterOffsetBegin":199,"characterOffsetEnd":200,"pos":"-LRB-","before":" ","after":""},{"index":13,"word":"not","originalText":"not","characterOffsetBegin":200,"characterOffsetEnd":203,"pos":"RB","before":"","after":" "},{"index":14,"word":"grayscale","originalText":"grayscale","characterOffsetBegin":204,"characterOffsetEnd":213,"pos":"VB","before":" ","after":" "},{"index":15,"word":"monitors","originalText":"monitors","characterOffsetBegin":214,"characterOffsetEnd":222,"pos":"NNS","before":" ","after":""},{"index":16,"word":"-RRB-","originalText":")","characterOffsetBegin":222,"characterOffsetEnd":223,"pos":"-RRB-","before":"","after":""},{"index":17,"word":"The","originalText":"The","characterOffsetBegin":223,"characterOffsetEnd":226,"pos":"DT","before":"","after":" "},{"index":18,"word":"problem","originalText":"problem","characterOffsetBegin":227,"characterOffsetEnd":234,"pos":"NN","before":" ","after":" "},{"index":19,"word":"is","originalText":"is","characterOffsetBegin":235,"characterOffsetEnd":237,"pos":"VBZ","before":" ","after":" "},{"index":20,"word":"that","originalText":"that","characterOffsetBegin":238,"characterOffsetEnd":242,"pos":"IN","before":" ","after":" "},{"index":21,"word":"when","originalText":"when","characterOffsetBegin":243,"characterOffsetEnd":247,"pos":"WRB","before":" ","after":" "},{"index":22,"word":"I","originalText":"I","characterOffsetBegin":248,"characterOffsetEnd":249,"pos":"PRP","before":" ","after":" "},{"index":23,"word":"have","originalText":"have","characterOffsetBegin":250,"characterOffsetEnd":254,"pos":"VBP","before":" ","after":" "},{"index":24,"word":"an","originalText":"an","characterOffsetBegin":255,"characterOffsetEnd":257,"pos":"DT","before":" ","after":" "},{"index":25,"word":"character","originalText":"character","characterOffsetBegin":258,"characterOffsetEnd":267,"pos":"NN","before":" ","after":" "},{"index":26,"word":"application","originalText":"application","characterOffsetBegin":268,"characterOffsetEnd":279,"pos":"NN","before":" ","after":" "},{"index":27,"word":"that","originalText":"that","characterOffsetBegin":280,"characterOffsetEnd":284,"pos":"WDT","before":" ","after":" "},{"index":28,"word":"displays","originalText":"displays","characterOffsetBegin":285,"characterOffsetEnd":293,"pos":"VBZ","before":" ","after":" "},{"index":29,"word":"inputfields","originalText":"inputfields","characterOffsetBegin":294,"characterOffsetEnd":305,"pos":"NNS","before":" ","after":" "},{"index":30,"word":"in","originalText":"in","characterOffsetBegin":306,"characterOffsetEnd":308,"pos":"IN","before":" ","after":" "},{"index":31,"word":"reverse","originalText":"reverse","characterOffsetBegin":309,"characterOffsetEnd":316,"pos":"JJ","before":" ","after":" "},{"index":32,"word":"video","originalText":"video","characterOffsetBegin":317,"characterOffsetEnd":322,"pos":"NN","before":" ","after":" "},{"index":33,"word":"the","originalText":"the","characterOffsetBegin":323,"characterOffsetEnd":326,"pos":"DT","before":" ","after":" "},{"index":34,"word":"Xterm","originalText":"Xterm","characterOffsetBegin":327,"characterOffsetEnd":332,"pos":"NNP","before":" ","after":" "},{"index":35,"word":"text","originalText":"text","characterOffsetBegin":333,"characterOffsetEnd":337,"pos":"NN","before":" ","after":" "},{"index":36,"word":"cursor","originalText":"cursor","characterOffsetBegin":338,"characterOffsetEnd":344,"pos":"NN","before":" ","after":" "},{"index":37,"word":"gets","originalText":"gets","characterOffsetBegin":345,"characterOffsetEnd":349,"pos":"VBZ","before":" ","after":" "},{"index":38,"word":"lost","originalText":"lost","characterOffsetBegin":350,"characterOffsetEnd":354,"pos":"VBN","before":" ","after":" "},{"index":39,"word":"on","originalText":"on","characterOffsetBegin":355,"characterOffsetEnd":357,"pos":"IN","before":" ","after":" "},{"index":40,"word":"the","originalText":"the","characterOffsetBegin":358,"characterOffsetEnd":361,"pos":"DT","before":" ","after":" "},{"index":41,"word":"edge","originalText":"edge","characterOffsetBegin":362,"characterOffsetEnd":366,"pos":"NN","before":" ","after":" "},{"index":42,"word":"of","originalText":"of","characterOffsetBegin":367,"characterOffsetEnd":369,"pos":"IN","before":" ","after":" "},{"index":43,"word":"theinput","originalText":"theinput","characterOffsetBegin":370,"characterOffsetEnd":378,"pos":"JJ","before":" ","after":" "},{"index":44,"word":"field.The","originalText":"field.The","characterOffsetBegin":379,"characterOffsetEnd":388,"pos":"NN","before":" ","after":" "},{"index":45,"word":"solution","originalText":"solution","characterOffsetBegin":389,"characterOffsetEnd":397,"pos":"NN","before":" ","after":" "},{"index":46,"word":"would","originalText":"would","characterOffsetBegin":398,"characterOffsetEnd":403,"pos":"MD","before":" ","after":" "},{"index":47,"word":"appear","originalText":"appear","characterOffsetBegin":404,"characterOffsetEnd":410,"pos":"VB","before":" ","after":" "},{"index":48,"word":"to","originalText":"to","characterOffsetBegin":411,"characterOffsetEnd":413,"pos":"TO","before":" ","after":" "},{"index":49,"word":"be","originalText":"be","characterOffsetBegin":414,"characterOffsetEnd":416,"pos":"VB","before":" ","after":" "},{"index":50,"word":"to","originalText":"to","characterOffsetBegin":417,"characterOffsetEnd":419,"pos":"TO","before":" ","after":" "},{"index":51,"word":"set","originalText":"set","characterOffsetBegin":420,"characterOffsetEnd":423,"pos":"VB","before":" ","after":" "},{"index":52,"word":"the","originalText":"the","characterOffsetBegin":424,"characterOffsetEnd":427,"pos":"DT","before":" ","after":" "},{"index":53,"word":"xterm","originalText":"xterm","characterOffsetBegin":428,"characterOffsetEnd":433,"pos":"NN","before":" ","after":" "},{"index":54,"word":"cursor","originalText":"cursor","characterOffsetBegin":434,"characterOffsetEnd":440,"pos":"NN","before":" ","after":" "},{"index":55,"word":"to","originalText":"to","characterOffsetBegin":441,"characterOffsetEnd":443,"pos":"TO","before":" ","after":" "},{"index":56,"word":"a","originalText":"a","characterOffsetBegin":444,"characterOffsetEnd":445,"pos":"DT","before":" ","after":" "},{"index":57,"word":"line","originalText":"line","characterOffsetBegin":446,"characterOffsetEnd":450,"pos":"NN","before":" ","after":" "},{"index":58,"word":"ratherthan","originalText":"ratherthan","characterOffsetBegin":451,"characterOffsetEnd":461,"pos":"NN","before":" ","after":" "},{"index":59,"word":"a","originalText":"a","characterOffsetBegin":462,"characterOffsetEnd":463,"pos":"DT","before":" ","after":" "},{"index":60,"word":"block","originalText":"block","characterOffsetBegin":464,"characterOffsetEnd":469,"pos":"NN","before":" ","after":""},{"index":61,"word":",","originalText":",","characterOffsetBegin":469,"characterOffsetEnd":470,"pos":",","before":"","after":" "},{"index":62,"word":"but","originalText":"but","characterOffsetBegin":471,"characterOffsetEnd":474,"pos":"CC","before":" ","after":" "},{"index":63,"word":"how","originalText":"how","characterOffsetBegin":475,"characterOffsetEnd":478,"pos":"WRB","before":" ","after":" "},{"index":64,"word":"do","originalText":"do","characterOffsetBegin":479,"characterOffsetEnd":481,"pos":"VBP","before":" ","after":" "},{"index":65,"word":"you","originalText":"you","characterOffsetBegin":482,"characterOffsetEnd":485,"pos":"PRP","before":" ","after":" "},{"index":66,"word":"do","originalText":"do","characterOffsetBegin":486,"characterOffsetEnd":488,"pos":"VB","before":" ","after":" "},{"index":67,"word":"this","originalText":"this","characterOffsetBegin":489,"characterOffsetEnd":493,"pos":"DT","before":" ","after":""},{"index":68,"word":".","originalText":".","characterOffsetBegin":493,"characterOffsetEnd":494,"pos":".","before":"","after":" "}]},{"index":2,"tokens":[{"index":1,"word":"I","originalText":"I","characterOffsetBegin":495,"characterOffsetEnd":496,"pos":"PRP","before":" ","after":" "},{"index":2,"word":"ca","originalText":"ca","characterOffsetBegin":497,"characterOffsetEnd":499,"pos":"MD","before":" ","after":""},{"index":3,"word":"n't","originalText":"n't","characterOffsetBegin":499,"characterOffsetEnd":502,"pos":"RB","before":"","after":" "},{"index":4,"word":"find","originalText":"find","characterOffsetBegin":503,"characterOffsetEnd":507,"pos":"VB","before":" ","after":" "},{"index":5,"word":"any","originalText":"any","characterOffsetBegin":508,"characterOffsetEnd":511,"pos":"DT","before":" ","after":" "},{"index":6,"word":"means","originalText":"means","characterOffsetBegin":512,"characterOffsetEnd":517,"pos":"NNS","before":" ","after":" "},{"index":7,"word":"althoughvarious","originalText":"althoughvarious","characterOffsetBegin":518,"characterOffsetEnd":533,"pos":"JJ","before":" ","after":" "},{"index":8,"word":"sources","originalText":"sources","characterOffsetBegin":534,"characterOffsetEnd":541,"pos":"NNS","before":" ","after":" "},{"index":9,"word":"seem","originalText":"seem","characterOffsetBegin":542,"characterOffsetEnd":546,"pos":"VBP","before":" ","after":" "},{"index":10,"word":"to","originalText":"to","characterOffsetBegin":547,"characterOffsetEnd":549,"pos":"TO","before":" ","after":" "},{"index":11,"word":"indicate","originalText":"indicate","characterOffsetBegin":550,"characterOffsetEnd":558,"pos":"VB","before":" ","after":" "},{"index":12,"word":"it","originalText":"it","characterOffsetBegin":559,"characterOffsetEnd":561,"pos":"PRP","before":" ","after":" "},{"index":13,"word":"can","originalText":"can","characterOffsetBegin":562,"characterOffsetEnd":565,"pos":"MD","before":" ","after":" "},{"index":14,"word":"be","originalText":"be","characterOffsetBegin":566,"characterOffsetEnd":568,"pos":"VB","before":" ","after":" "},{"index":15,"word":"done.When","originalText":"done.When","characterOffsetBegin":569,"characterOffsetEnd":578,"pos":"VBN","before":" ","after":" "},{"index":16,"word":"the","originalText":"the","characterOffsetBegin":579,"characterOffsetEnd":582,"pos":"DT","before":" ","after":" "},{"index":17,"word":"xterm","originalText":"xterm","characterOffsetBegin":583,"characterOffsetEnd":588,"pos":"NN","before":" ","after":" "},{"index":18,"word":"loses","originalText":"loses","characterOffsetBegin":589,"characterOffsetEnd":594,"pos":"VBZ","before":" ","after":" "},{"index":19,"word":"the","originalText":"the","characterOffsetBegin":595,"characterOffsetEnd":598,"pos":"DT","before":" ","after":" "},{"index":20,"word":"input","originalText":"input","characterOffsetBegin":599,"characterOffsetEnd":604,"pos":"NN","before":" ","after":" "},{"index":21,"word":"focus","originalText":"focus","characterOffsetBegin":605,"characterOffsetEnd":610,"pos":"VB","before":" ","after":" "},{"index":22,"word":"the","originalText":"the","characterOffsetBegin":611,"characterOffsetEnd":614,"pos":"DT","before":" ","after":" "},{"index":23,"word":"cursor","originalText":"cursor","characterOffsetBegin":615,"characterOffsetEnd":621,"pos":"NN","before":" ","after":" "},{"index":24,"word":"becomes","originalText":"becomes","characterOffsetBegin":622,"characterOffsetEnd":629,"pos":"VBZ","before":" ","after":" "},{"index":25,"word":"an","originalText":"an","characterOffsetBegin":630,"characterOffsetEnd":632,"pos":"DT","before":" ","after":" "},{"index":26,"word":"outlined","originalText":"outlined","characterOffsetBegin":633,"characterOffsetEnd":641,"pos":"VBN","before":" ","after":" "},{"index":27,"word":"block.This","originalText":"block.This","characterOffsetBegin":642,"characterOffsetEnd":652,"pos":"NN","before":" ","after":" "},{"index":28,"word":"would","originalText":"would","characterOffsetBegin":653,"characterOffsetEnd":658,"pos":"MD","before":" ","after":" "},{"index":29,"word":"also","originalText":"also","characterOffsetBegin":659,"characterOffsetEnd":663,"pos":"RB","before":" ","after":" "},{"index":30,"word":"be","originalText":"be","characterOffsetBegin":664,"characterOffsetEnd":666,"pos":"VB","before":" ","after":" "},{"index":31,"word":"preferable","originalText":"preferable","characterOffsetBegin":667,"characterOffsetEnd":677,"pos":"JJ","before":" ","after":" "},{"index":32,"word":"but","originalText":"but","characterOffsetBegin":678,"characterOffsetEnd":681,"pos":"CC","before":" ","after":" "},{"index":33,"word":"I","originalText":"I","characterOffsetBegin":682,"characterOffsetEnd":683,"pos":"PRP","before":" ","after":" "},{"index":34,"word":"ca","originalText":"ca","characterOffsetBegin":684,"characterOffsetEnd":686,"pos":"MD","before":" ","after":""},{"index":35,"word":"n't","originalText":"n't","characterOffsetBegin":686,"characterOffsetEnd":689,"pos":"RB","before":"","after":" "},{"index":36,"word":"seem","originalText":"seem","characterOffsetBegin":690,"characterOffsetEnd":694,"pos":"VB","before":" ","after":" "},{"index":37,"word":"to","originalText":"to","characterOffsetBegin":695,"characterOffsetEnd":697,"pos":"TO","before":" ","after":" "},{"index":38,"word":"force","originalText":"force","characterOffsetBegin":698,"characterOffsetEnd":703,"pos":"VB","before":" ","after":" "},{"index":39,"word":"this","originalText":"this","characterOffsetBegin":704,"characterOffsetEnd":708,"pos":"DT","before":" ","after":" "},{"index":40,"word":"to","originalText":"to","characterOffsetBegin":709,"characterOffsetEnd":711,"pos":"TO","before":" ","after":" "},{"index":41,"word":"be","originalText":"be","characterOffsetBegin":712,"characterOffsetEnd":714,"pos":"VB","before":" ","after":" "},{"index":42,"word":"thedefault","originalText":"thedefault","characterOffsetBegin":715,"characterOffsetEnd":725,"pos":"JJ","before":" ","after":" "},{"index":43,"word":"either.Configuration","originalText":"either.Configuration","characterOffsetBegin":726,"characterOffsetEnd":746,"pos":"NN","before":" ","after":" "},{"index":44,"word":"is","originalText":"is","characterOffsetBegin":747,"characterOffsetEnd":749,"pos":"VBZ","before":" ","after":"  "},{"index":45,"word":":","originalText":":","characterOffsetBegin":751,"characterOffsetEnd":752,"pos":":","before":"  ","after":" "},{"index":46,"word":"Motorola","originalText":"Motorola","characterOffsetBegin":753,"characterOffsetEnd":761,"pos":"NNP","before":" ","after":" "},{"index":47,"word":"88K","originalText":"88K","characterOffsetBegin":762,"characterOffsetEnd":765,"pos":"NNP","before":" ","after":" "},{"index":48,"word":"X11R4Please","originalText":"X11R4Please","characterOffsetBegin":766,"characterOffsetEnd":777,"pos":"NN","before":" ","after":" "},{"index":49,"word":"reply","originalText":"reply","characterOffsetBegin":778,"characterOffsetEnd":783,"pos":"NN","before":" ","after":" "},{"index":50,"word":"by","originalText":"by","characterOffsetBegin":784,"characterOffsetEnd":786,"pos":"IN","before":" ","after":" "},{"index":51,"word":"email","originalText":"email","characterOffsetBegin":787,"characterOffsetEnd":792,"pos":"NN","before":" ","after":" "},{"index":52,"word":"if","originalText":"if","characterOffsetBegin":793,"characterOffsetEnd":795,"pos":"IN","before":" ","after":" "},{"index":53,"word":"poss.Thank","originalText":"poss.Thank","characterOffsetBegin":796,"characterOffsetEnd":806,"pos":"NNP","before":" ","after":" "},{"index":54,"word":"you","originalText":"you","characterOffsetBegin":807,"characterOffsetEnd":810,"pos":"PRP","before":" ","after":""},{"index":55,"word":"-------------------------------------------------------------------------------","originalText":"-------------------------------------------------------------------------------","characterOffsetBegin":810,"characterOffsetEnd":889,"pos":"CD","before":"","after":""},{"index":56,"word":"Steve","originalText":"Steve","characterOffsetBegin":889,"characterOffsetEnd":894,"pos":"NNP","before":"","after":" "},{"index":57,"word":"Weet","originalText":"Weet","characterOffsetBegin":895,"characterOffsetEnd":899,"pos":"NNP","before":" ","after":" "},{"index":58,"word":"-","originalText":"-","characterOffsetBegin":900,"characterOffsetEnd":901,"pos":":","before":" ","after":" "},{"index":59,"word":"European","originalText":"European","characterOffsetBegin":902,"characterOffsetEnd":910,"pos":"JJ","before":" ","after":" "},{"index":60,"word":"Mis","originalText":"Mis","characterOffsetBegin":911,"characterOffsetEnd":914,"pos":"NNP","before":" ","after":" "},{"index":61,"word":"-","originalText":"-","characterOffsetBegin":915,"characterOffsetEnd":916,"pos":":","before":" ","after":" "},{"index":62,"word":"Motorola","originalText":"Motorola","characterOffsetBegin":917,"characterOffsetEnd":925,"pos":"NNP","before":" ","after":" "},{"index":63,"word":"Cellular","originalText":"Cellular","characterOffsetBegin":926,"characterOffsetEnd":934,"pos":"NNP","before":" ","after":" "},{"index":64,"word":"Subscriber","originalText":"Subscriber","characterOffsetBegin":935,"characterOffsetEnd":945,"pos":"NNP","before":" ","after":" "},{"index":65,"word":"GroupBeechgreen","originalText":"GroupBeechgreen","characterOffsetBegin":946,"characterOffsetEnd":961,"pos":"NNP","before":" ","after":" "},{"index":66,"word":"Court","originalText":"Court","characterOffsetBegin":962,"characterOffsetEnd":967,"pos":"NNP","before":" ","after":""},{"index":67,"word":",","originalText":",","characterOffsetBegin":967,"characterOffsetEnd":968,"pos":",","before":"","after":" "},{"index":68,"word":"Chineham","originalText":"Chineham","characterOffsetBegin":969,"characterOffsetEnd":977,"pos":"NNP","before":" ","after":""},{"index":69,"word":",","originalText":",","characterOffsetBegin":977,"characterOffsetEnd":978,"pos":",","before":"","after":" "},{"index":70,"word":"Basingstoke","originalText":"Basingstoke","characterOffsetBegin":979,"characterOffsetEnd":990,"pos":"NNP","before":" ","after":""},{"index":71,"word":",","originalText":",","characterOffsetBegin":990,"characterOffsetEnd":991,"pos":",","before":"","after":" "},{"index":72,"word":"HANTS","originalText":"HANTS","characterOffsetBegin":992,"characterOffsetEnd":997,"pos":"NNP","before":" ","after":" "},{"index":73,"word":"England.Phone","originalText":"England.Phone","characterOffsetBegin":998,"characterOffsetEnd":1011,"pos":"NNP","before":" ","after":" "},{"index":74,"word":":","originalText":":","characterOffsetBegin":1012,"characterOffsetEnd":1013,"pos":":","before":" ","after":" "},{"index":75,"word":"+44","originalText":"+44","characterOffsetBegin":1014,"characterOffsetEnd":1017,"pos":"CD","before":" ","after":" "},{"index":76,"word":"-LRB-","originalText":"(","characterOffsetBegin":1018,"characterOffsetEnd":1019,"pos":"-LRB-","before":" ","after":""},{"index":77,"word":"0","originalText":"0","characterOffsetBegin":1019,"characterOffsetEnd":1020,"pos":"CD","before":"","after":""},{"index":78,"word":"-RRB-","originalText":")","characterOffsetBegin":1020,"characterOffsetEnd":1021,"pos":"-RRB-","before":"","after":""},{"index":79,"word":"256 790154","originalText":"256 790154","characterOffsetBegin":1021,"characterOffsetEnd":1031,"pos":"CD","before":"","after":"  "},{"index":80,"word":"E-Mail","originalText":"E-Mail","characterOffsetBegin":1033,"characterOffsetEnd":1039,"pos":"NN","before":"  ","after":"  "},{"index":81,"word":"stevew@chineham.euro.csg.mot.comFax","originalText":"stevew@chineham.euro.csg.mot.comFax","characterOffsetBegin":1041,"characterOffsetEnd":1076,"pos":"NN","before":"  ","after":"   "},{"index":82,"word":":","originalText":":","characterOffsetBegin":1079,"characterOffsetEnd":1080,"pos":":","before":"   ","after":" "},{"index":83,"word":"+44","originalText":"+44","characterOffsetBegin":1081,"characterOffsetEnd":1084,"pos":"CD","before":" ","after":" "},{"index":84,"word":"-LRB-","originalText":"(","characterOffsetBegin":1085,"characterOffsetEnd":1086,"pos":"-LRB-","before":" ","after":""},{"index":85,"word":"0","originalText":"0","characterOffsetBegin":1086,"characterOffsetEnd":1087,"pos":"CD","before":"","after":""},{"index":86,"word":"-RRB-","originalText":")","characterOffsetBegin":1087,"characterOffsetEnd":1088,"pos":"-RRB-","before":"","after":""},{"index":87,"word":"256 817481","originalText":"256 817481","characterOffsetBegin":1088,"characterOffsetEnd":1098,"pos":"CD","before":"","after":"  "},{"index":88,"word":"Mobile","originalText":"Mobile","characterOffsetBegin":1100,"characterOffsetEnd":1106,"pos":"NNP","before":"  ","after":"  "},{"index":89,"word":":","originalText":":","characterOffsetBegin":1108,"characterOffsetEnd":1109,"pos":":","before":"  ","after":" "},{"index":90,"word":"+44","originalText":"+44","characterOffsetBegin":1110,"characterOffsetEnd":1113,"pos":"CD","before":" ","after":" "},{"index":91,"word":"-LRB-","originalText":"(","characterOffsetBegin":1114,"characterOffsetEnd":1115,"pos":"-LRB-","before":" ","after":""},{"index":92,"word":"0","originalText":"0","characterOffsetBegin":1115,"characterOffsetEnd":1116,"pos":"CD","before":"","after":""},{"index":93,"word":"-RRB-","originalText":")","characterOffsetBegin":1116,"characterOffsetEnd":1117,"pos":"-RRB-","before":"","after":""},{"index":94,"word":"850 335105","originalText":"850 335105","characterOffsetBegin":1117,"characterOffsetEnd":1127,"pos":"CD","before":"","after":"  "},{"index":95,"word":"Post","originalText":"Post","characterOffsetBegin":1129,"characterOffsetEnd":1133,"pos":"NN","before":"  ","after":" "},{"index":96,"word":":","originalText":":","characterOffsetBegin":1134,"characterOffsetEnd":1135,"pos":":","before":" ","after":" "},{"index":97,"word":"w10075","originalText":"w10075","characterOffsetBegin":1136,"characterOffsetEnd":1142,"pos":"NN","before":" ","after":""},{"index":98,"word":"--","originalText":"--","characterOffsetBegin":1142,"characterOffsetEnd":1144,"pos":":","before":"","after":" "},{"index":99,"word":"-----------------------------------------------------------------------------","originalText":"-----------------------------------------------------------------------------","characterOffsetBegin":1145,"characterOffsetEnd":1222,"pos":"CD","before":" ","after":""},{"index":100,"word":"Steve","originalText":"Steve","characterOffsetBegin":1222,"characterOffsetEnd":1227,"pos":"NNP","before":"","after":" "},{"index":101,"word":"Weet","originalText":"Weet","characterOffsetBegin":1228,"characterOffsetEnd":1232,"pos":"NNP","before":" ","after":" "},{"index":102,"word":"-","originalText":"-","characterOffsetBegin":1233,"characterOffsetEnd":1234,"pos":":","before":" ","after":" "},{"index":103,"word":"European","originalText":"European","characterOffsetBegin":1235,"characterOffsetEnd":1243,"pos":"JJ","before":" ","after":" "},{"index":104,"word":"Mis","originalText":"Mis","characterOffsetBegin":1244,"characterOffsetEnd":1247,"pos":"NNP","before":" ","after":" "},{"index":105,"word":"-","originalText":"-","characterOffsetBegin":1248,"characterOffsetEnd":1249,"pos":":","before":" ","after":" "},{"index":106,"word":"Motorola","originalText":"Motorola","characterOffsetBegin":1250,"characterOffsetEnd":1258,"pos":"NNP","before":" ","after":" "},{"index":107,"word":"Cellular","originalText":"Cellular","characterOffsetBegin":1259,"characterOffsetEnd":1267,"pos":"NNP","before":" ","after":" "},{"index":108,"word":"Subscriber","originalText":"Subscriber","characterOffsetBegin":1268,"characterOffsetEnd":1278,"pos":"NNP","before":" ","after":" "},{"index":109,"word":"GroupBeechgreen","originalText":"GroupBeechgreen","characterOffsetBegin":1279,"characterOffsetEnd":1294,"pos":"NNP","before":" ","after":" "},{"index":110,"word":"Court","originalText":"Court","characterOffsetBegin":1295,"characterOffsetEnd":1300,"pos":"NNP","before":" ","after":""},{"index":111,"word":",","originalText":",","characterOffsetBegin":1300,"characterOffsetEnd":1301,"pos":",","before":"","after":" "},{"index":112,"word":"Chineham","originalText":"Chineham","characterOffsetBegin":1302,"characterOffsetEnd":1310,"pos":"NNP","before":" ","after":""},{"index":113,"word":",","originalText":",","characterOffsetBegin":1310,"characterOffsetEnd":1311,"pos":",","before":"","after":" "},{"index":114,"word":"Basingstoke","originalText":"Basingstoke","characterOffsetBegin":1312,"characterOffsetEnd":1323,"pos":"NNP","before":" ","after":""},{"index":115,"word":",","originalText":",","characterOffsetBegin":1323,"characterOffsetEnd":1324,"pos":",","before":"","after":" "},{"index":116,"word":"HANTS","originalText":"HANTS","characterOffsetBegin":1325,"characterOffsetEnd":1330,"pos":"NNP","before":" ","after":" "},{"index":117,"word":"England.Phone","originalText":"England.Phone","characterOffsetBegin":1331,"characterOffsetEnd":1344,"pos":"NNP","before":" ","after":" "},{"index":118,"word":":","originalText":":","characterOffsetBegin":1345,"characterOffsetEnd":1346,"pos":":","before":" ","after":" "},{"index":119,"word":"+44","originalText":"+44","characterOffsetBegin":1347,"characterOffsetEnd":1350,"pos":"CD","before":" ","after":" "},{"index":120,"word":"-LRB-","originalText":"(","characterOffsetBegin":1351,"characterOffsetEnd":1352,"pos":"-LRB-","before":" ","after":""},{"index":121,"word":"0","originalText":"0","characterOffsetBegin":1352,"characterOffsetEnd":1353,"pos":"CD","before":"","after":""},{"index":122,"word":"-RRB-","originalText":")","characterOffsetBegin":1353,"characterOffsetEnd":1354,"pos":"-RRB-","before":"","after":""},{"index":123,"word":"256 790154","originalText":"256 790154","characterOffsetBegin":1354,"characterOffsetEnd":1364,"pos":"CD","before":"","after":"  "},{"index":124,"word":"E-Mail","originalText":"E-Mail","characterOffsetBegin":1366,"characterOffsetEnd":1372,"pos":"NN","before":"  ","after":"  "},{"index":125,"word":"stevew@chineham.euro.csg.mot.com","originalText":"stevew@chineham.euro.csg.mot.com","characterOffsetBegin":1374,"characterOffsetEnd":1406,"pos":"NNP","before":"  ","after":"  "},{"index":126,"word":"Fax","originalText":"Fax","characterOffsetBegin":1408,"characterOffsetEnd":1411,"pos":"NNP","before":"  ","after":"   "},{"index":127,"word":":","originalText":":","characterOffsetBegin":1414,"characterOffsetEnd":1415,"pos":":","before":"   ","after":" "},{"index":128,"word":"+44","originalText":"+44","characterOffsetBegin":1416,"characterOffsetEnd":1419,"pos":"CD","before":" ","after":" "},{"index":129,"word":"-LRB-","originalText":"(","characterOffsetBegin":1420,"characterOffsetEnd":1421,"pos":"-LRB-","before":" ","after":""},{"index":130,"word":"0","originalText":"0","characterOffsetBegin":1421,"characterOffsetEnd":1422,"pos":"CD","before":"","after":""},{"index":131,"word":"-RRB-","originalText":")","characterOffsetBegin":1422,"characterOffsetEnd":1423,"pos":"-RRB-","before":"","after":""},{"index":132,"word":"256 817481","originalText":"256 817481","characterOffsetBegin":1423,"characterOffsetEnd":1433,"pos":"CD","before":"","after":"  "},{"index":133,"word":"Mobile","originalText":"Mobile","characterOffsetBegin":1435,"characterOffsetEnd":1441,"pos":"NNP","before":"  ","after":"  "},{"index":134,"word":":","originalText":":","characterOffsetBegin":1443,"characterOffsetEnd":1444,"pos":":","before":"  ","after":" "},{"index":135,"word":"+44","originalText":"+44","characterOffsetBegin":1445,"characterOffsetEnd":1448,"pos":"CD","before":" ","after":" "},{"index":136,"word":"-LRB-","originalText":"(","characterOffsetBegin":1449,"characterOffsetEnd":1450,"pos":"-LRB-","before":" ","after":""},{"index":137,"word":"0","originalText":"0","characterOffsetBegin":1450,"characterOffsetEnd":1451,"pos":"CD","before":"","after":""},{"index":138,"word":"-RRB-","originalText":")","characterOffsetBegin":1451,"characterOffsetEnd":1452,"pos":"-RRB-","before":"","after":""},{"index":139,"word":"850 335105","originalText":"850 335105","characterOffsetBegin":1452,"characterOffsetEnd":1462,"pos":"CD","before":"","after":"  "},{"index":140,"word":"Post","originalText":"Post","characterOffsetBegin":1464,"characterOffsetEnd":1468,"pos":"NN","before":"  ","after":" "},{"index":141,"word":":","originalText":":","characterOffsetBegin":1469,"characterOffsetEnd":1470,"pos":":","before":" ","after":" "},{"index":142,"word":"w10075","originalText":"w10075","characterOffsetBegin":1471,"characterOffsetEnd":1477,"pos":"NN","before":" ","after":""}]}]}