{"sentences":[{"index":0,"tokens":[{"index":1,"word":"From","originalText":"From","characterOffsetBegin":0,"characterOffsetEnd":4,"pos":"IN","before":"","after":""},{"index":2,"word":":","originalText":":","characterOffsetBegin":4,"characterOffsetEnd":5,"pos":":","before":"","after":" "},{"index":3,"word":"win@athen.sto.mchp.sni.de","originalText":"win@athen.sto.mchp.sni.de","characterOffsetBegin":6,"characterOffsetEnd":31,"pos":"NN","before":" ","after":" "},{"index":4,"word":"-LRB-","originalText":"(","characterOffsetBegin":32,"characterOffsetEnd":33,"pos":"-LRB-","before":" ","after":""},{"index":5,"word":"Andrea","originalText":"Andrea","characterOffsetBegin":33,"characterOffsetEnd":39,"pos":"NNP","before":"","after":" "},{"index":6,"word":"Winkler","originalText":"Winkler","characterOffsetBegin":40,"characterOffsetEnd":47,"pos":"NNP","before":" ","after":""},{"index":7,"word":"-RRB-","originalText":")","characterOffsetBegin":47,"characterOffsetEnd":48,"pos":"-RRB-","before":"","after":""},{"index":8,"word":"Subject","originalText":"Subject","characterOffsetBegin":48,"characterOffsetEnd":55,"pos":"NNP","before":"","after":""},{"index":9,"word":":","originalText":":","characterOffsetBegin":55,"characterOffsetEnd":56,"pos":":","before":"","after":" "},{"index":10,"word":"X","originalText":"X","characterOffsetBegin":57,"characterOffsetEnd":58,"pos":"NN","before":" ","after":" "},{"index":11,"word":"and","originalText":"and","characterOffsetBegin":59,"characterOffsetEnd":62,"pos":"CC","before":" ","after":" "},{"index":12,"word":"Security","originalText":"Security","characterOffsetBegin":63,"characterOffsetEnd":71,"pos":"NN","before":" ","after":" "},{"index":13,"word":"/","originalText":"/","characterOffsetBegin":72,"characterOffsetEnd":73,"pos":":","before":" ","after":" "},{"index":14,"word":"X","originalText":"X","characterOffsetBegin":74,"characterOffsetEnd":75,"pos":"NN","before":" ","after":" "},{"index":15,"word":"Technical","originalText":"Technical","characterOffsetBegin":76,"characterOffsetEnd":85,"pos":"NNP","before":" ","after":" "},{"index":16,"word":"ConferenceI","originalText":"ConferenceI","characterOffsetBegin":86,"characterOffsetEnd":97,"pos":"NNP","before":" ","after":" "},{"index":17,"word":"had","originalText":"had","characterOffsetBegin":98,"characterOffsetEnd":101,"pos":"VBD","before":" ","after":" "},{"index":18,"word":"no","originalText":"no","characterOffsetBegin":102,"characterOffsetEnd":104,"pos":"DT","before":" ","after":" "},{"index":19,"word":"possibility","originalText":"possibility","characterOffsetBegin":105,"characterOffsetEnd":116,"pos":"NN","before":" ","after":" "},{"index":20,"word":"to","originalText":"to","characterOffsetBegin":117,"characterOffsetEnd":119,"pos":"TO","before":" ","after":" "},{"index":21,"word":"join","originalText":"join","characterOffsetBegin":120,"characterOffsetEnd":124,"pos":"VB","before":" ","after":" "},{"index":22,"word":"the","originalText":"the","characterOffsetBegin":125,"characterOffsetEnd":128,"pos":"DT","before":" ","after":"               "},{"index":23,"word":"7th","originalText":"7th","characterOffsetBegin":143,"characterOffsetEnd":146,"pos":"JJ","before":"               ","after":" "},{"index":24,"word":"annual","originalText":"annual","characterOffsetBegin":147,"characterOffsetEnd":153,"pos":"JJ","before":" ","after":" "},{"index":25,"word":"X","originalText":"X","characterOffsetBegin":154,"characterOffsetEnd":155,"pos":"NN","before":" ","after":" "},{"index":26,"word":"Technical","originalText":"Technical","characterOffsetBegin":156,"characterOffsetEnd":165,"pos":"NNP","before":" ","after":" "},{"index":27,"word":"Conference","originalText":"Conference","characterOffsetBegin":166,"characterOffsetEnd":176,"pos":"NNP","before":" ","after":"                "},{"index":28,"word":"January","originalText":"January","characterOffsetBegin":192,"characterOffsetEnd":199,"pos":"NNP","before":"                ","after":" "},{"index":29,"word":"18-20","originalText":"18-20","characterOffsetBegin":200,"characterOffsetEnd":205,"pos":"CD","before":" ","after":" "},{"index":30,"word":"1993","originalText":"1993","characterOffsetBegin":206,"characterOffsetEnd":210,"pos":"CD","before":" ","after":"               "},{"index":31,"word":"Boston","originalText":"Boston","characterOffsetBegin":225,"characterOffsetEnd":231,"pos":"NNP","before":"               ","after":""},{"index":32,"word":",","originalText":",","characterOffsetBegin":231,"characterOffsetEnd":232,"pos":",","before":"","after":" "},{"index":33,"word":"MANevertheless","originalText":"MANevertheless","characterOffsetBegin":233,"characterOffsetEnd":247,"pos":"NN","before":" ","after":""},{"index":34,"word":",","originalText":",","characterOffsetBegin":247,"characterOffsetEnd":248,"pos":",","before":"","after":" "},{"index":35,"word":"I","originalText":"I","characterOffsetBegin":249,"characterOffsetEnd":250,"pos":"PRP","before":" ","after":""},{"index":36,"word":"'m","originalText":"'m","characterOffsetBegin":250,"characterOffsetEnd":252,"pos":"VBP","before":"","after":" "},{"index":37,"word":"interested","originalText":"interested","characterOffsetBegin":253,"characterOffsetEnd":263,"pos":"JJ","before":" ","after":" "},{"index":38,"word":"in","originalText":"in","characterOffsetBegin":264,"characterOffsetEnd":266,"pos":"IN","before":" ","after":" "},{"index":39,"word":"information","originalText":"information","characterOffsetBegin":267,"characterOffsetEnd":278,"pos":"NN","before":" ","after":" "},{"index":40,"word":"about","originalText":"about","characterOffsetBegin":279,"characterOffsetEnd":284,"pos":"IN","before":" ","after":" "},{"index":41,"word":"the","originalText":"the","characterOffsetBegin":285,"characterOffsetEnd":288,"pos":"DT","before":" ","after":" "},{"index":42,"word":"tutorials","originalText":"tutorials","characterOffsetBegin":289,"characterOffsetEnd":298,"pos":"NNS","before":" ","after":""},{"index":43,"word":",","originalText":",","characterOffsetBegin":298,"characterOffsetEnd":299,"pos":",","before":"","after":""},{"index":44,"word":"exspecially","originalText":"exspecially","characterOffsetBegin":299,"characterOffsetEnd":310,"pos":"RB","before":"","after":" "},{"index":45,"word":"about","originalText":"about","characterOffsetBegin":311,"characterOffsetEnd":316,"pos":"IN","before":" ","after":"                "},{"index":46,"word":"Tutorial","originalText":"Tutorial","characterOffsetBegin":332,"characterOffsetEnd":340,"pos":"NNP","before":"                ","after":" "},{"index":47,"word":"ID","originalText":"ID","characterOffsetBegin":341,"characterOffsetEnd":343,"pos":"NNP","before":" ","after":""},{"index":48,"word":":","originalText":":","characterOffsetBegin":343,"characterOffsetEnd":344,"pos":":","before":"","after":"  "},{"index":49,"word":"A-SECURITY","originalText":"A-SECURITY","characterOffsetBegin":346,"characterOffsetEnd":356,"pos":"NNP","before":"  ","after":"               "},{"index":50,"word":"Title","originalText":"Title","characterOffsetBegin":371,"characterOffsetEnd":376,"pos":"NNP","before":"               ","after":""},{"index":51,"word":":","originalText":":","characterOffsetBegin":376,"characterOffsetEnd":377,"pos":":","before":"","after":" "},{"index":52,"word":"A","originalText":"A","characterOffsetBegin":378,"characterOffsetEnd":379,"pos":"DT","before":" ","after":" "},{"index":53,"word":"Survey","originalText":"Survey","characterOffsetBegin":380,"characterOffsetEnd":386,"pos":"NN","before":" ","after":" "},{"index":54,"word":"of","originalText":"of","characterOffsetBegin":387,"characterOffsetEnd":389,"pos":"IN","before":" ","after":" "},{"index":55,"word":"X","originalText":"X","characterOffsetBegin":390,"characterOffsetEnd":391,"pos":"NN","before":" ","after":" "},{"index":56,"word":"and","originalText":"and","characterOffsetBegin":392,"characterOffsetEnd":395,"pos":"CC","before":" ","after":" "},{"index":57,"word":"Security","originalText":"Security","characterOffsetBegin":396,"characterOffsetEnd":404,"pos":"NN","before":" ","after":"               "},{"index":58,"word":"Tutorial","originalText":"Tutorial","characterOffsetBegin":419,"characterOffsetEnd":427,"pos":"JJ","before":"               ","after":" "},{"index":59,"word":"ID","originalText":"ID","characterOffsetBegin":428,"characterOffsetEnd":430,"pos":"NN","before":" ","after":""},{"index":60,"word":":","originalText":":","characterOffsetBegin":430,"characterOffsetEnd":431,"pos":":","before":"","after":"  "},{"index":61,"word":"F-ADMIN","originalText":"F-ADMIN","characterOffsetBegin":433,"characterOffsetEnd":440,"pos":"NNP","before":"  ","after":"               "},{"index":62,"word":"Title","originalText":"Title","characterOffsetBegin":455,"characterOffsetEnd":460,"pos":"NNP","before":"               ","after":""},{"index":63,"word":":","originalText":":","characterOffsetBegin":460,"characterOffsetEnd":461,"pos":":","before":"","after":" "},{"index":64,"word":"X","originalText":"X","characterOffsetBegin":462,"characterOffsetEnd":463,"pos":"NN","before":" ","after":" "},{"index":65,"word":"and","originalText":"and","characterOffsetBegin":464,"characterOffsetEnd":467,"pos":"CC","before":" ","after":" "},{"index":66,"word":"the","originalText":"the","characterOffsetBegin":468,"characterOffsetEnd":471,"pos":"DT","before":" ","after":" "},{"index":67,"word":"AdministratorDoes","originalText":"AdministratorDoes","characterOffsetBegin":472,"characterOffsetEnd":489,"pos":"NNPS","before":" ","after":" "},{"index":68,"word":"anybody","originalText":"anybody","characterOffsetBegin":490,"characterOffsetEnd":497,"pos":"NN","before":" ","after":" "},{"index":69,"word":"know","originalText":"know","characterOffsetBegin":498,"characterOffsetEnd":502,"pos":"VB","before":" ","after":""},{"index":70,"word":",","originalText":",","characterOffsetBegin":502,"characterOffsetEnd":503,"pos":",","before":"","after":" "},{"index":71,"word":"where","originalText":"where","characterOffsetBegin":504,"characterOffsetEnd":509,"pos":"WRB","before":" ","after":" "},{"index":72,"word":"I","originalText":"I","characterOffsetBegin":510,"characterOffsetEnd":511,"pos":"PRP","before":" ","after":" "},{"index":73,"word":"can","originalText":"can","characterOffsetBegin":512,"characterOffsetEnd":515,"pos":"MD","before":" ","after":" "},{"index":74,"word":"get","originalText":"get","characterOffsetBegin":516,"characterOffsetEnd":519,"pos":"VB","before":" ","after":" "},{"index":75,"word":"information","originalText":"information","characterOffsetBegin":520,"characterOffsetEnd":531,"pos":"NN","before":" ","after":" "},{"index":76,"word":"-LRB-","originalText":"(","characterOffsetBegin":532,"characterOffsetEnd":533,"pos":"-LRB-","before":" ","after":""},{"index":77,"word":"paper/mail","originalText":"paper/mail","characterOffsetBegin":533,"characterOffsetEnd":543,"pos":"NN","before":"","after":""},{"index":78,"word":"-RRB-","originalText":")","characterOffsetBegin":543,"characterOffsetEnd":544,"pos":"-RRB-","before":"","after":" "},{"index":79,"word":"about","originalText":"about","characterOffsetBegin":545,"characterOffsetEnd":550,"pos":"IN","before":" ","after":" "},{"index":80,"word":"these","originalText":"these","characterOffsetBegin":551,"characterOffsetEnd":556,"pos":"DT","before":" ","after":" "},{"index":81,"word":"?","originalText":"?","characterOffsetBegin":557,"characterOffsetEnd":558,"pos":".","before":" ","after":""}]},{"index":1,"tokens":[{"index":1,"word":"Has","originalText":"Has","characterOffsetBegin":558,"characterOffsetEnd":561,"pos":"VBZ","before":"","after":" "},{"index":2,"word":"anybody","originalText":"anybody","characterOffsetBegin":562,"characterOffsetEnd":569,"pos":"NN","before":" ","after":" "},{"index":3,"word":"information","originalText":"information","characterOffsetBegin":570,"characterOffsetEnd":581,"pos":"NN","before":" ","after":" "},{"index":4,"word":"about","originalText":"about","characterOffsetBegin":582,"characterOffsetEnd":587,"pos":"IN","before":" ","after":"  "},{"index":5,"word":"Kerberos","originalText":"Kerberos","characterOffsetBegin":589,"characterOffsetEnd":597,"pos":"NNP","before":"  ","after":"  "},{"index":6,"word":"-LRB-","originalText":"(","characterOffsetBegin":599,"characterOffsetEnd":600,"pos":"-LRB-","before":"  ","after":""},{"index":7,"word":"escpecially","originalText":"escpecially","characterOffsetBegin":600,"characterOffsetEnd":611,"pos":"RB","before":"","after":" "},{"index":8,"word":"in","originalText":"in","characterOffsetBegin":612,"characterOffsetEnd":614,"pos":"IN","before":" ","after":" "},{"index":9,"word":"connection","originalText":"connection","characterOffsetBegin":615,"characterOffsetEnd":625,"pos":"NN","before":" ","after":" "},{"index":10,"word":"with","originalText":"with","characterOffsetBegin":626,"characterOffsetEnd":630,"pos":"IN","before":" ","after":" "},{"index":11,"word":"X","originalText":"X","characterOffsetBegin":631,"characterOffsetEnd":632,"pos":"NN","before":" ","after":" "},{"index":12,"word":"Display","originalText":"Display","characterOffsetBegin":633,"characterOffsetEnd":640,"pos":"VB","before":" ","after":" "},{"index":13,"word":"Manager","originalText":"Manager","characterOffsetBegin":641,"characterOffsetEnd":648,"pos":"NN","before":" ","after":" "},{"index":14,"word":"xdm","originalText":"xdm","characterOffsetBegin":649,"characterOffsetEnd":652,"pos":"NN","before":" ","after":""},{"index":15,"word":"-RRB-","originalText":")","characterOffsetBegin":652,"characterOffsetEnd":653,"pos":"-RRB-","before":"","after":""},{"index":16,"word":"?","originalText":"?","characterOffsetBegin":653,"characterOffsetEnd":654,"pos":".","before":"","after":""}]},{"index":2,"tokens":[{"index":1,"word":"Thanks","originalText":"Thanks","characterOffsetBegin":654,"characterOffsetEnd":660,"pos":"NNS","before":"","after":""},{"index":2,"word":",","originalText":",","characterOffsetBegin":660,"characterOffsetEnd":661,"pos":",","before":"","after":""},{"index":3,"word":"Andrea","originalText":"Andrea","characterOffsetBegin":661,"characterOffsetEnd":667,"pos":"NNP","before":"","after":" "},{"index":4,"word":"Winkler","originalText":"Winkler","characterOffsetBegin":668,"characterOffsetEnd":675,"pos":"NNP","before":" ","after":"     "},{"index":5,"word":"-LRB-","originalText":"(","characterOffsetBegin":680,"characterOffsetEnd":681,"pos":"-LRB-","before":"     ","after":""},{"index":6,"word":"Siemens","originalText":"Siemens","characterOffsetBegin":681,"characterOffsetEnd":688,"pos":"NNP","before":"","after":" "},{"index":7,"word":"Nixdorf","originalText":"Nixdorf","characterOffsetBegin":689,"characterOffsetEnd":696,"pos":"NNP","before":" ","after":" "},{"index":8,"word":"Muenchen","originalText":"Muenchen","characterOffsetBegin":697,"characterOffsetEnd":705,"pos":"NNP","before":" ","after":""},{"index":9,"word":",","originalText":",","characterOffsetBegin":705,"characterOffsetEnd":706,"pos":",","before":"","after":" "},{"index":10,"word":"Germany","originalText":"Germany","characterOffsetBegin":707,"characterOffsetEnd":714,"pos":"NNP","before":" ","after":""},{"index":11,"word":"-RRB-","originalText":")","characterOffsetBegin":714,"characterOffsetEnd":715,"pos":"-RRB-","before":"","after":""},{"index":12,"word":"------------------------------------------------------------------------------","originalText":"------------------------------------------------------------------------------","characterOffsetBegin":715,"characterOffsetEnd":793,"pos":"CD","before":"","after":"  "},{"index":13,"word":"S","originalText":"S","characterOffsetBegin":795,"characterOffsetEnd":796,"pos":"NN","before":"  ","after":" "},{"index":14,"word":"I","originalText":"I","characterOffsetBegin":797,"characterOffsetEnd":798,"pos":"PRP","before":" ","after":" "},{"index":15,"word":"E","originalText":"E","characterOffsetBegin":799,"characterOffsetEnd":800,"pos":"NN","before":" ","after":" "},{"index":16,"word":"M","originalText":"M","characterOffsetBegin":801,"characterOffsetEnd":802,"pos":"NN","before":" ","after":" "},{"index":17,"word":"E","originalText":"E","characterOffsetBegin":803,"characterOffsetEnd":804,"pos":"NN","before":" ","after":" "},{"index":18,"word":"N","originalText":"N","characterOffsetBegin":805,"characterOffsetEnd":806,"pos":"NN","before":" ","after":" "},{"index":19,"word":"S","originalText":"S","characterOffsetBegin":807,"characterOffsetEnd":808,"pos":"NN","before":" ","after":"  "},{"index":20,"word":"Andrea","originalText":"Andrea","characterOffsetBegin":810,"characterOffsetEnd":816,"pos":"NNP","before":"  ","after":" "},{"index":21,"word":"Winkler","originalText":"Winkler","characterOffsetBegin":817,"characterOffsetEnd":824,"pos":"NNP","before":" ","after":"        "},{"index":22,"word":"Internet","originalText":"Internet","characterOffsetBegin":832,"characterOffsetEnd":840,"pos":"NNP","before":"        ","after":""},{"index":23,"word":":","originalText":":","characterOffsetBegin":840,"characterOffsetEnd":841,"pos":":","before":"","after":" "},{"index":24,"word":"Andrea.Winkler@sto.mchp.sni.de-------------","originalText":"Andrea.Winkler@sto.mchp.sni.de-------------","characterOffsetBegin":842,"characterOffsetEnd":885,"pos":"JJ","before":" ","after":"  "},{"index":25,"word":"SNI","originalText":"SNI","characterOffsetBegin":887,"characterOffsetEnd":890,"pos":"NNP","before":"  ","after":" "},{"index":26,"word":"STO","originalText":"STO","characterOffsetBegin":891,"characterOffsetEnd":894,"pos":"NNP","before":" ","after":" "},{"index":27,"word":"XS","originalText":"XS","characterOffsetBegin":895,"characterOffsetEnd":897,"pos":"NN","before":" ","after":" "},{"index":28,"word":"322","originalText":"322","characterOffsetBegin":898,"characterOffsetEnd":901,"pos":"CD","before":" ","after":"        "},{"index":29,"word":"Otto-Hahn-Ring","originalText":"Otto-Hahn-Ring","characterOffsetBegin":909,"characterOffsetEnd":923,"pos":"NN","before":"        ","after":" "},{"index":30,"word":"6","originalText":"6","characterOffsetBegin":924,"characterOffsetEnd":925,"pos":"CD","before":" ","after":"    "},{"index":31,"word":"D-8000","originalText":"D-8000","characterOffsetBegin":929,"characterOffsetEnd":935,"pos":"NN","before":"    ","after":" "},{"index":32,"word":"Munich","originalText":"Munich","characterOffsetBegin":936,"characterOffsetEnd":942,"pos":"NNP","before":" ","after":" "},{"index":33,"word":"83","originalText":"83","characterOffsetBegin":943,"characterOffsetEnd":945,"pos":"CD","before":" ","after":"     "},{"index":34,"word":"N","originalText":"N","characterOffsetBegin":950,"characterOffsetEnd":951,"pos":"NN","before":"     ","after":" "},{"index":35,"word":"I","originalText":"I","characterOffsetBegin":952,"characterOffsetEnd":953,"pos":"PRP","before":" ","after":" "},{"index":36,"word":"X","originalText":"X","characterOffsetBegin":954,"characterOffsetEnd":955,"pos":"NN","before":" ","after":" "},{"index":37,"word":"D","originalText":"D","characterOffsetBegin":956,"characterOffsetEnd":957,"pos":"NN","before":" ","after":" "},{"index":38,"word":"O","originalText":"O","characterOffsetBegin":958,"characterOffsetEnd":959,"pos":"NN","before":" ","after":" "},{"index":39,"word":"R","originalText":"R","characterOffsetBegin":960,"characterOffsetEnd":961,"pos":"NN","before":" ","after":" "},{"index":40,"word":"F","originalText":"F","characterOffsetBegin":962,"characterOffsetEnd":963,"pos":"NN","before":" ","after":"  "},{"index":41,"word":"Phone","originalText":"Phone","characterOffsetBegin":965,"characterOffsetEnd":970,"pos":"NN","before":"  ","after":""},{"index":42,"word":":","originalText":":","characterOffsetBegin":970,"characterOffsetEnd":971,"pos":":","before":"","after":""},{"index":43,"word":"-LRB-089-RRB-636-41449","originalText":"(089)636-41449","characterOffsetBegin":971,"characterOffsetEnd":985,"pos":"NN","before":"","after":"  "},{"index":44,"word":"FAX","originalText":"FAX","characterOffsetBegin":987,"characterOffsetEnd":990,"pos":"NNP","before":"  ","after":""},{"index":45,"word":":","originalText":":","characterOffsetBegin":990,"characterOffsetEnd":991,"pos":":","before":"","after":" "},{"index":46,"word":"-LRB-089-RRB-636-42833","originalText":"(089)636-42833","characterOffsetBegin":992,"characterOffsetEnd":1006,"pos":"NN","before":" ","after":""},{"index":47,"word":"------------------------------------------------------------------------------","originalText":"------------------------------------------------------------------------------","characterOffsetBegin":1006,"characterOffsetEnd":1084,"pos":"CD","before":"","after":""}]}]}