{"sentences":[{"index":0,"tokens":[{"index":1,"word":"From","originalText":"From","characterOffsetBegin":0,"characterOffsetEnd":4,"pos":"IN","before":"","after":""},{"index":2,"word":":","originalText":":","characterOffsetBegin":4,"characterOffsetEnd":5,"pos":":","before":"","after":" "},{"index":3,"word":"huub@cwi.nl","originalText":"huub@cwi.nl","characterOffsetBegin":6,"characterOffsetEnd":17,"pos":"NN","before":" ","after":" "},{"index":4,"word":"-LRB-","originalText":"(","characterOffsetBegin":18,"characterOffsetEnd":19,"pos":"-LRB-","before":" ","after":""},{"index":5,"word":"Huub","originalText":"Huub","characterOffsetBegin":19,"characterOffsetEnd":23,"pos":"NNP","before":"","after":" "},{"index":6,"word":"Bakker","originalText":"Bakker","characterOffsetBegin":24,"characterOffsetEnd":30,"pos":"NNP","before":" ","after":""},{"index":7,"word":"-RRB-","originalText":")","characterOffsetBegin":30,"characterOffsetEnd":31,"pos":"-RRB-","before":"","after":""},{"index":8,"word":"Subject","originalText":"Subject","characterOffsetBegin":31,"characterOffsetEnd":38,"pos":"NNP","before":"","after":""},{"index":9,"word":":","originalText":":","characterOffsetBegin":38,"characterOffsetEnd":39,"pos":":","before":"","after":" "},{"index":10,"word":"waiting","originalText":"waiting","characterOffsetBegin":40,"characterOffsetEnd":47,"pos":"VBG","before":" ","after":" "},{"index":11,"word":"for","originalText":"for","characterOffsetBegin":48,"characterOffsetEnd":51,"pos":"IN","before":" ","after":" "},{"index":12,"word":"a","originalText":"a","characterOffsetBegin":52,"characterOffsetEnd":53,"pos":"DT","before":" ","after":" "},{"index":13,"word":"specific","originalText":"specific","characterOffsetBegin":54,"characterOffsetEnd":62,"pos":"JJ","before":" ","after":" "},{"index":14,"word":"event/callbackHello","originalText":"event/callbackHello","characterOffsetBegin":63,"characterOffsetEnd":82,"pos":"NN","before":" ","after":" "},{"index":15,"word":"world","originalText":"world","characterOffsetBegin":83,"characterOffsetEnd":88,"pos":"NN","before":" ","after":""},{"index":16,"word":",","originalText":",","characterOffsetBegin":88,"characterOffsetEnd":89,"pos":",","before":"","after":""},{"index":17,"word":"I","originalText":"I","characterOffsetBegin":89,"characterOffsetEnd":90,"pos":"PRP","before":"","after":" "},{"index":18,"word":"want","originalText":"want","characterOffsetBegin":91,"characterOffsetEnd":95,"pos":"VBP","before":" ","after":" "},{"index":19,"word":"to","originalText":"to","characterOffsetBegin":96,"characterOffsetEnd":98,"pos":"TO","before":" ","after":" "},{"index":20,"word":"write","originalText":"write","characterOffsetBegin":99,"characterOffsetEnd":104,"pos":"VB","before":" ","after":" "},{"index":21,"word":"my","originalText":"my","characterOffsetBegin":105,"characterOffsetEnd":107,"pos":"PRP$","before":" ","after":" "},{"index":22,"word":"Xt-application","originalText":"Xt-application","characterOffsetBegin":108,"characterOffsetEnd":122,"pos":"NN","before":" ","after":" "},{"index":23,"word":"code","originalText":"code","characterOffsetBegin":123,"characterOffsetEnd":127,"pos":"NN","before":" ","after":" "},{"index":24,"word":"like","originalText":"like","characterOffsetBegin":128,"characterOffsetEnd":132,"pos":"IN","before":" ","after":" "},{"index":25,"word":"this","originalText":"this","characterOffsetBegin":133,"characterOffsetEnd":137,"pos":"DT","before":" ","after":""},{"index":26,"word":":{","originalText":":{","characterOffsetBegin":137,"characterOffsetEnd":139,"pos":"NN","before":"","after":"    "},{"index":27,"word":"do_some_work","originalText":"do_some_work","characterOffsetBegin":143,"characterOffsetEnd":155,"pos":"NN","before":"    ","after":""},{"index":28,"word":"-LRB-","originalText":"(","characterOffsetBegin":155,"characterOffsetEnd":156,"pos":"-LRB-","before":"","after":""},{"index":29,"word":"-RRB-","originalText":")","characterOffsetBegin":156,"characterOffsetEnd":157,"pos":"-RRB-","before":"","after":""},{"index":30,"word":";","originalText":";","characterOffsetBegin":157,"characterOffsetEnd":158,"pos":":","before":"","after":"    "},{"index":31,"word":"/","originalText":"/","characterOffsetBegin":162,"characterOffsetEnd":163,"pos":":","before":"    ","after":""},{"index":32,"word":"*","originalText":"*","characterOffsetBegin":163,"characterOffsetEnd":164,"pos":"SYM","before":"","after":" "},{"index":33,"word":"now","originalText":"now","characterOffsetBegin":165,"characterOffsetEnd":168,"pos":"RB","before":" ","after":" "},{"index":34,"word":"I","originalText":"I","characterOffsetBegin":169,"characterOffsetEnd":170,"pos":"PRP","before":" ","after":" "},{"index":35,"word":"need","originalText":"need","characterOffsetBegin":171,"characterOffsetEnd":175,"pos":"VBP","before":" ","after":" "},{"index":36,"word":"some","originalText":"some","characterOffsetBegin":176,"characterOffsetEnd":180,"pos":"DT","before":" ","after":" "},{"index":37,"word":"user","originalText":"user","characterOffsetBegin":181,"characterOffsetEnd":185,"pos":"NN","before":" ","after":" "},{"index":38,"word":"input","originalText":"input","characterOffsetBegin":186,"characterOffsetEnd":191,"pos":"NN","before":" ","after":" "},{"index":39,"word":"*","originalText":"*","characterOffsetBegin":192,"characterOffsetEnd":193,"pos":"SYM","before":" ","after":""},{"index":40,"word":"/","originalText":"/","characterOffsetBegin":193,"characterOffsetEnd":194,"pos":":","before":"","after":"    "},{"index":41,"word":"XmCreateDialog","originalText":"XmCreateDialog","characterOffsetBegin":198,"characterOffsetEnd":212,"pos":"NN","before":"    ","after":""},{"index":42,"word":"-LRB-","originalText":"(","characterOffsetBegin":212,"characterOffsetEnd":213,"pos":"-LRB-","before":"","after":""},{"index":43,"word":"-RRB-","originalText":")","characterOffsetBegin":213,"characterOffsetEnd":214,"pos":"-RRB-","before":"","after":""},{"index":44,"word":";","originalText":";","characterOffsetBegin":214,"characterOffsetEnd":215,"pos":":","before":"","after":"    "},{"index":45,"word":"wait_for_user_input","originalText":"wait_for_user_input","characterOffsetBegin":219,"characterOffsetEnd":238,"pos":"NN","before":"    ","after":""},{"index":46,"word":"-LRB-","originalText":"(","characterOffsetBegin":238,"characterOffsetEnd":239,"pos":"-LRB-","before":"","after":""},{"index":47,"word":"input","originalText":"input","characterOffsetBegin":239,"characterOffsetEnd":244,"pos":"NN","before":"","after":""},{"index":48,"word":"-RRB-","originalText":")","characterOffsetBegin":244,"characterOffsetEnd":245,"pos":"-RRB-","before":"","after":""},{"index":49,"word":";","originalText":";","characterOffsetBegin":245,"characterOffsetEnd":246,"pos":":","before":"","after":"    "},{"index":50,"word":"if","originalText":"if","characterOffsetBegin":250,"characterOffsetEnd":252,"pos":"IN","before":"    ","after":" "},{"index":51,"word":"-LRB-","originalText":"(","characterOffsetBegin":253,"characterOffsetEnd":254,"pos":"-LRB-","before":" ","after":""},{"index":52,"word":"input","originalText":"input","characterOffsetBegin":254,"characterOffsetEnd":259,"pos":"NN","before":"","after":" "},{"index":53,"word":"==","originalText":"==","characterOffsetBegin":260,"characterOffsetEnd":262,"pos":"CD","before":" ","after":" "},{"index":54,"word":"``","originalText":"\"","characterOffsetBegin":263,"characterOffsetEnd":264,"pos":"``","before":" ","after":""},{"index":55,"word":"OK","originalText":"OK","characterOffsetBegin":264,"characterOffsetEnd":266,"pos":"UH","before":"","after":""},{"index":56,"word":"''","originalText":"\"","characterOffsetBegin":266,"characterOffsetEnd":267,"pos":"''","before":"","after":""},{"index":57,"word":"-RRB-","originalText":")","characterOffsetBegin":267,"characterOffsetEnd":268,"pos":"-RRB-","before":"","after":" "},{"index":58,"word":"-LCB-","originalText":"{","characterOffsetBegin":269,"characterOffsetEnd":270,"pos":"-LRB-","before":" ","after":"       "},{"index":59,"word":"more_work","originalText":"more_work","characterOffsetBegin":277,"characterOffsetEnd":286,"pos":"NN","before":"       ","after":""},{"index":60,"word":"-LRB-","originalText":"(","characterOffsetBegin":286,"characterOffsetEnd":287,"pos":"-LRB-","before":"","after":""},{"index":61,"word":"-RRB-","originalText":")","characterOffsetBegin":287,"characterOffsetEnd":288,"pos":"-RRB-","before":"","after":""},{"index":62,"word":";","originalText":";","characterOffsetBegin":288,"characterOffsetEnd":289,"pos":":","before":"","after":"    "},{"index":63,"word":"-RCB-","originalText":"}","characterOffsetBegin":293,"characterOffsetEnd":294,"pos":"-RRB-","before":"    ","after":" "},{"index":64,"word":"else","originalText":"else","characterOffsetBegin":295,"characterOffsetEnd":299,"pos":"RB","before":" ","after":" "},{"index":65,"word":"-LCB-","originalText":"{","characterOffsetBegin":300,"characterOffsetEnd":301,"pos":"-LRB-","before":" ","after":"       "},{"index":66,"word":"other_work","originalText":"other_work","characterOffsetBegin":308,"characterOffsetEnd":318,"pos":"NN","before":"       ","after":""},{"index":67,"word":"-LRB-","originalText":"(","characterOffsetBegin":318,"characterOffsetEnd":319,"pos":"-LRB-","before":"","after":""},{"index":68,"word":"-RRB-","originalText":")","characterOffsetBegin":319,"characterOffsetEnd":320,"pos":"-RRB-","before":"","after":""},{"index":69,"word":";","originalText":";","characterOffsetBegin":320,"characterOffsetEnd":321,"pos":":","before":"","after":"    "},{"index":70,"word":"-RCB-","originalText":"}","characterOffsetBegin":325,"characterOffsetEnd":326,"pos":"-RRB-","before":"    ","after":""},{"index":71,"word":"-RCB-","originalText":"}","characterOffsetBegin":326,"characterOffsetEnd":327,"pos":"-RRB-","before":"","after":""},{"index":72,"word":"So","originalText":"So","characterOffsetBegin":327,"characterOffsetEnd":329,"pos":"IN","before":"","after":" "},{"index":73,"word":"``","originalText":"\"","characterOffsetBegin":330,"characterOffsetEnd":331,"pos":"``","before":" ","after":""},{"index":74,"word":"more_work","originalText":"more_work","characterOffsetBegin":331,"characterOffsetEnd":340,"pos":"NN","before":"","after":""},{"index":75,"word":"-LRB-","originalText":"(","characterOffsetBegin":340,"characterOffsetEnd":341,"pos":"-LRB-","before":"","after":""},{"index":76,"word":"-RRB-","originalText":")","characterOffsetBegin":341,"characterOffsetEnd":342,"pos":"-RRB-","before":"","after":" "},{"index":77,"word":"and","originalText":"and","characterOffsetBegin":343,"characterOffsetEnd":346,"pos":"CC","before":" ","after":" "},{"index":78,"word":"other_work","originalText":"other_work","characterOffsetBegin":347,"characterOffsetEnd":357,"pos":"NN","before":" ","after":""},{"index":79,"word":"-LRB-","originalText":"(","characterOffsetBegin":357,"characterOffsetEnd":358,"pos":"-LRB-","before":"","after":""},{"index":80,"word":"-RRB-","originalText":")","characterOffsetBegin":358,"characterOffsetEnd":359,"pos":"-RRB-","before":"","after":""},{"index":81,"word":"''","originalText":"\"","characterOffsetBegin":359,"characterOffsetEnd":360,"pos":"''","before":"","after":" "},{"index":82,"word":"are","originalText":"are","characterOffsetBegin":361,"characterOffsetEnd":364,"pos":"VBP","before":" ","after":" "},{"index":83,"word":"not","originalText":"not","characterOffsetBegin":365,"characterOffsetEnd":368,"pos":"RB","before":" ","after":" "},{"index":84,"word":"in","originalText":"in","characterOffsetBegin":369,"characterOffsetEnd":371,"pos":"IN","before":" ","after":" "},{"index":85,"word":"callback","originalText":"callback","characterOffsetBegin":372,"characterOffsetEnd":380,"pos":"NN","before":" ","after":" "},{"index":86,"word":"functions","originalText":"functions","characterOffsetBegin":381,"characterOffsetEnd":390,"pos":"NNS","before":" ","after":" "},{"index":87,"word":"but","originalText":"but","characterOffsetBegin":391,"characterOffsetEnd":394,"pos":"CC","before":" ","after":" "},{"index":88,"word":"theapplication","originalText":"theapplication","characterOffsetBegin":395,"characterOffsetEnd":409,"pos":"NN","before":" ","after":" "},{"index":89,"word":"simply","originalText":"simply","characterOffsetBegin":410,"characterOffsetEnd":416,"pos":"RB","before":" ","after":" "},{"index":90,"word":"waits","originalText":"waits","characterOffsetBegin":417,"characterOffsetEnd":422,"pos":"VBZ","before":" ","after":" "},{"index":91,"word":"for","originalText":"for","characterOffsetBegin":423,"characterOffsetEnd":426,"pos":"IN","before":" ","after":" "},{"index":92,"word":"the","originalText":"the","characterOffsetBegin":427,"characterOffsetEnd":430,"pos":"DT","before":" ","after":" "},{"index":93,"word":"user","originalText":"user","characterOffsetBegin":431,"characterOffsetEnd":435,"pos":"NN","before":" ","after":" "},{"index":94,"word":"to","originalText":"to","characterOffsetBegin":436,"characterOffsetEnd":438,"pos":"TO","before":" ","after":" "},{"index":95,"word":"answer","originalText":"answer","characterOffsetBegin":439,"characterOffsetEnd":445,"pos":"VB","before":" ","after":" "},{"index":96,"word":"the","originalText":"the","characterOffsetBegin":446,"characterOffsetEnd":449,"pos":"DT","before":" ","after":" "},{"index":97,"word":"question.How","originalText":"question.How","characterOffsetBegin":450,"characterOffsetEnd":462,"pos":"NN","before":" ","after":" "},{"index":98,"word":"can","originalText":"can","characterOffsetBegin":463,"characterOffsetEnd":466,"pos":"MD","before":" ","after":" "},{"index":99,"word":"I","originalText":"I","characterOffsetBegin":467,"characterOffsetEnd":468,"pos":"PRP","before":" ","after":" "},{"index":100,"word":"code","originalText":"code","characterOffsetBegin":469,"characterOffsetEnd":473,"pos":"VB","before":" ","after":" "},{"index":101,"word":"this","originalText":"this","characterOffsetBegin":474,"characterOffsetEnd":478,"pos":"DT","before":" ","after":" "},{"index":102,"word":"in","originalText":"in","characterOffsetBegin":479,"characterOffsetEnd":481,"pos":"IN","before":" ","after":" "},{"index":103,"word":"my","originalText":"my","characterOffsetBegin":482,"characterOffsetEnd":484,"pos":"PRP$","before":" ","after":" "},{"index":104,"word":"Xt/Motif-application","originalText":"Xt/Motif-application","characterOffsetBegin":485,"characterOffsetEnd":505,"pos":"NN","before":" ","after":""},{"index":105,"word":"?","originalText":"?","characterOffsetBegin":505,"characterOffsetEnd":506,"pos":".","before":"","after":""}]},{"index":1,"tokens":[{"index":1,"word":"Thanks","originalText":"Thanks","characterOffsetBegin":506,"characterOffsetEnd":512,"pos":"NNS","before":"","after":" "},{"index":2,"word":"very","originalText":"very","characterOffsetBegin":513,"characterOffsetEnd":517,"pos":"RB","before":" ","after":" "},{"index":3,"word":"much","originalText":"much","characterOffsetBegin":518,"characterOffsetEnd":522,"pos":"RB","before":" ","after":" "},{"index":4,"word":"in","originalText":"in","characterOffsetBegin":523,"characterOffsetEnd":525,"pos":"IN","before":" ","after":" "},{"index":5,"word":"advance.Greetings","originalText":"advance.Greetings","characterOffsetBegin":526,"characterOffsetEnd":543,"pos":"NNS","before":" ","after":""},{"index":6,"word":",","originalText":",","characterOffsetBegin":543,"characterOffsetEnd":544,"pos":",","before":"","after":" "},{"index":7,"word":"Huub","originalText":"Huub","characterOffsetBegin":545,"characterOffsetEnd":549,"pos":"NNP","before":" ","after":""},{"index":8,"word":".","originalText":".","characterOffsetBegin":549,"characterOffsetEnd":550,"pos":".","before":"","after":""}]},{"index":2,"tokens":[{"index":1,"word":"--","originalText":"--","characterOffsetBegin":550,"characterOffsetEnd":552,"pos":":","before":"","after":" "},{"index":2,"word":"CWI","originalText":"CWI","characterOffsetBegin":553,"characterOffsetEnd":556,"pos":"NN","before":" ","after":""},{"index":3,"word":",","originalText":",","characterOffsetBegin":556,"characterOffsetEnd":557,"pos":",","before":"","after":" "},{"index":4,"word":"P.O.","originalText":"P.O.","characterOffsetBegin":558,"characterOffsetEnd":562,"pos":"NNP","before":" ","after":" "},{"index":5,"word":"Box","originalText":"Box","characterOffsetBegin":563,"characterOffsetEnd":566,"pos":"NNP","before":" ","after":" "},{"index":6,"word":"4079","originalText":"4079","characterOffsetBegin":567,"characterOffsetEnd":571,"pos":"CD","before":" ","after":" \t\t\t"},{"index":7,"word":"Huub","originalText":"Huub","characterOffsetBegin":575,"characterOffsetEnd":579,"pos":"NNP","before":" \t\t\t","after":" "},{"index":8,"word":"Bakker","originalText":"Bakker","characterOffsetBegin":580,"characterOffsetEnd":586,"pos":"NNP","before":" ","after":" "},{"index":9,"word":"-LRB-","originalText":"(","characterOffsetBegin":587,"characterOffsetEnd":588,"pos":"-LRB-","before":" ","after":""},{"index":10,"word":"huub@cwi.nl","originalText":"huub@cwi.nl","characterOffsetBegin":588,"characterOffsetEnd":599,"pos":"JJ","before":"","after":""},{"index":11,"word":"-RRB-","originalText":")","characterOffsetBegin":599,"characterOffsetEnd":600,"pos":"-RRB-","before":"","after":""},{"index":12,"word":"1009","originalText":"1009","characterOffsetBegin":600,"characterOffsetEnd":604,"pos":"CD","before":"","after":" "},{"index":13,"word":"AB","originalText":"AB","characterOffsetBegin":605,"characterOffsetEnd":607,"pos":"NNP","before":" ","after":" "},{"index":14,"word":"AmsterdamThe","originalText":"AmsterdamThe","characterOffsetBegin":608,"characterOffsetEnd":620,"pos":"NNP","before":" ","after":" "},{"index":15,"word":"NetherlandsTel","originalText":"NetherlandsTel","characterOffsetBegin":621,"characterOffsetEnd":635,"pos":"NNP","before":" ","after":""},{"index":16,"word":".","originalText":".","characterOffsetBegin":635,"characterOffsetEnd":636,"pos":".","before":"","after":" "}]},{"index":3,"tokens":[{"index":1,"word":"31 20 5924080","originalText":"31 20 5924080","characterOffsetBegin":637,"characterOffsetEnd":650,"pos":"CD","before":" ","after":""}]}]}