{"sentences":[{"index":0,"tokens":[{"index":1,"word":"From","originalText":"From","characterOffsetBegin":0,"characterOffsetEnd":4,"pos":"IN","before":"","after":""},{"index":2,"word":":","originalText":":","characterOffsetBegin":4,"characterOffsetEnd":5,"pos":":","before":"","after":" "},{"index":3,"word":"gpatapis@boyd.tansu.com.au","originalText":"gpatapis@boyd.tansu.com.au","characterOffsetBegin":6,"characterOffsetEnd":32,"pos":"NN","before":" ","after":" "},{"index":4,"word":"-LRB-","originalText":"(","characterOffsetBegin":33,"characterOffsetEnd":34,"pos":"-LRB-","before":" ","after":""},{"index":5,"word":"George","originalText":"George","characterOffsetBegin":34,"characterOffsetEnd":40,"pos":"NNP","before":"","after":" "},{"index":6,"word":"Patapis","originalText":"Patapis","characterOffsetBegin":41,"characterOffsetEnd":48,"pos":"NNP","before":" ","after":""},{"index":7,"word":"-RRB-","originalText":")","characterOffsetBegin":48,"characterOffsetEnd":49,"pos":"-RRB-","before":"","after":""},{"index":8,"word":"Subject","originalText":"Subject","characterOffsetBegin":49,"characterOffsetEnd":56,"pos":"NNP","before":"","after":""},{"index":9,"word":":","originalText":":","characterOffsetBegin":56,"characterOffsetEnd":57,"pos":":","before":"","after":" "},{"index":10,"word":"Re","originalText":"Re","characterOffsetBegin":58,"characterOffsetEnd":60,"pos":"NNP","before":" ","after":""},{"index":11,"word":":","originalText":":","characterOffsetBegin":60,"characterOffsetEnd":61,"pos":":","before":"","after":" "},{"index":12,"word":"DESQview/X","originalText":"DESQview/X","characterOffsetBegin":62,"characterOffsetEnd":72,"pos":"NN","before":" ","after":" "},{"index":13,"word":"on","originalText":"on","characterOffsetBegin":73,"characterOffsetEnd":75,"pos":"IN","before":" ","after":" "},{"index":14,"word":"a","originalText":"a","characterOffsetBegin":76,"characterOffsetEnd":77,"pos":"DT","before":" ","after":" "},{"index":15,"word":"PC?In","originalText":"PC?In","characterOffsetBegin":78,"characterOffsetEnd":83,"pos":"NN","before":" ","after":" "},{"index":16,"word":"article","originalText":"article","characterOffsetBegin":84,"characterOffsetEnd":91,"pos":"NN","before":" ","after":" "},{"index":17,"word":"14595639@wl.aecl.ca,","originalText":"14595639@wl.aecl.ca,","characterOffsetBegin":92,"characterOffsetEnd":112,"pos":"NN","before":" ","after":" "},{"index":18,"word":"harrisp@wl.aecl.ca","originalText":"harrisp@wl.aecl.ca","characterOffsetBegin":113,"characterOffsetEnd":131,"pos":"NN","before":" ","after":" "},{"index":19,"word":"-LRB-","originalText":"(","characterOffsetBegin":132,"characterOffsetEnd":133,"pos":"-LRB-","before":" ","after":""},{"index":20,"word":"-RRB-","originalText":")","characterOffsetBegin":133,"characterOffsetEnd":134,"pos":"-RRB-","before":"","after":" "},{"index":21,"word":"writes","originalText":"writes","characterOffsetBegin":135,"characterOffsetEnd":141,"pos":"VBZ","before":" ","after":""},{"index":22,"word":":","originalText":":","characterOffsetBegin":141,"characterOffsetEnd":142,"pos":":","before":"","after":""},{"index":23,"word":">","originalText":">","characterOffsetBegin":142,"characterOffsetEnd":143,"pos":"JJR","before":"","after":""},{"index":24,"word":"I","originalText":"I","characterOffsetBegin":143,"characterOffsetEnd":144,"pos":"PRP","before":"","after":" "},{"index":25,"word":"use","originalText":"use","characterOffsetBegin":145,"characterOffsetEnd":148,"pos":"VBP","before":" ","after":" "},{"index":26,"word":"DESQview/X","originalText":"DESQview/X","characterOffsetBegin":149,"characterOffsetEnd":159,"pos":"NN","before":" ","after":" "},{"index":27,"word":"and","originalText":"and","characterOffsetBegin":160,"characterOffsetEnd":163,"pos":"CC","before":" ","after":" "},{"index":28,"word":"I","originalText":"I","characterOffsetBegin":164,"characterOffsetEnd":165,"pos":"PRP","before":" ","after":" "},{"index":29,"word":"think","originalText":"think","characterOffsetBegin":166,"characterOffsetEnd":171,"pos":"VBP","before":" ","after":" "},{"index":30,"word":"it","originalText":"it","characterOffsetBegin":172,"characterOffsetEnd":174,"pos":"PRP","before":" ","after":" "},{"index":31,"word":"is","originalText":"is","characterOffsetBegin":175,"characterOffsetEnd":177,"pos":"VBZ","before":" ","after":" "},{"index":32,"word":"great","originalText":"great","characterOffsetBegin":178,"characterOffsetEnd":183,"pos":"JJ","before":" ","after":""},{"index":33,"word":".","originalText":".","characterOffsetBegin":183,"characterOffsetEnd":184,"pos":".","before":"","after":" "}]},{"index":1,"tokens":[{"index":1,"word":"Where","originalText":"Where","characterOffsetBegin":185,"characterOffsetEnd":190,"pos":"WRB","before":" ","after":" "},{"index":2,"word":"it","originalText":"it","characterOffsetBegin":191,"characterOffsetEnd":193,"pos":"PRP","before":" ","after":" "},{"index":3,"word":"really","originalText":"really","characterOffsetBegin":194,"characterOffsetEnd":200,"pos":"RB","before":" ","after":" "},{"index":4,"word":"shines","originalText":"shines","characterOffsetBegin":201,"characterOffsetEnd":207,"pos":"VBZ","before":" ","after":" "},{"index":5,"word":"-LRB-","originalText":"(","characterOffsetBegin":208,"characterOffsetEnd":209,"pos":"-LRB-","before":" ","after":""},{"index":6,"word":"IMHO","originalText":"IMHO","characterOffsetBegin":209,"characterOffsetEnd":213,"pos":"NN","before":"","after":""},{"index":7,"word":"-RRB-","originalText":")","characterOffsetBegin":213,"characterOffsetEnd":214,"pos":"-RRB-","before":"","after":" "},{"index":8,"word":"is","originalText":"is","characterOffsetBegin":215,"characterOffsetEnd":217,"pos":"VBZ","before":" ","after":""},{"index":9,"word":">","originalText":">","characterOffsetBegin":217,"characterOffsetEnd":218,"pos":"JJR","before":"","after":""},{"index":10,"word":"to","originalText":"to","characterOffsetBegin":218,"characterOffsetEnd":220,"pos":"TO","before":"","after":" "},{"index":11,"word":"let","originalText":"let","characterOffsetBegin":221,"characterOffsetEnd":224,"pos":"VB","before":" ","after":" "},{"index":12,"word":"unix","originalText":"unix","characterOffsetBegin":225,"characterOffsetEnd":229,"pos":"JJ","before":" ","after":" "},{"index":13,"word":"users","originalText":"users","characterOffsetBegin":230,"characterOffsetEnd":235,"pos":"NNS","before":" ","after":" "},{"index":14,"word":"log","originalText":"log","characterOffsetBegin":236,"characterOffsetEnd":239,"pos":"VBP","before":" ","after":" "},{"index":15,"word":"into","originalText":"into","characterOffsetBegin":240,"characterOffsetEnd":244,"pos":"IN","before":" ","after":" "},{"index":16,"word":"a","originalText":"a","characterOffsetBegin":245,"characterOffsetEnd":246,"pos":"DT","before":" ","after":" "},{"index":17,"word":"pc","originalText":"pc","characterOffsetBegin":247,"characterOffsetEnd":249,"pos":"NN","before":" ","after":" "},{"index":18,"word":"and","originalText":"and","characterOffsetBegin":250,"characterOffsetEnd":253,"pos":"CC","before":" ","after":" "},{"index":19,"word":"run","originalText":"run","characterOffsetBegin":254,"characterOffsetEnd":257,"pos":"VB","before":" ","after":" "},{"index":20,"word":"dos","originalText":"dos","characterOffsetBegin":258,"characterOffsetEnd":261,"pos":"NNS","before":" ","after":" "},{"index":21,"word":"and","originalText":"and","characterOffsetBegin":262,"characterOffsetEnd":265,"pos":"CC","before":" ","after":" "},{"index":22,"word":"windows","originalText":"windows","characterOffsetBegin":266,"characterOffsetEnd":273,"pos":"NNS","before":" ","after":" "},{"index":23,"word":"applications","originalText":"applications","characterOffsetBegin":274,"characterOffsetEnd":286,"pos":"NNS","before":" ","after":" "},{"index":24,"word":"with","originalText":"with","characterOffsetBegin":287,"characterOffsetEnd":291,"pos":"IN","before":" ","after":""},{"index":25,"word":">","originalText":">","characterOffsetBegin":291,"characterOffsetEnd":292,"pos":"JJR","before":"","after":""},{"index":26,"word":"the","originalText":"the","characterOffsetBegin":292,"characterOffsetEnd":295,"pos":"DT","before":"","after":" "},{"index":27,"word":"display","originalText":"display","characterOffsetBegin":296,"characterOffsetEnd":303,"pos":"NN","before":" ","after":" "},{"index":28,"word":"going","originalText":"going","characterOffsetBegin":304,"characterOffsetEnd":309,"pos":"VBG","before":" ","after":" "},{"index":29,"word":"to","originalText":"to","characterOffsetBegin":310,"characterOffsetEnd":312,"pos":"TO","before":" ","after":" "},{"index":30,"word":"their","originalText":"their","characterOffsetBegin":313,"characterOffsetEnd":318,"pos":"PRP$","before":" ","after":" "},{"index":31,"word":"screens","originalText":"screens","characterOffsetBegin":319,"characterOffsetEnd":326,"pos":"NNS","before":" ","after":""},{"index":32,"word":".","originalText":".","characterOffsetBegin":326,"characterOffsetEnd":327,"pos":".","before":"","after":""},{"index":33,"word":">","originalText":">","characterOffsetBegin":327,"characterOffsetEnd":328,"pos":"JJR","before":"","after":""}]},{"index":2,"tokens":[{"index":1,"word":"You","originalText":"You","characterOffsetBegin":328,"characterOffsetEnd":331,"pos":"PRP","before":"","after":""},{"index":2,"word":"'ll","originalText":"'ll","characterOffsetBegin":331,"characterOffsetEnd":334,"pos":"MD","before":"","after":" "},{"index":3,"word":"need","originalText":"need","characterOffsetBegin":335,"characterOffsetEnd":339,"pos":"VB","before":" ","after":" "},{"index":4,"word":"to","originalText":"to","characterOffsetBegin":340,"characterOffsetEnd":342,"pos":"TO","before":" ","after":" "},{"index":5,"word":"get","originalText":"get","characterOffsetBegin":343,"characterOffsetEnd":346,"pos":"VB","before":" ","after":""},{"index":6,"word":":","originalText":":","characterOffsetBegin":346,"characterOffsetEnd":347,"pos":":","before":"","after":""},{"index":7,"word":">","originalText":">","characterOffsetBegin":347,"characterOffsetEnd":348,"pos":"JJR","before":"","after":""},{"index":8,"word":"DESQview/X","originalText":"DESQview/X","characterOffsetBegin":348,"characterOffsetEnd":358,"pos":"NN","before":"","after":" "},{"index":9,"word":"v","originalText":"v","characterOffsetBegin":359,"characterOffsetEnd":360,"pos":"LS","before":" ","after":" "},{"index":10,"word":"1.1","originalText":"1.1","characterOffsetBegin":361,"characterOffsetEnd":364,"pos":"CD","before":" ","after":""},{"index":11,"word":">","originalText":">","characterOffsetBegin":364,"characterOffsetEnd":365,"pos":"JJR","before":"","after":""},{"index":12,"word":"DESQview/X","originalText":"DESQview/X","characterOffsetBegin":365,"characterOffsetEnd":375,"pos":"NN","before":"","after":" "},{"index":13,"word":"v","originalText":"v","characterOffsetBegin":376,"characterOffsetEnd":377,"pos":"LS","before":" ","after":" "},{"index":14,"word":"1.1","originalText":"1.1","characterOffsetBegin":378,"characterOffsetEnd":381,"pos":"CD","before":" ","after":"                           "},{"index":15,"word":"$","originalText":"$","characterOffsetBegin":408,"characterOffsetEnd":409,"pos":"$","before":"                           ","after":""},{"index":16,"word":"275","originalText":"275","characterOffsetBegin":409,"characterOffsetEnd":412,"pos":"CD","before":"","after":" "},{"index":17,"word":"suggested","originalText":"suggested","characterOffsetBegin":413,"characterOffsetEnd":422,"pos":"VBN","before":" ","after":" "},{"index":18,"word":"retail","originalText":"retail","characterOffsetBegin":423,"characterOffsetEnd":429,"pos":"JJ","before":" ","after":""},{"index":19,"word":">","originalText":">","characterOffsetBegin":429,"characterOffsetEnd":430,"pos":"JJR","before":"","after":""},{"index":20,"word":"DESQview/X","originalText":"DESQview/X","characterOffsetBegin":430,"characterOffsetEnd":440,"pos":"NN","before":"","after":" "},{"index":21,"word":"to","originalText":"to","characterOffsetBegin":441,"characterOffsetEnd":443,"pos":"TO","before":" ","after":" "},{"index":22,"word":"Other","originalText":"Other","characterOffsetBegin":444,"characterOffsetEnd":449,"pos":"JJ","before":" ","after":" "},{"index":23,"word":"X","originalText":"X","characterOffsetBegin":450,"characterOffsetEnd":451,"pos":"NNP","before":" ","after":" "},{"index":24,"word":"Systems","originalText":"Systems","characterOffsetBegin":452,"characterOffsetEnd":459,"pos":"NNPS","before":" ","after":" "},{"index":25,"word":"v","originalText":"v","characterOffsetBegin":460,"characterOffsetEnd":461,"pos":"LS","before":" ","after":" "},{"index":26,"word":"1.1","originalText":"1.1","characterOffsetBegin":462,"characterOffsetEnd":465,"pos":"CD","before":" ","after":"        "},{"index":27,"word":"$","originalText":"$","characterOffsetBegin":473,"characterOffsetEnd":474,"pos":"$","before":"        ","after":""},{"index":28,"word":"200","originalText":"200","characterOffsetBegin":474,"characterOffsetEnd":477,"pos":"CD","before":"","after":" "},{"index":29,"word":"suggested","originalText":"suggested","characterOffsetBegin":478,"characterOffsetEnd":487,"pos":"VBN","before":" ","after":" "},{"index":30,"word":"retail","originalText":"retail","characterOffsetBegin":488,"characterOffsetEnd":494,"pos":"JJ","before":" ","after":""},{"index":31,"word":">>","originalText":">>","characterOffsetBegin":494,"characterOffsetEnd":496,"pos":"CD","before":"","after":""},{"index":32,"word":"You","originalText":"You","characterOffsetBegin":496,"characterOffsetEnd":499,"pos":"PRP","before":"","after":" "},{"index":33,"word":"also","originalText":"also","characterOffsetBegin":500,"characterOffsetEnd":504,"pos":"RB","before":" ","after":" "},{"index":34,"word":"must","originalText":"must","characterOffsetBegin":505,"characterOffsetEnd":509,"pos":"MD","before":" ","after":" "},{"index":35,"word":"be","originalText":"be","characterOffsetBegin":510,"characterOffsetEnd":512,"pos":"VB","before":" ","after":" "},{"index":36,"word":"running","originalText":"running","characterOffsetBegin":513,"characterOffsetEnd":520,"pos":"VBG","before":" ","after":" "},{"index":37,"word":"a","originalText":"a","characterOffsetBegin":521,"characterOffsetEnd":522,"pos":"DT","before":" ","after":" "},{"index":38,"word":"supported","originalText":"supported","characterOffsetBegin":523,"characterOffsetEnd":532,"pos":"VBN","before":" ","after":" "},{"index":39,"word":"network","originalText":"network","characterOffsetBegin":533,"characterOffsetEnd":540,"pos":"NN","before":" ","after":" "},{"index":40,"word":"-LRB-","originalText":"(","characterOffsetBegin":541,"characterOffsetEnd":542,"pos":"-LRB-","before":" ","after":""},{"index":41,"word":"FTP","originalText":"FTP","characterOffsetBegin":542,"characterOffsetEnd":545,"pos":"NN","before":"","after":" "},{"index":42,"word":"softwares","originalText":"softwares","characterOffsetBegin":546,"characterOffsetEnd":555,"pos":"NNS","before":" ","after":" "},{"index":43,"word":"PCTCP","originalText":"PCTCP","characterOffsetBegin":556,"characterOffsetEnd":561,"pos":"NN","before":" ","after":""},{"index":44,"word":",","originalText":",","characterOffsetBegin":561,"characterOffsetEnd":562,"pos":",","before":"","after":""},{"index":45,"word":">","originalText":">","characterOffsetBegin":562,"characterOffsetEnd":563,"pos":"JJR","before":"","after":""},{"index":46,"word":"Novell","originalText":"Novell","characterOffsetBegin":563,"characterOffsetEnd":569,"pos":"NNP","before":"","after":" "},{"index":47,"word":"Lan","originalText":"Lan","characterOffsetBegin":570,"characterOffsetEnd":573,"pos":"NNP","before":" ","after":" "},{"index":48,"word":"workplace","originalText":"workplace","characterOffsetBegin":574,"characterOffsetEnd":583,"pos":"NN","before":" ","after":" "},{"index":49,"word":"for","originalText":"for","characterOffsetBegin":584,"characterOffsetEnd":587,"pos":"IN","before":" ","after":" "},{"index":50,"word":"dos","originalText":"dos","characterOffsetBegin":588,"characterOffsetEnd":591,"pos":"NNS","before":" ","after":""},{"index":51,"word":",","originalText":",","characterOffsetBegin":591,"characterOffsetEnd":592,"pos":",","before":"","after":" "},{"index":52,"word":"Sun","originalText":"Sun","characterOffsetBegin":593,"characterOffsetEnd":596,"pos":"NNP","before":" ","after":" "},{"index":53,"word":"Microsystems","originalText":"Microsystems","characterOffsetBegin":597,"characterOffsetEnd":609,"pos":"NNPS","before":" ","after":" "},{"index":54,"word":"PC-NFS","originalText":"PC-NFS","characterOffsetBegin":610,"characterOffsetEnd":616,"pos":"NNP","before":" ","after":""},{"index":55,"word":",","originalText":",","characterOffsetBegin":616,"characterOffsetEnd":617,"pos":",","before":"","after":" "},{"index":56,"word":"Beame","originalText":"Beame","characterOffsetBegin":618,"characterOffsetEnd":623,"pos":"NNP","before":" ","after":" "},{"index":57,"word":"and","originalText":"and","characterOffsetBegin":624,"characterOffsetEnd":627,"pos":"CC","before":" ","after":" "},{"index":58,"word":"WHiteside","originalText":"WHiteside","characterOffsetBegin":628,"characterOffsetEnd":637,"pos":"NNP","before":" ","after":""},{"index":59,"word":",","originalText":",","characterOffsetBegin":637,"characterOffsetEnd":638,"pos":",","before":"","after":""},{"index":60,"word":">","originalText":">","characterOffsetBegin":638,"characterOffsetEnd":639,"pos":"JJR","before":"","after":""},{"index":61,"word":"Wollongong","originalText":"Wollongong","characterOffsetBegin":639,"characterOffsetEnd":649,"pos":"JJ","before":"","after":" "},{"index":62,"word":"pathway","originalText":"pathway","characterOffsetBegin":650,"characterOffsetEnd":657,"pos":"NN","before":" ","after":" "},{"index":63,"word":"TCPIp","originalText":"TCPIp","characterOffsetBegin":658,"characterOffsetEnd":663,"pos":"NN","before":" ","after":" "},{"index":64,"word":"or","originalText":"or","characterOffsetBegin":664,"characterOffsetEnd":666,"pos":"CC","before":" ","after":" "},{"index":65,"word":"HP","originalText":"HP","characterOffsetBegin":667,"characterOffsetEnd":669,"pos":"NNP","before":" ","after":" "},{"index":66,"word":"Microsoft","originalText":"Microsoft","characterOffsetBegin":670,"characterOffsetEnd":679,"pos":"NNP","before":" ","after":" "},{"index":67,"word":"Lan","originalText":"Lan","characterOffsetBegin":680,"characterOffsetEnd":683,"pos":"NNP","before":" ","after":" "},{"index":68,"word":"Manager","originalText":"Manager","characterOffsetBegin":684,"characterOffsetEnd":691,"pos":"NNP","before":" ","after":""},{"index":69,"word":"-RRB-","originalText":")","characterOffsetBegin":691,"characterOffsetEnd":692,"pos":"-RRB-","before":"","after":""},{"index":70,"word":">>","originalText":">>","characterOffsetBegin":692,"characterOffsetEnd":694,"pos":"CD","before":"","after":""},{"index":71,"word":"if","originalText":"if","characterOffsetBegin":694,"characterOffsetEnd":696,"pos":"IN","before":"","after":" "},{"index":72,"word":"you","originalText":"you","characterOffsetBegin":697,"characterOffsetEnd":700,"pos":"PRP","before":" ","after":" "},{"index":73,"word":"do","originalText":"do","characterOffsetBegin":701,"characterOffsetEnd":703,"pos":"VBP","before":" ","after":""},{"index":74,"word":"n't","originalText":"n't","characterOffsetBegin":703,"characterOffsetEnd":706,"pos":"RB","before":"","after":" "},{"index":75,"word":"have","originalText":"have","characterOffsetBegin":707,"characterOffsetEnd":711,"pos":"VB","before":" ","after":" "},{"index":76,"word":"any","originalText":"any","characterOffsetBegin":712,"characterOffsetEnd":715,"pos":"DT","before":" ","after":" "},{"index":77,"word":"of","originalText":"of","characterOffsetBegin":716,"characterOffsetEnd":718,"pos":"IN","before":" ","after":" "},{"index":78,"word":"this","originalText":"this","characterOffsetBegin":719,"characterOffsetEnd":723,"pos":"DT","before":" ","after":" "},{"index":79,"word":"network","originalText":"network","characterOffsetBegin":724,"characterOffsetEnd":731,"pos":"NN","before":" ","after":" "},{"index":80,"word":"stuff","originalText":"stuff","characterOffsetBegin":732,"characterOffsetEnd":737,"pos":"NN","before":" ","after":""},{"index":81,"word":",","originalText":",","characterOffsetBegin":737,"characterOffsetEnd":738,"pos":",","before":"","after":" "},{"index":82,"word":"Quarterdeck","originalText":"Quarterdeck","characterOffsetBegin":739,"characterOffsetEnd":750,"pos":"NNP","before":" ","after":" "},{"index":83,"word":"will","originalText":"will","characterOffsetBegin":751,"characterOffsetEnd":755,"pos":"MD","before":" ","after":" "},{"index":84,"word":"give","originalText":"give","characterOffsetBegin":756,"characterOffsetEnd":760,"pos":"VB","before":" ","after":" "},{"index":85,"word":"you","originalText":"you","characterOffsetBegin":761,"characterOffsetEnd":764,"pos":"PRP","before":" ","after":" "},{"index":86,"word":"a","originalText":"a","characterOffsetBegin":765,"characterOffsetEnd":766,"pos":"DT","before":" ","after":""},{"index":87,"word":">","originalText":">","characterOffsetBegin":766,"characterOffsetEnd":767,"pos":"JJR","before":"","after":""},{"index":88,"word":"copy","originalText":"copy","characterOffsetBegin":767,"characterOffsetEnd":771,"pos":"NN","before":"","after":" "},{"index":89,"word":"of","originalText":"of","characterOffsetBegin":772,"characterOffsetEnd":774,"pos":"IN","before":" ","after":" "},{"index":90,"word":"Novell","originalText":"Novell","characterOffsetBegin":775,"characterOffsetEnd":781,"pos":"NNP","before":" ","after":" "},{"index":91,"word":"TCPIP","originalText":"TCPIP","characterOffsetBegin":782,"characterOffsetEnd":787,"pos":"NNP","before":" ","after":" "},{"index":92,"word":"transprot","originalText":"transprot","characterOffsetBegin":788,"characterOffsetEnd":797,"pos":"NN","before":" ","after":" "},{"index":93,"word":"for","originalText":"for","characterOffsetBegin":798,"characterOffsetEnd":801,"pos":"IN","before":" ","after":" "},{"index":94,"word":"dos","originalText":"dos","characterOffsetBegin":802,"characterOffsetEnd":805,"pos":"NNS","before":" ","after":" "},{"index":95,"word":"with","originalText":"with","characterOffsetBegin":806,"characterOffsetEnd":810,"pos":"IN","before":" ","after":" "},{"index":96,"word":"the","originalText":"the","characterOffsetBegin":811,"characterOffsetEnd":814,"pos":"DT","before":" ","after":" "},{"index":97,"word":"Network","originalText":"Network","characterOffsetBegin":815,"characterOffsetEnd":822,"pos":"NNP","before":" ","after":" "},{"index":98,"word":"manager","originalText":"manager","characterOffsetBegin":823,"characterOffsetEnd":830,"pos":"NN","before":" ","after":""},{"index":99,"word":".","originalText":".","characterOffsetBegin":830,"characterOffsetEnd":831,"pos":".","before":"","after":""}]},{"index":3,"tokens":[{"index":1,"word":">>","originalText":">>","characterOffsetBegin":831,"characterOffsetEnd":833,"pos":"RB","before":"","after":""},{"index":2,"word":"You","originalText":"You","characterOffsetBegin":833,"characterOffsetEnd":836,"pos":"PRP","before":"","after":" "},{"index":3,"word":"can","originalText":"can","characterOffsetBegin":837,"characterOffsetEnd":840,"pos":"MD","before":" ","after":" "},{"index":4,"word":"get","originalText":"get","characterOffsetBegin":841,"characterOffsetEnd":844,"pos":"VB","before":" ","after":" "},{"index":5,"word":"more","originalText":"more","characterOffsetBegin":845,"characterOffsetEnd":849,"pos":"JJR","before":" ","after":" "},{"index":6,"word":"info","originalText":"info","characterOffsetBegin":850,"characterOffsetEnd":854,"pos":"NN","before":" ","after":" "},{"index":7,"word":"by","originalText":"by","characterOffsetBegin":855,"characterOffsetEnd":857,"pos":"IN","before":" ","after":" "},{"index":8,"word":"sending","originalText":"sending","characterOffsetBegin":858,"characterOffsetEnd":865,"pos":"VBG","before":" ","after":" "},{"index":9,"word":"email","originalText":"email","characterOffsetBegin":866,"characterOffsetEnd":871,"pos":"NN","before":" ","after":" "},{"index":10,"word":"to","originalText":"to","characterOffsetBegin":872,"characterOffsetEnd":874,"pos":"TO","before":" ","after":" "},{"index":11,"word":"-LRB-","originalText":"(","characterOffsetBegin":875,"characterOffsetEnd":876,"pos":"-LRB-","before":" ","after":""},{"index":12,"word":"appropriately","originalText":"appropriately","characterOffsetBegin":876,"characterOffsetEnd":889,"pos":"RB","before":"","after":""},{"index":13,"word":"-RRB-","originalText":")","characterOffsetBegin":889,"characterOffsetEnd":890,"pos":"-RRB-","before":"","after":" "},{"index":14,"word":"info@qdeck.com","originalText":"info@qdeck.com","characterOffsetBegin":891,"characterOffsetEnd":905,"pos":"NNP","before":" ","after":""},{"index":15,"word":".","originalText":".","characterOffsetBegin":905,"characterOffsetEnd":906,"pos":".","before":"","after":""}]},{"index":4,"tokens":[{"index":1,"word":">>","originalText":">>","characterOffsetBegin":906,"characterOffsetEnd":908,"pos":"NN","before":"","after":""},{"index":2,"word":"In","originalText":"In","characterOffsetBegin":908,"characterOffsetEnd":910,"pos":"IN","before":"","after":" "},{"index":3,"word":"my","originalText":"my","characterOffsetBegin":911,"characterOffsetEnd":913,"pos":"PRP$","before":" ","after":" "},{"index":4,"word":"opinion","originalText":"opinion","characterOffsetBegin":914,"characterOffsetEnd":921,"pos":"NN","before":" ","after":""},{"index":5,"word":",","originalText":",","characterOffsetBegin":921,"characterOffsetEnd":922,"pos":",","before":"","after":" "},{"index":6,"word":"if","originalText":"if","characterOffsetBegin":923,"characterOffsetEnd":925,"pos":"IN","before":" ","after":" "},{"index":7,"word":"you","originalText":"you","characterOffsetBegin":926,"characterOffsetEnd":929,"pos":"PRP","before":" ","after":" "},{"index":8,"word":"want","originalText":"want","characterOffsetBegin":930,"characterOffsetEnd":934,"pos":"VBP","before":" ","after":" "},{"index":9,"word":"to","originalText":"to","characterOffsetBegin":935,"characterOffsetEnd":937,"pos":"TO","before":" ","after":" "},{"index":10,"word":"have","originalText":"have","characterOffsetBegin":938,"characterOffsetEnd":942,"pos":"VB","before":" ","after":" "},{"index":11,"word":"other","originalText":"other","characterOffsetBegin":943,"characterOffsetEnd":948,"pos":"JJ","before":" ","after":" "},{"index":12,"word":"people","originalText":"people","characterOffsetBegin":949,"characterOffsetEnd":955,"pos":"NNS","before":" ","after":" "},{"index":13,"word":"logging","originalText":"logging","characterOffsetBegin":956,"characterOffsetEnd":963,"pos":"VBG","before":" ","after":" "},{"index":14,"word":"in","originalText":"in","characterOffsetBegin":964,"characterOffsetEnd":966,"pos":"IN","before":" ","after":" "},{"index":15,"word":"and","originalText":"and","characterOffsetBegin":967,"characterOffsetEnd":970,"pos":"CC","before":" ","after":" "},{"index":16,"word":"running","originalText":"running","characterOffsetBegin":971,"characterOffsetEnd":978,"pos":"VBG","before":" ","after":""},{"index":17,"word":">","originalText":">","characterOffsetBegin":978,"characterOffsetEnd":979,"pos":"JJR","before":"","after":""},{"index":18,"word":"applications","originalText":"applications","characterOffsetBegin":979,"characterOffsetEnd":991,"pos":"NNS","before":"","after":" "},{"index":19,"word":"at","originalText":"at","characterOffsetBegin":992,"characterOffsetEnd":994,"pos":"IN","before":" ","after":" "},{"index":20,"word":"your","originalText":"your","characterOffsetBegin":995,"characterOffsetEnd":999,"pos":"PRP$","before":" ","after":" "},{"index":21,"word":"pc","originalText":"pc","characterOffsetBegin":1000,"characterOffsetEnd":1002,"pos":"NN","before":" ","after":""},{"index":22,"word":",","originalText":",","characterOffsetBegin":1002,"characterOffsetEnd":1003,"pos":",","before":"","after":" "},{"index":23,"word":"you","originalText":"you","characterOffsetBegin":1004,"characterOffsetEnd":1007,"pos":"PRP","before":" ","after":""},{"index":24,"word":"'ll","originalText":"'ll","characterOffsetBegin":1007,"characterOffsetEnd":1010,"pos":"MD","before":"","after":" "},{"index":25,"word":"want","originalText":"want","characterOffsetBegin":1011,"characterOffsetEnd":1015,"pos":"VB","before":" ","after":" "},{"index":26,"word":"to","originalText":"to","characterOffsetBegin":1016,"characterOffsetEnd":1018,"pos":"TO","before":" ","after":" "},{"index":27,"word":"have","originalText":"have","characterOffsetBegin":1019,"characterOffsetEnd":1023,"pos":"VB","before":" ","after":" "},{"index":28,"word":"a","originalText":"a","characterOffsetBegin":1024,"characterOffsetEnd":1025,"pos":"DT","before":" ","after":" "},{"index":29,"word":"486","originalText":"486","characterOffsetBegin":1026,"characterOffsetEnd":1029,"pos":"CD","before":" ","after":" "},{"index":30,"word":"33","originalText":"33","characterOffsetBegin":1030,"characterOffsetEnd":1032,"pos":"CD","before":" ","after":" "},{"index":31,"word":"with","originalText":"with","characterOffsetBegin":1033,"characterOffsetEnd":1037,"pos":"IN","before":" ","after":" "},{"index":32,"word":"16","originalText":"16","characterOffsetBegin":1038,"characterOffsetEnd":1040,"pos":"CD","before":" ","after":" "},{"index":33,"word":"Megs","originalText":"Megs","characterOffsetBegin":1041,"characterOffsetEnd":1045,"pos":"NNS","before":" ","after":" "},{"index":34,"word":"of","originalText":"of","characterOffsetBegin":1046,"characterOffsetEnd":1048,"pos":"IN","before":" ","after":" "},{"index":35,"word":"RAM","originalText":"RAM","characterOffsetBegin":1049,"characterOffsetEnd":1052,"pos":"NNP","before":" ","after":""},{"index":36,"word":".","originalText":".","characterOffsetBegin":1052,"characterOffsetEnd":1053,"pos":".","before":"","after":""},{"index":37,"word":">","originalText":">","characterOffsetBegin":1053,"characterOffsetEnd":1054,"pos":"JJR","before":"","after":""}]},{"index":5,"tokens":[{"index":1,"word":"Also","originalText":"Also","characterOffsetBegin":1054,"characterOffsetEnd":1058,"pos":"RB","before":"","after":""},{"index":2,"word":",","originalText":",","characterOffsetBegin":1058,"characterOffsetEnd":1059,"pos":",","before":"","after":" "},{"index":3,"word":"the","originalText":"the","characterOffsetBegin":1060,"characterOffsetEnd":1063,"pos":"DT","before":" ","after":" "},{"index":4,"word":"Xwindows","originalText":"Xwindows","characterOffsetBegin":1064,"characterOffsetEnd":1072,"pos":"NNP","before":" ","after":" "},{"index":5,"word":"software","originalText":"software","characterOffsetBegin":1073,"characterOffsetEnd":1081,"pos":"NN","before":" ","after":" "},{"index":6,"word":"in","originalText":"in","characterOffsetBegin":1082,"characterOffsetEnd":1084,"pos":"IN","before":" ","after":" "},{"index":7,"word":"DESQviewX","originalText":"DESQviewX","characterOffsetBegin":1085,"characterOffsetEnd":1094,"pos":"NNP","before":" ","after":" "},{"index":8,"word":"really","originalText":"really","characterOffsetBegin":1095,"characterOffsetEnd":1101,"pos":"RB","before":" ","after":" "},{"index":9,"word":"seems","originalText":"seems","characterOffsetBegin":1102,"characterOffsetEnd":1107,"pos":"VBZ","before":" ","after":" "},{"index":10,"word":"to","originalText":"to","characterOffsetBegin":1108,"characterOffsetEnd":1110,"pos":"TO","before":" ","after":" "},{"index":11,"word":"like","originalText":"like","characterOffsetBegin":1111,"characterOffsetEnd":1115,"pos":"VB","before":" ","after":" "},{"index":12,"word":"an","originalText":"an","characterOffsetBegin":1116,"characterOffsetEnd":1118,"pos":"DT","before":" ","after":" "},{"index":13,"word":"ET","originalText":"ET","characterOffsetBegin":1119,"characterOffsetEnd":1121,"pos":"NNP","before":" ","after":" "},{"index":14,"word":"4000","originalText":"4000","characterOffsetBegin":1122,"characterOffsetEnd":1126,"pos":"CD","before":" ","after":""},{"index":15,"word":">","originalText":">","characterOffsetBegin":1126,"characterOffsetEnd":1127,"pos":"JJR","before":"","after":""},{"index":16,"word":"-LRB-","originalText":"(","characterOffsetBegin":1127,"characterOffsetEnd":1128,"pos":"-LRB-","before":"","after":""},{"index":17,"word":"TSENG","originalText":"TSENG","characterOffsetBegin":1128,"characterOffsetEnd":1133,"pos":"NNP","before":"","after":" "},{"index":18,"word":"Labs","originalText":"Labs","characterOffsetBegin":1134,"characterOffsetEnd":1138,"pos":"NNPS","before":" ","after":" "},{"index":19,"word":"chipset","originalText":"chipset","characterOffsetBegin":1139,"characterOffsetEnd":1146,"pos":"NN","before":" ","after":""},{"index":20,"word":"-RRB-","originalText":")","characterOffsetBegin":1146,"characterOffsetEnd":1147,"pos":"-RRB-","before":"","after":" "},{"index":21,"word":"based","originalText":"based","characterOffsetBegin":1148,"characterOffsetEnd":1153,"pos":"VBN","before":" ","after":" "},{"index":22,"word":"graphics","originalText":"graphics","characterOffsetBegin":1154,"characterOffsetEnd":1162,"pos":"NNS","before":" ","after":" "},{"index":23,"word":"card","originalText":"card","characterOffsetBegin":1163,"characterOffsetEnd":1167,"pos":"NN","before":" ","after":""},{"index":24,"word":".","originalText":".","characterOffsetBegin":1167,"characterOffsetEnd":1168,"pos":".","before":"","after":" "}]},{"index":6,"tokens":[{"index":1,"word":"Personally","originalText":"Personally","characterOffsetBegin":1169,"characterOffsetEnd":1179,"pos":"RB","before":" ","after":""},{"index":2,"word":",","originalText":",","characterOffsetBegin":1179,"characterOffsetEnd":1180,"pos":",","before":"","after":" "},{"index":3,"word":"I","originalText":"I","characterOffsetBegin":1181,"characterOffsetEnd":1182,"pos":"PRP","before":" ","after":" "},{"index":4,"word":"found","originalText":"found","characterOffsetBegin":1183,"characterOffsetEnd":1188,"pos":"VBD","before":" ","after":" "},{"index":5,"word":"that","originalText":"that","characterOffsetBegin":1189,"characterOffsetEnd":1193,"pos":"IN","before":" ","after":" "},{"index":6,"word":"things","originalText":"things","characterOffsetBegin":1194,"characterOffsetEnd":1200,"pos":"NNS","before":" ","after":""},{"index":7,"word":">","originalText":">","characterOffsetBegin":1200,"characterOffsetEnd":1201,"pos":"JJR","before":"","after":""},{"index":8,"word":"ran","originalText":"ran","characterOffsetBegin":1201,"characterOffsetEnd":1204,"pos":"VBD","before":"","after":" "},{"index":9,"word":"better","originalText":"better","characterOffsetBegin":1205,"characterOffsetEnd":1211,"pos":"RB","before":" ","after":" "},{"index":10,"word":"with","originalText":"with","characterOffsetBegin":1212,"characterOffsetEnd":1216,"pos":"IN","before":" ","after":" "},{"index":11,"word":"a","originalText":"a","characterOffsetBegin":1217,"characterOffsetEnd":1218,"pos":"DT","before":" ","after":" "},{"index":12,"word":"SCSI","originalText":"SCSI","characterOffsetBegin":1219,"characterOffsetEnd":1223,"pos":"NN","before":" ","after":" "},{"index":13,"word":"drive","originalText":"drive","characterOffsetBegin":1224,"characterOffsetEnd":1229,"pos":"NN","before":" ","after":" "},{"index":14,"word":"in","originalText":"in","characterOffsetBegin":1230,"characterOffsetEnd":1232,"pos":"IN","before":" ","after":" "},{"index":15,"word":"the","originalText":"the","characterOffsetBegin":1233,"characterOffsetEnd":1236,"pos":"DT","before":" ","after":" "},{"index":16,"word":"pc","originalText":"pc","characterOffsetBegin":1237,"characterOffsetEnd":1239,"pos":"NN","before":" ","after":" "},{"index":17,"word":"than","originalText":"than","characterOffsetBegin":1240,"characterOffsetEnd":1244,"pos":"IN","before":" ","after":" "},{"index":18,"word":"with","originalText":"with","characterOffsetBegin":1245,"characterOffsetEnd":1249,"pos":"IN","before":" ","after":" "},{"index":19,"word":"ESDI","originalText":"ESDI","characterOffsetBegin":1250,"characterOffsetEnd":1254,"pos":"NN","before":" ","after":" "},{"index":20,"word":"drives","originalText":"drives","characterOffsetBegin":1255,"characterOffsetEnd":1261,"pos":"NNS","before":" ","after":""},{"index":21,"word":",","originalText":",","characterOffsetBegin":1261,"characterOffsetEnd":1262,"pos":",","before":"","after":" "},{"index":22,"word":"but","originalText":"but","characterOffsetBegin":1263,"characterOffsetEnd":1266,"pos":"CC","before":" ","after":" "},{"index":23,"word":"that","originalText":"that","characterOffsetBegin":1267,"characterOffsetEnd":1271,"pos":"DT","before":" ","after":" "},{"index":24,"word":"is","originalText":"is","characterOffsetBegin":1272,"characterOffsetEnd":1274,"pos":"VBZ","before":" ","after":""},{"index":25,"word":">","originalText":">","characterOffsetBegin":1274,"characterOffsetEnd":1275,"pos":"JJR","before":"","after":""},{"index":26,"word":"my","originalText":"my","characterOffsetBegin":1275,"characterOffsetEnd":1277,"pos":"PRP$","before":"","after":" "},{"index":27,"word":"experience","originalText":"experience","characterOffsetBegin":1278,"characterOffsetEnd":1288,"pos":"NN","before":" ","after":" "},{"index":28,"word":"only","originalText":"only","characterOffsetBegin":1289,"characterOffsetEnd":1293,"pos":"RB","before":" ","after":""},{"index":29,"word":">>","originalText":">>","characterOffsetBegin":1293,"characterOffsetEnd":1295,"pos":"RB","before":"","after":"                                "},{"index":30,"word":"Good","originalText":"Good","characterOffsetBegin":1327,"characterOffsetEnd":1331,"pos":"JJ","before":"                                ","after":" "},{"index":31,"word":"Luck","originalText":"Luck","characterOffsetBegin":1332,"characterOffsetEnd":1336,"pos":"NNP","before":" ","after":" "},{"index":32,"word":"and","originalText":"and","characterOffsetBegin":1337,"characterOffsetEnd":1340,"pos":"CC","before":" ","after":" "},{"index":33,"word":"Best","originalText":"Best","characterOffsetBegin":1341,"characterOffsetEnd":1345,"pos":"JJS","before":" ","after":" "},{"index":34,"word":"Wishes","originalText":"Wishes","characterOffsetBegin":1346,"characterOffsetEnd":1352,"pos":"VBZ","before":" ","after":""},{"index":35,"word":">","originalText":">","characterOffsetBegin":1352,"characterOffsetEnd":1353,"pos":"JJR","before":"","after":"                                                "},{"index":36,"word":"PhilWhat","originalText":"PhilWhat","characterOffsetBegin":1401,"characterOffsetEnd":1409,"pos":"NN","before":"                                                ","after":" "},{"index":37,"word":"sort","originalText":"sort","characterOffsetBegin":1410,"characterOffsetEnd":1414,"pos":"NN","before":" ","after":" "},{"index":38,"word":"of","originalText":"of","characterOffsetBegin":1415,"characterOffsetEnd":1417,"pos":"IN","before":" ","after":" "},{"index":39,"word":"traffic","originalText":"traffic","characterOffsetBegin":1418,"characterOffsetEnd":1425,"pos":"NN","before":" ","after":" "},{"index":40,"word":"is","originalText":"is","characterOffsetBegin":1426,"characterOffsetEnd":1428,"pos":"VBZ","before":" ","after":" "},{"index":41,"word":"generated","originalText":"generated","characterOffsetBegin":1429,"characterOffsetEnd":1438,"pos":"VBN","before":" ","after":" "},{"index":42,"word":"with","originalText":"with","characterOffsetBegin":1439,"characterOffsetEnd":1443,"pos":"IN","before":" ","after":" "},{"index":43,"word":"the","originalText":"the","characterOffsetBegin":1444,"characterOffsetEnd":1447,"pos":"DT","before":" ","after":" "},{"index":44,"word":"X-calls","originalText":"X-calls","characterOffsetBegin":1448,"characterOffsetEnd":1455,"pos":"NNS","before":" ","after":""},{"index":45,"word":"?","originalText":"?","characterOffsetBegin":1455,"characterOffsetEnd":1456,"pos":".","before":"","after":"  "}]},{"index":7,"tokens":[{"index":1,"word":"I","originalText":"I","characterOffsetBegin":1458,"characterOffsetEnd":1459,"pos":"PRP","before":"  ","after":" "},{"index":2,"word":"am","originalText":"am","characterOffsetBegin":1460,"characterOffsetEnd":1462,"pos":"VBP","before":" ","after":" "},{"index":3,"word":"curious","originalText":"curious","characterOffsetBegin":1463,"characterOffsetEnd":1470,"pos":"JJ","before":" ","after":" "},{"index":4,"word":"to","originalText":"to","characterOffsetBegin":1471,"characterOffsetEnd":1473,"pos":"TO","before":" ","after":" "},{"index":5,"word":"findout","originalText":"findout","characterOffsetBegin":1474,"characterOffsetEnd":1481,"pos":"VB","before":" ","after":" "},{"index":6,"word":"the","originalText":"the","characterOffsetBegin":1482,"characterOffsetEnd":1485,"pos":"DT","before":" ","after":" "},{"index":7,"word":"required","originalText":"required","characterOffsetBegin":1486,"characterOffsetEnd":1494,"pos":"VBN","before":" ","after":" "},{"index":8,"word":"bandwidth","originalText":"bandwidth","characterOffsetBegin":1495,"characterOffsetEnd":1504,"pos":"NN","before":" ","after":" "},{"index":9,"word":"that","originalText":"that","characterOffsetBegin":1505,"characterOffsetEnd":1509,"pos":"IN","before":" ","after":" "},{"index":10,"word":"a","originalText":"a","characterOffsetBegin":1510,"characterOffsetEnd":1511,"pos":"DT","before":" ","after":" "},{"index":11,"word":"link","originalText":"link","characterOffsetBegin":1512,"characterOffsetEnd":1516,"pos":"NN","before":" ","after":" "},{"index":12,"word":"must","originalText":"must","characterOffsetBegin":1517,"characterOffsetEnd":1521,"pos":"MD","before":" ","after":" "},{"index":13,"word":"have","originalText":"have","characterOffsetBegin":1522,"characterOffsetEnd":1526,"pos":"VB","before":" ","after":"  "},{"index":14,"word":"if","originalText":"if","characterOffsetBegin":1528,"characterOffsetEnd":1530,"pos":"IN","before":"  ","after":" "},{"index":15,"word":"one","originalText":"one","characterOffsetBegin":1531,"characterOffsetEnd":1534,"pos":"CD","before":" ","after":" "},{"index":16,"word":"machine","originalText":"machine","characterOffsetBegin":1535,"characterOffsetEnd":1542,"pos":"NN","before":" ","after":" "},{"index":17,"word":"runningDV/X","originalText":"runningDV/X","characterOffsetBegin":1543,"characterOffsetEnd":1554,"pos":"NN","before":" ","after":" "},{"index":18,"word":"is","originalText":"is","characterOffsetBegin":1555,"characterOffsetEnd":1557,"pos":"VBZ","before":" ","after":" "},{"index":19,"word":"supporting","originalText":"supporting","characterOffsetBegin":1558,"characterOffsetEnd":1568,"pos":"VBG","before":" ","after":" "},{"index":20,"word":"multiple","originalText":"multiple","characterOffsetBegin":1569,"characterOffsetEnd":1577,"pos":"JJ","before":" ","after":" "},{"index":21,"word":"users","originalText":"users","characterOffsetBegin":1578,"characterOffsetEnd":1583,"pos":"NNS","before":" ","after":" "},{"index":22,"word":"-LRB-","originalText":"(","characterOffsetBegin":1584,"characterOffsetEnd":1585,"pos":"-LRB-","before":" ","after":""},{"index":23,"word":"clients","originalText":"clients","characterOffsetBegin":1585,"characterOffsetEnd":1592,"pos":"NNS","before":"","after":""},{"index":24,"word":"-RRB-","originalText":")","characterOffsetBegin":1592,"characterOffsetEnd":1593,"pos":"-RRB-","before":"","after":" "},{"index":25,"word":"and","originalText":"and","characterOffsetBegin":1594,"characterOffsetEnd":1597,"pos":"CC","before":" ","after":" "},{"index":26,"word":"we","originalText":"we","characterOffsetBegin":1598,"characterOffsetEnd":1600,"pos":"PRP","before":" ","after":" "},{"index":27,"word":"require","originalText":"require","characterOffsetBegin":1601,"characterOffsetEnd":1608,"pos":"VBP","before":" ","after":" "},{"index":28,"word":"adequate","originalText":"adequate","characterOffsetBegin":1609,"characterOffsetEnd":1617,"pos":"JJ","before":" ","after":" "},{"index":29,"word":"responsetime","originalText":"responsetime","characterOffsetBegin":1618,"characterOffsetEnd":1630,"pos":"NN","before":" ","after":""},{"index":30,"word":".","originalText":".","characterOffsetBegin":1630,"characterOffsetEnd":1631,"pos":".","before":"","after":"  "}]},{"index":8,"tokens":[{"index":1,"word":"Anyone","originalText":"Anyone","characterOffsetBegin":1633,"characterOffsetEnd":1639,"pos":"NN","before":"  ","after":" "},{"index":2,"word":"have","originalText":"have","characterOffsetBegin":1640,"characterOffsetEnd":1644,"pos":"VBP","before":" ","after":" "},{"index":3,"word":"any","originalText":"any","characterOffsetBegin":1645,"characterOffsetEnd":1648,"pos":"DT","before":" ","after":" "},{"index":4,"word":"ideas","originalText":"ideas","characterOffsetBegin":1649,"characterOffsetEnd":1654,"pos":"NNS","before":" ","after":" "},{"index":5,"word":"??","originalText":"??","characterOffsetBegin":1655,"characterOffsetEnd":1657,"pos":"VBP","before":" ","after":"  "}]},{"index":9,"tokens":[{"index":1,"word":"--","originalText":"---","characterOffsetBegin":1659,"characterOffsetEnd":1662,"pos":":","before":"  ","after":""},{"index":2,"word":"__","originalText":"__","characterOffsetBegin":1662,"characterOffsetEnd":1664,"pos":"CD","before":"","after":""},{"index":3,"word":"/","originalText":"/","characterOffsetBegin":1664,"characterOffsetEnd":1665,"pos":":","before":"","after":" "},{"index":4,"word":"__","originalText":"__","characterOffsetBegin":1666,"characterOffsetEnd":1668,"pos":"CD","before":" ","after":""},{"index":5,"word":"/","originalText":"/","characterOffsetBegin":1668,"characterOffsetEnd":1669,"pos":":","before":"","after":" "},{"index":6,"word":"George","originalText":"George","characterOffsetBegin":1670,"characterOffsetEnd":1676,"pos":"NNP","before":" ","after":" "},{"index":7,"word":"Patapis","originalText":"Patapis","characterOffsetBegin":1677,"characterOffsetEnd":1684,"pos":"NNP","before":" ","after":" "},{"index":8,"word":"---------------------","originalText":"---------------------","characterOffsetBegin":1685,"characterOffsetEnd":1706,"pos":"CD","before":" ","after":""},{"index":9,"word":"PAN","originalText":"PAN","characterOffsetBegin":1706,"characterOffsetEnd":1709,"pos":"NNP","before":"","after":" "},{"index":10,"word":"METRON","originalText":"METRON","characterOffsetBegin":1710,"characterOffsetEnd":1716,"pos":"NNP","before":" ","after":" "},{"index":11,"word":"ARISTON","originalText":"ARISTON","characterOffsetBegin":1717,"characterOffsetEnd":1724,"pos":"NNP","before":" ","after":""},{"index":12,"word":"----------","originalText":"----------","characterOffsetBegin":1724,"characterOffsetEnd":1734,"pos":"CD","before":"","after":" "},{"index":13,"word":"__","originalText":"__","characterOffsetBegin":1735,"characterOffsetEnd":1737,"pos":"CD","before":" ","after":""},{"index":14,"word":"/","originalText":"/","characterOffsetBegin":1737,"characterOffsetEnd":1738,"pos":":","before":"","after":" "},{"index":15,"word":"__","originalText":"__","characterOffsetBegin":1739,"characterOffsetEnd":1741,"pos":"CD","before":" ","after":""},{"index":16,"word":"/","originalText":"/","characterOffsetBegin":1741,"characterOffsetEnd":1742,"pos":":","before":"","after":""},{"index":17,"word":"__","originalText":"__","characterOffsetBegin":1742,"characterOffsetEnd":1744,"pos":"CD","before":"","after":""},{"index":18,"word":"/","originalText":"/","characterOffsetBegin":1744,"characterOffsetEnd":1745,"pos":":","before":"","after":" "},{"index":19,"word":"__","originalText":"__","characterOffsetBegin":1746,"characterOffsetEnd":1748,"pos":"CD","before":" ","after":""},{"index":20,"word":"/","originalText":"/","characterOffsetBegin":1748,"characterOffsetEnd":1749,"pos":":","before":"","after":" "},{"index":21,"word":"C.S.S.C","originalText":"C.S.S.C","characterOffsetBegin":1750,"characterOffsetEnd":1757,"pos":"NNP","before":" ","after":" "},{"index":22,"word":"Lane","originalText":"Lane","characterOffsetBegin":1758,"characterOffsetEnd":1762,"pos":"NNP","before":" ","after":" "},{"index":23,"word":"Cove-----------email:gpatapis@cssc-syd.tansu.com.au","originalText":"Cove-----------email:gpatapis@cssc-syd.tansu.com.au","characterOffsetBegin":1763,"characterOffsetEnd":1814,"pos":"NNP","before":" ","after":" "},{"index":24,"word":"__","originalText":"__","characterOffsetBegin":1815,"characterOffsetEnd":1817,"pos":"CD","before":" ","after":""},{"index":25,"word":"/","originalText":"/","characterOffsetBegin":1817,"characterOffsetEnd":1818,"pos":":","before":"","after":" "},{"index":26,"word":"__","originalText":"__","characterOffsetBegin":1819,"characterOffsetEnd":1821,"pos":"CD","before":" ","after":""},{"index":27,"word":"/","originalText":"/","characterOffsetBegin":1821,"characterOffsetEnd":1822,"pos":":","before":"","after":""},{"index":28,"word":"__","originalText":"__","characterOffsetBegin":1822,"characterOffsetEnd":1824,"pos":"CD","before":"","after":""},{"index":29,"word":"/","originalText":"/","characterOffsetBegin":1824,"characterOffsetEnd":1825,"pos":":","before":"","after":" "},{"index":30,"word":"__","originalText":"__","characterOffsetBegin":1826,"characterOffsetEnd":1828,"pos":"CD","before":" ","after":""},{"index":31,"word":"/","originalText":"/","characterOffsetBegin":1828,"characterOffsetEnd":1829,"pos":":","before":"","after":" "},{"index":32,"word":"P.O.Box","originalText":"P.O.Box","characterOffsetBegin":1830,"characterOffsetEnd":1837,"pos":"NN","before":" ","after":" "},{"index":33,"word":"A792","originalText":"A792","characterOffsetBegin":1838,"characterOffsetEnd":1842,"pos":"NN","before":" ","after":" "},{"index":34,"word":"Sydney","originalText":"Sydney","characterOffsetBegin":1843,"characterOffsetEnd":1849,"pos":"NNP","before":" ","after":" "},{"index":35,"word":"South","originalText":"South","characterOffsetBegin":1850,"characterOffsetEnd":1855,"pos":"NNP","before":" ","after":" "},{"index":36,"word":"--","originalText":"--","characterOffsetBegin":1856,"characterOffsetEnd":1858,"pos":":","before":" ","after":""},{"index":37,"word":"fax","originalText":"fax","characterOffsetBegin":1858,"characterOffsetEnd":1861,"pos":"NN","before":"","after":"  "},{"index":38,"word":":","originalText":":","characterOffsetBegin":1863,"characterOffsetEnd":1864,"pos":":","before":"  ","after":""},{"index":39,"word":"-LRB-","originalText":"(","characterOffsetBegin":1864,"characterOffsetEnd":1865,"pos":"-LRB-","before":"","after":""},{"index":40,"word":"02","originalText":"02","characterOffsetBegin":1865,"characterOffsetEnd":1867,"pos":"NN","before":"","after":""},{"index":41,"word":"-RRB-","originalText":")","characterOffsetBegin":1867,"characterOffsetEnd":1868,"pos":"-RRB-","before":"","after":" "},{"index":42,"word":"911","originalText":"911","characterOffsetBegin":1869,"characterOffsetEnd":1872,"pos":"CD","before":" ","after":" "},{"index":43,"word":"3","originalText":"3","characterOffsetBegin":1873,"characterOffsetEnd":1874,"pos":"CD","before":" ","after":" "},{"index":44,"word":"199","originalText":"199","characterOffsetBegin":1875,"characterOffsetEnd":1878,"pos":"CD","before":" ","after":""},{"index":45,"word":"----------------","originalText":"----------------","characterOffsetBegin":1878,"characterOffsetEnd":1894,"pos":"CD","before":"","after":" "},{"index":46,"word":"__","originalText":"__","characterOffsetBegin":1895,"characterOffsetEnd":1897,"pos":"CD","before":" ","after":""},{"index":47,"word":"/","originalText":"/","characterOffsetBegin":1897,"characterOffsetEnd":1898,"pos":":","before":"","after":" "},{"index":48,"word":"__","originalText":"__","characterOffsetBegin":1899,"characterOffsetEnd":1901,"pos":"CD","before":" ","after":""},{"index":49,"word":"/","originalText":"/","characterOffsetBegin":1901,"characterOffsetEnd":1902,"pos":":","before":"","after":""},{"index":50,"word":"__","originalText":"__","characterOffsetBegin":1902,"characterOffsetEnd":1904,"pos":"CD","before":"","after":""},{"index":51,"word":"/","originalText":"/","characterOffsetBegin":1904,"characterOffsetEnd":1905,"pos":":","before":"","after":" "},{"index":52,"word":"__","originalText":"__","characterOffsetBegin":1906,"characterOffsetEnd":1908,"pos":"CD","before":" ","after":""},{"index":53,"word":"/","originalText":"/","characterOffsetBegin":1908,"characterOffsetEnd":1909,"pos":":","before":"","after":" "},{"index":54,"word":"NSW","originalText":"NSW","characterOffsetBegin":1910,"characterOffsetEnd":1913,"pos":"NNP","before":" ","after":""},{"index":55,"word":",","originalText":",","characterOffsetBegin":1913,"characterOffsetEnd":1914,"pos":",","before":"","after":" "},{"index":56,"word":"2000","originalText":"2000","characterOffsetBegin":1915,"characterOffsetEnd":1919,"pos":"CD","before":" ","after":""},{"index":57,"word":",","originalText":",","characterOffsetBegin":1919,"characterOffsetEnd":1920,"pos":",","before":"","after":" "},{"index":58,"word":"Australia","originalText":"Australia","characterOffsetBegin":1921,"characterOffsetEnd":1930,"pos":"NNP","before":" ","after":""},{"index":59,"word":".","originalText":".","characterOffsetBegin":1930,"characterOffsetEnd":1931,"pos":".","before":"","after":""}]},{"index":10,"tokens":[{"index":1,"word":"-------","originalText":"-------","characterOffsetBegin":1931,"characterOffsetEnd":1938,"pos":"JJ","before":"","after":""},{"index":2,"word":"voice","originalText":"voice","characterOffsetBegin":1938,"characterOffsetEnd":1943,"pos":"NN","before":"","after":""},{"index":3,"word":":","originalText":":","characterOffsetBegin":1943,"characterOffsetEnd":1944,"pos":":","before":"","after":""},{"index":4,"word":"-LRB-","originalText":"(","characterOffsetBegin":1944,"characterOffsetEnd":1945,"pos":"-LRB-","before":"","after":""},{"index":5,"word":"02","originalText":"02","characterOffsetBegin":1945,"characterOffsetEnd":1947,"pos":"NN","before":"","after":""},{"index":6,"word":"-RRB-","originalText":")","characterOffsetBegin":1947,"characterOffsetEnd":1948,"pos":"-RRB-","before":"","after":" "},{"index":7,"word":"911","originalText":"911","characterOffsetBegin":1949,"characterOffsetEnd":1952,"pos":"CD","before":" ","after":" "},{"index":8,"word":"3","originalText":"3","characterOffsetBegin":1953,"characterOffsetEnd":1954,"pos":"CD","before":" ","after":" "},{"index":9,"word":"121","originalText":"121","characterOffsetBegin":1955,"characterOffsetEnd":1958,"pos":"CD","before":" ","after":""},{"index":10,"word":"----------------","originalText":"----------------","characterOffsetBegin":1958,"characterOffsetEnd":1974,"pos":"CD","before":"","after":" "},{"index":11,"word":"__","originalText":"__","characterOffsetBegin":1975,"characterOffsetEnd":1977,"pos":"CD","before":" ","after":""},{"index":12,"word":"/","originalText":"/","characterOffsetBegin":1977,"characterOffsetEnd":1978,"pos":":","before":"","after":" "},{"index":13,"word":"__","originalText":"__","characterOffsetBegin":1979,"characterOffsetEnd":1981,"pos":"CD","before":" ","after":""},{"index":14,"word":"/","originalText":"/","characterOffsetBegin":1981,"characterOffsetEnd":1982,"pos":":","before":"","after":""}]}]}