{"sentences":[{"index":0,"tokens":[{"index":1,"word":"From","originalText":"From","characterOffsetBegin":0,"characterOffsetEnd":4,"pos":"IN","before":"","after":""},{"index":2,"word":":","originalText":":","characterOffsetBegin":4,"characterOffsetEnd":5,"pos":":","before":"","after":" "},{"index":3,"word":"smikes@topgun","originalText":"smikes@topgun","characterOffsetBegin":6,"characterOffsetEnd":19,"pos":"NN","before":" ","after":" "},{"index":4,"word":"-LRB-","originalText":"(","characterOffsetBegin":20,"characterOffsetEnd":21,"pos":"-LRB-","before":" ","after":""},{"index":5,"word":"Steven","originalText":"Steven","characterOffsetBegin":21,"characterOffsetEnd":27,"pos":"NNP","before":"","after":" "},{"index":6,"word":"Mikes","originalText":"Mikes","characterOffsetBegin":28,"characterOffsetEnd":33,"pos":"NNP","before":" ","after":""},{"index":7,"word":"-RRB-","originalText":")","characterOffsetBegin":33,"characterOffsetEnd":34,"pos":"-RRB-","before":"","after":""},{"index":8,"word":"Subject","originalText":"Subject","characterOffsetBegin":34,"characterOffsetEnd":41,"pos":"NNP","before":"","after":""},{"index":9,"word":":","originalText":":","characterOffsetBegin":41,"characterOffsetEnd":42,"pos":":","before":"","after":" "},{"index":10,"word":"Re","originalText":"Re","characterOffsetBegin":43,"characterOffsetEnd":45,"pos":"NNP","before":" ","after":""},{"index":11,"word":":","originalText":":","characterOffsetBegin":45,"characterOffsetEnd":46,"pos":":","before":"","after":" "},{"index":12,"word":"Xlib","originalText":"Xlib","characterOffsetBegin":47,"characterOffsetEnd":51,"pos":"NNP","before":" ","after":" "},{"index":13,"word":"for","originalText":"for","characterOffsetBegin":52,"characterOffsetEnd":55,"pos":"IN","before":" ","after":" "},{"index":14,"word":"MS/WINDOWS","originalText":"MS/WINDOWS","characterOffsetBegin":56,"characterOffsetEnd":66,"pos":"NNP","before":" ","after":" "},{"index":15,"word":"not","originalText":"not","characterOffsetBegin":67,"characterOffsetEnd":70,"pos":"RB","before":" ","after":" "},{"index":16,"word":"an","originalText":"an","characterOffsetBegin":71,"characterOffsetEnd":73,"pos":"DT","before":" ","after":" "},{"index":17,"word":"XSERVER","originalText":"XSERVER","characterOffsetBegin":74,"characterOffsetEnd":81,"pos":"NN","before":" ","after":""},{"index":18,"word":"!!!","originalText":"!!!","characterOffsetBegin":81,"characterOffsetEnd":84,"pos":"CD","before":"","after":""}]},{"index":1,"tokens":[{"index":1,"word":"Another","originalText":"Another","characterOffsetBegin":84,"characterOffsetEnd":91,"pos":"DT","before":"","after":" "},{"index":2,"word":"company","originalText":"company","characterOffsetBegin":92,"characterOffsetEnd":99,"pos":"NN","before":" ","after":""},{"index":3,"word":",","originalText":",","characterOffsetBegin":99,"characterOffsetEnd":100,"pos":",","before":"","after":" "},{"index":4,"word":"Congruent","originalText":"Congruent","characterOffsetBegin":101,"characterOffsetEnd":110,"pos":"NNP","before":" ","after":" "},{"index":5,"word":"Corporation","originalText":"Corporation","characterOffsetBegin":111,"characterOffsetEnd":122,"pos":"NNP","before":" ","after":" "},{"index":6,"word":"of","originalText":"of","characterOffsetBegin":123,"characterOffsetEnd":125,"pos":"IN","before":" ","after":" "},{"index":7,"word":"New","originalText":"New","characterOffsetBegin":126,"characterOffsetEnd":129,"pos":"NNP","before":" ","after":" "},{"index":8,"word":"York","originalText":"York","characterOffsetBegin":130,"characterOffsetEnd":134,"pos":"NNP","before":" ","after":" "},{"index":9,"word":"City","originalText":"City","characterOffsetBegin":135,"characterOffsetEnd":139,"pos":"NNP","before":" ","after":""},{"index":10,"word":",","originalText":",","characterOffsetBegin":139,"characterOffsetEnd":140,"pos":",","before":"","after":" "},{"index":11,"word":"has","originalText":"has","characterOffsetBegin":141,"characterOffsetEnd":144,"pos":"VBZ","before":" ","after":" "},{"index":12,"word":"also","originalText":"also","characterOffsetBegin":145,"characterOffsetEnd":149,"pos":"RB","before":" ","after":" "},{"index":13,"word":"ported","originalText":"ported","characterOffsetBegin":150,"characterOffsetEnd":156,"pos":"VBN","before":" ","after":" "},{"index":14,"word":"XlibXt","originalText":"XlibXt","characterOffsetBegin":157,"characterOffsetEnd":163,"pos":"NN","before":" ","after":" "},{"index":15,"word":"and","originalText":"and","characterOffsetBegin":164,"characterOffsetEnd":167,"pos":"CC","before":" ","after":" "},{"index":16,"word":"Motif","originalText":"Motif","characterOffsetBegin":168,"characterOffsetEnd":173,"pos":"NN","before":" ","after":" "},{"index":17,"word":"1.1","originalText":"1.1","characterOffsetBegin":174,"characterOffsetEnd":177,"pos":"CD","before":" ","after":" "},{"index":18,"word":"over","originalText":"over","characterOffsetBegin":178,"characterOffsetEnd":182,"pos":"IN","before":" ","after":" "},{"index":19,"word":"to","originalText":"to","characterOffsetBegin":183,"characterOffsetEnd":185,"pos":"TO","before":" ","after":" "},{"index":20,"word":"MS","originalText":"MS","characterOffsetBegin":186,"characterOffsetEnd":188,"pos":"NN","before":" ","after":" "},{"index":21,"word":"Windows","originalText":"Windows","characterOffsetBegin":189,"characterOffsetEnd":196,"pos":"NNP","before":" ","after":" "},{"index":22,"word":"NT","originalText":"NT","characterOffsetBegin":197,"characterOffsetEnd":199,"pos":"NNP","before":" ","after":""},{"index":23,"word":",","originalText":",","characterOffsetBegin":199,"characterOffsetEnd":200,"pos":",","before":"","after":" "},{"index":24,"word":"which","originalText":"which","characterOffsetBegin":201,"characterOffsetEnd":206,"pos":"WDT","before":" ","after":" "},{"index":25,"word":"provides","originalText":"provides","characterOffsetBegin":207,"characterOffsetEnd":215,"pos":"VBZ","before":" ","after":" "},{"index":26,"word":"full","originalText":"full","characterOffsetBegin":216,"characterOffsetEnd":220,"pos":"JJ","before":" ","after":" "},{"index":27,"word":"client","originalText":"client","characterOffsetBegin":221,"characterOffsetEnd":227,"pos":"NN","before":" ","after":" "},{"index":28,"word":"developmentfor","originalText":"developmentfor","characterOffsetBegin":228,"characterOffsetEnd":242,"pos":"NN","before":" ","after":" "},{"index":29,"word":"X","originalText":"X","characterOffsetBegin":243,"characterOffsetEnd":244,"pos":"NN","before":" ","after":" "},{"index":30,"word":"applications","originalText":"applications","characterOffsetBegin":245,"characterOffsetEnd":257,"pos":"NNS","before":" ","after":" "},{"index":31,"word":"in","originalText":"in","characterOffsetBegin":258,"characterOffsetEnd":260,"pos":"IN","before":" ","after":" "},{"index":32,"word":"an","originalText":"an","characterOffsetBegin":261,"characterOffsetEnd":263,"pos":"DT","before":" ","after":" "},{"index":33,"word":"NT","originalText":"NT","characterOffsetBegin":264,"characterOffsetEnd":266,"pos":"NN","before":" ","after":" "},{"index":34,"word":"environment.If","originalText":"environment.If","characterOffsetBegin":267,"characterOffsetEnd":281,"pos":"NN","before":" ","after":" "},{"index":35,"word":"you","originalText":"you","characterOffsetBegin":282,"characterOffsetEnd":285,"pos":"PRP","before":" ","after":" "},{"index":36,"word":"are","originalText":"are","characterOffsetBegin":286,"characterOffsetEnd":289,"pos":"VBP","before":" ","after":" "},{"index":37,"word":"porting","originalText":"porting","characterOffsetBegin":290,"characterOffsetEnd":297,"pos":"VBG","before":" ","after":" "},{"index":38,"word":"InterViews","originalText":"InterViews","characterOffsetBegin":298,"characterOffsetEnd":308,"pos":"NNS","before":" ","after":" "},{"index":39,"word":"over","originalText":"over","characterOffsetBegin":309,"characterOffsetEnd":313,"pos":"IN","before":" ","after":" "},{"index":40,"word":"to","originalText":"to","characterOffsetBegin":314,"characterOffsetEnd":316,"pos":"TO","before":" ","after":" "},{"index":41,"word":"MS","originalText":"MS","characterOffsetBegin":317,"characterOffsetEnd":319,"pos":"NN","before":" ","after":" "},{"index":42,"word":"Windows","originalText":"Windows","characterOffsetBegin":320,"characterOffsetEnd":327,"pos":"NNP","before":" ","after":""},{"index":43,"word":",","originalText":",","characterOffsetBegin":327,"characterOffsetEnd":328,"pos":",","before":"","after":" "},{"index":44,"word":"I","originalText":"I","characterOffsetBegin":329,"characterOffsetEnd":330,"pos":"PRP","before":" ","after":" "},{"index":45,"word":"thought","originalText":"thought","characterOffsetBegin":331,"characterOffsetEnd":338,"pos":"VBD","before":" ","after":" "},{"index":46,"word":"InterViews","originalText":"InterViews","characterOffsetBegin":339,"characterOffsetEnd":349,"pos":"NNPS","before":" ","after":" "},{"index":47,"word":"wasa","originalText":"wasa","characterOffsetBegin":350,"characterOffsetEnd":354,"pos":"FW","before":" ","after":" "},{"index":48,"word":"C++","originalText":"C++","characterOffsetBegin":355,"characterOffsetEnd":358,"pos":"NNP","before":" ","after":" "},{"index":49,"word":"toolkit","originalText":"toolkit","characterOffsetBegin":359,"characterOffsetEnd":366,"pos":"NN","before":" ","after":" "},{"index":50,"word":"with","originalText":"with","characterOffsetBegin":367,"characterOffsetEnd":371,"pos":"IN","before":" ","after":" "},{"index":51,"word":"C++","originalText":"C++","characterOffsetBegin":372,"characterOffsetEnd":375,"pos":"NNP","before":" ","after":" "},{"index":52,"word":"classes","originalText":"classes","characterOffsetBegin":376,"characterOffsetEnd":383,"pos":"NNS","before":" ","after":""},{"index":53,"word":".","originalText":".","characterOffsetBegin":383,"characterOffsetEnd":384,"pos":".","before":"","after":" "}]},{"index":2,"tokens":[{"index":1,"word":"If","originalText":"If","characterOffsetBegin":385,"characterOffsetEnd":387,"pos":"IN","before":" ","after":" "},{"index":2,"word":"that","originalText":"that","characterOffsetBegin":388,"characterOffsetEnd":392,"pos":"DT","before":" ","after":" "},{"index":3,"word":"is","originalText":"is","characterOffsetBegin":393,"characterOffsetEnd":395,"pos":"VBZ","before":" ","after":" "},{"index":4,"word":"so","originalText":"so","characterOffsetBegin":396,"characterOffsetEnd":398,"pos":"RB","before":" ","after":""},{"index":5,"word":",","originalText":",","characterOffsetBegin":398,"characterOffsetEnd":399,"pos":",","before":"","after":" "},{"index":6,"word":"how","originalText":"how","characterOffsetBegin":400,"characterOffsetEnd":403,"pos":"WRB","before":" ","after":" "},{"index":7,"word":"can","originalText":"can","characterOffsetBegin":404,"characterOffsetEnd":407,"pos":"MD","before":" ","after":" "},{"index":8,"word":"it","originalText":"it","characterOffsetBegin":408,"characterOffsetEnd":410,"pos":"PRP","before":" ","after":" "},{"index":9,"word":"be","originalText":"be","characterOffsetBegin":411,"characterOffsetEnd":413,"pos":"VB","before":" ","after":" "},{"index":10,"word":"built","originalText":"built","characterOffsetBegin":414,"characterOffsetEnd":419,"pos":"VBN","before":" ","after":" "},{"index":11,"word":"on","originalText":"on","characterOffsetBegin":420,"characterOffsetEnd":422,"pos":"IN","before":" ","after":" "},{"index":12,"word":"Xlib","originalText":"Xlib","characterOffsetBegin":423,"characterOffsetEnd":427,"pos":"NNP","before":" ","after":""},{"index":13,"word":",","originalText":",","characterOffsetBegin":427,"characterOffsetEnd":428,"pos":",","before":"","after":""},{"index":14,"word":"unless","originalText":"unless","characterOffsetBegin":428,"characterOffsetEnd":434,"pos":"IN","before":"","after":" "},{"index":15,"word":"the","originalText":"the","characterOffsetBegin":435,"characterOffsetEnd":438,"pos":"DT","before":" ","after":" "},{"index":16,"word":"classes","originalText":"classes","characterOffsetBegin":439,"characterOffsetEnd":446,"pos":"NNS","before":" ","after":" "},{"index":17,"word":"are","originalText":"are","characterOffsetBegin":447,"characterOffsetEnd":450,"pos":"VBP","before":" ","after":" "},{"index":18,"word":"calling","originalText":"calling","characterOffsetBegin":451,"characterOffsetEnd":458,"pos":"VBG","before":" ","after":" "},{"index":19,"word":"Xlib","originalText":"Xlib","characterOffsetBegin":459,"characterOffsetEnd":463,"pos":"NNP","before":" ","after":" "},{"index":20,"word":"functions?Steve","originalText":"functions?Steve","characterOffsetBegin":464,"characterOffsetEnd":479,"pos":"NNP","before":" ","after":""},{"index":21,"word":"--","originalText":"--","characterOffsetBegin":479,"characterOffsetEnd":481,"pos":":","before":"","after":"       "},{"index":22,"word":"Steven","originalText":"Steven","characterOffsetBegin":488,"characterOffsetEnd":494,"pos":"NNP","before":"       ","after":" "},{"index":23,"word":"Mikes","originalText":"Mikes","characterOffsetBegin":495,"characterOffsetEnd":500,"pos":"NNP","before":" ","after":" "},{"index":24,"word":"-","originalText":"-","characterOffsetBegin":501,"characterOffsetEnd":502,"pos":":","before":" ","after":" "},{"index":25,"word":"Editor","originalText":"Editor","characterOffsetBegin":503,"characterOffsetEnd":509,"pos":"NNP","before":" ","after":" "},{"index":26,"word":"-","originalText":"-","characterOffsetBegin":510,"characterOffsetEnd":511,"pos":":","before":" ","after":" "},{"index":27,"word":"The","originalText":"The","characterOffsetBegin":512,"characterOffsetEnd":515,"pos":"NNP","before":" ","after":" "},{"index":28,"word":"X","originalText":"X","characterOffsetBegin":516,"characterOffsetEnd":517,"pos":"NNP","before":" ","after":" "},{"index":29,"word":"Journal","originalText":"Journal","characterOffsetBegin":518,"characterOffsetEnd":525,"pos":"NNP","before":" ","after":"        "},{"index":30,"word":"1097","originalText":"1097","characterOffsetBegin":533,"characterOffsetEnd":537,"pos":"CD","before":"        ","after":" "},{"index":31,"word":"Eastbrook","originalText":"Eastbrook","characterOffsetBegin":538,"characterOffsetEnd":547,"pos":"NNP","before":" ","after":" "},{"index":32,"word":"Rd.","originalText":"Rd.","characterOffsetBegin":548,"characterOffsetEnd":551,"pos":"NNP","before":" ","after":""},{"index":33,"word":",","originalText":",","characterOffsetBegin":551,"characterOffsetEnd":552,"pos":",","before":"","after":" "},{"index":34,"word":"Martinsville","originalText":"Martinsville","characterOffsetBegin":553,"characterOffsetEnd":565,"pos":"NNP","before":" ","after":""},{"index":35,"word":",","originalText":",","characterOffsetBegin":565,"characterOffsetEnd":566,"pos":",","before":"","after":" "},{"index":36,"word":"NJ","originalText":"NJ","characterOffsetBegin":567,"characterOffsetEnd":569,"pos":"NNP","before":" ","after":" "},{"index":37,"word":"08836","originalText":"08836","characterOffsetBegin":570,"characterOffsetEnd":575,"pos":"CD","before":" ","after":"         "},{"index":38,"word":"OFFICE","originalText":"OFFICE","characterOffsetBegin":584,"characterOffsetEnd":590,"pos":"NNP","before":"         ","after":""},{"index":39,"word":":","originalText":":","characterOffsetBegin":590,"characterOffsetEnd":591,"pos":":","before":"","after":" "},{"index":40,"word":"908.563.9033","originalText":"908.563.9033","characterOffsetBegin":592,"characterOffsetEnd":604,"pos":"CD","before":" ","after":" "},{"index":41,"word":"-","originalText":"-","characterOffsetBegin":605,"characterOffsetEnd":606,"pos":":","before":" ","after":" "},{"index":42,"word":"FAX","originalText":"FAX","characterOffsetBegin":607,"characterOffsetEnd":610,"pos":"NNP","before":" ","after":""},{"index":43,"word":":","originalText":":","characterOffsetBegin":610,"characterOffsetEnd":611,"pos":":","before":"","after":" "},{"index":44,"word":"908.560.8635","originalText":"908.560.8635","characterOffsetBegin":612,"characterOffsetEnd":624,"pos":"CD","before":" ","after":"          "},{"index":45,"word":"``","originalText":"\"","characterOffsetBegin":634,"characterOffsetEnd":635,"pos":"``","before":"          ","after":""},{"index":46,"word":"Serving","originalText":"Serving","characterOffsetBegin":635,"characterOffsetEnd":642,"pos":"VBG","before":"","after":" "},{"index":47,"word":"The","originalText":"The","characterOffsetBegin":643,"characterOffsetEnd":646,"pos":"DT","before":" ","after":" "},{"index":48,"word":"X","originalText":"X","characterOffsetBegin":647,"characterOffsetEnd":648,"pos":"NN","before":" ","after":" "},{"index":49,"word":"Window","originalText":"Window","characterOffsetBegin":649,"characterOffsetEnd":655,"pos":"NNP","before":" ","after":" "},{"index":50,"word":"System","originalText":"System","characterOffsetBegin":656,"characterOffsetEnd":662,"pos":"NNP","before":" ","after":" "},{"index":51,"word":"Community","originalText":"Community","characterOffsetBegin":663,"characterOffsetEnd":672,"pos":"NNP","before":" ","after":""},{"index":52,"word":"''","originalText":"\"","characterOffsetBegin":672,"characterOffsetEnd":673,"pos":"''","before":"","after":""}]}]}