{"sentences":[{"index":0,"tokens":[{"index":1,"word":"From","originalText":"From","characterOffsetBegin":0,"characterOffsetEnd":4,"pos":"IN","before":"","after":""},{"index":2,"word":":","originalText":":","characterOffsetBegin":4,"characterOffsetEnd":5,"pos":":","before":"","after":" "},{"index":3,"word":"marc@ccvi.ccv.FR","originalText":"marc@ccvi.ccv.FR","characterOffsetBegin":6,"characterOffsetEnd":22,"pos":"NN","before":" ","after":" "},{"index":4,"word":"-LRB-","originalText":"(","characterOffsetBegin":23,"characterOffsetEnd":24,"pos":"-LRB-","before":" ","after":""},{"index":5,"word":"Marc","originalText":"Marc","characterOffsetBegin":24,"characterOffsetEnd":28,"pos":"NNP","before":"","after":" "},{"index":6,"word":"Bassini","originalText":"Bassini","characterOffsetBegin":29,"characterOffsetEnd":36,"pos":"NNP","before":" ","after":""},{"index":7,"word":"-RRB-","originalText":")","characterOffsetBegin":36,"characterOffsetEnd":37,"pos":"-RRB-","before":"","after":""},{"index":8,"word":"Subject","originalText":"Subject","characterOffsetBegin":37,"characterOffsetEnd":44,"pos":"NNP","before":"","after":""},{"index":9,"word":":","originalText":":","characterOffsetBegin":44,"characterOffsetEnd":45,"pos":":","before":"","after":" "},{"index":10,"word":"-LSB-","originalText":"[","characterOffsetBegin":46,"characterOffsetEnd":47,"pos":"-LRB-","before":" ","after":""},{"index":11,"word":"jb@sgihbtn.sierra.com:","originalText":"jb@sgihbtn.sierra.com:","characterOffsetBegin":47,"characterOffsetEnd":69,"pos":"NN","before":"","after":" "},{"index":12,"word":"Re","originalText":"Re","characterOffsetBegin":70,"characterOffsetEnd":72,"pos":"NNP","before":" ","after":""},{"index":13,"word":":","originalText":":","characterOffsetBegin":72,"characterOffsetEnd":73,"pos":":","before":"","after":" "},{"index":14,"word":"Xlib","originalText":"Xlib","characterOffsetBegin":74,"characterOffsetEnd":78,"pos":"NNP","before":" ","after":" "},{"index":15,"word":"for","originalText":"for","characterOffsetBegin":79,"characterOffsetEnd":82,"pos":"IN","before":" ","after":" "},{"index":16,"word":"MS/WINDOWS","originalText":"MS/WINDOWS","characterOffsetBegin":83,"characterOffsetEnd":93,"pos":"NNP","before":" ","after":" "},{"index":17,"word":"not","originalText":"not","characterOffsetBegin":94,"characterOffsetEnd":97,"pos":"RB","before":" ","after":" "},{"index":18,"word":"an","originalText":"an","characterOffsetBegin":98,"characterOffsetEnd":100,"pos":"DT","before":" ","after":" "},{"index":19,"word":"XSERVER","originalText":"XSERVER","characterOffsetBegin":101,"characterOffsetEnd":108,"pos":"NN","before":" ","after":""},{"index":20,"word":"!!!","originalText":"!!!","characterOffsetBegin":108,"characterOffsetEnd":111,"pos":"CD","before":"","after":""},{"index":21,"word":"-RSB-","originalText":"]","characterOffsetBegin":111,"characterOffsetEnd":112,"pos":"-RRB-","before":"","after":""},{"index":22,"word":">","originalText":">","characterOffsetBegin":112,"characterOffsetEnd":113,"pos":"JJR","before":"","after":""}]},{"index":1,"tokens":[{"index":1,"word":"I","originalText":"I","characterOffsetBegin":113,"characterOffsetEnd":114,"pos":"PRP","before":"","after":" "},{"index":2,"word":"think","originalText":"think","characterOffsetBegin":115,"characterOffsetEnd":120,"pos":"VBP","before":" ","after":" "},{"index":3,"word":"you","originalText":"you","characterOffsetBegin":121,"characterOffsetEnd":124,"pos":"PRP","before":" ","after":" "},{"index":4,"word":"may","originalText":"may","characterOffsetBegin":125,"characterOffsetEnd":128,"pos":"MD","before":" ","after":" "},{"index":5,"word":"find","originalText":"find","characterOffsetBegin":129,"characterOffsetEnd":133,"pos":"VB","before":" ","after":" "},{"index":6,"word":"that","originalText":"that","characterOffsetBegin":134,"characterOffsetEnd":138,"pos":"IN","before":" ","after":" "},{"index":7,"word":"either","originalText":"either","characterOffsetBegin":139,"characterOffsetEnd":145,"pos":"CC","before":" ","after":" "},{"index":8,"word":"Quarterdeck","originalText":"Quarterdeck","characterOffsetBegin":146,"characterOffsetEnd":157,"pos":"NN","before":" ","after":" "},{"index":9,"word":"-LRB-","originalText":"(","characterOffsetBegin":158,"characterOffsetEnd":159,"pos":"-LRB-","before":" ","after":""},{"index":10,"word":"Deskview/X","originalText":"Deskview/X","characterOffsetBegin":159,"characterOffsetEnd":169,"pos":"NN","before":"","after":""},{"index":11,"word":"-RRB-","originalText":")","characterOffsetBegin":169,"characterOffsetEnd":170,"pos":"-RRB-","before":"","after":" "},{"index":12,"word":"or","originalText":"or","characterOffsetBegin":171,"characterOffsetEnd":173,"pos":"CC","before":" ","after":""},{"index":13,"word":">","originalText":">","characterOffsetBegin":173,"characterOffsetEnd":174,"pos":"JJR","before":"","after":""},{"index":14,"word":"Hummingbird","originalText":"Hummingbird","characterOffsetBegin":174,"characterOffsetEnd":185,"pos":"NNP","before":"","after":" "},{"index":15,"word":"-LRB-","originalText":"(","characterOffsetBegin":186,"characterOffsetEnd":187,"pos":"-LRB-","before":" ","after":""},{"index":16,"word":"eXceed","originalText":"eXceed","characterOffsetBegin":187,"characterOffsetEnd":193,"pos":"NNP","before":"","after":""},{"index":17,"word":"-RRB-","originalText":")","characterOffsetBegin":193,"characterOffsetEnd":194,"pos":"-RRB-","before":"","after":" "},{"index":18,"word":"provide","originalText":"provide","characterOffsetBegin":195,"characterOffsetEnd":202,"pos":"VBP","before":" ","after":" "},{"index":19,"word":"an","originalText":"an","characterOffsetBegin":203,"characterOffsetEnd":205,"pos":"DT","before":" ","after":" "},{"index":20,"word":"Xlib","originalText":"Xlib","characterOffsetBegin":206,"characterOffsetEnd":210,"pos":"NN","before":" ","after":" "},{"index":21,"word":"for","originalText":"for","characterOffsetBegin":211,"characterOffsetEnd":214,"pos":"IN","before":" ","after":" "},{"index":22,"word":"DOS","originalText":"DOS","characterOffsetBegin":215,"characterOffsetEnd":218,"pos":"NNP","before":" ","after":""},{"index":23,"word":".","originalText":".","characterOffsetBegin":218,"characterOffsetEnd":219,"pos":".","before":"","after":"  "}]},{"index":2,"tokens":[{"index":1,"word":"Perhaps","originalText":"Perhaps","characterOffsetBegin":221,"characterOffsetEnd":228,"pos":"RB","before":"  ","after":" "},{"index":2,"word":"they","originalText":"they","characterOffsetBegin":229,"characterOffsetEnd":233,"pos":"PRP","before":" ","after":" "},{"index":3,"word":"also","originalText":"also","characterOffsetBegin":234,"characterOffsetEnd":238,"pos":"RB","before":" ","after":" "},{"index":4,"word":"have","originalText":"have","characterOffsetBegin":239,"characterOffsetEnd":243,"pos":"VBP","before":" ","after":""},{"index":5,"word":">","originalText":">","characterOffsetBegin":243,"characterOffsetEnd":244,"pos":"JJR","before":"","after":""},{"index":6,"word":"an","originalText":"an","characterOffsetBegin":244,"characterOffsetEnd":246,"pos":"DT","before":"","after":" "},{"index":7,"word":"Xlib","originalText":"Xlib","characterOffsetBegin":247,"characterOffsetEnd":251,"pos":"NN","before":" ","after":" "},{"index":8,"word":"for","originalText":"for","characterOffsetBegin":252,"characterOffsetEnd":255,"pos":"IN","before":" ","after":" "},{"index":9,"word":"MS-Windows","originalText":"MS-Windows","characterOffsetBegin":256,"characterOffsetEnd":266,"pos":"NNS","before":" ","after":""},{"index":10,"word":"?","originalText":"?","characterOffsetBegin":266,"characterOffsetEnd":267,"pos":".","before":"","after":"  "}]},{"index":3,"tokens":[{"index":1,"word":"It","originalText":"It","characterOffsetBegin":269,"characterOffsetEnd":271,"pos":"PRP","before":"  ","after":""},{"index":2,"word":"'s","originalText":"'s","characterOffsetBegin":271,"characterOffsetEnd":273,"pos":"VBZ","before":"","after":" "},{"index":3,"word":"a","originalText":"a","characterOffsetBegin":274,"characterOffsetEnd":275,"pos":"DT","before":" ","after":" "},{"index":4,"word":"possibility","originalText":"possibility","characterOffsetBegin":276,"characterOffsetEnd":287,"pos":"NN","before":" ","after":""},{"index":5,"word":".","originalText":".","characterOffsetBegin":287,"characterOffsetEnd":288,"pos":".","before":"","after":""},{"index":6,"word":">","originalText":">","characterOffsetBegin":288,"characterOffsetEnd":289,"pos":"JJR","before":"","after":" "}]},{"index":4,"tokens":[{"index":1,"word":"Yes","originalText":"Yes","characterOffsetBegin":290,"characterOffsetEnd":293,"pos":"UH","before":" ","after":""},{"index":2,"word":",","originalText":",","characterOffsetBegin":293,"characterOffsetEnd":294,"pos":",","before":"","after":" "},{"index":3,"word":"eXceed","originalText":"eXceed","characterOffsetBegin":295,"characterOffsetEnd":301,"pos":"NN","before":" ","after":" "},{"index":4,"word":"has","originalText":"has","characterOffsetBegin":302,"characterOffsetEnd":305,"pos":"VBZ","before":" ","after":" "},{"index":5,"word":"windows","originalText":"windows","characterOffsetBegin":306,"characterOffsetEnd":313,"pos":"NNS","before":" ","after":" "},{"index":6,"word":"version","originalText":"version","characterOffsetBegin":314,"characterOffsetEnd":321,"pos":"NN","before":" ","after":""},{"index":7,"word":".","originalText":".","characterOffsetBegin":321,"characterOffsetEnd":322,"pos":".","before":"","after":" "}]},{"index":5,"tokens":[{"index":1,"word":"Have","originalText":"Have","characterOffsetBegin":323,"characterOffsetEnd":327,"pos":"VBP","before":" ","after":" "},{"index":2,"word":"ported","originalText":"ported","characterOffsetBegin":328,"characterOffsetEnd":334,"pos":"VBN","before":" ","after":" "},{"index":3,"word":"some","originalText":"some","characterOffsetBegin":335,"characterOffsetEnd":339,"pos":"DT","before":" ","after":" "},{"index":4,"word":"games","originalText":"games","characterOffsetBegin":340,"characterOffsetEnd":345,"pos":"NNS","before":" ","after":" "},{"index":5,"word":"like","originalText":"like","characterOffsetBegin":346,"characterOffsetEnd":350,"pos":"IN","before":" ","after":" "},{"index":6,"word":"tetris","originalText":"tetris","characterOffsetBegin":351,"characterOffsetEnd":357,"pos":"NN","before":" ","after":""},{"index":7,"word":",","originalText":",","characterOffsetBegin":357,"characterOffsetEnd":358,"pos":",","before":"","after":" "},{"index":8,"word":"works","originalText":"works","characterOffsetBegin":359,"characterOffsetEnd":364,"pos":"VBZ","before":" ","after":" "},{"index":9,"word":"fine.Si","originalText":"fine.Si","characterOffsetBegin":365,"characterOffsetEnd":372,"pos":"NNP","before":" ","after":" "},{"index":10,"word":"c'est","originalText":"c'est","characterOffsetBegin":373,"characterOffsetEnd":378,"pos":"VB","before":" ","after":" "},{"index":11,"word":"vrai","originalText":"vrai","characterOffsetBegin":379,"characterOffsetEnd":383,"pos":"FW","before":" ","after":""},{"index":12,"word":",","originalText":",","characterOffsetBegin":383,"characterOffsetEnd":384,"pos":",","before":"","after":" "},{"index":13,"word":"ce","originalText":"ce","characterOffsetBegin":385,"characterOffsetEnd":387,"pos":"FW","before":" ","after":" "},{"index":14,"word":"serait","originalText":"serait","characterOffsetBegin":388,"characterOffsetEnd":394,"pos":"FW","before":" ","after":" "},{"index":15,"word":"bien","originalText":"bien","characterOffsetBegin":395,"characterOffsetEnd":399,"pos":"FW","before":" ","after":" "},{"index":16,"word":"de","originalText":"de","characterOffsetBegin":400,"characterOffsetEnd":402,"pos":"FW","before":" ","after":" "},{"index":17,"word":"se","originalText":"se","characterOffsetBegin":403,"characterOffsetEnd":405,"pos":"FW","before":" ","after":" "},{"index":18,"word":"le","originalText":"le","characterOffsetBegin":406,"characterOffsetEnd":408,"pos":"FW","before":" ","after":" "},{"index":19,"word":"procurer","originalText":"procurer","characterOffsetBegin":409,"characterOffsetEnd":417,"pos":"NN","before":" ","after":" "},{"index":20,"word":"car","originalText":"car","characterOffsetBegin":418,"characterOffsetEnd":421,"pos":"NN","before":" ","after":" "},{"index":21,"word":"a","originalText":"a","characterOffsetBegin":422,"characterOffsetEnd":423,"pos":"DT","before":" ","after":" "},{"index":22,"word":"ce","originalText":"ce","characterOffsetBegin":424,"characterOffsetEnd":426,"pos":"NN","before":" ","after":" "},{"index":23,"word":"moment","originalText":"moment","characterOffsetBegin":427,"characterOffsetEnd":433,"pos":"NN","before":" ","after":" "},{"index":24,"word":"la","originalText":"la","characterOffsetBegin":434,"characterOffsetEnd":436,"pos":"NNP","before":" ","after":""},{"index":25,"word":",","originalText":",","characterOffsetBegin":436,"characterOffsetEnd":437,"pos":",","before":"","after":" "},{"index":26,"word":"leportage","originalText":"leportage","characterOffsetBegin":438,"characterOffsetEnd":447,"pos":"JJ","before":" ","after":" "},{"index":27,"word":"Xt","originalText":"Xt","characterOffsetBegin":448,"characterOffsetEnd":450,"pos":"NN","before":" ","after":""},{"index":28,"word":"...","originalText":"...","characterOffsetBegin":450,"characterOffsetEnd":453,"pos":":","before":"","after":" "},{"index":29,"word":"Suis-je","originalText":"Suis-je","characterOffsetBegin":454,"characterOffsetEnd":461,"pos":"JJ","before":" ","after":" "},{"index":30,"word":"en","originalText":"en","characterOffsetBegin":462,"characterOffsetEnd":464,"pos":"IN","before":" ","after":" "},{"index":31,"word":"train","originalText":"train","characterOffsetBegin":465,"characterOffsetEnd":470,"pos":"NN","before":" ","after":" "},{"index":32,"word":"de","originalText":"de","characterOffsetBegin":471,"characterOffsetEnd":473,"pos":"IN","before":" ","after":" "},{"index":33,"word":"perdre","originalText":"perdre","characterOffsetBegin":474,"characterOffsetEnd":480,"pos":"JJ","before":" ","after":" "},{"index":34,"word":"mon","originalText":"mon","characterOffsetBegin":481,"characterOffsetEnd":484,"pos":"NN","before":" ","after":" "},{"index":35,"word":"temps","originalText":"temps","characterOffsetBegin":485,"characterOffsetEnd":490,"pos":"NNS","before":" ","after":" "},{"index":36,"word":"avec","originalText":"avec","characterOffsetBegin":491,"characterOffsetEnd":495,"pos":"FW","before":" ","after":" "},{"index":37,"word":"la","originalText":"la","characterOffsetBegin":496,"characterOffsetEnd":498,"pos":"FW","before":" ","after":" "},{"index":38,"word":"toolkit","originalText":"toolkit","characterOffsetBegin":499,"characterOffsetEnd":506,"pos":"NN","before":" ","after":" "},{"index":39,"word":"c++","originalText":"c++","characterOffsetBegin":507,"characterOffsetEnd":510,"pos":"JJ","before":" ","after":""},{"index":40,"word":"?","originalText":"?","characterOffsetBegin":510,"characterOffsetEnd":511,"pos":".","before":"","after":"\t\t"}]},{"index":6,"tokens":[{"index":1,"word":"Marc","originalText":"Marc","characterOffsetBegin":513,"characterOffsetEnd":517,"pos":"NNP","before":"\t\t","after":" "},{"index":2,"word":"Bassini","originalText":"Bassini","characterOffsetBegin":518,"characterOffsetEnd":525,"pos":"NNP","before":" ","after":" "},{"index":3,"word":"-LRB-","originalText":"(","characterOffsetBegin":526,"characterOffsetEnd":527,"pos":"-LRB-","before":" ","after":""},{"index":4,"word":"marc@ccv.fr,","originalText":"marc@ccv.fr,","characterOffsetBegin":527,"characterOffsetEnd":539,"pos":"JJ","before":"","after":" "},{"index":5,"word":"marc@cnam.cnam.fr","originalText":"marc@cnam.cnam.fr","characterOffsetBegin":540,"characterOffsetEnd":557,"pos":"NN","before":" ","after":""},{"index":6,"word":"-RRB-","originalText":")","characterOffsetBegin":557,"characterOffsetEnd":558,"pos":"-RRB-","before":"","after":"\t\t\t"},{"index":7,"word":"Computers","originalText":"Computers","characterOffsetBegin":561,"characterOffsetEnd":570,"pos":"NNS","before":"\t\t\t","after":""},{"index":8,"word":",","originalText":",","characterOffsetBegin":570,"characterOffsetEnd":571,"pos":",","before":"","after":" "},{"index":9,"word":"Communications","originalText":"Communications","characterOffsetBegin":572,"characterOffsetEnd":586,"pos":"NNPS","before":" ","after":" "},{"index":10,"word":"&","originalText":"&","characterOffsetBegin":587,"characterOffsetEnd":588,"pos":"CC","before":" ","after":" "},{"index":11,"word":"Visions","originalText":"Visions","characterOffsetBegin":589,"characterOffsetEnd":596,"pos":"NNPS","before":" ","after":" "},{"index":12,"word":"-LRB-","originalText":"(","characterOffsetBegin":597,"characterOffsetEnd":598,"pos":"-LRB-","before":" ","after":""},{"index":13,"word":"C2V","originalText":"C2V","characterOffsetBegin":598,"characterOffsetEnd":601,"pos":"NN","before":"","after":""},{"index":14,"word":"-RRB-","originalText":")","characterOffsetBegin":601,"characterOffsetEnd":602,"pos":"-RRB-","before":"","after":"\t\t\t"},{"index":15,"word":"82","originalText":"82","characterOffsetBegin":605,"characterOffsetEnd":607,"pos":"CD","before":"\t\t\t","after":" "},{"index":16,"word":"bd","originalText":"bd","characterOffsetBegin":608,"characterOffsetEnd":610,"pos":"NN","before":" ","after":" "},{"index":17,"word":"Haussmann","originalText":"Haussmann","characterOffsetBegin":611,"characterOffsetEnd":620,"pos":"NNP","before":" ","after":""},{"index":18,"word":",","originalText":",","characterOffsetBegin":620,"characterOffsetEnd":621,"pos":",","before":"","after":" "},{"index":19,"word":"75008","originalText":"75008","characterOffsetBegin":622,"characterOffsetEnd":627,"pos":"CD","before":" ","after":" "},{"index":20,"word":"Paris","originalText":"Paris","characterOffsetBegin":628,"characterOffsetEnd":633,"pos":"NNP","before":" ","after":" "},{"index":21,"word":"FRANCE","originalText":"FRANCE","characterOffsetBegin":634,"characterOffsetEnd":640,"pos":"NNP","before":" ","after":"\t\t\t"},{"index":22,"word":"Phone","originalText":"Phone","characterOffsetBegin":643,"characterOffsetEnd":648,"pos":"NNP","before":"\t\t\t","after":" "},{"index":23,"word":"40.08.07.07","originalText":"40.08.07.07","characterOffsetBegin":649,"characterOffsetEnd":660,"pos":"CD","before":" ","after":""},{"index":24,"word":",","originalText":",","characterOffsetBegin":660,"characterOffsetEnd":661,"pos":",","before":"","after":" "},{"index":25,"word":"Fax","originalText":"Fax","characterOffsetBegin":662,"characterOffsetEnd":665,"pos":"NNP","before":" ","after":" "},{"index":26,"word":"43.87.35.99","originalText":"43.87.35.99","characterOffsetBegin":666,"characterOffsetEnd":677,"pos":"CD","before":" ","after":""}]}]}