{"sentences":[{"index":0,"tokens":[{"index":1,"word":"From","originalText":"From","characterOffsetBegin":0,"characterOffsetEnd":4,"pos":"IN","before":"","after":""},{"index":2,"word":":","originalText":":","characterOffsetBegin":4,"characterOffsetEnd":5,"pos":":","before":"","after":" "},{"index":3,"word":"DBOHDAL@JAGUAR.ESS.HARRIS.COMSubject:","originalText":"DBOHDAL@JAGUAR.ESS.HARRIS.COMSubject:","characterOffsetBegin":6,"characterOffsetEnd":43,"pos":"NN","before":" ","after":" "},{"index":4,"word":"Icon","originalText":"Icon","characterOffsetBegin":44,"characterOffsetEnd":48,"pos":"NN","before":" ","after":" "},{"index":5,"word":"BoxDear","originalText":"BoxDear","characterOffsetBegin":49,"characterOffsetEnd":56,"pos":"NNP","before":" ","after":" "},{"index":6,"word":"Xperts","originalText":"Xperts","characterOffsetBegin":57,"characterOffsetEnd":63,"pos":"NNP","before":" ","after":""},{"index":7,"word":":","originalText":":","characterOffsetBegin":63,"characterOffsetEnd":64,"pos":":","before":"","after":"  "},{"index":8,"word":"I","originalText":"I","characterOffsetBegin":66,"characterOffsetEnd":67,"pos":"PRP","before":"  ","after":" "},{"index":9,"word":"want","originalText":"want","characterOffsetBegin":68,"characterOffsetEnd":72,"pos":"VBP","before":" ","after":" "},{"index":10,"word":"to","originalText":"to","characterOffsetBegin":73,"characterOffsetEnd":75,"pos":"TO","before":" ","after":" "},{"index":11,"word":"place","originalText":"place","characterOffsetBegin":76,"characterOffsetEnd":81,"pos":"VB","before":" ","after":" "},{"index":12,"word":"a","originalText":"a","characterOffsetBegin":82,"characterOffsetEnd":83,"pos":"DT","before":" ","after":" "},{"index":13,"word":"specific","originalText":"specific","characterOffsetBegin":84,"characterOffsetEnd":92,"pos":"JJ","before":" ","after":" "},{"index":14,"word":"group","originalText":"group","characterOffsetBegin":93,"characterOffsetEnd":98,"pos":"NN","before":" ","after":" "},{"index":15,"word":"of","originalText":"of","characterOffsetBegin":99,"characterOffsetEnd":101,"pos":"IN","before":" ","after":" "},{"index":16,"word":"icons","originalText":"icons","characterOffsetBegin":102,"characterOffsetEnd":107,"pos":"NNS","before":" ","after":" "},{"index":17,"word":"in","originalText":"in","characterOffsetBegin":108,"characterOffsetEnd":110,"pos":"IN","before":" ","after":" "},{"index":18,"word":"an","originalText":"an","characterOffsetBegin":111,"characterOffsetEnd":113,"pos":"DT","before":" ","after":" "},{"index":19,"word":"icon","originalText":"icon","characterOffsetBegin":114,"characterOffsetEnd":118,"pos":"NN","before":" ","after":" "},{"index":20,"word":"box","originalText":"box","characterOffsetBegin":119,"characterOffsetEnd":122,"pos":"NN","before":" ","after":" "},{"index":21,"word":"andhave","originalText":"andhave","characterOffsetBegin":123,"characterOffsetEnd":130,"pos":"NN","before":" ","after":" "},{"index":22,"word":"my","originalText":"my","characterOffsetBegin":131,"characterOffsetEnd":133,"pos":"PRP$","before":" ","after":" "},{"index":23,"word":"other","originalText":"other","characterOffsetBegin":134,"characterOffsetEnd":139,"pos":"JJ","before":" ","after":" "},{"index":24,"word":"icons","originalText":"icons","characterOffsetBegin":140,"characterOffsetEnd":145,"pos":"NNS","before":" ","after":" "},{"index":25,"word":"appear","originalText":"appear","characterOffsetBegin":146,"characterOffsetEnd":152,"pos":"VBP","before":" ","after":" "},{"index":26,"word":"outside","originalText":"outside","characterOffsetBegin":153,"characterOffsetEnd":160,"pos":"IN","before":" ","after":" "},{"index":27,"word":"of","originalText":"of","characterOffsetBegin":161,"characterOffsetEnd":163,"pos":"IN","before":" ","after":" "},{"index":28,"word":"the","originalText":"the","characterOffsetBegin":164,"characterOffsetEnd":167,"pos":"DT","before":" ","after":" "},{"index":29,"word":"box","originalText":"box","characterOffsetBegin":168,"characterOffsetEnd":171,"pos":"NN","before":" ","after":""},{"index":30,"word":".","originalText":".","characterOffsetBegin":171,"characterOffsetEnd":172,"pos":".","before":"","after":"  "}]},{"index":1,"tokens":[{"index":1,"word":"Does","originalText":"Does","characterOffsetBegin":174,"characterOffsetEnd":178,"pos":"VBZ","before":"  ","after":" "},{"index":2,"word":"anyoneknow","originalText":"anyoneknow","characterOffsetBegin":179,"characterOffsetEnd":189,"pos":"NN","before":" ","after":" "},{"index":3,"word":"if","originalText":"if","characterOffsetBegin":190,"characterOffsetEnd":192,"pos":"IN","before":" ","after":" "},{"index":4,"word":"there","originalText":"there","characterOffsetBegin":193,"characterOffsetEnd":198,"pos":"EX","before":" ","after":""},{"index":5,"word":"'s","originalText":"'s","characterOffsetBegin":198,"characterOffsetEnd":200,"pos":"VBZ","before":"","after":" "},{"index":6,"word":"a","originalText":"a","characterOffsetBegin":201,"characterOffsetEnd":202,"pos":"DT","before":" ","after":" "},{"index":7,"word":"way","originalText":"way","characterOffsetBegin":203,"characterOffsetEnd":206,"pos":"NN","before":" ","after":" "},{"index":8,"word":"I","originalText":"I","characterOffsetBegin":207,"characterOffsetEnd":208,"pos":"PRP","before":" ","after":" "},{"index":9,"word":"can","originalText":"can","characterOffsetBegin":209,"characterOffsetEnd":212,"pos":"MD","before":" ","after":" "},{"index":10,"word":"do","originalText":"do","characterOffsetBegin":213,"characterOffsetEnd":215,"pos":"VB","before":" ","after":" "},{"index":11,"word":"this","originalText":"this","characterOffsetBegin":216,"characterOffsetEnd":220,"pos":"DT","before":" ","after":""},{"index":12,"word":"??","originalText":"??","characterOffsetBegin":220,"characterOffsetEnd":222,"pos":"NN","before":"","after":"  "}]},{"index":2,"tokens":[{"index":1,"word":"I","originalText":"I","characterOffsetBegin":224,"characterOffsetEnd":225,"pos":"PRP","before":"  ","after":""},{"index":2,"word":"'m","originalText":"'m","characterOffsetBegin":225,"characterOffsetEnd":227,"pos":"VBP","before":"","after":" "},{"index":3,"word":"using","originalText":"using","characterOffsetBegin":228,"characterOffsetEnd":233,"pos":"VBG","before":" ","after":" "},{"index":4,"word":"X11R5","originalText":"X11R5","characterOffsetBegin":234,"characterOffsetEnd":239,"pos":"NN","before":" ","after":" "},{"index":5,"word":"andMotif","originalText":"andMotif","characterOffsetBegin":240,"characterOffsetEnd":248,"pos":"NN","before":" ","after":" "},{"index":6,"word":"1.2.1.Thanks!dbohdal@jaguar.ess.harris.com","originalText":"1.2.1.Thanks!dbohdal@jaguar.ess.harris.com","characterOffsetBegin":249,"characterOffsetEnd":291,"pos":"NN","before":" ","after":""}]}]}