{"sentences":[{"index":0,"tokens":[{"index":1,"word":"From","originalText":"From","characterOffsetBegin":0,"characterOffsetEnd":4,"pos":"IN","before":"","after":""},{"index":2,"word":":","originalText":":","characterOffsetBegin":4,"characterOffsetEnd":5,"pos":":","before":"","after":" "},{"index":3,"word":"beck@irzr17.inf.tu-dresden.de","originalText":"beck@irzr17.inf.tu-dresden.de","characterOffsetBegin":6,"characterOffsetEnd":35,"pos":"NN","before":" ","after":" "},{"index":4,"word":"-LRB-","originalText":"(","characterOffsetBegin":36,"characterOffsetEnd":37,"pos":"-LRB-","before":" ","after":""},{"index":5,"word":"Andre","originalText":"Andre","characterOffsetBegin":37,"characterOffsetEnd":42,"pos":"NNP","before":"","after":" "},{"index":6,"word":"Beck","originalText":"Beck","characterOffsetBegin":43,"characterOffsetEnd":47,"pos":"NNP","before":" ","after":""},{"index":7,"word":"-RRB-","originalText":")","characterOffsetBegin":47,"characterOffsetEnd":48,"pos":"-RRB-","before":"","after":""},{"index":8,"word":"Subject","originalText":"Subject","characterOffsetBegin":48,"characterOffsetEnd":55,"pos":"NNP","before":"","after":""},{"index":9,"word":":","originalText":":","characterOffsetBegin":55,"characterOffsetEnd":56,"pos":":","before":"","after":" "},{"index":10,"word":"Re","originalText":"Re","characterOffsetBegin":57,"characterOffsetEnd":59,"pos":"NNP","before":" ","after":""},{"index":11,"word":":","originalText":":","characterOffsetBegin":59,"characterOffsetEnd":60,"pos":":","before":"","after":" "},{"index":12,"word":"Title","originalText":"Title","characterOffsetBegin":61,"characterOffsetEnd":66,"pos":"NNP","before":" ","after":" "},{"index":13,"word":"for","originalText":"for","characterOffsetBegin":67,"characterOffsetEnd":70,"pos":"IN","before":" ","after":" "},{"index":14,"word":"XTermIn","originalText":"XTermIn","characterOffsetBegin":71,"characterOffsetEnd":78,"pos":"NNP","before":" ","after":" "},{"index":15,"word":"article","originalText":"article","characterOffsetBegin":79,"characterOffsetEnd":86,"pos":"NN","before":" ","after":" "},{"index":16,"word":"<C5oL74.3B1@aeon.in-berlin.de>","originalText":"<C5oL74.3B1@aeon.in-berlin.de>","characterOffsetBegin":87,"characterOffsetEnd":117,"pos":"NN","before":" ","after":""},{"index":17,"word":",","originalText":",","characterOffsetBegin":117,"characterOffsetEnd":118,"pos":",","before":"","after":" "},{"index":18,"word":"thomas@aeon.in-berlin.de","originalText":"thomas@aeon.in-berlin.de","characterOffsetBegin":119,"characterOffsetEnd":143,"pos":"NN","before":" ","after":" "},{"index":19,"word":"-LRB-","originalText":"(","characterOffsetBegin":144,"characterOffsetEnd":145,"pos":"-LRB-","before":" ","after":""},{"index":20,"word":"Thomas","originalText":"Thomas","characterOffsetBegin":145,"characterOffsetEnd":151,"pos":"NNP","before":"","after":" "},{"index":21,"word":"Wolfram","originalText":"Wolfram","characterOffsetBegin":152,"characterOffsetEnd":159,"pos":"NNP","before":" ","after":""},{"index":22,"word":"-RRB-","originalText":")","characterOffsetBegin":159,"characterOffsetEnd":160,"pos":"-RRB-","before":"","after":" "},{"index":23,"word":"writes","originalText":"writes","characterOffsetBegin":161,"characterOffsetEnd":167,"pos":"VBZ","before":" ","after":""},{"index":24,"word":":|","originalText":":|","characterOffsetBegin":167,"characterOffsetEnd":169,"pos":"CD","before":"","after":""},{"index":25,"word":">","originalText":">","characterOffsetBegin":169,"characterOffsetEnd":170,"pos":"JJR","before":"","after":" "},{"index":26,"word":">","originalText":">","characterOffsetBegin":171,"characterOffsetEnd":172,"pos":"JJR","before":" ","after":""},{"index":27,"word":"Hey","originalText":"Hey","characterOffsetBegin":172,"characterOffsetEnd":175,"pos":"UH","before":"","after":" "},{"index":28,"word":"guys","originalText":"guys","characterOffsetBegin":176,"characterOffsetEnd":180,"pos":"NNS","before":" ","after":""},{"index":29,"word":"!","originalText":"!","characterOffsetBegin":180,"characterOffsetEnd":181,"pos":".","before":"","after":""}]},{"index":1,"tokens":[{"index":1,"word":"|","originalText":"|","characterOffsetBegin":181,"characterOffsetEnd":182,"pos":"SYM","before":"","after":""},{"index":2,"word":">","originalText":">","characterOffsetBegin":182,"characterOffsetEnd":183,"pos":"JJR","before":"","after":" "},{"index":3,"word":">","originalText":">","characterOffsetBegin":184,"characterOffsetEnd":185,"pos":"JJR","before":" ","after":""},{"index":4,"word":"I","originalText":"I","characterOffsetBegin":185,"characterOffsetEnd":186,"pos":"PRP","before":"","after":" "},{"index":5,"word":"work","originalText":"work","characterOffsetBegin":187,"characterOffsetEnd":191,"pos":"VBP","before":" ","after":" "},{"index":6,"word":"on","originalText":"on","characterOffsetBegin":192,"characterOffsetEnd":194,"pos":"IN","before":" ","after":" "},{"index":7,"word":"many","originalText":"many","characterOffsetBegin":195,"characterOffsetEnd":199,"pos":"JJ","before":" ","after":" "},{"index":8,"word":"stations","originalText":"stations","characterOffsetBegin":200,"characterOffsetEnd":208,"pos":"NNS","before":" ","after":" "},{"index":9,"word":"and","originalText":"and","characterOffsetBegin":209,"characterOffsetEnd":212,"pos":"CC","before":" ","after":" "},{"index":10,"word":"would","originalText":"would","characterOffsetBegin":213,"characterOffsetEnd":218,"pos":"MD","before":" ","after":" "},{"index":11,"word":"like","originalText":"like","characterOffsetBegin":219,"characterOffsetEnd":223,"pos":"VB","before":" ","after":" "},{"index":12,"word":"this","originalText":"this","characterOffsetBegin":224,"characterOffsetEnd":228,"pos":"DT","before":" ","after":" "},{"index":13,"word":"name","originalText":"name","characterOffsetBegin":229,"characterOffsetEnd":233,"pos":"NN","before":" ","after":" "},{"index":14,"word":"and","originalText":"and","characterOffsetBegin":234,"characterOffsetEnd":237,"pos":"CC","before":" ","after":" "},{"index":15,"word":"current","originalText":"current","characterOffsetBegin":238,"characterOffsetEnd":245,"pos":"JJ","before":" ","after":" "},{"index":16,"word":"logname","originalText":"logname","characterOffsetBegin":246,"characterOffsetEnd":253,"pos":"JJ","before":" ","after":""},{"index":17,"word":"|","originalText":"|","characterOffsetBegin":253,"characterOffsetEnd":254,"pos":"NN","before":"","after":""},{"index":18,"word":">","originalText":">","characterOffsetBegin":254,"characterOffsetEnd":255,"pos":"JJR","before":"","after":" "},{"index":19,"word":">","originalText":">","characterOffsetBegin":256,"characterOffsetEnd":257,"pos":"JJR","before":" ","after":""},{"index":20,"word":"to","originalText":"to","characterOffsetBegin":257,"characterOffsetEnd":259,"pos":"TO","before":"","after":" "},{"index":21,"word":"be","originalText":"be","characterOffsetBegin":260,"characterOffsetEnd":262,"pos":"VB","before":" ","after":" "},{"index":22,"word":"in","originalText":"in","characterOffsetBegin":263,"characterOffsetEnd":265,"pos":"IN","before":" ","after":" "},{"index":23,"word":"a","originalText":"a","characterOffsetBegin":266,"characterOffsetEnd":267,"pos":"DT","before":" ","after":" "},{"index":24,"word":"title","originalText":"title","characterOffsetBegin":268,"characterOffsetEnd":273,"pos":"NN","before":" ","after":" "},{"index":25,"word":"of","originalText":"of","characterOffsetBegin":274,"characterOffsetEnd":276,"pos":"IN","before":" ","after":" "},{"index":26,"word":"Xterm","originalText":"Xterm","characterOffsetBegin":277,"characterOffsetEnd":282,"pos":"NN","before":" ","after":" "},{"index":27,"word":"when","originalText":"when","characterOffsetBegin":283,"characterOffsetEnd":287,"pos":"WRB","before":" ","after":" "},{"index":28,"word":"it","originalText":"it","characterOffsetBegin":288,"characterOffsetEnd":290,"pos":"PRP","before":" ","after":""},{"index":29,"word":"'s","originalText":"'s","characterOffsetBegin":290,"characterOffsetEnd":292,"pos":"VBZ","before":"","after":" "},{"index":30,"word":"open","originalText":"open","characterOffsetBegin":293,"characterOffsetEnd":297,"pos":"JJ","before":" ","after":" "},{"index":31,"word":"and","originalText":"and","characterOffsetBegin":298,"characterOffsetEnd":301,"pos":"CC","before":" ","after":" "},{"index":32,"word":"a","originalText":"a","characterOffsetBegin":302,"characterOffsetEnd":303,"pos":"DT","before":" ","after":" "},{"index":33,"word":"machine","originalText":"machine","characterOffsetBegin":304,"characterOffsetEnd":311,"pos":"NN","before":" ","after":" "},{"index":34,"word":"name","originalText":"name","characterOffsetBegin":312,"characterOffsetEnd":316,"pos":"NN","before":" ","after":" "},{"index":35,"word":"only","originalText":"only","characterOffsetBegin":317,"characterOffsetEnd":321,"pos":"RB","before":" ","after":""},{"index":36,"word":"|","originalText":"|","characterOffsetBegin":321,"characterOffsetEnd":322,"pos":"CD","before":"","after":""},{"index":37,"word":">","originalText":">","characterOffsetBegin":322,"characterOffsetEnd":323,"pos":"JJR","before":"","after":" "},{"index":38,"word":">","originalText":">","characterOffsetBegin":324,"characterOffsetEnd":325,"pos":"JJR","before":" ","after":""},{"index":39,"word":"when","originalText":"when","characterOffsetBegin":325,"characterOffsetEnd":329,"pos":"WRB","before":"","after":" "},{"index":40,"word":"it","originalText":"it","characterOffsetBegin":330,"characterOffsetEnd":332,"pos":"PRP","before":" ","after":""},{"index":41,"word":"'s","originalText":"'s","characterOffsetBegin":332,"characterOffsetEnd":334,"pos":"VBZ","before":"","after":" "},{"index":42,"word":"closed","originalText":"closed","characterOffsetBegin":335,"characterOffsetEnd":341,"pos":"VBN","before":" ","after":""},{"index":43,"word":".","originalText":".","characterOffsetBegin":341,"characterOffsetEnd":342,"pos":".","before":"","after":" "}]},{"index":2,"tokens":[{"index":1,"word":"In","originalText":"In","characterOffsetBegin":343,"characterOffsetEnd":345,"pos":"IN","before":" ","after":" "},{"index":2,"word":"other","originalText":"other","characterOffsetBegin":346,"characterOffsetEnd":351,"pos":"JJ","before":" ","after":" "},{"index":3,"word":"words","originalText":"words","characterOffsetBegin":352,"characterOffsetEnd":357,"pos":"NNS","before":" ","after":""},{"index":4,"word":",","originalText":",","characterOffsetBegin":357,"characterOffsetEnd":358,"pos":",","before":"","after":" "},{"index":5,"word":"I","originalText":"I","characterOffsetBegin":359,"characterOffsetEnd":360,"pos":"PRP","before":" ","after":" "},{"index":6,"word":"want","originalText":"want","characterOffsetBegin":361,"characterOffsetEnd":365,"pos":"VBP","before":" ","after":" "},{"index":7,"word":"$","originalText":"$","characterOffsetBegin":366,"characterOffsetEnd":367,"pos":"$","before":" ","after":""},{"index":8,"word":"HOST","originalText":"HOST","characterOffsetBegin":367,"characterOffsetEnd":371,"pos":"CD","before":"","after":" "},{"index":9,"word":"and","originalText":"and","characterOffsetBegin":372,"characterOffsetEnd":375,"pos":"CC","before":" ","after":" "},{"index":10,"word":"$","originalText":"$","characterOffsetBegin":376,"characterOffsetEnd":377,"pos":"$","before":" ","after":""},{"index":11,"word":"LOGNAME","originalText":"LOGNAME","characterOffsetBegin":377,"characterOffsetEnd":384,"pos":"CD","before":"","after":" "},{"index":12,"word":"to","originalText":"to","characterOffsetBegin":385,"characterOffsetEnd":387,"pos":"TO","before":" ","after":" "},{"index":13,"word":"appear","originalText":"appear","characterOffsetBegin":388,"characterOffsetEnd":394,"pos":"VB","before":" ","after":""},{"index":14,"word":"|","originalText":"|","characterOffsetBegin":394,"characterOffsetEnd":395,"pos":"NN","before":"","after":""},{"index":15,"word":">","originalText":">","characterOffsetBegin":395,"characterOffsetEnd":396,"pos":"JJR","before":"","after":" "},{"index":16,"word":">","originalText":">","characterOffsetBegin":397,"characterOffsetEnd":398,"pos":"JJR","before":" ","after":""},{"index":17,"word":"as","originalText":"as","characterOffsetBegin":398,"characterOffsetEnd":400,"pos":"IN","before":"","after":" "},{"index":18,"word":"a","originalText":"a","characterOffsetBegin":401,"characterOffsetEnd":402,"pos":"DT","before":" ","after":" "},{"index":19,"word":"title","originalText":"title","characterOffsetBegin":403,"characterOffsetEnd":408,"pos":"NN","before":" ","after":" "},{"index":20,"word":"of","originalText":"of","characterOffsetBegin":409,"characterOffsetEnd":411,"pos":"IN","before":" ","after":" "},{"index":21,"word":"opened","originalText":"opened","characterOffsetBegin":412,"characterOffsetEnd":418,"pos":"VBN","before":" ","after":" "},{"index":22,"word":"XTerm","originalText":"XTerm","characterOffsetBegin":419,"characterOffsetEnd":424,"pos":"NN","before":" ","after":" "},{"index":23,"word":"and","originalText":"and","characterOffsetBegin":425,"characterOffsetEnd":428,"pos":"CC","before":" ","after":" "},{"index":24,"word":"$","originalText":"$","characterOffsetBegin":429,"characterOffsetEnd":430,"pos":"$","before":" ","after":""},{"index":25,"word":"HOST","originalText":"HOST","characterOffsetBegin":430,"characterOffsetEnd":434,"pos":"CD","before":"","after":" "},{"index":26,"word":"when","originalText":"when","characterOffsetBegin":435,"characterOffsetEnd":439,"pos":"WRB","before":" ","after":" "},{"index":27,"word":"XTerm","originalText":"XTerm","characterOffsetBegin":440,"characterOffsetEnd":445,"pos":"NN","before":" ","after":" "},{"index":28,"word":"is","originalText":"is","characterOffsetBegin":446,"characterOffsetEnd":448,"pos":"VBZ","before":" ","after":" "},{"index":29,"word":"closed","originalText":"closed","characterOffsetBegin":449,"characterOffsetEnd":455,"pos":"VBN","before":" ","after":""},{"index":30,"word":".","originalText":".","characterOffsetBegin":455,"characterOffsetEnd":456,"pos":".","before":"","after":""}]},{"index":3,"tokens":[{"index":1,"word":"|","originalText":"|","characterOffsetBegin":456,"characterOffsetEnd":457,"pos":"SYM","before":"","after":""},{"index":2,"word":">","originalText":">","characterOffsetBegin":457,"characterOffsetEnd":458,"pos":"JJR","before":"","after":" "},{"index":3,"word":">","originalText":">","characterOffsetBegin":459,"characterOffsetEnd":460,"pos":"JJR","before":" ","after":""},{"index":4,"word":"How","originalText":"How","characterOffsetBegin":460,"characterOffsetEnd":463,"pos":"WRB","before":"","after":" "},{"index":5,"word":"can","originalText":"can","characterOffsetBegin":464,"characterOffsetEnd":467,"pos":"MD","before":" ","after":" "},{"index":6,"word":"I","originalText":"I","characterOffsetBegin":468,"characterOffsetEnd":469,"pos":"PRP","before":" ","after":" "},{"index":7,"word":"do","originalText":"do","characterOffsetBegin":470,"characterOffsetEnd":472,"pos":"VB","before":" ","after":" "},{"index":8,"word":"it","originalText":"it","characterOffsetBegin":473,"characterOffsetEnd":475,"pos":"PRP","before":" ","after":""},{"index":9,"word":"?","originalText":"?","characterOffsetBegin":475,"characterOffsetEnd":476,"pos":".","before":"","after":""}]},{"index":4,"tokens":[{"index":1,"word":"|","originalText":"|","characterOffsetBegin":476,"characterOffsetEnd":477,"pos":"NN","before":"","after":""},{"index":2,"word":">","originalText":">","characterOffsetBegin":477,"characterOffsetEnd":478,"pos":"JJR","before":"","after":" "},{"index":3,"word":"|","originalText":"|","characterOffsetBegin":479,"characterOffsetEnd":480,"pos":"CD","before":" ","after":""},{"index":4,"word":">","originalText":">","characterOffsetBegin":480,"characterOffsetEnd":481,"pos":"JJR","before":"","after":" "},{"index":5,"word":"Almost","originalText":"Almost","characterOffsetBegin":482,"characterOffsetEnd":488,"pos":"RB","before":" ","after":" "},{"index":6,"word":"all","originalText":"all","characterOffsetBegin":489,"characterOffsetEnd":492,"pos":"DT","before":" ","after":" "},{"index":7,"word":"window","originalText":"window","characterOffsetBegin":493,"characterOffsetEnd":499,"pos":"NN","before":" ","after":" "},{"index":8,"word":"managers","originalText":"managers","characterOffsetBegin":500,"characterOffsetEnd":508,"pos":"NNS","before":" ","after":" "},{"index":9,"word":"-LRB-","originalText":"(","characterOffsetBegin":509,"characterOffsetEnd":510,"pos":"-LRB-","before":" ","after":""},{"index":10,"word":"twm","originalText":"twm","characterOffsetBegin":510,"characterOffsetEnd":513,"pos":"NN","before":"","after":""},{"index":11,"word":",","originalText":",","characterOffsetBegin":513,"characterOffsetEnd":514,"pos":",","before":"","after":" "},{"index":12,"word":"mwm","originalText":"mwm","characterOffsetBegin":515,"characterOffsetEnd":518,"pos":"NN","before":" ","after":""},{"index":13,"word":",","originalText":",","characterOffsetBegin":518,"characterOffsetEnd":519,"pos":",","before":"","after":" "},{"index":14,"word":"olwm","originalText":"olwm","characterOffsetBegin":520,"characterOffsetEnd":524,"pos":"NN","before":" ","after":" "},{"index":15,"word":"and","originalText":"and","characterOffsetBegin":525,"characterOffsetEnd":528,"pos":"CC","before":" ","after":" "},{"index":16,"word":"their","originalText":"their","characterOffsetBegin":529,"characterOffsetEnd":534,"pos":"PRP$","before":" ","after":" "},{"index":17,"word":"derivates","originalText":"derivates","characterOffsetBegin":535,"characterOffsetEnd":544,"pos":"NNS","before":" ","after":""},{"index":18,"word":"-RRB-","originalText":")","characterOffsetBegin":544,"characterOffsetEnd":545,"pos":"-RRB-","before":"","after":" "},{"index":19,"word":"support","originalText":"support","characterOffsetBegin":546,"characterOffsetEnd":553,"pos":"VBP","before":" ","after":""},{"index":20,"word":"|","originalText":"|","characterOffsetBegin":553,"characterOffsetEnd":554,"pos":"CD","before":"","after":""},{"index":21,"word":">","originalText":">","characterOffsetBegin":554,"characterOffsetEnd":555,"pos":"JJR","before":"","after":" "},{"index":22,"word":"escape","originalText":"escape","characterOffsetBegin":556,"characterOffsetEnd":562,"pos":"NN","before":" ","after":" "},{"index":23,"word":"sequences","originalText":"sequences","characterOffsetBegin":563,"characterOffsetEnd":572,"pos":"NNS","before":" ","after":" "},{"index":24,"word":"for","originalText":"for","characterOffsetBegin":573,"characterOffsetEnd":576,"pos":"IN","before":" ","after":" "},{"index":25,"word":"it","originalText":"it","characterOffsetBegin":577,"characterOffsetEnd":579,"pos":"PRP","before":" ","after":""},{"index":26,"word":".","originalText":".","characterOffsetBegin":579,"characterOffsetEnd":580,"pos":".","before":"","after":" "}]},{"index":5,"tokens":[{"index":1,"word":"For","originalText":"For","characterOffsetBegin":581,"characterOffsetEnd":584,"pos":"IN","before":" ","after":" "},{"index":2,"word":"your","originalText":"your","characterOffsetBegin":585,"characterOffsetEnd":589,"pos":"PRP$","before":" ","after":" "},{"index":3,"word":"purpose","originalText":"purpose","characterOffsetBegin":590,"characterOffsetEnd":597,"pos":"NN","before":" ","after":" "},{"index":4,"word":"put","originalText":"put","characterOffsetBegin":598,"characterOffsetEnd":601,"pos":"VBD","before":" ","after":" "},{"index":5,"word":"following","originalText":"following","characterOffsetBegin":602,"characterOffsetEnd":611,"pos":"VBG","before":" ","after":" "},{"index":6,"word":"into","originalText":"into","characterOffsetBegin":612,"characterOffsetEnd":616,"pos":"IN","before":" ","after":" "},{"index":7,"word":"your","originalText":"your","characterOffsetBegin":617,"characterOffsetEnd":621,"pos":"PRP$","before":" ","after":""},{"index":8,"word":"|","originalText":"|","characterOffsetBegin":621,"characterOffsetEnd":622,"pos":"CD","before":"","after":""},{"index":9,"word":">","originalText":">","characterOffsetBegin":622,"characterOffsetEnd":623,"pos":"JJR","before":"","after":" "},{"index":10,"word":".","originalText":".","characterOffsetBegin":624,"characterOffsetEnd":625,"pos":".","before":" ","after":""}]},{"index":6,"tokens":[{"index":1,"word":"login","originalText":"login","characterOffsetBegin":625,"characterOffsetEnd":630,"pos":"NN","before":"","after":" "},{"index":2,"word":"-LRB-","originalText":"(","characterOffsetBegin":631,"characterOffsetEnd":632,"pos":"-LRB-","before":" ","after":""},{"index":3,"word":"if","originalText":"if","characterOffsetBegin":632,"characterOffsetEnd":634,"pos":"IN","before":"","after":" "},{"index":4,"word":"you","originalText":"you","characterOffsetBegin":635,"characterOffsetEnd":638,"pos":"PRP","before":" ","after":""},{"index":5,"word":"'re","originalText":"'re","characterOffsetBegin":638,"characterOffsetEnd":641,"pos":"VBP","before":"","after":" "},{"index":6,"word":"using","originalText":"using","characterOffsetBegin":642,"characterOffsetEnd":647,"pos":"VBG","before":" ","after":" "},{"index":7,"word":"csh","originalText":"csh","characterOffsetBegin":648,"characterOffsetEnd":651,"pos":"NN","before":" ","after":" "},{"index":8,"word":"or","originalText":"or","characterOffsetBegin":652,"characterOffsetEnd":654,"pos":"CC","before":" ","after":" "},{"index":9,"word":"tcsh","originalText":"tcsh","characterOffsetBegin":655,"characterOffsetEnd":659,"pos":"NN","before":" ","after":""},{"index":10,"word":"-RRB-","originalText":")","characterOffsetBegin":659,"characterOffsetEnd":660,"pos":"-RRB-","before":"","after":""},{"index":11,"word":",","originalText":",","characterOffsetBegin":660,"characterOffsetEnd":661,"pos":",","before":"","after":" "},{"index":12,"word":"for","originalText":"for","characterOffsetBegin":662,"characterOffsetEnd":665,"pos":"IN","before":" ","after":" "},{"index":13,"word":"sh","originalText":"sh","characterOffsetBegin":666,"characterOffsetEnd":668,"pos":"NN","before":" ","after":" "},{"index":14,"word":"you","originalText":"you","characterOffsetBegin":669,"characterOffsetEnd":672,"pos":"PRP","before":" ","after":" "},{"index":15,"word":"have","originalText":"have","characterOffsetBegin":673,"characterOffsetEnd":677,"pos":"VBP","before":" ","after":" "},{"index":16,"word":"to","originalText":"to","characterOffsetBegin":678,"characterOffsetEnd":680,"pos":"TO","before":" ","after":" "},{"index":17,"word":"modify","originalText":"modify","characterOffsetBegin":681,"characterOffsetEnd":687,"pos":"VB","before":" ","after":" "},{"index":18,"word":"it","originalText":"it","characterOffsetBegin":688,"characterOffsetEnd":690,"pos":"PRP","before":" ","after":""},{"index":19,"word":".","originalText":".","characterOffsetBegin":690,"characterOffsetEnd":691,"pos":".","before":"","after":""}]},{"index":7,"tokens":[{"index":1,"word":"|","originalText":"|","characterOffsetBegin":691,"characterOffsetEnd":692,"pos":"NN","before":"","after":""},{"index":2,"word":">","originalText":">","characterOffsetBegin":692,"characterOffsetEnd":693,"pos":"JJR","before":"","after":" "},{"index":3,"word":"|","originalText":"|","characterOffsetBegin":694,"characterOffsetEnd":695,"pos":"CD","before":" ","after":""},{"index":4,"word":">","originalText":">","characterOffsetBegin":695,"characterOffsetEnd":696,"pos":"JJR","before":"","after":" "},{"index":5,"word":"if","originalText":"if","characterOffsetBegin":697,"characterOffsetEnd":699,"pos":"IN","before":" ","after":" "},{"index":6,"word":"-LRB-","originalText":"(","characterOffsetBegin":700,"characterOffsetEnd":701,"pos":"-LRB-","before":" ","after":" "},{"index":7,"word":"``","originalText":"\"","characterOffsetBegin":702,"characterOffsetEnd":703,"pos":"``","before":" ","after":""},{"index":8,"word":"$","originalText":"$","characterOffsetBegin":703,"characterOffsetEnd":704,"pos":"$","before":"","after":""},{"index":9,"word":"term","originalText":"term","characterOffsetBegin":704,"characterOffsetEnd":708,"pos":"JJ","before":"","after":""},{"index":10,"word":"''","originalText":"\"","characterOffsetBegin":708,"characterOffsetEnd":709,"pos":"''","before":"","after":" "},{"index":11,"word":"==","originalText":"==","characterOffsetBegin":710,"characterOffsetEnd":712,"pos":"NN","before":" ","after":" "},{"index":12,"word":"``","originalText":"\"","characterOffsetBegin":713,"characterOffsetEnd":714,"pos":"``","before":" ","after":""},{"index":13,"word":"xterm","originalText":"xterm","characterOffsetBegin":714,"characterOffsetEnd":719,"pos":"NN","before":"","after":""},{"index":14,"word":"''","originalText":"\"","characterOffsetBegin":719,"characterOffsetEnd":720,"pos":"''","before":"","after":" "},{"index":15,"word":"-RRB-","originalText":")","characterOffsetBegin":721,"characterOffsetEnd":722,"pos":"-RRB-","before":" ","after":" "},{"index":16,"word":"then","originalText":"then","characterOffsetBegin":723,"characterOffsetEnd":727,"pos":"RB","before":" ","after":""},{"index":17,"word":"|","originalText":"|","characterOffsetBegin":727,"characterOffsetEnd":728,"pos":"CD","before":"","after":""},{"index":18,"word":">","originalText":">","characterOffsetBegin":728,"characterOffsetEnd":729,"pos":"JJR","before":"","after":" \t"},{"index":19,"word":"echo","originalText":"echo","characterOffsetBegin":731,"characterOffsetEnd":735,"pos":"VBP","before":" \t","after":" "},{"index":20,"word":"''","originalText":"\"","characterOffsetBegin":736,"characterOffsetEnd":737,"pos":"''","before":" ","after":""},{"index":21,"word":"^","originalText":"^","characterOffsetBegin":737,"characterOffsetEnd":738,"pos":"NN","before":"","after":""},{"index":22,"word":"-LSB-","originalText":"[","characterOffsetBegin":738,"characterOffsetEnd":739,"pos":"-LRB-","before":"","after":""},{"index":23,"word":"-RSB-","originalText":"]","characterOffsetBegin":739,"characterOffsetEnd":740,"pos":"-RRB-","before":"","after":""},{"index":24,"word":"2","originalText":"2","characterOffsetBegin":740,"characterOffsetEnd":741,"pos":"CD","before":"","after":""},{"index":25,"word":";","originalText":";","characterOffsetBegin":741,"characterOffsetEnd":742,"pos":":","before":"","after":""},{"index":26,"word":"$","originalText":"$","characterOffsetBegin":742,"characterOffsetEnd":743,"pos":"$","before":"","after":""},{"index":27,"word":"-LCB-","originalText":"{","characterOffsetBegin":743,"characterOffsetEnd":744,"pos":"-LRB-","before":"","after":""},{"index":28,"word":"LOGNAME","originalText":"LOGNAME","characterOffsetBegin":744,"characterOffsetEnd":751,"pos":"NN","before":"","after":""},{"index":29,"word":"-RCB-","originalText":"}","characterOffsetBegin":751,"characterOffsetEnd":752,"pos":"-RRB-","before":"","after":""},{"index":30,"word":"@","originalText":"@","characterOffsetBegin":752,"characterOffsetEnd":753,"pos":"IN","before":"","after":""},{"index":31,"word":"$","originalText":"$","characterOffsetBegin":753,"characterOffsetEnd":754,"pos":"$","before":"","after":""},{"index":32,"word":"-LCB-","originalText":"{","characterOffsetBegin":754,"characterOffsetEnd":755,"pos":"-LRB-","before":"","after":""},{"index":33,"word":"HOST","originalText":"HOST","characterOffsetBegin":755,"characterOffsetEnd":759,"pos":"NN","before":"","after":""},{"index":34,"word":"-RCB-","originalText":"}","characterOffsetBegin":759,"characterOffsetEnd":760,"pos":"-RRB-","before":"","after":""},{"index":35,"word":"^","originalText":"^","characterOffsetBegin":760,"characterOffsetEnd":761,"pos":"CD","before":"","after":""},{"index":36,"word":"G","originalText":"G","characterOffsetBegin":761,"characterOffsetEnd":762,"pos":"NN","before":"","after":""},{"index":37,"word":"^","originalText":"^","characterOffsetBegin":762,"characterOffsetEnd":763,"pos":"NN","before":"","after":""},{"index":38,"word":"-LSB-","originalText":"[","characterOffsetBegin":763,"characterOffsetEnd":764,"pos":"-LRB-","before":"","after":""},{"index":39,"word":"-RSB-","originalText":"]","characterOffsetBegin":764,"characterOffsetEnd":765,"pos":"-RRB-","before":"","after":""},{"index":40,"word":"1","originalText":"1","characterOffsetBegin":765,"characterOffsetEnd":766,"pos":"CD","before":"","after":""},{"index":41,"word":";","originalText":";","characterOffsetBegin":766,"characterOffsetEnd":767,"pos":":","before":"","after":""},{"index":42,"word":"$","originalText":"$","characterOffsetBegin":767,"characterOffsetEnd":768,"pos":"$","before":"","after":""},{"index":43,"word":"-LCB-","originalText":"{","characterOffsetBegin":768,"characterOffsetEnd":769,"pos":"-LRB-","before":"","after":""},{"index":44,"word":"HOST","originalText":"HOST","characterOffsetBegin":769,"characterOffsetEnd":773,"pos":"NN","before":"","after":""},{"index":45,"word":"-RCB-","originalText":"}","characterOffsetBegin":773,"characterOffsetEnd":774,"pos":"-RRB-","before":"","after":""},{"index":46,"word":"^","originalText":"^","characterOffsetBegin":774,"characterOffsetEnd":775,"pos":"CD","before":"","after":""},{"index":47,"word":"G","originalText":"G","characterOffsetBegin":775,"characterOffsetEnd":776,"pos":"NN","before":"","after":""},{"index":48,"word":"''","originalText":"\"","characterOffsetBegin":776,"characterOffsetEnd":777,"pos":"''","before":"","after":""},{"index":49,"word":"|","originalText":"|","characterOffsetBegin":777,"characterOffsetEnd":778,"pos":"SYM","before":"","after":""},{"index":50,"word":">","originalText":">","characterOffsetBegin":778,"characterOffsetEnd":779,"pos":"JJR","before":"","after":" "},{"index":51,"word":"endif","originalText":"endif","characterOffsetBegin":780,"characterOffsetEnd":785,"pos":"FW","before":" ","after":""},{"index":52,"word":"|","originalText":"|","characterOffsetBegin":785,"characterOffsetEnd":786,"pos":"FW","before":"","after":""},{"index":53,"word":">","originalText":">","characterOffsetBegin":786,"characterOffsetEnd":787,"pos":"JJR","before":"","after":" "},{"index":54,"word":"1","originalText":"1","characterOffsetBegin":788,"characterOffsetEnd":789,"pos":"LS","before":" ","after":""},{"index":55,"word":"-RRB-","originalText":")","characterOffsetBegin":789,"characterOffsetEnd":790,"pos":"-RRB-","before":"","after":" "},{"index":56,"word":"This","originalText":"This","characterOffsetBegin":791,"characterOffsetEnd":795,"pos":"DT","before":" ","after":" "},{"index":57,"word":"is","originalText":"is","characterOffsetBegin":796,"characterOffsetEnd":798,"pos":"VBZ","before":" ","after":" "},{"index":58,"word":"NOT","originalText":"NOT","characterOffsetBegin":799,"characterOffsetEnd":802,"pos":"RB","before":" ","after":" "},{"index":59,"word":"a","originalText":"a","characterOffsetBegin":803,"characterOffsetEnd":804,"pos":"DT","before":" ","after":" "},{"index":60,"word":"feature","originalText":"feature","characterOffsetBegin":805,"characterOffsetEnd":812,"pos":"NN","before":" ","after":" "},{"index":61,"word":"of","originalText":"of","characterOffsetBegin":813,"characterOffsetEnd":815,"pos":"IN","before":" ","after":" "},{"index":62,"word":"the","originalText":"the","characterOffsetBegin":816,"characterOffsetEnd":819,"pos":"DT","before":" ","after":" "},{"index":63,"word":"Window","originalText":"Window","characterOffsetBegin":820,"characterOffsetEnd":826,"pos":"NNP","before":" ","after":" "},{"index":64,"word":"Manager","originalText":"Manager","characterOffsetBegin":827,"characterOffsetEnd":834,"pos":"NNP","before":" ","after":" "},{"index":65,"word":"but","originalText":"but","characterOffsetBegin":835,"characterOffsetEnd":838,"pos":"CC","before":" ","after":" "},{"index":66,"word":"of","originalText":"of","characterOffsetBegin":839,"characterOffsetEnd":841,"pos":"IN","before":" ","after":" "},{"index":67,"word":"xterm","originalText":"xterm","characterOffsetBegin":842,"characterOffsetEnd":847,"pos":"NN","before":" ","after":""},{"index":68,"word":".2","originalText":".2","characterOffsetBegin":847,"characterOffsetEnd":849,"pos":"NN","before":"","after":""},{"index":69,"word":"-RRB-","originalText":")","characterOffsetBegin":849,"characterOffsetEnd":850,"pos":"-RRB-","before":"","after":" "},{"index":70,"word":"This","originalText":"This","characterOffsetBegin":851,"characterOffsetEnd":855,"pos":"DT","before":" ","after":" "},{"index":71,"word":"sequences","originalText":"sequences","characterOffsetBegin":856,"characterOffsetEnd":865,"pos":"NNS","before":" ","after":" "},{"index":72,"word":"are","originalText":"are","characterOffsetBegin":866,"characterOffsetEnd":869,"pos":"VBP","before":" ","after":" "},{"index":73,"word":"NOT","originalText":"NOT","characterOffsetBegin":870,"characterOffsetEnd":873,"pos":"NNP","before":" ","after":" "},{"index":74,"word":"ANSI","originalText":"ANSI","characterOffsetBegin":874,"characterOffsetEnd":878,"pos":"NNP","before":" ","after":" "},{"index":75,"word":"compatible","originalText":"compatible","characterOffsetBegin":879,"characterOffsetEnd":889,"pos":"JJ","before":" ","after":""},{"index":76,"word":",","originalText":",","characterOffsetBegin":889,"characterOffsetEnd":890,"pos":",","before":"","after":" "},{"index":77,"word":"are","originalText":"are","characterOffsetBegin":891,"characterOffsetEnd":894,"pos":"VBP","before":" ","after":" "},{"index":78,"word":"they","originalText":"they","characterOffsetBegin":895,"characterOffsetEnd":899,"pos":"PRP","before":" ","after":" "},{"index":79,"word":"?","originalText":"?","characterOffsetBegin":900,"characterOffsetEnd":901,"pos":".","before":" ","after":"   "}]},{"index":8,"tokens":[{"index":1,"word":"Does","originalText":"Does","characterOffsetBegin":904,"characterOffsetEnd":908,"pos":"VBZ","before":"   ","after":" "},{"index":2,"word":"anyone","originalText":"anyone","characterOffsetBegin":909,"characterOffsetEnd":915,"pos":"NN","before":" ","after":" "},{"index":3,"word":"know","originalText":"know","characterOffsetBegin":916,"characterOffsetEnd":920,"pos":"VB","before":" ","after":" "},{"index":4,"word":"IF","originalText":"IF","characterOffsetBegin":921,"characterOffsetEnd":923,"pos":"IN","before":" ","after":" "},{"index":5,"word":"there","originalText":"there","characterOffsetBegin":924,"characterOffsetEnd":929,"pos":"EX","before":" ","after":" "},{"index":6,"word":"are","originalText":"are","characterOffsetBegin":930,"characterOffsetEnd":933,"pos":"VBP","before":" ","after":" "},{"index":7,"word":"compatible","originalText":"compatible","characterOffsetBegin":934,"characterOffsetEnd":944,"pos":"JJ","before":" ","after":" "},{"index":8,"word":"sequences","originalText":"sequences","characterOffsetBegin":945,"characterOffsetEnd":954,"pos":"NNS","before":" ","after":" "},{"index":9,"word":"for","originalText":"for","characterOffsetBegin":955,"characterOffsetEnd":958,"pos":"IN","before":" ","after":" "},{"index":10,"word":"this","originalText":"this","characterOffsetBegin":959,"characterOffsetEnd":963,"pos":"DT","before":" ","after":" "},{"index":11,"word":"and","originalText":"and","characterOffsetBegin":964,"characterOffsetEnd":967,"pos":"CC","before":" ","after":" "},{"index":12,"word":"what","originalText":"what","characterOffsetBegin":968,"characterOffsetEnd":972,"pos":"WP","before":" ","after":" "},{"index":13,"word":"they","originalText":"they","characterOffsetBegin":973,"characterOffsetEnd":977,"pos":"PRP","before":" ","after":"   "},{"index":14,"word":"are","originalText":"are","characterOffsetBegin":980,"characterOffsetEnd":983,"pos":"VBP","before":"   ","after":" "},{"index":15,"word":"?","originalText":"?","characterOffsetBegin":984,"characterOffsetEnd":985,"pos":".","before":" ","after":" "}]},{"index":9,"tokens":[{"index":1,"word":"I","originalText":"I","characterOffsetBegin":986,"characterOffsetEnd":987,"pos":"PRP","before":" ","after":" "},{"index":2,"word":"would","originalText":"would","characterOffsetBegin":988,"characterOffsetEnd":993,"pos":"MD","before":" ","after":" "},{"index":3,"word":"think","originalText":"think","characterOffsetBegin":994,"characterOffsetEnd":999,"pos":"VB","before":" ","after":" "},{"index":4,"word":"they","originalText":"they","characterOffsetBegin":1000,"characterOffsetEnd":1004,"pos":"PRP","before":" ","after":" "},{"index":5,"word":"are","originalText":"are","characterOffsetBegin":1005,"characterOffsetEnd":1008,"pos":"VBP","before":" ","after":" "},{"index":6,"word":"DCS","originalText":"DCS","characterOffsetBegin":1009,"characterOffsetEnd":1012,"pos":"NN","before":" ","after":" "},{"index":7,"word":"-LRB-","originalText":"(","characterOffsetBegin":1013,"characterOffsetEnd":1014,"pos":"-LRB-","before":" ","after":""},{"index":8,"word":"device","originalText":"device","characterOffsetBegin":1014,"characterOffsetEnd":1020,"pos":"NN","before":"","after":" "},{"index":9,"word":"control","originalText":"control","characterOffsetBegin":1021,"characterOffsetEnd":1028,"pos":"NN","before":" ","after":" "},{"index":10,"word":"sequence","originalText":"sequence","characterOffsetBegin":1029,"characterOffsetEnd":1037,"pos":"NN","before":" ","after":""},{"index":11,"word":"-RRB-","originalText":")","characterOffsetBegin":1037,"characterOffsetEnd":1038,"pos":"-RRB-","before":"","after":" "},{"index":12,"word":"introduced","originalText":"introduced","characterOffsetBegin":1039,"characterOffsetEnd":1049,"pos":"VBN","before":" ","after":""},{"index":13,"word":",","originalText":",","characterOffsetBegin":1049,"characterOffsetEnd":1050,"pos":",","before":"","after":"   "},{"index":14,"word":"but","originalText":"but","characterOffsetBegin":1053,"characterOffsetEnd":1056,"pos":"CC","before":"   ","after":" "},{"index":15,"word":"may","originalText":"may","characterOffsetBegin":1057,"characterOffsetEnd":1060,"pos":"MD","before":" ","after":" "},{"index":16,"word":"be","originalText":"be","characterOffsetBegin":1061,"characterOffsetEnd":1063,"pos":"VB","before":" ","after":" "},{"index":17,"word":"a","originalText":"a","characterOffsetBegin":1064,"characterOffsetEnd":1065,"pos":"DT","before":" ","after":" "},{"index":18,"word":"CSI","originalText":"CSI","characterOffsetBegin":1066,"characterOffsetEnd":1069,"pos":"NNP","before":" ","after":" "},{"index":19,"word":"sequence","originalText":"sequence","characterOffsetBegin":1070,"characterOffsetEnd":1078,"pos":"NN","before":" ","after":" "},{"index":20,"word":"exists","originalText":"exists","characterOffsetBegin":1079,"characterOffsetEnd":1085,"pos":"VBZ","before":" ","after":""},{"index":21,"word":",","originalText":",","characterOffsetBegin":1085,"characterOffsetEnd":1086,"pos":",","before":"","after":" "},{"index":22,"word":"too","originalText":"too","characterOffsetBegin":1087,"characterOffsetEnd":1090,"pos":"RB","before":" ","after":" "},{"index":23,"word":"?","originalText":"?","characterOffsetBegin":1091,"characterOffsetEnd":1092,"pos":".","before":" ","after":"   "}]},{"index":10,"tokens":[{"index":1,"word":"This","originalText":"This","characterOffsetBegin":1095,"characterOffsetEnd":1099,"pos":"DT","before":"   ","after":" "},{"index":2,"word":"MUST","originalText":"MUST","characterOffsetBegin":1100,"characterOffsetEnd":1104,"pos":"NN","before":" ","after":" "},{"index":3,"word":"work","originalText":"work","characterOffsetBegin":1105,"characterOffsetEnd":1109,"pos":"NN","before":" ","after":" "},{"index":4,"word":"on","originalText":"on","characterOffsetBegin":1110,"characterOffsetEnd":1112,"pos":"IN","before":" ","after":" "},{"index":5,"word":"a","originalText":"a","characterOffsetBegin":1113,"characterOffsetEnd":1114,"pos":"DT","before":" ","after":" "},{"index":6,"word":"dxterm","originalText":"dxterm","characterOffsetBegin":1115,"characterOffsetEnd":1121,"pos":"NN","before":" ","after":" "},{"index":7,"word":"-LRB-","originalText":"(","characterOffsetBegin":1122,"characterOffsetEnd":1123,"pos":"-LRB-","before":" ","after":""},{"index":8,"word":"VT","originalText":"VT","characterOffsetBegin":1123,"characterOffsetEnd":1125,"pos":"NN","before":"","after":" "},{"index":9,"word":"and","originalText":"and","characterOffsetBegin":1126,"characterOffsetEnd":1129,"pos":"CC","before":" ","after":" "},{"index":10,"word":"ANSI","originalText":"ANSI","characterOffsetBegin":1130,"characterOffsetEnd":1134,"pos":"NN","before":" ","after":" "},{"index":11,"word":"compatible","originalText":"compatible","characterOffsetBegin":1135,"characterOffsetEnd":1145,"pos":"JJ","before":" ","after":""},{"index":12,"word":"-RRB-","originalText":")","characterOffsetBegin":1145,"characterOffsetEnd":1146,"pos":"-RRB-","before":"","after":""},{"index":13,"word":",","originalText":",","characterOffsetBegin":1146,"characterOffsetEnd":1147,"pos":",","before":"","after":" "},{"index":14,"word":"it","originalText":"it","characterOffsetBegin":1148,"characterOffsetEnd":1150,"pos":"PRP","before":" ","after":" "},{"index":15,"word":"may","originalText":"may","characterOffsetBegin":1151,"characterOffsetEnd":1154,"pos":"MD","before":" ","after":" "},{"index":16,"word":"not","originalText":"not","characterOffsetBegin":1155,"characterOffsetEnd":1158,"pos":"RB","before":" ","after":" "},{"index":17,"word":"work","originalText":"work","characterOffsetBegin":1159,"characterOffsetEnd":1163,"pos":"VB","before":" ","after":"   "},{"index":18,"word":"on","originalText":"on","characterOffsetBegin":1166,"characterOffsetEnd":1168,"pos":"IN","before":"   ","after":" "},{"index":19,"word":"xterms","originalText":"xterms","characterOffsetBegin":1169,"characterOffsetEnd":1175,"pos":"NNS","before":" ","after":""},{"index":20,"word":".","originalText":".","characterOffsetBegin":1175,"characterOffsetEnd":1176,"pos":".","before":"","after":""}]},{"index":11,"tokens":[{"index":1,"word":"--","originalText":"--","characterOffsetBegin":1176,"characterOffsetEnd":1178,"pos":":","before":"","after":""},{"index":2,"word":"+","originalText":"+","characterOffsetBegin":1178,"characterOffsetEnd":1179,"pos":"CC","before":"","after":""},{"index":3,"word":"-","originalText":"-","characterOffsetBegin":1179,"characterOffsetEnd":1180,"pos":":","before":"","after":""},{"index":4,"word":"o","originalText":"o","characterOffsetBegin":1180,"characterOffsetEnd":1181,"pos":"NN","before":"","after":""},{"index":5,"word":"-","originalText":"-","characterOffsetBegin":1181,"characterOffsetEnd":1182,"pos":":","before":"","after":""},{"index":6,"word":"+","originalText":"+","characterOffsetBegin":1182,"characterOffsetEnd":1183,"pos":"CC","before":"","after":""},{"index":7,"word":"--------------------------------------------------------------","originalText":"--------------------------------------------------------------","characterOffsetBegin":1183,"characterOffsetEnd":1245,"pos":"CD","before":"","after":""},{"index":8,"word":"+","originalText":"+","characterOffsetBegin":1245,"characterOffsetEnd":1246,"pos":"CC","before":"","after":""},{"index":9,"word":"-","originalText":"-","characterOffsetBegin":1246,"characterOffsetEnd":1247,"pos":":","before":"","after":""},{"index":10,"word":"o","originalText":"o","characterOffsetBegin":1247,"characterOffsetEnd":1248,"pos":"NN","before":"","after":""},{"index":11,"word":"-","originalText":"-","characterOffsetBegin":1248,"characterOffsetEnd":1249,"pos":":","before":"","after":""},{"index":12,"word":"+","originalText":"+","characterOffsetBegin":1249,"characterOffsetEnd":1250,"pos":"CC","before":"","after":""},{"index":13,"word":"|","originalText":"|","characterOffsetBegin":1250,"characterOffsetEnd":1251,"pos":"CD","before":"","after":" "},{"index":14,"word":"o","originalText":"o","characterOffsetBegin":1252,"characterOffsetEnd":1253,"pos":"NN","before":" ","after":" "},{"index":15,"word":"|","originalText":"|","characterOffsetBegin":1254,"characterOffsetEnd":1255,"pos":"CD","before":" ","after":"                "},{"index":16,"word":"\\","originalText":"\\","characterOffsetBegin":1271,"characterOffsetEnd":1272,"pos":"CD","before":"                ","after":""},{"index":17,"word":"\\","originalText":"\\","characterOffsetBegin":1272,"characterOffsetEnd":1273,"pos":"CD","before":"","after":""},{"index":18,"word":"\\","originalText":"\\","characterOffsetBegin":1273,"characterOffsetEnd":1274,"pos":"SYM","before":"","after":""},{"index":19,"word":"-","originalText":"-","characterOffsetBegin":1274,"characterOffsetEnd":1275,"pos":":","before":"","after":"  "},{"index":20,"word":"Brain","originalText":"Brain","characterOffsetBegin":1277,"characterOffsetEnd":1282,"pos":"NN","before":"  ","after":" "},{"index":21,"word":"Inside","originalText":"Inside","characterOffsetBegin":1283,"characterOffsetEnd":1289,"pos":"IN","before":" ","after":" "},{"index":22,"word":"-","originalText":"-","characterOffsetBegin":1290,"characterOffsetEnd":1291,"pos":":","before":" ","after":""},{"index":23,"word":"/","originalText":"/","characterOffsetBegin":1291,"characterOffsetEnd":1292,"pos":":","before":"","after":""},{"index":24,"word":"/","originalText":"/","characterOffsetBegin":1292,"characterOffsetEnd":1293,"pos":":","before":"","after":""},{"index":25,"word":"/","originalText":"/","characterOffsetBegin":1293,"characterOffsetEnd":1294,"pos":":","before":"","after":"                       "},{"index":26,"word":"|","originalText":"|","characterOffsetBegin":1317,"characterOffsetEnd":1318,"pos":"CD","before":"                       ","after":" "},{"index":27,"word":"o","originalText":"o","characterOffsetBegin":1319,"characterOffsetEnd":1320,"pos":"NN","before":" ","after":" "},{"index":28,"word":"|","originalText":"|","characterOffsetBegin":1321,"characterOffsetEnd":1322,"pos":"CD","before":" ","after":""},{"index":29,"word":"|","originalText":"|","characterOffsetBegin":1322,"characterOffsetEnd":1323,"pos":"CD","before":"","after":" "},{"index":30,"word":"o","originalText":"o","characterOffsetBegin":1324,"characterOffsetEnd":1325,"pos":"NN","before":" ","after":" "},{"index":31,"word":"|","originalText":"|","characterOffsetBegin":1326,"characterOffsetEnd":1327,"pos":"FW","before":" ","after":"                    "},{"index":32,"word":"^","originalText":"^","characterOffsetBegin":1347,"characterOffsetEnd":1348,"pos":"FW","before":"                    ","after":""},{"index":33,"word":"^","originalText":"^","characterOffsetBegin":1348,"characterOffsetEnd":1349,"pos":"FW","before":"","after":""},{"index":34,"word":"^","originalText":"^","characterOffsetBegin":1349,"characterOffsetEnd":1350,"pos":"FW","before":"","after":""},{"index":35,"word":"^","originalText":"^","characterOffsetBegin":1350,"characterOffsetEnd":1351,"pos":"FW","before":"","after":""},{"index":36,"word":"^","originalText":"^","characterOffsetBegin":1351,"characterOffsetEnd":1352,"pos":"FW","before":"","after":""},{"index":37,"word":"^","originalText":"^","characterOffsetBegin":1352,"characterOffsetEnd":1353,"pos":"FW","before":"","after":""},{"index":38,"word":"^","originalText":"^","characterOffsetBegin":1353,"characterOffsetEnd":1354,"pos":"FW","before":"","after":""},{"index":39,"word":"^","originalText":"^","characterOffsetBegin":1354,"characterOffsetEnd":1355,"pos":"FW","before":"","after":""},{"index":40,"word":"^","originalText":"^","characterOffsetBegin":1355,"characterOffsetEnd":1356,"pos":"FW","before":"","after":""},{"index":41,"word":"^","originalText":"^","characterOffsetBegin":1356,"characterOffsetEnd":1357,"pos":"FW","before":"","after":""},{"index":42,"word":"^","originalText":"^","characterOffsetBegin":1357,"characterOffsetEnd":1358,"pos":"FW","before":"","after":""},{"index":43,"word":"^","originalText":"^","characterOffsetBegin":1358,"characterOffsetEnd":1359,"pos":"FW","before":"","after":""},{"index":44,"word":"^","originalText":"^","characterOffsetBegin":1359,"characterOffsetEnd":1360,"pos":"FW","before":"","after":""},{"index":45,"word":"^","originalText":"^","characterOffsetBegin":1360,"characterOffsetEnd":1361,"pos":"FW","before":"","after":""},{"index":46,"word":"^","originalText":"^","characterOffsetBegin":1361,"characterOffsetEnd":1362,"pos":"FW","before":"","after":"                           "},{"index":47,"word":"|","originalText":"|","characterOffsetBegin":1389,"characterOffsetEnd":1390,"pos":"FW","before":"                           ","after":" "},{"index":48,"word":"o","originalText":"o","characterOffsetBegin":1391,"characterOffsetEnd":1392,"pos":"NN","before":" ","after":" "},{"index":49,"word":"|","originalText":"|","characterOffsetBegin":1393,"characterOffsetEnd":1394,"pos":"CD","before":" ","after":""},{"index":50,"word":"|","originalText":"|","characterOffsetBegin":1394,"characterOffsetEnd":1395,"pos":"CD","before":"","after":" "},{"index":51,"word":"o","originalText":"o","characterOffsetBegin":1396,"characterOffsetEnd":1397,"pos":"NN","before":" ","after":" "},{"index":52,"word":"|","originalText":"|","characterOffsetBegin":1398,"characterOffsetEnd":1399,"pos":"CD","before":" ","after":" "},{"index":53,"word":"Andre","originalText":"Andre","characterOffsetBegin":1400,"characterOffsetEnd":1405,"pos":"NNP","before":" ","after":""},{"index":54,"word":"'","originalText":"'","characterOffsetBegin":1405,"characterOffsetEnd":1406,"pos":"POS","before":"","after":" "},{"index":55,"word":"Beck","originalText":"Beck","characterOffsetBegin":1407,"characterOffsetEnd":1411,"pos":"NN","before":" ","after":" "},{"index":56,"word":"-LRB-","originalText":"(","characterOffsetBegin":1412,"characterOffsetEnd":1413,"pos":"-LRB-","before":" ","after":""},{"index":57,"word":"ABPSoft","originalText":"ABPSoft","characterOffsetBegin":1413,"characterOffsetEnd":1420,"pos":"NN","before":"","after":""},{"index":58,"word":"-RRB-","originalText":")","characterOffsetBegin":1420,"characterOffsetEnd":1421,"pos":"-RRB-","before":"","after":" "},{"index":59,"word":"mehl","originalText":"mehl","characterOffsetBegin":1422,"characterOffsetEnd":1426,"pos":"NN","before":" ","after":""},{"index":60,"word":":","originalText":":","characterOffsetBegin":1426,"characterOffsetEnd":1427,"pos":":","before":"","after":" "},{"index":61,"word":"Andre_Beck@IRS.Inf.TU-Dresden.de","originalText":"Andre_Beck@IRS.Inf.TU-Dresden.de","characterOffsetBegin":1428,"characterOffsetEnd":1460,"pos":"JJ","before":" ","after":" "},{"index":62,"word":"|","originalText":"|","characterOffsetBegin":1461,"characterOffsetEnd":1462,"pos":"NN","before":" ","after":" "},{"index":63,"word":"o","originalText":"o","characterOffsetBegin":1463,"characterOffsetEnd":1464,"pos":"NN","before":" ","after":" "},{"index":64,"word":"|","originalText":"|","characterOffsetBegin":1465,"characterOffsetEnd":1466,"pos":"NN","before":" ","after":""},{"index":65,"word":"+","originalText":"+","characterOffsetBegin":1466,"characterOffsetEnd":1467,"pos":"CC","before":"","after":""},{"index":66,"word":"-","originalText":"-","characterOffsetBegin":1467,"characterOffsetEnd":1468,"pos":":","before":"","after":""},{"index":67,"word":"o","originalText":"o","characterOffsetBegin":1468,"characterOffsetEnd":1469,"pos":"NN","before":"","after":""},{"index":68,"word":"-","originalText":"-","characterOffsetBegin":1469,"characterOffsetEnd":1470,"pos":":","before":"","after":""},{"index":69,"word":"+","originalText":"+","characterOffsetBegin":1470,"characterOffsetEnd":1471,"pos":"CC","before":"","after":""},{"index":70,"word":"--------------------------------------------------------------","originalText":"--------------------------------------------------------------","characterOffsetBegin":1471,"characterOffsetEnd":1533,"pos":"CD","before":"","after":""},{"index":71,"word":"+","originalText":"+","characterOffsetBegin":1533,"characterOffsetEnd":1534,"pos":"CC","before":"","after":""},{"index":72,"word":"-","originalText":"-","characterOffsetBegin":1534,"characterOffsetEnd":1535,"pos":":","before":"","after":""},{"index":73,"word":"o","originalText":"o","characterOffsetBegin":1535,"characterOffsetEnd":1536,"pos":"NN","before":"","after":""},{"index":74,"word":"-","originalText":"-","characterOffsetBegin":1536,"characterOffsetEnd":1537,"pos":":","before":"","after":""},{"index":75,"word":"+","originalText":"+","characterOffsetBegin":1537,"characterOffsetEnd":1538,"pos":"CC","before":"","after":""}]}]}