{"sentences":[{"index":0,"tokens":[{"index":1,"word":"From","originalText":"From","characterOffsetBegin":0,"characterOffsetEnd":4,"pos":"IN","before":"","after":""},{"index":2,"word":":","originalText":":","characterOffsetBegin":4,"characterOffsetEnd":5,"pos":":","before":"","after":" "},{"index":3,"word":"beck@irzr17.inf.tu-dresden.de","originalText":"beck@irzr17.inf.tu-dresden.de","characterOffsetBegin":6,"characterOffsetEnd":35,"pos":"NN","before":" ","after":" "},{"index":4,"word":"-LRB-","originalText":"(","characterOffsetBegin":36,"characterOffsetEnd":37,"pos":"-LRB-","before":" ","after":""},{"index":5,"word":"Andre","originalText":"Andre","characterOffsetBegin":37,"characterOffsetEnd":42,"pos":"NNP","before":"","after":" "},{"index":6,"word":"Beck","originalText":"Beck","characterOffsetBegin":43,"characterOffsetEnd":47,"pos":"NNP","before":" ","after":""},{"index":7,"word":"-RRB-","originalText":")","characterOffsetBegin":47,"characterOffsetEnd":48,"pos":"-RRB-","before":"","after":""},{"index":8,"word":"Subject","originalText":"Subject","characterOffsetBegin":48,"characterOffsetEnd":55,"pos":"NNP","before":"","after":""},{"index":9,"word":":","originalText":":","characterOffsetBegin":55,"characterOffsetEnd":56,"pos":":","before":"","after":" "},{"index":10,"word":"Re","originalText":"Re","characterOffsetBegin":57,"characterOffsetEnd":59,"pos":"NNP","before":" ","after":""},{"index":11,"word":":","originalText":":","characterOffsetBegin":59,"characterOffsetEnd":60,"pos":":","before":"","after":" "},{"index":12,"word":"System","originalText":"System","characterOffsetBegin":61,"characterOffsetEnd":67,"pos":"NNP","before":" ","after":" "},{"index":13,"word":"file","originalText":"file","characterOffsetBegin":68,"characterOffsetEnd":72,"pos":"NN","before":" ","after":" "},{"index":14,"word":"in","originalText":"in","characterOffsetBegin":73,"characterOffsetEnd":75,"pos":"IN","before":" ","after":" "},{"index":15,"word":"/","originalText":"/","characterOffsetBegin":76,"characterOffsetEnd":77,"pos":":","before":" ","after":""},{"index":16,"word":"tmpIn","originalText":"tmpIn","characterOffsetBegin":77,"characterOffsetEnd":82,"pos":"NN","before":"","after":" "},{"index":17,"word":"article","originalText":"article","characterOffsetBegin":83,"characterOffsetEnd":90,"pos":"NN","before":" ","after":" "},{"index":18,"word":"<C5JJIG.Doy@acsu.buffalo.edu>","originalText":"<C5JJIG.Doy@acsu.buffalo.edu>","characterOffsetBegin":91,"characterOffsetEnd":120,"pos":"NN","before":" ","after":""},{"index":19,"word":",","originalText":",","characterOffsetBegin":120,"characterOffsetEnd":121,"pos":",","before":"","after":" "},{"index":20,"word":"lusardi@cs.buffalo.edu","originalText":"lusardi@cs.buffalo.edu","characterOffsetBegin":122,"characterOffsetEnd":144,"pos":"NN","before":" ","after":" "},{"index":21,"word":"-LRB-","originalText":"(","characterOffsetBegin":145,"characterOffsetEnd":146,"pos":"-LRB-","before":" ","after":""},{"index":22,"word":"Christopher","originalText":"Christopher","characterOffsetBegin":146,"characterOffsetEnd":157,"pos":"NNP","before":"","after":" "},{"index":23,"word":"Lusardi","originalText":"Lusardi","characterOffsetBegin":158,"characterOffsetEnd":165,"pos":"NNP","before":" ","after":""},{"index":24,"word":"-RRB-","originalText":")","characterOffsetBegin":165,"characterOffsetEnd":166,"pos":"-RRB-","before":"","after":" "},{"index":25,"word":"writes","originalText":"writes","characterOffsetBegin":167,"characterOffsetEnd":173,"pos":"VBZ","before":" ","after":""},{"index":26,"word":":|","originalText":":|","characterOffsetBegin":173,"characterOffsetEnd":175,"pos":"CD","before":"","after":""},{"index":27,"word":">","originalText":">","characterOffsetBegin":175,"characterOffsetEnd":176,"pos":"JJR","before":"","after":" "},{"index":28,"word":"|","originalText":"|","characterOffsetBegin":177,"characterOffsetEnd":178,"pos":"CD","before":" ","after":""},{"index":29,"word":">","originalText":">","characterOffsetBegin":178,"characterOffsetEnd":179,"pos":"JJR","before":"","after":" "},{"index":30,"word":"What","originalText":"What","characterOffsetBegin":180,"characterOffsetEnd":184,"pos":"WP","before":" ","after":" "},{"index":31,"word":"is","originalText":"is","characterOffsetBegin":185,"characterOffsetEnd":187,"pos":"VBZ","before":" ","after":" "},{"index":32,"word":"the","originalText":"the","characterOffsetBegin":188,"characterOffsetEnd":191,"pos":"DT","before":" ","after":" "},{"index":33,"word":"directory","originalText":"directory","characterOffsetBegin":192,"characterOffsetEnd":201,"pos":"NN","before":" ","after":" "},{"index":34,"word":".","originalText":".","characterOffsetBegin":202,"characterOffsetEnd":203,"pos":".","before":" ","after":""}]},{"index":1,"tokens":[{"index":1,"word":"X11-unix","originalText":"X11-unix","characterOffsetBegin":203,"characterOffsetEnd":211,"pos":"NN","before":"","after":" "},{"index":2,"word":"for","originalText":"for","characterOffsetBegin":212,"characterOffsetEnd":215,"pos":"IN","before":" ","after":" "},{"index":3,"word":"in","originalText":"in","characterOffsetBegin":216,"characterOffsetEnd":218,"pos":"IN","before":" ","after":" "},{"index":4,"word":"/","originalText":"/","characterOffsetBegin":219,"characterOffsetEnd":220,"pos":":","before":" ","after":""},{"index":5,"word":"tmp","originalText":"tmp","characterOffsetBegin":220,"characterOffsetEnd":223,"pos":"NN","before":"","after":""},{"index":6,"word":"?","originalText":"?","characterOffsetBegin":223,"characterOffsetEnd":224,"pos":".","before":"","after":" "}]},{"index":2,"tokens":[{"index":1,"word":"When","originalText":"When","characterOffsetBegin":225,"characterOffsetEnd":229,"pos":"WRB","before":" ","after":" "},{"index":2,"word":"I","originalText":"I","characterOffsetBegin":230,"characterOffsetEnd":231,"pos":"PRP","before":" ","after":" "},{"index":3,"word":"start","originalText":"start","characterOffsetBegin":232,"characterOffsetEnd":237,"pos":"VBP","before":" ","after":""},{"index":4,"word":"|","originalText":"|","characterOffsetBegin":237,"characterOffsetEnd":238,"pos":"CD","before":"","after":""},{"index":5,"word":">","originalText":">","characterOffsetBegin":238,"characterOffsetEnd":239,"pos":"JJR","before":"","after":" "},{"index":6,"word":"x","originalText":"x","characterOffsetBegin":240,"characterOffsetEnd":241,"pos":"NN","before":" ","after":""},{"index":7,"word":",","originalText":",","characterOffsetBegin":241,"characterOffsetEnd":242,"pos":",","before":"","after":" "},{"index":8,"word":"it","originalText":"it","characterOffsetBegin":243,"characterOffsetEnd":245,"pos":"PRP","before":" ","after":" "},{"index":9,"word":"is","originalText":"is","characterOffsetBegin":246,"characterOffsetEnd":248,"pos":"VBZ","before":" ","after":" "},{"index":10,"word":"created","originalText":"created","characterOffsetBegin":249,"characterOffsetEnd":256,"pos":"VBN","before":" ","after":" "},{"index":11,"word":"by","originalText":"by","characterOffsetBegin":257,"characterOffsetEnd":259,"pos":"IN","before":" ","after":" "},{"index":12,"word":"the","originalText":"the","characterOffsetBegin":260,"characterOffsetEnd":263,"pos":"DT","before":" ","after":" "},{"index":13,"word":"system","originalText":"system","characterOffsetBegin":264,"characterOffsetEnd":270,"pos":"NN","before":" ","after":""},{"index":14,"word":".","originalText":".","characterOffsetBegin":270,"characterOffsetEnd":271,"pos":".","before":"","after":" "}]},{"index":3,"tokens":[{"index":1,"word":"This","originalText":"This","characterOffsetBegin":272,"characterOffsetEnd":276,"pos":"DT","before":" ","after":" "},{"index":2,"word":"directory","originalText":"directory","characterOffsetBegin":277,"characterOffsetEnd":286,"pos":"NN","before":" ","after":" "},{"index":3,"word":"was","originalText":"was","characterOffsetBegin":287,"characterOffsetEnd":290,"pos":"VBD","before":" ","after":""},{"index":4,"word":"n't","originalText":"n't","characterOffsetBegin":290,"characterOffsetEnd":293,"pos":"RB","before":"","after":" "},{"index":5,"word":"created","originalText":"created","characterOffsetBegin":294,"characterOffsetEnd":301,"pos":"VBN","before":" ","after":" "},{"index":6,"word":"|","originalText":"|","characterOffsetBegin":302,"characterOffsetEnd":303,"pos":"CD","before":" ","after":""},{"index":7,"word":">","originalText":">","characterOffsetBegin":303,"characterOffsetEnd":304,"pos":"JJR","before":"","after":" "},{"index":8,"word":"by","originalText":"by","characterOffsetBegin":305,"characterOffsetEnd":307,"pos":"IN","before":" ","after":" "},{"index":9,"word":"root","originalText":"root","characterOffsetBegin":308,"characterOffsetEnd":312,"pos":"NN","before":" ","after":""},{"index":10,"word":",","originalText":",","characterOffsetBegin":312,"characterOffsetEnd":313,"pos":",","before":"","after":" "},{"index":11,"word":"and","originalText":"and","characterOffsetBegin":314,"characterOffsetEnd":317,"pos":"CC","before":" ","after":" "},{"index":12,"word":"it","originalText":"it","characterOffsetBegin":318,"characterOffsetEnd":320,"pos":"PRP","before":" ","after":" "},{"index":13,"word":"contains","originalText":"contains","characterOffsetBegin":321,"characterOffsetEnd":329,"pos":"VBZ","before":" ","after":" "},{"index":14,"word":"an","originalText":"an","characterOffsetBegin":330,"characterOffsetEnd":332,"pos":"DT","before":" ","after":" "},{"index":15,"word":"empty","originalText":"empty","characterOffsetBegin":333,"characterOffsetEnd":338,"pos":"JJ","before":" ","after":" "},{"index":16,"word":"file","originalText":"file","characterOffsetBegin":339,"characterOffsetEnd":343,"pos":"NN","before":" ","after":" "},{"index":17,"word":"-LRB-","originalText":"(","characterOffsetBegin":344,"characterOffsetEnd":345,"pos":"-LRB-","before":" ","after":""},{"index":18,"word":"X0","originalText":"X0","characterOffsetBegin":345,"characterOffsetEnd":347,"pos":"NN","before":"","after":""},{"index":19,"word":"-RRB-","originalText":")","characterOffsetBegin":347,"characterOffsetEnd":348,"pos":"-RRB-","before":"","after":" "},{"index":20,"word":"that","originalText":"that","characterOffsetBegin":349,"characterOffsetEnd":353,"pos":"WDT","before":" ","after":" "},{"index":21,"word":"is","originalText":"is","characterOffsetBegin":354,"characterOffsetEnd":356,"pos":"VBZ","before":" ","after":" "},{"index":22,"word":"owned","originalText":"owned","characterOffsetBegin":357,"characterOffsetEnd":362,"pos":"VBN","before":" ","after":" "},{"index":23,"word":"by","originalText":"by","characterOffsetBegin":363,"characterOffsetEnd":365,"pos":"IN","before":" ","after":" "},{"index":24,"word":"me","originalText":"me","characterOffsetBegin":366,"characterOffsetEnd":368,"pos":"PRP","before":" ","after":""},{"index":25,"word":".","originalText":".","characterOffsetBegin":368,"characterOffsetEnd":369,"pos":".","before":"","after":" "}]},{"index":4,"tokens":[{"index":1,"word":"|","originalText":"|","characterOffsetBegin":370,"characterOffsetEnd":371,"pos":"SYM","before":" ","after":""},{"index":2,"word":">","originalText":">","characterOffsetBegin":371,"characterOffsetEnd":372,"pos":"JJR","before":"","after":" "},{"index":3,"word":"It","originalText":"It","characterOffsetBegin":373,"characterOffsetEnd":375,"pos":"PRP","before":" ","after":""},{"index":4,"word":"'s","originalText":"'s","characterOffsetBegin":375,"characterOffsetEnd":377,"pos":"VBZ","before":"","after":" "},{"index":5,"word":"the","originalText":"the","characterOffsetBegin":378,"characterOffsetEnd":381,"pos":"DT","before":" ","after":" "},{"index":6,"word":"Unix","originalText":"Unix","characterOffsetBegin":382,"characterOffsetEnd":386,"pos":"NNP","before":" ","after":" "},{"index":7,"word":"Domain","originalText":"Domain","characterOffsetBegin":387,"characterOffsetEnd":393,"pos":"NN","before":" ","after":" "},{"index":8,"word":"Socket","originalText":"Socket","characterOffsetBegin":394,"characterOffsetEnd":400,"pos":"NN","before":" ","after":" "},{"index":9,"word":"-LRB-","originalText":"(","characterOffsetBegin":401,"characterOffsetEnd":402,"pos":"-LRB-","before":" ","after":""},{"index":10,"word":"local","originalText":"local","characterOffsetBegin":402,"characterOffsetEnd":407,"pos":"JJ","before":"","after":" "},{"index":11,"word":"connection","originalText":"connection","characterOffsetBegin":408,"characterOffsetEnd":418,"pos":"NN","before":" ","after":""},{"index":12,"word":"-RRB-","originalText":")","characterOffsetBegin":418,"characterOffsetEnd":419,"pos":"-RRB-","before":"","after":" "},{"index":13,"word":"to","originalText":"to","characterOffsetBegin":420,"characterOffsetEnd":422,"pos":"TO","before":" ","after":" "},{"index":14,"word":"your","originalText":"your","characterOffsetBegin":423,"characterOffsetEnd":427,"pos":"PRP$","before":" ","after":" "},{"index":15,"word":"XServer.Try","originalText":"XServer.Try","characterOffsetBegin":428,"characterOffsetEnd":439,"pos":"NN","before":" ","after":" "},{"index":16,"word":"to","originalText":"to","characterOffsetBegin":440,"characterOffsetEnd":442,"pos":"TO","before":" ","after":" "},{"index":17,"word":"rm","originalText":"rm","characterOffsetBegin":443,"characterOffsetEnd":445,"pos":"VB","before":" ","after":" "},{"index":18,"word":"it","originalText":"it","characterOffsetBegin":446,"characterOffsetEnd":448,"pos":"PRP","before":" ","after":" "},{"index":19,"word":":-RRB-","originalText":":)","characterOffsetBegin":449,"characterOffsetEnd":451,"pos":"NN","before":" ","after":""},{"index":20,"word":"--","originalText":"--","characterOffsetBegin":451,"characterOffsetEnd":453,"pos":":","before":"","after":""},{"index":21,"word":"+","originalText":"+","characterOffsetBegin":453,"characterOffsetEnd":454,"pos":"CC","before":"","after":""},{"index":22,"word":"-","originalText":"-","characterOffsetBegin":454,"characterOffsetEnd":455,"pos":":","before":"","after":""},{"index":23,"word":"o","originalText":"o","characterOffsetBegin":455,"characterOffsetEnd":456,"pos":"NN","before":"","after":""},{"index":24,"word":"-","originalText":"-","characterOffsetBegin":456,"characterOffsetEnd":457,"pos":":","before":"","after":""},{"index":25,"word":"+","originalText":"+","characterOffsetBegin":457,"characterOffsetEnd":458,"pos":"CC","before":"","after":""},{"index":26,"word":"--------------------------------------------------------------","originalText":"--------------------------------------------------------------","characterOffsetBegin":458,"characterOffsetEnd":520,"pos":"CD","before":"","after":""},{"index":27,"word":"+","originalText":"+","characterOffsetBegin":520,"characterOffsetEnd":521,"pos":"CC","before":"","after":""},{"index":28,"word":"-","originalText":"-","characterOffsetBegin":521,"characterOffsetEnd":522,"pos":":","before":"","after":""},{"index":29,"word":"o","originalText":"o","characterOffsetBegin":522,"characterOffsetEnd":523,"pos":"NN","before":"","after":""},{"index":30,"word":"-","originalText":"-","characterOffsetBegin":523,"characterOffsetEnd":524,"pos":":","before":"","after":""},{"index":31,"word":"+","originalText":"+","characterOffsetBegin":524,"characterOffsetEnd":525,"pos":"CC","before":"","after":""},{"index":32,"word":"|","originalText":"|","characterOffsetBegin":525,"characterOffsetEnd":526,"pos":"CD","before":"","after":" "},{"index":33,"word":"o","originalText":"o","characterOffsetBegin":527,"characterOffsetEnd":528,"pos":"NN","before":" ","after":" "},{"index":34,"word":"|","originalText":"|","characterOffsetBegin":529,"characterOffsetEnd":530,"pos":"CD","before":" ","after":"                "},{"index":35,"word":"\\","originalText":"\\","characterOffsetBegin":546,"characterOffsetEnd":547,"pos":"CD","before":"                ","after":""},{"index":36,"word":"\\","originalText":"\\","characterOffsetBegin":547,"characterOffsetEnd":548,"pos":"CD","before":"","after":""},{"index":37,"word":"\\","originalText":"\\","characterOffsetBegin":548,"characterOffsetEnd":549,"pos":"SYM","before":"","after":""},{"index":38,"word":"-","originalText":"-","characterOffsetBegin":549,"characterOffsetEnd":550,"pos":":","before":"","after":"  "},{"index":39,"word":"Brain","originalText":"Brain","characterOffsetBegin":552,"characterOffsetEnd":557,"pos":"NN","before":"  ","after":" "},{"index":40,"word":"Inside","originalText":"Inside","characterOffsetBegin":558,"characterOffsetEnd":564,"pos":"IN","before":" ","after":" "},{"index":41,"word":"-","originalText":"-","characterOffsetBegin":565,"characterOffsetEnd":566,"pos":":","before":" ","after":""},{"index":42,"word":"/","originalText":"/","characterOffsetBegin":566,"characterOffsetEnd":567,"pos":":","before":"","after":""},{"index":43,"word":"/","originalText":"/","characterOffsetBegin":567,"characterOffsetEnd":568,"pos":":","before":"","after":""},{"index":44,"word":"/","originalText":"/","characterOffsetBegin":568,"characterOffsetEnd":569,"pos":":","before":"","after":"                       "},{"index":45,"word":"|","originalText":"|","characterOffsetBegin":592,"characterOffsetEnd":593,"pos":"CD","before":"                       ","after":" "},{"index":46,"word":"o","originalText":"o","characterOffsetBegin":594,"characterOffsetEnd":595,"pos":"NN","before":" ","after":" "},{"index":47,"word":"|","originalText":"|","characterOffsetBegin":596,"characterOffsetEnd":597,"pos":"CD","before":" ","after":""},{"index":48,"word":"|","originalText":"|","characterOffsetBegin":597,"characterOffsetEnd":598,"pos":"CD","before":"","after":" "},{"index":49,"word":"o","originalText":"o","characterOffsetBegin":599,"characterOffsetEnd":600,"pos":"NN","before":" ","after":" "},{"index":50,"word":"|","originalText":"|","characterOffsetBegin":601,"characterOffsetEnd":602,"pos":"FW","before":" ","after":"                    "},{"index":51,"word":"^","originalText":"^","characterOffsetBegin":622,"characterOffsetEnd":623,"pos":"FW","before":"                    ","after":""},{"index":52,"word":"^","originalText":"^","characterOffsetBegin":623,"characterOffsetEnd":624,"pos":"FW","before":"","after":""},{"index":53,"word":"^","originalText":"^","characterOffsetBegin":624,"characterOffsetEnd":625,"pos":"FW","before":"","after":""},{"index":54,"word":"^","originalText":"^","characterOffsetBegin":625,"characterOffsetEnd":626,"pos":"FW","before":"","after":""},{"index":55,"word":"^","originalText":"^","characterOffsetBegin":626,"characterOffsetEnd":627,"pos":"FW","before":"","after":""},{"index":56,"word":"^","originalText":"^","characterOffsetBegin":627,"characterOffsetEnd":628,"pos":"FW","before":"","after":""},{"index":57,"word":"^","originalText":"^","characterOffsetBegin":628,"characterOffsetEnd":629,"pos":"FW","before":"","after":""},{"index":58,"word":"^","originalText":"^","characterOffsetBegin":629,"characterOffsetEnd":630,"pos":"FW","before":"","after":""},{"index":59,"word":"^","originalText":"^","characterOffsetBegin":630,"characterOffsetEnd":631,"pos":"FW","before":"","after":""},{"index":60,"word":"^","originalText":"^","characterOffsetBegin":631,"characterOffsetEnd":632,"pos":"FW","before":"","after":""},{"index":61,"word":"^","originalText":"^","characterOffsetBegin":632,"characterOffsetEnd":633,"pos":"FW","before":"","after":""},{"index":62,"word":"^","originalText":"^","characterOffsetBegin":633,"characterOffsetEnd":634,"pos":"FW","before":"","after":""},{"index":63,"word":"^","originalText":"^","characterOffsetBegin":634,"characterOffsetEnd":635,"pos":"FW","before":"","after":""},{"index":64,"word":"^","originalText":"^","characterOffsetBegin":635,"characterOffsetEnd":636,"pos":"FW","before":"","after":""},{"index":65,"word":"^","originalText":"^","characterOffsetBegin":636,"characterOffsetEnd":637,"pos":"FW","before":"","after":"                           "},{"index":66,"word":"|","originalText":"|","characterOffsetBegin":664,"characterOffsetEnd":665,"pos":"FW","before":"                           ","after":" "},{"index":67,"word":"o","originalText":"o","characterOffsetBegin":666,"characterOffsetEnd":667,"pos":"NN","before":" ","after":" "},{"index":68,"word":"|","originalText":"|","characterOffsetBegin":668,"characterOffsetEnd":669,"pos":"CD","before":" ","after":""},{"index":69,"word":"|","originalText":"|","characterOffsetBegin":669,"characterOffsetEnd":670,"pos":"CD","before":"","after":" "},{"index":70,"word":"o","originalText":"o","characterOffsetBegin":671,"characterOffsetEnd":672,"pos":"NN","before":" ","after":" "},{"index":71,"word":"|","originalText":"|","characterOffsetBegin":673,"characterOffsetEnd":674,"pos":"CD","before":" ","after":" "},{"index":72,"word":"Andre","originalText":"Andre","characterOffsetBegin":675,"characterOffsetEnd":680,"pos":"NNP","before":" ","after":""},{"index":73,"word":"'","originalText":"'","characterOffsetBegin":680,"characterOffsetEnd":681,"pos":"POS","before":"","after":" "},{"index":74,"word":"Beck","originalText":"Beck","characterOffsetBegin":682,"characterOffsetEnd":686,"pos":"NN","before":" ","after":" "},{"index":75,"word":"-LRB-","originalText":"(","characterOffsetBegin":687,"characterOffsetEnd":688,"pos":"-LRB-","before":" ","after":""},{"index":76,"word":"ABPSoft","originalText":"ABPSoft","characterOffsetBegin":688,"characterOffsetEnd":695,"pos":"NN","before":"","after":""},{"index":77,"word":"-RRB-","originalText":")","characterOffsetBegin":695,"characterOffsetEnd":696,"pos":"-RRB-","before":"","after":" "},{"index":78,"word":"mehl","originalText":"mehl","characterOffsetBegin":697,"characterOffsetEnd":701,"pos":"NN","before":" ","after":""},{"index":79,"word":":","originalText":":","characterOffsetBegin":701,"characterOffsetEnd":702,"pos":":","before":"","after":" "},{"index":80,"word":"Andre_Beck@IRS.Inf.TU-Dresden.de","originalText":"Andre_Beck@IRS.Inf.TU-Dresden.de","characterOffsetBegin":703,"characterOffsetEnd":735,"pos":"JJ","before":" ","after":" "},{"index":81,"word":"|","originalText":"|","characterOffsetBegin":736,"characterOffsetEnd":737,"pos":"NN","before":" ","after":" "},{"index":82,"word":"o","originalText":"o","characterOffsetBegin":738,"characterOffsetEnd":739,"pos":"NN","before":" ","after":" "},{"index":83,"word":"|","originalText":"|","characterOffsetBegin":740,"characterOffsetEnd":741,"pos":"NN","before":" ","after":""},{"index":84,"word":"+","originalText":"+","characterOffsetBegin":741,"characterOffsetEnd":742,"pos":"CC","before":"","after":""},{"index":85,"word":"-","originalText":"-","characterOffsetBegin":742,"characterOffsetEnd":743,"pos":":","before":"","after":""},{"index":86,"word":"o","originalText":"o","characterOffsetBegin":743,"characterOffsetEnd":744,"pos":"NN","before":"","after":""},{"index":87,"word":"-","originalText":"-","characterOffsetBegin":744,"characterOffsetEnd":745,"pos":":","before":"","after":""},{"index":88,"word":"+","originalText":"+","characterOffsetBegin":745,"characterOffsetEnd":746,"pos":"CC","before":"","after":""},{"index":89,"word":"--------------------------------------------------------------","originalText":"--------------------------------------------------------------","characterOffsetBegin":746,"characterOffsetEnd":808,"pos":"CD","before":"","after":""},{"index":90,"word":"+","originalText":"+","characterOffsetBegin":808,"characterOffsetEnd":809,"pos":"CC","before":"","after":""},{"index":91,"word":"-","originalText":"-","characterOffsetBegin":809,"characterOffsetEnd":810,"pos":":","before":"","after":""},{"index":92,"word":"o","originalText":"o","characterOffsetBegin":810,"characterOffsetEnd":811,"pos":"NN","before":"","after":""},{"index":93,"word":"-","originalText":"-","characterOffsetBegin":811,"characterOffsetEnd":812,"pos":":","before":"","after":""},{"index":94,"word":"+","originalText":"+","characterOffsetBegin":812,"characterOffsetEnd":813,"pos":"CC","before":"","after":""}]}]}