{"sentences":[{"index":0,"tokens":[{"index":1,"word":"From","originalText":"From","characterOffsetBegin":0,"characterOffsetEnd":4,"pos":"IN","before":"","after":""},{"index":2,"word":":","originalText":":","characterOffsetBegin":4,"characterOffsetEnd":5,"pos":":","before":"","after":" "},{"index":3,"word":"support@qdeck.com","originalText":"support@qdeck.com","characterOffsetBegin":6,"characterOffsetEnd":23,"pos":"NN","before":" ","after":" "},{"index":4,"word":"-LRB-","originalText":"(","characterOffsetBegin":24,"characterOffsetEnd":25,"pos":"-LRB-","before":" ","after":""},{"index":5,"word":"Technical","originalText":"Technical","characterOffsetBegin":25,"characterOffsetEnd":34,"pos":"NNP","before":"","after":" "},{"index":6,"word":"Support","originalText":"Support","characterOffsetBegin":35,"characterOffsetEnd":42,"pos":"NN","before":" ","after":""},{"index":7,"word":"-RRB-","originalText":")","characterOffsetBegin":42,"characterOffsetEnd":43,"pos":"-RRB-","before":"","after":""},{"index":8,"word":"Subject","originalText":"Subject","characterOffsetBegin":43,"characterOffsetEnd":50,"pos":"NN","before":"","after":""},{"index":9,"word":":","originalText":":","characterOffsetBegin":50,"characterOffsetEnd":51,"pos":":","before":"","after":" "},{"index":10,"word":"Re","originalText":"Re","characterOffsetBegin":52,"characterOffsetEnd":54,"pos":"NNP","before":" ","after":""},{"index":11,"word":":","originalText":":","characterOffsetBegin":54,"characterOffsetEnd":55,"pos":":","before":"","after":" "},{"index":12,"word":"DESQview/X","originalText":"DESQview/X","characterOffsetBegin":56,"characterOffsetEnd":66,"pos":"NN","before":" ","after":" "},{"index":13,"word":"on","originalText":"on","characterOffsetBegin":67,"characterOffsetEnd":69,"pos":"IN","before":" ","after":" "},{"index":14,"word":"a","originalText":"a","characterOffsetBegin":70,"characterOffsetEnd":71,"pos":"DT","before":" ","after":" "},{"index":15,"word":"PC?In","originalText":"PC?In","characterOffsetBegin":72,"characterOffsetEnd":77,"pos":"NN","before":" ","after":" "},{"index":16,"word":"article","originalText":"article","characterOffsetBegin":78,"characterOffsetEnd":85,"pos":"NN","before":" ","after":" "},{"index":17,"word":"<1qtk84$rn5@picasso.cssc-syd.tansu.com.au>","originalText":"<1qtk84$rn5@picasso.cssc-syd.tansu.com.au>","characterOffsetBegin":86,"characterOffsetEnd":128,"pos":"NN","before":" ","after":" "},{"index":18,"word":"gpatapis@boyd.tansu.com.au","originalText":"gpatapis@boyd.tansu.com.au","characterOffsetBegin":129,"characterOffsetEnd":155,"pos":"NN","before":" ","after":" "},{"index":19,"word":"writes","originalText":"writes","characterOffsetBegin":156,"characterOffsetEnd":162,"pos":"VBZ","before":" ","after":""},{"index":20,"word":":","originalText":":","characterOffsetBegin":162,"characterOffsetEnd":163,"pos":":","before":"","after":""},{"index":21,"word":">","originalText":">","characterOffsetBegin":163,"characterOffsetEnd":164,"pos":"JJR","before":"","after":""},{"index":22,"word":"In","originalText":"In","characterOffsetBegin":164,"characterOffsetEnd":166,"pos":"IN","before":"","after":" "},{"index":23,"word":"article","originalText":"article","characterOffsetBegin":167,"characterOffsetEnd":174,"pos":"NN","before":" ","after":" "},{"index":24,"word":"14595639@wl.aecl.ca,","originalText":"14595639@wl.aecl.ca,","characterOffsetBegin":175,"characterOffsetEnd":195,"pos":"NN","before":" ","after":" "},{"index":25,"word":"harrisp@wl.aecl.ca","originalText":"harrisp@wl.aecl.ca","characterOffsetBegin":196,"characterOffsetEnd":214,"pos":"NN","before":" ","after":" "},{"index":26,"word":"-LRB-","originalText":"(","characterOffsetBegin":215,"characterOffsetEnd":216,"pos":"-LRB-","before":" ","after":""},{"index":27,"word":"-RRB-","originalText":")","characterOffsetBegin":216,"characterOffsetEnd":217,"pos":"-RRB-","before":"","after":" "},{"index":28,"word":"writes","originalText":"writes","characterOffsetBegin":218,"characterOffsetEnd":224,"pos":"VBZ","before":" ","after":""},{"index":29,"word":":","originalText":":","characterOffsetBegin":224,"characterOffsetEnd":225,"pos":":","before":"","after":""},{"index":30,"word":">>","originalText":">>","characterOffsetBegin":225,"characterOffsetEnd":227,"pos":"CD","before":"","after":""},{"index":31,"word":"I","originalText":"I","characterOffsetBegin":227,"characterOffsetEnd":228,"pos":"PRP","before":"","after":" "},{"index":32,"word":"use","originalText":"use","characterOffsetBegin":229,"characterOffsetEnd":232,"pos":"VBP","before":" ","after":" "},{"index":33,"word":"DESQview/X","originalText":"DESQview/X","characterOffsetBegin":233,"characterOffsetEnd":243,"pos":"NN","before":" ","after":" "},{"index":34,"word":"and","originalText":"and","characterOffsetBegin":244,"characterOffsetEnd":247,"pos":"CC","before":" ","after":" "},{"index":35,"word":"I","originalText":"I","characterOffsetBegin":248,"characterOffsetEnd":249,"pos":"PRP","before":" ","after":" "},{"index":36,"word":"think","originalText":"think","characterOffsetBegin":250,"characterOffsetEnd":255,"pos":"VBP","before":" ","after":" "},{"index":37,"word":"it","originalText":"it","characterOffsetBegin":256,"characterOffsetEnd":258,"pos":"PRP","before":" ","after":" "},{"index":38,"word":"is","originalText":"is","characterOffsetBegin":259,"characterOffsetEnd":261,"pos":"VBZ","before":" ","after":" "},{"index":39,"word":"great","originalText":"great","characterOffsetBegin":262,"characterOffsetEnd":267,"pos":"JJ","before":" ","after":""},{"index":40,"word":".","originalText":".","characterOffsetBegin":267,"characterOffsetEnd":268,"pos":".","before":"","after":" "}]},{"index":1,"tokens":[{"index":1,"word":"Where","originalText":"Where","characterOffsetBegin":269,"characterOffsetEnd":274,"pos":"WRB","before":" ","after":" "},{"index":2,"word":"it","originalText":"it","characterOffsetBegin":275,"characterOffsetEnd":277,"pos":"PRP","before":" ","after":" "},{"index":3,"word":"really","originalText":"really","characterOffsetBegin":278,"characterOffsetEnd":284,"pos":"RB","before":" ","after":" "},{"index":4,"word":"shines","originalText":"shines","characterOffsetBegin":285,"characterOffsetEnd":291,"pos":"VBZ","before":" ","after":" "},{"index":5,"word":"-LRB-","originalText":"(","characterOffsetBegin":292,"characterOffsetEnd":293,"pos":"-LRB-","before":" ","after":""},{"index":6,"word":"IMHO","originalText":"IMHO","characterOffsetBegin":293,"characterOffsetEnd":297,"pos":"NN","before":"","after":""},{"index":7,"word":"-RRB-","originalText":")","characterOffsetBegin":297,"characterOffsetEnd":298,"pos":"-RRB-","before":"","after":" "},{"index":8,"word":"is","originalText":"is","characterOffsetBegin":299,"characterOffsetEnd":301,"pos":"VBZ","before":" ","after":""},{"index":9,"word":">>","originalText":">>","characterOffsetBegin":301,"characterOffsetEnd":303,"pos":"CD","before":"","after":""},{"index":10,"word":"to","originalText":"to","characterOffsetBegin":303,"characterOffsetEnd":305,"pos":"TO","before":"","after":" "},{"index":11,"word":"let","originalText":"let","characterOffsetBegin":306,"characterOffsetEnd":309,"pos":"VB","before":" ","after":" "},{"index":12,"word":"unix","originalText":"unix","characterOffsetBegin":310,"characterOffsetEnd":314,"pos":"JJ","before":" ","after":" "},{"index":13,"word":"users","originalText":"users","characterOffsetBegin":315,"characterOffsetEnd":320,"pos":"NNS","before":" ","after":" "},{"index":14,"word":"log","originalText":"log","characterOffsetBegin":321,"characterOffsetEnd":324,"pos":"VBP","before":" ","after":" "},{"index":15,"word":"into","originalText":"into","characterOffsetBegin":325,"characterOffsetEnd":329,"pos":"IN","before":" ","after":" "},{"index":16,"word":"a","originalText":"a","characterOffsetBegin":330,"characterOffsetEnd":331,"pos":"DT","before":" ","after":" "},{"index":17,"word":"pc","originalText":"pc","characterOffsetBegin":332,"characterOffsetEnd":334,"pos":"NN","before":" ","after":" "},{"index":18,"word":"and","originalText":"and","characterOffsetBegin":335,"characterOffsetEnd":338,"pos":"CC","before":" ","after":" "},{"index":19,"word":"run","originalText":"run","characterOffsetBegin":339,"characterOffsetEnd":342,"pos":"VB","before":" ","after":" "},{"index":20,"word":"dos","originalText":"dos","characterOffsetBegin":343,"characterOffsetEnd":346,"pos":"NNS","before":" ","after":" "},{"index":21,"word":"and","originalText":"and","characterOffsetBegin":347,"characterOffsetEnd":350,"pos":"CC","before":" ","after":" "},{"index":22,"word":"windows","originalText":"windows","characterOffsetBegin":351,"characterOffsetEnd":358,"pos":"NNS","before":" ","after":" "},{"index":23,"word":"applications","originalText":"applications","characterOffsetBegin":359,"characterOffsetEnd":371,"pos":"NNS","before":" ","after":" "},{"index":24,"word":"with","originalText":"with","characterOffsetBegin":372,"characterOffsetEnd":376,"pos":"IN","before":" ","after":""},{"index":25,"word":">>","originalText":">>","characterOffsetBegin":376,"characterOffsetEnd":378,"pos":"NN","before":"","after":""},{"index":26,"word":"the","originalText":"the","characterOffsetBegin":378,"characterOffsetEnd":381,"pos":"DT","before":"","after":" "},{"index":27,"word":"display","originalText":"display","characterOffsetBegin":382,"characterOffsetEnd":389,"pos":"NN","before":" ","after":" "},{"index":28,"word":"going","originalText":"going","characterOffsetBegin":390,"characterOffsetEnd":395,"pos":"VBG","before":" ","after":" "},{"index":29,"word":"to","originalText":"to","characterOffsetBegin":396,"characterOffsetEnd":398,"pos":"TO","before":" ","after":" "},{"index":30,"word":"their","originalText":"their","characterOffsetBegin":399,"characterOffsetEnd":404,"pos":"PRP$","before":" ","after":" "},{"index":31,"word":"screens","originalText":"screens","characterOffsetBegin":405,"characterOffsetEnd":412,"pos":"NNS","before":" ","after":""},{"index":32,"word":".","originalText":".","characterOffsetBegin":412,"characterOffsetEnd":413,"pos":".","before":"","after":""}]},{"index":2,"tokens":[{"index":1,"word":">>","originalText":">>","characterOffsetBegin":413,"characterOffsetEnd":415,"pos":"RB","before":"","after":""},{"index":2,"word":"You","originalText":"You","characterOffsetBegin":415,"characterOffsetEnd":418,"pos":"PRP","before":"","after":""},{"index":3,"word":"'ll","originalText":"'ll","characterOffsetBegin":418,"characterOffsetEnd":421,"pos":"MD","before":"","after":" "},{"index":4,"word":"need","originalText":"need","characterOffsetBegin":422,"characterOffsetEnd":426,"pos":"VB","before":" ","after":" "},{"index":5,"word":"to","originalText":"to","characterOffsetBegin":427,"characterOffsetEnd":429,"pos":"TO","before":" ","after":" "},{"index":6,"word":"get","originalText":"get","characterOffsetBegin":430,"characterOffsetEnd":433,"pos":"VB","before":" ","after":""},{"index":7,"word":":","originalText":":","characterOffsetBegin":433,"characterOffsetEnd":434,"pos":":","before":"","after":""},{"index":8,"word":">>","originalText":">>","characterOffsetBegin":434,"characterOffsetEnd":436,"pos":"CD","before":"","after":""},{"index":9,"word":"DESQview/X","originalText":"DESQview/X","characterOffsetBegin":436,"characterOffsetEnd":446,"pos":"NN","before":"","after":" "},{"index":10,"word":"v","originalText":"v","characterOffsetBegin":447,"characterOffsetEnd":448,"pos":"LS","before":" ","after":" "},{"index":11,"word":"1.1","originalText":"1.1","characterOffsetBegin":449,"characterOffsetEnd":452,"pos":"CD","before":" ","after":""},{"index":12,"word":">>","originalText":">>","characterOffsetBegin":452,"characterOffsetEnd":454,"pos":"CD","before":"","after":""},{"index":13,"word":"DESQview/X","originalText":"DESQview/X","characterOffsetBegin":454,"characterOffsetEnd":464,"pos":"NN","before":"","after":" "},{"index":14,"word":"v","originalText":"v","characterOffsetBegin":465,"characterOffsetEnd":466,"pos":"LS","before":" ","after":" "},{"index":15,"word":"1.1","originalText":"1.1","characterOffsetBegin":467,"characterOffsetEnd":470,"pos":"CD","before":" ","after":"                           "},{"index":16,"word":"$","originalText":"$","characterOffsetBegin":497,"characterOffsetEnd":498,"pos":"$","before":"                           ","after":""},{"index":17,"word":"275","originalText":"275","characterOffsetBegin":498,"characterOffsetEnd":501,"pos":"CD","before":"","after":" "},{"index":18,"word":"suggested","originalText":"suggested","characterOffsetBegin":502,"characterOffsetEnd":511,"pos":"VBN","before":" ","after":" "},{"index":19,"word":"retail","originalText":"retail","characterOffsetBegin":512,"characterOffsetEnd":518,"pos":"JJ","before":" ","after":""},{"index":20,"word":">>","originalText":">>","characterOffsetBegin":518,"characterOffsetEnd":520,"pos":"NN","before":"","after":""},{"index":21,"word":"DESQview/X","originalText":"DESQview/X","characterOffsetBegin":520,"characterOffsetEnd":530,"pos":"NN","before":"","after":" "},{"index":22,"word":"to","originalText":"to","characterOffsetBegin":531,"characterOffsetEnd":533,"pos":"TO","before":" ","after":" "},{"index":23,"word":"Other","originalText":"Other","characterOffsetBegin":534,"characterOffsetEnd":539,"pos":"JJ","before":" ","after":" "},{"index":24,"word":"X","originalText":"X","characterOffsetBegin":540,"characterOffsetEnd":541,"pos":"NNP","before":" ","after":" "},{"index":25,"word":"Systems","originalText":"Systems","characterOffsetBegin":542,"characterOffsetEnd":549,"pos":"NNPS","before":" ","after":" "},{"index":26,"word":"v","originalText":"v","characterOffsetBegin":550,"characterOffsetEnd":551,"pos":"LS","before":" ","after":" "},{"index":27,"word":"1.1","originalText":"1.1","characterOffsetBegin":552,"characterOffsetEnd":555,"pos":"CD","before":" ","after":"        "},{"index":28,"word":"$","originalText":"$","characterOffsetBegin":563,"characterOffsetEnd":564,"pos":"$","before":"        ","after":""},{"index":29,"word":"200","originalText":"200","characterOffsetBegin":564,"characterOffsetEnd":567,"pos":"CD","before":"","after":" "},{"index":30,"word":"suggested","originalText":"suggested","characterOffsetBegin":568,"characterOffsetEnd":577,"pos":"VBN","before":" ","after":" "},{"index":31,"word":"retail","originalText":"retail","characterOffsetBegin":578,"characterOffsetEnd":584,"pos":"JJ","before":" ","after":""},{"index":32,"word":">>","originalText":">>","characterOffsetBegin":584,"characterOffsetEnd":586,"pos":"NN","before":"","after":""},{"index":33,"word":">>","originalText":">>","characterOffsetBegin":586,"characterOffsetEnd":588,"pos":"CD","before":"","after":""},{"index":34,"word":"You","originalText":"You","characterOffsetBegin":588,"characterOffsetEnd":591,"pos":"PRP","before":"","after":" "},{"index":35,"word":"also","originalText":"also","characterOffsetBegin":592,"characterOffsetEnd":596,"pos":"RB","before":" ","after":" "},{"index":36,"word":"must","originalText":"must","characterOffsetBegin":597,"characterOffsetEnd":601,"pos":"MD","before":" ","after":" "},{"index":37,"word":"be","originalText":"be","characterOffsetBegin":602,"characterOffsetEnd":604,"pos":"VB","before":" ","after":" "},{"index":38,"word":"running","originalText":"running","characterOffsetBegin":605,"characterOffsetEnd":612,"pos":"VBG","before":" ","after":" "},{"index":39,"word":"a","originalText":"a","characterOffsetBegin":613,"characterOffsetEnd":614,"pos":"DT","before":" ","after":" "},{"index":40,"word":"supported","originalText":"supported","characterOffsetBegin":615,"characterOffsetEnd":624,"pos":"VBN","before":" ","after":" "},{"index":41,"word":"network","originalText":"network","characterOffsetBegin":625,"characterOffsetEnd":632,"pos":"NN","before":" ","after":" "},{"index":42,"word":"-LRB-","originalText":"(","characterOffsetBegin":633,"characterOffsetEnd":634,"pos":"-LRB-","before":" ","after":""},{"index":43,"word":"FTP","originalText":"FTP","characterOffsetBegin":634,"characterOffsetEnd":637,"pos":"NN","before":"","after":" "},{"index":44,"word":"softwares","originalText":"softwares","characterOffsetBegin":638,"characterOffsetEnd":647,"pos":"NNS","before":" ","after":" "},{"index":45,"word":"PCTCP","originalText":"PCTCP","characterOffsetBegin":648,"characterOffsetEnd":653,"pos":"NN","before":" ","after":""},{"index":46,"word":",","originalText":",","characterOffsetBegin":653,"characterOffsetEnd":654,"pos":",","before":"","after":""},{"index":47,"word":">>","originalText":">>","characterOffsetBegin":654,"characterOffsetEnd":656,"pos":"CD","before":"","after":""},{"index":48,"word":"Novell","originalText":"Novell","characterOffsetBegin":656,"characterOffsetEnd":662,"pos":"NNP","before":"","after":" "},{"index":49,"word":"Lan","originalText":"Lan","characterOffsetBegin":663,"characterOffsetEnd":666,"pos":"NNP","before":" ","after":" "},{"index":50,"word":"workplace","originalText":"workplace","characterOffsetBegin":667,"characterOffsetEnd":676,"pos":"NN","before":" ","after":" "},{"index":51,"word":"for","originalText":"for","characterOffsetBegin":677,"characterOffsetEnd":680,"pos":"IN","before":" ","after":" "},{"index":52,"word":"dos","originalText":"dos","characterOffsetBegin":681,"characterOffsetEnd":684,"pos":"NNS","before":" ","after":""},{"index":53,"word":",","originalText":",","characterOffsetBegin":684,"characterOffsetEnd":685,"pos":",","before":"","after":" "},{"index":54,"word":"Sun","originalText":"Sun","characterOffsetBegin":686,"characterOffsetEnd":689,"pos":"NNP","before":" ","after":" "},{"index":55,"word":"Microsystems","originalText":"Microsystems","characterOffsetBegin":690,"characterOffsetEnd":702,"pos":"NNPS","before":" ","after":" "},{"index":56,"word":"PC-NFS","originalText":"PC-NFS","characterOffsetBegin":703,"characterOffsetEnd":709,"pos":"NNP","before":" ","after":""},{"index":57,"word":",","originalText":",","characterOffsetBegin":709,"characterOffsetEnd":710,"pos":",","before":"","after":" "},{"index":58,"word":"Beame","originalText":"Beame","characterOffsetBegin":711,"characterOffsetEnd":716,"pos":"NNP","before":" ","after":" "},{"index":59,"word":"and","originalText":"and","characterOffsetBegin":717,"characterOffsetEnd":720,"pos":"CC","before":" ","after":" "},{"index":60,"word":"WHiteside","originalText":"WHiteside","characterOffsetBegin":721,"characterOffsetEnd":730,"pos":"NNP","before":" ","after":""},{"index":61,"word":",","originalText":",","characterOffsetBegin":730,"characterOffsetEnd":731,"pos":",","before":"","after":""},{"index":62,"word":">>","originalText":">>","characterOffsetBegin":731,"characterOffsetEnd":733,"pos":"CD","before":"","after":""},{"index":63,"word":"Wollongong","originalText":"Wollongong","characterOffsetBegin":733,"characterOffsetEnd":743,"pos":"JJ","before":"","after":" "},{"index":64,"word":"pathway","originalText":"pathway","characterOffsetBegin":744,"characterOffsetEnd":751,"pos":"NN","before":" ","after":" "},{"index":65,"word":"TCPIp","originalText":"TCPIp","characterOffsetBegin":752,"characterOffsetEnd":757,"pos":"NN","before":" ","after":" "},{"index":66,"word":"or","originalText":"or","characterOffsetBegin":758,"characterOffsetEnd":760,"pos":"CC","before":" ","after":" "},{"index":67,"word":"HP","originalText":"HP","characterOffsetBegin":761,"characterOffsetEnd":763,"pos":"NNP","before":" ","after":" "},{"index":68,"word":"Microsoft","originalText":"Microsoft","characterOffsetBegin":764,"characterOffsetEnd":773,"pos":"NNP","before":" ","after":" "},{"index":69,"word":"Lan","originalText":"Lan","characterOffsetBegin":774,"characterOffsetEnd":777,"pos":"NNP","before":" ","after":" "},{"index":70,"word":"Manager","originalText":"Manager","characterOffsetBegin":778,"characterOffsetEnd":785,"pos":"NNP","before":" ","after":""},{"index":71,"word":"-RRB-","originalText":")","characterOffsetBegin":785,"characterOffsetEnd":786,"pos":"-RRB-","before":"","after":""},{"index":72,"word":">>","originalText":">>","characterOffsetBegin":786,"characterOffsetEnd":788,"pos":"CD","before":"","after":""},{"index":73,"word":">>","originalText":">>","characterOffsetBegin":788,"characterOffsetEnd":790,"pos":"CD","before":"","after":""},{"index":74,"word":"if","originalText":"if","characterOffsetBegin":790,"characterOffsetEnd":792,"pos":"IN","before":"","after":" "},{"index":75,"word":"you","originalText":"you","characterOffsetBegin":793,"characterOffsetEnd":796,"pos":"PRP","before":" ","after":" "},{"index":76,"word":"do","originalText":"do","characterOffsetBegin":797,"characterOffsetEnd":799,"pos":"VBP","before":" ","after":""},{"index":77,"word":"n't","originalText":"n't","characterOffsetBegin":799,"characterOffsetEnd":802,"pos":"RB","before":"","after":" "},{"index":78,"word":"have","originalText":"have","characterOffsetBegin":803,"characterOffsetEnd":807,"pos":"VB","before":" ","after":" "},{"index":79,"word":"any","originalText":"any","characterOffsetBegin":808,"characterOffsetEnd":811,"pos":"DT","before":" ","after":" "},{"index":80,"word":"of","originalText":"of","characterOffsetBegin":812,"characterOffsetEnd":814,"pos":"IN","before":" ","after":" "},{"index":81,"word":"this","originalText":"this","characterOffsetBegin":815,"characterOffsetEnd":819,"pos":"DT","before":" ","after":" "},{"index":82,"word":"network","originalText":"network","characterOffsetBegin":820,"characterOffsetEnd":827,"pos":"NN","before":" ","after":" "},{"index":83,"word":"stuff","originalText":"stuff","characterOffsetBegin":828,"characterOffsetEnd":833,"pos":"NN","before":" ","after":""},{"index":84,"word":",","originalText":",","characterOffsetBegin":833,"characterOffsetEnd":834,"pos":",","before":"","after":" "},{"index":85,"word":"Quarterdeck","originalText":"Quarterdeck","characterOffsetBegin":835,"characterOffsetEnd":846,"pos":"NNP","before":" ","after":" "},{"index":86,"word":"will","originalText":"will","characterOffsetBegin":847,"characterOffsetEnd":851,"pos":"MD","before":" ","after":" "},{"index":87,"word":"give","originalText":"give","characterOffsetBegin":852,"characterOffsetEnd":856,"pos":"VB","before":" ","after":" "},{"index":88,"word":"you","originalText":"you","characterOffsetBegin":857,"characterOffsetEnd":860,"pos":"PRP","before":" ","after":" "},{"index":89,"word":"a","originalText":"a","characterOffsetBegin":861,"characterOffsetEnd":862,"pos":"DT","before":" ","after":""},{"index":90,"word":">>","originalText":">>","characterOffsetBegin":862,"characterOffsetEnd":864,"pos":"NN","before":"","after":""},{"index":91,"word":"copy","originalText":"copy","characterOffsetBegin":864,"characterOffsetEnd":868,"pos":"NN","before":"","after":" "},{"index":92,"word":"of","originalText":"of","characterOffsetBegin":869,"characterOffsetEnd":871,"pos":"IN","before":" ","after":" "},{"index":93,"word":"Novell","originalText":"Novell","characterOffsetBegin":872,"characterOffsetEnd":878,"pos":"NNP","before":" ","after":" "},{"index":94,"word":"TCPIP","originalText":"TCPIP","characterOffsetBegin":879,"characterOffsetEnd":884,"pos":"NNP","before":" ","after":" "},{"index":95,"word":"transprot","originalText":"transprot","characterOffsetBegin":885,"characterOffsetEnd":894,"pos":"NN","before":" ","after":" "},{"index":96,"word":"for","originalText":"for","characterOffsetBegin":895,"characterOffsetEnd":898,"pos":"IN","before":" ","after":" "},{"index":97,"word":"dos","originalText":"dos","characterOffsetBegin":899,"characterOffsetEnd":902,"pos":"NNS","before":" ","after":" "},{"index":98,"word":"with","originalText":"with","characterOffsetBegin":903,"characterOffsetEnd":907,"pos":"IN","before":" ","after":" "},{"index":99,"word":"the","originalText":"the","characterOffsetBegin":908,"characterOffsetEnd":911,"pos":"DT","before":" ","after":" "},{"index":100,"word":"Network","originalText":"Network","characterOffsetBegin":912,"characterOffsetEnd":919,"pos":"NNP","before":" ","after":" "},{"index":101,"word":"manager","originalText":"manager","characterOffsetBegin":920,"characterOffsetEnd":927,"pos":"NN","before":" ","after":""},{"index":102,"word":".","originalText":".","characterOffsetBegin":927,"characterOffsetEnd":928,"pos":".","before":"","after":""}]},{"index":3,"tokens":[{"index":1,"word":">>","originalText":">>","characterOffsetBegin":928,"characterOffsetEnd":930,"pos":"NN","before":"","after":""},{"index":2,"word":">>","originalText":">>","characterOffsetBegin":930,"characterOffsetEnd":932,"pos":"CD","before":"","after":""},{"index":3,"word":"You","originalText":"You","characterOffsetBegin":932,"characterOffsetEnd":935,"pos":"PRP","before":"","after":" "},{"index":4,"word":"can","originalText":"can","characterOffsetBegin":936,"characterOffsetEnd":939,"pos":"MD","before":" ","after":" "},{"index":5,"word":"get","originalText":"get","characterOffsetBegin":940,"characterOffsetEnd":943,"pos":"VB","before":" ","after":" "},{"index":6,"word":"more","originalText":"more","characterOffsetBegin":944,"characterOffsetEnd":948,"pos":"JJR","before":" ","after":" "},{"index":7,"word":"info","originalText":"info","characterOffsetBegin":949,"characterOffsetEnd":953,"pos":"NN","before":" ","after":" "},{"index":8,"word":"by","originalText":"by","characterOffsetBegin":954,"characterOffsetEnd":956,"pos":"IN","before":" ","after":" "},{"index":9,"word":"sending","originalText":"sending","characterOffsetBegin":957,"characterOffsetEnd":964,"pos":"VBG","before":" ","after":" "},{"index":10,"word":"email","originalText":"email","characterOffsetBegin":965,"characterOffsetEnd":970,"pos":"NN","before":" ","after":" "},{"index":11,"word":"to","originalText":"to","characterOffsetBegin":971,"characterOffsetEnd":973,"pos":"TO","before":" ","after":" "},{"index":12,"word":"-LRB-","originalText":"(","characterOffsetBegin":974,"characterOffsetEnd":975,"pos":"-LRB-","before":" ","after":""},{"index":13,"word":"appropriately","originalText":"appropriately","characterOffsetBegin":975,"characterOffsetEnd":988,"pos":"RB","before":"","after":""},{"index":14,"word":"-RRB-","originalText":")","characterOffsetBegin":988,"characterOffsetEnd":989,"pos":"-RRB-","before":"","after":" "},{"index":15,"word":"info@qdeck.com.Actually,","originalText":"info@qdeck.com.Actually,","characterOffsetBegin":990,"characterOffsetEnd":1014,"pos":"NN","before":" ","after":" "},{"index":16,"word":"info@qdeck.com","originalText":"info@qdeck.com","characterOffsetBegin":1015,"characterOffsetEnd":1029,"pos":"NN","before":" ","after":" "},{"index":17,"word":"is","originalText":"is","characterOffsetBegin":1030,"characterOffsetEnd":1032,"pos":"VBZ","before":" ","after":" "},{"index":18,"word":"our","originalText":"our","characterOffsetBegin":1033,"characterOffsetEnd":1036,"pos":"PRP$","before":" ","after":" "},{"index":19,"word":"customer","originalText":"customer","characterOffsetBegin":1037,"characterOffsetEnd":1045,"pos":"NN","before":" ","after":" "},{"index":20,"word":"service","originalText":"service","characterOffsetBegin":1046,"characterOffsetEnd":1053,"pos":"NN","before":" ","after":" "},{"index":21,"word":"department","originalText":"department","characterOffsetBegin":1054,"characterOffsetEnd":1064,"pos":"NN","before":" ","after":""},{"index":22,"word":".","originalText":".","characterOffsetBegin":1064,"characterOffsetEnd":1065,"pos":".","before":"","after":" "}]},{"index":4,"tokens":[{"index":1,"word":"If","originalText":"If","characterOffsetBegin":1066,"characterOffsetEnd":1068,"pos":"IN","before":" ","after":" "},{"index":2,"word":"you","originalText":"you","characterOffsetBegin":1069,"characterOffsetEnd":1072,"pos":"PRP","before":" ","after":" "},{"index":3,"word":"havetechnical","originalText":"havetechnical","characterOffsetBegin":1073,"characterOffsetEnd":1086,"pos":"JJ","before":" ","after":" "},{"index":4,"word":"questions","originalText":"questions","characterOffsetBegin":1087,"characterOffsetEnd":1096,"pos":"NNS","before":" ","after":""},{"index":5,"word":",","originalText":",","characterOffsetBegin":1096,"characterOffsetEnd":1097,"pos":",","before":"","after":" "},{"index":6,"word":"you","originalText":"you","characterOffsetBegin":1098,"characterOffsetEnd":1101,"pos":"PRP","before":" ","after":" "},{"index":7,"word":"can","originalText":"can","characterOffsetBegin":1102,"characterOffsetEnd":1105,"pos":"MD","before":" ","after":" "},{"index":8,"word":"write","originalText":"write","characterOffsetBegin":1106,"characterOffsetEnd":1111,"pos":"VB","before":" ","after":" "},{"index":9,"word":"to","originalText":"to","characterOffsetBegin":1112,"characterOffsetEnd":1114,"pos":"TO","before":" ","after":" "},{"index":10,"word":"support@qdeck.com","originalText":"support@qdeck.com","characterOffsetBegin":1115,"characterOffsetEnd":1132,"pos":"NNP","before":" ","after":""},{"index":11,"word":".","originalText":".","characterOffsetBegin":1132,"characterOffsetEnd":1133,"pos":".","before":"","after":""}]},{"index":5,"tokens":[{"index":1,"word":">>","originalText":">>","characterOffsetBegin":1133,"characterOffsetEnd":1135,"pos":"NN","before":"","after":""},{"index":2,"word":"In","originalText":"In","characterOffsetBegin":1135,"characterOffsetEnd":1137,"pos":"IN","before":"","after":" "},{"index":3,"word":"my","originalText":"my","characterOffsetBegin":1138,"characterOffsetEnd":1140,"pos":"PRP$","before":" ","after":" "},{"index":4,"word":"opinion","originalText":"opinion","characterOffsetBegin":1141,"characterOffsetEnd":1148,"pos":"NN","before":" ","after":""},{"index":5,"word":",","originalText":",","characterOffsetBegin":1148,"characterOffsetEnd":1149,"pos":",","before":"","after":" "},{"index":6,"word":"if","originalText":"if","characterOffsetBegin":1150,"characterOffsetEnd":1152,"pos":"IN","before":" ","after":" "},{"index":7,"word":"you","originalText":"you","characterOffsetBegin":1153,"characterOffsetEnd":1156,"pos":"PRP","before":" ","after":" "},{"index":8,"word":"want","originalText":"want","characterOffsetBegin":1157,"characterOffsetEnd":1161,"pos":"VBP","before":" ","after":" "},{"index":9,"word":"to","originalText":"to","characterOffsetBegin":1162,"characterOffsetEnd":1164,"pos":"TO","before":" ","after":" "},{"index":10,"word":"have","originalText":"have","characterOffsetBegin":1165,"characterOffsetEnd":1169,"pos":"VB","before":" ","after":" "},{"index":11,"word":"other","originalText":"other","characterOffsetBegin":1170,"characterOffsetEnd":1175,"pos":"JJ","before":" ","after":" "},{"index":12,"word":"people","originalText":"people","characterOffsetBegin":1176,"characterOffsetEnd":1182,"pos":"NNS","before":" ","after":" "},{"index":13,"word":"logging","originalText":"logging","characterOffsetBegin":1183,"characterOffsetEnd":1190,"pos":"VBG","before":" ","after":" "},{"index":14,"word":"in","originalText":"in","characterOffsetBegin":1191,"characterOffsetEnd":1193,"pos":"IN","before":" ","after":" "},{"index":15,"word":"and","originalText":"and","characterOffsetBegin":1194,"characterOffsetEnd":1197,"pos":"CC","before":" ","after":" "},{"index":16,"word":"running","originalText":"running","characterOffsetBegin":1198,"characterOffsetEnd":1205,"pos":"VBG","before":" ","after":""},{"index":17,"word":">>","originalText":">>","characterOffsetBegin":1205,"characterOffsetEnd":1207,"pos":"NN","before":"","after":""},{"index":18,"word":"applications","originalText":"applications","characterOffsetBegin":1207,"characterOffsetEnd":1219,"pos":"NNS","before":"","after":" "},{"index":19,"word":"at","originalText":"at","characterOffsetBegin":1220,"characterOffsetEnd":1222,"pos":"IN","before":" ","after":" "},{"index":20,"word":"your","originalText":"your","characterOffsetBegin":1223,"characterOffsetEnd":1227,"pos":"PRP$","before":" ","after":" "},{"index":21,"word":"pc","originalText":"pc","characterOffsetBegin":1228,"characterOffsetEnd":1230,"pos":"NN","before":" ","after":""},{"index":22,"word":",","originalText":",","characterOffsetBegin":1230,"characterOffsetEnd":1231,"pos":",","before":"","after":" "},{"index":23,"word":"you","originalText":"you","characterOffsetBegin":1232,"characterOffsetEnd":1235,"pos":"PRP","before":" ","after":""},{"index":24,"word":"'ll","originalText":"'ll","characterOffsetBegin":1235,"characterOffsetEnd":1238,"pos":"MD","before":"","after":" "},{"index":25,"word":"want","originalText":"want","characterOffsetBegin":1239,"characterOffsetEnd":1243,"pos":"VB","before":" ","after":" "},{"index":26,"word":"to","originalText":"to","characterOffsetBegin":1244,"characterOffsetEnd":1246,"pos":"TO","before":" ","after":" "},{"index":27,"word":"have","originalText":"have","characterOffsetBegin":1247,"characterOffsetEnd":1251,"pos":"VB","before":" ","after":" "},{"index":28,"word":"a","originalText":"a","characterOffsetBegin":1252,"characterOffsetEnd":1253,"pos":"DT","before":" ","after":" "},{"index":29,"word":"486","originalText":"486","characterOffsetBegin":1254,"characterOffsetEnd":1257,"pos":"CD","before":" ","after":" "},{"index":30,"word":"33","originalText":"33","characterOffsetBegin":1258,"characterOffsetEnd":1260,"pos":"CD","before":" ","after":" "},{"index":31,"word":"with","originalText":"with","characterOffsetBegin":1261,"characterOffsetEnd":1265,"pos":"IN","before":" ","after":" "},{"index":32,"word":"16","originalText":"16","characterOffsetBegin":1266,"characterOffsetEnd":1268,"pos":"CD","before":" ","after":" "},{"index":33,"word":"Megs","originalText":"Megs","characterOffsetBegin":1269,"characterOffsetEnd":1273,"pos":"NNS","before":" ","after":" "},{"index":34,"word":"of","originalText":"of","characterOffsetBegin":1274,"characterOffsetEnd":1276,"pos":"IN","before":" ","after":" "},{"index":35,"word":"RAM","originalText":"RAM","characterOffsetBegin":1277,"characterOffsetEnd":1280,"pos":"NNP","before":" ","after":""},{"index":36,"word":".","originalText":".","characterOffsetBegin":1280,"characterOffsetEnd":1281,"pos":".","before":"","after":""}]},{"index":6,"tokens":[{"index":1,"word":">>","originalText":">>","characterOffsetBegin":1281,"characterOffsetEnd":1283,"pos":"NN","before":"","after":""},{"index":2,"word":"Also","originalText":"Also","characterOffsetBegin":1283,"characterOffsetEnd":1287,"pos":"RB","before":"","after":""},{"index":3,"word":",","originalText":",","characterOffsetBegin":1287,"characterOffsetEnd":1288,"pos":",","before":"","after":" "},{"index":4,"word":"the","originalText":"the","characterOffsetBegin":1289,"characterOffsetEnd":1292,"pos":"DT","before":" ","after":" "},{"index":5,"word":"Xwindows","originalText":"Xwindows","characterOffsetBegin":1293,"characterOffsetEnd":1301,"pos":"NNP","before":" ","after":" "},{"index":6,"word":"software","originalText":"software","characterOffsetBegin":1302,"characterOffsetEnd":1310,"pos":"NN","before":" ","after":" "},{"index":7,"word":"in","originalText":"in","characterOffsetBegin":1311,"characterOffsetEnd":1313,"pos":"IN","before":" ","after":" "},{"index":8,"word":"DESQviewX","originalText":"DESQviewX","characterOffsetBegin":1314,"characterOffsetEnd":1323,"pos":"NNP","before":" ","after":" "},{"index":9,"word":"really","originalText":"really","characterOffsetBegin":1324,"characterOffsetEnd":1330,"pos":"RB","before":" ","after":" "},{"index":10,"word":"seems","originalText":"seems","characterOffsetBegin":1331,"characterOffsetEnd":1336,"pos":"VBZ","before":" ","after":" "},{"index":11,"word":"to","originalText":"to","characterOffsetBegin":1337,"characterOffsetEnd":1339,"pos":"TO","before":" ","after":" "},{"index":12,"word":"like","originalText":"like","characterOffsetBegin":1340,"characterOffsetEnd":1344,"pos":"VB","before":" ","after":" "},{"index":13,"word":"an","originalText":"an","characterOffsetBegin":1345,"characterOffsetEnd":1347,"pos":"DT","before":" ","after":" "},{"index":14,"word":"ET","originalText":"ET","characterOffsetBegin":1348,"characterOffsetEnd":1350,"pos":"NNP","before":" ","after":" "},{"index":15,"word":"4000","originalText":"4000","characterOffsetBegin":1351,"characterOffsetEnd":1355,"pos":"CD","before":" ","after":""},{"index":16,"word":">>","originalText":">>","characterOffsetBegin":1355,"characterOffsetEnd":1357,"pos":"CD","before":"","after":""},{"index":17,"word":"-LRB-","originalText":"(","characterOffsetBegin":1357,"characterOffsetEnd":1358,"pos":"-LRB-","before":"","after":""},{"index":18,"word":"TSENG","originalText":"TSENG","characterOffsetBegin":1358,"characterOffsetEnd":1363,"pos":"NNP","before":"","after":" "},{"index":19,"word":"Labs","originalText":"Labs","characterOffsetBegin":1364,"characterOffsetEnd":1368,"pos":"NNPS","before":" ","after":" "},{"index":20,"word":"chipset","originalText":"chipset","characterOffsetBegin":1369,"characterOffsetEnd":1376,"pos":"NN","before":" ","after":""},{"index":21,"word":"-RRB-","originalText":")","characterOffsetBegin":1376,"characterOffsetEnd":1377,"pos":"-RRB-","before":"","after":" "},{"index":22,"word":"based","originalText":"based","characterOffsetBegin":1378,"characterOffsetEnd":1383,"pos":"VBN","before":" ","after":" "},{"index":23,"word":"graphics","originalText":"graphics","characterOffsetBegin":1384,"characterOffsetEnd":1392,"pos":"NNS","before":" ","after":" "},{"index":24,"word":"card","originalText":"card","characterOffsetBegin":1393,"characterOffsetEnd":1397,"pos":"NN","before":" ","after":""},{"index":25,"word":".","originalText":".","characterOffsetBegin":1397,"characterOffsetEnd":1398,"pos":".","before":"","after":" "}]},{"index":7,"tokens":[{"index":1,"word":"Personally","originalText":"Personally","characterOffsetBegin":1399,"characterOffsetEnd":1409,"pos":"RB","before":" ","after":""},{"index":2,"word":",","originalText":",","characterOffsetBegin":1409,"characterOffsetEnd":1410,"pos":",","before":"","after":" "},{"index":3,"word":"I","originalText":"I","characterOffsetBegin":1411,"characterOffsetEnd":1412,"pos":"PRP","before":" ","after":" "},{"index":4,"word":"found","originalText":"found","characterOffsetBegin":1413,"characterOffsetEnd":1418,"pos":"VBD","before":" ","after":" "},{"index":5,"word":"that","originalText":"that","characterOffsetBegin":1419,"characterOffsetEnd":1423,"pos":"IN","before":" ","after":" "},{"index":6,"word":"things","originalText":"things","characterOffsetBegin":1424,"characterOffsetEnd":1430,"pos":"NNS","before":" ","after":""},{"index":7,"word":">>","originalText":">>","characterOffsetBegin":1430,"characterOffsetEnd":1432,"pos":"CD","before":"","after":""},{"index":8,"word":"ran","originalText":"ran","characterOffsetBegin":1432,"characterOffsetEnd":1435,"pos":"VBD","before":"","after":" "},{"index":9,"word":"better","originalText":"better","characterOffsetBegin":1436,"characterOffsetEnd":1442,"pos":"RB","before":" ","after":" "},{"index":10,"word":"with","originalText":"with","characterOffsetBegin":1443,"characterOffsetEnd":1447,"pos":"IN","before":" ","after":" "},{"index":11,"word":"a","originalText":"a","characterOffsetBegin":1448,"characterOffsetEnd":1449,"pos":"DT","before":" ","after":" "},{"index":12,"word":"SCSI","originalText":"SCSI","characterOffsetBegin":1450,"characterOffsetEnd":1454,"pos":"NN","before":" ","after":" "},{"index":13,"word":"drive","originalText":"drive","characterOffsetBegin":1455,"characterOffsetEnd":1460,"pos":"NN","before":" ","after":" "},{"index":14,"word":"in","originalText":"in","characterOffsetBegin":1461,"characterOffsetEnd":1463,"pos":"IN","before":" ","after":" "},{"index":15,"word":"the","originalText":"the","characterOffsetBegin":1464,"characterOffsetEnd":1467,"pos":"DT","before":" ","after":" "},{"index":16,"word":"pc","originalText":"pc","characterOffsetBegin":1468,"characterOffsetEnd":1470,"pos":"NN","before":" ","after":" "},{"index":17,"word":"than","originalText":"than","characterOffsetBegin":1471,"characterOffsetEnd":1475,"pos":"IN","before":" ","after":" "},{"index":18,"word":"with","originalText":"with","characterOffsetBegin":1476,"characterOffsetEnd":1480,"pos":"IN","before":" ","after":" "},{"index":19,"word":"ESDI","originalText":"ESDI","characterOffsetBegin":1481,"characterOffsetEnd":1485,"pos":"NN","before":" ","after":" "},{"index":20,"word":"drives","originalText":"drives","characterOffsetBegin":1486,"characterOffsetEnd":1492,"pos":"NNS","before":" ","after":""},{"index":21,"word":",","originalText":",","characterOffsetBegin":1492,"characterOffsetEnd":1493,"pos":",","before":"","after":" "},{"index":22,"word":"but","originalText":"but","characterOffsetBegin":1494,"characterOffsetEnd":1497,"pos":"CC","before":" ","after":" "},{"index":23,"word":"that","originalText":"that","characterOffsetBegin":1498,"characterOffsetEnd":1502,"pos":"DT","before":" ","after":" "},{"index":24,"word":"is","originalText":"is","characterOffsetBegin":1503,"characterOffsetEnd":1505,"pos":"VBZ","before":" ","after":""},{"index":25,"word":">>","originalText":">>","characterOffsetBegin":1505,"characterOffsetEnd":1507,"pos":"CD","before":"","after":""},{"index":26,"word":"my","originalText":"my","characterOffsetBegin":1507,"characterOffsetEnd":1509,"pos":"PRP$","before":"","after":" "},{"index":27,"word":"experience","originalText":"experience","characterOffsetBegin":1510,"characterOffsetEnd":1520,"pos":"NN","before":" ","after":" "},{"index":28,"word":"only","originalText":"only","characterOffsetBegin":1521,"characterOffsetEnd":1525,"pos":"RB","before":" ","after":""},{"index":29,"word":">>","originalText":">>","characterOffsetBegin":1525,"characterOffsetEnd":1527,"pos":"VBD","before":"","after":""},{"index":30,"word":"What","originalText":"What","characterOffsetBegin":1527,"characterOffsetEnd":1531,"pos":"WP","before":"","after":" "},{"index":31,"word":"sort","originalText":"sort","characterOffsetBegin":1532,"characterOffsetEnd":1536,"pos":"NN","before":" ","after":" "},{"index":32,"word":"of","originalText":"of","characterOffsetBegin":1537,"characterOffsetEnd":1539,"pos":"IN","before":" ","after":" "},{"index":33,"word":"traffic","originalText":"traffic","characterOffsetBegin":1540,"characterOffsetEnd":1547,"pos":"NN","before":" ","after":" "},{"index":34,"word":"is","originalText":"is","characterOffsetBegin":1548,"characterOffsetEnd":1550,"pos":"VBZ","before":" ","after":" "},{"index":35,"word":"generated","originalText":"generated","characterOffsetBegin":1551,"characterOffsetEnd":1560,"pos":"VBN","before":" ","after":" "},{"index":36,"word":"with","originalText":"with","characterOffsetBegin":1561,"characterOffsetEnd":1565,"pos":"IN","before":" ","after":" "},{"index":37,"word":"the","originalText":"the","characterOffsetBegin":1566,"characterOffsetEnd":1569,"pos":"DT","before":" ","after":" "},{"index":38,"word":"X-calls","originalText":"X-calls","characterOffsetBegin":1570,"characterOffsetEnd":1577,"pos":"NNS","before":" ","after":""},{"index":39,"word":"?","originalText":"?","characterOffsetBegin":1577,"characterOffsetEnd":1578,"pos":".","before":"","after":"  "}]},{"index":8,"tokens":[{"index":1,"word":"I","originalText":"I","characterOffsetBegin":1580,"characterOffsetEnd":1581,"pos":"PRP","before":"  ","after":" "},{"index":2,"word":"am","originalText":"am","characterOffsetBegin":1582,"characterOffsetEnd":1584,"pos":"VBP","before":" ","after":" "},{"index":3,"word":"curious","originalText":"curious","characterOffsetBegin":1585,"characterOffsetEnd":1592,"pos":"JJ","before":" ","after":" "},{"index":4,"word":"to","originalText":"to","characterOffsetBegin":1593,"characterOffsetEnd":1595,"pos":"TO","before":" ","after":" "},{"index":5,"word":"find","originalText":"find","characterOffsetBegin":1596,"characterOffsetEnd":1600,"pos":"VB","before":" ","after":""},{"index":6,"word":">","originalText":">","characterOffsetBegin":1600,"characterOffsetEnd":1601,"pos":"JJR","before":"","after":""},{"index":7,"word":"out","originalText":"out","characterOffsetBegin":1601,"characterOffsetEnd":1604,"pos":"IN","before":"","after":" "},{"index":8,"word":"the","originalText":"the","characterOffsetBegin":1605,"characterOffsetEnd":1608,"pos":"DT","before":" ","after":" "},{"index":9,"word":"required","originalText":"required","characterOffsetBegin":1609,"characterOffsetEnd":1617,"pos":"VBN","before":" ","after":" "},{"index":10,"word":"bandwidth","originalText":"bandwidth","characterOffsetBegin":1618,"characterOffsetEnd":1627,"pos":"NN","before":" ","after":" "},{"index":11,"word":"that","originalText":"that","characterOffsetBegin":1628,"characterOffsetEnd":1632,"pos":"IN","before":" ","after":" "},{"index":12,"word":"a","originalText":"a","characterOffsetBegin":1633,"characterOffsetEnd":1634,"pos":"DT","before":" ","after":" "},{"index":13,"word":"link","originalText":"link","characterOffsetBegin":1635,"characterOffsetEnd":1639,"pos":"NN","before":" ","after":" "},{"index":14,"word":"must","originalText":"must","characterOffsetBegin":1640,"characterOffsetEnd":1644,"pos":"MD","before":" ","after":" "},{"index":15,"word":"have","originalText":"have","characterOffsetBegin":1645,"characterOffsetEnd":1649,"pos":"VB","before":" ","after":"  "},{"index":16,"word":"if","originalText":"if","characterOffsetBegin":1651,"characterOffsetEnd":1653,"pos":"IN","before":"  ","after":" "},{"index":17,"word":"one","originalText":"one","characterOffsetBegin":1654,"characterOffsetEnd":1657,"pos":"CD","before":" ","after":" "},{"index":18,"word":"machine","originalText":"machine","characterOffsetBegin":1658,"characterOffsetEnd":1665,"pos":"NN","before":" ","after":" "},{"index":19,"word":"running","originalText":"running","characterOffsetBegin":1666,"characterOffsetEnd":1673,"pos":"VBG","before":" ","after":""},{"index":20,"word":">","originalText":">","characterOffsetBegin":1673,"characterOffsetEnd":1674,"pos":"JJR","before":"","after":""},{"index":21,"word":"DV/X","originalText":"DV/X","characterOffsetBegin":1674,"characterOffsetEnd":1678,"pos":"NN","before":"","after":" "},{"index":22,"word":"is","originalText":"is","characterOffsetBegin":1679,"characterOffsetEnd":1681,"pos":"VBZ","before":" ","after":" "},{"index":23,"word":"supporting","originalText":"supporting","characterOffsetBegin":1682,"characterOffsetEnd":1692,"pos":"VBG","before":" ","after":" "},{"index":24,"word":"multiple","originalText":"multiple","characterOffsetBegin":1693,"characterOffsetEnd":1701,"pos":"JJ","before":" ","after":" "},{"index":25,"word":"users","originalText":"users","characterOffsetBegin":1702,"characterOffsetEnd":1707,"pos":"NNS","before":" ","after":" "},{"index":26,"word":"-LRB-","originalText":"(","characterOffsetBegin":1708,"characterOffsetEnd":1709,"pos":"-LRB-","before":" ","after":""},{"index":27,"word":"clients","originalText":"clients","characterOffsetBegin":1709,"characterOffsetEnd":1716,"pos":"NNS","before":"","after":""},{"index":28,"word":"-RRB-","originalText":")","characterOffsetBegin":1716,"characterOffsetEnd":1717,"pos":"-RRB-","before":"","after":" "},{"index":29,"word":"and","originalText":"and","characterOffsetBegin":1718,"characterOffsetEnd":1721,"pos":"CC","before":" ","after":" "},{"index":30,"word":"we","originalText":"we","characterOffsetBegin":1722,"characterOffsetEnd":1724,"pos":"PRP","before":" ","after":" "},{"index":31,"word":"require","originalText":"require","characterOffsetBegin":1725,"characterOffsetEnd":1732,"pos":"VBP","before":" ","after":" "},{"index":32,"word":"adequate","originalText":"adequate","characterOffsetBegin":1733,"characterOffsetEnd":1741,"pos":"JJ","before":" ","after":" "},{"index":33,"word":"response","originalText":"response","characterOffsetBegin":1742,"characterOffsetEnd":1750,"pos":"NN","before":" ","after":""},{"index":34,"word":">","originalText":">","characterOffsetBegin":1750,"characterOffsetEnd":1751,"pos":"JJR","before":"","after":""},{"index":35,"word":"time","originalText":"time","characterOffsetBegin":1751,"characterOffsetEnd":1755,"pos":"NN","before":"","after":""},{"index":36,"word":".","originalText":".","characterOffsetBegin":1755,"characterOffsetEnd":1756,"pos":".","before":"","after":"  "}]},{"index":9,"tokens":[{"index":1,"word":"Anyone","originalText":"Anyone","characterOffsetBegin":1758,"characterOffsetEnd":1764,"pos":"NN","before":"  ","after":" "},{"index":2,"word":"have","originalText":"have","characterOffsetBegin":1765,"characterOffsetEnd":1769,"pos":"VBP","before":" ","after":" "},{"index":3,"word":"any","originalText":"any","characterOffsetBegin":1770,"characterOffsetEnd":1773,"pos":"DT","before":" ","after":" "},{"index":4,"word":"ideas","originalText":"ideas","characterOffsetBegin":1774,"characterOffsetEnd":1779,"pos":"NNS","before":" ","after":" "},{"index":5,"word":"??","originalText":"??","characterOffsetBegin":1780,"characterOffsetEnd":1782,"pos":"VBP","before":" ","after":"  "}]},{"index":10,"tokens":[{"index":1,"word":"I","originalText":"I","characterOffsetBegin":1784,"characterOffsetEnd":1785,"pos":"PRP","before":"  ","after":" "},{"index":2,"word":"expect","originalText":"expect","characterOffsetBegin":1786,"characterOffsetEnd":1792,"pos":"VBP","before":" ","after":" "},{"index":3,"word":"the","originalText":"the","characterOffsetBegin":1793,"characterOffsetEnd":1796,"pos":"DT","before":" ","after":" "},{"index":4,"word":"limiting","originalText":"limiting","characterOffsetBegin":1797,"characterOffsetEnd":1805,"pos":"VBG","before":" ","after":" "},{"index":5,"word":"factor","originalText":"factor","characterOffsetBegin":1806,"characterOffsetEnd":1812,"pos":"NN","before":" ","after":" "},{"index":6,"word":"will","originalText":"will","characterOffsetBegin":1813,"characterOffsetEnd":1817,"pos":"MD","before":" ","after":" "},{"index":7,"word":"be","originalText":"be","characterOffsetBegin":1818,"characterOffsetEnd":1820,"pos":"VB","before":" ","after":" "},{"index":8,"word":"your","originalText":"your","characterOffsetBegin":1821,"characterOffsetEnd":1825,"pos":"PRP$","before":" ","after":" "},{"index":9,"word":"server","originalText":"server","characterOffsetBegin":1826,"characterOffsetEnd":1832,"pos":"NN","before":" ","after":" "},{"index":10,"word":"machine","originalText":"machine","characterOffsetBegin":1833,"characterOffsetEnd":1840,"pos":"NN","before":" ","after":""},{"index":11,"word":",","originalText":",","characterOffsetBegin":1840,"characterOffsetEnd":1841,"pos":",","before":"","after":" "},{"index":12,"word":"not","originalText":"not","characterOffsetBegin":1842,"characterOffsetEnd":1845,"pos":"RB","before":" ","after":" "},{"index":13,"word":"the","originalText":"the","characterOffsetBegin":1846,"characterOffsetEnd":1849,"pos":"DT","before":" ","after":" "},{"index":14,"word":"networkitself","originalText":"networkitself","characterOffsetBegin":1850,"characterOffsetEnd":1863,"pos":"NN","before":" ","after":""},{"index":15,"word":".","originalText":".","characterOffsetBegin":1863,"characterOffsetEnd":1864,"pos":".","before":"","after":" "}]},{"index":11,"tokens":[{"index":1,"word":"To","originalText":"To","characterOffsetBegin":1865,"characterOffsetEnd":1867,"pos":"TO","before":" ","after":" "},{"index":2,"word":"give","originalText":"give","characterOffsetBegin":1868,"characterOffsetEnd":1872,"pos":"VB","before":" ","after":" "},{"index":3,"word":"you","originalText":"you","characterOffsetBegin":1873,"characterOffsetEnd":1876,"pos":"PRP","before":" ","after":" "},{"index":4,"word":"a","originalText":"a","characterOffsetBegin":1877,"characterOffsetEnd":1878,"pos":"DT","before":" ","after":" "},{"index":5,"word":"real-world","originalText":"real-world","characterOffsetBegin":1879,"characterOffsetEnd":1889,"pos":"JJ","before":" ","after":" "},{"index":6,"word":"example","originalText":"example","characterOffsetBegin":1890,"characterOffsetEnd":1897,"pos":"NN","before":" ","after":""},{"index":7,"word":",","originalText":",","characterOffsetBegin":1897,"characterOffsetEnd":1898,"pos":",","before":"","after":" "},{"index":8,"word":"here","originalText":"here","characterOffsetBegin":1899,"characterOffsetEnd":1903,"pos":"RB","before":" ","after":" "},{"index":9,"word":"at","originalText":"at","characterOffsetBegin":1904,"characterOffsetEnd":1906,"pos":"IN","before":" ","after":" "},{"index":10,"word":"Quarterdeck","originalText":"Quarterdeck","characterOffsetBegin":1907,"characterOffsetEnd":1918,"pos":"NNP","before":" ","after":" "},{"index":11,"word":"we","originalText":"we","characterOffsetBegin":1919,"characterOffsetEnd":1921,"pos":"PRP","before":" ","after":" "},{"index":12,"word":"haveroughly","originalText":"haveroughly","characterOffsetBegin":1922,"characterOffsetEnd":1933,"pos":"VBP","before":" ","after":" "},{"index":13,"word":"100","originalText":"100","characterOffsetBegin":1934,"characterOffsetEnd":1937,"pos":"CD","before":" ","after":" "},{"index":14,"word":"people","originalText":"people","characterOffsetBegin":1938,"characterOffsetEnd":1944,"pos":"NNS","before":" ","after":" "},{"index":15,"word":"using","originalText":"using","characterOffsetBegin":1945,"characterOffsetEnd":1950,"pos":"VBG","before":" ","after":" "},{"index":16,"word":"DVX","originalText":"DVX","characterOffsetBegin":1951,"characterOffsetEnd":1954,"pos":"NNP","before":" ","after":" "},{"index":17,"word":"to","originalText":"to","characterOffsetBegin":1955,"characterOffsetEnd":1957,"pos":"TO","before":" ","after":" "},{"index":18,"word":"talk","originalText":"talk","characterOffsetBegin":1958,"characterOffsetEnd":1962,"pos":"VB","before":" ","after":" "},{"index":19,"word":"to","originalText":"to","characterOffsetBegin":1963,"characterOffsetEnd":1965,"pos":"TO","before":" ","after":" "},{"index":20,"word":"a","originalText":"a","characterOffsetBegin":1966,"characterOffsetEnd":1967,"pos":"DT","before":" ","after":" "},{"index":21,"word":"bunch","originalText":"bunch","characterOffsetBegin":1968,"characterOffsetEnd":1973,"pos":"NN","before":" ","after":" "},{"index":22,"word":"of","originalText":"of","characterOffsetBegin":1974,"characterOffsetEnd":1976,"pos":"IN","before":" ","after":" "},{"index":23,"word":"unix","originalText":"unix","characterOffsetBegin":1977,"characterOffsetEnd":1981,"pos":"JJ","before":" ","after":" "},{"index":24,"word":"boxes","originalText":"boxes","characterOffsetBegin":1982,"characterOffsetEnd":1987,"pos":"NNS","before":" ","after":""},{"index":25,"word":",","originalText":",","characterOffsetBegin":1987,"characterOffsetEnd":1988,"pos":",","before":"","after":" "},{"index":26,"word":"novellfile","originalText":"novellfile","characterOffsetBegin":1989,"characterOffsetEnd":1999,"pos":"JJ","before":" ","after":" "},{"index":27,"word":"servers","originalText":"servers","characterOffsetBegin":2000,"characterOffsetEnd":2007,"pos":"NNS","before":" ","after":""},{"index":28,"word":",","originalText":",","characterOffsetBegin":2007,"characterOffsetEnd":2008,"pos":",","before":"","after":" "},{"index":29,"word":"and","originalText":"and","characterOffsetBegin":2009,"characterOffsetEnd":2012,"pos":"CC","before":" ","after":" "},{"index":30,"word":"each","originalText":"each","characterOffsetBegin":2013,"characterOffsetEnd":2017,"pos":"DT","before":" ","after":" "},{"index":31,"word":"other","originalText":"other","characterOffsetBegin":2018,"characterOffsetEnd":2023,"pos":"JJ","before":" ","after":""},{"index":32,"word":".","originalText":".","characterOffsetBegin":2023,"characterOffsetEnd":2024,"pos":".","before":"","after":" "}]},{"index":12,"tokens":[{"index":1,"word":"It","originalText":"It","characterOffsetBegin":2025,"characterOffsetEnd":2027,"pos":"PRP","before":" ","after":""},{"index":2,"word":"'s","originalText":"'s","characterOffsetBegin":2027,"characterOffsetEnd":2029,"pos":"VBZ","before":"","after":" "},{"index":3,"word":"not","originalText":"not","characterOffsetBegin":2030,"characterOffsetEnd":2033,"pos":"RB","before":" ","after":" "},{"index":4,"word":"_","originalText":"_","characterOffsetBegin":2034,"characterOffsetEnd":2035,"pos":"VB","before":" ","after":""},{"index":5,"word":"too","originalText":"too","characterOffsetBegin":2035,"characterOffsetEnd":2038,"pos":"RB","before":"","after":""},{"index":6,"word":"_","originalText":"_","characterOffsetBegin":2038,"characterOffsetEnd":2039,"pos":"RB","before":"","after":" "},{"index":7,"word":"much","originalText":"much","characterOffsetBegin":2040,"characterOffsetEnd":2044,"pos":"JJ","before":" ","after":" "},{"index":8,"word":"of","originalText":"of","characterOffsetBegin":2045,"characterOffsetEnd":2047,"pos":"IN","before":" ","after":" "},{"index":9,"word":"a","originalText":"a","characterOffsetBegin":2048,"characterOffsetEnd":2049,"pos":"DT","before":" ","after":" "},{"index":10,"word":"load","originalText":"load","characterOffsetBegin":2050,"characterOffsetEnd":2054,"pos":"NN","before":" ","after":" "},{"index":11,"word":"on","originalText":"on","characterOffsetBegin":2055,"characterOffsetEnd":2057,"pos":"IN","before":" ","after":" "},{"index":12,"word":"ourEthernet","originalText":"ourEthernet","characterOffsetBegin":2058,"characterOffsetEnd":2069,"pos":"NN","before":" ","after":" "},{"index":13,"word":"-LRB-","originalText":"(","characterOffsetBegin":2070,"characterOffsetEnd":2071,"pos":"-LRB-","before":" ","after":""},{"index":14,"word":"with","originalText":"with","characterOffsetBegin":2071,"characterOffsetEnd":2075,"pos":"IN","before":"","after":" "},{"index":15,"word":"maybe","originalText":"maybe","characterOffsetBegin":2076,"characterOffsetEnd":2081,"pos":"RB","before":" ","after":" "},{"index":16,"word":"4","originalText":"4","characterOffsetBegin":2082,"characterOffsetEnd":2083,"pos":"CD","before":" ","after":" "},{"index":17,"word":"concentrators","originalText":"concentrators","characterOffsetBegin":2084,"characterOffsetEnd":2097,"pos":"NNS","before":" ","after":""},{"index":18,"word":",","originalText":",","characterOffsetBegin":2097,"characterOffsetEnd":2098,"pos":",","before":"","after":" "},{"index":19,"word":"so","originalText":"so","characterOffsetBegin":2099,"characterOffsetEnd":2101,"pos":"RB","before":" ","after":" "},{"index":20,"word":"you","originalText":"you","characterOffsetBegin":2102,"characterOffsetEnd":2105,"pos":"PRP","before":" ","after":" "},{"index":21,"word":"have","originalText":"have","characterOffsetBegin":2106,"characterOffsetEnd":2110,"pos":"VBP","before":" ","after":" "},{"index":22,"word":"20-30","originalText":"20-30","characterOffsetBegin":2111,"characterOffsetEnd":2116,"pos":"CD","before":" ","after":" "},{"index":23,"word":"people","originalText":"people","characterOffsetBegin":2117,"characterOffsetEnd":2123,"pos":"NNS","before":" ","after":" "},{"index":24,"word":"on","originalText":"on","characterOffsetBegin":2124,"characterOffsetEnd":2126,"pos":"IN","before":" ","after":" "},{"index":25,"word":"eachsegment","originalText":"eachsegment","characterOffsetBegin":2127,"characterOffsetEnd":2138,"pos":"NN","before":" ","after":""},{"index":26,"word":"-RRB-","originalText":")","characterOffsetBegin":2138,"characterOffsetEnd":2139,"pos":"-RRB-","before":"","after":""},{"index":27,"word":".","originalText":".","characterOffsetBegin":2139,"characterOffsetEnd":2140,"pos":".","before":"","after":" "}]},{"index":13,"tokens":[{"index":1,"word":"If","originalText":"If","characterOffsetBegin":2141,"characterOffsetEnd":2143,"pos":"IN","before":" ","after":" "},{"index":2,"word":"you","originalText":"you","characterOffsetBegin":2144,"characterOffsetEnd":2147,"pos":"PRP","before":" ","after":" "},{"index":3,"word":"had","originalText":"had","characterOffsetBegin":2148,"characterOffsetEnd":2151,"pos":"VBD","before":" ","after":" "},{"index":4,"word":"a","originalText":"a","characterOffsetBegin":2152,"characterOffsetEnd":2153,"pos":"DT","before":" ","after":" "},{"index":5,"word":"badly","originalText":"badly","characterOffsetBegin":2154,"characterOffsetEnd":2159,"pos":"RB","before":" ","after":" "},{"index":6,"word":"loaded","originalText":"loaded","characterOffsetBegin":2160,"characterOffsetEnd":2166,"pos":"JJ","before":" ","after":" "},{"index":7,"word":"net","originalText":"net","characterOffsetBegin":2167,"characterOffsetEnd":2170,"pos":"NN","before":" ","after":""},{"index":8,"word":",","originalText":",","characterOffsetBegin":2170,"characterOffsetEnd":2171,"pos":",","before":"","after":" "},{"index":9,"word":"or","originalText":"or","characterOffsetBegin":2172,"characterOffsetEnd":2174,"pos":"CC","before":" ","after":" "},{"index":10,"word":"the","originalText":"the","characterOffsetBegin":2175,"characterOffsetEnd":2178,"pos":"DT","before":" ","after":" "},{"index":11,"word":"apps","originalText":"apps","characterOffsetBegin":2179,"characterOffsetEnd":2183,"pos":"NNS","before":" ","after":" "},{"index":12,"word":"you","originalText":"you","characterOffsetBegin":2184,"characterOffsetEnd":2187,"pos":"PRP","before":" ","after":" "},{"index":13,"word":"wanted","originalText":"wanted","characterOffsetBegin":2188,"characterOffsetEnd":2194,"pos":"VBD","before":" ","after":" "},{"index":14,"word":"to","originalText":"to","characterOffsetBegin":2195,"characterOffsetEnd":2197,"pos":"TO","before":" ","after":" "},{"index":15,"word":"runwere","originalText":"runwere","characterOffsetBegin":2198,"characterOffsetEnd":2205,"pos":"VB","before":" ","after":" "},{"index":16,"word":"very","originalText":"very","characterOffsetBegin":2206,"characterOffsetEnd":2210,"pos":"RB","before":" ","after":" "},{"index":17,"word":"network","originalText":"network","characterOffsetBegin":2211,"characterOffsetEnd":2218,"pos":"NN","before":" ","after":" "},{"index":18,"word":"intensive","originalText":"intensive","characterOffsetBegin":2219,"characterOffsetEnd":2228,"pos":"JJ","before":" ","after":""},{"index":19,"word":",","originalText":",","characterOffsetBegin":2228,"characterOffsetEnd":2229,"pos":",","before":"","after":" "},{"index":20,"word":"you","originalText":"you","characterOffsetBegin":2230,"characterOffsetEnd":2233,"pos":"PRP","before":" ","after":" "},{"index":21,"word":"could","originalText":"could","characterOffsetBegin":2234,"characterOffsetEnd":2239,"pos":"MD","before":" ","after":" "},{"index":22,"word":"run","originalText":"run","characterOffsetBegin":2240,"characterOffsetEnd":2243,"pos":"VB","before":" ","after":" "},{"index":23,"word":"into","originalText":"into","characterOffsetBegin":2244,"characterOffsetEnd":2248,"pos":"IN","before":" ","after":" "},{"index":24,"word":"some","originalText":"some","characterOffsetBegin":2249,"characterOffsetEnd":2253,"pos":"DT","before":" ","after":" "},{"index":25,"word":"slowdowns.But","originalText":"slowdowns.But","characterOffsetBegin":2254,"characterOffsetEnd":2267,"pos":"NN","before":" ","after":" "},{"index":26,"word":"the","originalText":"the","characterOffsetBegin":2268,"characterOffsetEnd":2271,"pos":"DT","before":" ","after":" "},{"index":27,"word":"biggest","originalText":"biggest","characterOffsetBegin":2272,"characterOffsetEnd":2279,"pos":"JJS","before":" ","after":" "},{"index":28,"word":"problem","originalText":"problem","characterOffsetBegin":2280,"characterOffsetEnd":2287,"pos":"NN","before":" ","after":" "},{"index":29,"word":"would","originalText":"would","characterOffsetBegin":2288,"characterOffsetEnd":2293,"pos":"MD","before":" ","after":" "},{"index":30,"word":"be","originalText":"be","characterOffsetBegin":2294,"characterOffsetEnd":2296,"pos":"VB","before":" ","after":" "},{"index":31,"word":"the","originalText":"the","characterOffsetBegin":2297,"characterOffsetEnd":2300,"pos":"DT","before":" ","after":" "},{"index":32,"word":"machine","originalText":"machine","characterOffsetBegin":2301,"characterOffsetEnd":2308,"pos":"NN","before":" ","after":" "},{"index":33,"word":"itself","originalText":"itself","characterOffsetBegin":2309,"characterOffsetEnd":2315,"pos":"PRP","before":" ","after":""},{"index":34,"word":".","originalText":".","characterOffsetBegin":2315,"characterOffsetEnd":2316,"pos":".","before":"","after":" "}]},{"index":14,"tokens":[{"index":1,"word":"Say","originalText":"Say","characterOffsetBegin":2317,"characterOffsetEnd":2320,"pos":"VB","before":" ","after":" "},{"index":2,"word":"you","originalText":"you","characterOffsetBegin":2321,"characterOffsetEnd":2324,"pos":"PRP","before":" ","after":" "},{"index":3,"word":"have","originalText":"have","characterOffsetBegin":2325,"characterOffsetEnd":2329,"pos":"VBP","before":" ","after":" "},{"index":4,"word":"a","originalText":"a","characterOffsetBegin":2330,"characterOffsetEnd":2331,"pos":"DT","before":" ","after":" "},{"index":5,"word":"48633","originalText":"48633","characterOffsetBegin":2332,"characterOffsetEnd":2337,"pos":"CD","before":" ","after":" "},{"index":6,"word":"with","originalText":"with","characterOffsetBegin":2338,"characterOffsetEnd":2342,"pos":"IN","before":" ","after":" "},{"index":7,"word":"plenty","originalText":"plenty","characterOffsetBegin":2343,"characterOffsetEnd":2349,"pos":"NN","before":" ","after":" "},{"index":8,"word":"of","originalText":"of","characterOffsetBegin":2350,"characterOffsetEnd":2352,"pos":"IN","before":" ","after":" "},{"index":9,"word":"ram","originalText":"ram","characterOffsetBegin":2353,"characterOffsetEnd":2356,"pos":"NN","before":" ","after":" "},{"index":10,"word":"and","originalText":"and","characterOffsetBegin":2357,"characterOffsetEnd":2360,"pos":"CC","before":" ","after":" "},{"index":11,"word":"a","originalText":"a","characterOffsetBegin":2361,"characterOffsetEnd":2362,"pos":"DT","before":" ","after":" "},{"index":12,"word":"fast","originalText":"fast","characterOffsetBegin":2363,"characterOffsetEnd":2367,"pos":"RB","before":" ","after":" "},{"index":13,"word":"hard","originalText":"hard","characterOffsetBegin":2368,"characterOffsetEnd":2372,"pos":"JJ","before":" ","after":" "},{"index":14,"word":"disk","originalText":"disk","characterOffsetBegin":2373,"characterOffsetEnd":2377,"pos":"NN","before":" ","after":" "},{"index":15,"word":"and","originalText":"and","characterOffsetBegin":2378,"characterOffsetEnd":2381,"pos":"CC","before":" ","after":" "},{"index":16,"word":"network","originalText":"network","characterOffsetBegin":2382,"characterOffsetEnd":2389,"pos":"NN","before":" ","after":" "},{"index":17,"word":"card","originalText":"card","characterOffsetBegin":2390,"characterOffsetEnd":2394,"pos":"NN","before":" ","after":""},{"index":18,"word":".","originalText":".","characterOffsetBegin":2394,"characterOffsetEnd":2395,"pos":".","before":"","after":" "}]},{"index":15,"tokens":[{"index":1,"word":"If","originalText":"If","characterOffsetBegin":2396,"characterOffsetEnd":2398,"pos":"IN","before":" ","after":" "},{"index":2,"word":"you","originalText":"you","characterOffsetBegin":2399,"characterOffsetEnd":2402,"pos":"PRP","before":" ","after":" "},{"index":3,"word":"have10","originalText":"have10","characterOffsetBegin":2403,"characterOffsetEnd":2409,"pos":"VBP","before":" ","after":" "},{"index":4,"word":"people","originalText":"people","characterOffsetBegin":2410,"characterOffsetEnd":2416,"pos":"NNS","before":" ","after":" "},{"index":5,"word":"running","originalText":"running","characterOffsetBegin":2417,"characterOffsetEnd":2424,"pos":"VBG","before":" ","after":" "},{"index":6,"word":"programs","originalText":"programs","characterOffsetBegin":2425,"characterOffsetEnd":2433,"pos":"NNS","before":" ","after":" "},{"index":7,"word":"off","originalText":"off","characterOffsetBegin":2434,"characterOffsetEnd":2437,"pos":"IN","before":" ","after":" "},{"index":8,"word":"it","originalText":"it","characterOffsetBegin":2438,"characterOffsetEnd":2440,"pos":"PRP","before":" ","after":""},{"index":9,"word":",","originalText":",","characterOffsetBegin":2440,"characterOffsetEnd":2441,"pos":",","before":"","after":" "},{"index":10,"word":"you","originalText":"you","characterOffsetBegin":2442,"characterOffsetEnd":2445,"pos":"PRP","before":" ","after":""},{"index":11,"word":"'re","originalText":"'re","characterOffsetBegin":2445,"characterOffsetEnd":2448,"pos":"VBP","before":"","after":" "},{"index":12,"word":"going","originalText":"going","characterOffsetBegin":2449,"characterOffsetEnd":2454,"pos":"VBG","before":" ","after":" "},{"index":13,"word":"to","originalText":"to","characterOffsetBegin":2455,"characterOffsetEnd":2457,"pos":"TO","before":" ","after":" "},{"index":14,"word":"see","originalText":"see","characterOffsetBegin":2458,"characterOffsetEnd":2461,"pos":"VB","before":" ","after":" "},{"index":15,"word":"some","originalText":"some","characterOffsetBegin":2462,"characterOffsetEnd":2466,"pos":"DT","before":" ","after":" "},{"index":16,"word":"slowdownsbecause","originalText":"slowdownsbecause","characterOffsetBegin":2467,"characterOffsetEnd":2483,"pos":"NN","before":" ","after":" "},{"index":17,"word":"you","originalText":"you","characterOffsetBegin":2484,"characterOffsetEnd":2487,"pos":"PRP","before":" ","after":""},{"index":18,"word":"'re","originalText":"'re","characterOffsetBegin":2487,"characterOffsetEnd":2490,"pos":"VBP","before":"","after":" "},{"index":19,"word":"now","originalText":"now","characterOffsetBegin":2491,"characterOffsetEnd":2494,"pos":"RB","before":" ","after":" "},{"index":20,"word":"on","originalText":"on","characterOffsetBegin":2495,"characterOffsetEnd":2497,"pos":"IN","before":" ","after":" "},{"index":21,"word":"-LRB-","originalText":"(","characterOffsetBegin":2498,"characterOffsetEnd":2499,"pos":"-LRB-","before":" ","after":""},{"index":22,"word":"effectively","originalText":"effectively","characterOffsetBegin":2499,"characterOffsetEnd":2510,"pos":"RB","before":"","after":""},{"index":23,"word":"-RRB-","originalText":")","characterOffsetBegin":2510,"characterOffsetEnd":2511,"pos":"-RRB-","before":"","after":" "},{"index":24,"word":"a","originalText":"a","characterOffsetBegin":2512,"characterOffsetEnd":2513,"pos":"DT","before":" ","after":" "},{"index":25,"word":"3.3","originalText":"3.3","characterOffsetBegin":2514,"characterOffsetEnd":2517,"pos":"CD","before":" ","after":" "},{"index":26,"word":"MHz","originalText":"MHz","characterOffsetBegin":2518,"characterOffsetEnd":2521,"pos":"NN","before":" ","after":" "},{"index":27,"word":"486","originalText":"486","characterOffsetBegin":2522,"characterOffsetEnd":2525,"pos":"CD","before":" ","after":""},{"index":28,"word":".","originalText":".","characterOffsetBegin":2525,"characterOffsetEnd":2526,"pos":".","before":"","after":" "}]},{"index":16,"tokens":[{"index":1,"word":"Of","originalText":"Of","characterOffsetBegin":2527,"characterOffsetEnd":2529,"pos":"IN","before":" ","after":" "},{"index":2,"word":"course","originalText":"course","characterOffsetBegin":2530,"characterOffsetEnd":2536,"pos":"NN","before":" ","after":""},{"index":3,"word":",","originalText":",","characterOffsetBegin":2536,"characterOffsetEnd":2537,"pos":",","before":"","after":" "},{"index":4,"word":"DVX","originalText":"DVX","characterOffsetBegin":2538,"characterOffsetEnd":2541,"pos":"NN","before":" ","after":" "},{"index":5,"word":"willattempt","originalText":"willattempt","characterOffsetBegin":2542,"characterOffsetEnd":2553,"pos":"NN","before":" ","after":" "},{"index":6,"word":"to","originalText":"to","characterOffsetBegin":2554,"characterOffsetEnd":2556,"pos":"TO","before":" ","after":" "},{"index":7,"word":"see","originalText":"see","characterOffsetBegin":2557,"characterOffsetEnd":2560,"pos":"VB","before":" ","after":" "},{"index":8,"word":"if","originalText":"if","characterOffsetBegin":2561,"characterOffsetEnd":2563,"pos":"IN","before":" ","after":" "},{"index":9,"word":"tasks","originalText":"tasks","characterOffsetBegin":2564,"characterOffsetEnd":2569,"pos":"NNS","before":" ","after":" "},{"index":10,"word":"are","originalText":"are","characterOffsetBegin":2570,"characterOffsetEnd":2573,"pos":"VBP","before":" ","after":" "},{"index":11,"word":"idle","originalText":"idle","characterOffsetBegin":2574,"characterOffsetEnd":2578,"pos":"JJ","before":" ","after":" "},{"index":12,"word":"and","originalText":"and","characterOffsetBegin":2579,"characterOffsetEnd":2582,"pos":"CC","before":" ","after":" "},{"index":13,"word":"make","originalText":"make","characterOffsetBegin":2583,"characterOffsetEnd":2587,"pos":"VB","before":" ","after":" "},{"index":14,"word":"sure","originalText":"sure","characterOffsetBegin":2588,"characterOffsetEnd":2592,"pos":"JJ","before":" ","after":" "},{"index":15,"word":"they","originalText":"they","characterOffsetBegin":2593,"characterOffsetEnd":2597,"pos":"PRP","before":" ","after":" "},{"index":16,"word":"give","originalText":"give","characterOffsetBegin":2598,"characterOffsetEnd":2602,"pos":"VBP","before":" ","after":" "},{"index":17,"word":"up","originalText":"up","characterOffsetBegin":2603,"characterOffsetEnd":2605,"pos":"RP","before":" ","after":" "},{"index":18,"word":"their","originalText":"their","characterOffsetBegin":2606,"characterOffsetEnd":2611,"pos":"PRP$","before":" ","after":" "},{"index":19,"word":"timeslice","originalText":"timeslice","characterOffsetBegin":2612,"characterOffsetEnd":2621,"pos":"NN","before":" ","after":""},{"index":20,"word":",","originalText":",","characterOffsetBegin":2621,"characterOffsetEnd":2622,"pos":",","before":"","after":" "},{"index":21,"word":"but","originalText":"but","characterOffsetBegin":2623,"characterOffsetEnd":2626,"pos":"CC","before":" ","after":" "},{"index":22,"word":"if","originalText":"if","characterOffsetBegin":2627,"characterOffsetEnd":2629,"pos":"IN","before":" ","after":" "},{"index":23,"word":"you","originalText":"you","characterOffsetBegin":2630,"characterOffsetEnd":2633,"pos":"PRP","before":" ","after":" "},{"index":24,"word":"have","originalText":"have","characterOffsetBegin":2634,"characterOffsetEnd":2638,"pos":"VBP","before":" ","after":" "},{"index":25,"word":"10","originalText":"10","characterOffsetBegin":2639,"characterOffsetEnd":2641,"pos":"CD","before":" ","after":" "},{"index":26,"word":"working","originalText":"working","characterOffsetBegin":2642,"characterOffsetEnd":2649,"pos":"VBG","before":" ","after":" "},{"index":27,"word":"programs","originalText":"programs","characterOffsetBegin":2650,"characterOffsetEnd":2658,"pos":"NNS","before":" ","after":" "},{"index":28,"word":"running","originalText":"running","characterOffsetBegin":2659,"characterOffsetEnd":2666,"pos":"VBG","before":" ","after":""},{"index":29,"word":",","originalText":",","characterOffsetBegin":2666,"characterOffsetEnd":2667,"pos":",","before":"","after":" "},{"index":30,"word":"you","originalText":"you","characterOffsetBegin":2668,"characterOffsetEnd":2671,"pos":"PRP","before":" ","after":""},{"index":31,"word":"'ll","originalText":"'ll","characterOffsetBegin":2671,"characterOffsetEnd":2674,"pos":"MD","before":"","after":" "},{"index":32,"word":"know","originalText":"know","characterOffsetBegin":2675,"characterOffsetEnd":2679,"pos":"VB","before":" ","after":" "},{"index":33,"word":"it.Having","originalText":"it.Having","characterOffsetBegin":2680,"characterOffsetEnd":2689,"pos":"NNP","before":" ","after":" "},{"index":34,"word":"said","originalText":"said","characterOffsetBegin":2690,"characterOffsetEnd":2694,"pos":"VBD","before":" ","after":" "},{"index":35,"word":"that","originalText":"that","characterOffsetBegin":2695,"characterOffsetEnd":2699,"pos":"IN","before":" ","after":""},{"index":36,"word":",","originalText":",","characterOffsetBegin":2699,"characterOffsetEnd":2700,"pos":",","before":"","after":" "},{"index":37,"word":"if","originalText":"if","characterOffsetBegin":2701,"characterOffsetEnd":2703,"pos":"IN","before":" ","after":" "},{"index":38,"word":"you","originalText":"you","characterOffsetBegin":2704,"characterOffsetEnd":2707,"pos":"PRP","before":" ","after":" "},{"index":39,"word":"can","originalText":"can","characterOffsetBegin":2708,"characterOffsetEnd":2711,"pos":"MD","before":" ","after":" "},{"index":40,"word":"tweak","originalText":"tweak","characterOffsetBegin":2712,"characterOffsetEnd":2717,"pos":"VB","before":" ","after":" "},{"index":41,"word":"the","originalText":"the","characterOffsetBegin":2718,"characterOffsetEnd":2721,"pos":"DT","before":" ","after":" "},{"index":42,"word":"programs","originalText":"programs","characterOffsetBegin":2722,"characterOffsetEnd":2730,"pos":"NNS","before":" ","after":" "},{"index":43,"word":"being","originalText":"being","characterOffsetBegin":2731,"characterOffsetEnd":2736,"pos":"VBG","before":" ","after":" "},{"index":44,"word":"run","originalText":"run","characterOffsetBegin":2737,"characterOffsetEnd":2740,"pos":"VBN","before":" ","after":" "},{"index":45,"word":"-LRB-","originalText":"(","characterOffsetBegin":2741,"characterOffsetEnd":2742,"pos":"-LRB-","before":" ","after":""},{"index":46,"word":"by","originalText":"by","characterOffsetBegin":2742,"characterOffsetEnd":2744,"pos":"IN","before":"","after":" "},{"index":47,"word":"addingin","originalText":"addingin","characterOffsetBegin":2745,"characterOffsetEnd":2753,"pos":"NN","before":" ","after":" "},{"index":48,"word":"calls","originalText":"calls","characterOffsetBegin":2754,"characterOffsetEnd":2759,"pos":"VBZ","before":" ","after":" "},{"index":49,"word":"to","originalText":"to","characterOffsetBegin":2760,"characterOffsetEnd":2762,"pos":"TO","before":" ","after":" "},{"index":50,"word":"give","originalText":"give","characterOffsetBegin":2763,"characterOffsetEnd":2767,"pos":"VB","before":" ","after":" "},{"index":51,"word":"up","originalText":"up","characterOffsetBegin":2768,"characterOffsetEnd":2770,"pos":"RP","before":" ","after":" "},{"index":52,"word":"time","originalText":"time","characterOffsetBegin":2771,"characterOffsetEnd":2775,"pos":"NN","before":" ","after":" "},{"index":53,"word":"slices","originalText":"slices","characterOffsetBegin":2776,"characterOffsetEnd":2782,"pos":"NNS","before":" ","after":" "},{"index":54,"word":"when","originalText":"when","characterOffsetBegin":2783,"characterOffsetEnd":2787,"pos":"WRB","before":" ","after":" "},{"index":55,"word":"idle","originalText":"idle","characterOffsetBegin":2788,"characterOffsetEnd":2792,"pos":"JJ","before":" ","after":" "},{"index":56,"word":"and","originalText":"and","characterOffsetBegin":2793,"characterOffsetEnd":2796,"pos":"CC","before":" ","after":" "},{"index":57,"word":"that","originalText":"that","characterOffsetBegin":2797,"characterOffsetEnd":2801,"pos":"IN","before":" ","after":" "},{"index":58,"word":"sort","originalText":"sort","characterOffsetBegin":2802,"characterOffsetEnd":2806,"pos":"NN","before":" ","after":" "},{"index":59,"word":"ofthing","originalText":"ofthing","characterOffsetBegin":2807,"characterOffsetEnd":2814,"pos":"NN","before":" ","after":""},{"index":60,"word":"-RRB-","originalText":")","characterOffsetBegin":2814,"characterOffsetEnd":2815,"pos":"-RRB-","before":"","after":""},{"index":61,"word":",","originalText":",","characterOffsetBegin":2815,"characterOffsetEnd":2816,"pos":",","before":"","after":" "},{"index":62,"word":"you","originalText":"you","characterOffsetBegin":2817,"characterOffsetEnd":2820,"pos":"PRP","before":" ","after":" "},{"index":63,"word":"could","originalText":"could","characterOffsetBegin":2821,"characterOffsetEnd":2826,"pos":"MD","before":" ","after":" "},{"index":64,"word":"probably","originalText":"probably","characterOffsetBegin":2827,"characterOffsetEnd":2835,"pos":"RB","before":" ","after":" "},{"index":65,"word":"run","originalText":"run","characterOffsetBegin":2836,"characterOffsetEnd":2839,"pos":"VB","before":" ","after":" "},{"index":66,"word":"15-20","originalText":"15-20","characterOffsetBegin":2840,"characterOffsetEnd":2845,"pos":"CD","before":" ","after":" "},{"index":67,"word":"people","originalText":"people","characterOffsetBegin":2846,"characterOffsetEnd":2852,"pos":"NNS","before":" ","after":" "},{"index":68,"word":"on","originalText":"on","characterOffsetBegin":2853,"characterOffsetEnd":2855,"pos":"IN","before":" ","after":" "},{"index":69,"word":"a","originalText":"a","characterOffsetBegin":2856,"characterOffsetEnd":2857,"pos":"DT","before":" ","after":" "},{"index":70,"word":"given","originalText":"given","characterOffsetBegin":2858,"characterOffsetEnd":2863,"pos":"VBN","before":" ","after":" "},{"index":71,"word":"machine","originalText":"machine","characterOffsetBegin":2864,"characterOffsetEnd":2871,"pos":"NN","before":" ","after":" "},{"index":72,"word":"beforeyou","originalText":"beforeyou","characterOffsetBegin":2872,"characterOffsetEnd":2881,"pos":"NN","before":" ","after":" "},{"index":73,"word":"started","originalText":"started","characterOffsetBegin":2882,"characterOffsetEnd":2889,"pos":"VBD","before":" ","after":" "},{"index":74,"word":"seeing","originalText":"seeing","characterOffsetBegin":2890,"characterOffsetEnd":2896,"pos":"VBG","before":" ","after":" "},{"index":75,"word":"slowdowns","originalText":"slowdowns","characterOffsetBegin":2897,"characterOffsetEnd":2906,"pos":"NNS","before":" ","after":" "},{"index":76,"word":"again","originalText":"again","characterOffsetBegin":2907,"characterOffsetEnd":2912,"pos":"RB","before":" ","after":" "},{"index":77,"word":"-LRB-","originalText":"(","characterOffsetBegin":2913,"characterOffsetEnd":2914,"pos":"-LRB-","before":" ","after":""},{"index":78,"word":"this","originalText":"this","characterOffsetBegin":2914,"characterOffsetEnd":2918,"pos":"DT","before":"","after":" "},{"index":79,"word":"time","originalText":"time","characterOffsetBegin":2919,"characterOffsetEnd":2923,"pos":"NN","before":" ","after":" "},{"index":80,"word":"from","originalText":"from","characterOffsetBegin":2924,"characterOffsetEnd":2928,"pos":"IN","before":" ","after":" "},{"index":81,"word":"network","originalText":"network","characterOffsetBegin":2929,"characterOffsetEnd":2936,"pos":"NN","before":" ","after":" "},{"index":82,"word":"bandwidth","originalText":"bandwidth","characterOffsetBegin":2937,"characterOffsetEnd":2946,"pos":"NN","before":" ","after":""},{"index":83,"word":"-RRB-","originalText":")","characterOffsetBegin":2946,"characterOffsetEnd":2947,"pos":"-RRB-","before":"","after":""},{"index":84,"word":".","originalText":".","characterOffsetBegin":2947,"characterOffsetEnd":2948,"pos":".","before":"","after":""}]},{"index":17,"tokens":[{"index":1,"word":"It","originalText":"It","characterOffsetBegin":2948,"characterOffsetEnd":2950,"pos":"PRP","before":"","after":" "},{"index":2,"word":"all","originalText":"all","characterOffsetBegin":2951,"characterOffsetEnd":2954,"pos":"DT","before":" ","after":" "},{"index":3,"word":"really","originalText":"really","characterOffsetBegin":2955,"characterOffsetEnd":2961,"pos":"RB","before":" ","after":" "},{"index":4,"word":"depends","originalText":"depends","characterOffsetBegin":2962,"characterOffsetEnd":2969,"pos":"VBZ","before":" ","after":" "},{"index":5,"word":"on","originalText":"on","characterOffsetBegin":2970,"characterOffsetEnd":2972,"pos":"IN","before":" ","after":" "},{"index":6,"word":"what","originalText":"what","characterOffsetBegin":2973,"characterOffsetEnd":2977,"pos":"WP","before":" ","after":" "},{"index":7,"word":"the","originalText":"the","characterOffsetBegin":2978,"characterOffsetEnd":2981,"pos":"DT","before":" ","after":" "},{"index":8,"word":"programs","originalText":"programs","characterOffsetBegin":2982,"characterOffsetEnd":2990,"pos":"NNS","before":" ","after":" "},{"index":9,"word":"are","originalText":"are","characterOffsetBegin":2991,"characterOffsetEnd":2994,"pos":"VBP","before":" ","after":" "},{"index":10,"word":"doing","originalText":"doing","characterOffsetBegin":2995,"characterOffsetEnd":3000,"pos":"VBG","before":" ","after":" "},{"index":11,"word":"-LRB-","originalText":"(","characterOffsetBegin":3001,"characterOffsetEnd":3002,"pos":"-LRB-","before":" ","after":""},{"index":12,"word":"ie","originalText":"ie","characterOffsetBegin":3002,"characterOffsetEnd":3004,"pos":"FW","before":"","after":""},{"index":13,"word":".","originalText":".","characterOffsetBegin":3004,"characterOffsetEnd":3005,"pos":".","before":"","after":" "}]},{"index":18,"tokens":[{"index":1,"word":"you","originalText":"you","characterOffsetBegin":3006,"characterOffsetEnd":3009,"pos":"PRP","before":" ","after":""},{"index":2,"word":"'re","originalText":"'re","characterOffsetBegin":3009,"characterOffsetEnd":3012,"pos":"VBP","before":"","after":" "},{"index":3,"word":"goingto","originalText":"goingto","characterOffsetBegin":3013,"characterOffsetEnd":3020,"pos":"JJ","before":" ","after":" "},{"index":4,"word":"see","originalText":"see","characterOffsetBegin":3021,"characterOffsetEnd":3024,"pos":"VB","before":" ","after":" "},{"index":5,"word":"a","originalText":"a","characterOffsetBegin":3025,"characterOffsetEnd":3026,"pos":"DT","before":" ","after":" "},{"index":6,"word":"slowdown","originalText":"slowdown","characterOffsetBegin":3027,"characterOffsetEnd":3035,"pos":"NN","before":" ","after":" "},{"index":7,"word":"from","originalText":"from","characterOffsetBegin":3036,"characterOffsetEnd":3040,"pos":"IN","before":" ","after":" "},{"index":8,"word":"X-bandwidth","originalText":"X-bandwidth","characterOffsetBegin":3041,"characterOffsetEnd":3052,"pos":"NN","before":" ","after":" "},{"index":9,"word":"a","originalText":"a","characterOffsetBegin":3053,"characterOffsetEnd":3054,"pos":"DT","before":" ","after":" "},{"index":10,"word":"lot","originalText":"lot","characterOffsetBegin":3055,"characterOffsetEnd":3058,"pos":"NN","before":" ","after":" "},{"index":11,"word":"sooner","originalText":"sooner","characterOffsetBegin":3059,"characterOffsetEnd":3065,"pos":"RBR","before":" ","after":" "},{"index":12,"word":"if","originalText":"if","characterOffsetBegin":3066,"characterOffsetEnd":3068,"pos":"IN","before":" ","after":" "},{"index":13,"word":"your","originalText":"your","characterOffsetBegin":3069,"characterOffsetEnd":3073,"pos":"PRP$","before":" ","after":" "},{"index":14,"word":"apps","originalText":"apps","characterOffsetBegin":3074,"characterOffsetEnd":3078,"pos":"NNS","before":" ","after":" "},{"index":15,"word":"are","originalText":"are","characterOffsetBegin":3079,"characterOffsetEnd":3082,"pos":"VBP","before":" ","after":" "},{"index":16,"word":"alldoing","originalText":"alldoing","characterOffsetBegin":3083,"characterOffsetEnd":3091,"pos":"VBG","before":" ","after":" "},{"index":17,"word":"network","originalText":"network","characterOffsetBegin":3092,"characterOffsetEnd":3099,"pos":"NN","before":" ","after":" "},{"index":18,"word":"things","originalText":"things","characterOffsetBegin":3100,"characterOffsetEnd":3106,"pos":"NNS","before":" ","after":" "},{"index":19,"word":"also","originalText":"also","characterOffsetBegin":3107,"characterOffsetEnd":3111,"pos":"RB","before":" ","after":""},{"index":20,"word":"...","originalText":"...","characterOffsetBegin":3111,"characterOffsetEnd":3114,"pos":":","before":"","after":""},{"index":21,"word":"-RRB-","originalText":")","characterOffsetBegin":3114,"characterOffsetEnd":3115,"pos":"-RRB-","before":"","after":""},{"index":22,"word":"--","originalText":"--","characterOffsetBegin":3115,"characterOffsetEnd":3117,"pos":":","before":"","after":"        "},{"index":23,"word":"Quarterdeck","originalText":"Quarterdeck","characterOffsetBegin":3125,"characterOffsetEnd":3136,"pos":"NNP","before":"        ","after":" "},{"index":24,"word":"Office","originalText":"Office","characterOffsetBegin":3137,"characterOffsetEnd":3143,"pos":"NNP","before":" ","after":" "},{"index":25,"word":"Systems","originalText":"Systems","characterOffsetBegin":3144,"characterOffsetEnd":3151,"pos":"NNP","before":" ","after":" "},{"index":26,"word":"-","originalText":"-","characterOffsetBegin":3152,"characterOffsetEnd":3153,"pos":":","before":" ","after":" "},{"index":27,"word":"Internet","originalText":"Internet","characterOffsetBegin":3154,"characterOffsetEnd":3162,"pos":"NNP","before":" ","after":" "},{"index":28,"word":"Support","originalText":"Support","characterOffsetBegin":3163,"characterOffsetEnd":3170,"pos":"NN","before":" ","after":" "},{"index":29,"word":"-","originalText":"-","characterOffsetBegin":3171,"characterOffsetEnd":3172,"pos":":","before":" ","after":" "},{"index":30,"word":"Tom","originalText":"Tom","characterOffsetBegin":3173,"characterOffsetEnd":3176,"pos":"NNP","before":" ","after":" "},{"index":31,"word":"Bortels","originalText":"Bortels","characterOffsetBegin":3177,"characterOffsetEnd":3184,"pos":"NNP","before":" ","after":" "},{"index":32,"word":"Pricing/Ordering","originalText":"Pricing/Ordering","characterOffsetBegin":3185,"characterOffsetEnd":3201,"pos":"NNP","before":" ","after":" "},{"index":33,"word":":","originalText":":","characterOffsetBegin":3202,"characterOffsetEnd":3203,"pos":":","before":" ","after":" "},{"index":34,"word":"info@qdeck.com","originalText":"info@qdeck.com","characterOffsetBegin":3204,"characterOffsetEnd":3218,"pos":"NNP","before":" ","after":"  "},{"index":35,"word":"|","originalText":"|","characterOffsetBegin":3220,"characterOffsetEnd":3221,"pos":"CD","before":"  ","after":"  "},{"index":36,"word":"Tech","originalText":"Tech","characterOffsetBegin":3223,"characterOffsetEnd":3227,"pos":"NNP","before":"  ","after":" "},{"index":37,"word":"Questions","originalText":"Questions","characterOffsetBegin":3228,"characterOffsetEnd":3237,"pos":"NNPS","before":" ","after":" "},{"index":38,"word":":","originalText":":","characterOffsetBegin":3238,"characterOffsetEnd":3239,"pos":":","before":" ","after":" "},{"index":39,"word":"support@qdeck.com","originalText":"support@qdeck.com","characterOffsetBegin":3240,"characterOffsetEnd":3257,"pos":"NNP","before":" ","after":"  "},{"index":40,"word":"BBS","originalText":"BBS","characterOffsetBegin":3259,"characterOffsetEnd":3262,"pos":"NNP","before":"  ","after":""},{"index":41,"word":":","originalText":":","characterOffsetBegin":3262,"characterOffsetEnd":3263,"pos":":","before":"","after":" "},{"index":42,"word":"-LRB-310-RRB- 314-3227","originalText":"(310) 314-3227","characterOffsetBegin":3264,"characterOffsetEnd":3278,"pos":"NN","before":" ","after":" "},{"index":43,"word":"*","originalText":"*","characterOffsetBegin":3279,"characterOffsetEnd":3280,"pos":"SYM","before":" ","after":" "},{"index":44,"word":"FAX","originalText":"FAX","characterOffsetBegin":3281,"characterOffsetEnd":3284,"pos":"NNP","before":" ","after":""},{"index":45,"word":":","originalText":":","characterOffsetBegin":3284,"characterOffsetEnd":3285,"pos":":","before":"","after":" "},{"index":46,"word":"-LRB-310-RRB- 314-3217","originalText":"(310) 314-3217","characterOffsetBegin":3286,"characterOffsetEnd":3300,"pos":"NN","before":" ","after":" "},{"index":47,"word":"*","originalText":"*","characterOffsetBegin":3301,"characterOffsetEnd":3302,"pos":"SYM","before":" ","after":" "},{"index":48,"word":"Compuserve","originalText":"Compuserve","characterOffsetBegin":3303,"characterOffsetEnd":3313,"pos":"NNP","before":" ","after":""},{"index":49,"word":":","originalText":":","characterOffsetBegin":3313,"characterOffsetEnd":3314,"pos":":","before":"","after":" "},{"index":50,"word":"GO","originalText":"GO","characterOffsetBegin":3315,"characterOffsetEnd":3317,"pos":"NNP","before":" ","after":" "},{"index":51,"word":"QUARTERDECK","originalText":"QUARTERDECK","characterOffsetBegin":3318,"characterOffsetEnd":3329,"pos":"NNP","before":" ","after":"   "},{"index":52,"word":"Q/Fax","originalText":"Q/Fax","characterOffsetBegin":3332,"characterOffsetEnd":3337,"pos":"NNP","before":"   ","after":""},{"index":53,"word":":","originalText":":","characterOffsetBegin":3337,"characterOffsetEnd":3338,"pos":":","before":"","after":" "},{"index":54,"word":"-LRB-310-RRB- 314-3214","originalText":"(310) 314-3214","characterOffsetBegin":3339,"characterOffsetEnd":3353,"pos":"NN","before":" ","after":" "},{"index":55,"word":"from","originalText":"from","characterOffsetBegin":3354,"characterOffsetEnd":3358,"pos":"IN","before":" ","after":" "},{"index":56,"word":"touch-tone","originalText":"touch-tone","characterOffsetBegin":3359,"characterOffsetEnd":3369,"pos":"JJ","before":" ","after":" "},{"index":57,"word":"phone","originalText":"phone","characterOffsetBegin":3370,"characterOffsetEnd":3375,"pos":"NN","before":" ","after":" "},{"index":58,"word":"for","originalText":"for","characterOffsetBegin":3376,"characterOffsetEnd":3379,"pos":"IN","before":" ","after":" "},{"index":59,"word":"Technotes","originalText":"Technotes","characterOffsetBegin":3380,"characterOffsetEnd":3389,"pos":"NNS","before":" ","after":" "},{"index":60,"word":"On","originalText":"On","characterOffsetBegin":3390,"characterOffsetEnd":3392,"pos":"IN","before":" ","after":" "},{"index":61,"word":"Demand","originalText":"Demand","characterOffsetBegin":3393,"characterOffsetEnd":3399,"pos":"NN","before":" ","after":""},{"index":62,"word":"!","originalText":"!","characterOffsetBegin":3399,"characterOffsetEnd":3400,"pos":".","before":"","after":""}]}]}