{"sentences":[{"index":0,"tokens":[{"index":1,"word":"From","originalText":"From","characterOffsetBegin":0,"characterOffsetEnd":4,"pos":"IN","before":"","after":""},{"index":2,"word":":","originalText":":","characterOffsetBegin":4,"characterOffsetEnd":5,"pos":":","before":"","after":" "},{"index":3,"word":"buzz@bear.com","originalText":"buzz@bear.com","characterOffsetBegin":6,"characterOffsetEnd":19,"pos":"NN","before":" ","after":" "},{"index":4,"word":"-LRB-","originalText":"(","characterOffsetBegin":20,"characterOffsetEnd":21,"pos":"-LRB-","before":" ","after":""},{"index":5,"word":"Buzz","originalText":"Buzz","characterOffsetBegin":21,"characterOffsetEnd":25,"pos":"NNP","before":"","after":" "},{"index":6,"word":"Moschetti","originalText":"Moschetti","characterOffsetBegin":26,"characterOffsetEnd":35,"pos":"NNP","before":" ","after":""},{"index":7,"word":"-RRB-","originalText":")","characterOffsetBegin":35,"characterOffsetEnd":36,"pos":"-RRB-","before":"","after":""},{"index":8,"word":"Subject","originalText":"Subject","characterOffsetBegin":36,"characterOffsetEnd":43,"pos":"NNP","before":"","after":""},{"index":9,"word":":","originalText":":","characterOffsetBegin":43,"characterOffsetEnd":44,"pos":":","before":"","after":" "},{"index":10,"word":"Monthly","originalText":"Monthly","characterOffsetBegin":45,"characterOffsetEnd":52,"pos":"JJ","before":" ","after":" "},{"index":11,"word":"Question","originalText":"Question","characterOffsetBegin":53,"characterOffsetEnd":61,"pos":"NN","before":" ","after":" "},{"index":12,"word":"about","originalText":"about","characterOffsetBegin":62,"characterOffsetEnd":67,"pos":"IN","before":" ","after":" "},{"index":13,"word":"XCopyArea","originalText":"XCopyArea","characterOffsetBegin":68,"characterOffsetEnd":77,"pos":"NN","before":" ","after":""},{"index":14,"word":"-LRB-","originalText":"(","characterOffsetBegin":77,"characterOffsetEnd":78,"pos":"-LRB-","before":"","after":""},{"index":15,"word":"-RRB-","originalText":")","characterOffsetBegin":78,"characterOffsetEnd":79,"pos":"-RRB-","before":"","after":" "},{"index":16,"word":"and","originalText":"and","characterOffsetBegin":80,"characterOffsetEnd":83,"pos":"CC","before":" ","after":" "},{"index":17,"word":"Expose","originalText":"Expose","characterOffsetBegin":84,"characterOffsetEnd":90,"pos":"VB","before":" ","after":" "},{"index":18,"word":"Events","originalText":"Events","characterOffsetBegin":91,"characterOffsetEnd":97,"pos":"NNS","before":" ","after":""},{"index":19,"word":"-LRB-","originalText":"(","characterOffsetBegin":97,"characterOffsetEnd":98,"pos":"-LRB-","before":"","after":""},{"index":20,"word":"2nd","originalText":"2nd","characterOffsetBegin":98,"characterOffsetEnd":101,"pos":"JJ","before":"","after":" "},{"index":21,"word":"posting","originalText":"posting","characterOffsetBegin":102,"characterOffsetEnd":109,"pos":"VBG","before":" ","after":" "},{"index":22,"word":"of","originalText":"of","characterOffsetBegin":110,"characterOffsetEnd":112,"pos":"IN","before":" ","after":" "},{"index":23,"word":"the","originalText":"the","characterOffsetBegin":113,"characterOffsetEnd":116,"pos":"DT","before":" ","after":" "},{"index":24,"word":"question","originalText":"question","characterOffsetBegin":117,"characterOffsetEnd":125,"pos":"NN","before":" ","after":" "},{"index":25,"word":"that","originalText":"that","characterOffsetBegin":126,"characterOffsetEnd":130,"pos":"WDT","before":" ","after":" "},{"index":26,"word":"just","originalText":"just","characterOffsetBegin":131,"characterOffsetEnd":135,"pos":"RB","before":" ","after":" "},{"index":27,"word":"does","originalText":"does","characterOffsetBegin":136,"characterOffsetEnd":140,"pos":"VBZ","before":" ","after":""},{"index":28,"word":"n't","originalText":"n't","characterOffsetBegin":140,"characterOffsetEnd":143,"pos":"RB","before":"","after":" "},{"index":29,"word":"seem","originalText":"seem","characterOffsetBegin":144,"characterOffsetEnd":148,"pos":"VB","before":" ","after":" "},{"index":30,"word":"to","originalText":"to","characterOffsetBegin":149,"characterOffsetEnd":151,"pos":"TO","before":" ","after":" "},{"index":31,"word":"get","originalText":"get","characterOffsetBegin":152,"characterOffsetEnd":155,"pos":"VB","before":" ","after":" "},{"index":32,"word":"answered","originalText":"answered","characterOffsetBegin":156,"characterOffsetEnd":164,"pos":"VBN","before":" ","after":""},{"index":33,"word":"-RRB-","originalText":")","characterOffsetBegin":164,"characterOffsetEnd":165,"pos":"-RRB-","before":"","after":""},{"index":34,"word":"Suppose","originalText":"Suppose","characterOffsetBegin":165,"characterOffsetEnd":172,"pos":"VB","before":"","after":" "},{"index":35,"word":"you","originalText":"you","characterOffsetBegin":173,"characterOffsetEnd":176,"pos":"PRP","before":" ","after":" "},{"index":36,"word":"have","originalText":"have","characterOffsetBegin":177,"characterOffsetEnd":181,"pos":"VBP","before":" ","after":" "},{"index":37,"word":"an","originalText":"an","characterOffsetBegin":182,"characterOffsetEnd":184,"pos":"DT","before":" ","after":" "},{"index":38,"word":"idle","originalText":"idle","characterOffsetBegin":185,"characterOffsetEnd":189,"pos":"JJ","before":" ","after":" "},{"index":39,"word":"app","originalText":"app","characterOffsetBegin":190,"characterOffsetEnd":193,"pos":"NN","before":" ","after":" "},{"index":40,"word":"with","originalText":"with","characterOffsetBegin":194,"characterOffsetEnd":198,"pos":"IN","before":" ","after":" "},{"index":41,"word":"a","originalText":"a","characterOffsetBegin":199,"characterOffsetEnd":200,"pos":"DT","before":" ","after":" "},{"index":42,"word":"realized","originalText":"realized","characterOffsetBegin":201,"characterOffsetEnd":209,"pos":"VBN","before":" ","after":" "},{"index":43,"word":"and","originalText":"and","characterOffsetBegin":210,"characterOffsetEnd":213,"pos":"CC","before":" ","after":" "},{"index":44,"word":"mapped","originalText":"mapped","characterOffsetBegin":214,"characterOffsetEnd":220,"pos":"VBN","before":" ","after":" "},{"index":45,"word":"Window","originalText":"Window","characterOffsetBegin":221,"characterOffsetEnd":227,"pos":"NNP","before":" ","after":" "},{"index":46,"word":"that","originalText":"that","characterOffsetBegin":228,"characterOffsetEnd":232,"pos":"WDT","before":" ","after":" "},{"index":47,"word":"containsXlib","originalText":"containsXlib","characterOffsetBegin":233,"characterOffsetEnd":245,"pos":"NN","before":" ","after":" "},{"index":48,"word":"graphics","originalText":"graphics","characterOffsetBegin":246,"characterOffsetEnd":254,"pos":"NNS","before":" ","after":""},{"index":49,"word":".","originalText":".","characterOffsetBegin":254,"characterOffsetEnd":255,"pos":".","before":"","after":"  "}]},{"index":1,"tokens":[{"index":1,"word":"A","originalText":"A","characterOffsetBegin":257,"characterOffsetEnd":258,"pos":"DT","before":"  ","after":" "},{"index":2,"word":"button","originalText":"button","characterOffsetBegin":259,"characterOffsetEnd":265,"pos":"NN","before":" ","after":" "},{"index":3,"word":"widget","originalText":"widget","characterOffsetBegin":266,"characterOffsetEnd":272,"pos":"NN","before":" ","after":""},{"index":4,"word":",","originalText":",","characterOffsetBegin":272,"characterOffsetEnd":273,"pos":",","before":"","after":" "},{"index":5,"word":"when","originalText":"when","characterOffsetBegin":274,"characterOffsetEnd":278,"pos":"WRB","before":" ","after":" "},{"index":6,"word":"pressed","originalText":"pressed","characterOffsetBegin":279,"characterOffsetEnd":286,"pos":"VBN","before":" ","after":""},{"index":7,"word":",","originalText":",","characterOffsetBegin":286,"characterOffsetEnd":287,"pos":",","before":"","after":" "},{"index":8,"word":"will","originalText":"will","characterOffsetBegin":288,"characterOffsetEnd":292,"pos":"MD","before":" ","after":" "},{"index":9,"word":"cause","originalText":"cause","characterOffsetBegin":293,"characterOffsetEnd":298,"pos":"VB","before":" ","after":" "},{"index":10,"word":"a","originalText":"a","characterOffsetBegin":299,"characterOffsetEnd":300,"pos":"DT","before":" ","after":" "},{"index":11,"word":"new","originalText":"new","characterOffsetBegin":301,"characterOffsetEnd":304,"pos":"JJ","before":" ","after":" "},{"index":12,"word":"itemto","originalText":"itemto","characterOffsetBegin":305,"characterOffsetEnd":311,"pos":"NN","before":" ","after":" "},{"index":13,"word":"be","originalText":"be","characterOffsetBegin":312,"characterOffsetEnd":314,"pos":"VB","before":" ","after":" "},{"index":14,"word":"drawn","originalText":"drawn","characterOffsetBegin":315,"characterOffsetEnd":320,"pos":"VBN","before":" ","after":" "},{"index":15,"word":"in","originalText":"in","characterOffsetBegin":321,"characterOffsetEnd":323,"pos":"IN","before":" ","after":" "},{"index":16,"word":"the","originalText":"the","characterOffsetBegin":324,"characterOffsetEnd":327,"pos":"DT","before":" ","after":" "},{"index":17,"word":"Window","originalText":"Window","characterOffsetBegin":328,"characterOffsetEnd":334,"pos":"NNP","before":" ","after":""},{"index":18,"word":".","originalText":".","characterOffsetBegin":334,"characterOffsetEnd":335,"pos":".","before":"","after":"  "}]},{"index":2,"tokens":[{"index":1,"word":"This","originalText":"This","characterOffsetBegin":337,"characterOffsetEnd":341,"pos":"DT","before":"  ","after":" "},{"index":2,"word":"action","originalText":"action","characterOffsetBegin":342,"characterOffsetEnd":348,"pos":"NN","before":" ","after":" "},{"index":3,"word":"clearly","originalText":"clearly","characterOffsetBegin":349,"characterOffsetEnd":356,"pos":"RB","before":" ","after":" "},{"index":4,"word":"should","originalText":"should","characterOffsetBegin":357,"characterOffsetEnd":363,"pos":"MD","before":" ","after":" "},{"index":5,"word":"not","originalText":"not","characterOffsetBegin":364,"characterOffsetEnd":367,"pos":"RB","before":" ","after":" "},{"index":6,"word":"call","originalText":"call","characterOffsetBegin":368,"characterOffsetEnd":372,"pos":"VB","before":" ","after":" "},{"index":7,"word":"XCopyArea","originalText":"XCopyArea","characterOffsetBegin":373,"characterOffsetEnd":382,"pos":"NN","before":" ","after":""},{"index":8,"word":"-LRB-","originalText":"(","characterOffsetBegin":382,"characterOffsetEnd":383,"pos":"-LRB-","before":"","after":""},{"index":9,"word":"-RRB-","originalText":")","characterOffsetBegin":383,"characterOffsetEnd":384,"pos":"-RRB-","before":"","after":" "},{"index":10,"word":"-LRB-","originalText":"(","characterOffsetBegin":385,"characterOffsetEnd":386,"pos":"-LRB-","before":" ","after":""},{"index":11,"word":"or","originalText":"or","characterOffsetBegin":386,"characterOffsetEnd":388,"pos":"CC","before":"","after":" "},{"index":12,"word":"equiv","originalText":"equiv","characterOffsetBegin":389,"characterOffsetEnd":394,"pos":"NN","before":" ","after":""},{"index":13,"word":"-RRB-","originalText":")","characterOffsetBegin":394,"characterOffsetEnd":395,"pos":"-RRB-","before":"","after":" "},{"index":14,"word":"directly","originalText":"directly","characterOffsetBegin":396,"characterOffsetEnd":404,"pos":"RB","before":" ","after":""},{"index":15,"word":";","originalText":";","characterOffsetBegin":404,"characterOffsetEnd":405,"pos":":","before":"","after":" "},{"index":16,"word":"instead","originalText":"instead","characterOffsetBegin":406,"characterOffsetEnd":413,"pos":"RB","before":" ","after":""},{"index":17,"word":",","originalText":",","characterOffsetBegin":413,"characterOffsetEnd":414,"pos":",","before":"","after":" "},{"index":18,"word":"it","originalText":"it","characterOffsetBegin":415,"characterOffsetEnd":417,"pos":"PRP","before":" ","after":" "},{"index":19,"word":"should","originalText":"should","characterOffsetBegin":418,"characterOffsetEnd":424,"pos":"MD","before":" ","after":" "},{"index":20,"word":"register","originalText":"register","characterOffsetBegin":425,"characterOffsetEnd":433,"pos":"VB","before":" ","after":" "},{"index":21,"word":"the","originalText":"the","characterOffsetBegin":434,"characterOffsetEnd":437,"pos":"DT","before":" ","after":" "},{"index":22,"word":"existence","originalText":"existence","characterOffsetBegin":438,"characterOffsetEnd":447,"pos":"NN","before":" ","after":" "},{"index":23,"word":"of","originalText":"of","characterOffsetBegin":448,"characterOffsetEnd":450,"pos":"IN","before":" ","after":" "},{"index":24,"word":"the","originalText":"the","characterOffsetBegin":451,"characterOffsetEnd":454,"pos":"DT","before":" ","after":" "},{"index":25,"word":"newitem","originalText":"newitem","characterOffsetBegin":455,"characterOffsetEnd":462,"pos":"NN","before":" ","after":" "},{"index":26,"word":"in","originalText":"in","characterOffsetBegin":463,"characterOffsetEnd":465,"pos":"IN","before":" ","after":" "},{"index":27,"word":"a","originalText":"a","characterOffsetBegin":466,"characterOffsetEnd":467,"pos":"DT","before":" ","after":" "},{"index":28,"word":"memory","originalText":"memory","characterOffsetBegin":468,"characterOffsetEnd":474,"pos":"NN","before":" ","after":" "},{"index":29,"word":"structure","originalText":"structure","characterOffsetBegin":475,"characterOffsetEnd":484,"pos":"NN","before":" ","after":" "},{"index":30,"word":"and","originalText":"and","characterOffsetBegin":485,"characterOffsetEnd":488,"pos":"CC","before":" ","after":" "},{"index":31,"word":"let","originalText":"let","characterOffsetBegin":489,"characterOffsetEnd":492,"pos":"VB","before":" ","after":" "},{"index":32,"word":"the","originalText":"the","characterOffsetBegin":493,"characterOffsetEnd":496,"pos":"DT","before":" ","after":" "},{"index":33,"word":"same","originalText":"same","characterOffsetBegin":497,"characterOffsetEnd":501,"pos":"JJ","before":" ","after":" "},{"index":34,"word":"expose","originalText":"expose","characterOffsetBegin":502,"characterOffsetEnd":508,"pos":"VB","before":" ","after":" "},{"index":35,"word":"event","originalText":"event","characterOffsetBegin":509,"characterOffsetEnd":514,"pos":"NN","before":" ","after":" "},{"index":36,"word":"handler","originalText":"handler","characterOffsetBegin":515,"characterOffsetEnd":522,"pos":"NN","before":" ","after":" "},{"index":37,"word":"that","originalText":"that","characterOffsetBegin":523,"characterOffsetEnd":527,"pos":"WDT","before":" ","after":" "},{"index":38,"word":"handles","originalText":"handles","characterOffsetBegin":528,"characterOffsetEnd":535,"pos":"VBZ","before":" ","after":""},{"index":39,"word":"``","originalText":"\"","characterOffsetBegin":535,"characterOffsetEnd":536,"pos":"``","before":"","after":""},{"index":40,"word":"regular","originalText":"regular","characterOffsetBegin":536,"characterOffsetEnd":543,"pos":"JJ","before":"","after":""},{"index":41,"word":"''","originalText":"\"","characterOffsetBegin":543,"characterOffsetEnd":544,"pos":"''","before":"","after":" "},{"index":42,"word":"expose","originalText":"expose","characterOffsetBegin":545,"characterOffsetEnd":551,"pos":"VB","before":" ","after":" "},{"index":43,"word":"events","originalText":"events","characterOffsetBegin":552,"characterOffsetEnd":558,"pos":"NNS","before":" ","after":" "},{"index":44,"word":"-LRB-","originalText":"(","characterOffsetBegin":559,"characterOffsetEnd":560,"pos":"-LRB-","before":" ","after":""},{"index":45,"word":"e.g.","originalText":"e.g.","characterOffsetBegin":560,"characterOffsetEnd":564,"pos":"FW","before":"","after":" "},{"index":46,"word":"window","originalText":"window","characterOffsetBegin":565,"characterOffsetEnd":571,"pos":"NN","before":" ","after":" "},{"index":47,"word":"manager-driven","originalText":"manager-driven","characterOffsetBegin":572,"characterOffsetEnd":586,"pos":"JJ","before":" ","after":" "},{"index":48,"word":"exposures","originalText":"exposures","characterOffsetBegin":587,"characterOffsetEnd":596,"pos":"NNS","before":" ","after":""},{"index":49,"word":"-RRB-","originalText":")","characterOffsetBegin":596,"characterOffsetEnd":597,"pos":"-RRB-","before":"","after":" "},{"index":50,"word":"take","originalText":"take","characterOffsetBegin":598,"characterOffsetEnd":602,"pos":"VBP","before":" ","after":" "},{"index":51,"word":"careof","originalText":"careof","characterOffsetBegin":603,"characterOffsetEnd":609,"pos":"JJ","before":" ","after":" "},{"index":52,"word":"rendering","originalText":"rendering","characterOffsetBegin":610,"characterOffsetEnd":619,"pos":"VBG","before":" ","after":" "},{"index":53,"word":"the","originalText":"the","characterOffsetBegin":620,"characterOffsetEnd":623,"pos":"DT","before":" ","after":" "},{"index":54,"word":"new","originalText":"new","characterOffsetBegin":624,"characterOffsetEnd":627,"pos":"JJ","before":" ","after":" "},{"index":55,"word":"image","originalText":"image","characterOffsetBegin":628,"characterOffsetEnd":633,"pos":"NN","before":" ","after":""},{"index":56,"word":".","originalText":".","characterOffsetBegin":633,"characterOffsetEnd":634,"pos":".","before":"","after":"  "}]},{"index":3,"tokens":[{"index":1,"word":"Using","originalText":"Using","characterOffsetBegin":636,"characterOffsetEnd":641,"pos":"VBG","before":"  ","after":" "},{"index":2,"word":"an","originalText":"an","characterOffsetBegin":642,"characterOffsetEnd":644,"pos":"DT","before":" ","after":" "},{"index":3,"word":"expose","originalText":"expose","characterOffsetBegin":645,"characterOffsetEnd":651,"pos":"VB","before":" ","after":" "},{"index":4,"word":"event","originalText":"event","characterOffsetBegin":652,"characterOffsetEnd":657,"pos":"NN","before":" ","after":" "},{"index":5,"word":"handler","originalText":"handler","characterOffsetBegin":658,"characterOffsetEnd":665,"pos":"NN","before":" ","after":" "},{"index":6,"word":"is","originalText":"is","characterOffsetBegin":666,"characterOffsetEnd":668,"pos":"VBZ","before":" ","after":" "},{"index":7,"word":"a","originalText":"a","characterOffsetBegin":669,"characterOffsetEnd":670,"pos":"DT","before":" ","after":" "},{"index":8,"word":"``","originalText":"\"","characterOffsetBegin":671,"characterOffsetEnd":672,"pos":"``","before":" ","after":""},{"index":9,"word":"proper","originalText":"proper","characterOffsetBegin":672,"characterOffsetEnd":678,"pos":"JJ","before":"","after":""},{"index":10,"word":"''","originalText":"\"","characterOffsetBegin":678,"characterOffsetEnd":679,"pos":"''","before":"","after":" "},{"index":11,"word":"wayto","originalText":"wayto","characterOffsetBegin":680,"characterOffsetEnd":685,"pos":"NN","before":" ","after":" "},{"index":12,"word":"do","originalText":"do","characterOffsetBegin":686,"characterOffsetEnd":688,"pos":"VBP","before":" ","after":" "},{"index":13,"word":"this","originalText":"this","characterOffsetBegin":689,"characterOffsetEnd":693,"pos":"DT","before":" ","after":" "},{"index":14,"word":"because","originalText":"because","characterOffsetBegin":694,"characterOffsetEnd":701,"pos":"IN","before":" ","after":" "},{"index":15,"word":"at","originalText":"at","characterOffsetBegin":702,"characterOffsetEnd":704,"pos":"IN","before":" ","after":" "},{"index":16,"word":"the","originalText":"the","characterOffsetBegin":705,"characterOffsetEnd":708,"pos":"DT","before":" ","after":" "},{"index":17,"word":"time","originalText":"time","characterOffsetBegin":709,"characterOffsetEnd":713,"pos":"NN","before":" ","after":" "},{"index":18,"word":"the","originalText":"the","characterOffsetBegin":714,"characterOffsetEnd":717,"pos":"DT","before":" ","after":" "},{"index":19,"word":"handler","originalText":"handler","characterOffsetBegin":718,"characterOffsetEnd":725,"pos":"NN","before":" ","after":" "},{"index":20,"word":"is","originalText":"is","characterOffsetBegin":726,"characterOffsetEnd":728,"pos":"VBZ","before":" ","after":" "},{"index":21,"word":"called","originalText":"called","characterOffsetBegin":729,"characterOffsetEnd":735,"pos":"VBN","before":" ","after":""},{"index":22,"word":",","originalText":",","characterOffsetBegin":735,"characterOffsetEnd":736,"pos":",","before":"","after":" "},{"index":23,"word":"the","originalText":"the","characterOffsetBegin":737,"characterOffsetEnd":740,"pos":"DT","before":" ","after":" "},{"index":24,"word":"Xlib","originalText":"Xlib","characterOffsetBegin":741,"characterOffsetEnd":745,"pos":"NNP","before":" ","after":" "},{"index":25,"word":"Window","originalText":"Window","characterOffsetBegin":746,"characterOffsetEnd":752,"pos":"NNP","before":" ","after":" "},{"index":26,"word":"isguaranteed","originalText":"isguaranteed","characterOffsetBegin":753,"characterOffsetEnd":765,"pos":"VBD","before":" ","after":" "},{"index":27,"word":"to","originalText":"to","characterOffsetBegin":766,"characterOffsetEnd":768,"pos":"TO","before":" ","after":" "},{"index":28,"word":"be","originalText":"be","characterOffsetBegin":769,"characterOffsetEnd":771,"pos":"VB","before":" ","after":" "},{"index":29,"word":"mapped.The","originalText":"mapped.The","characterOffsetBegin":772,"characterOffsetEnd":782,"pos":"JJ","before":" ","after":" "},{"index":30,"word":"problem","originalText":"problem","characterOffsetBegin":783,"characterOffsetEnd":790,"pos":"NN","before":" ","after":""},{"index":31,"word":",","originalText":",","characterOffsetBegin":790,"characterOffsetEnd":791,"pos":",","before":"","after":" "},{"index":32,"word":"of","originalText":"of","characterOffsetBegin":792,"characterOffsetEnd":794,"pos":"IN","before":" ","after":" "},{"index":33,"word":"course","originalText":"course","characterOffsetBegin":795,"characterOffsetEnd":801,"pos":"NN","before":" ","after":""},{"index":34,"word":",","originalText":",","characterOffsetBegin":801,"characterOffsetEnd":802,"pos":",","before":"","after":" "},{"index":35,"word":"is","originalText":"is","characterOffsetBegin":803,"characterOffsetEnd":805,"pos":"VBZ","before":" ","after":" "},{"index":36,"word":"that","originalText":"that","characterOffsetBegin":806,"characterOffsetEnd":810,"pos":"IN","before":" ","after":" "},{"index":37,"word":"no","originalText":"no","characterOffsetBegin":811,"characterOffsetEnd":813,"pos":"DT","before":" ","after":" "},{"index":38,"word":"expose","originalText":"expose","characterOffsetBegin":814,"characterOffsetEnd":820,"pos":"VB","before":" ","after":" "},{"index":39,"word":"event","originalText":"event","characterOffsetBegin":821,"characterOffsetEnd":826,"pos":"NN","before":" ","after":" "},{"index":40,"word":"is","originalText":"is","characterOffsetBegin":827,"characterOffsetEnd":829,"pos":"VBZ","before":" ","after":" "},{"index":41,"word":"generated","originalText":"generated","characterOffsetBegin":830,"characterOffsetEnd":839,"pos":"VBN","before":" ","after":" "},{"index":42,"word":"if","originalText":"if","characterOffsetBegin":840,"characterOffsetEnd":842,"pos":"IN","before":" ","after":" "},{"index":43,"word":"the","originalText":"the","characterOffsetBegin":843,"characterOffsetEnd":846,"pos":"DT","before":" ","after":" "},{"index":44,"word":"windowis","originalText":"windowis","characterOffsetBegin":847,"characterOffsetEnd":855,"pos":"NN","before":" ","after":" "},{"index":45,"word":"already","originalText":"already","characterOffsetBegin":856,"characterOffsetEnd":863,"pos":"RB","before":" ","after":" "},{"index":46,"word":"visible","originalText":"visible","characterOffsetBegin":864,"characterOffsetEnd":871,"pos":"JJ","before":" ","after":" "},{"index":47,"word":"and","originalText":"and","characterOffsetBegin":872,"characterOffsetEnd":875,"pos":"CC","before":" ","after":" "},{"index":48,"word":"mapped","originalText":"mapped","characterOffsetBegin":876,"characterOffsetEnd":882,"pos":"VBN","before":" ","after":""},{"index":49,"word":".","originalText":".","characterOffsetBegin":882,"characterOffsetEnd":883,"pos":".","before":"","after":"  "}]},{"index":4,"tokens":[{"index":1,"word":"What","originalText":"What","characterOffsetBegin":885,"characterOffsetEnd":889,"pos":"WP","before":"  ","after":" "},{"index":2,"word":"we","originalText":"we","characterOffsetBegin":890,"characterOffsetEnd":892,"pos":"PRP","before":" ","after":" "},{"index":3,"word":"need","originalText":"need","characterOffsetBegin":893,"characterOffsetEnd":897,"pos":"VBP","before":" ","after":" "},{"index":4,"word":"to","originalText":"to","characterOffsetBegin":898,"characterOffsetEnd":900,"pos":"TO","before":" ","after":" "},{"index":5,"word":"do","originalText":"do","characterOffsetBegin":901,"characterOffsetEnd":903,"pos":"VB","before":" ","after":" "},{"index":6,"word":"is","originalText":"is","characterOffsetBegin":904,"characterOffsetEnd":906,"pos":"VBZ","before":" ","after":" "},{"index":7,"word":"somehow","originalText":"somehow","characterOffsetBegin":907,"characterOffsetEnd":914,"pos":"RB","before":" ","after":" "},{"index":8,"word":"``","originalText":"\"","characterOffsetBegin":915,"characterOffsetEnd":916,"pos":"``","before":" ","after":""},{"index":9,"word":"tickle","originalText":"tickle","characterOffsetBegin":916,"characterOffsetEnd":922,"pos":"VB","before":"","after":""},{"index":10,"word":"''","originalText":"\"","characterOffsetBegin":922,"characterOffsetEnd":923,"pos":"''","before":"","after":" "},{"index":11,"word":"theWindow","originalText":"theWindow","characterOffsetBegin":924,"characterOffsetEnd":933,"pos":"NNP","before":" ","after":" "},{"index":12,"word":"so","originalText":"so","characterOffsetBegin":934,"characterOffsetEnd":936,"pos":"IN","before":" ","after":" "},{"index":13,"word":"that","originalText":"that","characterOffsetBegin":937,"characterOffsetEnd":941,"pos":"IN","before":" ","after":" "},{"index":14,"word":"the","originalText":"the","characterOffsetBegin":942,"characterOffsetEnd":945,"pos":"DT","before":" ","after":" "},{"index":15,"word":"expose","originalText":"expose","characterOffsetBegin":946,"characterOffsetEnd":952,"pos":"VB","before":" ","after":" "},{"index":16,"word":"handler","originalText":"handler","characterOffsetBegin":953,"characterOffsetEnd":960,"pos":"NN","before":" ","after":" "},{"index":17,"word":"is","originalText":"is","characterOffsetBegin":961,"characterOffsetEnd":963,"pos":"VBZ","before":" ","after":" "},{"index":18,"word":"hit","originalText":"hit","characterOffsetBegin":964,"characterOffsetEnd":967,"pos":"VBN","before":" ","after":" "},{"index":19,"word":"with","originalText":"with","characterOffsetBegin":968,"characterOffsetEnd":972,"pos":"IN","before":" ","after":" "},{"index":20,"word":"arguments","originalText":"arguments","characterOffsetBegin":973,"characterOffsetEnd":982,"pos":"NNS","before":" ","after":" "},{"index":21,"word":"that","originalText":"that","characterOffsetBegin":983,"characterOffsetEnd":987,"pos":"WDT","before":" ","after":" "},{"index":22,"word":"will","originalText":"will","characterOffsetBegin":988,"characterOffsetEnd":992,"pos":"MD","before":" ","after":" "},{"index":23,"word":"enableit","originalText":"enableit","characterOffsetBegin":993,"characterOffsetEnd":1001,"pos":"VB","before":" ","after":" "},{"index":24,"word":"to","originalText":"to","characterOffsetBegin":1002,"characterOffsetEnd":1004,"pos":"TO","before":" ","after":" "},{"index":25,"word":"render","originalText":"render","characterOffsetBegin":1005,"characterOffsetEnd":1011,"pos":"VB","before":" ","after":" "},{"index":26,"word":"*","originalText":"*","characterOffsetBegin":1012,"characterOffsetEnd":1013,"pos":"SYM","before":" ","after":""},{"index":27,"word":"just","originalText":"just","characterOffsetBegin":1013,"characterOffsetEnd":1017,"pos":"RB","before":"","after":""},{"index":28,"word":"*","originalText":"*","characterOffsetBegin":1017,"characterOffsetEnd":1018,"pos":"SYM","before":"","after":" "},{"index":29,"word":"the","originalText":"the","characterOffsetBegin":1019,"characterOffsetEnd":1022,"pos":"DT","before":" ","after":" "},{"index":30,"word":"part","originalText":"part","characterOffsetBegin":1023,"characterOffsetEnd":1027,"pos":"NN","before":" ","after":" "},{"index":31,"word":"of","originalText":"of","characterOffsetBegin":1028,"characterOffsetEnd":1030,"pos":"IN","before":" ","after":" "},{"index":32,"word":"the","originalText":"the","characterOffsetBegin":1031,"characterOffsetEnd":1034,"pos":"DT","before":" ","after":" "},{"index":33,"word":"window","originalText":"window","characterOffsetBegin":1035,"characterOffsetEnd":1041,"pos":"NN","before":" ","after":" "},{"index":34,"word":"that","originalText":"that","characterOffsetBegin":1042,"characterOffsetEnd":1046,"pos":"WDT","before":" ","after":" "},{"index":35,"word":"contains","originalText":"contains","characterOffsetBegin":1047,"characterOffsetEnd":1055,"pos":"VBZ","before":" ","after":" "},{"index":36,"word":"the","originalText":"the","characterOffsetBegin":1056,"characterOffsetEnd":1059,"pos":"DT","before":" ","after":" "},{"index":37,"word":"new","originalText":"new","characterOffsetBegin":1060,"characterOffsetEnd":1063,"pos":"JJ","before":" ","after":" "},{"index":38,"word":"item.What","originalText":"item.What","characterOffsetBegin":1064,"characterOffsetEnd":1073,"pos":"NN","before":" ","after":" "},{"index":39,"word":"is","originalText":"is","characterOffsetBegin":1074,"characterOffsetEnd":1076,"pos":"VBZ","before":" ","after":" "},{"index":40,"word":"the","originalText":"the","characterOffsetBegin":1077,"characterOffsetEnd":1080,"pos":"DT","before":" ","after":" "},{"index":41,"word":"best","originalText":"best","characterOffsetBegin":1081,"characterOffsetEnd":1085,"pos":"JJS","before":" ","after":" "},{"index":42,"word":"way","originalText":"way","characterOffsetBegin":1086,"characterOffsetEnd":1089,"pos":"NN","before":" ","after":" "},{"index":43,"word":"to","originalText":"to","characterOffsetBegin":1090,"characterOffsetEnd":1092,"pos":"TO","before":" ","after":" "},{"index":44,"word":"tickle","originalText":"tickle","characterOffsetBegin":1093,"characterOffsetEnd":1099,"pos":"VB","before":" ","after":" "},{"index":45,"word":"a","originalText":"a","characterOffsetBegin":1100,"characterOffsetEnd":1101,"pos":"DT","before":" ","after":" "},{"index":46,"word":"window","originalText":"window","characterOffsetBegin":1102,"characterOffsetEnd":1108,"pos":"NN","before":" ","after":" "},{"index":47,"word":"to","originalText":"to","characterOffsetBegin":1109,"characterOffsetEnd":1111,"pos":"TO","before":" ","after":" "},{"index":48,"word":"produce","originalText":"produce","characterOffsetBegin":1112,"characterOffsetEnd":1119,"pos":"VB","before":" ","after":" "},{"index":49,"word":"this","originalText":"this","characterOffsetBegin":1120,"characterOffsetEnd":1124,"pos":"DT","before":" ","after":" "},{"index":50,"word":"behavior","originalText":"behavior","characterOffsetBegin":1125,"characterOffsetEnd":1133,"pos":"NN","before":" ","after":""},{"index":51,"word":"?","originalText":"?","characterOffsetBegin":1133,"characterOffsetEnd":1134,"pos":".","before":"","after":""}]}]}