{"sentences":[{"index":0,"tokens":[{"index":1,"word":"From","originalText":"From","characterOffsetBegin":0,"characterOffsetEnd":4,"pos":"IN","before":"","after":""},{"index":2,"word":":","originalText":":","characterOffsetBegin":4,"characterOffsetEnd":5,"pos":":","before":"","after":" "},{"index":3,"word":"david@swat","originalText":"david@swat","characterOffsetBegin":6,"characterOffsetEnd":16,"pos":"NN","before":" ","after":" "},{"index":4,"word":"-LRB-","originalText":"(","characterOffsetBegin":17,"characterOffsetEnd":18,"pos":"-LRB-","before":" ","after":""},{"index":5,"word":"David","originalText":"David","characterOffsetBegin":18,"characterOffsetEnd":23,"pos":"NNP","before":"","after":" "},{"index":6,"word":"E.","originalText":"E.","characterOffsetBegin":24,"characterOffsetEnd":26,"pos":"NNP","before":" ","after":" "},{"index":7,"word":"Smyth","originalText":"Smyth","characterOffsetBegin":27,"characterOffsetEnd":32,"pos":"NNP","before":" ","after":""},{"index":8,"word":"-RRB-","originalText":")","characterOffsetBegin":32,"characterOffsetEnd":33,"pos":"-RRB-","before":"","after":""},{"index":9,"word":"Subject","originalText":"Subject","characterOffsetBegin":33,"characterOffsetEnd":40,"pos":"NNP","before":"","after":""},{"index":10,"word":":","originalText":":","characterOffsetBegin":40,"characterOffsetEnd":41,"pos":":","before":"","after":" "},{"index":11,"word":"Re","originalText":"Re","characterOffsetBegin":42,"characterOffsetEnd":44,"pos":"NNP","before":" ","after":""},{"index":12,"word":":","originalText":":","characterOffsetBegin":44,"characterOffsetEnd":45,"pos":":","before":"","after":" "},{"index":13,"word":"Looking","originalText":"Looking","characterOffsetBegin":46,"characterOffsetEnd":53,"pos":"VBG","before":" ","after":" "},{"index":14,"word":"For","originalText":"For","characterOffsetBegin":54,"characterOffsetEnd":57,"pos":"IN","before":" ","after":" "},{"index":15,"word":"David","originalText":"David","characterOffsetBegin":58,"characterOffsetEnd":63,"pos":"NNP","before":" ","after":" "},{"index":16,"word":"E.","originalText":"E.","characterOffsetBegin":64,"characterOffsetEnd":66,"pos":"NNP","before":" ","after":" "},{"index":17,"word":"Smythzvi@nynexst.com","originalText":"Smythzvi@nynexst.com","characterOffsetBegin":67,"characterOffsetEnd":87,"pos":"NNP","before":" ","after":" "},{"index":18,"word":"-LRB-","originalText":"(","characterOffsetBegin":88,"characterOffsetEnd":89,"pos":"-LRB-","before":" ","after":""},{"index":19,"word":"Zvi","originalText":"Zvi","characterOffsetBegin":89,"characterOffsetEnd":92,"pos":"NNP","before":"","after":" "},{"index":20,"word":"Guter","originalText":"Guter","characterOffsetBegin":93,"characterOffsetEnd":98,"pos":"NNP","before":" ","after":""},{"index":21,"word":"-RRB-","originalText":")","characterOffsetBegin":98,"characterOffsetEnd":99,"pos":"-RRB-","before":"","after":" "},{"index":22,"word":"writes","originalText":"writes","characterOffsetBegin":100,"characterOffsetEnd":106,"pos":"VBZ","before":" ","after":""},{"index":23,"word":":","originalText":":","characterOffsetBegin":106,"characterOffsetEnd":107,"pos":":","before":"","after":""},{"index":24,"word":">","originalText":">","characterOffsetBegin":107,"characterOffsetEnd":108,"pos":"JJR","before":"","after":""},{"index":25,"word":"The","originalText":"The","characterOffsetBegin":108,"characterOffsetEnd":111,"pos":"DT","before":"","after":" "},{"index":26,"word":"author","originalText":"author","characterOffsetBegin":112,"characterOffsetEnd":118,"pos":"NN","before":" ","after":" "},{"index":27,"word":"of","originalText":"of","characterOffsetBegin":119,"characterOffsetEnd":121,"pos":"IN","before":" ","after":" "},{"index":28,"word":"Wcl","originalText":"Wcl","characterOffsetBegin":122,"characterOffsetEnd":125,"pos":"NN","before":" ","after":" "},{"index":29,"word":"-LRB-","originalText":"(","characterOffsetBegin":126,"characterOffsetEnd":127,"pos":"-LRB-","before":" ","after":""},{"index":30,"word":"or","originalText":"or","characterOffsetBegin":127,"characterOffsetEnd":129,"pos":"CC","before":"","after":" "},{"index":31,"word":"the","originalText":"the","characterOffsetBegin":130,"characterOffsetEnd":133,"pos":"DT","before":" ","after":" "},{"index":32,"word":"current","originalText":"current","characterOffsetBegin":134,"characterOffsetEnd":141,"pos":"JJ","before":" ","after":" "},{"index":33,"word":"care","originalText":"care","characterOffsetBegin":142,"characterOffsetEnd":146,"pos":"NN","before":" ","after":" "},{"index":34,"word":"taker","originalText":"taker","characterOffsetBegin":147,"characterOffsetEnd":152,"pos":"NN","before":" ","after":""},{"index":35,"word":"-RRB-","originalText":")","characterOffsetBegin":152,"characterOffsetEnd":153,"pos":"-RRB-","before":"","after":""},{"index":36,"word":".","originalText":".","characterOffsetBegin":153,"characterOffsetEnd":154,"pos":".","before":"","after":" "}]},{"index":1,"tokens":[{"index":1,"word":"His","originalText":"His","characterOffsetBegin":155,"characterOffsetEnd":158,"pos":"PRP$","before":" ","after":" "},{"index":2,"word":"is","originalText":"is","characterOffsetBegin":159,"characterOffsetEnd":161,"pos":"VBZ","before":" ","after":" "},{"index":3,"word":"the","originalText":"the","characterOffsetBegin":162,"characterOffsetEnd":165,"pos":"DT","before":" ","after":" "},{"index":4,"word":"only","originalText":"only","characterOffsetBegin":166,"characterOffsetEnd":170,"pos":"JJ","before":" ","after":" "},{"index":5,"word":"name","originalText":"name","characterOffsetBegin":171,"characterOffsetEnd":175,"pos":"NN","before":" ","after":" "},{"index":6,"word":"I","originalText":"I","characterOffsetBegin":176,"characterOffsetEnd":177,"pos":"PRP","before":" ","after":" "},{"index":7,"word":"found","originalText":"found","characterOffsetBegin":178,"characterOffsetEnd":183,"pos":"VBD","before":" ","after":""},{"index":8,"word":">","originalText":">","characterOffsetBegin":183,"characterOffsetEnd":184,"pos":"JJR","before":"","after":""},{"index":9,"word":"in","originalText":"in","characterOffsetBegin":184,"characterOffsetEnd":186,"pos":"IN","before":"","after":" "},{"index":10,"word":"the","originalText":"the","characterOffsetBegin":187,"characterOffsetEnd":190,"pos":"DT","before":" ","after":" "},{"index":11,"word":"dist","originalText":"dist","characterOffsetBegin":191,"characterOffsetEnd":195,"pos":"JJ","before":" ","after":" "},{"index":12,"word":"tree","originalText":"tree","characterOffsetBegin":196,"characterOffsetEnd":200,"pos":"NN","before":" ","after":""},{"index":13,"word":".","originalText":".","characterOffsetBegin":200,"characterOffsetEnd":201,"pos":".","before":"","after":" "}]},{"index":2,"tokens":[{"index":1,"word":"I","originalText":"I","characterOffsetBegin":202,"characterOffsetEnd":203,"pos":"PRP","before":" ","after":" "},{"index":2,"word":"have","originalText":"have","characterOffsetBegin":204,"characterOffsetEnd":208,"pos":"VBP","before":" ","after":" "},{"index":3,"word":"tried","originalText":"tried","characterOffsetBegin":209,"characterOffsetEnd":214,"pos":"VBN","before":" ","after":" "},{"index":4,"word":"to","originalText":"to","characterOffsetBegin":215,"characterOffsetEnd":217,"pos":"TO","before":" ","after":" "},{"index":5,"word":"mail","originalText":"mail","characterOffsetBegin":218,"characterOffsetEnd":222,"pos":"VB","before":" ","after":" "},{"index":6,"word":"him","originalText":"him","characterOffsetBegin":223,"characterOffsetEnd":226,"pos":"PRP","before":" ","after":" "},{"index":7,"word":"at","originalText":"at","characterOffsetBegin":227,"characterOffsetEnd":229,"pos":"IN","before":" ","after":""},{"index":8,"word":":","originalText":":","characterOffsetBegin":229,"characterOffsetEnd":230,"pos":":","before":"","after":" "},{"index":9,"word":"David.Smyth@ap.mchp.sni.de,>","originalText":"David.Smyth@ap.mchp.sni.de,>","characterOffsetBegin":231,"characterOffsetEnd":259,"pos":"NN","before":" ","after":""},{"index":10,"word":"but","originalText":"but","characterOffsetBegin":259,"characterOffsetEnd":262,"pos":"CC","before":"","after":" "},{"index":11,"word":"the","originalText":"the","characterOffsetBegin":263,"characterOffsetEnd":266,"pos":"DT","before":" ","after":" "},{"index":12,"word":"mail","originalText":"mail","characterOffsetBegin":267,"characterOffsetEnd":271,"pos":"NN","before":" ","after":" "},{"index":13,"word":"bounced","originalText":"bounced","characterOffsetBegin":272,"characterOffsetEnd":279,"pos":"VBD","before":" ","after":" "},{"index":14,"word":"back.Here","originalText":"back.Here","characterOffsetBegin":280,"characterOffsetEnd":289,"pos":"NNP","before":" ","after":" "},{"index":15,"word":"I","originalText":"I","characterOffsetBegin":290,"characterOffsetEnd":291,"pos":"PRP","before":" ","after":" "},{"index":16,"word":"am","originalText":"am","characterOffsetBegin":292,"characterOffsetEnd":294,"pos":"VBP","before":" ","after":""},{"index":17,"word":"!!","originalText":"!!","characterOffsetBegin":294,"characterOffsetEnd":296,"pos":"IN","before":"","after":""}]},{"index":3,"tokens":[{"index":1,"word":"-------------------------------------------------------------------------","originalText":"-------------------------------------------------------------------------","characterOffsetBegin":296,"characterOffsetEnd":369,"pos":"CD","before":"","after":""},{"index":2,"word":"David","originalText":"David","characterOffsetBegin":369,"characterOffsetEnd":374,"pos":"NNP","before":"","after":" "},{"index":3,"word":"Smyth","originalText":"Smyth","characterOffsetBegin":375,"characterOffsetEnd":380,"pos":"NNP","before":" ","after":"\t\t\t\t"},{"index":4,"word":"david@jpl-devvax.jpl.nasa.govSenior","originalText":"david@jpl-devvax.jpl.nasa.govSenior","characterOffsetBegin":384,"characterOffsetEnd":419,"pos":"NNP","before":"\t\t\t\t","after":" "},{"index":5,"word":"Software","originalText":"Software","characterOffsetBegin":420,"characterOffsetEnd":428,"pos":"NNP","before":" ","after":" "},{"index":6,"word":"Engineer","originalText":"Engineer","characterOffsetBegin":429,"characterOffsetEnd":437,"pos":"NNP","before":" ","after":""},{"index":7,"word":",","originalText":",","characterOffsetBegin":437,"characterOffsetEnd":438,"pos":",","before":"","after":"\t\t"},{"index":8,"word":"-LRB-818-RRB-306-6463","originalText":"(818)306-6463","characterOffsetBegin":440,"characterOffsetEnd":453,"pos":"NN","before":"\t\t","after":" "},{"index":9,"word":"-LRB-","originalText":"(","characterOffsetBegin":454,"characterOffsetEnd":455,"pos":"-LRB-","before":" ","after":""},{"index":10,"word":"temp","originalText":"temp","characterOffsetBegin":455,"characterOffsetEnd":459,"pos":"NN","before":"","after":""},{"index":11,"word":"!","originalText":"!","characterOffsetBegin":459,"characterOffsetEnd":460,"pos":".","before":"","after":" "}]},{"index":4,"tokens":[{"index":1,"word":"do","originalText":"do","characterOffsetBegin":461,"characterOffsetEnd":463,"pos":"VB","before":" ","after":" "},{"index":2,"word":"NOT","originalText":"NOT","characterOffsetBegin":464,"characterOffsetEnd":467,"pos":"NNP","before":" ","after":" "},{"index":3,"word":"use","originalText":"use","characterOffsetBegin":468,"characterOffsetEnd":471,"pos":"VB","before":" ","after":" "},{"index":4,"word":"v-mail","originalText":"v-mail","characterOffsetBegin":472,"characterOffsetEnd":478,"pos":"NN","before":" ","after":""},{"index":5,"word":"-RRB-","originalText":")","characterOffsetBegin":478,"characterOffsetEnd":479,"pos":"-RRB-","before":"","after":""},{"index":6,"word":"X","originalText":"X","characterOffsetBegin":479,"characterOffsetEnd":480,"pos":"NN","before":"","after":" "},{"index":7,"word":"and","originalText":"and","characterOffsetBegin":481,"characterOffsetEnd":484,"pos":"CC","before":" ","after":" "},{"index":8,"word":"Object","originalText":"Object","characterOffsetBegin":485,"characterOffsetEnd":491,"pos":"NNP","before":" ","after":" "},{"index":9,"word":"Guru","originalText":"Guru","characterOffsetBegin":492,"characterOffsetEnd":496,"pos":"NNP","before":" ","after":""},{"index":10,"word":".","originalText":".","characterOffsetBegin":496,"characterOffsetEnd":497,"pos":".","before":"","after":"\t\t\t"}]},{"index":5,"tokens":[{"index":1,"word":"tempory","originalText":"tempory","characterOffsetBegin":500,"characterOffsetEnd":507,"pos":"JJ","before":"\t\t\t","after":" "},{"index":2,"word":"office","originalText":"office","characterOffsetBegin":508,"characterOffsetEnd":514,"pos":"NN","before":" ","after":""},{"index":3,"word":":","originalText":":","characterOffsetBegin":514,"characterOffsetEnd":515,"pos":":","before":"","after":" "},{"index":4,"word":"525/B70Jet","originalText":"525/B70Jet","characterOffsetBegin":516,"characterOffsetEnd":526,"pos":"NNP","before":" ","after":" "},{"index":5,"word":"Propulsion","originalText":"Propulsion","characterOffsetBegin":527,"characterOffsetEnd":537,"pos":"NNP","before":" ","after":" "},{"index":6,"word":"Lab","originalText":"Lab","characterOffsetBegin":538,"characterOffsetEnd":541,"pos":"NNP","before":" ","after":""},{"index":7,"word":",","originalText":",","characterOffsetBegin":541,"characterOffsetEnd":542,"pos":",","before":"","after":" "},{"index":8,"word":"M/S","originalText":"M/S","characterOffsetBegin":543,"characterOffsetEnd":546,"pos":"NNP","before":" ","after":" "},{"index":9,"word":"525-3660 4800","originalText":"525-3660 4800","characterOffsetBegin":547,"characterOffsetEnd":560,"pos":"CD","before":" ","after":" "},{"index":10,"word":"Oak","originalText":"Oak","characterOffsetBegin":561,"characterOffsetEnd":564,"pos":"NNP","before":" ","after":" "},{"index":11,"word":"Grove","originalText":"Grove","characterOffsetBegin":565,"characterOffsetEnd":570,"pos":"NNP","before":" ","after":" "},{"index":12,"word":"Drive","originalText":"Drive","characterOffsetBegin":571,"characterOffsetEnd":576,"pos":"NNP","before":" ","after":""},{"index":13,"word":",","originalText":",","characterOffsetBegin":576,"characterOffsetEnd":577,"pos":",","before":"","after":" "},{"index":14,"word":"Pasadena","originalText":"Pasadena","characterOffsetBegin":578,"characterOffsetEnd":586,"pos":"NNP","before":" ","after":""},{"index":15,"word":",","originalText":",","characterOffsetBegin":586,"characterOffsetEnd":587,"pos":",","before":"","after":" "},{"index":16,"word":"CA","originalText":"CA","characterOffsetBegin":588,"characterOffsetEnd":590,"pos":"NNP","before":" ","after":" "},{"index":17,"word":"91109","originalText":"91109","characterOffsetBegin":591,"characterOffsetEnd":596,"pos":"CD","before":" ","after":""},{"index":18,"word":"-------------------------------------------------------------------------","originalText":"-------------------------------------------------------------------------","characterOffsetBegin":596,"characterOffsetEnd":669,"pos":"CD","before":"","after":"  "},{"index":19,"word":"What","originalText":"What","characterOffsetBegin":671,"characterOffsetEnd":675,"pos":"WP","before":"  ","after":""},{"index":20,"word":"'s","originalText":"'s","characterOffsetBegin":675,"characterOffsetEnd":677,"pos":"VBZ","before":"","after":" "},{"index":21,"word":"the","originalText":"the","characterOffsetBegin":678,"characterOffsetEnd":681,"pos":"DT","before":" ","after":" "},{"index":22,"word":"earliest","originalText":"earliest","characterOffsetBegin":682,"characterOffsetEnd":690,"pos":"JJS","before":" ","after":" "},{"index":23,"word":"possible","originalText":"possible","characterOffsetBegin":691,"characterOffsetEnd":699,"pos":"JJ","before":" ","after":" "},{"index":24,"word":"date","originalText":"date","characterOffsetBegin":700,"characterOffsetEnd":704,"pos":"NN","before":" ","after":" "},{"index":25,"word":"you","originalText":"you","characterOffsetBegin":705,"characterOffsetEnd":708,"pos":"PRP","before":" ","after":" "},{"index":26,"word":"ca","originalText":"ca","characterOffsetBegin":709,"characterOffsetEnd":711,"pos":"MD","before":" ","after":""},{"index":27,"word":"n't","originalText":"n't","characterOffsetBegin":711,"characterOffsetEnd":714,"pos":"RB","before":"","after":" "},{"index":28,"word":"prove","originalText":"prove","characterOffsetBegin":715,"characterOffsetEnd":720,"pos":"VB","before":" ","after":" "},{"index":29,"word":"it","originalText":"it","characterOffsetBegin":721,"characterOffsetEnd":723,"pos":"PRP","before":" ","after":" "},{"index":30,"word":"wo","originalText":"wo","characterOffsetBegin":724,"characterOffsetEnd":726,"pos":"MD","before":" ","after":""},{"index":31,"word":"n't","originalText":"n't","characterOffsetBegin":726,"characterOffsetEnd":729,"pos":"RB","before":"","after":" "},{"index":32,"word":"be","originalText":"be","characterOffsetBegin":730,"characterOffsetEnd":732,"pos":"VB","before":" ","after":" "},{"index":33,"word":"done","originalText":"done","characterOffsetBegin":733,"characterOffsetEnd":737,"pos":"VBN","before":" ","after":" "},{"index":34,"word":"by","originalText":"by","characterOffsetBegin":738,"characterOffsetEnd":740,"pos":"IN","before":" ","after":""},{"index":35,"word":"?","originalText":"?","characterOffsetBegin":740,"characterOffsetEnd":741,"pos":".","before":"","after":"\t\t\t\t\t"}]},{"index":6,"tokens":[{"index":1,"word":"-","originalText":"-","characterOffsetBegin":746,"characterOffsetEnd":747,"pos":":","before":"\t\t\t\t\t","after":" "},{"index":2,"word":"Tom","originalText":"Tom","characterOffsetBegin":748,"characterOffsetEnd":751,"pos":"NNP","before":" ","after":" "},{"index":3,"word":"DeMarco","originalText":"DeMarco","characterOffsetBegin":752,"characterOffsetEnd":759,"pos":"NNP","before":" ","after":""},{"index":4,"word":"-------------------------------------------------------------------------","originalText":"-------------------------------------------------------------------------","characterOffsetBegin":759,"characterOffsetEnd":832,"pos":"CD","before":"","after":""}]}]}