{"sentences":[{"index":0,"tokens":[{"index":1,"word":"From","originalText":"From","characterOffsetBegin":0,"characterOffsetEnd":4,"pos":"IN","before":"","after":""},{"index":2,"word":":","originalText":":","characterOffsetBegin":4,"characterOffsetEnd":5,"pos":":","before":"","after":" "},{"index":3,"word":"aff209@tijc02.uucp","originalText":"aff209@tijc02.uucp","characterOffsetBegin":6,"characterOffsetEnd":24,"pos":"NN","before":" ","after":" "},{"index":4,"word":"-LRB-","originalText":"(","characterOffsetBegin":25,"characterOffsetEnd":26,"pos":"-LRB-","before":" ","after":""},{"index":5,"word":"Ann","originalText":"Ann","characterOffsetBegin":26,"characterOffsetEnd":29,"pos":"NNP","before":"","after":" "},{"index":6,"word":"Freeman","originalText":"Freeman","characterOffsetBegin":30,"characterOffsetEnd":37,"pos":"NNP","before":" ","after":"    "},{"index":7,"word":"-RRB-","originalText":")","characterOffsetBegin":41,"characterOffsetEnd":42,"pos":"-RRB-","before":"    ","after":""},{"index":8,"word":"Subject","originalText":"Subject","characterOffsetBegin":42,"characterOffsetEnd":49,"pos":"NNP","before":"","after":""},{"index":9,"word":":","originalText":":","characterOffsetBegin":49,"characterOffsetEnd":50,"pos":":","before":"","after":" "},{"index":10,"word":"Seeking","originalText":"Seeking","characterOffsetBegin":51,"characterOffsetEnd":58,"pos":"VBG","before":" ","after":" "},{"index":11,"word":"user","originalText":"user","characterOffsetBegin":59,"characterOffsetEnd":63,"pos":"NN","before":" ","after":" "},{"index":12,"word":"experience","originalText":"experience","characterOffsetBegin":64,"characterOffsetEnd":74,"pos":"NN","before":" ","after":" "},{"index":13,"word":"with","originalText":"with","characterOffsetBegin":75,"characterOffsetEnd":79,"pos":"IN","before":" ","after":" "},{"index":14,"word":"X-based","originalText":"X-based","characterOffsetBegin":80,"characterOffsetEnd":87,"pos":"JJ","before":" ","after":" "},{"index":15,"word":"test","originalText":"test","characterOffsetBegin":88,"characterOffsetEnd":92,"pos":"NN","before":" ","after":" "},{"index":16,"word":"toolsDoes","originalText":"toolsDoes","characterOffsetBegin":93,"characterOffsetEnd":102,"pos":"NNS","before":" ","after":" "},{"index":17,"word":"anyone","originalText":"anyone","characterOffsetBegin":103,"characterOffsetEnd":109,"pos":"NN","before":" ","after":" "},{"index":18,"word":"have","originalText":"have","characterOffsetBegin":110,"characterOffsetEnd":114,"pos":"VBP","before":" ","after":" "},{"index":19,"word":"any","originalText":"any","characterOffsetBegin":115,"characterOffsetEnd":118,"pos":"DT","before":" ","after":" "},{"index":20,"word":"experience","originalText":"experience","characterOffsetBegin":119,"characterOffsetEnd":129,"pos":"NN","before":" ","after":" "},{"index":21,"word":"using","originalText":"using","characterOffsetBegin":130,"characterOffsetEnd":135,"pos":"VBG","before":" ","after":" "},{"index":22,"word":"XRunner","originalText":"XRunner","characterOffsetBegin":136,"characterOffsetEnd":143,"pos":"NN","before":" ","after":""},{"index":23,"word":",","originalText":",","characterOffsetBegin":143,"characterOffsetEnd":144,"pos":",","before":"","after":" "},{"index":24,"word":"CAPBAK/X","originalText":"CAPBAK/X","characterOffsetBegin":145,"characterOffsetEnd":153,"pos":"NN","before":" ","after":""},{"index":25,"word":",","originalText":",","characterOffsetBegin":153,"characterOffsetEnd":154,"pos":",","before":"","after":" "},{"index":26,"word":"or","originalText":"or","characterOffsetBegin":155,"characterOffsetEnd":157,"pos":"CC","before":" ","after":" "},{"index":27,"word":"PreVueXas","originalText":"PreVueXas","characterOffsetBegin":158,"characterOffsetEnd":167,"pos":"NNP","before":" ","after":" "},{"index":28,"word":"an","originalText":"an","characterOffsetBegin":168,"characterOffsetEnd":170,"pos":"DT","before":" ","after":" "},{"index":29,"word":"automated","originalText":"automated","characterOffsetBegin":171,"characterOffsetEnd":180,"pos":"JJ","before":" ","after":" "},{"index":30,"word":"test","originalText":"test","characterOffsetBegin":181,"characterOffsetEnd":185,"pos":"NN","before":" ","after":" "},{"index":31,"word":"tool","originalText":"tool","characterOffsetBegin":186,"characterOffsetEnd":190,"pos":"NN","before":" ","after":" "},{"index":32,"word":"for","originalText":"for","characterOffsetBegin":191,"characterOffsetEnd":194,"pos":"IN","before":" ","after":" "},{"index":33,"word":"X","originalText":"X","characterOffsetBegin":195,"characterOffsetEnd":196,"pos":"NN","before":" ","after":""},{"index":34,"word":"?","originalText":"?","characterOffsetBegin":196,"characterOffsetEnd":197,"pos":".","before":"","after":"  "}]},{"index":1,"tokens":[{"index":1,"word":"Please","originalText":"Please","characterOffsetBegin":199,"characterOffsetEnd":205,"pos":"VB","before":"  ","after":" "},{"index":2,"word":"email","originalText":"email","characterOffsetBegin":206,"characterOffsetEnd":211,"pos":"VB","before":" ","after":" "},{"index":3,"word":"me","originalText":"me","characterOffsetBegin":212,"characterOffsetEnd":214,"pos":"PRP","before":" ","after":" "},{"index":4,"word":"directly","originalText":"directly","characterOffsetBegin":215,"characterOffsetEnd":223,"pos":"RB","before":" ","after":" "},{"index":5,"word":"withopinions","originalText":"withopinions","characterOffsetBegin":224,"characterOffsetEnd":236,"pos":"NNS","before":" ","after":" "},{"index":6,"word":"-LRB-","originalText":"(","characterOffsetBegin":237,"characterOffsetEnd":238,"pos":"-LRB-","before":" ","after":""},{"index":7,"word":"both","originalText":"both","characterOffsetBegin":238,"characterOffsetEnd":242,"pos":"CC","before":"","after":" "},{"index":8,"word":"positive","originalText":"positive","characterOffsetBegin":243,"characterOffsetEnd":251,"pos":"JJ","before":" ","after":" "},{"index":9,"word":"and","originalText":"and","characterOffsetBegin":252,"characterOffsetEnd":255,"pos":"CC","before":" ","after":" "},{"index":10,"word":"negative","originalText":"negative","characterOffsetBegin":256,"characterOffsetEnd":264,"pos":"JJ","before":" ","after":""},{"index":11,"word":"-RRB-","originalText":")","characterOffsetBegin":264,"characterOffsetEnd":265,"pos":"-RRB-","before":"","after":""},{"index":12,"word":".","originalText":".","characterOffsetBegin":265,"characterOffsetEnd":266,"pos":".","before":"","after":""}]},{"index":2,"tokens":[{"index":1,"word":"Ann","originalText":"Ann","characterOffsetBegin":266,"characterOffsetEnd":269,"pos":"NNP","before":"","after":" "},{"index":2,"word":"FreemanSiemens","originalText":"FreemanSiemens","characterOffsetBegin":270,"characterOffsetEnd":284,"pos":"NNP","before":" ","after":" "},{"index":3,"word":"Industrial","originalText":"Industrial","characterOffsetBegin":285,"characterOffsetEnd":295,"pos":"NNP","before":" ","after":" "},{"index":4,"word":"Automation","originalText":"Automation","characterOffsetBegin":296,"characterOffsetEnd":306,"pos":"NNP","before":" ","after":""},{"index":5,"word":",","originalText":",","characterOffsetBegin":306,"characterOffsetEnd":307,"pos":",","before":"","after":" "},{"index":6,"word":"Inc.Johnson","originalText":"Inc.Johnson","characterOffsetBegin":308,"characterOffsetEnd":319,"pos":"NNP","before":" ","after":" "},{"index":7,"word":"City","originalText":"City","characterOffsetBegin":320,"characterOffsetEnd":324,"pos":"NNP","before":" ","after":""},{"index":8,"word":",","originalText":",","characterOffsetBegin":324,"characterOffsetEnd":325,"pos":",","before":"","after":" "},{"index":9,"word":"TNaff209%tijc02@uunet.uu.net","originalText":"TNaff209%tijc02@uunet.uu.net","characterOffsetBegin":326,"characterOffsetEnd":354,"pos":"NN","before":" ","after":""}]}]}