{"sentences":[{"index":0,"tokens":[{"index":1,"word":"From","originalText":"From","characterOffsetBegin":0,"characterOffsetEnd":4,"pos":"IN","before":"","after":""},{"index":2,"word":":","originalText":":","characterOffsetBegin":4,"characterOffsetEnd":5,"pos":":","before":"","after":" "},{"index":3,"word":"david@swat","originalText":"david@swat","characterOffsetBegin":6,"characterOffsetEnd":16,"pos":"NN","before":" ","after":" "},{"index":4,"word":"-LRB-","originalText":"(","characterOffsetBegin":17,"characterOffsetEnd":18,"pos":"-LRB-","before":" ","after":""},{"index":5,"word":"David","originalText":"David","characterOffsetBegin":18,"characterOffsetEnd":23,"pos":"NNP","before":"","after":" "},{"index":6,"word":"E.","originalText":"E.","characterOffsetBegin":24,"characterOffsetEnd":26,"pos":"NNP","before":" ","after":" "},{"index":7,"word":"Smyth","originalText":"Smyth","characterOffsetBegin":27,"characterOffsetEnd":32,"pos":"NNP","before":" ","after":""},{"index":8,"word":"-RRB-","originalText":")","characterOffsetBegin":32,"characterOffsetEnd":33,"pos":"-RRB-","before":"","after":""},{"index":9,"word":"Subject","originalText":"Subject","characterOffsetBegin":33,"characterOffsetEnd":40,"pos":"NNP","before":"","after":""},{"index":10,"word":":","originalText":":","characterOffsetBegin":40,"characterOffsetEnd":41,"pos":":","before":"","after":" "},{"index":11,"word":"Re","originalText":"Re","characterOffsetBegin":42,"characterOffsetEnd":44,"pos":"NNP","before":" ","after":""},{"index":12,"word":":","originalText":":","characterOffsetBegin":44,"characterOffsetEnd":45,"pos":":","before":"","after":" "},{"index":13,"word":"MS","originalText":"MS","characterOffsetBegin":46,"characterOffsetEnd":48,"pos":"NN","before":" ","after":" "},{"index":14,"word":"Windows","originalText":"Windows","characterOffsetBegin":49,"characterOffsetEnd":56,"pos":"NNP","before":" ","after":" "},{"index":15,"word":"VS","originalText":"VS","characterOffsetBegin":57,"characterOffsetEnd":59,"pos":"NNP","before":" ","after":" "},{"index":16,"word":"Motif","originalText":"Motif","characterOffsetBegin":60,"characterOffsetEnd":65,"pos":"NNP","before":" ","after":" "},{"index":17,"word":"-LRB-","originalText":"(","characterOffsetBegin":66,"characterOffsetEnd":67,"pos":"-LRB-","before":" ","after":""},{"index":18,"word":"GUI","originalText":"GUI","characterOffsetBegin":67,"characterOffsetEnd":70,"pos":"NNP","before":"","after":" "},{"index":19,"word":"design","originalText":"design","characterOffsetBegin":71,"characterOffsetEnd":77,"pos":"NN","before":" ","after":" "},{"index":20,"word":"differences","originalText":"differences","characterOffsetBegin":78,"characterOffsetEnd":89,"pos":"NNS","before":" ","after":""},{"index":21,"word":"-RRB-","originalText":")","characterOffsetBegin":89,"characterOffsetEnd":90,"pos":"-RRB-","before":"","after":""},{"index":22,"word":",","originalText":",","characterOffsetBegin":90,"characterOffsetEnd":91,"pos":",","before":"","after":" "},{"index":23,"word":"was","originalText":"was","characterOffsetBegin":92,"characterOffsetEnd":95,"pos":"VBD","before":" ","after":" "},{"index":24,"word":"Re","originalText":"Re","characterOffsetBegin":96,"characterOffsetEnd":98,"pos":"NNP","before":" ","after":""},{"index":25,"word":":","originalText":":","characterOffsetBegin":98,"characterOffsetEnd":99,"pos":":","before":"","after":" "},{"index":26,"word":"Future","originalText":"Future","characterOffsetBegin":100,"characterOffsetEnd":106,"pos":"NNP","before":" ","after":" "},{"index":27,"word":"of","originalText":"of","characterOffsetBegin":107,"characterOffsetEnd":109,"pos":"IN","before":" ","after":" "},{"index":28,"word":"UnixIk","originalText":"UnixIk","characterOffsetBegin":110,"characterOffsetEnd":116,"pos":"NNP","before":" ","after":" "},{"index":29,"word":"Su","originalText":"Su","characterOffsetBegin":117,"characterOffsetEnd":119,"pos":"NNP","before":" ","after":" "},{"index":30,"word":"Yoo","originalText":"Yoo","characterOffsetBegin":120,"characterOffsetEnd":123,"pos":"NNP","before":" ","after":" "},{"index":31,"word":"<ik@mobydick.leis.bellcore.com>","originalText":"<ik@mobydick.leis.bellcore.com>","characterOffsetBegin":124,"characterOffsetEnd":155,"pos":"NNP","before":" ","after":" "},{"index":32,"word":"writes","originalText":"writes","characterOffsetBegin":156,"characterOffsetEnd":162,"pos":"VBZ","before":" ","after":""},{"index":33,"word":":","originalText":":","characterOffsetBegin":162,"characterOffsetEnd":163,"pos":":","before":"","after":""},{"index":34,"word":">>","originalText":">>","characterOffsetBegin":163,"characterOffsetEnd":165,"pos":"CD","before":"","after":""},{"index":35,"word":"Another","originalText":"Another","characterOffsetBegin":165,"characterOffsetEnd":172,"pos":"DT","before":"","after":" "},{"index":36,"word":"important","originalText":"important","characterOffsetBegin":173,"characterOffsetEnd":182,"pos":"JJ","before":" ","after":" "},{"index":37,"word":"difference","originalText":"difference","characterOffsetBegin":183,"characterOffsetEnd":193,"pos":"NN","before":" ","after":" "},{"index":38,"word":"is","originalText":"is","characterOffsetBegin":194,"characterOffsetEnd":196,"pos":"VBZ","before":" ","after":" "},{"index":39,"word":"that","originalText":"that","characterOffsetBegin":197,"characterOffsetEnd":201,"pos":"IN","before":" ","after":" "},{"index":40,"word":"MSW","originalText":"MSW","characterOffsetBegin":202,"characterOffsetEnd":205,"pos":"NNP","before":" ","after":" "},{"index":41,"word":"does","originalText":"does","characterOffsetBegin":206,"characterOffsetEnd":210,"pos":"VBZ","before":" ","after":""},{"index":42,"word":"n't","originalText":"n't","characterOffsetBegin":210,"characterOffsetEnd":213,"pos":"RB","before":"","after":" "},{"index":43,"word":"have","originalText":"have","characterOffsetBegin":214,"characterOffsetEnd":218,"pos":"VB","before":" ","after":" "},{"index":44,"word":"any","originalText":"any","characterOffsetBegin":219,"characterOffsetEnd":222,"pos":"DT","before":" ","after":" "},{"index":45,"word":"window","originalText":"window","characterOffsetBegin":223,"characterOffsetEnd":229,"pos":"NN","before":" ","after":" "},{"index":46,"word":"that","originalText":"that","characterOffsetBegin":230,"characterOffsetEnd":234,"pos":"WDT","before":" ","after":""},{"index":47,"word":">","originalText":">","characterOffsetBegin":234,"characterOffsetEnd":235,"pos":"JJR","before":"","after":""},{"index":48,"word":"handle","originalText":"handle","characterOffsetBegin":235,"characterOffsetEnd":241,"pos":"VB","before":"","after":" "},{"index":49,"word":"sophisticated","originalText":"sophisticated","characterOffsetBegin":242,"characterOffsetEnd":255,"pos":"JJ","before":" ","after":" "},{"index":50,"word":"geometry","originalText":"geometry","characterOffsetBegin":256,"characterOffsetEnd":264,"pos":"NN","before":" ","after":" "},{"index":51,"word":"management","originalText":"management","characterOffsetBegin":265,"characterOffsetEnd":275,"pos":"NN","before":" ","after":" "},{"index":52,"word":"-LRB-","originalText":"(","characterOffsetBegin":276,"characterOffsetEnd":277,"pos":"-LRB-","before":" ","after":""},{"index":53,"word":"like","originalText":"like","characterOffsetBegin":277,"characterOffsetEnd":281,"pos":"IN","before":"","after":" "},{"index":54,"word":"XmForm","originalText":"XmForm","characterOffsetBegin":282,"characterOffsetEnd":288,"pos":"NN","before":" ","after":""},{"index":55,"word":"-RRB-","originalText":")","characterOffsetBegin":288,"characterOffsetEnd":289,"pos":"-RRB-","before":"","after":""},{"index":56,"word":".","originalText":".","characterOffsetBegin":289,"characterOffsetEnd":290,"pos":".","before":"","after":""}]},{"index":1,"tokens":[{"index":1,"word":"Is","originalText":"Is","characterOffsetBegin":290,"characterOffsetEnd":292,"pos":"VBZ","before":"","after":" "},{"index":2,"word":"this","originalText":"this","characterOffsetBegin":293,"characterOffsetEnd":297,"pos":"DT","before":" ","after":" "},{"index":3,"word":"an","originalText":"an","characterOffsetBegin":298,"characterOffsetEnd":300,"pos":"DT","before":" ","after":" "},{"index":4,"word":"advantage","originalText":"advantage","characterOffsetBegin":301,"characterOffsetEnd":310,"pos":"NN","before":" ","after":" "},{"index":5,"word":"to","originalText":"to","characterOffsetBegin":311,"characterOffsetEnd":313,"pos":"TO","before":" ","after":" "},{"index":6,"word":"MS","originalText":"MS","characterOffsetBegin":314,"characterOffsetEnd":316,"pos":"NN","before":" ","after":" "},{"index":7,"word":"Windows","originalText":"Windows","characterOffsetBegin":317,"characterOffsetEnd":324,"pos":"NNP","before":" ","after":" "},{"index":8,"word":"or","originalText":"or","characterOffsetBegin":325,"characterOffsetEnd":327,"pos":"CC","before":" ","after":" "},{"index":9,"word":"to","originalText":"to","characterOffsetBegin":328,"characterOffsetEnd":330,"pos":"TO","before":" ","after":" "},{"index":10,"word":"Xt","originalText":"Xt","characterOffsetBegin":331,"characterOffsetEnd":333,"pos":"NNP","before":" ","after":""},{"index":11,"word":"?","originalText":"?","characterOffsetBegin":333,"characterOffsetEnd":334,"pos":".","before":"","after":"  "}]},{"index":2,"tokens":[{"index":1,"word":"I","originalText":"I","characterOffsetBegin":336,"characterOffsetEnd":337,"pos":"PRP","before":"  ","after":" "},{"index":2,"word":"used","originalText":"used","characterOffsetBegin":338,"characterOffsetEnd":342,"pos":"VBD","before":" ","after":" "},{"index":3,"word":"to","originalText":"to","characterOffsetBegin":343,"characterOffsetEnd":345,"pos":"TO","before":" ","after":" "},{"index":4,"word":"think","originalText":"think","characterOffsetBegin":346,"characterOffsetEnd":351,"pos":"VB","before":" ","after":" "},{"index":5,"word":"itwas","originalText":"itwas","characterOffsetBegin":352,"characterOffsetEnd":357,"pos":"NNS","before":" ","after":" "},{"index":6,"word":"a","originalText":"a","characterOffsetBegin":358,"characterOffsetEnd":359,"pos":"DT","before":" ","after":" "},{"index":7,"word":"big","originalText":"big","characterOffsetBegin":360,"characterOffsetEnd":363,"pos":"JJ","before":" ","after":" "},{"index":8,"word":"advantage","originalText":"advantage","characterOffsetBegin":364,"characterOffsetEnd":373,"pos":"NN","before":" ","after":" "},{"index":9,"word":"for","originalText":"for","characterOffsetBegin":374,"characterOffsetEnd":377,"pos":"IN","before":" ","after":" "},{"index":10,"word":"Xt","originalText":"Xt","characterOffsetBegin":378,"characterOffsetEnd":380,"pos":"NNP","before":" ","after":""},{"index":11,"word":",","originalText":",","characterOffsetBegin":380,"characterOffsetEnd":381,"pos":",","before":"","after":" "},{"index":12,"word":"but","originalText":"but","characterOffsetBegin":382,"characterOffsetEnd":385,"pos":"CC","before":" ","after":" "},{"index":13,"word":"I","originalText":"I","characterOffsetBegin":386,"characterOffsetEnd":387,"pos":"PRP","before":" ","after":" "},{"index":14,"word":"am","originalText":"am","characterOffsetBegin":388,"characterOffsetEnd":390,"pos":"VBP","before":" ","after":" "},{"index":15,"word":"not","originalText":"not","characterOffsetBegin":391,"characterOffsetEnd":394,"pos":"RB","before":" ","after":" "},{"index":16,"word":"at","originalText":"at","characterOffsetBegin":395,"characterOffsetEnd":397,"pos":"IN","before":" ","after":" "},{"index":17,"word":"all","originalText":"all","characterOffsetBegin":398,"characterOffsetEnd":401,"pos":"DT","before":" ","after":" "},{"index":18,"word":"sure","originalText":"sure","characterOffsetBegin":402,"characterOffsetEnd":406,"pos":"JJ","before":" ","after":" "},{"index":19,"word":"anymore","originalText":"anymore","characterOffsetBegin":407,"characterOffsetEnd":414,"pos":"RB","before":" ","after":""},{"index":20,"word":"...","originalText":"...","characterOffsetBegin":414,"characterOffsetEnd":417,"pos":":","before":"","after":""},{"index":21,"word":"-------------------------------------------------------------------------","originalText":"-------------------------------------------------------------------------","characterOffsetBegin":417,"characterOffsetEnd":490,"pos":"CD","before":"","after":""},{"index":22,"word":"David","originalText":"David","characterOffsetBegin":490,"characterOffsetEnd":495,"pos":"NNP","before":"","after":" "},{"index":23,"word":"Smyth","originalText":"Smyth","characterOffsetBegin":496,"characterOffsetEnd":501,"pos":"NNP","before":" ","after":"\t\t\t\t"},{"index":24,"word":"david@jpl-devvax.jpl.nasa.govSenior","originalText":"david@jpl-devvax.jpl.nasa.govSenior","characterOffsetBegin":505,"characterOffsetEnd":540,"pos":"NNP","before":"\t\t\t\t","after":" "},{"index":25,"word":"Software","originalText":"Software","characterOffsetBegin":541,"characterOffsetEnd":549,"pos":"NNP","before":" ","after":" "},{"index":26,"word":"Engineer","originalText":"Engineer","characterOffsetBegin":550,"characterOffsetEnd":558,"pos":"NNP","before":" ","after":""},{"index":27,"word":",","originalText":",","characterOffsetBegin":558,"characterOffsetEnd":559,"pos":",","before":"","after":"\t\t"},{"index":28,"word":"-LRB-818-RRB-306-6463","originalText":"(818)306-6463","characterOffsetBegin":561,"characterOffsetEnd":574,"pos":"NN","before":"\t\t","after":" "},{"index":29,"word":"-LRB-","originalText":"(","characterOffsetBegin":575,"characterOffsetEnd":576,"pos":"-LRB-","before":" ","after":""},{"index":30,"word":"temp","originalText":"temp","characterOffsetBegin":576,"characterOffsetEnd":580,"pos":"NN","before":"","after":""},{"index":31,"word":"!","originalText":"!","characterOffsetBegin":580,"characterOffsetEnd":581,"pos":".","before":"","after":" "}]},{"index":3,"tokens":[{"index":1,"word":"do","originalText":"do","characterOffsetBegin":582,"characterOffsetEnd":584,"pos":"VB","before":" ","after":" "},{"index":2,"word":"NOT","originalText":"NOT","characterOffsetBegin":585,"characterOffsetEnd":588,"pos":"NNP","before":" ","after":" "},{"index":3,"word":"use","originalText":"use","characterOffsetBegin":589,"characterOffsetEnd":592,"pos":"VB","before":" ","after":" "},{"index":4,"word":"v-mail","originalText":"v-mail","characterOffsetBegin":593,"characterOffsetEnd":599,"pos":"NN","before":" ","after":""},{"index":5,"word":"-RRB-","originalText":")","characterOffsetBegin":599,"characterOffsetEnd":600,"pos":"-RRB-","before":"","after":""},{"index":6,"word":"X","originalText":"X","characterOffsetBegin":600,"characterOffsetEnd":601,"pos":"NN","before":"","after":" "},{"index":7,"word":"and","originalText":"and","characterOffsetBegin":602,"characterOffsetEnd":605,"pos":"CC","before":" ","after":" "},{"index":8,"word":"Object","originalText":"Object","characterOffsetBegin":606,"characterOffsetEnd":612,"pos":"NNP","before":" ","after":" "},{"index":9,"word":"Guru","originalText":"Guru","characterOffsetBegin":613,"characterOffsetEnd":617,"pos":"NNP","before":" ","after":""},{"index":10,"word":".","originalText":".","characterOffsetBegin":617,"characterOffsetEnd":618,"pos":".","before":"","after":"\t\t\t"}]},{"index":4,"tokens":[{"index":1,"word":"tempory","originalText":"tempory","characterOffsetBegin":621,"characterOffsetEnd":628,"pos":"JJ","before":"\t\t\t","after":" "},{"index":2,"word":"office","originalText":"office","characterOffsetBegin":629,"characterOffsetEnd":635,"pos":"NN","before":" ","after":""},{"index":3,"word":":","originalText":":","characterOffsetBegin":635,"characterOffsetEnd":636,"pos":":","before":"","after":" "},{"index":4,"word":"525/B70Jet","originalText":"525/B70Jet","characterOffsetBegin":637,"characterOffsetEnd":647,"pos":"NNP","before":" ","after":" "},{"index":5,"word":"Propulsion","originalText":"Propulsion","characterOffsetBegin":648,"characterOffsetEnd":658,"pos":"NNP","before":" ","after":" "},{"index":6,"word":"Lab","originalText":"Lab","characterOffsetBegin":659,"characterOffsetEnd":662,"pos":"NNP","before":" ","after":""},{"index":7,"word":",","originalText":",","characterOffsetBegin":662,"characterOffsetEnd":663,"pos":",","before":"","after":" "},{"index":8,"word":"M/S","originalText":"M/S","characterOffsetBegin":664,"characterOffsetEnd":667,"pos":"NNP","before":" ","after":" "},{"index":9,"word":"525-3660 4800","originalText":"525-3660 4800","characterOffsetBegin":668,"characterOffsetEnd":681,"pos":"CD","before":" ","after":" "},{"index":10,"word":"Oak","originalText":"Oak","characterOffsetBegin":682,"characterOffsetEnd":685,"pos":"NNP","before":" ","after":" "},{"index":11,"word":"Grove","originalText":"Grove","characterOffsetBegin":686,"characterOffsetEnd":691,"pos":"NNP","before":" ","after":" "},{"index":12,"word":"Drive","originalText":"Drive","characterOffsetBegin":692,"characterOffsetEnd":697,"pos":"NNP","before":" ","after":""},{"index":13,"word":",","originalText":",","characterOffsetBegin":697,"characterOffsetEnd":698,"pos":",","before":"","after":" "},{"index":14,"word":"Pasadena","originalText":"Pasadena","characterOffsetBegin":699,"characterOffsetEnd":707,"pos":"NNP","before":" ","after":""},{"index":15,"word":",","originalText":",","characterOffsetBegin":707,"characterOffsetEnd":708,"pos":",","before":"","after":" "},{"index":16,"word":"CA","originalText":"CA","characterOffsetBegin":709,"characterOffsetEnd":711,"pos":"NNP","before":" ","after":" "},{"index":17,"word":"91109","originalText":"91109","characterOffsetBegin":712,"characterOffsetEnd":717,"pos":"CD","before":" ","after":""},{"index":18,"word":"-------------------------------------------------------------------------","originalText":"-------------------------------------------------------------------------","characterOffsetBegin":717,"characterOffsetEnd":790,"pos":"CD","before":"","after":"  "},{"index":19,"word":"What","originalText":"What","characterOffsetBegin":792,"characterOffsetEnd":796,"pos":"WP","before":"  ","after":""},{"index":20,"word":"'s","originalText":"'s","characterOffsetBegin":796,"characterOffsetEnd":798,"pos":"VBZ","before":"","after":" "},{"index":21,"word":"the","originalText":"the","characterOffsetBegin":799,"characterOffsetEnd":802,"pos":"DT","before":" ","after":" "},{"index":22,"word":"earliest","originalText":"earliest","characterOffsetBegin":803,"characterOffsetEnd":811,"pos":"JJS","before":" ","after":" "},{"index":23,"word":"possible","originalText":"possible","characterOffsetBegin":812,"characterOffsetEnd":820,"pos":"JJ","before":" ","after":" "},{"index":24,"word":"date","originalText":"date","characterOffsetBegin":821,"characterOffsetEnd":825,"pos":"NN","before":" ","after":" "},{"index":25,"word":"you","originalText":"you","characterOffsetBegin":826,"characterOffsetEnd":829,"pos":"PRP","before":" ","after":" "},{"index":26,"word":"ca","originalText":"ca","characterOffsetBegin":830,"characterOffsetEnd":832,"pos":"MD","before":" ","after":""},{"index":27,"word":"n't","originalText":"n't","characterOffsetBegin":832,"characterOffsetEnd":835,"pos":"RB","before":"","after":" "},{"index":28,"word":"prove","originalText":"prove","characterOffsetBegin":836,"characterOffsetEnd":841,"pos":"VB","before":" ","after":" "},{"index":29,"word":"it","originalText":"it","characterOffsetBegin":842,"characterOffsetEnd":844,"pos":"PRP","before":" ","after":" "},{"index":30,"word":"wo","originalText":"wo","characterOffsetBegin":845,"characterOffsetEnd":847,"pos":"MD","before":" ","after":""},{"index":31,"word":"n't","originalText":"n't","characterOffsetBegin":847,"characterOffsetEnd":850,"pos":"RB","before":"","after":" "},{"index":32,"word":"be","originalText":"be","characterOffsetBegin":851,"characterOffsetEnd":853,"pos":"VB","before":" ","after":" "},{"index":33,"word":"done","originalText":"done","characterOffsetBegin":854,"characterOffsetEnd":858,"pos":"VBN","before":" ","after":" "},{"index":34,"word":"by","originalText":"by","characterOffsetBegin":859,"characterOffsetEnd":861,"pos":"IN","before":" ","after":""},{"index":35,"word":"?","originalText":"?","characterOffsetBegin":861,"characterOffsetEnd":862,"pos":".","before":"","after":"\t\t\t\t\t"}]},{"index":5,"tokens":[{"index":1,"word":"-","originalText":"-","characterOffsetBegin":867,"characterOffsetEnd":868,"pos":":","before":"\t\t\t\t\t","after":" "},{"index":2,"word":"Tom","originalText":"Tom","characterOffsetBegin":869,"characterOffsetEnd":872,"pos":"NNP","before":" ","after":" "},{"index":3,"word":"DeMarco","originalText":"DeMarco","characterOffsetBegin":873,"characterOffsetEnd":880,"pos":"NNP","before":" ","after":""},{"index":4,"word":"-------------------------------------------------------------------------","originalText":"-------------------------------------------------------------------------","characterOffsetBegin":880,"characterOffsetEnd":953,"pos":"CD","before":"","after":""}]}]}