{"sentences":[{"index":0,"tokens":[{"index":1,"word":"From","originalText":"From","characterOffsetBegin":0,"characterOffsetEnd":4,"pos":"IN","before":"","after":""},{"index":2,"word":":","originalText":":","characterOffsetBegin":4,"characterOffsetEnd":5,"pos":":","before":"","after":" "},{"index":3,"word":"ianhogg@milli.cs.umn.edu","originalText":"ianhogg@milli.cs.umn.edu","characterOffsetBegin":6,"characterOffsetEnd":30,"pos":"NN","before":" ","after":" "},{"index":4,"word":"-LRB-","originalText":"(","characterOffsetBegin":31,"characterOffsetEnd":32,"pos":"-LRB-","before":" ","after":""},{"index":5,"word":"Ian","originalText":"Ian","characterOffsetBegin":32,"characterOffsetEnd":35,"pos":"NNP","before":"","after":" "},{"index":6,"word":"J.","originalText":"J.","characterOffsetBegin":36,"characterOffsetEnd":38,"pos":"NNP","before":" ","after":" "},{"index":7,"word":"Hogg","originalText":"Hogg","characterOffsetBegin":39,"characterOffsetEnd":43,"pos":"NNP","before":" ","after":""},{"index":8,"word":"-RRB-","originalText":")","characterOffsetBegin":43,"characterOffsetEnd":44,"pos":"-RRB-","before":"","after":""},{"index":9,"word":"Subject","originalText":"Subject","characterOffsetBegin":44,"characterOffsetEnd":51,"pos":"NNP","before":"","after":""},{"index":10,"word":":","originalText":":","characterOffsetBegin":51,"characterOffsetEnd":52,"pos":":","before":"","after":" "},{"index":11,"word":"Re","originalText":"Re","characterOffsetBegin":53,"characterOffsetEnd":55,"pos":"NNP","before":" ","after":""},{"index":12,"word":":","originalText":":","characterOffsetBegin":55,"characterOffsetEnd":56,"pos":":","before":"","after":" "},{"index":13,"word":"how","originalText":"how","characterOffsetBegin":57,"characterOffsetEnd":60,"pos":"WRB","before":" ","after":" "},{"index":14,"word":"to","originalText":"to","characterOffsetBegin":61,"characterOffsetEnd":63,"pos":"TO","before":" ","after":" "},{"index":15,"word":"put","originalText":"put","characterOffsetBegin":64,"characterOffsetEnd":67,"pos":"VB","before":" ","after":" "},{"index":16,"word":"RPC","originalText":"RPC","characterOffsetBegin":68,"characterOffsetEnd":71,"pos":"NNP","before":" ","after":" "},{"index":17,"word":"in","originalText":"in","characterOffsetBegin":72,"characterOffsetEnd":74,"pos":"IN","before":" ","after":" "},{"index":18,"word":"HP","originalText":"HP","characterOffsetBegin":75,"characterOffsetEnd":77,"pos":"NNP","before":" ","after":" "},{"index":19,"word":"X/motif","originalText":"X/motif","characterOffsetBegin":78,"characterOffsetEnd":85,"pos":"NNP","before":" ","after":" "},{"index":20,"word":"environment?In","originalText":"environment?In","characterOffsetBegin":86,"characterOffsetEnd":100,"pos":"NNP","before":" ","after":" "},{"index":21,"word":"article","originalText":"article","characterOffsetBegin":101,"characterOffsetEnd":108,"pos":"NN","before":" ","after":" "},{"index":22,"word":"<1993Apr19.200740.17615@sol.ctr.columbia.edu>","originalText":"<1993Apr19.200740.17615@sol.ctr.columbia.edu>","characterOffsetBegin":109,"characterOffsetEnd":154,"pos":"NN","before":" ","after":" "},{"index":23,"word":"nchan@nova.ctr.columbia.edu","originalText":"nchan@nova.ctr.columbia.edu","characterOffsetBegin":155,"characterOffsetEnd":182,"pos":"NN","before":" ","after":" "},{"index":24,"word":"-LRB-","originalText":"(","characterOffsetBegin":183,"characterOffsetEnd":184,"pos":"-LRB-","before":" ","after":""},{"index":25,"word":"Nui","originalText":"Nui","characterOffsetBegin":184,"characterOffsetEnd":187,"pos":"NNP","before":"","after":" "},{"index":26,"word":"Chan","originalText":"Chan","characterOffsetBegin":188,"characterOffsetEnd":192,"pos":"NNP","before":" ","after":""},{"index":27,"word":"-RRB-","originalText":")","characterOffsetBegin":192,"characterOffsetEnd":193,"pos":"-RRB-","before":"","after":" "},{"index":28,"word":"writes","originalText":"writes","characterOffsetBegin":194,"characterOffsetEnd":200,"pos":"VBZ","before":" ","after":""},{"index":29,"word":":","originalText":":","characterOffsetBegin":200,"characterOffsetEnd":201,"pos":":","before":"","after":""},{"index":30,"word":">>","originalText":">>","characterOffsetBegin":201,"characterOffsetEnd":203,"pos":"NN","before":"","after":""},{"index":31,"word":"has","originalText":"has","characterOffsetBegin":203,"characterOffsetEnd":206,"pos":"VBZ","before":"","after":" "},{"index":32,"word":"anybody","originalText":"anybody","characterOffsetBegin":207,"characterOffsetEnd":214,"pos":"NN","before":" ","after":" "},{"index":33,"word":"implements","originalText":"implements","characterOffsetBegin":215,"characterOffsetEnd":225,"pos":"VBZ","before":" ","after":" "},{"index":34,"word":"an","originalText":"an","characterOffsetBegin":226,"characterOffsetEnd":228,"pos":"DT","before":" ","after":" "},{"index":35,"word":"RPC","originalText":"RPC","characterOffsetBegin":229,"characterOffsetEnd":232,"pos":"NNP","before":" ","after":" "},{"index":36,"word":"server","originalText":"server","characterOffsetBegin":233,"characterOffsetEnd":239,"pos":"NN","before":" ","after":" "},{"index":37,"word":"in","originalText":"in","characterOffsetBegin":240,"characterOffsetEnd":242,"pos":"IN","before":" ","after":" "},{"index":38,"word":"the","originalText":"the","characterOffsetBegin":243,"characterOffsetEnd":246,"pos":"DT","before":" ","after":" "},{"index":39,"word":"HP","originalText":"HP","characterOffsetBegin":247,"characterOffsetEnd":249,"pos":"NNP","before":" ","after":" "},{"index":40,"word":"Xwindows","originalText":"Xwindows","characterOffsetBegin":250,"characterOffsetEnd":258,"pos":"NNP","before":" ","after":""},{"index":41,"word":"?","originalText":"?","characterOffsetBegin":258,"characterOffsetEnd":259,"pos":".","before":"","after":" "}]},{"index":1,"tokens":[{"index":1,"word":"In","originalText":"In","characterOffsetBegin":260,"characterOffsetEnd":262,"pos":"IN","before":" ","after":" "},{"index":2,"word":"SUN","originalText":"SUN","characterOffsetBegin":263,"characterOffsetEnd":266,"pos":"NNP","before":" ","after":" "},{"index":3,"word":"Xview","originalText":"Xview","characterOffsetBegin":267,"characterOffsetEnd":272,"pos":"NNP","before":" ","after":""},{"index":4,"word":",","originalText":",","characterOffsetBegin":272,"characterOffsetEnd":273,"pos":",","before":"","after":" "},{"index":5,"word":"there","originalText":"there","characterOffsetBegin":274,"characterOffsetEnd":279,"pos":"EX","before":" ","after":""},{"index":6,"word":">","originalText":">","characterOffsetBegin":279,"characterOffsetEnd":280,"pos":"JJR","before":"","after":""},{"index":7,"word":"is","originalText":"is","characterOffsetBegin":280,"characterOffsetEnd":282,"pos":"VBZ","before":"","after":" "},{"index":8,"word":"a","originalText":"a","characterOffsetBegin":283,"characterOffsetEnd":284,"pos":"DT","before":" ","after":" "},{"index":9,"word":"notify_enable_rpc_svc","originalText":"notify_enable_rpc_svc","characterOffsetBegin":285,"characterOffsetEnd":306,"pos":"NN","before":" ","after":""},{"index":10,"word":"-LRB-","originalText":"(","characterOffsetBegin":306,"characterOffsetEnd":307,"pos":"-LRB-","before":"","after":""},{"index":11,"word":"-RRB-","originalText":")","characterOffsetBegin":307,"characterOffsetEnd":308,"pos":"-RRB-","before":"","after":" "},{"index":12,"word":"call","originalText":"call","characterOffsetBegin":309,"characterOffsetEnd":313,"pos":"VBP","before":" ","after":" "},{"index":13,"word":"that","originalText":"that","characterOffsetBegin":314,"characterOffsetEnd":318,"pos":"IN","before":" ","after":" "},{"index":14,"word":"automatically","originalText":"automatically","characterOffsetBegin":319,"characterOffsetEnd":332,"pos":"RB","before":" ","after":" "},{"index":15,"word":"executes","originalText":"executes","characterOffsetBegin":333,"characterOffsetEnd":341,"pos":"VBZ","before":" ","after":" "},{"index":16,"word":"the","originalText":"the","characterOffsetBegin":342,"characterOffsetEnd":345,"pos":"DT","before":" ","after":" "},{"index":17,"word":"rpc","originalText":"rpc","characterOffsetBegin":346,"characterOffsetEnd":349,"pos":"NN","before":" ","after":" "},{"index":18,"word":"processes","originalText":"processes","characterOffsetBegin":350,"characterOffsetEnd":359,"pos":"VBZ","before":" ","after":""},{"index":19,"word":">","originalText":">","characterOffsetBegin":359,"characterOffsetEnd":360,"pos":"JJR","before":"","after":""},{"index":20,"word":"when","originalText":"when","characterOffsetBegin":360,"characterOffsetEnd":364,"pos":"WRB","before":"","after":" "},{"index":21,"word":"it","originalText":"it","characterOffsetBegin":365,"characterOffsetEnd":367,"pos":"PRP","before":" ","after":" "},{"index":22,"word":"detects","originalText":"detects","characterOffsetBegin":368,"characterOffsetEnd":375,"pos":"VBZ","before":" ","after":" "},{"index":23,"word":"an","originalText":"an","characterOffsetBegin":376,"characterOffsetEnd":378,"pos":"DT","before":" ","after":" "},{"index":24,"word":"incoming","originalText":"incoming","characterOffsetBegin":379,"characterOffsetEnd":387,"pos":"JJ","before":" ","after":" "},{"index":25,"word":"request","originalText":"request","characterOffsetBegin":388,"characterOffsetEnd":395,"pos":"NN","before":" ","after":""},{"index":26,"word":".","originalText":".","characterOffsetBegin":395,"characterOffsetEnd":396,"pos":".","before":"","after":" "}]},{"index":2,"tokens":[{"index":1,"word":"I","originalText":"I","characterOffsetBegin":397,"characterOffsetEnd":398,"pos":"PRP","before":" ","after":" "},{"index":2,"word":"wonder","originalText":"wonder","characterOffsetBegin":399,"characterOffsetEnd":405,"pos":"VBP","before":" ","after":" "},{"index":3,"word":"if","originalText":"if","characterOffsetBegin":406,"characterOffsetEnd":408,"pos":"IN","before":" ","after":" "},{"index":4,"word":"there","originalText":"there","characterOffsetBegin":409,"characterOffsetEnd":414,"pos":"EX","before":" ","after":" "},{"index":5,"word":"is","originalText":"is","characterOffsetBegin":415,"characterOffsetEnd":417,"pos":"VBZ","before":" ","after":" "},{"index":6,"word":"a","originalText":"a","characterOffsetBegin":418,"characterOffsetEnd":419,"pos":"DT","before":" ","after":" "},{"index":7,"word":"similar","originalText":"similar","characterOffsetBegin":420,"characterOffsetEnd":427,"pos":"JJ","before":" ","after":" "},{"index":8,"word":"function","originalText":"function","characterOffsetBegin":428,"characterOffsetEnd":436,"pos":"NN","before":" ","after":" "},{"index":9,"word":"in","originalText":"in","characterOffsetBegin":437,"characterOffsetEnd":439,"pos":"IN","before":" ","after":""},{"index":10,"word":">","originalText":">","characterOffsetBegin":439,"characterOffsetEnd":440,"pos":"JJR","before":"","after":""},{"index":11,"word":"HP","originalText":"HP","characterOffsetBegin":440,"characterOffsetEnd":442,"pos":"NNP","before":"","after":" "},{"index":12,"word":"X/motif","originalText":"X/motif","characterOffsetBegin":443,"characterOffsetEnd":450,"pos":"NNP","before":" ","after":" "},{"index":13,"word":"that","originalText":"that","characterOffsetBegin":451,"characterOffsetEnd":455,"pos":"WDT","before":" ","after":" "},{"index":14,"word":"perform","originalText":"perform","characterOffsetBegin":456,"characterOffsetEnd":463,"pos":"VBP","before":" ","after":" "},{"index":15,"word":"the","originalText":"the","characterOffsetBegin":464,"characterOffsetEnd":467,"pos":"DT","before":" ","after":" "},{"index":16,"word":"same","originalText":"same","characterOffsetBegin":468,"characterOffsetEnd":472,"pos":"JJ","before":" ","after":" "},{"index":17,"word":"function","originalText":"function","characterOffsetBegin":473,"characterOffsetEnd":481,"pos":"NN","before":" ","after":""},{"index":18,"word":".","originalText":".","characterOffsetBegin":481,"characterOffsetEnd":482,"pos":".","before":"","after":""},{"index":19,"word":">","originalText":">","characterOffsetBegin":482,"characterOffsetEnd":483,"pos":"JJR","before":"","after":""}]},{"index":3,"tokens":[{"index":1,"word":"I","originalText":"I","characterOffsetBegin":483,"characterOffsetEnd":484,"pos":"PRP","before":"","after":""},{"index":2,"word":"'ve","originalText":"'ve","characterOffsetBegin":484,"characterOffsetEnd":487,"pos":"VBP","before":"","after":" "},{"index":3,"word":"been","originalText":"been","characterOffsetBegin":488,"characterOffsetEnd":492,"pos":"VBN","before":" ","after":" "},{"index":4,"word":"using","originalText":"using","characterOffsetBegin":493,"characterOffsetEnd":498,"pos":"VBG","before":" ","after":" "},{"index":5,"word":"the","originalText":"the","characterOffsetBegin":499,"characterOffsetEnd":502,"pos":"DT","before":" ","after":" "},{"index":6,"word":"xrpc","originalText":"xrpc","characterOffsetBegin":503,"characterOffsetEnd":507,"pos":"NN","before":" ","after":" "},{"index":7,"word":"package","originalText":"package","characterOffsetBegin":508,"characterOffsetEnd":515,"pos":"NN","before":" ","after":" "},{"index":8,"word":"for","originalText":"for","characterOffsetBegin":516,"characterOffsetEnd":519,"pos":"IN","before":" ","after":" "},{"index":9,"word":"about","originalText":"about","characterOffsetBegin":520,"characterOffsetEnd":525,"pos":"IN","before":" ","after":" "},{"index":10,"word":"a","originalText":"a","characterOffsetBegin":526,"characterOffsetEnd":527,"pos":"DT","before":" ","after":" "},{"index":11,"word":"year","originalText":"year","characterOffsetBegin":528,"characterOffsetEnd":532,"pos":"NN","before":" ","after":" "},{"index":12,"word":"now","originalText":"now","characterOffsetBegin":533,"characterOffsetEnd":536,"pos":"RB","before":" ","after":""},{"index":13,"word":".","originalText":".","characterOffsetBegin":536,"characterOffsetEnd":537,"pos":".","before":"","after":"  "}]},{"index":4,"tokens":[{"index":1,"word":"I","originalText":"I","characterOffsetBegin":539,"characterOffsetEnd":540,"pos":"PRP","before":"  ","after":" "},{"index":2,"word":"believe","originalText":"believe","characterOffsetBegin":541,"characterOffsetEnd":548,"pos":"VBP","before":" ","after":" "},{"index":3,"word":"I","originalText":"I","characterOffsetBegin":549,"characterOffsetEnd":550,"pos":"PRP","before":" ","after":" "},{"index":4,"word":"got","originalText":"got","characterOffsetBegin":551,"characterOffsetEnd":554,"pos":"VBD","before":" ","after":" "},{"index":5,"word":"it","originalText":"it","characterOffsetBegin":555,"characterOffsetEnd":557,"pos":"PRP","before":" ","after":" "},{"index":6,"word":"fromexport","originalText":"fromexport","characterOffsetBegin":558,"characterOffsetEnd":568,"pos":"NN","before":" ","after":""},{"index":7,"word":".","originalText":".","characterOffsetBegin":568,"characterOffsetEnd":569,"pos":".","before":"","after":"  "}]},{"index":5,"tokens":[{"index":1,"word":"--","originalText":"--","characterOffsetBegin":571,"characterOffsetEnd":573,"pos":":","before":"  ","after":""},{"index":2,"word":"===============================================================================","originalText":"===============================================================================","characterOffsetBegin":573,"characterOffsetEnd":652,"pos":"CD","before":"","after":""},{"index":3,"word":"Ian","originalText":"Ian","characterOffsetBegin":652,"characterOffsetEnd":655,"pos":"NNP","before":"","after":" "},{"index":4,"word":"Hogg","originalText":"Hogg","characterOffsetBegin":656,"characterOffsetEnd":660,"pos":"NNP","before":" ","after":"\t\t\t\t\t\t"},{"index":5,"word":"ianhogg@cs.umn.edu","originalText":"ianhogg@cs.umn.edu","characterOffsetBegin":666,"characterOffsetEnd":684,"pos":"NNP","before":"\t\t\t\t\t\t","after":"                                                        "},{"index":6,"word":"-LRB-612-RRB- 424-6332","originalText":"(612) 424-6332","characterOffsetBegin":740,"characterOffsetEnd":754,"pos":"NN","before":"                                                        ","after":""}]}]}