{"sentences":[{"index":0,"tokens":[{"index":1,"word":"From","originalText":"From","characterOffsetBegin":0,"characterOffsetEnd":4,"pos":"IN","before":"","after":""},{"index":2,"word":":","originalText":":","characterOffsetBegin":4,"characterOffsetEnd":5,"pos":":","before":"","after":" "},{"index":3,"word":"dan@tremor.think.com","originalText":"dan@tremor.think.com","characterOffsetBegin":6,"characterOffsetEnd":26,"pos":"NNP","before":" ","after":" "},{"index":4,"word":"-LRB-","originalText":"(","characterOffsetBegin":27,"characterOffsetEnd":28,"pos":"-LRB-","before":" ","after":""},{"index":5,"word":"Dan","originalText":"Dan","characterOffsetBegin":28,"characterOffsetEnd":31,"pos":"NNP","before":"","after":" "},{"index":6,"word":"Aronson","originalText":"Aronson","characterOffsetBegin":32,"characterOffsetEnd":39,"pos":"NNP","before":" ","after":""},{"index":7,"word":"-RRB-","originalText":")","characterOffsetBegin":39,"characterOffsetEnd":40,"pos":"-RRB-","before":"","after":""},{"index":8,"word":"Subject","originalText":"Subject","characterOffsetBegin":40,"characterOffsetEnd":47,"pos":"NNP","before":"","after":""},{"index":9,"word":":","originalText":":","characterOffsetBegin":47,"characterOffsetEnd":48,"pos":":","before":"","after":" "},{"index":10,"word":"drawing","originalText":"drawing","characterOffsetBegin":49,"characterOffsetEnd":56,"pos":"VBG","before":" ","after":" "},{"index":11,"word":"an","originalText":"an","characterOffsetBegin":57,"characterOffsetEnd":59,"pos":"DT","before":" ","after":" "},{"index":12,"word":"abstract","originalText":"abstract","characterOffsetBegin":60,"characterOffsetEnd":68,"pos":"JJ","before":" ","after":" "},{"index":13,"word":"graphI","originalText":"graphI","characterOffsetBegin":69,"characterOffsetEnd":75,"pos":"NN","before":" ","after":" "},{"index":14,"word":"am","originalText":"am","characterOffsetBegin":76,"characterOffsetEnd":78,"pos":"VBP","before":" ","after":" "},{"index":15,"word":"looking","originalText":"looking","characterOffsetBegin":79,"characterOffsetEnd":86,"pos":"VBG","before":" ","after":" "},{"index":16,"word":"for","originalText":"for","characterOffsetBegin":87,"characterOffsetEnd":90,"pos":"IN","before":" ","after":" "},{"index":17,"word":"software","originalText":"software","characterOffsetBegin":91,"characterOffsetEnd":99,"pos":"NN","before":" ","after":" "},{"index":18,"word":"to","originalText":"to","characterOffsetBegin":100,"characterOffsetEnd":102,"pos":"TO","before":" ","after":" "},{"index":19,"word":"draw","originalText":"draw","characterOffsetBegin":103,"characterOffsetEnd":107,"pos":"VB","before":" ","after":" "},{"index":20,"word":"a","originalText":"a","characterOffsetBegin":108,"characterOffsetEnd":109,"pos":"DT","before":" ","after":" "},{"index":21,"word":"graph","originalText":"graph","characterOffsetBegin":110,"characterOffsetEnd":115,"pos":"NN","before":" ","after":""},{"index":22,"word":".","originalText":".","characterOffsetBegin":115,"characterOffsetEnd":116,"pos":".","before":"","after":"  "}]},{"index":1,"tokens":[{"index":1,"word":"I","originalText":"I","characterOffsetBegin":118,"characterOffsetEnd":119,"pos":"PRP","before":"  ","after":" "},{"index":2,"word":"want","originalText":"want","characterOffsetBegin":120,"characterOffsetEnd":124,"pos":"VBP","before":" ","after":" "},{"index":3,"word":"to","originalText":"to","characterOffsetBegin":125,"characterOffsetEnd":127,"pos":"TO","before":" ","after":" "},{"index":4,"word":"just","originalText":"just","characterOffsetBegin":128,"characterOffsetEnd":132,"pos":"RB","before":" ","after":" "},{"index":5,"word":"give","originalText":"give","characterOffsetBegin":133,"characterOffsetEnd":137,"pos":"VB","before":" ","after":" "},{"index":6,"word":"it","originalText":"it","characterOffsetBegin":138,"characterOffsetEnd":140,"pos":"PRP","before":" ","after":" "},{"index":7,"word":"a","originalText":"a","characterOffsetBegin":141,"characterOffsetEnd":142,"pos":"DT","before":" ","after":" "},{"index":8,"word":"listof","originalText":"listof","characterOffsetBegin":143,"characterOffsetEnd":149,"pos":"JJ","before":" ","after":" "},{"index":9,"word":"nodes","originalText":"nodes","characterOffsetBegin":150,"characterOffsetEnd":155,"pos":"NNS","before":" ","after":" "},{"index":10,"word":"and","originalText":"and","characterOffsetBegin":156,"characterOffsetEnd":159,"pos":"CC","before":" ","after":" "},{"index":11,"word":"edges","originalText":"edges","characterOffsetBegin":160,"characterOffsetEnd":165,"pos":"NNS","before":" ","after":" "},{"index":12,"word":"between","originalText":"between","characterOffsetBegin":166,"characterOffsetEnd":173,"pos":"IN","before":" ","after":" "},{"index":13,"word":"the","originalText":"the","characterOffsetBegin":174,"characterOffsetEnd":177,"pos":"DT","before":" ","after":" "},{"index":14,"word":"nodes","originalText":"nodes","characterOffsetBegin":178,"characterOffsetEnd":183,"pos":"NNS","before":" ","after":" "},{"index":15,"word":"and","originalText":"and","characterOffsetBegin":184,"characterOffsetEnd":187,"pos":"CC","before":" ","after":" "},{"index":16,"word":"have","originalText":"have","characterOffsetBegin":188,"characterOffsetEnd":192,"pos":"VBP","before":" ","after":" "},{"index":17,"word":"the","originalText":"the","characterOffsetBegin":193,"characterOffsetEnd":196,"pos":"DT","before":" ","after":" "},{"index":18,"word":"program","originalText":"program","characterOffsetBegin":197,"characterOffsetEnd":204,"pos":"NN","before":" ","after":" "},{"index":19,"word":"come","originalText":"come","characterOffsetBegin":205,"characterOffsetEnd":209,"pos":"VBN","before":" ","after":" "},{"index":20,"word":"up","originalText":"up","characterOffsetBegin":210,"characterOffsetEnd":212,"pos":"RP","before":" ","after":" "},{"index":21,"word":"with","originalText":"with","characterOffsetBegin":213,"characterOffsetEnd":217,"pos":"IN","before":" ","after":" "},{"index":22,"word":"somereasonable","originalText":"somereasonable","characterOffsetBegin":218,"characterOffsetEnd":232,"pos":"JJ","before":" ","after":" "},{"index":23,"word":"positioning","originalText":"positioning","characterOffsetBegin":233,"characterOffsetEnd":244,"pos":"NN","before":" ","after":" "},{"index":24,"word":"of","originalText":"of","characterOffsetBegin":245,"characterOffsetEnd":247,"pos":"IN","before":" ","after":" "},{"index":25,"word":"it","originalText":"it","characterOffsetBegin":248,"characterOffsetEnd":250,"pos":"PRP","before":" ","after":""},{"index":26,"word":".","originalText":".","characterOffsetBegin":250,"characterOffsetEnd":251,"pos":".","before":"","after":"  "}]},{"index":2,"tokens":[{"index":1,"word":"Thanks","originalText":"Thanks","characterOffsetBegin":253,"characterOffsetEnd":259,"pos":"NNS","before":"  ","after":" "},{"index":2,"word":"in","originalText":"in","characterOffsetBegin":260,"characterOffsetEnd":262,"pos":"IN","before":" ","after":" "},{"index":3,"word":"advance","originalText":"advance","characterOffsetBegin":263,"characterOffsetEnd":270,"pos":"NN","before":" ","after":""},{"index":4,"word":".","originalText":".","characterOffsetBegin":270,"characterOffsetEnd":271,"pos":".","before":"","after":""}]},{"index":3,"tokens":[{"index":1,"word":"--","originalText":"--","characterOffsetBegin":271,"characterOffsetEnd":273,"pos":":","before":"","after":""},{"index":2,"word":"Dan","originalText":"Dan","characterOffsetBegin":273,"characterOffsetEnd":276,"pos":"NNP","before":"","after":" "},{"index":3,"word":"Aronson","originalText":"Aronson","characterOffsetBegin":277,"characterOffsetEnd":284,"pos":"NNP","before":" ","after":"\t"},{"index":4,"word":"dan@think.comThinking","originalText":"dan@think.comThinking","characterOffsetBegin":285,"characterOffsetEnd":306,"pos":"NNP","before":"\t","after":" "},{"index":5,"word":"Machines","originalText":"Machines","characterOffsetBegin":307,"characterOffsetEnd":315,"pos":"NNP","before":" ","after":" "},{"index":6,"word":"Corporation","originalText":"Corporation","characterOffsetBegin":316,"characterOffsetEnd":327,"pos":"NNP","before":" ","after":""}]}]}