{"sentences":[{"index":0,"tokens":[{"index":1,"word":"From","originalText":"From","characterOffsetBegin":0,"characterOffsetEnd":4,"pos":"IN","before":"","after":""},{"index":2,"word":":","originalText":":","characterOffsetBegin":4,"characterOffsetEnd":5,"pos":":","before":"","after":" "},{"index":3,"word":"masc0442@ucsnews.sdsu.edu","originalText":"masc0442@ucsnews.sdsu.edu","characterOffsetBegin":6,"characterOffsetEnd":31,"pos":"NN","before":" ","after":" "},{"index":4,"word":"-LRB-","originalText":"(","characterOffsetBegin":32,"characterOffsetEnd":33,"pos":"-LRB-","before":" ","after":""},{"index":5,"word":"Todd","originalText":"Todd","characterOffsetBegin":33,"characterOffsetEnd":37,"pos":"NNP","before":"","after":" "},{"index":6,"word":"Greene","originalText":"Greene","characterOffsetBegin":38,"characterOffsetEnd":44,"pos":"NNP","before":" ","after":""},{"index":7,"word":"-RRB-","originalText":")","characterOffsetBegin":44,"characterOffsetEnd":45,"pos":"-RRB-","before":"","after":""},{"index":8,"word":"Subject","originalText":"Subject","characterOffsetBegin":45,"characterOffsetEnd":52,"pos":"NNP","before":"","after":""},{"index":9,"word":":","originalText":":","characterOffsetBegin":52,"characterOffsetEnd":53,"pos":":","before":"","after":" "},{"index":10,"word":"How","originalText":"How","characterOffsetBegin":54,"characterOffsetEnd":57,"pos":"WRB","before":" ","after":" "},{"index":11,"word":"do","originalText":"do","characterOffsetBegin":58,"characterOffsetEnd":60,"pos":"VBP","before":" ","after":" "},{"index":12,"word":"I","originalText":"I","characterOffsetBegin":61,"characterOffsetEnd":62,"pos":"PRP","before":" ","after":" "},{"index":13,"word":"find","originalText":"find","characterOffsetBegin":63,"characterOffsetEnd":67,"pos":"VB","before":" ","after":" "},{"index":14,"word":"my","originalText":"my","characterOffsetBegin":68,"characterOffsetEnd":70,"pos":"PRP$","before":" ","after":" "},{"index":15,"word":"AppContext?Is","originalText":"AppContext?Is","characterOffsetBegin":71,"characterOffsetEnd":84,"pos":"NNS","before":" ","after":" "},{"index":16,"word":"there","originalText":"there","characterOffsetBegin":85,"characterOffsetEnd":90,"pos":"RB","before":" ","after":" "},{"index":17,"word":"an","originalText":"an","characterOffsetBegin":91,"characterOffsetEnd":93,"pos":"DT","before":" ","after":" "},{"index":18,"word":"Xt","originalText":"Xt","characterOffsetBegin":94,"characterOffsetEnd":96,"pos":"NN","before":" ","after":" "},{"index":19,"word":"call","originalText":"call","characterOffsetBegin":97,"characterOffsetEnd":101,"pos":"NN","before":" ","after":" "},{"index":20,"word":"to","originalText":"to","characterOffsetBegin":102,"characterOffsetEnd":104,"pos":"TO","before":" ","after":" "},{"index":21,"word":"give","originalText":"give","characterOffsetBegin":105,"characterOffsetEnd":109,"pos":"VB","before":" ","after":" "},{"index":22,"word":"me","originalText":"me","characterOffsetBegin":110,"characterOffsetEnd":112,"pos":"PRP","before":" ","after":" "},{"index":23,"word":"my","originalText":"my","characterOffsetBegin":113,"characterOffsetEnd":115,"pos":"PRP$","before":" ","after":" "},{"index":24,"word":"application","originalText":"application","characterOffsetBegin":116,"characterOffsetEnd":127,"pos":"NN","before":" ","after":" "},{"index":25,"word":"context?I","originalText":"context?I","characterOffsetBegin":128,"characterOffsetEnd":137,"pos":"NN","before":" ","after":" "},{"index":26,"word":"am","originalText":"am","characterOffsetBegin":138,"characterOffsetEnd":140,"pos":"VBP","before":" ","after":" "},{"index":27,"word":"fixing","originalText":"fixing","characterOffsetBegin":141,"characterOffsetEnd":147,"pos":"VBG","before":" ","after":" "},{"index":28,"word":"up","originalText":"up","characterOffsetBegin":148,"characterOffsetEnd":150,"pos":"RP","before":" ","after":" "},{"index":29,"word":"an","originalText":"an","characterOffsetBegin":151,"characterOffsetEnd":153,"pos":"DT","before":" ","after":" "},{"index":30,"word":"X/Motif","originalText":"X/Motif","characterOffsetBegin":154,"characterOffsetEnd":161,"pos":"NN","before":" ","after":" "},{"index":31,"word":"program","originalText":"program","characterOffsetBegin":162,"characterOffsetEnd":169,"pos":"NN","before":" ","after":""},{"index":32,"word":",","originalText":",","characterOffsetBegin":169,"characterOffsetEnd":170,"pos":",","before":"","after":" "},{"index":33,"word":"and","originalText":"and","characterOffsetBegin":171,"characterOffsetEnd":174,"pos":"CC","before":" ","after":" "},{"index":34,"word":"am","originalText":"am","characterOffsetBegin":175,"characterOffsetEnd":177,"pos":"VBP","before":" ","after":" "},{"index":35,"word":"trying","originalText":"trying","characterOffsetBegin":178,"characterOffsetEnd":184,"pos":"VBG","before":" ","after":" "},{"index":36,"word":"to","originalText":"to","characterOffsetBegin":185,"characterOffsetEnd":187,"pos":"TO","before":" ","after":" "},{"index":37,"word":"use","originalText":"use","characterOffsetBegin":188,"characterOffsetEnd":191,"pos":"VB","before":" ","after":" "},{"index":38,"word":"XtAppAddTimeOut","originalText":"XtAppAddTimeOut","characterOffsetBegin":192,"characterOffsetEnd":207,"pos":"NNP","before":" ","after":""},{"index":39,"word":",","originalText":",","characterOffsetBegin":207,"characterOffsetEnd":208,"pos":",","before":"","after":""},{"index":40,"word":"whose","originalText":"whose","characterOffsetBegin":208,"characterOffsetEnd":213,"pos":"WP$","before":"","after":" "},{"index":41,"word":"first","originalText":"first","characterOffsetBegin":214,"characterOffsetEnd":219,"pos":"JJ","before":" ","after":" "},{"index":42,"word":"argument","originalText":"argument","characterOffsetBegin":220,"characterOffsetEnd":228,"pos":"NN","before":" ","after":" "},{"index":43,"word":"is","originalText":"is","characterOffsetBegin":229,"characterOffsetEnd":231,"pos":"VBZ","before":" ","after":" "},{"index":44,"word":"the","originalText":"the","characterOffsetBegin":232,"characterOffsetEnd":235,"pos":"DT","before":" ","after":" "},{"index":45,"word":"app_context","originalText":"app_context","characterOffsetBegin":236,"characterOffsetEnd":247,"pos":"NN","before":" ","after":""},{"index":46,"word":".","originalText":".","characterOffsetBegin":247,"characterOffsetEnd":248,"pos":".","before":"","after":"  "}]},{"index":1,"tokens":[{"index":1,"word":"What","originalText":"What","characterOffsetBegin":250,"characterOffsetEnd":254,"pos":"WDT","before":"  ","after":" "},{"index":2,"word":"call","originalText":"call","characterOffsetBegin":255,"characterOffsetEnd":259,"pos":"NN","before":" ","after":" "},{"index":3,"word":"can","originalText":"can","characterOffsetBegin":260,"characterOffsetEnd":263,"pos":"MD","before":" ","after":" "},{"index":4,"word":"I","originalText":"I","characterOffsetBegin":264,"characterOffsetEnd":265,"pos":"PRP","before":" ","after":" "},{"index":5,"word":"useto","originalText":"useto","characterOffsetBegin":266,"characterOffsetEnd":271,"pos":"VB","before":" ","after":" "},{"index":6,"word":"give","originalText":"give","characterOffsetBegin":272,"characterOffsetEnd":276,"pos":"VB","before":" ","after":" "},{"index":7,"word":"me","originalText":"me","characterOffsetBegin":277,"characterOffsetEnd":279,"pos":"PRP","before":" ","after":" "},{"index":8,"word":"this","originalText":"this","characterOffsetBegin":280,"characterOffsetEnd":284,"pos":"DT","before":" ","after":" "},{"index":9,"word":"value?Thanks","originalText":"value?Thanks","characterOffsetBegin":285,"characterOffsetEnd":297,"pos":"NNPS","before":" ","after":""},{"index":10,"word":",","originalText":",","characterOffsetBegin":297,"characterOffsetEnd":298,"pos":",","before":"","after":"    "},{"index":11,"word":"Todd","originalText":"Todd","characterOffsetBegin":302,"characterOffsetEnd":306,"pos":"NNP","before":"    ","after":" "},{"index":12,"word":"Greene","originalText":"Greene","characterOffsetBegin":307,"characterOffsetEnd":313,"pos":"NNP","before":" ","after":"    "},{"index":13,"word":"masc0442@ucssun1.sdsu.edu~","originalText":"masc0442@ucssun1.sdsu.edu~","characterOffsetBegin":317,"characterOffsetEnd":343,"pos":"NN","before":"    ","after":""}]}]}