{"sentences":[{"index":0,"tokens":[{"index":1,"word":"From","originalText":"From","characterOffsetBegin":0,"characterOffsetEnd":4,"pos":"IN","before":"","after":""},{"index":2,"word":":","originalText":":","characterOffsetBegin":4,"characterOffsetEnd":5,"pos":":","before":"","after":" "},{"index":3,"word":"whaley@sigma.kpc.com","originalText":"whaley@sigma.kpc.com","characterOffsetBegin":6,"characterOffsetEnd":26,"pos":"NN","before":" ","after":" "},{"index":4,"word":"-LRB-","originalText":"(","characterOffsetBegin":27,"characterOffsetEnd":28,"pos":"-LRB-","before":" ","after":""},{"index":5,"word":"Ken","originalText":"Ken","characterOffsetBegin":28,"characterOffsetEnd":31,"pos":"NNP","before":"","after":" "},{"index":6,"word":"Whaley","originalText":"Whaley","characterOffsetBegin":32,"characterOffsetEnd":38,"pos":"NNP","before":" ","after":""},{"index":7,"word":"-RRB-","originalText":")","characterOffsetBegin":38,"characterOffsetEnd":39,"pos":"-RRB-","before":"","after":""},{"index":8,"word":"Subject","originalText":"Subject","characterOffsetBegin":39,"characterOffsetEnd":46,"pos":"NNP","before":"","after":""},{"index":9,"word":":","originalText":":","characterOffsetBegin":46,"characterOffsetEnd":47,"pos":":","before":"","after":" "},{"index":10,"word":"Re","originalText":"Re","characterOffsetBegin":48,"characterOffsetEnd":50,"pos":"NNP","before":" ","after":""},{"index":11,"word":":","originalText":":","characterOffsetBegin":50,"characterOffsetEnd":51,"pos":":","before":"","after":" "},{"index":12,"word":"XCopyPlane","originalText":"XCopyPlane","characterOffsetBegin":52,"characterOffsetEnd":62,"pos":"NN","before":" ","after":" "},{"index":13,"word":"Question","originalText":"Question","characterOffsetBegin":63,"characterOffsetEnd":71,"pos":"NN","before":" ","after":""},{"index":14,"word":">","originalText":">","characterOffsetBegin":71,"characterOffsetEnd":72,"pos":"JJR","before":"","after":" "},{"index":15,"word":">","originalText":">","characterOffsetBegin":73,"characterOffsetEnd":74,"pos":"JJR","before":" ","after":" "},{"index":16,"word":"In","originalText":"In","characterOffsetBegin":75,"characterOffsetEnd":77,"pos":"IN","before":" ","after":" "},{"index":17,"word":"article","originalText":"article","characterOffsetBegin":78,"characterOffsetEnd":85,"pos":"NN","before":" ","after":" "},{"index":18,"word":"<WHALEY.93Apr15103931@sigma.kpc.com>","originalText":"<WHALEY.93Apr15103931@sigma.kpc.com>","characterOffsetBegin":86,"characterOffsetEnd":122,"pos":"NN","before":" ","after":" "},{"index":19,"word":"whaley@sigma.kpc.com","originalText":"whaley@sigma.kpc.com","characterOffsetBegin":123,"characterOffsetEnd":143,"pos":"NN","before":" ","after":" "},{"index":20,"word":"-LRB-","originalText":"(","characterOffsetBegin":144,"characterOffsetEnd":145,"pos":"-LRB-","before":" ","after":""},{"index":21,"word":"Ken","originalText":"Ken","characterOffsetBegin":145,"characterOffsetEnd":148,"pos":"NNP","before":"","after":" "},{"index":22,"word":"Whaley","originalText":"Whaley","characterOffsetBegin":149,"characterOffsetEnd":155,"pos":"NNP","before":" ","after":""},{"index":23,"word":"-RRB-","originalText":")","characterOffsetBegin":155,"characterOffsetEnd":156,"pos":"-RRB-","before":"","after":" "},{"index":24,"word":"writes","originalText":"writes","characterOffsetBegin":157,"characterOffsetEnd":163,"pos":"VBZ","before":" ","after":""},{"index":25,"word":":","originalText":":","characterOffsetBegin":163,"characterOffsetEnd":164,"pos":":","before":"","after":""},{"index":26,"word":">","originalText":">","characterOffsetBegin":164,"characterOffsetEnd":165,"pos":"JJR","before":"","after":" "},{"index":27,"word":">","originalText":">","characterOffsetBegin":166,"characterOffsetEnd":167,"pos":"JJR","before":" ","after":"   "},{"index":28,"word":"Actually","originalText":"Actually","characterOffsetBegin":170,"characterOffsetEnd":178,"pos":"RB","before":"   ","after":""},{"index":29,"word":",","originalText":",","characterOffsetBegin":178,"characterOffsetEnd":179,"pos":",","before":"","after":" "},{"index":30,"word":"I","originalText":"I","characterOffsetBegin":180,"characterOffsetEnd":181,"pos":"PRP","before":" ","after":" "},{"index":31,"word":"must","originalText":"must","characterOffsetBegin":182,"characterOffsetEnd":186,"pos":"MD","before":" ","after":" "},{"index":32,"word":"also","originalText":"also","characterOffsetBegin":187,"characterOffsetEnd":191,"pos":"RB","before":" ","after":" "},{"index":33,"word":"ask","originalText":"ask","characterOffsetBegin":192,"characterOffsetEnd":195,"pos":"VB","before":" ","after":" "},{"index":34,"word":"the","originalText":"the","characterOffsetBegin":196,"characterOffsetEnd":199,"pos":"DT","before":" ","after":" "},{"index":35,"word":"FAQ","originalText":"FAQ","characterOffsetBegin":200,"characterOffsetEnd":203,"pos":"NNP","before":" ","after":""},{"index":36,"word":"'s","originalText":"'s","characterOffsetBegin":203,"characterOffsetEnd":205,"pos":"POS","before":"","after":" "},{"index":37,"word":"#","originalText":"#","characterOffsetBegin":206,"characterOffsetEnd":207,"pos":"#","before":" ","after":""},{"index":38,"word":"1","originalText":"1","characterOffsetBegin":207,"characterOffsetEnd":208,"pos":"CD","before":"","after":" "},{"index":39,"word":"most","originalText":"most","characterOffsetBegin":209,"characterOffsetEnd":213,"pos":"RBS","before":" ","after":" "},{"index":40,"word":"popular","originalText":"popular","characterOffsetBegin":214,"characterOffsetEnd":221,"pos":"JJ","before":" ","after":" "},{"index":41,"word":"reason","originalText":"reason","characterOffsetBegin":222,"characterOffsetEnd":228,"pos":"NN","before":" ","after":" "},{"index":42,"word":"why","originalText":"why","characterOffsetBegin":229,"characterOffsetEnd":232,"pos":"WRB","before":" ","after":" "},{"index":43,"word":"graphics","originalText":"graphics","characterOffsetBegin":233,"characterOffsetEnd":241,"pos":"NNS","before":" ","after":""},{"index":44,"word":">","originalText":">","characterOffsetBegin":241,"characterOffsetEnd":242,"pos":"JJR","before":"","after":" "},{"index":45,"word":">","originalText":">","characterOffsetBegin":243,"characterOffsetEnd":244,"pos":"JJR","before":" ","after":"   "},{"index":46,"word":"do","originalText":"do","characterOffsetBegin":247,"characterOffsetEnd":249,"pos":"VBP","before":"   ","after":""},{"index":47,"word":"n't","originalText":"n't","characterOffsetBegin":249,"characterOffsetEnd":252,"pos":"RB","before":"","after":" "},{"index":48,"word":"show","originalText":"show","characterOffsetBegin":253,"characterOffsetEnd":257,"pos":"VB","before":" ","after":" "},{"index":49,"word":"up","originalText":"up","characterOffsetBegin":258,"characterOffsetEnd":260,"pos":"RP","before":" ","after":""},{"index":50,"word":":","originalText":":","characterOffsetBegin":260,"characterOffsetEnd":261,"pos":":","before":"","after":" "},{"index":51,"word":"do","originalText":"do","characterOffsetBegin":262,"characterOffsetEnd":264,"pos":"VB","before":" ","after":" "},{"index":52,"word":"you","originalText":"you","characterOffsetBegin":265,"characterOffsetEnd":268,"pos":"PRP","before":" ","after":" "},{"index":53,"word":"wait","originalText":"wait","characterOffsetBegin":269,"characterOffsetEnd":273,"pos":"VB","before":" ","after":" "},{"index":54,"word":"for","originalText":"for","characterOffsetBegin":274,"characterOffsetEnd":277,"pos":"IN","before":" ","after":" "},{"index":55,"word":"an","originalText":"an","characterOffsetBegin":278,"characterOffsetEnd":280,"pos":"DT","before":" ","after":" "},{"index":56,"word":"expose","originalText":"expose","characterOffsetBegin":281,"characterOffsetEnd":287,"pos":"VB","before":" ","after":" "},{"index":57,"word":"event","originalText":"event","characterOffsetBegin":288,"characterOffsetEnd":293,"pos":"NN","before":" ","after":" "},{"index":58,"word":"before","originalText":"before","characterOffsetBegin":294,"characterOffsetEnd":300,"pos":"IN","before":" ","after":" "},{"index":59,"word":"drawing","originalText":"drawing","characterOffsetBegin":301,"characterOffsetEnd":308,"pos":"VBG","before":" ","after":" "},{"index":60,"word":"your","originalText":"your","characterOffsetBegin":309,"characterOffsetEnd":313,"pos":"PRP$","before":" ","after":""},{"index":61,"word":">","originalText":">","characterOffsetBegin":313,"characterOffsetEnd":314,"pos":"JJR","before":"","after":" "},{"index":62,"word":">","originalText":">","characterOffsetBegin":315,"characterOffsetEnd":316,"pos":"JJR","before":" ","after":"   "},{"index":63,"word":"rectangle","originalText":"rectangle","characterOffsetBegin":319,"characterOffsetEnd":328,"pos":"NN","before":"   ","after":""},{"index":64,"word":"?","originalText":"?","characterOffsetBegin":328,"characterOffsetEnd":329,"pos":".","before":"","after":""},{"index":65,"word":">","originalText":">","characterOffsetBegin":329,"characterOffsetEnd":330,"pos":"JJR","before":"","after":" "},{"index":66,"word":">","originalText":">","characterOffsetBegin":331,"characterOffsetEnd":332,"pos":"JJR","before":" ","after":" "}]},{"index":1,"tokens":[{"index":1,"word":"Suppose","originalText":"Suppose","characterOffsetBegin":333,"characterOffsetEnd":340,"pos":"VB","before":" ","after":" "},{"index":2,"word":"you","originalText":"you","characterOffsetBegin":341,"characterOffsetEnd":344,"pos":"PRP","before":" ","after":" "},{"index":3,"word":"have","originalText":"have","characterOffsetBegin":345,"characterOffsetEnd":349,"pos":"VBP","before":" ","after":" "},{"index":4,"word":"an","originalText":"an","characterOffsetBegin":350,"characterOffsetEnd":352,"pos":"DT","before":" ","after":" "},{"index":5,"word":"idle","originalText":"idle","characterOffsetBegin":353,"characterOffsetEnd":357,"pos":"JJ","before":" ","after":" "},{"index":6,"word":"app","originalText":"app","characterOffsetBegin":358,"characterOffsetEnd":361,"pos":"NN","before":" ","after":" "},{"index":7,"word":"with","originalText":"with","characterOffsetBegin":362,"characterOffsetEnd":366,"pos":"IN","before":" ","after":" "},{"index":8,"word":"a","originalText":"a","characterOffsetBegin":367,"characterOffsetEnd":368,"pos":"DT","before":" ","after":" "},{"index":9,"word":"realized","originalText":"realized","characterOffsetBegin":369,"characterOffsetEnd":377,"pos":"VBN","before":" ","after":" "},{"index":10,"word":"and","originalText":"and","characterOffsetBegin":378,"characterOffsetEnd":381,"pos":"CC","before":" ","after":" "},{"index":11,"word":"mapped","originalText":"mapped","characterOffsetBegin":382,"characterOffsetEnd":388,"pos":"VBN","before":" ","after":" "},{"index":12,"word":"Window","originalText":"Window","characterOffsetBegin":389,"characterOffsetEnd":395,"pos":"NNP","before":" ","after":" "},{"index":13,"word":"that","originalText":"that","characterOffsetBegin":396,"characterOffsetEnd":400,"pos":"WDT","before":" ","after":" "},{"index":14,"word":"contains","originalText":"contains","characterOffsetBegin":401,"characterOffsetEnd":409,"pos":"VBZ","before":" ","after":""},{"index":15,"word":">","originalText":">","characterOffsetBegin":409,"characterOffsetEnd":410,"pos":"JJR","before":"","after":" "},{"index":16,"word":"Xlib","originalText":"Xlib","characterOffsetBegin":411,"characterOffsetEnd":415,"pos":"NN","before":" ","after":" "},{"index":17,"word":"graphics","originalText":"graphics","characterOffsetBegin":416,"characterOffsetEnd":424,"pos":"NNS","before":" ","after":""},{"index":18,"word":".","originalText":".","characterOffsetBegin":424,"characterOffsetEnd":425,"pos":".","before":"","after":"  "}]},{"index":2,"tokens":[{"index":1,"word":"A","originalText":"A","characterOffsetBegin":427,"characterOffsetEnd":428,"pos":"DT","before":"  ","after":" "},{"index":2,"word":"button","originalText":"button","characterOffsetBegin":429,"characterOffsetEnd":435,"pos":"NN","before":" ","after":" "},{"index":3,"word":"widget","originalText":"widget","characterOffsetBegin":436,"characterOffsetEnd":442,"pos":"NN","before":" ","after":""},{"index":4,"word":",","originalText":",","characterOffsetBegin":442,"characterOffsetEnd":443,"pos":",","before":"","after":" "},{"index":5,"word":"when","originalText":"when","characterOffsetBegin":444,"characterOffsetEnd":448,"pos":"WRB","before":" ","after":" "},{"index":6,"word":"pressed","originalText":"pressed","characterOffsetBegin":449,"characterOffsetEnd":456,"pos":"VBN","before":" ","after":""},{"index":7,"word":",","originalText":",","characterOffsetBegin":456,"characterOffsetEnd":457,"pos":",","before":"","after":" "},{"index":8,"word":"will","originalText":"will","characterOffsetBegin":458,"characterOffsetEnd":462,"pos":"MD","before":" ","after":" "},{"index":9,"word":"cause","originalText":"cause","characterOffsetBegin":463,"characterOffsetEnd":468,"pos":"VB","before":" ","after":" "},{"index":10,"word":"a","originalText":"a","characterOffsetBegin":469,"characterOffsetEnd":470,"pos":"DT","before":" ","after":" "},{"index":11,"word":"new","originalText":"new","characterOffsetBegin":471,"characterOffsetEnd":474,"pos":"JJ","before":" ","after":" "},{"index":12,"word":"item","originalText":"item","characterOffsetBegin":475,"characterOffsetEnd":479,"pos":"NN","before":" ","after":""},{"index":13,"word":">","originalText":">","characterOffsetBegin":479,"characterOffsetEnd":480,"pos":"JJR","before":"","after":" "},{"index":14,"word":"to","originalText":"to","characterOffsetBegin":481,"characterOffsetEnd":483,"pos":"TO","before":" ","after":" "},{"index":15,"word":"be","originalText":"be","characterOffsetBegin":484,"characterOffsetEnd":486,"pos":"VB","before":" ","after":" "},{"index":16,"word":"drawn","originalText":"drawn","characterOffsetBegin":487,"characterOffsetEnd":492,"pos":"VBN","before":" ","after":" "},{"index":17,"word":"in","originalText":"in","characterOffsetBegin":493,"characterOffsetEnd":495,"pos":"IN","before":" ","after":" "},{"index":18,"word":"the","originalText":"the","characterOffsetBegin":496,"characterOffsetEnd":499,"pos":"DT","before":" ","after":" "},{"index":19,"word":"Window","originalText":"Window","characterOffsetBegin":500,"characterOffsetEnd":506,"pos":"NNP","before":" ","after":""},{"index":20,"word":".","originalText":".","characterOffsetBegin":506,"characterOffsetEnd":507,"pos":".","before":"","after":"  "}]},{"index":3,"tokens":[{"index":1,"word":"This","originalText":"This","characterOffsetBegin":509,"characterOffsetEnd":513,"pos":"DT","before":"  ","after":" "},{"index":2,"word":"action","originalText":"action","characterOffsetBegin":514,"characterOffsetEnd":520,"pos":"NN","before":" ","after":" "},{"index":3,"word":"clearly","originalText":"clearly","characterOffsetBegin":521,"characterOffsetEnd":528,"pos":"RB","before":" ","after":" "},{"index":4,"word":"should","originalText":"should","characterOffsetBegin":529,"characterOffsetEnd":535,"pos":"MD","before":" ","after":" "},{"index":5,"word":"not","originalText":"not","characterOffsetBegin":536,"characterOffsetEnd":539,"pos":"RB","before":" ","after":" "},{"index":6,"word":"call","originalText":"call","characterOffsetBegin":540,"characterOffsetEnd":544,"pos":"VB","before":" ","after":" "},{"index":7,"word":"XCopyArea","originalText":"XCopyArea","characterOffsetBegin":545,"characterOffsetEnd":554,"pos":"NN","before":" ","after":""},{"index":8,"word":"-LRB-","originalText":"(","characterOffsetBegin":554,"characterOffsetEnd":555,"pos":"-LRB-","before":"","after":""},{"index":9,"word":"-RRB-","originalText":")","characterOffsetBegin":555,"characterOffsetEnd":556,"pos":"-RRB-","before":"","after":" "},{"index":10,"word":">","originalText":">","characterOffsetBegin":557,"characterOffsetEnd":558,"pos":"JJR","before":" ","after":" "},{"index":11,"word":"-LRB-","originalText":"(","characterOffsetBegin":559,"characterOffsetEnd":560,"pos":"-LRB-","before":" ","after":""},{"index":12,"word":"or","originalText":"or","characterOffsetBegin":560,"characterOffsetEnd":562,"pos":"CC","before":"","after":" "},{"index":13,"word":"equiv","originalText":"equiv","characterOffsetBegin":563,"characterOffsetEnd":568,"pos":"NN","before":" ","after":""},{"index":14,"word":"-RRB-","originalText":")","characterOffsetBegin":568,"characterOffsetEnd":569,"pos":"-RRB-","before":"","after":" "},{"index":15,"word":"directly","originalText":"directly","characterOffsetBegin":570,"characterOffsetEnd":578,"pos":"RB","before":" ","after":""},{"index":16,"word":";","originalText":";","characterOffsetBegin":578,"characterOffsetEnd":579,"pos":":","before":"","after":" "},{"index":17,"word":"instead","originalText":"instead","characterOffsetBegin":580,"characterOffsetEnd":587,"pos":"RB","before":" ","after":""},{"index":18,"word":",","originalText":",","characterOffsetBegin":587,"characterOffsetEnd":588,"pos":",","before":"","after":" "},{"index":19,"word":"it","originalText":"it","characterOffsetBegin":589,"characterOffsetEnd":591,"pos":"PRP","before":" ","after":" "},{"index":20,"word":"should","originalText":"should","characterOffsetBegin":592,"characterOffsetEnd":598,"pos":"MD","before":" ","after":" "},{"index":21,"word":"register","originalText":"register","characterOffsetBegin":599,"characterOffsetEnd":607,"pos":"VB","before":" ","after":" "},{"index":22,"word":"the","originalText":"the","characterOffsetBegin":608,"characterOffsetEnd":611,"pos":"DT","before":" ","after":" "},{"index":23,"word":"existence","originalText":"existence","characterOffsetBegin":612,"characterOffsetEnd":621,"pos":"NN","before":" ","after":" "},{"index":24,"word":"of","originalText":"of","characterOffsetBegin":622,"characterOffsetEnd":624,"pos":"IN","before":" ","after":" "},{"index":25,"word":"the","originalText":"the","characterOffsetBegin":625,"characterOffsetEnd":628,"pos":"DT","before":" ","after":" "},{"index":26,"word":"new","originalText":"new","characterOffsetBegin":629,"characterOffsetEnd":632,"pos":"JJ","before":" ","after":""},{"index":27,"word":">","originalText":">","characterOffsetBegin":632,"characterOffsetEnd":633,"pos":"JJR","before":"","after":" "},{"index":28,"word":"item","originalText":"item","characterOffsetBegin":634,"characterOffsetEnd":638,"pos":"NN","before":" ","after":" "},{"index":29,"word":"in","originalText":"in","characterOffsetBegin":639,"characterOffsetEnd":641,"pos":"IN","before":" ","after":" "},{"index":30,"word":"a","originalText":"a","characterOffsetBegin":642,"characterOffsetEnd":643,"pos":"DT","before":" ","after":" "},{"index":31,"word":"memory","originalText":"memory","characterOffsetBegin":644,"characterOffsetEnd":650,"pos":"NN","before":" ","after":" "},{"index":32,"word":"structure","originalText":"structure","characterOffsetBegin":651,"characterOffsetEnd":660,"pos":"NN","before":" ","after":" "},{"index":33,"word":"and","originalText":"and","characterOffsetBegin":661,"characterOffsetEnd":664,"pos":"CC","before":" ","after":" "},{"index":34,"word":"let","originalText":"let","characterOffsetBegin":665,"characterOffsetEnd":668,"pos":"VB","before":" ","after":" "},{"index":35,"word":"the","originalText":"the","characterOffsetBegin":669,"characterOffsetEnd":672,"pos":"DT","before":" ","after":" "},{"index":36,"word":"expose","originalText":"expose","characterOffsetBegin":673,"characterOffsetEnd":679,"pos":"VB","before":" ","after":" "},{"index":37,"word":"event","originalText":"event","characterOffsetBegin":680,"characterOffsetEnd":685,"pos":"NN","before":" ","after":" "},{"index":38,"word":"handler","originalText":"handler","characterOffsetBegin":686,"characterOffsetEnd":693,"pos":"NN","before":" ","after":" "},{"index":39,"word":"take","originalText":"take","characterOffsetBegin":694,"characterOffsetEnd":698,"pos":"VBP","before":" ","after":" "},{"index":40,"word":"care","originalText":"care","characterOffsetBegin":699,"characterOffsetEnd":703,"pos":"NN","before":" ","after":""},{"index":41,"word":">","originalText":">","characterOffsetBegin":703,"characterOffsetEnd":704,"pos":"JJR","before":"","after":" "},{"index":42,"word":"of","originalText":"of","characterOffsetBegin":705,"characterOffsetEnd":707,"pos":"IN","before":" ","after":" "},{"index":43,"word":"rendering","originalText":"rendering","characterOffsetBegin":708,"characterOffsetEnd":717,"pos":"VBG","before":" ","after":" "},{"index":44,"word":"the","originalText":"the","characterOffsetBegin":718,"characterOffsetEnd":721,"pos":"DT","before":" ","after":" "},{"index":45,"word":"image","originalText":"image","characterOffsetBegin":722,"characterOffsetEnd":727,"pos":"NN","before":" ","after":" "},{"index":46,"word":"because","originalText":"because","characterOffsetBegin":728,"characterOffsetEnd":735,"pos":"IN","before":" ","after":" "},{"index":47,"word":"at","originalText":"at","characterOffsetBegin":736,"characterOffsetEnd":738,"pos":"IN","before":" ","after":" "},{"index":48,"word":"that","originalText":"that","characterOffsetBegin":739,"characterOffsetEnd":743,"pos":"DT","before":" ","after":" "},{"index":49,"word":"time","originalText":"time","characterOffsetBegin":744,"characterOffsetEnd":748,"pos":"NN","before":" ","after":" "},{"index":50,"word":"it","originalText":"it","characterOffsetBegin":749,"characterOffsetEnd":751,"pos":"PRP","before":" ","after":" "},{"index":51,"word":"is","originalText":"is","characterOffsetBegin":752,"characterOffsetEnd":754,"pos":"VBZ","before":" ","after":" "},{"index":52,"word":"guaranteed","originalText":"guaranteed","characterOffsetBegin":755,"characterOffsetEnd":765,"pos":"VBN","before":" ","after":" "},{"index":53,"word":"that","originalText":"that","characterOffsetBegin":766,"characterOffsetEnd":770,"pos":"IN","before":" ","after":" "},{"index":54,"word":"the","originalText":"the","characterOffsetBegin":771,"characterOffsetEnd":774,"pos":"DT","before":" ","after":""},{"index":55,"word":">","originalText":">","characterOffsetBegin":774,"characterOffsetEnd":775,"pos":"JJR","before":"","after":" "},{"index":56,"word":"Window","originalText":"Window","characterOffsetBegin":776,"characterOffsetEnd":782,"pos":"NN","before":" ","after":" "},{"index":57,"word":"is","originalText":"is","characterOffsetBegin":783,"characterOffsetEnd":785,"pos":"VBZ","before":" ","after":" "},{"index":58,"word":"mapped","originalText":"mapped","characterOffsetBegin":786,"characterOffsetEnd":792,"pos":"VBN","before":" ","after":""},{"index":59,"word":".","originalText":".","characterOffsetBegin":792,"characterOffsetEnd":793,"pos":".","before":"","after":""},{"index":60,"word":">","originalText":">","characterOffsetBegin":793,"characterOffsetEnd":794,"pos":"JJR","before":"","after":" "},{"index":61,"word":">","originalText":">","characterOffsetBegin":795,"characterOffsetEnd":796,"pos":"JJR","before":" ","after":" "}]},{"index":4,"tokens":[{"index":1,"word":"The","originalText":"The","characterOffsetBegin":797,"characterOffsetEnd":800,"pos":"DT","before":" ","after":" "},{"index":2,"word":"problem","originalText":"problem","characterOffsetBegin":801,"characterOffsetEnd":808,"pos":"NN","before":" ","after":""},{"index":3,"word":",","originalText":",","characterOffsetBegin":808,"characterOffsetEnd":809,"pos":",","before":"","after":" "},{"index":4,"word":"of","originalText":"of","characterOffsetBegin":810,"characterOffsetEnd":812,"pos":"IN","before":" ","after":" "},{"index":5,"word":"course","originalText":"course","characterOffsetBegin":813,"characterOffsetEnd":819,"pos":"NN","before":" ","after":""},{"index":6,"word":",","originalText":",","characterOffsetBegin":819,"characterOffsetEnd":820,"pos":",","before":"","after":" "},{"index":7,"word":"is","originalText":"is","characterOffsetBegin":821,"characterOffsetEnd":823,"pos":"VBZ","before":" ","after":" "},{"index":8,"word":"that","originalText":"that","characterOffsetBegin":824,"characterOffsetEnd":828,"pos":"IN","before":" ","after":" "},{"index":9,"word":"no","originalText":"no","characterOffsetBegin":829,"characterOffsetEnd":831,"pos":"DT","before":" ","after":" "},{"index":10,"word":"expose","originalText":"expose","characterOffsetBegin":832,"characterOffsetEnd":838,"pos":"VB","before":" ","after":" "},{"index":11,"word":"event","originalText":"event","characterOffsetBegin":839,"characterOffsetEnd":844,"pos":"NN","before":" ","after":" "},{"index":12,"word":"is","originalText":"is","characterOffsetBegin":845,"characterOffsetEnd":847,"pos":"VBZ","before":" ","after":" "},{"index":13,"word":"generated","originalText":"generated","characterOffsetBegin":848,"characterOffsetEnd":857,"pos":"VBN","before":" ","after":" "},{"index":14,"word":"if","originalText":"if","characterOffsetBegin":858,"characterOffsetEnd":860,"pos":"IN","before":" ","after":" "},{"index":15,"word":"the","originalText":"the","characterOffsetBegin":861,"characterOffsetEnd":864,"pos":"DT","before":" ","after":" "},{"index":16,"word":"window","originalText":"window","characterOffsetBegin":865,"characterOffsetEnd":871,"pos":"NN","before":" ","after":""},{"index":17,"word":">","originalText":">","characterOffsetBegin":871,"characterOffsetEnd":872,"pos":"JJR","before":"","after":" "},{"index":18,"word":"is","originalText":"is","characterOffsetBegin":873,"characterOffsetEnd":875,"pos":"VBZ","before":" ","after":" "},{"index":19,"word":"visible","originalText":"visible","characterOffsetBegin":876,"characterOffsetEnd":883,"pos":"JJ","before":" ","after":" "},{"index":20,"word":"and","originalText":"and","characterOffsetBegin":884,"characterOffsetEnd":887,"pos":"CC","before":" ","after":" "},{"index":21,"word":"mapped","originalText":"mapped","characterOffsetBegin":888,"characterOffsetEnd":894,"pos":"VBN","before":" ","after":""},{"index":22,"word":".","originalText":".","characterOffsetBegin":894,"characterOffsetEnd":895,"pos":".","before":"","after":"  "}]},{"index":5,"tokens":[{"index":1,"word":"Do","originalText":"Do","characterOffsetBegin":897,"characterOffsetEnd":899,"pos":"VB","before":"  ","after":" "},{"index":2,"word":"you","originalText":"you","characterOffsetBegin":900,"characterOffsetEnd":903,"pos":"PRP","before":" ","after":" "},{"index":3,"word":"know","originalText":"know","characterOffsetBegin":904,"characterOffsetEnd":908,"pos":"VB","before":" ","after":" "},{"index":4,"word":"the","originalText":"the","characterOffsetBegin":909,"characterOffsetEnd":912,"pos":"DT","before":" ","after":" "},{"index":5,"word":"best","originalText":"best","characterOffsetBegin":913,"characterOffsetEnd":917,"pos":"JJS","before":" ","after":" "},{"index":6,"word":"way","originalText":"way","characterOffsetBegin":918,"characterOffsetEnd":921,"pos":"NN","before":" ","after":" "},{"index":7,"word":"to","originalText":"to","characterOffsetBegin":922,"characterOffsetEnd":924,"pos":"TO","before":" ","after":" "},{"index":8,"word":"``","originalText":"\"","characterOffsetBegin":925,"characterOffsetEnd":926,"pos":"``","before":" ","after":""},{"index":9,"word":"tickle","originalText":"tickle","characterOffsetBegin":926,"characterOffsetEnd":932,"pos":"VB","before":"","after":""},{"index":10,"word":"''","originalText":"\"","characterOffsetBegin":932,"characterOffsetEnd":933,"pos":"''","before":"","after":" "},{"index":11,"word":"a","originalText":"a","characterOffsetBegin":934,"characterOffsetEnd":935,"pos":"DT","before":" ","after":" "},{"index":12,"word":"window","originalText":"window","characterOffsetBegin":936,"characterOffsetEnd":942,"pos":"NN","before":" ","after":" "},{"index":13,"word":"so","originalText":"so","characterOffsetBegin":943,"characterOffsetEnd":945,"pos":"RB","before":" ","after":""},{"index":14,"word":">","originalText":">","characterOffsetBegin":945,"characterOffsetEnd":946,"pos":"JJR","before":"","after":" "},{"index":15,"word":"that","originalText":"that","characterOffsetBegin":947,"characterOffsetEnd":951,"pos":"IN","before":" ","after":" "},{"index":16,"word":"the","originalText":"the","characterOffsetBegin":952,"characterOffsetEnd":955,"pos":"DT","before":" ","after":" "},{"index":17,"word":"expose","originalText":"expose","characterOffsetBegin":956,"characterOffsetEnd":962,"pos":"VB","before":" ","after":" "},{"index":18,"word":"event","originalText":"event","characterOffsetBegin":963,"characterOffsetEnd":968,"pos":"NN","before":" ","after":" "},{"index":19,"word":"handler","originalText":"handler","characterOffsetBegin":969,"characterOffsetEnd":976,"pos":"NN","before":" ","after":" "},{"index":20,"word":"will","originalText":"will","characterOffsetBegin":977,"characterOffsetEnd":981,"pos":"MD","before":" ","after":" "},{"index":21,"word":"be","originalText":"be","characterOffsetBegin":982,"characterOffsetEnd":984,"pos":"VB","before":" ","after":" "},{"index":22,"word":"invoked","originalText":"invoked","characterOffsetBegin":985,"characterOffsetEnd":992,"pos":"VBN","before":" ","after":" "},{"index":23,"word":"to","originalText":"to","characterOffsetBegin":993,"characterOffsetEnd":995,"pos":"TO","before":" ","after":" "},{"index":24,"word":"draw","originalText":"draw","characterOffsetBegin":996,"characterOffsetEnd":1000,"pos":"VB","before":" ","after":" "},{"index":25,"word":"this","originalText":"this","characterOffsetBegin":1001,"characterOffsetEnd":1005,"pos":"DT","before":" ","after":" "},{"index":26,"word":"new","originalText":"new","characterOffsetBegin":1006,"characterOffsetEnd":1009,"pos":"JJ","before":" ","after":" "},{"index":27,"word":"item?I","originalText":"item?I","characterOffsetBegin":1010,"characterOffsetEnd":1016,"pos":"NNP","before":" ","after":" "},{"index":28,"word":"specifically","originalText":"specifically","characterOffsetBegin":1017,"characterOffsetEnd":1029,"pos":"RB","before":" ","after":" "},{"index":29,"word":"made","originalText":"made","characterOffsetBegin":1030,"characterOffsetEnd":1034,"pos":"VBD","before":" ","after":" "},{"index":30,"word":"the","originalText":"the","characterOffsetBegin":1035,"characterOffsetEnd":1038,"pos":"DT","before":" ","after":" "},{"index":31,"word":"above","originalText":"above","characterOffsetBegin":1039,"characterOffsetEnd":1044,"pos":"JJ","before":" ","after":" "},{"index":32,"word":"comment","originalText":"comment","characterOffsetBegin":1045,"characterOffsetEnd":1052,"pos":"NN","before":" ","after":" "},{"index":33,"word":"assuming","originalText":"assuming","characterOffsetBegin":1053,"characterOffsetEnd":1061,"pos":"VBG","before":" ","after":" "},{"index":34,"word":"that","originalText":"that","characterOffsetBegin":1062,"characterOffsetEnd":1066,"pos":"IN","before":" ","after":" "},{"index":35,"word":"perhaps","originalText":"perhaps","characterOffsetBegin":1067,"characterOffsetEnd":1074,"pos":"RB","before":" ","after":" "},{"index":36,"word":"the","originalText":"the","characterOffsetBegin":1075,"characterOffsetEnd":1078,"pos":"DT","before":" ","after":" "},{"index":37,"word":"code","originalText":"code","characterOffsetBegin":1079,"characterOffsetEnd":1083,"pos":"NN","before":" ","after":" "},{"index":38,"word":"fragmentcame","originalText":"fragmentcame","characterOffsetBegin":1084,"characterOffsetEnd":1096,"pos":"NN","before":" ","after":" "},{"index":39,"word":"from","originalText":"from","characterOffsetBegin":1097,"characterOffsetEnd":1101,"pos":"IN","before":" ","after":" "},{"index":40,"word":"a","originalText":"a","characterOffsetBegin":1102,"characterOffsetEnd":1103,"pos":"DT","before":" ","after":" "},{"index":41,"word":"simple","originalText":"simple","characterOffsetBegin":1104,"characterOffsetEnd":1110,"pos":"JJ","before":" ","after":" "},{"index":42,"word":"``","originalText":"\"","characterOffsetBegin":1111,"characterOffsetEnd":1112,"pos":"``","before":" ","after":""},{"index":43,"word":"open-draw-quit","originalText":"open-draw-quit","characterOffsetBegin":1112,"characterOffsetEnd":1126,"pos":"NN","before":"","after":""},{"index":44,"word":"''","originalText":"\"","characterOffsetBegin":1126,"characterOffsetEnd":1127,"pos":"''","before":"","after":" "},{"index":45,"word":"client","originalText":"client","characterOffsetBegin":1128,"characterOffsetEnd":1134,"pos":"NN","before":" ","after":""},{"index":46,"word":".","originalText":".","characterOffsetBegin":1134,"characterOffsetEnd":1135,"pos":".","before":"","after":"  "}]},{"index":6,"tokens":[{"index":1,"word":"As","originalText":"As","characterOffsetBegin":1137,"characterOffsetEnd":1139,"pos":"IN","before":"  ","after":" "},{"index":2,"word":"per","originalText":"per","characterOffsetBegin":1140,"characterOffsetEnd":1143,"pos":"IN","before":" ","after":" "},{"index":3,"word":"your","originalText":"your","characterOffsetBegin":1144,"characterOffsetEnd":1148,"pos":"PRP$","before":" ","after":" "},{"index":4,"word":"question","originalText":"question","characterOffsetBegin":1149,"characterOffsetEnd":1157,"pos":"NN","before":" ","after":""},{"index":5,"word":":","originalText":":","characterOffsetBegin":1157,"characterOffsetEnd":1158,"pos":":","before":"","after":" "},{"index":6,"word":"why","originalText":"why","characterOffsetBegin":1159,"characterOffsetEnd":1162,"pos":"WRB","before":" ","after":" "},{"index":7,"word":"not","originalText":"not","characterOffsetBegin":1163,"characterOffsetEnd":1166,"pos":"RB","before":" ","after":" "},{"index":8,"word":"have","originalText":"have","characterOffsetBegin":1167,"characterOffsetEnd":1171,"pos":"VB","before":" ","after":" "},{"index":9,"word":"the","originalText":"the","characterOffsetBegin":1172,"characterOffsetEnd":1175,"pos":"DT","before":" ","after":" "},{"index":10,"word":"button","originalText":"button","characterOffsetBegin":1176,"characterOffsetEnd":1182,"pos":"NN","before":" ","after":" "},{"index":11,"word":"handler","originalText":"handler","characterOffsetBegin":1183,"characterOffsetEnd":1190,"pos":"NN","before":" ","after":" "},{"index":12,"word":"add","originalText":"add","characterOffsetBegin":1191,"characterOffsetEnd":1194,"pos":"VBP","before":" ","after":" "},{"index":13,"word":"the","originalText":"the","characterOffsetBegin":1195,"characterOffsetEnd":1198,"pos":"DT","before":" ","after":" "},{"index":14,"word":"object","originalText":"object","characterOffsetBegin":1199,"characterOffsetEnd":1205,"pos":"NN","before":" ","after":""},{"index":15,"word":",","originalText":",","characterOffsetBegin":1205,"characterOffsetEnd":1206,"pos":",","before":"","after":" "},{"index":16,"word":"andthen","originalText":"andthen","characterOffsetBegin":1207,"characterOffsetEnd":1214,"pos":"NN","before":" ","after":" "},{"index":17,"word":"call","originalText":"call","characterOffsetBegin":1215,"characterOffsetEnd":1219,"pos":"VB","before":" ","after":" "},{"index":18,"word":"the","originalText":"the","characterOffsetBegin":1220,"characterOffsetEnd":1223,"pos":"DT","before":" ","after":" "},{"index":19,"word":"``","originalText":"\"","characterOffsetBegin":1224,"characterOffsetEnd":1225,"pos":"``","before":" ","after":""},{"index":20,"word":"window_redraw","originalText":"window_redraw","characterOffsetBegin":1225,"characterOffsetEnd":1238,"pos":"NN","before":"","after":""},{"index":21,"word":"-LRB-","originalText":"(","characterOffsetBegin":1238,"characterOffsetEnd":1239,"pos":"-LRB-","before":"","after":""},{"index":22,"word":"-RRB-","originalText":")","characterOffsetBegin":1239,"characterOffsetEnd":1240,"pos":"-RRB-","before":"","after":""},{"index":23,"word":"''","originalText":"\"","characterOffsetBegin":1240,"characterOffsetEnd":1241,"pos":"''","before":"","after":" "},{"index":24,"word":"-LRB-","originalText":"(","characterOffsetBegin":1242,"characterOffsetEnd":1243,"pos":"-LRB-","before":" ","after":""},{"index":25,"word":"or","originalText":"or","characterOffsetBegin":1243,"characterOffsetEnd":1245,"pos":"CC","before":"","after":" "},{"index":26,"word":"whatever","originalText":"whatever","characterOffsetBegin":1246,"characterOffsetEnd":1254,"pos":"WDT","before":" ","after":""},{"index":27,"word":"-RRB-","originalText":")","characterOffsetBegin":1254,"characterOffsetEnd":1255,"pos":"-RRB-","before":"","after":" "},{"index":28,"word":"directly","originalText":"directly","characterOffsetBegin":1256,"characterOffsetEnd":1264,"pos":"RB","before":" ","after":""},{"index":29,"word":"?","originalText":"?","characterOffsetBegin":1264,"characterOffsetEnd":1265,"pos":".","before":"","after":"  "}]},{"index":7,"tokens":[{"index":1,"word":"Although","originalText":"Although","characterOffsetBegin":1267,"characterOffsetEnd":1275,"pos":"IN","before":"  ","after":""},{"index":2,"word":",","originalText":",","characterOffsetBegin":1275,"characterOffsetEnd":1276,"pos":",","before":"","after":" "},{"index":3,"word":"dependingon","originalText":"dependingon","characterOffsetBegin":1277,"characterOffsetEnd":1288,"pos":"VB","before":" ","after":" "},{"index":4,"word":"how","originalText":"how","characterOffsetBegin":1289,"characterOffsetEnd":1292,"pos":"WRB","before":" ","after":" "},{"index":5,"word":"the","originalText":"the","characterOffsetBegin":1293,"characterOffsetEnd":1296,"pos":"DT","before":" ","after":" "},{"index":6,"word":"overall","originalText":"overall","characterOffsetBegin":1297,"characterOffsetEnd":1304,"pos":"JJ","before":" ","after":" "},{"index":7,"word":"application","originalText":"application","characterOffsetBegin":1305,"characterOffsetEnd":1316,"pos":"NN","before":" ","after":" "},{"index":8,"word":"is","originalText":"is","characterOffsetBegin":1317,"characterOffsetEnd":1319,"pos":"VBZ","before":" ","after":" "},{"index":9,"word":"structured","originalText":"structured","characterOffsetBegin":1320,"characterOffsetEnd":1330,"pos":"VBN","before":" ","after":""},{"index":10,"word":",","originalText":",","characterOffsetBegin":1330,"characterOffsetEnd":1331,"pos":",","before":"","after":" "},{"index":11,"word":"there","originalText":"there","characterOffsetBegin":1332,"characterOffsetEnd":1337,"pos":"EX","before":" ","after":" "},{"index":12,"word":"may","originalText":"may","characterOffsetBegin":1338,"characterOffsetEnd":1341,"pos":"MD","before":" ","after":" "},{"index":13,"word":"be","originalText":"be","characterOffsetBegin":1342,"characterOffsetEnd":1344,"pos":"VB","before":" ","after":" "},{"index":14,"word":"no","originalText":"no","characterOffsetBegin":1345,"characterOffsetEnd":1347,"pos":"DT","before":" ","after":" "},{"index":15,"word":"problem","originalText":"problem","characterOffsetBegin":1348,"characterOffsetEnd":1355,"pos":"NN","before":" ","after":" "},{"index":16,"word":"withrendering","originalText":"withrendering","characterOffsetBegin":1356,"characterOffsetEnd":1369,"pos":"VBG","before":" ","after":" "},{"index":17,"word":"the","originalText":"the","characterOffsetBegin":1370,"characterOffsetEnd":1373,"pos":"DT","before":" ","after":" "},{"index":18,"word":"object","originalText":"object","characterOffsetBegin":1374,"characterOffsetEnd":1380,"pos":"NN","before":" ","after":" "},{"index":19,"word":"directly","originalText":"directly","characterOffsetBegin":1381,"characterOffsetEnd":1389,"pos":"RB","before":" ","after":" "},{"index":20,"word":"in","originalText":"in","characterOffsetBegin":1390,"characterOffsetEnd":1392,"pos":"IN","before":" ","after":" "},{"index":21,"word":"response","originalText":"response","characterOffsetBegin":1393,"characterOffsetEnd":1401,"pos":"NN","before":" ","after":" "},{"index":22,"word":"to","originalText":"to","characterOffsetBegin":1402,"characterOffsetEnd":1404,"pos":"TO","before":" ","after":" "},{"index":23,"word":"the","originalText":"the","characterOffsetBegin":1405,"characterOffsetEnd":1408,"pos":"DT","before":" ","after":" "},{"index":24,"word":"button","originalText":"button","characterOffsetBegin":1409,"characterOffsetEnd":1415,"pos":"NN","before":" ","after":" "},{"index":25,"word":"press","originalText":"press","characterOffsetBegin":1416,"characterOffsetEnd":1421,"pos":"NN","before":" ","after":""},{"index":26,"word":".","originalText":".","characterOffsetBegin":1421,"characterOffsetEnd":1422,"pos":".","before":"","after":"\t"}]},{"index":8,"tokens":[{"index":1,"word":"Ken","originalText":"Ken","characterOffsetBegin":1423,"characterOffsetEnd":1426,"pos":"NNP","before":"\t","after":""},{"index":2,"word":"--","originalText":"--","characterOffsetBegin":1426,"characterOffsetEnd":1428,"pos":":","before":"","after":""},{"index":3,"word":"Kenneth","originalText":"Kenneth","characterOffsetBegin":1428,"characterOffsetEnd":1435,"pos":"NNP","before":"","after":" "},{"index":4,"word":"Whaley","originalText":"Whaley","characterOffsetBegin":1436,"characterOffsetEnd":1442,"pos":"NNP","before":" ","after":"\t\t\t "},{"index":5,"word":"-LRB-408-RRB- 748-6347","originalText":"(408) 748-6347","characterOffsetBegin":1446,"characterOffsetEnd":1460,"pos":"NNP","before":"\t\t\t ","after":""},{"index":6,"word":"Kubota","originalText":"Kubota","characterOffsetBegin":1460,"characterOffsetEnd":1466,"pos":"NNP","before":"","after":" "},{"index":7,"word":"Pacific","originalText":"Pacific","characterOffsetBegin":1467,"characterOffsetEnd":1474,"pos":"NNP","before":" ","after":" "},{"index":8,"word":"Computer","originalText":"Computer","characterOffsetBegin":1475,"characterOffsetEnd":1483,"pos":"NNP","before":" ","after":""},{"index":9,"word":",","originalText":",","characterOffsetBegin":1483,"characterOffsetEnd":1484,"pos":",","before":"","after":" "},{"index":10,"word":"Inc.","originalText":"Inc","characterOffsetBegin":1485,"characterOffsetEnd":1488,"pos":"NNP","before":" ","after":""},{"index":11,"word":".","originalText":".","characterOffsetBegin":1488,"characterOffsetEnd":1489,"pos":".","before":"","after":"\t "}]},{"index":9,"tokens":[{"index":1,"word":"Email","originalText":"Email","characterOffsetBegin":1491,"characterOffsetEnd":1496,"pos":"VB","before":"\t ","after":""},{"index":2,"word":":","originalText":":","characterOffsetBegin":1496,"characterOffsetEnd":1497,"pos":":","before":"","after":" "},{"index":3,"word":"whaley@kpc.com2630","originalText":"whaley@kpc.com2630","characterOffsetBegin":1498,"characterOffsetEnd":1516,"pos":"NN","before":" ","after":" "},{"index":4,"word":"Walsh","originalText":"Walsh","characterOffsetBegin":1517,"characterOffsetEnd":1522,"pos":"NNP","before":" ","after":" "},{"index":5,"word":"AvenueSanta","originalText":"AvenueSanta","characterOffsetBegin":1523,"characterOffsetEnd":1534,"pos":"NNP","before":" ","after":" "},{"index":6,"word":"Clara","originalText":"Clara","characterOffsetBegin":1535,"characterOffsetEnd":1540,"pos":"NNP","before":" ","after":""},{"index":7,"word":",","originalText":",","characterOffsetBegin":1540,"characterOffsetEnd":1541,"pos":",","before":"","after":" "},{"index":8,"word":"CA","originalText":"CA","characterOffsetBegin":1542,"characterOffsetEnd":1544,"pos":"NNP","before":" ","after":""},{"index":9,"word":".","originalText":".","characterOffsetBegin":1544,"characterOffsetEnd":1545,"pos":".","before":"","after":"  "}]},{"index":10,"tokens":[{"index":1,"word":"95051","originalText":"95051","characterOffsetBegin":1547,"characterOffsetEnd":1552,"pos":"CD","before":"  ","after":""}]}]}