{"sentences":[{"index":0,"tokens":[{"index":1,"word":"From","originalText":"From","characterOffsetBegin":0,"characterOffsetEnd":4,"pos":"IN","before":"","after":""},{"index":2,"word":":","originalText":":","characterOffsetBegin":4,"characterOffsetEnd":5,"pos":":","before":"","after":" "},{"index":3,"word":"tom@DONT_USE.NETcom.COM","originalText":"tom@DONT_USE.NETcom.COM","characterOffsetBegin":6,"characterOffsetEnd":29,"pos":"NN","before":" ","after":" "},{"index":4,"word":"-LRB-","originalText":"(","characterOffsetBegin":30,"characterOffsetEnd":31,"pos":"-LRB-","before":" ","after":""},{"index":5,"word":"Thomas","originalText":"Thomas","characterOffsetBegin":31,"characterOffsetEnd":37,"pos":"NNP","before":"","after":" "},{"index":6,"word":"Tulinsky","originalText":"Tulinsky","characterOffsetBegin":38,"characterOffsetEnd":46,"pos":"NNP","before":" ","after":""},{"index":7,"word":"-RRB-","originalText":")","characterOffsetBegin":46,"characterOffsetEnd":47,"pos":"-RRB-","before":"","after":""},{"index":8,"word":"Subject","originalText":"Subject","characterOffsetBegin":47,"characterOffsetEnd":54,"pos":"NNP","before":"","after":""},{"index":9,"word":":","originalText":":","characterOffsetBegin":54,"characterOffsetEnd":55,"pos":":","before":"","after":" "},{"index":10,"word":"Wcl","originalText":"Wcl","characterOffsetBegin":56,"characterOffsetEnd":59,"pos":"NNP","before":" ","after":" "},{"index":11,"word":"for","originalText":"for","characterOffsetBegin":60,"characterOffsetEnd":63,"pos":"IN","before":" ","after":" "},{"index":12,"word":"Solaris","originalText":"Solaris","characterOffsetBegin":64,"characterOffsetEnd":71,"pos":"NNP","before":" ","after":" "},{"index":13,"word":"2","originalText":"2","characterOffsetBegin":72,"characterOffsetEnd":73,"pos":"CD","before":" ","after":""},{"index":14,"word":"?","originalText":"?","characterOffsetBegin":73,"characterOffsetEnd":74,"pos":".","before":"","after":""}]},{"index":1,"tokens":[{"index":1,"word":"Is","originalText":"Is","characterOffsetBegin":74,"characterOffsetEnd":76,"pos":"VBZ","before":"","after":" "},{"index":2,"word":"there","originalText":"there","characterOffsetBegin":77,"characterOffsetEnd":82,"pos":"EX","before":" ","after":" "},{"index":3,"word":"a","originalText":"a","characterOffsetBegin":83,"characterOffsetEnd":84,"pos":"DT","before":" ","after":" "},{"index":4,"word":"version","originalText":"version","characterOffsetBegin":85,"characterOffsetEnd":92,"pos":"NN","before":" ","after":" "},{"index":5,"word":"of","originalText":"of","characterOffsetBegin":93,"characterOffsetEnd":95,"pos":"IN","before":" ","after":" "},{"index":6,"word":"Wcl","originalText":"Wcl","characterOffsetBegin":96,"characterOffsetEnd":99,"pos":"NNP","before":" ","after":" "},{"index":7,"word":"that","originalText":"that","characterOffsetBegin":100,"characterOffsetEnd":104,"pos":"WDT","before":" ","after":" "},{"index":8,"word":"has","originalText":"has","characterOffsetBegin":105,"characterOffsetEnd":108,"pos":"VBZ","before":" ","after":" "},{"index":9,"word":"been","originalText":"been","characterOffsetBegin":109,"characterOffsetEnd":113,"pos":"VBN","before":" ","after":" "},{"index":10,"word":"ported","originalText":"ported","characterOffsetBegin":114,"characterOffsetEnd":120,"pos":"VBN","before":" ","after":" "},{"index":11,"word":"to","originalText":"to","characterOffsetBegin":121,"characterOffsetEnd":123,"pos":"TO","before":" ","after":" "},{"index":12,"word":"Solaris","originalText":"Solaris","characterOffsetBegin":124,"characterOffsetEnd":131,"pos":"NNP","before":" ","after":" "},{"index":13,"word":"2","originalText":"2","characterOffsetBegin":132,"characterOffsetEnd":133,"pos":"CD","before":" ","after":""},{"index":14,"word":",","originalText":",","characterOffsetBegin":133,"characterOffsetEnd":134,"pos":",","before":"","after":" "},{"index":15,"word":"includingANSI","originalText":"includingANSI","characterOffsetBegin":135,"characterOffsetEnd":148,"pos":"NN","before":" ","after":" "},{"index":16,"word":"C","originalText":"C","characterOffsetBegin":149,"characterOffsetEnd":150,"pos":"NN","before":" ","after":""},{"index":17,"word":"?","originalText":"?","characterOffsetBegin":150,"characterOffsetEnd":151,"pos":".","before":"","after":" "}]},{"index":2,"tokens":[{"index":1,"word":"I","originalText":"I","characterOffsetBegin":152,"characterOffsetEnd":153,"pos":"PRP","before":" ","after":" "},{"index":2,"word":"had","originalText":"had","characterOffsetBegin":154,"characterOffsetEnd":157,"pos":"VBD","before":" ","after":" "},{"index":3,"word":"numerous","originalText":"numerous","characterOffsetBegin":158,"characterOffsetEnd":166,"pos":"JJ","before":" ","after":" "},{"index":4,"word":"problems","originalText":"problems","characterOffsetBegin":167,"characterOffsetEnd":175,"pos":"NNS","before":" ","after":" "},{"index":5,"word":"trying","originalText":"trying","characterOffsetBegin":176,"characterOffsetEnd":182,"pos":"VBG","before":" ","after":" "},{"index":6,"word":"to","originalText":"to","characterOffsetBegin":183,"characterOffsetEnd":185,"pos":"TO","before":" ","after":" "},{"index":7,"word":"compile","originalText":"compile","characterOffsetBegin":186,"characterOffsetEnd":193,"pos":"VB","before":" ","after":" "},{"index":8,"word":"Wcl","originalText":"Wcl","characterOffsetBegin":194,"characterOffsetEnd":197,"pos":"NNP","before":" ","after":" "},{"index":9,"word":"under","originalText":"under","characterOffsetBegin":198,"characterOffsetEnd":203,"pos":"IN","before":" ","after":" "},{"index":10,"word":"Solaris","originalText":"Solaris","characterOffsetBegin":204,"characterOffsetEnd":211,"pos":"NNP","before":" ","after":""},{"index":11,"word":",","originalText":",","characterOffsetBegin":211,"characterOffsetEnd":212,"pos":",","before":"","after":" "},{"index":12,"word":"and","originalText":"and","characterOffsetBegin":213,"characterOffsetEnd":216,"pos":"CC","before":" ","after":" "},{"index":13,"word":"the","originalText":"the","characterOffsetBegin":217,"characterOffsetEnd":220,"pos":"DT","before":" ","after":" "},{"index":14,"word":"functions","originalText":"functions","characterOffsetBegin":221,"characterOffsetEnd":230,"pos":"NNS","before":" ","after":" "},{"index":15,"word":"do","originalText":"do","characterOffsetBegin":231,"characterOffsetEnd":233,"pos":"VBP","before":" ","after":" "},{"index":16,"word":"not","originalText":"not","characterOffsetBegin":234,"characterOffsetEnd":237,"pos":"RB","before":" ","after":" "},{"index":17,"word":"have","originalText":"have","characterOffsetBegin":238,"characterOffsetEnd":242,"pos":"VB","before":" ","after":" "},{"index":18,"word":"prototypes","originalText":"prototypes","characterOffsetBegin":243,"characterOffsetEnd":253,"pos":"NNS","before":" ","after":""},{"index":19,"word":".","originalText":".","characterOffsetBegin":253,"characterOffsetEnd":254,"pos":".","before":"","after":"  "}]},{"index":3,"tokens":[{"index":1,"word":"I","originalText":"I","characterOffsetBegin":256,"characterOffsetEnd":257,"pos":"PRP","before":"  ","after":" "},{"index":2,"word":"have","originalText":"have","characterOffsetBegin":258,"characterOffsetEnd":262,"pos":"VBP","before":" ","after":" "},{"index":3,"word":"Wcl","originalText":"Wcl","characterOffsetBegin":263,"characterOffsetEnd":266,"pos":"NNP","before":" ","after":" "},{"index":4,"word":"2.01","originalText":"2.01","characterOffsetBegin":267,"characterOffsetEnd":271,"pos":"CD","before":" ","after":" "},{"index":5,"word":"from","originalText":"from","characterOffsetBegin":272,"characterOffsetEnd":276,"pos":"IN","before":" ","after":" "},{"index":6,"word":"the","originalText":"the","characterOffsetBegin":277,"characterOffsetEnd":280,"pos":"DT","before":" ","after":" "},{"index":7,"word":"Sun","originalText":"Sun","characterOffsetBegin":281,"characterOffsetEnd":284,"pos":"NNP","before":" ","after":" "},{"index":8,"word":"User","originalText":"User","characterOffsetBegin":285,"characterOffsetEnd":289,"pos":"NN","before":" ","after":" "},{"index":9,"word":"Group","originalText":"Group","characterOffsetBegin":290,"characterOffsetEnd":295,"pos":"NNP","before":" ","after":""},{"index":10,"word":"'s","originalText":"'s","characterOffsetBegin":295,"characterOffsetEnd":297,"pos":"POS","before":"","after":" "},{"index":11,"word":"1992","originalText":"1992","characterOffsetBegin":298,"characterOffsetEnd":302,"pos":"CD","before":" ","after":" "},{"index":12,"word":"CDs.Please","originalText":"CDs.Please","characterOffsetBegin":303,"characterOffsetEnd":313,"pos":"NN","before":" ","after":" "},{"index":13,"word":"email","originalText":"email","characterOffsetBegin":314,"characterOffsetEnd":319,"pos":"NN","before":" ","after":" "},{"index":14,"word":"answers","originalText":"answers","characterOffsetBegin":320,"characterOffsetEnd":327,"pos":"NNS","before":" ","after":" "},{"index":15,"word":"as","originalText":"as","characterOffsetBegin":328,"characterOffsetEnd":330,"pos":"IN","before":" ","after":" "},{"index":16,"word":"I","originalText":"I","characterOffsetBegin":331,"characterOffsetEnd":332,"pos":"PRP","before":" ","after":" "},{"index":17,"word":"am","originalText":"am","characterOffsetBegin":333,"characterOffsetEnd":335,"pos":"VBP","before":" ","after":" "},{"index":18,"word":"not","originalText":"not","characterOffsetBegin":336,"characterOffsetEnd":339,"pos":"RB","before":" ","after":" "},{"index":19,"word":"on","originalText":"on","characterOffsetBegin":340,"characterOffsetEnd":342,"pos":"IN","before":" ","after":" "},{"index":20,"word":"this","originalText":"this","characterOffsetBegin":343,"characterOffsetEnd":347,"pos":"DT","before":" ","after":" "},{"index":21,"word":"list","originalText":"list","characterOffsetBegin":348,"characterOffsetEnd":352,"pos":"NN","before":" ","after":""},{"index":22,"word":".","originalText":".","characterOffsetBegin":352,"characterOffsetEnd":353,"pos":".","before":"","after":""}]},{"index":4,"tokens":[{"index":1,"word":"----------------------------------------------------------------------------","originalText":"----------------------------------------------------------------------------","characterOffsetBegin":353,"characterOffsetEnd":429,"pos":"CD","before":"","after":""},{"index":2,"word":"Tom","originalText":"Tom","characterOffsetBegin":429,"characterOffsetEnd":432,"pos":"NNP","before":"","after":" "},{"index":3,"word":"Tulinsky","originalText":"Tulinsky","characterOffsetBegin":433,"characterOffsetEnd":441,"pos":"NNP","before":" ","after":"\t\t"},{"index":4,"word":"Capital","originalText":"Capital","characterOffsetBegin":443,"characterOffsetEnd":450,"pos":"NNP","before":"\t\t","after":" "},{"index":5,"word":"Management","originalText":"Management","characterOffsetBegin":451,"characterOffsetEnd":461,"pos":"NNP","before":" ","after":" "},{"index":6,"word":"Sciences","originalText":"Sciences","characterOffsetBegin":462,"characterOffsetEnd":470,"pos":"NNP","before":" ","after":"\t    "},{"index":7,"word":"West","originalText":"West","characterOffsetBegin":475,"characterOffsetEnd":479,"pos":"NNP","before":"\t    ","after":" "},{"index":8,"word":"Los","originalText":"Los","characterOffsetBegin":480,"characterOffsetEnd":483,"pos":"NNP","before":" ","after":" "},{"index":9,"word":"Angeles","originalText":"Angeles","characterOffsetBegin":484,"characterOffsetEnd":491,"pos":"NNP","before":" ","after":"\t\t\t        "},{"index":10,"word":"310 479 9715","originalText":"310 479 9715","characterOffsetBegin":502,"characterOffsetEnd":514,"pos":"CD","before":"\t\t\t        ","after":""},{"index":11,"word":"MANUALLY","originalText":"MANUALLY","characterOffsetBegin":514,"characterOffsetEnd":522,"pos":"RB","before":"","after":" "},{"index":12,"word":"ADDRESS","originalText":"ADDRESS","characterOffsetBegin":523,"characterOffsetEnd":530,"pos":"NN","before":" ","after":" "},{"index":13,"word":"answers","originalText":"answers","characterOffsetBegin":531,"characterOffsetEnd":538,"pos":"NNS","before":" ","after":" "},{"index":14,"word":"to","originalText":"to","characterOffsetBegin":539,"characterOffsetEnd":541,"pos":"TO","before":" ","after":""},{"index":15,"word":":","originalText":":","characterOffsetBegin":541,"characterOffsetEnd":542,"pos":":","before":"","after":"\t"},{"index":16,"word":"zuma!tom@netcomsv.netcom.com","originalText":"zuma!tom@netcomsv.netcom.com","characterOffsetBegin":543,"characterOffsetEnd":571,"pos":"NN","before":"\t","after":""}]}]}