{"sentences":[{"index":0,"tokens":[{"index":1,"word":"From","originalText":"From","characterOffsetBegin":0,"characterOffsetEnd":4,"pos":"IN","before":"","after":""},{"index":2,"word":":","originalText":":","characterOffsetBegin":4,"characterOffsetEnd":5,"pos":":","before":"","after":" "},{"index":3,"word":"dale@wente.llnl.gov","originalText":"dale@wente.llnl.gov","characterOffsetBegin":6,"characterOffsetEnd":25,"pos":"NN","before":" ","after":" "},{"index":4,"word":"-LRB-","originalText":"(","characterOffsetBegin":26,"characterOffsetEnd":27,"pos":"-LRB-","before":" ","after":""},{"index":5,"word":"Dale","originalText":"Dale","characterOffsetBegin":27,"characterOffsetEnd":31,"pos":"NNP","before":"","after":" "},{"index":6,"word":"M.","originalText":"M.","characterOffsetBegin":32,"characterOffsetEnd":34,"pos":"NNP","before":" ","after":" "},{"index":7,"word":"Slone","originalText":"Slone","characterOffsetBegin":35,"characterOffsetEnd":40,"pos":"NNP","before":" ","after":""},{"index":8,"word":"-RRB-","originalText":")","characterOffsetBegin":40,"characterOffsetEnd":41,"pos":"-RRB-","before":"","after":""},{"index":9,"word":"Subject","originalText":"Subject","characterOffsetBegin":41,"characterOffsetEnd":48,"pos":"NNP","before":"","after":""},{"index":10,"word":":","originalText":":","characterOffsetBegin":48,"characterOffsetEnd":49,"pos":":","before":"","after":" "},{"index":11,"word":"xlockI","originalText":"xlockI","characterOffsetBegin":50,"characterOffsetEnd":56,"pos":"NNP","before":" ","after":" "},{"index":12,"word":"found","originalText":"found","characterOffsetBegin":57,"characterOffsetEnd":62,"pos":"VBD","before":" ","after":" "},{"index":13,"word":"an","originalText":"an","characterOffsetBegin":63,"characterOffsetEnd":65,"pos":"DT","before":" ","after":" "},{"index":14,"word":"oddity","originalText":"oddity","characterOffsetBegin":66,"characterOffsetEnd":72,"pos":"NN","before":" ","after":" "},{"index":15,"word":"with","originalText":"with","characterOffsetBegin":73,"characterOffsetEnd":77,"pos":"IN","before":" ","after":" "},{"index":16,"word":"our","originalText":"our","characterOffsetBegin":78,"characterOffsetEnd":81,"pos":"PRP$","before":" ","after":" "},{"index":17,"word":"SGI","originalText":"SGI","characterOffsetBegin":82,"characterOffsetEnd":85,"pos":"NNP","before":" ","after":" "},{"index":18,"word":"Indigo","originalText":"Indigo","characterOffsetBegin":86,"characterOffsetEnd":92,"pos":"NNP","before":" ","after":" "},{"index":19,"word":"-LRB-","originalText":"(","characterOffsetBegin":93,"characterOffsetEnd":94,"pos":"-LRB-","before":" ","after":""},{"index":20,"word":"MIPS","originalText":"MIPS","characterOffsetBegin":94,"characterOffsetEnd":98,"pos":"NNP","before":"","after":" "},{"index":21,"word":"R3000","originalText":"R3000","characterOffsetBegin":99,"characterOffsetEnd":104,"pos":"NNP","before":" ","after":" "},{"index":22,"word":"chip","originalText":"chip","characterOffsetBegin":105,"characterOffsetEnd":109,"pos":"NN","before":" ","after":""},{"index":23,"word":"-RRB-","originalText":")","characterOffsetBegin":109,"characterOffsetEnd":110,"pos":"-RRB-","before":"","after":""},{"index":24,"word":".","originalText":".","characterOffsetBegin":110,"characterOffsetEnd":111,"pos":".","before":"","after":""}]},{"index":1,"tokens":[{"index":1,"word":"When","originalText":"When","characterOffsetBegin":111,"characterOffsetEnd":115,"pos":"WRB","before":"","after":" "},{"index":2,"word":"xlock","originalText":"xlock","characterOffsetBegin":116,"characterOffsetEnd":121,"pos":"NN","before":" ","after":" "},{"index":3,"word":"+","originalText":"+","characterOffsetBegin":122,"characterOffsetEnd":123,"pos":"CC","before":" ","after":""},{"index":4,"word":"nolock","originalText":"nolock","characterOffsetBegin":123,"characterOffsetEnd":129,"pos":"NN","before":"","after":" "},{"index":5,"word":"is","originalText":"is","characterOffsetBegin":130,"characterOffsetEnd":132,"pos":"VBZ","before":" ","after":" "},{"index":6,"word":"running","originalText":"running","characterOffsetBegin":133,"characterOffsetEnd":140,"pos":"VBG","before":" ","after":""},{"index":7,"word":",","originalText":",","characterOffsetBegin":140,"characterOffsetEnd":141,"pos":",","before":"","after":" "},{"index":8,"word":"and","originalText":"and","characterOffsetBegin":142,"characterOffsetEnd":145,"pos":"CC","before":" ","after":" "},{"index":9,"word":"I","originalText":"I","characterOffsetBegin":146,"characterOffsetEnd":147,"pos":"PRP","before":" ","after":" "},{"index":10,"word":"am","originalText":"am","characterOffsetBegin":148,"characterOffsetEnd":150,"pos":"VBP","before":" ","after":" "},{"index":11,"word":"working","originalText":"working","characterOffsetBegin":151,"characterOffsetEnd":158,"pos":"VBG","before":" ","after":" "},{"index":12,"word":"remotelyor","originalText":"remotelyor","characterOffsetBegin":159,"characterOffsetEnd":169,"pos":"NN","before":" ","after":" "},{"index":13,"word":"in","originalText":"in","characterOffsetBegin":170,"characterOffsetEnd":172,"pos":"IN","before":" ","after":" "},{"index":14,"word":"batch","originalText":"batch","characterOffsetBegin":173,"characterOffsetEnd":178,"pos":"NN","before":" ","after":" "},{"index":15,"word":"-LRB-","originalText":"(","characterOffsetBegin":179,"characterOffsetEnd":180,"pos":"-LRB-","before":" ","after":""},{"index":16,"word":"at","originalText":"at","characterOffsetBegin":180,"characterOffsetEnd":182,"pos":"IN","before":"","after":""},{"index":17,"word":"-RRB-","originalText":")","characterOffsetBegin":182,"characterOffsetEnd":183,"pos":"-RRB-","before":"","after":" "},{"index":18,"word":"mode","originalText":"mode","characterOffsetBegin":184,"characterOffsetEnd":188,"pos":"NN","before":" ","after":""},{"index":19,"word":",","originalText":",","characterOffsetBegin":188,"characterOffsetEnd":189,"pos":",","before":"","after":" "},{"index":20,"word":"the","originalText":"the","characterOffsetBegin":190,"characterOffsetEnd":193,"pos":"DT","before":" ","after":" "},{"index":21,"word":"runtime","originalText":"runtime","characterOffsetBegin":194,"characterOffsetEnd":201,"pos":"NN","before":" ","after":" "},{"index":22,"word":"of","originalText":"of","characterOffsetBegin":202,"characterOffsetEnd":204,"pos":"IN","before":" ","after":" "},{"index":23,"word":"my","originalText":"my","characterOffsetBegin":205,"characterOffsetEnd":207,"pos":"PRP$","before":" ","after":" "},{"index":24,"word":"programs","originalText":"programs","characterOffsetBegin":208,"characterOffsetEnd":216,"pos":"NNS","before":" ","after":" "},{"index":25,"word":"-LRB-","originalText":"(","characterOffsetBegin":217,"characterOffsetEnd":218,"pos":"-LRB-","before":" ","after":""},{"index":26,"word":"as","originalText":"as","characterOffsetBegin":218,"characterOffsetEnd":220,"pos":"IN","before":"","after":" "},{"index":27,"word":"timedby","originalText":"timedby","characterOffsetBegin":221,"characterOffsetEnd":228,"pos":"NN","before":" ","after":" "},{"index":28,"word":"using","originalText":"using","characterOffsetBegin":229,"characterOffsetEnd":234,"pos":"VBG","before":" ","after":" "},{"index":29,"word":"clock","originalText":"clock","characterOffsetBegin":235,"characterOffsetEnd":240,"pos":"NN","before":" ","after":""},{"index":30,"word":"-LRB-","originalText":"(","characterOffsetBegin":240,"characterOffsetEnd":241,"pos":"-LRB-","before":"","after":""},{"index":31,"word":"-RRB-","originalText":")","characterOffsetBegin":241,"characterOffsetEnd":242,"pos":"-RRB-","before":"","after":" "},{"index":32,"word":"in","originalText":"in","characterOffsetBegin":243,"characterOffsetEnd":245,"pos":"IN","before":" ","after":" "},{"index":33,"word":"the","originalText":"the","characterOffsetBegin":246,"characterOffsetEnd":249,"pos":"DT","before":" ","after":" "},{"index":34,"word":"code","originalText":"code","characterOffsetBegin":250,"characterOffsetEnd":254,"pos":"NN","before":" ","after":" "},{"index":35,"word":"itself","originalText":"itself","characterOffsetBegin":255,"characterOffsetEnd":261,"pos":"PRP","before":" ","after":""},{"index":36,"word":"-RRB-","originalText":")","characterOffsetBegin":261,"characterOffsetEnd":262,"pos":"-RRB-","before":"","after":" "},{"index":37,"word":"is","originalText":"is","characterOffsetBegin":263,"characterOffsetEnd":265,"pos":"VBZ","before":" ","after":" "},{"index":38,"word":"~","originalText":"~","characterOffsetBegin":266,"characterOffsetEnd":267,"pos":"CD","before":" ","after":""},{"index":39,"word":"25","originalText":"25","characterOffsetBegin":267,"characterOffsetEnd":269,"pos":"CD","before":"","after":""},{"index":40,"word":"%","originalText":"%","characterOffsetBegin":269,"characterOffsetEnd":270,"pos":"NN","before":"","after":" "},{"index":41,"word":"slower","originalText":"slower","characterOffsetBegin":271,"characterOffsetEnd":277,"pos":"JJR","before":" ","after":" "},{"index":42,"word":"than","originalText":"than","characterOffsetBegin":278,"characterOffsetEnd":282,"pos":"IN","before":" ","after":" "},{"index":43,"word":"ifxlock","originalText":"ifxlock","characterOffsetBegin":283,"characterOffsetEnd":290,"pos":"NN","before":" ","after":" "},{"index":44,"word":"is","originalText":"is","characterOffsetBegin":291,"characterOffsetEnd":293,"pos":"VBZ","before":" ","after":" "},{"index":45,"word":"NOT","originalText":"NOT","characterOffsetBegin":294,"characterOffsetEnd":297,"pos":"RB","before":" ","after":" "},{"index":46,"word":"running","originalText":"running","characterOffsetBegin":298,"characterOffsetEnd":305,"pos":"VBG","before":" ","after":""},{"index":47,"word":".","originalText":".","characterOffsetBegin":305,"characterOffsetEnd":306,"pos":".","before":"","after":"  "}]},{"index":2,"tokens":[{"index":1,"word":"No","originalText":"No","characterOffsetBegin":308,"characterOffsetEnd":310,"pos":"DT","before":"  ","after":" "},{"index":2,"word":"other","originalText":"other","characterOffsetBegin":311,"characterOffsetEnd":316,"pos":"JJ","before":" ","after":" "},{"index":3,"word":"processes","originalText":"processes","characterOffsetBegin":317,"characterOffsetEnd":326,"pos":"NNS","before":" ","after":" "},{"index":4,"word":"seem","originalText":"seem","characterOffsetBegin":327,"characterOffsetEnd":331,"pos":"VBP","before":" ","after":" "},{"index":5,"word":"to","originalText":"to","characterOffsetBegin":332,"characterOffsetEnd":334,"pos":"TO","before":" ","after":" "},{"index":6,"word":"affect","originalText":"affect","characterOffsetBegin":335,"characterOffsetEnd":341,"pos":"VB","before":" ","after":" "},{"index":7,"word":"myruntimes","originalText":"myruntimes","characterOffsetBegin":342,"characterOffsetEnd":352,"pos":"NNS","before":" ","after":""},{"index":8,"word":",","originalText":",","characterOffsetBegin":352,"characterOffsetEnd":353,"pos":",","before":"","after":" "},{"index":9,"word":"yet","originalText":"yet","characterOffsetBegin":354,"characterOffsetEnd":357,"pos":"RB","before":" ","after":" "},{"index":10,"word":"this","originalText":"this","characterOffsetBegin":358,"characterOffsetEnd":362,"pos":"DT","before":" ","after":" "},{"index":11,"word":"is","originalText":"is","characterOffsetBegin":363,"characterOffsetEnd":365,"pos":"VBZ","before":" ","after":" "},{"index":12,"word":"very","originalText":"very","characterOffsetBegin":366,"characterOffsetEnd":370,"pos":"RB","before":" ","after":" "},{"index":13,"word":"consistent!Any","originalText":"consistent!Any","characterOffsetBegin":371,"characterOffsetEnd":385,"pos":"JJ","before":" ","after":" "},{"index":14,"word":"explanations","originalText":"explanations","characterOffsetBegin":386,"characterOffsetEnd":398,"pos":"NNS","before":" ","after":""},{"index":15,"word":",","originalText":",","characterOffsetBegin":398,"characterOffsetEnd":399,"pos":",","before":"","after":" "},{"index":16,"word":"real","originalText":"real","characterOffsetBegin":400,"characterOffsetEnd":404,"pos":"JJ","before":" ","after":" "},{"index":17,"word":"or","originalText":"or","characterOffsetBegin":405,"characterOffsetEnd":407,"pos":"CC","before":" ","after":" "},{"index":18,"word":"imagined","originalText":"imagined","characterOffsetBegin":408,"characterOffsetEnd":416,"pos":"VBN","before":" ","after":" "},{"index":19,"word":":","originalText":":","characterOffsetBegin":417,"characterOffsetEnd":418,"pos":":","before":" ","after":""},{"index":20,"word":"-RRB-","originalText":")","characterOffsetBegin":418,"characterOffsetEnd":419,"pos":"-RRB-","before":"","after":""},{"index":21,"word":"thanxdale@frostedflakes.llnl.gov","originalText":"thanxdale@frostedflakes.llnl.gov","characterOffsetBegin":419,"characterOffsetEnd":451,"pos":"IN","before":"","after":""}]}]}