{"sentences":[{"index":0,"tokens":[{"index":1,"word":"From","originalText":"From","characterOffsetBegin":0,"characterOffsetEnd":4,"pos":"IN","before":"","after":""},{"index":2,"word":":","originalText":":","characterOffsetBegin":4,"characterOffsetEnd":5,"pos":":","before":"","after":" "},{"index":3,"word":"janzen@lichen.mpr.ca","originalText":"janzen@lichen.mpr.ca","characterOffsetBegin":6,"characterOffsetEnd":26,"pos":"NN","before":" ","after":" "},{"index":4,"word":"-LRB-","originalText":"(","characterOffsetBegin":27,"characterOffsetEnd":28,"pos":"-LRB-","before":" ","after":""},{"index":5,"word":"Martin","originalText":"Martin","characterOffsetBegin":28,"characterOffsetEnd":34,"pos":"NNP","before":"","after":" "},{"index":6,"word":"Janzen","originalText":"Janzen","characterOffsetBegin":35,"characterOffsetEnd":41,"pos":"NNP","before":" ","after":""},{"index":7,"word":"-RRB-","originalText":")","characterOffsetBegin":41,"characterOffsetEnd":42,"pos":"-RRB-","before":"","after":""},{"index":8,"word":"Subject","originalText":"Subject","characterOffsetBegin":42,"characterOffsetEnd":49,"pos":"NNP","before":"","after":""},{"index":9,"word":":","originalText":":","characterOffsetBegin":49,"characterOffsetEnd":50,"pos":":","before":"","after":" "},{"index":10,"word":"Re","originalText":"Re","characterOffsetBegin":51,"characterOffsetEnd":53,"pos":"NNP","before":" ","after":""},{"index":11,"word":":","originalText":":","characterOffsetBegin":53,"characterOffsetEnd":54,"pos":":","before":"","after":" "},{"index":12,"word":"how","originalText":"how","characterOffsetBegin":55,"characterOffsetEnd":58,"pos":"WRB","before":" ","after":" "},{"index":13,"word":"to","originalText":"to","characterOffsetBegin":59,"characterOffsetEnd":61,"pos":"TO","before":" ","after":" "},{"index":14,"word":"put","originalText":"put","characterOffsetBegin":62,"characterOffsetEnd":65,"pos":"VB","before":" ","after":" "},{"index":15,"word":"RPC","originalText":"RPC","characterOffsetBegin":66,"characterOffsetEnd":69,"pos":"NNP","before":" ","after":" "},{"index":16,"word":"in","originalText":"in","characterOffsetBegin":70,"characterOffsetEnd":72,"pos":"IN","before":" ","after":" "},{"index":17,"word":"HP","originalText":"HP","characterOffsetBegin":73,"characterOffsetEnd":75,"pos":"NNP","before":" ","after":" "},{"index":18,"word":"X/motif","originalText":"X/motif","characterOffsetBegin":76,"characterOffsetEnd":83,"pos":"NNP","before":" ","after":" "},{"index":19,"word":"environment?In","originalText":"environment?In","characterOffsetBegin":84,"characterOffsetEnd":98,"pos":"NNP","before":" ","after":" "},{"index":20,"word":"article","originalText":"article","characterOffsetBegin":99,"characterOffsetEnd":106,"pos":"NN","before":" ","after":" "},{"index":21,"word":"<C5r03J.Gu3@news2.cis.umn.edu>","originalText":"<C5r03J.Gu3@news2.cis.umn.edu>","characterOffsetBegin":107,"characterOffsetEnd":137,"pos":"NN","before":" ","after":""},{"index":22,"word":",","originalText":",","characterOffsetBegin":137,"characterOffsetEnd":138,"pos":",","before":"","after":" "},{"index":23,"word":"ianhogg@milli.cs.umn.edu","originalText":"ianhogg@milli.cs.umn.edu","characterOffsetBegin":139,"characterOffsetEnd":163,"pos":"NN","before":" ","after":" "},{"index":24,"word":"-LRB-","originalText":"(","characterOffsetBegin":164,"characterOffsetEnd":165,"pos":"-LRB-","before":" ","after":""},{"index":25,"word":"Ian","originalText":"Ian","characterOffsetBegin":165,"characterOffsetEnd":168,"pos":"NNP","before":"","after":" "},{"index":26,"word":"J.","originalText":"J.","characterOffsetBegin":169,"characterOffsetEnd":171,"pos":"NNP","before":" ","after":" "},{"index":27,"word":"Hogg","originalText":"Hogg","characterOffsetBegin":172,"characterOffsetEnd":176,"pos":"NNP","before":" ","after":""},{"index":28,"word":"-RRB-","originalText":")","characterOffsetBegin":176,"characterOffsetEnd":177,"pos":"-RRB-","before":"","after":" "},{"index":29,"word":"writes","originalText":"writes","characterOffsetBegin":178,"characterOffsetEnd":184,"pos":"VBZ","before":" ","after":""},{"index":30,"word":":","originalText":":","characterOffsetBegin":184,"characterOffsetEnd":185,"pos":":","before":"","after":""},{"index":31,"word":">","originalText":">","characterOffsetBegin":185,"characterOffsetEnd":186,"pos":"JJR","before":"","after":""},{"index":32,"word":"In","originalText":"In","characterOffsetBegin":186,"characterOffsetEnd":188,"pos":"IN","before":"","after":" "},{"index":33,"word":"article","originalText":"article","characterOffsetBegin":189,"characterOffsetEnd":196,"pos":"NN","before":" ","after":" "},{"index":34,"word":"<1993Apr19.200740.17615@sol.ctr.columbia.edu>","originalText":"<1993Apr19.200740.17615@sol.ctr.columbia.edu>","characterOffsetBegin":197,"characterOffsetEnd":242,"pos":"NN","before":" ","after":" "},{"index":35,"word":"nchan@nova.ctr.columbia.edu","originalText":"nchan@nova.ctr.columbia.edu","characterOffsetBegin":243,"characterOffsetEnd":270,"pos":"NN","before":" ","after":" "},{"index":36,"word":"-LRB-","originalText":"(","characterOffsetBegin":271,"characterOffsetEnd":272,"pos":"-LRB-","before":" ","after":""},{"index":37,"word":"Nui","originalText":"Nui","characterOffsetBegin":272,"characterOffsetEnd":275,"pos":"NNP","before":"","after":" "},{"index":38,"word":"Chan","originalText":"Chan","characterOffsetBegin":276,"characterOffsetEnd":280,"pos":"NNP","before":" ","after":""},{"index":39,"word":"-RRB-","originalText":")","characterOffsetBegin":280,"characterOffsetEnd":281,"pos":"-RRB-","before":"","after":" "},{"index":40,"word":"writes","originalText":"writes","characterOffsetBegin":282,"characterOffsetEnd":288,"pos":"VBZ","before":" ","after":""},{"index":41,"word":":","originalText":":","characterOffsetBegin":288,"characterOffsetEnd":289,"pos":":","before":"","after":""},{"index":42,"word":">>","originalText":">>","characterOffsetBegin":289,"characterOffsetEnd":291,"pos":"NN","before":"","after":""},{"index":43,"word":"has","originalText":"has","characterOffsetBegin":291,"characterOffsetEnd":294,"pos":"VBZ","before":"","after":" "},{"index":44,"word":"anybody","originalText":"anybody","characterOffsetBegin":295,"characterOffsetEnd":302,"pos":"NN","before":" ","after":" "},{"index":45,"word":"implements","originalText":"implements","characterOffsetBegin":303,"characterOffsetEnd":313,"pos":"VBZ","before":" ","after":" "},{"index":46,"word":"an","originalText":"an","characterOffsetBegin":314,"characterOffsetEnd":316,"pos":"DT","before":" ","after":" "},{"index":47,"word":"RPC","originalText":"RPC","characterOffsetBegin":317,"characterOffsetEnd":320,"pos":"NNP","before":" ","after":" "},{"index":48,"word":"server","originalText":"server","characterOffsetBegin":321,"characterOffsetEnd":327,"pos":"NN","before":" ","after":" "},{"index":49,"word":"in","originalText":"in","characterOffsetBegin":328,"characterOffsetEnd":330,"pos":"IN","before":" ","after":" "},{"index":50,"word":"the","originalText":"the","characterOffsetBegin":331,"characterOffsetEnd":334,"pos":"DT","before":" ","after":" "},{"index":51,"word":"HP","originalText":"HP","characterOffsetBegin":335,"characterOffsetEnd":337,"pos":"NNP","before":" ","after":" "},{"index":52,"word":"Xwindows","originalText":"Xwindows","characterOffsetBegin":338,"characterOffsetEnd":346,"pos":"NNP","before":" ","after":""},{"index":53,"word":"?","originalText":"?","characterOffsetBegin":346,"characterOffsetEnd":347,"pos":".","before":"","after":" "}]},{"index":1,"tokens":[{"index":1,"word":"In","originalText":"In","characterOffsetBegin":348,"characterOffsetEnd":350,"pos":"IN","before":" ","after":" "},{"index":2,"word":"SUN","originalText":"SUN","characterOffsetBegin":351,"characterOffsetEnd":354,"pos":"NNP","before":" ","after":" "},{"index":3,"word":"Xview","originalText":"Xview","characterOffsetBegin":355,"characterOffsetEnd":360,"pos":"NNP","before":" ","after":""},{"index":4,"word":",","originalText":",","characterOffsetBegin":360,"characterOffsetEnd":361,"pos":",","before":"","after":" "},{"index":5,"word":"there","originalText":"there","characterOffsetBegin":362,"characterOffsetEnd":367,"pos":"EX","before":" ","after":""},{"index":6,"word":">>","originalText":">>","characterOffsetBegin":367,"characterOffsetEnd":369,"pos":"CD","before":"","after":""},{"index":7,"word":"is","originalText":"is","characterOffsetBegin":369,"characterOffsetEnd":371,"pos":"VBZ","before":"","after":" "},{"index":8,"word":"a","originalText":"a","characterOffsetBegin":372,"characterOffsetEnd":373,"pos":"DT","before":" ","after":" "},{"index":9,"word":"notify_enable_rpc_svc","originalText":"notify_enable_rpc_svc","characterOffsetBegin":374,"characterOffsetEnd":395,"pos":"NN","before":" ","after":""},{"index":10,"word":"-LRB-","originalText":"(","characterOffsetBegin":395,"characterOffsetEnd":396,"pos":"-LRB-","before":"","after":""},{"index":11,"word":"-RRB-","originalText":")","characterOffsetBegin":396,"characterOffsetEnd":397,"pos":"-RRB-","before":"","after":" "},{"index":12,"word":"call","originalText":"call","characterOffsetBegin":398,"characterOffsetEnd":402,"pos":"VBP","before":" ","after":" "},{"index":13,"word":"that","originalText":"that","characterOffsetBegin":403,"characterOffsetEnd":407,"pos":"IN","before":" ","after":" "},{"index":14,"word":"automatically","originalText":"automatically","characterOffsetBegin":408,"characterOffsetEnd":421,"pos":"RB","before":" ","after":" "},{"index":15,"word":"executes","originalText":"executes","characterOffsetBegin":422,"characterOffsetEnd":430,"pos":"VBZ","before":" ","after":" "},{"index":16,"word":"the","originalText":"the","characterOffsetBegin":431,"characterOffsetEnd":434,"pos":"DT","before":" ","after":" "},{"index":17,"word":"rpc","originalText":"rpc","characterOffsetBegin":435,"characterOffsetEnd":438,"pos":"NN","before":" ","after":" "},{"index":18,"word":"processes","originalText":"processes","characterOffsetBegin":439,"characterOffsetEnd":448,"pos":"VBZ","before":" ","after":""},{"index":19,"word":">>","originalText":">>","characterOffsetBegin":448,"characterOffsetEnd":450,"pos":"RB","before":"","after":""},{"index":20,"word":"when","originalText":"when","characterOffsetBegin":450,"characterOffsetEnd":454,"pos":"WRB","before":"","after":" "},{"index":21,"word":"it","originalText":"it","characterOffsetBegin":455,"characterOffsetEnd":457,"pos":"PRP","before":" ","after":" "},{"index":22,"word":"detects","originalText":"detects","characterOffsetBegin":458,"characterOffsetEnd":465,"pos":"VBZ","before":" ","after":" "},{"index":23,"word":"an","originalText":"an","characterOffsetBegin":466,"characterOffsetEnd":468,"pos":"DT","before":" ","after":" "},{"index":24,"word":"incoming","originalText":"incoming","characterOffsetBegin":469,"characterOffsetEnd":477,"pos":"JJ","before":" ","after":" "},{"index":25,"word":"request","originalText":"request","characterOffsetBegin":478,"characterOffsetEnd":485,"pos":"NN","before":" ","after":""},{"index":26,"word":".","originalText":".","characterOffsetBegin":485,"characterOffsetEnd":486,"pos":".","before":"","after":" "}]},{"index":2,"tokens":[{"index":1,"word":"I","originalText":"I","characterOffsetBegin":487,"characterOffsetEnd":488,"pos":"PRP","before":" ","after":" "},{"index":2,"word":"wonder","originalText":"wonder","characterOffsetBegin":489,"characterOffsetEnd":495,"pos":"VBP","before":" ","after":" "},{"index":3,"word":"if","originalText":"if","characterOffsetBegin":496,"characterOffsetEnd":498,"pos":"IN","before":" ","after":" "},{"index":4,"word":"there","originalText":"there","characterOffsetBegin":499,"characterOffsetEnd":504,"pos":"EX","before":" ","after":" "},{"index":5,"word":"is","originalText":"is","characterOffsetBegin":505,"characterOffsetEnd":507,"pos":"VBZ","before":" ","after":" "},{"index":6,"word":"a","originalText":"a","characterOffsetBegin":508,"characterOffsetEnd":509,"pos":"DT","before":" ","after":" "},{"index":7,"word":"similar","originalText":"similar","characterOffsetBegin":510,"characterOffsetEnd":517,"pos":"JJ","before":" ","after":" "},{"index":8,"word":"function","originalText":"function","characterOffsetBegin":518,"characterOffsetEnd":526,"pos":"NN","before":" ","after":" "},{"index":9,"word":"in","originalText":"in","characterOffsetBegin":527,"characterOffsetEnd":529,"pos":"IN","before":" ","after":""},{"index":10,"word":">>","originalText":">>","characterOffsetBegin":529,"characterOffsetEnd":531,"pos":"CD","before":"","after":""},{"index":11,"word":"HP","originalText":"HP","characterOffsetBegin":531,"characterOffsetEnd":533,"pos":"NNP","before":"","after":" "},{"index":12,"word":"X/motif","originalText":"X/motif","characterOffsetBegin":534,"characterOffsetEnd":541,"pos":"NNP","before":" ","after":" "},{"index":13,"word":"that","originalText":"that","characterOffsetBegin":542,"characterOffsetEnd":546,"pos":"WDT","before":" ","after":" "},{"index":14,"word":"perform","originalText":"perform","characterOffsetBegin":547,"characterOffsetEnd":554,"pos":"VBP","before":" ","after":" "},{"index":15,"word":"the","originalText":"the","characterOffsetBegin":555,"characterOffsetEnd":558,"pos":"DT","before":" ","after":" "},{"index":16,"word":"same","originalText":"same","characterOffsetBegin":559,"characterOffsetEnd":563,"pos":"JJ","before":" ","after":" "},{"index":17,"word":"function","originalText":"function","characterOffsetBegin":564,"characterOffsetEnd":572,"pos":"NN","before":" ","after":""},{"index":18,"word":".","originalText":".","characterOffsetBegin":572,"characterOffsetEnd":573,"pos":".","before":"","after":""}]},{"index":3,"tokens":[{"index":1,"word":">>","originalText":">>","characterOffsetBegin":573,"characterOffsetEnd":575,"pos":"NN","before":"","after":""},{"index":2,"word":"I","originalText":"I","characterOffsetBegin":575,"characterOffsetEnd":576,"pos":"PRP","before":"","after":""},{"index":3,"word":"'ve","originalText":"'ve","characterOffsetBegin":576,"characterOffsetEnd":579,"pos":"VBP","before":"","after":" "},{"index":4,"word":"been","originalText":"been","characterOffsetBegin":580,"characterOffsetEnd":584,"pos":"VBN","before":" ","after":" "},{"index":5,"word":"using","originalText":"using","characterOffsetBegin":585,"characterOffsetEnd":590,"pos":"VBG","before":" ","after":" "},{"index":6,"word":"the","originalText":"the","characterOffsetBegin":591,"characterOffsetEnd":594,"pos":"DT","before":" ","after":" "},{"index":7,"word":"xrpc","originalText":"xrpc","characterOffsetBegin":595,"characterOffsetEnd":599,"pos":"NN","before":" ","after":" "},{"index":8,"word":"package","originalText":"package","characterOffsetBegin":600,"characterOffsetEnd":607,"pos":"NN","before":" ","after":" "},{"index":9,"word":"for","originalText":"for","characterOffsetBegin":608,"characterOffsetEnd":611,"pos":"IN","before":" ","after":" "},{"index":10,"word":"about","originalText":"about","characterOffsetBegin":612,"characterOffsetEnd":617,"pos":"IN","before":" ","after":" "},{"index":11,"word":"a","originalText":"a","characterOffsetBegin":618,"characterOffsetEnd":619,"pos":"DT","before":" ","after":" "},{"index":12,"word":"year","originalText":"year","characterOffsetBegin":620,"characterOffsetEnd":624,"pos":"NN","before":" ","after":" "},{"index":13,"word":"now","originalText":"now","characterOffsetBegin":625,"characterOffsetEnd":628,"pos":"RB","before":" ","after":""},{"index":14,"word":".","originalText":".","characterOffsetBegin":628,"characterOffsetEnd":629,"pos":".","before":"","after":"  "}]},{"index":4,"tokens":[{"index":1,"word":"I","originalText":"I","characterOffsetBegin":631,"characterOffsetEnd":632,"pos":"PRP","before":"  ","after":" "},{"index":2,"word":"believe","originalText":"believe","characterOffsetBegin":633,"characterOffsetEnd":640,"pos":"VBP","before":" ","after":" "},{"index":3,"word":"I","originalText":"I","characterOffsetBegin":641,"characterOffsetEnd":642,"pos":"PRP","before":" ","after":" "},{"index":4,"word":"got","originalText":"got","characterOffsetBegin":643,"characterOffsetEnd":646,"pos":"VBD","before":" ","after":" "},{"index":5,"word":"it","originalText":"it","characterOffsetBegin":647,"characterOffsetEnd":649,"pos":"PRP","before":" ","after":" "},{"index":6,"word":"from","originalText":"from","characterOffsetBegin":650,"characterOffsetEnd":654,"pos":"IN","before":" ","after":""},{"index":7,"word":">","originalText":">","characterOffsetBegin":654,"characterOffsetEnd":655,"pos":"JJR","before":"","after":""},{"index":8,"word":"export","originalText":"export","characterOffsetBegin":655,"characterOffsetEnd":661,"pos":"NN","before":"","after":""},{"index":9,"word":".","originalText":".","characterOffsetBegin":661,"characterOffsetEnd":662,"pos":".","before":"","after":"  "}]},{"index":5,"tokens":[{"index":1,"word":"Glad","originalText":"Glad","characterOffsetBegin":664,"characterOffsetEnd":668,"pos":"JJ","before":"  ","after":" "},{"index":2,"word":"to","originalText":"to","characterOffsetBegin":669,"characterOffsetEnd":671,"pos":"TO","before":" ","after":" "},{"index":3,"word":"hear","originalText":"hear","characterOffsetBegin":672,"characterOffsetEnd":676,"pos":"VB","before":" ","after":" "},{"index":4,"word":"that","originalText":"that","characterOffsetBegin":677,"characterOffsetEnd":681,"pos":"IN","before":" ","after":" "},{"index":5,"word":"it","originalText":"it","characterOffsetBegin":682,"characterOffsetEnd":684,"pos":"PRP","before":" ","after":""},{"index":6,"word":"'s","originalText":"'s","characterOffsetBegin":684,"characterOffsetEnd":686,"pos":"VBZ","before":"","after":" "},{"index":7,"word":"working","originalText":"working","characterOffsetBegin":687,"characterOffsetEnd":694,"pos":"VBG","before":" ","after":" "},{"index":8,"word":"for","originalText":"for","characterOffsetBegin":695,"characterOffsetEnd":698,"pos":"IN","before":" ","after":" "},{"index":9,"word":"you!I","originalText":"you!I","characterOffsetBegin":699,"characterOffsetEnd":704,"pos":"NN","before":" ","after":" "},{"index":10,"word":"could","originalText":"could","characterOffsetBegin":705,"characterOffsetEnd":710,"pos":"MD","before":" ","after":""},{"index":11,"word":"n't","originalText":"n't","characterOffsetBegin":710,"characterOffsetEnd":713,"pos":"RB","before":"","after":" "},{"index":12,"word":"find","originalText":"find","characterOffsetBegin":714,"characterOffsetEnd":718,"pos":"VB","before":" ","after":" "},{"index":13,"word":"it","originalText":"it","characterOffsetBegin":719,"characterOffsetEnd":721,"pos":"PRP","before":" ","after":" "},{"index":14,"word":"on","originalText":"on","characterOffsetBegin":722,"characterOffsetEnd":724,"pos":"IN","before":" ","after":" "},{"index":15,"word":"``","originalText":"\"","characterOffsetBegin":725,"characterOffsetEnd":726,"pos":"``","before":" ","after":""},{"index":16,"word":"export","originalText":"export","characterOffsetBegin":726,"characterOffsetEnd":732,"pos":"NN","before":"","after":""},{"index":17,"word":"''","originalText":"\"","characterOffsetBegin":732,"characterOffsetEnd":733,"pos":"''","before":"","after":""},{"index":18,"word":".","originalText":".","characterOffsetBegin":733,"characterOffsetEnd":734,"pos":".","before":"","after":"  "}]},{"index":6,"tokens":[{"index":1,"word":"However","originalText":"However","characterOffsetBegin":736,"characterOffsetEnd":743,"pos":"RB","before":"  ","after":""},{"index":2,"word":",","originalText":",","characterOffsetBegin":743,"characterOffsetEnd":744,"pos":",","before":"","after":" "},{"index":3,"word":"Simon","originalText":"Simon","characterOffsetBegin":745,"characterOffsetEnd":750,"pos":"NNP","before":" ","after":" "},{"index":4,"word":"Leinen","originalText":"Leinen","characterOffsetBegin":751,"characterOffsetEnd":757,"pos":"NNP","before":" ","after":""},{"index":5,"word":"<simon@liasun6.epfl.ch>","originalText":"<simon@liasun6.epfl.ch>","characterOffsetBegin":757,"characterOffsetEnd":780,"pos":"NN","before":"","after":" "},{"index":6,"word":"has","originalText":"has","characterOffsetBegin":781,"characterOffsetEnd":784,"pos":"VBZ","before":" ","after":" "},{"index":7,"word":"added","originalText":"added","characterOffsetBegin":785,"characterOffsetEnd":790,"pos":"VBN","before":" ","after":" "},{"index":8,"word":"an","originalText":"an","characterOffsetBegin":791,"characterOffsetEnd":793,"pos":"DT","before":" ","after":" "},{"index":9,"word":"Imakefile","originalText":"Imakefile","characterOffsetBegin":794,"characterOffsetEnd":803,"pos":"NN","before":" ","after":" "},{"index":10,"word":"and","originalText":"and","characterOffsetBegin":804,"characterOffsetEnd":807,"pos":"CC","before":" ","after":" "},{"index":11,"word":"an","originalText":"an","characterOffsetBegin":808,"characterOffsetEnd":810,"pos":"DT","before":" ","after":" "},{"index":12,"word":"Athenaversion","originalText":"Athenaversion","characterOffsetBegin":811,"characterOffsetEnd":824,"pos":"NNP","before":" ","after":""},{"index":13,"word":",","originalText":",","characterOffsetBegin":824,"characterOffsetEnd":825,"pos":",","before":"","after":" "},{"index":14,"word":"and","originalText":"and","characterOffsetBegin":826,"characterOffsetEnd":829,"pos":"CC","before":" ","after":" "},{"index":15,"word":"made","originalText":"made","characterOffsetBegin":830,"characterOffsetEnd":834,"pos":"VBD","before":" ","after":" "},{"index":16,"word":"it","originalText":"it","characterOffsetBegin":835,"characterOffsetEnd":837,"pos":"PRP","before":" ","after":" "},{"index":17,"word":"available","originalText":"available","characterOffsetBegin":838,"characterOffsetEnd":847,"pos":"JJ","before":" ","after":" "},{"index":18,"word":"for","originalText":"for","characterOffsetBegin":848,"characterOffsetEnd":851,"pos":"IN","before":" ","after":" "},{"index":19,"word":"FTP","originalText":"FTP","characterOffsetBegin":852,"characterOffsetEnd":855,"pos":"NN","before":" ","after":" "},{"index":20,"word":"in","originalText":"in","characterOffsetBegin":856,"characterOffsetEnd":858,"pos":"IN","before":" ","after":" "},{"index":21,"word":"the","originalText":"the","characterOffsetBegin":859,"characterOffsetEnd":862,"pos":"DT","before":" ","after":" "},{"index":22,"word":"fileliasun3.epfl.ch","originalText":"fileliasun3.epfl.ch","characterOffsetBegin":863,"characterOffsetEnd":882,"pos":"NN","before":" ","after":""},{"index":23,"word":":","originalText":":","characterOffsetBegin":882,"characterOffsetEnd":883,"pos":":","before":"","after":""},{"index":24,"word":"/","originalText":"/","characterOffsetBegin":883,"characterOffsetEnd":884,"pos":":","before":"","after":""},{"index":25,"word":"pub/X/contrib/xrpc.tar","originalText":"pub/X/contrib/xrpc.tar","characterOffsetBegin":884,"characterOffsetEnd":906,"pos":"NN","before":"","after":""},{"index":26,"word":".","originalText":".","characterOffsetBegin":906,"characterOffsetEnd":907,"pos":".","before":"","after":""}]},{"index":7,"tokens":[{"index":1,"word":"z.","originalText":"z.","characterOffsetBegin":907,"characterOffsetEnd":909,"pos":"NN","before":"","after":"  "},{"index":2,"word":"-LRB-","originalText":"(","characterOffsetBegin":911,"characterOffsetEnd":912,"pos":"-LRB-","before":"  ","after":""},{"index":3,"word":"Note","originalText":"Note","characterOffsetBegin":912,"characterOffsetEnd":916,"pos":"VB","before":"","after":" "},{"index":4,"word":"the","originalText":"the","characterOffsetBegin":917,"characterOffsetEnd":920,"pos":"DT","before":" ","after":" "},{"index":5,"word":"''","originalText":"\"","characterOffsetBegin":921,"characterOffsetEnd":922,"pos":"''","before":" ","after":""},{"index":6,"word":".","originalText":".","characterOffsetBegin":922,"characterOffsetEnd":923,"pos":".","before":"","after":""}]},{"index":8,"tokens":[{"index":1,"word":"z","originalText":"z","characterOffsetBegin":923,"characterOffsetEnd":924,"pos":"SYM","before":"","after":""},{"index":2,"word":"``","originalText":"\"","characterOffsetBegin":924,"characterOffsetEnd":925,"pos":"``","before":"","after":""},{"index":3,"word":"suffix","originalText":"suffix","characterOffsetBegin":925,"characterOffsetEnd":931,"pos":"NN","before":"","after":""},{"index":4,"word":";","originalText":";","characterOffsetBegin":931,"characterOffsetEnd":932,"pos":":","before":"","after":" "},{"index":5,"word":"you","originalText":"you","characterOffsetBegin":933,"characterOffsetEnd":936,"pos":"PRP","before":" ","after":""},{"index":6,"word":"'ll","originalText":"'ll","characterOffsetBegin":936,"characterOffsetEnd":939,"pos":"MD","before":"","after":" "},{"index":7,"word":"need","originalText":"need","characterOffsetBegin":940,"characterOffsetEnd":944,"pos":"VB","before":" ","after":" "},{"index":8,"word":"GNU","originalText":"GNU","characterOffsetBegin":945,"characterOffsetEnd":948,"pos":"NNP","before":" ","after":" "},{"index":9,"word":"gzip","originalText":"gzip","characterOffsetBegin":949,"characterOffsetEnd":953,"pos":"NN","before":" ","after":" "},{"index":10,"word":"--","originalText":"--","characterOffsetBegin":954,"characterOffsetEnd":956,"pos":":","before":" ","after":" "},{"index":11,"word":"also","originalText":"also","characterOffsetBegin":957,"characterOffsetEnd":961,"pos":"RB","before":" ","after":" "},{"index":12,"word":"on","originalText":"on","characterOffsetBegin":962,"characterOffsetEnd":964,"pos":"IN","before":" ","after":" "},{"index":13,"word":"liasun3","originalText":"liasun3","characterOffsetBegin":965,"characterOffsetEnd":972,"pos":"NN","before":" ","after":" "},{"index":14,"word":"in","originalText":"in","characterOffsetBegin":973,"characterOffsetEnd":975,"pos":"IN","before":" ","after":" "},{"index":15,"word":"/","originalText":"/","characterOffsetBegin":976,"characterOffsetEnd":977,"pos":":","before":" ","after":""},{"index":16,"word":"pub/gnu","originalText":"pub/gnu","characterOffsetBegin":977,"characterOffsetEnd":984,"pos":"NN","before":"","after":" "},{"index":17,"word":"--","originalText":"--","characterOffsetBegin":985,"characterOffsetEnd":987,"pos":":","before":" ","after":""},{"index":18,"word":"to","originalText":"to","characterOffsetBegin":987,"characterOffsetEnd":989,"pos":"TO","before":"","after":" "},{"index":19,"word":"uncompress","originalText":"uncompress","characterOffsetBegin":990,"characterOffsetEnd":1000,"pos":"VB","before":" ","after":" "},{"index":20,"word":"it","originalText":"it","characterOffsetBegin":1001,"characterOffsetEnd":1003,"pos":"PRP","before":" ","after":""},{"index":21,"word":".","originalText":".","characterOffsetBegin":1003,"characterOffsetEnd":1004,"pos":".","before":"","after":""},{"index":22,"word":"-RRB-","originalText":")","characterOffsetBegin":1004,"characterOffsetEnd":1005,"pos":"-RRB-","before":"","after":"  "}]},{"index":9,"tokens":[{"index":1,"word":"If","originalText":"If","characterOffsetBegin":1007,"characterOffsetEnd":1009,"pos":"IN","before":"  ","after":" "},{"index":2,"word":"this","originalText":"this","characterOffsetBegin":1010,"characterOffsetEnd":1014,"pos":"DT","before":" ","after":" "},{"index":3,"word":"does","originalText":"does","characterOffsetBegin":1015,"characterOffsetEnd":1019,"pos":"VBZ","before":" ","after":""},{"index":4,"word":"n't","originalText":"n't","characterOffsetBegin":1019,"characterOffsetEnd":1022,"pos":"RB","before":"","after":" "},{"index":5,"word":"work","originalText":"work","characterOffsetBegin":1023,"characterOffsetEnd":1027,"pos":"VB","before":" ","after":""},{"index":6,"word":",","originalText":",","characterOffsetBegin":1027,"characterOffsetEnd":1028,"pos":",","before":"","after":" "},{"index":7,"word":"send","originalText":"send","characterOffsetBegin":1029,"characterOffsetEnd":1033,"pos":"VB","before":" ","after":" "},{"index":8,"word":"me","originalText":"me","characterOffsetBegin":1034,"characterOffsetEnd":1036,"pos":"PRP","before":" ","after":" "},{"index":9,"word":"a","originalText":"a","characterOffsetBegin":1037,"characterOffsetEnd":1038,"pos":"DT","before":" ","after":" "},{"index":10,"word":"note","originalText":"note","characterOffsetBegin":1039,"characterOffsetEnd":1043,"pos":"NN","before":" ","after":" "},{"index":11,"word":"and","originalText":"and","characterOffsetBegin":1044,"characterOffsetEnd":1047,"pos":"CC","before":" ","after":" "},{"index":12,"word":"I","originalText":"I","characterOffsetBegin":1048,"characterOffsetEnd":1049,"pos":"PRP","before":" ","after":""},{"index":13,"word":"'d","originalText":"'d","characterOffsetBegin":1049,"characterOffsetEnd":1051,"pos":"MD","before":"","after":" "},{"index":14,"word":"be","originalText":"be","characterOffsetBegin":1052,"characterOffsetEnd":1054,"pos":"VB","before":" ","after":" "},{"index":15,"word":"happy","originalText":"happy","characterOffsetBegin":1055,"characterOffsetEnd":1060,"pos":"JJ","before":" ","after":" "},{"index":16,"word":"to","originalText":"to","characterOffsetBegin":1061,"characterOffsetEnd":1063,"pos":"TO","before":" ","after":" "},{"index":17,"word":"mail","originalText":"mail","characterOffsetBegin":1064,"characterOffsetEnd":1068,"pos":"NN","before":" ","after":" "},{"index":18,"word":"youa","originalText":"youa","characterOffsetBegin":1069,"characterOffsetEnd":1073,"pos":"NN","before":" ","after":" "},{"index":19,"word":"copy","originalText":"copy","characterOffsetBegin":1074,"characterOffsetEnd":1078,"pos":"NN","before":" ","after":""},{"index":20,"word":";","originalText":";","characterOffsetBegin":1078,"characterOffsetEnd":1079,"pos":":","before":"","after":" "},{"index":21,"word":"but","originalText":"but","characterOffsetBegin":1080,"characterOffsetEnd":1083,"pos":"CC","before":" ","after":" "},{"index":22,"word":"you","originalText":"you","characterOffsetBegin":1084,"characterOffsetEnd":1087,"pos":"PRP","before":" ","after":" "},{"index":23,"word":"probably","originalText":"probably","characterOffsetBegin":1088,"characterOffsetEnd":1096,"pos":"RB","before":" ","after":" "},{"index":24,"word":"wo","originalText":"wo","characterOffsetBegin":1097,"characterOffsetEnd":1099,"pos":"MD","before":" ","after":""},{"index":25,"word":"n't","originalText":"n't","characterOffsetBegin":1099,"characterOffsetEnd":1102,"pos":"RB","before":"","after":" "},{"index":26,"word":"get","originalText":"get","characterOffsetBegin":1103,"characterOffsetEnd":1106,"pos":"VB","before":" ","after":" "},{"index":27,"word":"it","originalText":"it","characterOffsetBegin":1107,"characterOffsetEnd":1109,"pos":"PRP","before":" ","after":" "},{"index":28,"word":"until","originalText":"until","characterOffsetBegin":1110,"characterOffsetEnd":1115,"pos":"IN","before":" ","after":" "},{"index":29,"word":"the","originalText":"the","characterOffsetBegin":1116,"characterOffsetEnd":1119,"pos":"DT","before":" ","after":" "},{"index":30,"word":"start","originalText":"start","characterOffsetBegin":1120,"characterOffsetEnd":1125,"pos":"NN","before":" ","after":" "},{"index":31,"word":"of","originalText":"of","characterOffsetBegin":1126,"characterOffsetEnd":1128,"pos":"IN","before":" ","after":" "},{"index":32,"word":"May","originalText":"May","characterOffsetBegin":1129,"characterOffsetEnd":1132,"pos":"NNP","before":" ","after":" "},{"index":33,"word":"--","originalText":"--","characterOffsetBegin":1133,"characterOffsetEnd":1135,"pos":":","before":" ","after":""},{"index":34,"word":"I","originalText":"I","characterOffsetBegin":1135,"characterOffsetEnd":1136,"pos":"PRP","before":"","after":""},{"index":35,"word":"'m","originalText":"'m","characterOffsetBegin":1136,"characterOffsetEnd":1138,"pos":"VBP","before":"","after":" "},{"index":36,"word":"on","originalText":"on","characterOffsetBegin":1139,"characterOffsetEnd":1141,"pos":"IN","before":" ","after":" "},{"index":37,"word":"holidays","originalText":"holidays","characterOffsetBegin":1142,"characterOffsetEnd":1150,"pos":"NNS","before":" ","after":" "},{"index":38,"word":"as","originalText":"as","characterOffsetBegin":1151,"characterOffsetEnd":1153,"pos":"IN","before":" ","after":" "},{"index":39,"word":"of","originalText":"of","characterOffsetBegin":1154,"characterOffsetEnd":1156,"pos":"IN","before":" ","after":" "},{"index":40,"word":"tomorrow","originalText":"tomorrow","characterOffsetBegin":1157,"characterOffsetEnd":1165,"pos":"NN","before":" ","after":""},{"index":41,"word":"!","originalText":"!","characterOffsetBegin":1165,"characterOffsetEnd":1166,"pos":".","before":"","after":" "}]},{"index":10,"tokens":[{"index":1,"word":":--RRB-","originalText":":-)","characterOffsetBegin":1167,"characterOffsetEnd":1170,"pos":"NN","before":" ","after":""},{"index":2,"word":"--","originalText":"--","characterOffsetBegin":1170,"characterOffsetEnd":1172,"pos":":","before":"","after":" "},{"index":3,"word":"Martin","originalText":"Martin","characterOffsetBegin":1173,"characterOffsetEnd":1179,"pos":"NNP","before":" ","after":" "},{"index":4,"word":"Janzen","originalText":"Janzen","characterOffsetBegin":1180,"characterOffsetEnd":1186,"pos":"NNP","before":" ","after":"  "},{"index":5,"word":"janzen@mprgate.mpr.ca","originalText":"janzen@mprgate.mpr.ca","characterOffsetBegin":1188,"characterOffsetEnd":1209,"pos":"NNP","before":"  ","after":" "},{"index":6,"word":"-LRB-","originalText":"(","characterOffsetBegin":1210,"characterOffsetEnd":1211,"pos":"-LRB-","before":" ","after":""},{"index":7,"word":"134.87.131.13","originalText":"134.87.131.13","characterOffsetBegin":1211,"characterOffsetEnd":1224,"pos":"CD","before":"","after":""},{"index":8,"word":"-RRB-","originalText":")","characterOffsetBegin":1224,"characterOffsetEnd":1225,"pos":"-RRB-","before":"","after":""},{"index":9,"word":"MPR","originalText":"MPR","characterOffsetBegin":1225,"characterOffsetEnd":1228,"pos":"NNP","before":"","after":" "},{"index":10,"word":"Teltech","originalText":"Teltech","characterOffsetBegin":1229,"characterOffsetEnd":1236,"pos":"NNP","before":" ","after":" "},{"index":11,"word":"Ltd.","originalText":"Ltd","characterOffsetBegin":1237,"characterOffsetEnd":1240,"pos":"NNP","before":" ","after":""},{"index":12,"word":".","originalText":".","characterOffsetBegin":1240,"characterOffsetEnd":1241,"pos":".","before":"","after":"  "}]},{"index":11,"tokens":[{"index":1,"word":"8999","originalText":"8999","characterOffsetBegin":1243,"characterOffsetEnd":1247,"pos":"CD","before":"  ","after":" "},{"index":2,"word":"Nelson","originalText":"Nelson","characterOffsetBegin":1248,"characterOffsetEnd":1254,"pos":"NNP","before":" ","after":" "},{"index":3,"word":"Way","originalText":"Way","characterOffsetBegin":1255,"characterOffsetEnd":1258,"pos":"NNP","before":" ","after":"  "},{"index":4,"word":"Burnaby","originalText":"Burnaby","characterOffsetBegin":1260,"characterOffsetEnd":1267,"pos":"NNP","before":"  ","after":""},{"index":5,"word":",","originalText":",","characterOffsetBegin":1267,"characterOffsetEnd":1268,"pos":",","before":"","after":" "},{"index":6,"word":"BC","originalText":"BC","characterOffsetBegin":1269,"characterOffsetEnd":1271,"pos":"NNP","before":" ","after":""},{"index":7,"word":",","originalText":",","characterOffsetBegin":1271,"characterOffsetEnd":1272,"pos":",","before":"","after":" "},{"index":8,"word":"CANADA","originalText":"CANADA","characterOffsetBegin":1273,"characterOffsetEnd":1279,"pos":"NNP","before":" ","after":"  "},{"index":9,"word":"V5A","originalText":"V5A","characterOffsetBegin":1281,"characterOffsetEnd":1284,"pos":"NNP","before":"  ","after":" "},{"index":10,"word":"4B5P","originalText":"4B5P","characterOffsetBegin":1285,"characterOffsetEnd":1289,"pos":"NN","before":" ","after":""},{"index":11,"word":".","originalText":".","characterOffsetBegin":1289,"characterOffsetEnd":1290,"pos":".","before":"","after":""}]},{"index":12,"tokens":[{"index":1,"word":"S.","originalText":"S.","characterOffsetBegin":1290,"characterOffsetEnd":1292,"pos":"NNP","before":"","after":" "},{"index":2,"word":"Are","originalText":"Are","characterOffsetBegin":1293,"characterOffsetEnd":1296,"pos":"VBP","before":" ","after":" "},{"index":3,"word":"there","originalText":"there","characterOffsetBegin":1297,"characterOffsetEnd":1302,"pos":"EX","before":" ","after":" "},{"index":4,"word":"any","originalText":"any","characterOffsetBegin":1303,"characterOffsetEnd":1306,"pos":"DT","before":" ","after":" "},{"index":5,"word":"Dublin","originalText":"Dublin","characterOffsetBegin":1307,"characterOffsetEnd":1313,"pos":"NNP","before":" ","after":" "},{"index":6,"word":"X","originalText":"X","characterOffsetBegin":1314,"characterOffsetEnd":1315,"pos":"NN","before":" ","after":" "},{"index":7,"word":"folks","originalText":"folks","characterOffsetBegin":1316,"characterOffsetEnd":1321,"pos":"NNS","before":" ","after":" "},{"index":8,"word":"that","originalText":"that","characterOffsetBegin":1322,"characterOffsetEnd":1326,"pos":"WDT","before":" ","after":" "},{"index":9,"word":"want","originalText":"want","characterOffsetBegin":1327,"characterOffsetEnd":1331,"pos":"VBP","before":" ","after":" "},{"index":10,"word":"to","originalText":"to","characterOffsetBegin":1332,"characterOffsetEnd":1334,"pos":"TO","before":" ","after":" "},{"index":11,"word":"go","originalText":"go","characterOffsetBegin":1335,"characterOffsetEnd":1337,"pos":"VB","before":" ","after":" "},{"index":12,"word":"for","originalText":"for","characterOffsetBegin":1338,"characterOffsetEnd":1341,"pos":"IN","before":" ","after":" "},{"index":13,"word":"a","originalText":"a","characterOffsetBegin":1342,"characterOffsetEnd":1343,"pos":"DT","before":" ","after":" "},{"index":14,"word":"pint","originalText":"pint","characterOffsetBegin":1344,"characterOffsetEnd":1348,"pos":"NN","before":" ","after":" "},{"index":15,"word":"ofGuinness","originalText":"ofGuinness","characterOffsetBegin":1349,"characterOffsetEnd":1359,"pos":"NN","before":" ","after":" "},{"index":16,"word":"at","originalText":"at","characterOffsetBegin":1360,"characterOffsetEnd":1362,"pos":"IN","before":" ","after":""},{"index":17,"word":",","originalText":",","characterOffsetBegin":1362,"characterOffsetEnd":1363,"pos":",","before":"","after":" "},{"index":18,"word":"say","originalText":"say","characterOffsetBegin":1364,"characterOffsetEnd":1367,"pos":"VB","before":" ","after":""},{"index":19,"word":",","originalText":",","characterOffsetBegin":1367,"characterOffsetEnd":1368,"pos":",","before":"","after":" "},{"index":20,"word":"Mulligan","originalText":"Mulligan","characterOffsetBegin":1369,"characterOffsetEnd":1377,"pos":"NNP","before":" ","after":""},{"index":21,"word":"'s","originalText":"'s","characterOffsetBegin":1377,"characterOffsetEnd":1379,"pos":"POS","before":"","after":""},{"index":22,"word":"...","originalText":"...","characterOffsetBegin":1379,"characterOffsetEnd":1382,"pos":":","before":"","after":""},{"index":23,"word":"?","originalText":"?","characterOffsetBegin":1382,"characterOffsetEnd":1383,"pos":".","before":"","after":""}]}]}