{"sentences":[{"index":0,"tokens":[{"index":1,"word":"From","originalText":"From","characterOffsetBegin":0,"characterOffsetEnd":4,"pos":"IN","before":"","after":""},{"index":2,"word":":","originalText":":","characterOffsetBegin":4,"characterOffsetEnd":5,"pos":":","before":"","after":" "},{"index":3,"word":"rainer@sun3.eeam.elin.co.at","originalText":"rainer@sun3.eeam.elin.co.at","characterOffsetBegin":6,"characterOffsetEnd":33,"pos":"NN","before":" ","after":" "},{"index":4,"word":"-LRB-","originalText":"(","characterOffsetBegin":34,"characterOffsetEnd":35,"pos":"-LRB-","before":" ","after":""},{"index":5,"word":"Rainer","originalText":"Rainer","characterOffsetBegin":35,"characterOffsetEnd":41,"pos":"NNP","before":"","after":" "},{"index":6,"word":"Hochreiter","originalText":"Hochreiter","characterOffsetBegin":42,"characterOffsetEnd":52,"pos":"NNP","before":" ","after":""},{"index":7,"word":"-RRB-","originalText":")","characterOffsetBegin":52,"characterOffsetEnd":53,"pos":"-RRB-","before":"","after":""},{"index":8,"word":"Subject","originalText":"Subject","characterOffsetBegin":53,"characterOffsetEnd":60,"pos":"NNP","before":"","after":""},{"index":9,"word":":","originalText":":","characterOffsetBegin":60,"characterOffsetEnd":61,"pos":":","before":"","after":" "},{"index":10,"word":"Re","originalText":"Re","characterOffsetBegin":62,"characterOffsetEnd":64,"pos":"NNP","before":" ","after":""},{"index":11,"word":":","originalText":":","characterOffsetBegin":64,"characterOffsetEnd":65,"pos":":","before":"","after":" "},{"index":12,"word":"Multi-screen","originalText":"Multi-screen","characterOffsetBegin":66,"characterOffsetEnd":78,"pos":"JJ","before":" ","after":" "},{"index":13,"word":"apps","originalText":"apps","characterOffsetBegin":79,"characterOffsetEnd":83,"pos":"NNS","before":" ","after":" "},{"index":14,"word":"and","originalText":"and","characterOffsetBegin":84,"characterOffsetEnd":87,"pos":"CC","before":" ","after":" "},{"index":15,"word":"window","originalText":"window","characterOffsetBegin":88,"characterOffsetEnd":94,"pos":"NN","before":" ","after":" "},{"index":16,"word":"managers","originalText":"managers","characterOffsetBegin":95,"characterOffsetEnd":103,"pos":"NNS","before":" ","after":""},{"index":17,"word":":","originalText":":","characterOffsetBegin":103,"characterOffsetEnd":104,"pos":":","before":"","after":" "},{"index":18,"word":"========================================================================","originalText":"========================================================================","characterOffsetBegin":105,"characterOffsetEnd":177,"pos":"CD","before":" ","after":""},{"index":19,"word":":","originalText":":","characterOffsetBegin":177,"characterOffsetEnd":178,"pos":":","before":"","after":" "},{"index":20,"word":"Jo","originalText":"Jo","characterOffsetBegin":179,"characterOffsetEnd":181,"pos":"NNP","before":" ","after":" "},{"index":21,"word":"Pelkey","originalText":"Pelkey","characterOffsetBegin":182,"characterOffsetEnd":188,"pos":"NNP","before":" ","after":"                                   "},{"index":22,"word":"Phone","originalText":"Phone","characterOffsetBegin":223,"characterOffsetEnd":228,"pos":"NNP","before":"                                   ","after":""},{"index":23,"word":":","originalText":":","characterOffsetBegin":228,"characterOffsetEnd":229,"pos":":","before":"","after":" "},{"index":24,"word":"-LRB-509-RRB-375-6947","originalText":"(509)375-6947","characterOffsetBegin":230,"characterOffsetEnd":243,"pos":"NN","before":" ","after":""},{"index":25,"word":":","originalText":":","characterOffsetBegin":243,"characterOffsetEnd":244,"pos":":","before":"","after":" "},{"index":26,"word":"Battelle","originalText":"Battelle","characterOffsetBegin":245,"characterOffsetEnd":253,"pos":"NNP","before":" ","after":" "},{"index":27,"word":"Pacific","originalText":"Pacific","characterOffsetBegin":254,"characterOffsetEnd":261,"pos":"NNP","before":" ","after":" "},{"index":28,"word":"Northwest","originalText":"Northwest","characterOffsetBegin":262,"characterOffsetEnd":271,"pos":"NNP","before":" ","after":" "},{"index":29,"word":"Labs","originalText":"Labs","characterOffsetBegin":272,"characterOffsetEnd":276,"pos":"NNPS","before":" ","after":"             "},{"index":30,"word":"Fax","originalText":"Fax","characterOffsetBegin":289,"characterOffsetEnd":292,"pos":"NNP","before":"             ","after":""},{"index":31,"word":":","originalText":":","characterOffsetBegin":292,"characterOffsetEnd":293,"pos":":","before":"","after":"   "},{"index":32,"word":"-LRB-509-RRB-375-3641","originalText":"(509)375-3641","characterOffsetBegin":296,"characterOffsetEnd":309,"pos":"NN","before":"   ","after":""},{"index":33,"word":":","originalText":":","characterOffsetBegin":309,"characterOffsetEnd":310,"pos":":","before":"","after":" "},{"index":34,"word":"Mail","originalText":"Mail","characterOffsetBegin":311,"characterOffsetEnd":315,"pos":"NNP","before":" ","after":" "},{"index":35,"word":"Stop","originalText":"Stop","characterOffsetBegin":316,"characterOffsetEnd":320,"pos":"NNP","before":" ","after":" "},{"index":36,"word":"K7-22","originalText":"K7-22","characterOffsetBegin":321,"characterOffsetEnd":326,"pos":"NNP","before":" ","after":"                             "},{"index":37,"word":"Email","originalText":"Email","characterOffsetBegin":355,"characterOffsetEnd":360,"pos":"VB","before":"                             ","after":""},{"index":38,"word":":","originalText":":","characterOffsetBegin":360,"characterOffsetEnd":361,"pos":":","before":"","after":" "},{"index":39,"word":"je_pelkey@pnl.gov:","originalText":"je_pelkey@pnl.gov:","characterOffsetBegin":362,"characterOffsetEnd":380,"pos":"NN","before":" ","after":" "},{"index":40,"word":"P.O.","originalText":"P.O.","characterOffsetBegin":381,"characterOffsetEnd":385,"pos":"NN","before":" ","after":" "},{"index":41,"word":"Box","originalText":"Box","characterOffsetBegin":386,"characterOffsetEnd":389,"pos":"NNP","before":" ","after":" "},{"index":42,"word":"999","originalText":"999","characterOffsetBegin":390,"characterOffsetEnd":393,"pos":"CD","before":" ","after":""},{"index":43,"word":":","originalText":":","characterOffsetBegin":393,"characterOffsetEnd":394,"pos":":","before":"","after":" "},{"index":44,"word":"Richland","originalText":"Richland","characterOffsetBegin":395,"characterOffsetEnd":403,"pos":"NNP","before":" ","after":""},{"index":45,"word":",","originalText":",","characterOffsetBegin":403,"characterOffsetEnd":404,"pos":",","before":"","after":" "},{"index":46,"word":"WA","originalText":"WA","characterOffsetBegin":405,"characterOffsetEnd":407,"pos":"NNP","before":" ","after":"  "},{"index":47,"word":"99352","originalText":"99352","characterOffsetBegin":409,"characterOffsetEnd":414,"pos":"CD","before":"  ","after":""},{"index":48,"word":":","originalText":":","characterOffsetBegin":414,"characterOffsetEnd":415,"pos":":","before":"","after":" "},{"index":49,"word":"========================================================================","originalText":"========================================================================","characterOffsetBegin":416,"characterOffsetEnd":488,"pos":"CD","before":" ","after":""},{"index":50,"word":"Hi","originalText":"Hi","characterOffsetBegin":488,"characterOffsetEnd":490,"pos":"NNP","before":"","after":" "},{"index":51,"word":"Jo","originalText":"Jo","characterOffsetBegin":491,"characterOffsetEnd":493,"pos":"NNP","before":" ","after":""},{"index":52,"word":",","originalText":",","characterOffsetBegin":493,"characterOffsetEnd":494,"pos":",","before":"","after":""},{"index":53,"word":"I","originalText":"I","characterOffsetBegin":494,"characterOffsetEnd":495,"pos":"PRP","before":"","after":""},{"index":54,"word":"'m","originalText":"'m","characterOffsetBegin":495,"characterOffsetEnd":497,"pos":"VBP","before":"","after":" "},{"index":55,"word":"also","originalText":"also","characterOffsetBegin":498,"characterOffsetEnd":502,"pos":"RB","before":" ","after":" "},{"index":56,"word":"interested","originalText":"interested","characterOffsetBegin":503,"characterOffsetEnd":513,"pos":"JJ","before":" ","after":" "},{"index":57,"word":"in","originalText":"in","characterOffsetBegin":514,"characterOffsetEnd":516,"pos":"IN","before":" ","after":" "},{"index":58,"word":"your","originalText":"your","characterOffsetBegin":517,"characterOffsetEnd":521,"pos":"PRP$","before":" ","after":" "},{"index":59,"word":"questions","originalText":"questions","characterOffsetBegin":522,"characterOffsetEnd":531,"pos":"NNS","before":" ","after":""},{"index":60,"word":",","originalText":",","characterOffsetBegin":531,"characterOffsetEnd":532,"pos":",","before":"","after":" "},{"index":61,"word":"so","originalText":"so","characterOffsetBegin":533,"characterOffsetEnd":535,"pos":"RB","before":" ","after":" "},{"index":62,"word":"if","originalText":"if","characterOffsetBegin":536,"characterOffsetEnd":538,"pos":"IN","before":" ","after":" "},{"index":63,"word":"you","originalText":"you","characterOffsetBegin":539,"characterOffsetEnd":542,"pos":"PRP","before":" ","after":" "},{"index":64,"word":"get","originalText":"get","characterOffsetBegin":543,"characterOffsetEnd":546,"pos":"VBP","before":" ","after":" "},{"index":65,"word":"anyanswers","originalText":"anyanswers","characterOffsetBegin":547,"characterOffsetEnd":557,"pos":"NNS","before":" ","after":" "},{"index":66,"word":"via","originalText":"via","characterOffsetBegin":558,"characterOffsetEnd":561,"pos":"IN","before":" ","after":" "},{"index":67,"word":"email","originalText":"email","characterOffsetBegin":562,"characterOffsetEnd":567,"pos":"NN","before":" ","after":" "},{"index":68,"word":"and","originalText":"and","characterOffsetBegin":568,"characterOffsetEnd":571,"pos":"CC","before":" ","after":" "},{"index":69,"word":"not","originalText":"not","characterOffsetBegin":572,"characterOffsetEnd":575,"pos":"RB","before":" ","after":" "},{"index":70,"word":"via","originalText":"via","characterOffsetBegin":576,"characterOffsetEnd":579,"pos":"IN","before":" ","after":" "},{"index":71,"word":"repost","originalText":"repost","characterOffsetBegin":580,"characterOffsetEnd":586,"pos":"JJ","before":" ","after":" "},{"index":72,"word":"please","originalText":"please","characterOffsetBegin":587,"characterOffsetEnd":593,"pos":"VB","before":" ","after":" "},{"index":73,"word":"let","originalText":"let","characterOffsetBegin":594,"characterOffsetEnd":597,"pos":"VB","before":" ","after":" "},{"index":74,"word":"me","originalText":"me","characterOffsetBegin":598,"characterOffsetEnd":600,"pos":"PRP","before":" ","after":" "},{"index":75,"word":"know.Thanks","originalText":"know.Thanks","characterOffsetBegin":601,"characterOffsetEnd":612,"pos":"NNPS","before":" ","after":""},{"index":76,"word":",","originalText":",","characterOffsetBegin":612,"characterOffsetEnd":613,"pos":",","before":"","after":" "},{"index":77,"word":"rainer","originalText":"rainer","characterOffsetBegin":614,"characterOffsetEnd":620,"pos":"NN","before":" ","after":""},{"index":78,"word":".","originalText":".","characterOffsetBegin":620,"characterOffsetEnd":621,"pos":".","before":"","after":""}]},{"index":1,"tokens":[{"index":1,"word":"--","originalText":"--","characterOffsetBegin":621,"characterOffsetEnd":623,"pos":":","before":"","after":" "},{"index":2,"word":"Rainer","originalText":"Rainer","characterOffsetBegin":624,"characterOffsetEnd":630,"pos":"NNP","before":" ","after":" "},{"index":3,"word":"Hochreiter","originalText":"Hochreiter","characterOffsetBegin":631,"characterOffsetEnd":641,"pos":"NNP","before":" ","after":"                "},{"index":4,"word":"|","originalText":"|","characterOffsetBegin":657,"characterOffsetEnd":658,"pos":"NNP","before":"                ","after":" "},{"index":5,"word":"Telephone","originalText":"Telephone","characterOffsetBegin":659,"characterOffsetEnd":668,"pos":"NNP","before":" ","after":""},{"index":6,"word":":","originalText":":","characterOffsetBegin":668,"characterOffsetEnd":669,"pos":":","before":"","after":" "},{"index":7,"word":"+43","originalText":"+43","characterOffsetBegin":670,"characterOffsetEnd":673,"pos":"CD","before":" ","after":" "},{"index":8,"word":"-LRB-","originalText":"(","characterOffsetBegin":674,"characterOffsetEnd":675,"pos":"-LRB-","before":" ","after":""},{"index":9,"word":"1","originalText":"1","characterOffsetBegin":675,"characterOffsetEnd":676,"pos":"CD","before":"","after":""},{"index":10,"word":"-RRB-","originalText":")","characterOffsetBegin":676,"characterOffsetEnd":677,"pos":"-RRB-","before":"","after":" "},{"index":11,"word":"89100","originalText":"89100","characterOffsetBegin":678,"characterOffsetEnd":683,"pos":"CD","before":" ","after":" "},{"index":12,"word":"/","originalText":"/","characterOffsetBegin":684,"characterOffsetEnd":685,"pos":":","before":" ","after":" "},{"index":13,"word":"3961ELIN-Energieanwendung","originalText":"3961ELIN-Energieanwendung","characterOffsetBegin":686,"characterOffsetEnd":711,"pos":"JJ","before":" ","after":" "},{"index":14,"word":"GesmbH","originalText":"GesmbH","characterOffsetBegin":712,"characterOffsetEnd":718,"pos":"NN","before":" ","after":"     "},{"index":15,"word":"|","originalText":"|","characterOffsetBegin":723,"characterOffsetEnd":724,"pos":"CD","before":"     ","after":" "},{"index":16,"word":"Telefax","originalText":"Telefax","characterOffsetBegin":725,"characterOffsetEnd":732,"pos":"NNP","before":" ","after":"  "},{"index":17,"word":":","originalText":":","characterOffsetBegin":734,"characterOffsetEnd":735,"pos":":","before":"  ","after":" "},{"index":18,"word":"+43","originalText":"+43","characterOffsetBegin":736,"characterOffsetEnd":739,"pos":"CD","before":" ","after":" "},{"index":19,"word":"-LRB-","originalText":"(","characterOffsetBegin":740,"characterOffsetEnd":741,"pos":"-LRB-","before":" ","after":""},{"index":20,"word":"1","originalText":"1","characterOffsetBegin":741,"characterOffsetEnd":742,"pos":"CD","before":"","after":""},{"index":21,"word":"-RRB-","originalText":")","characterOffsetBegin":742,"characterOffsetEnd":743,"pos":"-RRB-","before":"","after":" "},{"index":22,"word":"89100","originalText":"89100","characterOffsetBegin":744,"characterOffsetEnd":749,"pos":"CD","before":" ","after":" "},{"index":23,"word":"/","originalText":"/","characterOffsetBegin":750,"characterOffsetEnd":751,"pos":":","before":" ","after":" "},{"index":24,"word":"3387Penzingerstr","originalText":"3387Penzingerstr","characterOffsetBegin":752,"characterOffsetEnd":768,"pos":"NN","before":" ","after":""},{"index":25,"word":".","originalText":".","characterOffsetBegin":768,"characterOffsetEnd":769,"pos":".","before":"","after":" "}]},{"index":2,"tokens":[{"index":1,"word":"76","originalText":"76","characterOffsetBegin":770,"characterOffsetEnd":772,"pos":"CD","before":" ","after":"                 "},{"index":2,"word":"|","originalText":"|","characterOffsetBegin":789,"characterOffsetEnd":790,"pos":"CD","before":"                 ","after":""},{"index":3,"word":"A-1141","originalText":"A-1141","characterOffsetBegin":790,"characterOffsetEnd":796,"pos":"NN","before":"","after":" "},{"index":4,"word":"Wien","originalText":"Wien","characterOffsetBegin":797,"characterOffsetEnd":801,"pos":"NNP","before":" ","after":""},{"index":5,"word":",","originalText":",","characterOffsetBegin":801,"characterOffsetEnd":802,"pos":",","before":"","after":" "},{"index":6,"word":"Austria/Europe","originalText":"Austria/Europe","characterOffsetBegin":803,"characterOffsetEnd":817,"pos":"NNP","before":" ","after":"      "},{"index":7,"word":"|","originalText":"|","characterOffsetBegin":823,"characterOffsetEnd":824,"pos":"CD","before":"      ","after":" "},{"index":8,"word":"E-mail","originalText":"E-mail","characterOffsetBegin":825,"characterOffsetEnd":831,"pos":"NN","before":" ","after":"   "},{"index":9,"word":":","originalText":":","characterOffsetBegin":834,"characterOffsetEnd":835,"pos":":","before":"   ","after":" "},{"index":10,"word":"rainer@elin.co.at","originalText":"rainer@elin.co.at","characterOffsetBegin":836,"characterOffsetEnd":853,"pos":"NN","before":" ","after":""}]}]}