{"sentences":[{"index":0,"tokens":[{"index":1,"word":"From","originalText":"From","characterOffsetBegin":0,"characterOffsetEnd":4,"pos":"IN","before":"","after":""},{"index":2,"word":":","originalText":":","characterOffsetBegin":4,"characterOffsetEnd":5,"pos":":","before":"","after":" "},{"index":3,"word":"agallagh@slate.mines.colorado.edu","originalText":"agallagh@slate.mines.colorado.edu","characterOffsetBegin":6,"characterOffsetEnd":39,"pos":"NN","before":" ","after":" "},{"index":4,"word":"-LRB-","originalText":"(","characterOffsetBegin":40,"characterOffsetEnd":41,"pos":"-LRB-","before":" ","after":""},{"index":5,"word":"GALLAGHER","originalText":"GALLAGHER","characterOffsetBegin":41,"characterOffsetEnd":50,"pos":"NNP","before":"","after":" "},{"index":6,"word":"ANDREA","originalText":"ANDREA","characterOffsetBegin":51,"characterOffsetEnd":57,"pos":"NNP","before":" ","after":" "},{"index":7,"word":"J","originalText":"J","characterOffsetBegin":58,"characterOffsetEnd":59,"pos":"NNP","before":" ","after":" "},{"index":8,"word":"-RRB-","originalText":")","characterOffsetBegin":60,"characterOffsetEnd":61,"pos":"-RRB-","before":" ","after":""},{"index":9,"word":"Subject","originalText":"Subject","characterOffsetBegin":61,"characterOffsetEnd":68,"pos":"NNP","before":"","after":""},{"index":10,"word":":","originalText":":","characterOffsetBegin":68,"characterOffsetEnd":69,"pos":":","before":"","after":" "},{"index":11,"word":"Re","originalText":"Re","characterOffsetBegin":70,"characterOffsetEnd":72,"pos":"NNP","before":" ","after":""},{"index":12,"word":":","originalText":":","characterOffsetBegin":72,"characterOffsetEnd":73,"pos":":","before":"","after":" "},{"index":13,"word":"Forcing","originalText":"Forcing","characterOffsetBegin":74,"characterOffsetEnd":81,"pos":"VBG","before":" ","after":" "},{"index":14,"word":"a","originalText":"a","characterOffsetBegin":82,"characterOffsetEnd":83,"pos":"DT","before":" ","after":" "},{"index":15,"word":"window","originalText":"window","characterOffsetBegin":84,"characterOffsetEnd":90,"pos":"NN","before":" ","after":" "},{"index":16,"word":"manager","originalText":"manager","characterOffsetBegin":91,"characterOffsetEnd":98,"pos":"NN","before":" ","after":" "},{"index":17,"word":"to","originalText":"to","characterOffsetBegin":99,"characterOffsetEnd":101,"pos":"TO","before":" ","after":" "},{"index":18,"word":"accept","originalText":"accept","characterOffsetBegin":102,"characterOffsetEnd":108,"pos":"VB","before":" ","after":" "},{"index":19,"word":"specific","originalText":"specific","characterOffsetBegin":109,"characterOffsetEnd":117,"pos":"JJ","before":" ","after":" "},{"index":20,"word":"coordinates","originalText":"coordinates","characterOffsetBegin":118,"characterOffsetEnd":129,"pos":"VBZ","before":" ","after":" "},{"index":21,"word":"for","originalText":"for","characterOffsetBegin":130,"characterOffsetEnd":133,"pos":"IN","before":" ","after":" "},{"index":22,"word":"a","originalText":"a","characterOffsetBegin":134,"characterOffsetEnd":135,"pos":"DT","before":" ","after":" "},{"index":23,"word":"windowIn","originalText":"windowIn","characterOffsetBegin":136,"characterOffsetEnd":144,"pos":"NN","before":" ","after":" "},{"index":24,"word":"article","originalText":"article","characterOffsetBegin":145,"characterOffsetEnd":152,"pos":"NN","before":" ","after":" "},{"index":25,"word":"<C5r25y.HFz@cs.columbia.edu>","originalText":"<C5r25y.HFz@cs.columbia.edu>","characterOffsetBegin":153,"characterOffsetEnd":181,"pos":"NN","before":" ","after":" "},{"index":26,"word":"Ethan","originalText":"Ethan","characterOffsetBegin":182,"characterOffsetEnd":187,"pos":"NNP","before":" ","after":" "},{"index":27,"word":"Solomita","originalText":"Solomita","characterOffsetBegin":188,"characterOffsetEnd":196,"pos":"NNP","before":" ","after":" "},{"index":28,"word":"writes","originalText":"writes","characterOffsetBegin":197,"characterOffsetEnd":203,"pos":"VBZ","before":" ","after":""},{"index":29,"word":":","originalText":":","characterOffsetBegin":203,"characterOffsetEnd":204,"pos":":","before":"","after":""},{"index":30,"word":">","originalText":">","characterOffsetBegin":204,"characterOffsetEnd":205,"pos":"JJR","before":"","after":" "},{"index":31,"word":">","originalText":">","characterOffsetBegin":206,"characterOffsetEnd":207,"pos":"JJR","before":" ","after":" \t"},{"index":32,"word":"Hi","originalText":"Hi","characterOffsetBegin":209,"characterOffsetEnd":211,"pos":"NN","before":" \t","after":""},{"index":33,"word":".","originalText":".","characterOffsetBegin":211,"characterOffsetEnd":212,"pos":".","before":"","after":" "}]},{"index":1,"tokens":[{"index":1,"word":"I","originalText":"I","characterOffsetBegin":213,"characterOffsetEnd":214,"pos":"PRP","before":" ","after":""},{"index":2,"word":"'m","originalText":"'m","characterOffsetBegin":214,"characterOffsetEnd":216,"pos":"VBP","before":"","after":" "},{"index":3,"word":"trying","originalText":"trying","characterOffsetBegin":217,"characterOffsetEnd":223,"pos":"VBG","before":" ","after":" "},{"index":4,"word":"to","originalText":"to","characterOffsetBegin":224,"characterOffsetEnd":226,"pos":"TO","before":" ","after":" "},{"index":5,"word":"figure","originalText":"figure","characterOffsetBegin":227,"characterOffsetEnd":233,"pos":"VB","before":" ","after":" "},{"index":6,"word":"out","originalText":"out","characterOffsetBegin":234,"characterOffsetEnd":237,"pos":"RP","before":" ","after":" "},{"index":7,"word":"how","originalText":"how","characterOffsetBegin":238,"characterOffsetEnd":241,"pos":"WRB","before":" ","after":" "},{"index":8,"word":"to","originalText":"to","characterOffsetBegin":242,"characterOffsetEnd":244,"pos":"TO","before":" ","after":" "},{"index":9,"word":"make","originalText":"make","characterOffsetBegin":245,"characterOffsetEnd":249,"pos":"VB","before":" ","after":" "},{"index":10,"word":"a","originalText":"a","characterOffsetBegin":250,"characterOffsetEnd":251,"pos":"DT","before":" ","after":" "},{"index":11,"word":"window","originalText":"window","characterOffsetBegin":252,"characterOffsetEnd":258,"pos":"NN","before":" ","after":" "},{"index":12,"word":"manager","originalText":"manager","characterOffsetBegin":259,"characterOffsetEnd":266,"pos":"NN","before":" ","after":""},{"index":13,"word":">","originalText":">","characterOffsetBegin":266,"characterOffsetEnd":267,"pos":"JJR","before":"","after":" "},{"index":14,"word":"place","originalText":"place","characterOffsetBegin":268,"characterOffsetEnd":273,"pos":"NN","before":" ","after":" "},{"index":15,"word":"the","originalText":"the","characterOffsetBegin":274,"characterOffsetEnd":277,"pos":"DT","before":" ","after":" "},{"index":16,"word":"window","originalText":"window","characterOffsetBegin":278,"characterOffsetEnd":284,"pos":"NN","before":" ","after":" "},{"index":17,"word":"where","originalText":"where","characterOffsetBegin":285,"characterOffsetEnd":290,"pos":"WRB","before":" ","after":" "},{"index":18,"word":"the","originalText":"the","characterOffsetBegin":291,"characterOffsetEnd":294,"pos":"DT","before":" ","after":" "},{"index":19,"word":"create","originalText":"create","characterOffsetBegin":295,"characterOffsetEnd":301,"pos":"VB","before":" ","after":" "},{"index":20,"word":"window","originalText":"window","characterOffsetBegin":302,"characterOffsetEnd":308,"pos":"NN","before":" ","after":" "},{"index":21,"word":"command","originalText":"command","characterOffsetBegin":309,"characterOffsetEnd":316,"pos":"NN","before":" ","after":" "},{"index":22,"word":"tells","originalText":"tells","characterOffsetBegin":317,"characterOffsetEnd":322,"pos":"VBZ","before":" ","after":" "},{"index":23,"word":"it","originalText":"it","characterOffsetBegin":323,"characterOffsetEnd":325,"pos":"PRP","before":" ","after":""},{"index":24,"word":",","originalText":",","characterOffsetBegin":325,"characterOffsetEnd":326,"pos":",","before":"","after":""},{"index":25,"word":">","originalText":">","characterOffsetBegin":326,"characterOffsetEnd":327,"pos":"JJR","before":"","after":" "},{"index":26,"word":"regardless","originalText":"regardless","characterOffsetBegin":328,"characterOffsetEnd":338,"pos":"RB","before":" ","after":" "},{"index":27,"word":"of","originalText":"of","characterOffsetBegin":339,"characterOffsetEnd":341,"pos":"IN","before":" ","after":" "},{"index":28,"word":"what","originalText":"what","characterOffsetBegin":342,"characterOffsetEnd":346,"pos":"WP","before":" ","after":" "},{"index":29,"word":"it","originalText":"it","characterOffsetBegin":347,"characterOffsetEnd":349,"pos":"PRP","before":" ","after":" "},{"index":30,"word":"may","originalText":"may","characterOffsetBegin":350,"characterOffsetEnd":353,"pos":"MD","before":" ","after":" "},{"index":31,"word":"think","originalText":"think","characterOffsetBegin":354,"characterOffsetEnd":359,"pos":"VB","before":" ","after":" "},{"index":32,"word":"is","originalText":"is","characterOffsetBegin":360,"characterOffsetEnd":362,"pos":"VBZ","before":" ","after":" "},{"index":33,"word":"right","originalText":"right","characterOffsetBegin":363,"characterOffsetEnd":368,"pos":"RB","before":" ","after":""},{"index":34,"word":".","originalText":".","characterOffsetBegin":368,"characterOffsetEnd":369,"pos":".","before":"","after":" "}]},{"index":2,"tokens":[{"index":1,"word":"-LRB-","originalText":"(","characterOffsetBegin":370,"characterOffsetEnd":371,"pos":"-LRB-","before":" ","after":""},{"index":2,"word":"my","originalText":"my","characterOffsetBegin":371,"characterOffsetEnd":373,"pos":"PRP$","before":"","after":" "},{"index":3,"word":"application","originalText":"application","characterOffsetBegin":374,"characterOffsetEnd":385,"pos":"NN","before":" ","after":" "},{"index":4,"word":"has","originalText":"has","characterOffsetBegin":386,"characterOffsetEnd":389,"pos":"VBZ","before":" ","after":""},{"index":5,"word":">","originalText":">","characterOffsetBegin":389,"characterOffsetEnd":390,"pos":"JJR","before":"","after":" "},{"index":6,"word":"reason","originalText":"reason","characterOffsetBegin":391,"characterOffsetEnd":397,"pos":"NN","before":" ","after":" "},{"index":7,"word":"to","originalText":"to","characterOffsetBegin":398,"characterOffsetEnd":400,"pos":"TO","before":" ","after":" "},{"index":8,"word":"know","originalText":"know","characterOffsetBegin":401,"characterOffsetEnd":405,"pos":"VB","before":" ","after":" "},{"index":9,"word":"better","originalText":"better","characterOffsetBegin":406,"characterOffsetEnd":412,"pos":"JJR","before":" ","after":""},{"index":10,"word":"-RRB-","originalText":")","characterOffsetBegin":412,"characterOffsetEnd":413,"pos":"-RRB-","before":"","after":""},{"index":11,"word":">","originalText":">","characterOffsetBegin":413,"characterOffsetEnd":414,"pos":"JJR","before":"","after":" "},{"index":12,"word":">","originalText":">","characterOffsetBegin":415,"characterOffsetEnd":416,"pos":"JJR","before":" ","after":" \t"},{"index":13,"word":"I","originalText":"I","characterOffsetBegin":418,"characterOffsetEnd":419,"pos":"PRP","before":" \t","after":" "},{"index":14,"word":"do","originalText":"do","characterOffsetBegin":420,"characterOffsetEnd":422,"pos":"VBP","before":" ","after":""},{"index":15,"word":"n't","originalText":"n't","characterOffsetBegin":422,"characterOffsetEnd":425,"pos":"RB","before":"","after":" "},{"index":16,"word":"want","originalText":"want","characterOffsetBegin":426,"characterOffsetEnd":430,"pos":"VB","before":" ","after":" "},{"index":17,"word":"to","originalText":"to","characterOffsetBegin":431,"characterOffsetEnd":433,"pos":"TO","before":" ","after":" "},{"index":18,"word":"set","originalText":"set","characterOffsetBegin":434,"characterOffsetEnd":437,"pos":"VB","before":" ","after":" "},{"index":19,"word":"the","originalText":"the","characterOffsetBegin":438,"characterOffsetEnd":441,"pos":"DT","before":" ","after":" "},{"index":20,"word":"override-redirect","originalText":"override-redirect","characterOffsetBegin":442,"characterOffsetEnd":459,"pos":"NN","before":" ","after":" "},{"index":21,"word":"because","originalText":"because","characterOffsetBegin":460,"characterOffsetEnd":467,"pos":"IN","before":" ","after":" "},{"index":22,"word":"I","originalText":"I","characterOffsetBegin":468,"characterOffsetEnd":469,"pos":"PRP","before":" ","after":" "},{"index":23,"word":"do","originalText":"do","characterOffsetBegin":470,"characterOffsetEnd":472,"pos":"VBP","before":" ","after":""},{"index":24,"word":">","originalText":">","characterOffsetBegin":472,"characterOffsetEnd":473,"pos":"JJR","before":"","after":" "},{"index":25,"word":"want","originalText":"want","characterOffsetBegin":474,"characterOffsetEnd":478,"pos":"VBP","before":" ","after":" "},{"index":26,"word":"all","originalText":"all","characterOffsetBegin":479,"characterOffsetEnd":482,"pos":"PDT","before":" ","after":" "},{"index":27,"word":"the","originalText":"the","characterOffsetBegin":483,"characterOffsetEnd":486,"pos":"DT","before":" ","after":" "},{"index":28,"word":"embellishments","originalText":"embellishments","characterOffsetBegin":487,"characterOffsetEnd":501,"pos":"NNS","before":" ","after":" "},{"index":29,"word":"that","originalText":"that","characterOffsetBegin":502,"characterOffsetEnd":506,"pos":"IN","before":" ","after":" "},{"index":30,"word":"the","originalText":"the","characterOffsetBegin":507,"characterOffsetEnd":510,"pos":"DT","before":" ","after":" "},{"index":31,"word":"window","originalText":"window","characterOffsetBegin":511,"characterOffsetEnd":517,"pos":"NN","before":" ","after":" "},{"index":32,"word":"manager","originalText":"manager","characterOffsetBegin":518,"characterOffsetEnd":525,"pos":"NN","before":" ","after":" "},{"index":33,"word":"gives","originalText":"gives","characterOffsetBegin":526,"characterOffsetEnd":531,"pos":"VBZ","before":" ","after":""},{"index":34,"word":",","originalText":",","characterOffsetBegin":531,"characterOffsetEnd":532,"pos":",","before":"","after":" "},{"index":35,"word":"I","originalText":"I","characterOffsetBegin":533,"characterOffsetEnd":534,"pos":"PRP","before":" ","after":" "},{"index":36,"word":"just","originalText":"just","characterOffsetBegin":535,"characterOffsetEnd":539,"pos":"RB","before":" ","after":""},{"index":37,"word":">","originalText":">","characterOffsetBegin":539,"characterOffsetEnd":540,"pos":"JJR","before":"","after":" "},{"index":38,"word":"want","originalText":"want","characterOffsetBegin":541,"characterOffsetEnd":545,"pos":"VBP","before":" ","after":" "},{"index":39,"word":"the","originalText":"the","characterOffsetBegin":546,"characterOffsetEnd":549,"pos":"DT","before":" ","after":" "},{"index":40,"word":"wm","originalText":"wm","characterOffsetBegin":550,"characterOffsetEnd":552,"pos":"NN","before":" ","after":" "},{"index":41,"word":"to","originalText":"to","characterOffsetBegin":553,"characterOffsetEnd":555,"pos":"TO","before":" ","after":" "},{"index":42,"word":"accept","originalText":"accept","characterOffsetBegin":556,"characterOffsetEnd":562,"pos":"VB","before":" ","after":" "},{"index":43,"word":"my","originalText":"my","characterOffsetBegin":563,"characterOffsetEnd":565,"pos":"PRP$","before":" ","after":" "},{"index":44,"word":"choice","originalText":"choice","characterOffsetBegin":566,"characterOffsetEnd":572,"pos":"NN","before":" ","after":" "},{"index":45,"word":"of","originalText":"of","characterOffsetBegin":573,"characterOffsetEnd":575,"pos":"IN","before":" ","after":" "},{"index":46,"word":"location","originalText":"location","characterOffsetBegin":576,"characterOffsetEnd":584,"pos":"NN","before":" ","after":""},{"index":47,"word":".","originalText":".","characterOffsetBegin":584,"characterOffsetEnd":585,"pos":".","before":"","after":"\t"}]},{"index":3,"tokens":[{"index":1,"word":"window","originalText":"window","characterOffsetBegin":586,"characterOffsetEnd":592,"pos":"NN","before":"\t","after":" "},{"index":2,"word":"=","originalText":"=","characterOffsetBegin":593,"characterOffsetEnd":594,"pos":"JJ","before":" ","after":" "},{"index":3,"word":"XCreateWindow","originalText":"XCreateWindow","characterOffsetBegin":595,"characterOffsetEnd":608,"pos":"NN","before":" ","after":""},{"index":4,"word":"-LRB-","originalText":"(","characterOffsetBegin":608,"characterOffsetEnd":609,"pos":"-LRB-","before":"","after":""},{"index":5,"word":"...","originalText":"...","characterOffsetBegin":609,"characterOffsetEnd":612,"pos":":","before":"","after":""},{"index":6,"word":"-RRB-","originalText":")","characterOffsetBegin":612,"characterOffsetEnd":613,"pos":"-RRB-","before":"","after":""},{"index":7,"word":";","originalText":";","characterOffsetBegin":613,"characterOffsetEnd":614,"pos":":","before":"","after":"\t"},{"index":8,"word":"XSetTransientForHint","originalText":"XSetTransientForHint","characterOffsetBegin":615,"characterOffsetEnd":635,"pos":"NN","before":"\t","after":""},{"index":9,"word":"-LRB-","originalText":"(","characterOffsetBegin":635,"characterOffsetEnd":636,"pos":"-LRB-","before":"","after":""},{"index":10,"word":"display","originalText":"display","characterOffsetBegin":636,"characterOffsetEnd":643,"pos":"NN","before":"","after":""},{"index":11,"word":",","originalText":",","characterOffsetBegin":643,"characterOffsetEnd":644,"pos":",","before":"","after":" "},{"index":12,"word":"window","originalText":"window","characterOffsetBegin":645,"characterOffsetEnd":651,"pos":"NN","before":" ","after":""},{"index":13,"word":",","originalText":",","characterOffsetBegin":651,"characterOffsetEnd":652,"pos":",","before":"","after":" "},{"index":14,"word":"window","originalText":"window","characterOffsetBegin":653,"characterOffsetEnd":659,"pos":"NN","before":" ","after":""},{"index":15,"word":"-RRB-","originalText":")","characterOffsetBegin":659,"characterOffsetEnd":660,"pos":"-RRB-","before":"","after":""},{"index":16,"word":";","originalText":";","characterOffsetBegin":660,"characterOffsetEnd":661,"pos":":","before":"","after":"\t"},{"index":17,"word":"XMapWindow","originalText":"XMapWindow","characterOffsetBegin":662,"characterOffsetEnd":672,"pos":"NN","before":"\t","after":""},{"index":18,"word":"-LRB-","originalText":"(","characterOffsetBegin":672,"characterOffsetEnd":673,"pos":"-LRB-","before":"","after":""},{"index":19,"word":"...","originalText":"...","characterOffsetBegin":673,"characterOffsetEnd":676,"pos":":","before":"","after":""},{"index":20,"word":"-RRB-","originalText":")","characterOffsetBegin":676,"characterOffsetEnd":677,"pos":"-RRB-","before":"","after":""},{"index":21,"word":";","originalText":";","characterOffsetBegin":677,"characterOffsetEnd":678,"pos":":","before":"","after":""},{"index":22,"word":"This","originalText":"This","characterOffsetBegin":678,"characterOffsetEnd":682,"pos":"DT","before":"","after":" "},{"index":23,"word":"is","originalText":"is","characterOffsetBegin":683,"characterOffsetEnd":685,"pos":"VBZ","before":" ","after":" "},{"index":24,"word":"probably","originalText":"probably","characterOffsetBegin":686,"characterOffsetEnd":694,"pos":"RB","before":" ","after":" "},{"index":25,"word":"cheating","originalText":"cheating","characterOffsetBegin":695,"characterOffsetEnd":703,"pos":"NN","before":" ","after":""},{"index":26,"word":",","originalText":",","characterOffsetBegin":703,"characterOffsetEnd":704,"pos":",","before":"","after":" "},{"index":27,"word":"and","originalText":"and","characterOffsetBegin":705,"characterOffsetEnd":708,"pos":"CC","before":" ","after":" "},{"index":28,"word":"some","originalText":"some","characterOffsetBegin":709,"characterOffsetEnd":713,"pos":"DT","before":" ","after":" "},{"index":29,"word":"window","originalText":"window","characterOffsetBegin":714,"characterOffsetEnd":720,"pos":"NN","before":" ","after":" "},{"index":30,"word":"managers","originalText":"managers","characterOffsetBegin":721,"characterOffsetEnd":729,"pos":"NNS","before":" ","after":" "},{"index":31,"word":"might","originalText":"might","characterOffsetBegin":730,"characterOffsetEnd":735,"pos":"MD","before":" ","after":" "},{"index":32,"word":"STILL","originalText":"STILL","characterOffsetBegin":736,"characterOffsetEnd":741,"pos":"RB","before":" ","after":" "},{"index":33,"word":"refuse","originalText":"refuse","characterOffsetBegin":742,"characterOffsetEnd":748,"pos":"VB","before":" ","after":" "},{"index":34,"word":"to","originalText":"to","characterOffsetBegin":749,"characterOffsetEnd":751,"pos":"TO","before":" ","after":" "},{"index":35,"word":"give","originalText":"give","characterOffsetBegin":752,"characterOffsetEnd":756,"pos":"VB","before":" ","after":" "},{"index":36,"word":"it","originalText":"it","characterOffsetBegin":757,"characterOffsetEnd":759,"pos":"PRP","before":" ","after":" "},{"index":37,"word":"a","originalText":"a","characterOffsetBegin":760,"characterOffsetEnd":761,"pos":"DT","before":" ","after":" "},{"index":38,"word":"border","originalText":"border","characterOffsetBegin":762,"characterOffsetEnd":768,"pos":"NN","before":" ","after":" "},{"index":39,"word":"and","originalText":"and","characterOffsetBegin":769,"characterOffsetEnd":772,"pos":"CC","before":" ","after":" "},{"index":40,"word":"all","originalText":"all","characterOffsetBegin":773,"characterOffsetEnd":776,"pos":"DT","before":" ","after":" "},{"index":41,"word":"that","originalText":"that","characterOffsetBegin":777,"characterOffsetEnd":781,"pos":"IN","before":" ","after":" "},{"index":42,"word":"other","originalText":"other","characterOffsetBegin":782,"characterOffsetEnd":787,"pos":"JJ","before":" ","after":" "},{"index":43,"word":"stuff","originalText":"stuff","characterOffsetBegin":788,"characterOffsetEnd":793,"pos":"NN","before":" ","after":""},{"index":44,"word":",","originalText":",","characterOffsetBegin":793,"characterOffsetEnd":794,"pos":",","before":"","after":" "},{"index":45,"word":"but","originalText":"but","characterOffsetBegin":795,"characterOffsetEnd":798,"pos":"CC","before":" ","after":" "},{"index":46,"word":"it","originalText":"it","characterOffsetBegin":799,"characterOffsetEnd":801,"pos":"PRP","before":" ","after":" "},{"index":47,"word":"usually","originalText":"usually","characterOffsetBegin":802,"characterOffsetEnd":809,"pos":"RB","before":" ","after":" "},{"index":48,"word":"works","originalText":"works","characterOffsetBegin":810,"characterOffsetEnd":815,"pos":"VBZ","before":" ","after":""},{"index":49,"word":".","originalText":".","characterOffsetBegin":815,"characterOffsetEnd":816,"pos":".","before":"","after":""}]}]}