{"sentences":[{"index":0,"tokens":[{"index":1,"word":"From","originalText":"From","characterOffsetBegin":0,"characterOffsetEnd":4,"pos":"IN","before":"","after":""},{"index":2,"word":":","originalText":":","characterOffsetBegin":4,"characterOffsetEnd":5,"pos":":","before":"","after":" "},{"index":3,"word":"buzz@bear.com","originalText":"buzz@bear.com","characterOffsetBegin":6,"characterOffsetEnd":19,"pos":"NN","before":" ","after":" "},{"index":4,"word":"-LRB-","originalText":"(","characterOffsetBegin":20,"characterOffsetEnd":21,"pos":"-LRB-","before":" ","after":""},{"index":5,"word":"Buzz","originalText":"Buzz","characterOffsetBegin":21,"characterOffsetEnd":25,"pos":"NNP","before":"","after":" "},{"index":6,"word":"Moschetti","originalText":"Moschetti","characterOffsetBegin":26,"characterOffsetEnd":35,"pos":"NNP","before":" ","after":""},{"index":7,"word":"-RRB-","originalText":")","characterOffsetBegin":35,"characterOffsetEnd":36,"pos":"-RRB-","before":"","after":""},{"index":8,"word":"Subject","originalText":"Subject","characterOffsetBegin":36,"characterOffsetEnd":43,"pos":"NNP","before":"","after":""},{"index":9,"word":":","originalText":":","characterOffsetBegin":43,"characterOffsetEnd":44,"pos":":","before":"","after":" "},{"index":10,"word":"Re","originalText":"Re","characterOffsetBegin":45,"characterOffsetEnd":47,"pos":"NNP","before":" ","after":""},{"index":11,"word":":","originalText":":","characterOffsetBegin":47,"characterOffsetEnd":48,"pos":":","before":"","after":" "},{"index":12,"word":"XCopyPlane","originalText":"XCopyPlane","characterOffsetBegin":49,"characterOffsetEnd":59,"pos":"NN","before":" ","after":" "},{"index":13,"word":"QuestionIn","originalText":"QuestionIn","characterOffsetBegin":60,"characterOffsetEnd":70,"pos":"NN","before":" ","after":" "},{"index":14,"word":"article","originalText":"article","characterOffsetBegin":71,"characterOffsetEnd":78,"pos":"NN","before":" ","after":" "},{"index":15,"word":"<WHALEY.93Apr19171228@sigma.kpc.com>","originalText":"<WHALEY.93Apr19171228@sigma.kpc.com>","characterOffsetBegin":79,"characterOffsetEnd":115,"pos":"NN","before":" ","after":" "},{"index":16,"word":"whaley@sigma.kpc.com","originalText":"whaley@sigma.kpc.com","characterOffsetBegin":116,"characterOffsetEnd":136,"pos":"NN","before":" ","after":" "},{"index":17,"word":"-LRB-","originalText":"(","characterOffsetBegin":137,"characterOffsetEnd":138,"pos":"-LRB-","before":" ","after":""},{"index":18,"word":"Ken","originalText":"Ken","characterOffsetBegin":138,"characterOffsetEnd":141,"pos":"NNP","before":"","after":" "},{"index":19,"word":"Whaley","originalText":"Whaley","characterOffsetBegin":142,"characterOffsetEnd":148,"pos":"NNP","before":" ","after":""},{"index":20,"word":"-RRB-","originalText":")","characterOffsetBegin":148,"characterOffsetEnd":149,"pos":"-RRB-","before":"","after":" "},{"index":21,"word":"writes","originalText":"writes","characterOffsetBegin":150,"characterOffsetEnd":156,"pos":"VBZ","before":" ","after":""},{"index":22,"word":":","originalText":":","characterOffsetBegin":156,"characterOffsetEnd":157,"pos":":","before":"","after":""},{"index":23,"word":">","originalText":">","characterOffsetBegin":157,"characterOffsetEnd":158,"pos":"JJR","before":"","after":"   "},{"index":24,"word":"As","originalText":"As","characterOffsetBegin":161,"characterOffsetEnd":163,"pos":"IN","before":"   ","after":" "},{"index":25,"word":"per","originalText":"per","characterOffsetBegin":164,"characterOffsetEnd":167,"pos":"IN","before":" ","after":" "},{"index":26,"word":"your","originalText":"your","characterOffsetBegin":168,"characterOffsetEnd":172,"pos":"PRP$","before":" ","after":" "},{"index":27,"word":"question","originalText":"question","characterOffsetBegin":173,"characterOffsetEnd":181,"pos":"NN","before":" ","after":""},{"index":28,"word":":","originalText":":","characterOffsetBegin":181,"characterOffsetEnd":182,"pos":":","before":"","after":" "},{"index":29,"word":"why","originalText":"why","characterOffsetBegin":183,"characterOffsetEnd":186,"pos":"WRB","before":" ","after":" "},{"index":30,"word":"not","originalText":"not","characterOffsetBegin":187,"characterOffsetEnd":190,"pos":"RB","before":" ","after":" "},{"index":31,"word":"have","originalText":"have","characterOffsetBegin":191,"characterOffsetEnd":195,"pos":"VB","before":" ","after":" "},{"index":32,"word":"the","originalText":"the","characterOffsetBegin":196,"characterOffsetEnd":199,"pos":"DT","before":" ","after":" "},{"index":33,"word":"button","originalText":"button","characterOffsetBegin":200,"characterOffsetEnd":206,"pos":"NN","before":" ","after":" "},{"index":34,"word":"handler","originalText":"handler","characterOffsetBegin":207,"characterOffsetEnd":214,"pos":"NN","before":" ","after":" "},{"index":35,"word":"add","originalText":"add","characterOffsetBegin":215,"characterOffsetEnd":218,"pos":"VBP","before":" ","after":" "},{"index":36,"word":"the","originalText":"the","characterOffsetBegin":219,"characterOffsetEnd":222,"pos":"DT","before":" ","after":" "},{"index":37,"word":"object","originalText":"object","characterOffsetBegin":223,"characterOffsetEnd":229,"pos":"NN","before":" ","after":""},{"index":38,"word":",","originalText":",","characterOffsetBegin":229,"characterOffsetEnd":230,"pos":",","before":"","after":" "},{"index":39,"word":"and","originalText":"and","characterOffsetBegin":231,"characterOffsetEnd":234,"pos":"CC","before":" ","after":""},{"index":40,"word":">","originalText":">","characterOffsetBegin":234,"characterOffsetEnd":235,"pos":"JJR","before":"","after":"   "},{"index":41,"word":"then","originalText":"then","characterOffsetBegin":238,"characterOffsetEnd":242,"pos":"RB","before":"   ","after":" "},{"index":42,"word":"call","originalText":"call","characterOffsetBegin":243,"characterOffsetEnd":247,"pos":"VB","before":" ","after":" "},{"index":43,"word":"the","originalText":"the","characterOffsetBegin":248,"characterOffsetEnd":251,"pos":"DT","before":" ","after":" "},{"index":44,"word":"``","originalText":"\"","characterOffsetBegin":252,"characterOffsetEnd":253,"pos":"``","before":" ","after":""},{"index":45,"word":"window_redraw","originalText":"window_redraw","characterOffsetBegin":253,"characterOffsetEnd":266,"pos":"NN","before":"","after":""},{"index":46,"word":"-LRB-","originalText":"(","characterOffsetBegin":266,"characterOffsetEnd":267,"pos":"-LRB-","before":"","after":""},{"index":47,"word":"-RRB-","originalText":")","characterOffsetBegin":267,"characterOffsetEnd":268,"pos":"-RRB-","before":"","after":""},{"index":48,"word":"''","originalText":"\"","characterOffsetBegin":268,"characterOffsetEnd":269,"pos":"''","before":"","after":" "},{"index":49,"word":"-LRB-","originalText":"(","characterOffsetBegin":270,"characterOffsetEnd":271,"pos":"-LRB-","before":" ","after":""},{"index":50,"word":"or","originalText":"or","characterOffsetBegin":271,"characterOffsetEnd":273,"pos":"CC","before":"","after":" "},{"index":51,"word":"whatever","originalText":"whatever","characterOffsetBegin":274,"characterOffsetEnd":282,"pos":"WDT","before":" ","after":""},{"index":52,"word":"-RRB-","originalText":")","characterOffsetBegin":282,"characterOffsetEnd":283,"pos":"-RRB-","before":"","after":" "},{"index":53,"word":"directly","originalText":"directly","characterOffsetBegin":284,"characterOffsetEnd":292,"pos":"RB","before":" ","after":""},{"index":54,"word":"?","originalText":"?","characterOffsetBegin":292,"characterOffsetEnd":293,"pos":".","before":"","after":"  "}]},{"index":1,"tokens":[{"index":1,"word":"Although","originalText":"Although","characterOffsetBegin":295,"characterOffsetEnd":303,"pos":"IN","before":"  ","after":""},{"index":2,"word":",","originalText":",","characterOffsetBegin":303,"characterOffsetEnd":304,"pos":",","before":"","after":" "},{"index":3,"word":"dependingThis","originalText":"dependingThis","characterOffsetBegin":305,"characterOffsetEnd":318,"pos":"NNP","before":" ","after":" "},{"index":4,"word":"design","originalText":"design","characterOffsetBegin":319,"characterOffsetEnd":325,"pos":"NN","before":" ","after":" "},{"index":5,"word":"will","originalText":"will","characterOffsetBegin":326,"characterOffsetEnd":330,"pos":"MD","before":" ","after":" "},{"index":6,"word":"work","originalText":"work","characterOffsetBegin":331,"characterOffsetEnd":335,"pos":"VB","before":" ","after":" "},{"index":7,"word":"but","originalText":"but","characterOffsetBegin":336,"characterOffsetEnd":339,"pos":"CC","before":" ","after":" "},{"index":8,"word":"I","originalText":"I","characterOffsetBegin":340,"characterOffsetEnd":341,"pos":"PRP","before":" ","after":" "},{"index":9,"word":"do","originalText":"do","characterOffsetBegin":342,"characterOffsetEnd":344,"pos":"VBP","before":" ","after":""},{"index":10,"word":"n't","originalText":"n't","characterOffsetBegin":344,"characterOffsetEnd":347,"pos":"RB","before":"","after":" "},{"index":11,"word":"think","originalText":"think","characterOffsetBegin":348,"characterOffsetEnd":353,"pos":"VB","before":" ","after":" "},{"index":12,"word":"it","originalText":"it","characterOffsetBegin":354,"characterOffsetEnd":356,"pos":"PRP","before":" ","after":" "},{"index":13,"word":"can","originalText":"can","characterOffsetBegin":357,"characterOffsetEnd":360,"pos":"MD","before":" ","after":" "},{"index":14,"word":"take","originalText":"take","characterOffsetBegin":361,"characterOffsetEnd":365,"pos":"VB","before":" ","after":" "},{"index":15,"word":"easily","originalText":"easily","characterOffsetBegin":366,"characterOffsetEnd":372,"pos":"RB","before":" ","after":" "},{"index":16,"word":"take","originalText":"take","characterOffsetBegin":373,"characterOffsetEnd":377,"pos":"VB","before":" ","after":" "},{"index":17,"word":"advantageof","originalText":"advantageof","characterOffsetBegin":378,"characterOffsetEnd":389,"pos":"JJ","before":" ","after":" "},{"index":18,"word":"expose","originalText":"expose","characterOffsetBegin":390,"characterOffsetEnd":396,"pos":"VB","before":" ","after":" "},{"index":19,"word":"event","originalText":"event","characterOffsetBegin":397,"characterOffsetEnd":402,"pos":"NN","before":" ","after":" "},{"index":20,"word":"redraw","originalText":"redraw","characterOffsetBegin":403,"characterOffsetEnd":409,"pos":"VB","before":" ","after":" "},{"index":21,"word":"optimization","originalText":"optimization","characterOffsetBegin":410,"characterOffsetEnd":422,"pos":"NN","before":" ","after":""},{"index":22,"word":";","originalText":";","characterOffsetBegin":422,"characterOffsetEnd":423,"pos":":","before":"","after":" "},{"index":23,"word":"that","originalText":"that","characterOffsetBegin":424,"characterOffsetEnd":428,"pos":"DT","before":" ","after":" "},{"index":24,"word":"is","originalText":"is","characterOffsetBegin":429,"characterOffsetEnd":431,"pos":"VBZ","before":" ","after":""},{"index":25,"word":",","originalText":",","characterOffsetBegin":431,"characterOffsetEnd":432,"pos":",","before":"","after":" "},{"index":26,"word":"the","originalText":"the","characterOffsetBegin":433,"characterOffsetEnd":436,"pos":"DT","before":" ","after":" "},{"index":27,"word":"whole","originalText":"whole","characterOffsetBegin":437,"characterOffsetEnd":442,"pos":"JJ","before":" ","after":" "},{"index":28,"word":"window","originalText":"window","characterOffsetBegin":443,"characterOffsetEnd":449,"pos":"NN","before":" ","after":" "},{"index":29,"word":"will","originalText":"will","characterOffsetBegin":450,"characterOffsetEnd":454,"pos":"MD","before":" ","after":" "},{"index":30,"word":"beredrawn","originalText":"beredrawn","characterOffsetBegin":455,"characterOffsetEnd":464,"pos":"VB","before":" ","after":""},{"index":31,"word":",","originalText":",","characterOffsetBegin":464,"characterOffsetEnd":465,"pos":",","before":"","after":" "},{"index":32,"word":"not","originalText":"not","characterOffsetBegin":466,"characterOffsetEnd":469,"pos":"RB","before":" ","after":" "},{"index":33,"word":"just","originalText":"just","characterOffsetBegin":470,"characterOffsetEnd":474,"pos":"RB","before":" ","after":" "},{"index":34,"word":"the","originalText":"the","characterOffsetBegin":475,"characterOffsetEnd":478,"pos":"DT","before":" ","after":" "},{"index":35,"word":"area","originalText":"area","characterOffsetBegin":479,"characterOffsetEnd":483,"pos":"NN","before":" ","after":" "},{"index":36,"word":"with","originalText":"with","characterOffsetBegin":484,"characterOffsetEnd":488,"pos":"IN","before":" ","after":" "},{"index":37,"word":"the","originalText":"the","characterOffsetBegin":489,"characterOffsetEnd":492,"pos":"DT","before":" ","after":" "},{"index":38,"word":"new","originalText":"new","characterOffsetBegin":493,"characterOffsetEnd":496,"pos":"JJ","before":" ","after":" "},{"index":39,"word":"item.P.S","originalText":"item.P.S","characterOffsetBegin":497,"characterOffsetEnd":505,"pos":"NN","before":" ","after":""},{"index":40,"word":".","originalText":".","characterOffsetBegin":505,"characterOffsetEnd":506,"pos":".","before":"","after":"  "}]},{"index":2,"tokens":[{"index":1,"word":"I","originalText":"I","characterOffsetBegin":508,"characterOffsetEnd":509,"pos":"PRP","before":"  ","after":""},{"index":2,"word":"'m","originalText":"'m","characterOffsetBegin":509,"characterOffsetEnd":511,"pos":"VBP","before":"","after":" "},{"index":3,"word":"replying","originalText":"replying","characterOffsetBegin":512,"characterOffsetEnd":520,"pos":"VBG","before":" ","after":" "},{"index":4,"word":"here","originalText":"here","characterOffsetBegin":521,"characterOffsetEnd":525,"pos":"RB","before":" ","after":" "},{"index":5,"word":"because","originalText":"because","characterOffsetBegin":526,"characterOffsetEnd":533,"pos":"IN","before":" ","after":" "},{"index":6,"word":"my/your","originalText":"my/your","characterOffsetBegin":534,"characterOffsetEnd":541,"pos":"JJ","before":" ","after":" "},{"index":7,"word":"mailer","originalText":"mailer","characterOffsetBegin":542,"characterOffsetEnd":548,"pos":"NN","before":" ","after":" "},{"index":8,"word":"did","originalText":"did","characterOffsetBegin":549,"characterOffsetEnd":552,"pos":"VBD","before":" ","after":""},{"index":9,"word":"n't","originalText":"n't","characterOffsetBegin":552,"characterOffsetEnd":555,"pos":"RB","before":"","after":" "},{"index":10,"word":"agree","originalText":"agree","characterOffsetBegin":556,"characterOffsetEnd":561,"pos":"VB","before":" ","after":" "},{"index":11,"word":"with","originalText":"with","characterOffsetBegin":562,"characterOffsetEnd":566,"pos":"IN","before":" ","after":" "},{"index":12,"word":"the","originalText":"the","characterOffsetBegin":567,"characterOffsetEnd":570,"pos":"DT","before":" ","after":"      "},{"index":13,"word":"return","originalText":"return","characterOffsetBegin":576,"characterOffsetEnd":582,"pos":"NN","before":"      ","after":" "},{"index":14,"word":"address","originalText":"address","characterOffsetBegin":583,"characterOffsetEnd":590,"pos":"NN","before":" ","after":" "},{"index":15,"word":"whaley@sigma.kpc.com","originalText":"whaley@sigma.kpc.com","characterOffsetBegin":591,"characterOffsetEnd":611,"pos":"NNP","before":" ","after":""},{"index":16,"word":".","originalText":".","characterOffsetBegin":611,"characterOffsetEnd":612,"pos":".","before":"","after":""}]}]}