{"sentences":[{"index":0,"tokens":[{"index":1,"word":"From","originalText":"From","characterOffsetBegin":0,"characterOffsetEnd":4,"pos":"IN","before":"","after":""},{"index":2,"word":":","originalText":":","characterOffsetBegin":4,"characterOffsetEnd":5,"pos":":","before":"","after":" "},{"index":3,"word":"bryan@alex.com","originalText":"bryan@alex.com","characterOffsetBegin":6,"characterOffsetEnd":20,"pos":"NN","before":" ","after":" "},{"index":4,"word":"-LRB-","originalText":"(","characterOffsetBegin":21,"characterOffsetEnd":22,"pos":"-LRB-","before":" ","after":""},{"index":5,"word":"Bryan","originalText":"Bryan","characterOffsetBegin":22,"characterOffsetEnd":27,"pos":"NNP","before":"","after":" "},{"index":6,"word":"Boreham","originalText":"Boreham","characterOffsetBegin":28,"characterOffsetEnd":35,"pos":"NNP","before":" ","after":""},{"index":7,"word":"-RRB-","originalText":")","characterOffsetBegin":35,"characterOffsetEnd":36,"pos":"-RRB-","before":"","after":""},{"index":8,"word":"Subject","originalText":"Subject","characterOffsetBegin":36,"characterOffsetEnd":43,"pos":"NNP","before":"","after":""},{"index":9,"word":":","originalText":":","characterOffsetBegin":43,"characterOffsetEnd":44,"pos":":","before":"","after":" "},{"index":10,"word":"Re","originalText":"Re","characterOffsetBegin":45,"characterOffsetEnd":47,"pos":"NNP","before":" ","after":""},{"index":11,"word":":","originalText":":","characterOffsetBegin":47,"characterOffsetEnd":48,"pos":":","before":"","after":" "},{"index":12,"word":"Xt","originalText":"Xt","characterOffsetBegin":49,"characterOffsetEnd":51,"pos":"NN","before":" ","after":" "},{"index":13,"word":"intrinsics","originalText":"intrinsics","characterOffsetBegin":52,"characterOffsetEnd":62,"pos":"NNS","before":" ","after":""},{"index":14,"word":":","originalText":":","characterOffsetBegin":62,"characterOffsetEnd":63,"pos":":","before":"","after":" "},{"index":15,"word":"slow","originalText":"slow","characterOffsetBegin":64,"characterOffsetEnd":68,"pos":"JJ","before":" ","after":" "},{"index":16,"word":"popupsIn","originalText":"popupsIn","characterOffsetBegin":69,"characterOffsetEnd":77,"pos":"NN","before":" ","after":" "},{"index":17,"word":"article","originalText":"article","characterOffsetBegin":78,"characterOffsetEnd":85,"pos":"NN","before":" ","after":" "},{"index":18,"word":"<735259869.13021@minster.york.ac.uk>","originalText":"<735259869.13021@minster.york.ac.uk>","characterOffsetBegin":86,"characterOffsetEnd":122,"pos":"NN","before":" ","after":""},{"index":19,"word":",","originalText":",","characterOffsetBegin":122,"characterOffsetEnd":123,"pos":",","before":"","after":" "},{"index":20,"word":"cjhs@minster.york.ac.uk","originalText":"cjhs@minster.york.ac.uk","characterOffsetBegin":124,"characterOffsetEnd":147,"pos":"NN","before":" ","after":" "},{"index":21,"word":"writes","originalText":"writes","characterOffsetBegin":148,"characterOffsetEnd":154,"pos":"VBZ","before":" ","after":""},{"index":22,"word":":","originalText":":","characterOffsetBegin":154,"characterOffsetEnd":155,"pos":":","before":"","after":""},{"index":23,"word":">","originalText":">","characterOffsetBegin":155,"characterOffsetEnd":156,"pos":"JJR","before":"","after":" "},{"index":24,"word":"The","originalText":"The","characterOffsetBegin":157,"characterOffsetEnd":160,"pos":"DT","before":" ","after":" "},{"index":25,"word":"application","originalText":"application","characterOffsetBegin":161,"characterOffsetEnd":172,"pos":"NN","before":" ","after":" "},{"index":26,"word":"creates","originalText":"creates","characterOffsetBegin":173,"characterOffsetEnd":180,"pos":"VBZ","before":" ","after":" "},{"index":27,"word":"window","originalText":"window","characterOffsetBegin":181,"characterOffsetEnd":187,"pos":"NN","before":" ","after":" "},{"index":28,"word":"with","originalText":"with","characterOffsetBegin":188,"characterOffsetEnd":192,"pos":"IN","before":" ","after":" "},{"index":29,"word":"a","originalText":"a","characterOffsetBegin":193,"characterOffsetEnd":194,"pos":"DT","before":" ","after":" "},{"index":30,"word":"button","originalText":"button","characterOffsetBegin":195,"characterOffsetEnd":201,"pos":"NN","before":" ","after":" "},{"index":31,"word":"``","originalText":"\"","characterOffsetBegin":202,"characterOffsetEnd":203,"pos":"``","before":" ","after":""},{"index":32,"word":"Quit","originalText":"Quit","characterOffsetBegin":203,"characterOffsetEnd":207,"pos":"VBN","before":"","after":""},{"index":33,"word":"''","originalText":"\"","characterOffsetBegin":207,"characterOffsetEnd":208,"pos":"''","before":"","after":" "},{"index":34,"word":"and","originalText":"and","characterOffsetBegin":209,"characterOffsetEnd":212,"pos":"CC","before":" ","after":" "},{"index":35,"word":"``","originalText":"\"","characterOffsetBegin":213,"characterOffsetEnd":214,"pos":"``","before":" ","after":""},{"index":36,"word":"Press","originalText":"Press","characterOffsetBegin":214,"characterOffsetEnd":219,"pos":"NNP","before":"","after":" "},{"index":37,"word":"me","originalText":"me","characterOffsetBegin":220,"characterOffsetEnd":222,"pos":"PRP","before":" ","after":""},{"index":38,"word":"''","originalText":"\"","characterOffsetBegin":222,"characterOffsetEnd":223,"pos":"''","before":"","after":""},{"index":39,"word":".","originalText":".","characterOffsetBegin":223,"characterOffsetEnd":224,"pos":".","before":"","after":""},{"index":40,"word":">","originalText":">","characterOffsetBegin":224,"characterOffsetEnd":225,"pos":"JJR","before":"","after":" "}]},{"index":1,"tokens":[{"index":1,"word":"The","originalText":"The","characterOffsetBegin":226,"characterOffsetEnd":229,"pos":"DT","before":" ","after":" "},{"index":2,"word":"button","originalText":"button","characterOffsetBegin":230,"characterOffsetEnd":236,"pos":"NN","before":" ","after":" "},{"index":3,"word":"``","originalText":"\"","characterOffsetBegin":237,"characterOffsetEnd":238,"pos":"``","before":" ","after":""},{"index":4,"word":"Press","originalText":"Press","characterOffsetBegin":238,"characterOffsetEnd":243,"pos":"NNP","before":"","after":" "},{"index":5,"word":"me","originalText":"me","characterOffsetBegin":244,"characterOffsetEnd":246,"pos":"PRP","before":" ","after":""},{"index":6,"word":"''","originalText":"\"","characterOffsetBegin":246,"characterOffsetEnd":247,"pos":"''","before":"","after":" "},{"index":7,"word":"pops","originalText":"pops","characterOffsetBegin":248,"characterOffsetEnd":252,"pos":"VBZ","before":" ","after":" "},{"index":8,"word":"up","originalText":"up","characterOffsetBegin":253,"characterOffsetEnd":255,"pos":"RP","before":" ","after":" "},{"index":9,"word":"a","originalText":"a","characterOffsetBegin":256,"characterOffsetEnd":257,"pos":"DT","before":" ","after":" "},{"index":10,"word":"dialog","originalText":"dialog","characterOffsetBegin":258,"characterOffsetEnd":264,"pos":"NN","before":" ","after":" "},{"index":11,"word":"box","originalText":"box","characterOffsetBegin":265,"characterOffsetEnd":268,"pos":"NN","before":" ","after":""},{"index":12,"word":".","originalText":".","characterOffsetBegin":268,"characterOffsetEnd":269,"pos":".","before":"","after":" "}]},{"index":2,"tokens":[{"index":1,"word":"The","originalText":"The","characterOffsetBegin":270,"characterOffsetEnd":273,"pos":"DT","before":" ","after":" "},{"index":2,"word":"strange","originalText":"strange","characterOffsetBegin":274,"characterOffsetEnd":281,"pos":"JJ","before":" ","after":" "},{"index":3,"word":"feature","originalText":"feature","characterOffsetBegin":282,"characterOffsetEnd":289,"pos":"NN","before":" ","after":" "},{"index":4,"word":"of","originalText":"of","characterOffsetBegin":290,"characterOffsetEnd":292,"pos":"IN","before":" ","after":""},{"index":5,"word":">","originalText":">","characterOffsetBegin":292,"characterOffsetEnd":293,"pos":"JJR","before":"","after":" "},{"index":6,"word":"this","originalText":"this","characterOffsetBegin":294,"characterOffsetEnd":298,"pos":"DT","before":" ","after":" "},{"index":7,"word":"program","originalText":"program","characterOffsetBegin":299,"characterOffsetEnd":306,"pos":"NN","before":" ","after":" "},{"index":8,"word":"is","originalText":"is","characterOffsetBegin":307,"characterOffsetEnd":309,"pos":"VBZ","before":" ","after":" "},{"index":9,"word":"that","originalText":"that","characterOffsetBegin":310,"characterOffsetEnd":314,"pos":"IN","before":" ","after":" "},{"index":10,"word":"it","originalText":"it","characterOffsetBegin":315,"characterOffsetEnd":317,"pos":"PRP","before":" ","after":" "},{"index":11,"word":"always","originalText":"always","characterOffsetBegin":318,"characterOffsetEnd":324,"pos":"RB","before":" ","after":" "},{"index":12,"word":"pops","originalText":"pops","characterOffsetBegin":325,"characterOffsetEnd":329,"pos":"VBZ","before":" ","after":" "},{"index":13,"word":"up","originalText":"up","characterOffsetBegin":330,"characterOffsetEnd":332,"pos":"RP","before":" ","after":" "},{"index":14,"word":"the","originalText":"the","characterOffsetBegin":333,"characterOffsetEnd":336,"pos":"DT","before":" ","after":" "},{"index":15,"word":"dialog","originalText":"dialog","characterOffsetBegin":337,"characterOffsetEnd":343,"pos":"NN","before":" ","after":" "},{"index":16,"word":"box","originalText":"box","characterOffsetBegin":344,"characterOffsetEnd":347,"pos":"NN","before":" ","after":" "},{"index":17,"word":"much","originalText":"much","characterOffsetBegin":348,"characterOffsetEnd":352,"pos":"JJ","before":" ","after":" "},{"index":18,"word":"faster","originalText":"faster","characterOffsetBegin":353,"characterOffsetEnd":359,"pos":"RBR","before":" ","after":" "},{"index":19,"word":"the","originalText":"the","characterOffsetBegin":360,"characterOffsetEnd":363,"pos":"DT","before":" ","after":""},{"index":20,"word":">","originalText":">","characterOffsetBegin":363,"characterOffsetEnd":364,"pos":"JJR","before":"","after":" "},{"index":21,"word":"first","originalText":"first","characterOffsetBegin":365,"characterOffsetEnd":370,"pos":"JJ","before":" ","after":" "},{"index":22,"word":"time","originalText":"time","characterOffsetBegin":371,"characterOffsetEnd":375,"pos":"NN","before":" ","after":""},{"index":23,"word":".","originalText":".","characterOffsetBegin":375,"characterOffsetEnd":376,"pos":".","before":"","after":" "}]},{"index":3,"tokens":[{"index":1,"word":"If","originalText":"If","characterOffsetBegin":377,"characterOffsetEnd":379,"pos":"IN","before":" ","after":" "},{"index":2,"word":"I","originalText":"I","characterOffsetBegin":380,"characterOffsetEnd":381,"pos":"PRP","before":" ","after":" "},{"index":3,"word":"try","originalText":"try","characterOffsetBegin":382,"characterOffsetEnd":385,"pos":"VBP","before":" ","after":" "},{"index":4,"word":"to","originalText":"to","characterOffsetBegin":386,"characterOffsetEnd":388,"pos":"TO","before":" ","after":" "},{"index":5,"word":"pop","originalText":"pop","characterOffsetBegin":389,"characterOffsetEnd":392,"pos":"VB","before":" ","after":" "},{"index":6,"word":"it","originalText":"it","characterOffsetBegin":393,"characterOffsetEnd":395,"pos":"PRP","before":" ","after":" "},{"index":7,"word":"up","originalText":"up","characterOffsetBegin":396,"characterOffsetEnd":398,"pos":"RP","before":" ","after":" "},{"index":8,"word":"a","originalText":"a","characterOffsetBegin":399,"characterOffsetEnd":400,"pos":"DT","before":" ","after":" "},{"index":9,"word":"2nd","originalText":"2nd","characterOffsetBegin":401,"characterOffsetEnd":404,"pos":"JJ","before":" ","after":" "},{"index":10,"word":"time","originalText":"time","characterOffsetBegin":405,"characterOffsetEnd":409,"pos":"NN","before":" ","after":" "},{"index":11,"word":"-LRB-","originalText":"(","characterOffsetBegin":410,"characterOffsetEnd":411,"pos":"-LRB-","before":" ","after":""},{"index":12,"word":"3rd","originalText":"3rd","characterOffsetBegin":411,"characterOffsetEnd":414,"pos":"JJ","before":"","after":""},{"index":13,"word":",","originalText":",","characterOffsetBegin":414,"characterOffsetEnd":415,"pos":",","before":"","after":" "},{"index":14,"word":"4th","originalText":"4th","characterOffsetBegin":416,"characterOffsetEnd":419,"pos":"JJ","before":" ","after":" "},{"index":15,"word":"...","originalText":"...","characterOffsetBegin":420,"characterOffsetEnd":423,"pos":":","before":" ","after":""},{"index":16,"word":".","originalText":".","characterOffsetBegin":423,"characterOffsetEnd":424,"pos":".","before":"","after":" "}]},{"index":4,"tokens":[{"index":1,"word":"time","originalText":"time","characterOffsetBegin":425,"characterOffsetEnd":429,"pos":"NN","before":" ","after":""},{"index":2,"word":"-RRB-","originalText":")","characterOffsetBegin":429,"characterOffsetEnd":430,"pos":"-RRB-","before":"","after":""},{"index":3,"word":",","originalText":",","characterOffsetBegin":430,"characterOffsetEnd":431,"pos":",","before":"","after":" "},{"index":4,"word":">","originalText":">","characterOffsetBegin":432,"characterOffsetEnd":433,"pos":"JJR","before":" ","after":" "},{"index":5,"word":"it","originalText":"it","characterOffsetBegin":434,"characterOffsetEnd":436,"pos":"PRP","before":" ","after":" "},{"index":6,"word":"is","originalText":"is","characterOffsetBegin":437,"characterOffsetEnd":439,"pos":"VBZ","before":" ","after":" "},{"index":7,"word":"*","originalText":"*","characterOffsetBegin":440,"characterOffsetEnd":441,"pos":"SYM","before":" ","after":""},{"index":8,"word":"much","originalText":"much","characterOffsetBegin":441,"characterOffsetEnd":445,"pos":"RB","before":"","after":""},{"index":9,"word":"*","originalText":"*","characterOffsetBegin":445,"characterOffsetEnd":446,"pos":"SYM","before":"","after":" "},{"index":10,"word":"slower.The","originalText":"slower.The","characterOffsetBegin":447,"characterOffsetEnd":457,"pos":"NN","before":" ","after":" "},{"index":11,"word":"shell","originalText":"shell","characterOffsetBegin":458,"characterOffsetEnd":463,"pos":"NN","before":" ","after":" "},{"index":12,"word":"is","originalText":"is","characterOffsetBegin":464,"characterOffsetEnd":466,"pos":"VBZ","before":" ","after":" "},{"index":13,"word":"waiting","originalText":"waiting","characterOffsetBegin":467,"characterOffsetEnd":474,"pos":"VBG","before":" ","after":" "},{"index":14,"word":"for","originalText":"for","characterOffsetBegin":475,"characterOffsetEnd":478,"pos":"IN","before":" ","after":" "},{"index":15,"word":"the","originalText":"the","characterOffsetBegin":479,"characterOffsetEnd":482,"pos":"DT","before":" ","after":" "},{"index":16,"word":"window-manager","originalText":"window-manager","characterOffsetBegin":483,"characterOffsetEnd":497,"pos":"NN","before":" ","after":" "},{"index":17,"word":"to","originalText":"to","characterOffsetBegin":498,"characterOffsetEnd":500,"pos":"TO","before":" ","after":" "},{"index":18,"word":"respond","originalText":"respond","characterOffsetBegin":501,"characterOffsetEnd":508,"pos":"VB","before":" ","after":" "},{"index":19,"word":"to","originalText":"to","characterOffsetBegin":509,"characterOffsetEnd":511,"pos":"TO","before":" ","after":" "},{"index":20,"word":"itspositioning","originalText":"itspositioning","characterOffsetBegin":512,"characterOffsetEnd":526,"pos":"VBG","before":" ","after":" "},{"index":21,"word":"request","originalText":"request","characterOffsetBegin":527,"characterOffsetEnd":534,"pos":"NN","before":" ","after":""},{"index":22,"word":".","originalText":".","characterOffsetBegin":534,"characterOffsetEnd":535,"pos":".","before":"","after":"  "}]},{"index":5,"tokens":[{"index":1,"word":"The","originalText":"The","characterOffsetBegin":537,"characterOffsetEnd":540,"pos":"DT","before":"  ","after":" "},{"index":2,"word":"window-manager","originalText":"window-manager","characterOffsetBegin":541,"characterOffsetEnd":555,"pos":"NN","before":" ","after":" "},{"index":3,"word":"is","originalText":"is","characterOffsetBegin":556,"characterOffsetEnd":558,"pos":"VBZ","before":" ","after":" "},{"index":4,"word":"not","originalText":"not","characterOffsetBegin":559,"characterOffsetEnd":562,"pos":"RB","before":" ","after":" "},{"index":5,"word":"responding","originalText":"responding","characterOffsetBegin":563,"characterOffsetEnd":573,"pos":"VBG","before":" ","after":" "},{"index":6,"word":"becauseit","originalText":"becauseit","characterOffsetBegin":574,"characterOffsetEnd":583,"pos":"NN","before":" ","after":" "},{"index":7,"word":"thinks","originalText":"thinks","characterOffsetBegin":584,"characterOffsetEnd":590,"pos":"VBZ","before":" ","after":" "},{"index":8,"word":"the","originalText":"the","characterOffsetBegin":591,"characterOffsetEnd":594,"pos":"DT","before":" ","after":" "},{"index":9,"word":"window","originalText":"window","characterOffsetBegin":595,"characterOffsetEnd":601,"pos":"NN","before":" ","after":" "},{"index":10,"word":"is","originalText":"is","characterOffsetBegin":602,"characterOffsetEnd":604,"pos":"VBZ","before":" ","after":" "},{"index":11,"word":"already","originalText":"already","characterOffsetBegin":605,"characterOffsetEnd":612,"pos":"RB","before":" ","after":" "},{"index":12,"word":"in","originalText":"in","characterOffsetBegin":613,"characterOffsetEnd":615,"pos":"IN","before":" ","after":" "},{"index":13,"word":"the","originalText":"the","characterOffsetBegin":616,"characterOffsetEnd":619,"pos":"DT","before":" ","after":" "},{"index":14,"word":"right","originalText":"right","characterOffsetBegin":620,"characterOffsetEnd":625,"pos":"JJ","before":" ","after":" "},{"index":15,"word":"place.Exactly","originalText":"place.Exactly","characterOffsetBegin":626,"characterOffsetEnd":639,"pos":"NN","before":" ","after":" "},{"index":16,"word":"*","originalText":"*","characterOffsetBegin":640,"characterOffsetEnd":641,"pos":"SYM","before":" ","after":""},{"index":17,"word":"why","originalText":"why","characterOffsetBegin":641,"characterOffsetEnd":644,"pos":"WRB","before":"","after":""},{"index":18,"word":"*","originalText":"*","characterOffsetBegin":644,"characterOffsetEnd":645,"pos":"SYM","before":"","after":" "},{"index":19,"word":"the","originalText":"the","characterOffsetBegin":646,"characterOffsetEnd":649,"pos":"DT","before":" ","after":" "},{"index":20,"word":"two","originalText":"two","characterOffsetBegin":650,"characterOffsetEnd":653,"pos":"CD","before":" ","after":" "},{"index":21,"word":"components","originalText":"components","characterOffsetBegin":654,"characterOffsetEnd":664,"pos":"NNS","before":" ","after":" "},{"index":22,"word":"get","originalText":"get","characterOffsetBegin":665,"characterOffsetEnd":668,"pos":"VBP","before":" ","after":" "},{"index":23,"word":"into","originalText":"into","characterOffsetBegin":669,"characterOffsetEnd":673,"pos":"IN","before":" ","after":" "},{"index":24,"word":"this","originalText":"this","characterOffsetBegin":674,"characterOffsetEnd":678,"pos":"DT","before":" ","after":" "},{"index":25,"word":"sulk","originalText":"sulk","characterOffsetBegin":679,"characterOffsetEnd":683,"pos":"NN","before":" ","after":" "},{"index":26,"word":"is","originalText":"is","characterOffsetBegin":684,"characterOffsetEnd":686,"pos":"VBZ","before":" ","after":" "},{"index":27,"word":"unclear","originalText":"unclear","characterOffsetBegin":687,"characterOffsetEnd":694,"pos":"JJ","before":" ","after":" "},{"index":28,"word":"tome","originalText":"tome","characterOffsetBegin":695,"characterOffsetEnd":699,"pos":"NN","before":" ","after":""},{"index":29,"word":";","originalText":";","characterOffsetBegin":699,"characterOffsetEnd":700,"pos":":","before":"","after":" "},{"index":30,"word":"all","originalText":"all","characterOffsetBegin":701,"characterOffsetEnd":704,"pos":"DT","before":" ","after":" "},{"index":31,"word":"information","originalText":"information","characterOffsetBegin":705,"characterOffsetEnd":716,"pos":"NN","before":" ","after":" "},{"index":32,"word":"greatly","originalText":"greatly","characterOffsetBegin":717,"characterOffsetEnd":724,"pos":"RB","before":" ","after":" "},{"index":33,"word":"received.Bryan","originalText":"received.Bryan","characterOffsetBegin":725,"characterOffsetEnd":739,"pos":"NN","before":" ","after":""},{"index":34,"word":".","originalText":".","characterOffsetBegin":739,"characterOffsetEnd":740,"pos":".","before":"","after":""}]}]}