{"sentences":[{"index":0,"tokens":[{"index":1,"word":"From","originalText":"From","characterOffsetBegin":0,"characterOffsetEnd":4,"pos":"IN","before":"","after":""},{"index":2,"word":":","originalText":":","characterOffsetBegin":4,"characterOffsetEnd":5,"pos":":","before":"","after":" "},{"index":3,"word":"snail@lsl.co.ukSubject:","originalText":"snail@lsl.co.ukSubject:","characterOffsetBegin":6,"characterOffsetEnd":29,"pos":"NN","before":" ","after":" "},{"index":4,"word":"Re","originalText":"Re","characterOffsetBegin":30,"characterOffsetEnd":32,"pos":"NNP","before":" ","after":""},{"index":5,"word":":","originalText":":","characterOffsetBegin":32,"characterOffsetEnd":33,"pos":":","before":"","after":" "},{"index":6,"word":"Xlib","originalText":"Xlib","characterOffsetBegin":34,"characterOffsetEnd":38,"pos":"NNP","before":" ","after":" "},{"index":7,"word":"for","originalText":"for","characterOffsetBegin":39,"characterOffsetEnd":42,"pos":"IN","before":" ","after":" "},{"index":8,"word":"MS/WINDOWS","originalText":"MS/WINDOWS","characterOffsetBegin":43,"characterOffsetEnd":53,"pos":"NNP","before":" ","after":" "},{"index":9,"word":"not","originalText":"not","characterOffsetBegin":54,"characterOffsetEnd":57,"pos":"RB","before":" ","after":" "},{"index":10,"word":"an","originalText":"an","characterOffsetBegin":58,"characterOffsetEnd":60,"pos":"DT","before":" ","after":" "},{"index":11,"word":"XSERVER","originalText":"XSERVER","characterOffsetBegin":61,"characterOffsetEnd":68,"pos":"NN","before":" ","after":""},{"index":12,"word":"!!!","originalText":"!!!","characterOffsetBegin":68,"characterOffsetEnd":71,"pos":"CD","before":"","after":""}]},{"index":1,"tokens":[{"index":1,"word":"In","originalText":"In","characterOffsetBegin":71,"characterOffsetEnd":73,"pos":"IN","before":"","after":" "},{"index":2,"word":"article","originalText":"article","characterOffsetBegin":74,"characterOffsetEnd":81,"pos":"NN","before":" ","after":" "},{"index":3,"word":"<1993Apr7.044749.11770@topgun>","originalText":"<1993Apr7.044749.11770@topgun>","characterOffsetBegin":82,"characterOffsetEnd":112,"pos":"NN","before":" ","after":""},{"index":4,"word":",","originalText":",","characterOffsetBegin":112,"characterOffsetEnd":113,"pos":",","before":"","after":" "},{"index":5,"word":"smikes@topgun","originalText":"smikes@topgun","characterOffsetBegin":114,"characterOffsetEnd":127,"pos":"NN","before":" ","after":" "},{"index":6,"word":"-LRB-","originalText":"(","characterOffsetBegin":128,"characterOffsetEnd":129,"pos":"-LRB-","before":" ","after":""},{"index":7,"word":"Steven","originalText":"Steven","characterOffsetBegin":129,"characterOffsetEnd":135,"pos":"NNP","before":"","after":" "},{"index":8,"word":"Mikes","originalText":"Mikes","characterOffsetBegin":136,"characterOffsetEnd":141,"pos":"NNP","before":" ","after":""},{"index":9,"word":"-RRB-","originalText":")","characterOffsetBegin":141,"characterOffsetEnd":142,"pos":"-RRB-","before":"","after":" "},{"index":10,"word":"writes","originalText":"writes","characterOffsetBegin":143,"characterOffsetEnd":149,"pos":"VBZ","before":" ","after":""},{"index":11,"word":":","originalText":":","characterOffsetBegin":149,"characterOffsetEnd":150,"pos":":","before":"","after":""},{"index":12,"word":">","originalText":">","characterOffsetBegin":150,"characterOffsetEnd":151,"pos":"JJR","before":"","after":" "},{"index":13,"word":"Another","originalText":"Another","characterOffsetBegin":152,"characterOffsetEnd":159,"pos":"DT","before":" ","after":" "},{"index":14,"word":"company","originalText":"company","characterOffsetBegin":160,"characterOffsetEnd":167,"pos":"NN","before":" ","after":""},{"index":15,"word":",","originalText":",","characterOffsetBegin":167,"characterOffsetEnd":168,"pos":",","before":"","after":" "},{"index":16,"word":"Congruent","originalText":"Congruent","characterOffsetBegin":169,"characterOffsetEnd":178,"pos":"NNP","before":" ","after":" "},{"index":17,"word":"Corporation","originalText":"Corporation","characterOffsetBegin":179,"characterOffsetEnd":190,"pos":"NNP","before":" ","after":" "},{"index":18,"word":"of","originalText":"of","characterOffsetBegin":191,"characterOffsetEnd":193,"pos":"IN","before":" ","after":" "},{"index":19,"word":"New","originalText":"New","characterOffsetBegin":194,"characterOffsetEnd":197,"pos":"NNP","before":" ","after":" "},{"index":20,"word":"York","originalText":"York","characterOffsetBegin":198,"characterOffsetEnd":202,"pos":"NNP","before":" ","after":" "},{"index":21,"word":"City","originalText":"City","characterOffsetBegin":203,"characterOffsetEnd":207,"pos":"NNP","before":" ","after":""},{"index":22,"word":",","originalText":",","characterOffsetBegin":207,"characterOffsetEnd":208,"pos":",","before":"","after":" "},{"index":23,"word":"has","originalText":"has","characterOffsetBegin":209,"characterOffsetEnd":212,"pos":"VBZ","before":" ","after":" "},{"index":24,"word":"also","originalText":"also","characterOffsetBegin":213,"characterOffsetEnd":217,"pos":"RB","before":" ","after":" "},{"index":25,"word":"ported","originalText":"ported","characterOffsetBegin":218,"characterOffsetEnd":224,"pos":"JJ","before":" ","after":" "},{"index":26,"word":"Xlib","originalText":"Xlib","characterOffsetBegin":225,"characterOffsetEnd":229,"pos":"NN","before":" ","after":""},{"index":27,"word":">","originalText":">","characterOffsetBegin":229,"characterOffsetEnd":230,"pos":"JJR","before":"","after":" "},{"index":28,"word":"Xt","originalText":"Xt","characterOffsetBegin":231,"characterOffsetEnd":233,"pos":"NN","before":" ","after":" "},{"index":29,"word":"and","originalText":"and","characterOffsetBegin":234,"characterOffsetEnd":237,"pos":"CC","before":" ","after":" "},{"index":30,"word":"Motif","originalText":"Motif","characterOffsetBegin":238,"characterOffsetEnd":243,"pos":"NN","before":" ","after":" "},{"index":31,"word":"1.1","originalText":"1.1","characterOffsetBegin":244,"characterOffsetEnd":247,"pos":"CD","before":" ","after":" "},{"index":32,"word":"over","originalText":"over","characterOffsetBegin":248,"characterOffsetEnd":252,"pos":"IN","before":" ","after":" "},{"index":33,"word":"to","originalText":"to","characterOffsetBegin":253,"characterOffsetEnd":255,"pos":"TO","before":" ","after":" "},{"index":34,"word":"MS","originalText":"MS","characterOffsetBegin":256,"characterOffsetEnd":258,"pos":"NN","before":" ","after":" "},{"index":35,"word":"Windows","originalText":"Windows","characterOffsetBegin":259,"characterOffsetEnd":266,"pos":"NNP","before":" ","after":" "},{"index":36,"word":"NT","originalText":"NT","characterOffsetBegin":267,"characterOffsetEnd":269,"pos":"NNP","before":" ","after":""},{"index":37,"word":",","originalText":",","characterOffsetBegin":269,"characterOffsetEnd":270,"pos":",","before":"","after":" "},{"index":38,"word":"which","originalText":"which","characterOffsetBegin":271,"characterOffsetEnd":276,"pos":"WDT","before":" ","after":" "},{"index":39,"word":"provides","originalText":"provides","characterOffsetBegin":277,"characterOffsetEnd":285,"pos":"VBZ","before":" ","after":" "},{"index":40,"word":"full","originalText":"full","characterOffsetBegin":286,"characterOffsetEnd":290,"pos":"JJ","before":" ","after":" "},{"index":41,"word":"client","originalText":"client","characterOffsetBegin":291,"characterOffsetEnd":297,"pos":"NN","before":" ","after":" "},{"index":42,"word":"development","originalText":"development","characterOffsetBegin":298,"characterOffsetEnd":309,"pos":"NN","before":" ","after":""},{"index":43,"word":">","originalText":">","characterOffsetBegin":309,"characterOffsetEnd":310,"pos":"JJR","before":"","after":" "},{"index":44,"word":"for","originalText":"for","characterOffsetBegin":311,"characterOffsetEnd":314,"pos":"IN","before":" ","after":" "},{"index":45,"word":"X","originalText":"X","characterOffsetBegin":315,"characterOffsetEnd":316,"pos":"NN","before":" ","after":" "},{"index":46,"word":"applications","originalText":"applications","characterOffsetBegin":317,"characterOffsetEnd":329,"pos":"NNS","before":" ","after":" "},{"index":47,"word":"in","originalText":"in","characterOffsetBegin":330,"characterOffsetEnd":332,"pos":"IN","before":" ","after":" "},{"index":48,"word":"an","originalText":"an","characterOffsetBegin":333,"characterOffsetEnd":335,"pos":"DT","before":" ","after":" "},{"index":49,"word":"NT","originalText":"NT","characterOffsetBegin":336,"characterOffsetEnd":338,"pos":"NN","before":" ","after":" "},{"index":50,"word":"environment.Could","originalText":"environment.Could","characterOffsetBegin":339,"characterOffsetEnd":356,"pos":"NN","before":" ","after":" "},{"index":51,"word":"someone","originalText":"someone","characterOffsetBegin":357,"characterOffsetEnd":364,"pos":"NN","before":" ","after":" "},{"index":52,"word":"please","originalText":"please","characterOffsetBegin":365,"characterOffsetEnd":371,"pos":"VB","before":" ","after":" "},{"index":53,"word":"send","originalText":"send","characterOffsetBegin":372,"characterOffsetEnd":376,"pos":"VB","before":" ","after":" "},{"index":54,"word":"me","originalText":"me","characterOffsetBegin":377,"characterOffsetEnd":379,"pos":"PRP","before":" ","after":" "},{"index":55,"word":"the","originalText":"the","characterOffsetBegin":380,"characterOffsetEnd":383,"pos":"DT","before":" ","after":" "},{"index":56,"word":"postal","originalText":"postal","characterOffsetBegin":384,"characterOffsetEnd":390,"pos":"JJ","before":" ","after":" "},{"index":57,"word":"and","originalText":"and","characterOffsetBegin":391,"characterOffsetEnd":394,"pos":"CC","before":" ","after":" "},{"index":58,"word":"email","originalText":"email","characterOffsetBegin":395,"characterOffsetEnd":400,"pos":"NN","before":" ","after":" "},{"index":59,"word":"address","originalText":"address","characterOffsetBegin":401,"characterOffsetEnd":408,"pos":"NN","before":" ","after":" "},{"index":60,"word":"ofCongruent","originalText":"ofCongruent","characterOffsetBegin":409,"characterOffsetEnd":420,"pos":"NN","before":" ","after":" "},{"index":61,"word":"Corporation","originalText":"Corporation","characterOffsetBegin":421,"characterOffsetEnd":432,"pos":"NNP","before":" ","after":" "},{"index":62,"word":"-LRB-","originalText":"(","characterOffsetBegin":433,"characterOffsetEnd":434,"pos":"-LRB-","before":" ","after":""},{"index":63,"word":"and","originalText":"and","characterOffsetBegin":434,"characterOffsetEnd":437,"pos":"CC","before":"","after":" "},{"index":64,"word":"any","originalText":"any","characterOffsetBegin":438,"characterOffsetEnd":441,"pos":"DT","before":" ","after":" "},{"index":65,"word":"competitors","originalText":"competitors","characterOffsetBegin":442,"characterOffsetEnd":453,"pos":"NNS","before":" ","after":" "},{"index":66,"word":"they","originalText":"they","characterOffsetBegin":454,"characterOffsetEnd":458,"pos":"PRP","before":" ","after":" "},{"index":67,"word":"may","originalText":"may","characterOffsetBegin":459,"characterOffsetEnd":462,"pos":"MD","before":" ","after":" "},{"index":68,"word":"have","originalText":"have","characterOffsetBegin":463,"characterOffsetEnd":467,"pos":"VB","before":" ","after":""},{"index":69,"word":"-RRB-","originalText":")","characterOffsetBegin":467,"characterOffsetEnd":468,"pos":"-RRB-","before":"","after":""},{"index":70,"word":".","originalText":".","characterOffsetBegin":468,"characterOffsetEnd":469,"pos":".","before":"","after":""}]},{"index":2,"tokens":[{"index":1,"word":"Thank","originalText":"Thank","characterOffsetBegin":469,"characterOffsetEnd":474,"pos":"VB","before":"","after":" "},{"index":2,"word":"you","originalText":"you","characterOffsetBegin":475,"characterOffsetEnd":478,"pos":"PRP","before":" ","after":""},{"index":3,"word":".","originalText":".","characterOffsetBegin":478,"characterOffsetEnd":479,"pos":".","before":"","after":""}]},{"index":3,"tokens":[{"index":1,"word":"--","originalText":"--","characterOffsetBegin":479,"characterOffsetEnd":481,"pos":":","before":"","after":" "},{"index":2,"word":"snail@lsl.co.uk","originalText":"snail@lsl.co.uk","characterOffsetBegin":482,"characterOffsetEnd":497,"pos":"NN","before":" ","after":"      "},{"index":3,"word":"``","originalText":"\"","characterOffsetBegin":503,"characterOffsetEnd":504,"pos":"``","before":"      ","after":""},{"index":4,"word":"Washing","originalText":"Washing","characterOffsetBegin":504,"characterOffsetEnd":511,"pos":"VBG","before":"","after":" "},{"index":5,"word":"one","originalText":"one","characterOffsetBegin":512,"characterOffsetEnd":515,"pos":"CD","before":" ","after":""},{"index":6,"word":"'s","originalText":"'s","characterOffsetBegin":515,"characterOffsetEnd":517,"pos":"POS","before":"","after":" "},{"index":7,"word":"hands","originalText":"hands","characterOffsetBegin":518,"characterOffsetEnd":523,"pos":"NNS","before":" ","after":" "},{"index":8,"word":"of","originalText":"of","characterOffsetBegin":524,"characterOffsetEnd":526,"pos":"IN","before":" ","after":" "},{"index":9,"word":"the","originalText":"the","characterOffsetBegin":527,"characterOffsetEnd":530,"pos":"DT","before":" ","after":" "},{"index":10,"word":"conflict","originalText":"conflict","characterOffsetBegin":531,"characterOffsetEnd":539,"pos":"NN","before":" ","after":" "},{"index":11,"word":"between","originalText":"between","characterOffsetBegin":540,"characterOffsetEnd":547,"pos":"IN","before":" ","after":" "},{"index":12,"word":"the","originalText":"the","characterOffsetBegin":548,"characterOffsetEnd":551,"pos":"DT","before":" ","after":" "},{"index":13,"word":"powerful","originalText":"powerful","characterOffsetBegin":552,"characterOffsetEnd":560,"pos":"JJ","before":" ","after":" "},{"index":14,"word":"and","originalText":"and","characterOffsetBegin":561,"characterOffsetEnd":564,"pos":"CC","before":" ","after":" "},{"index":15,"word":"the","originalText":"the","characterOffsetBegin":565,"characterOffsetEnd":568,"pos":"DT","before":" ","after":" "},{"index":16,"word":"powerless","originalText":"powerless","characterOffsetBegin":569,"characterOffsetEnd":578,"pos":"JJ","before":" ","after":" "},{"index":17,"word":"means","originalText":"means","characterOffsetBegin":579,"characterOffsetEnd":584,"pos":"NNS","before":" ","after":" "},{"index":18,"word":"to","originalText":"to","characterOffsetBegin":585,"characterOffsetEnd":587,"pos":"TO","before":" ","after":" "},{"index":19,"word":"side","originalText":"side","characterOffsetBegin":588,"characterOffsetEnd":592,"pos":"NN","before":" ","after":" "},{"index":20,"word":"with","originalText":"with","characterOffsetBegin":593,"characterOffsetEnd":597,"pos":"IN","before":" ","after":" "},{"index":21,"word":"the","originalText":"the","characterOffsetBegin":598,"characterOffsetEnd":601,"pos":"DT","before":" ","after":" "},{"index":22,"word":"powerful","originalText":"powerful","characterOffsetBegin":602,"characterOffsetEnd":610,"pos":"JJ","before":" ","after":""},{"index":23,"word":",","originalText":",","characterOffsetBegin":610,"characterOffsetEnd":611,"pos":",","before":"","after":" "},{"index":24,"word":"not","originalText":"not","characterOffsetBegin":612,"characterOffsetEnd":615,"pos":"RB","before":" ","after":" "},{"index":25,"word":"to","originalText":"to","characterOffsetBegin":616,"characterOffsetEnd":618,"pos":"TO","before":" ","after":" "},{"index":26,"word":"be","originalText":"be","characterOffsetBegin":619,"characterOffsetEnd":621,"pos":"VB","before":" ","after":" "},{"index":27,"word":"Neutral","originalText":"Neutral","characterOffsetBegin":622,"characterOffsetEnd":629,"pos":"JJ","before":" ","after":""},{"index":28,"word":".","originalText":".","characterOffsetBegin":629,"characterOffsetEnd":630,"pos":".","before":"","after":""},{"index":29,"word":"''","originalText":"\"","characterOffsetBegin":630,"characterOffsetEnd":631,"pos":"''","before":"","after":"                                                     "}]},{"index":4,"tokens":[{"index":1,"word":"Quote","originalText":"Quote","characterOffsetBegin":684,"characterOffsetEnd":689,"pos":"NN","before":"                                                     ","after":" "},{"index":2,"word":"by","originalText":"by","characterOffsetBegin":690,"characterOffsetEnd":692,"pos":"IN","before":" ","after":" "},{"index":3,"word":"Freire","originalText":"Freire","characterOffsetBegin":693,"characterOffsetEnd":699,"pos":"NNP","before":" ","after":""},{"index":4,"word":".","originalText":".","characterOffsetBegin":699,"characterOffsetEnd":700,"pos":".","before":"","after":"                                                     "}]},{"index":5,"tokens":[{"index":1,"word":"Poster","originalText":"Poster","characterOffsetBegin":753,"characterOffsetEnd":759,"pos":"NN","before":"                                                     ","after":" "},{"index":2,"word":"by","originalText":"by","characterOffsetBegin":760,"characterOffsetEnd":762,"pos":"IN","before":" ","after":" "},{"index":3,"word":"OXFAM","originalText":"OXFAM","characterOffsetBegin":763,"characterOffsetEnd":768,"pos":"NNP","before":" ","after":""},{"index":4,"word":".","originalText":".","characterOffsetBegin":768,"characterOffsetEnd":769,"pos":".","before":"","after":""}]}]}