{"sentences":[{"index":0,"tokens":[{"index":1,"word":"From","originalText":"From","characterOffsetBegin":0,"characterOffsetEnd":4,"pos":"IN","before":"","after":""},{"index":2,"word":":","originalText":":","characterOffsetBegin":4,"characterOffsetEnd":5,"pos":":","before":"","after":" "},{"index":3,"word":"dnh@mfltd.co.uk","originalText":"dnh@mfltd.co.uk","characterOffsetBegin":6,"characterOffsetEnd":21,"pos":"NN","before":" ","after":" "},{"index":4,"word":"-LRB-","originalText":"(","characterOffsetBegin":22,"characterOffsetEnd":23,"pos":"-LRB-","before":" ","after":""},{"index":5,"word":"Des","originalText":"Des","characterOffsetBegin":23,"characterOffsetEnd":26,"pos":"NNP","before":"","after":" "},{"index":6,"word":"Herriott","originalText":"Herriott","characterOffsetBegin":27,"characterOffsetEnd":35,"pos":"NNP","before":" ","after":""},{"index":7,"word":"-RRB-","originalText":")","characterOffsetBegin":35,"characterOffsetEnd":36,"pos":"-RRB-","before":"","after":""},{"index":8,"word":"Subject","originalText":"Subject","characterOffsetBegin":36,"characterOffsetEnd":43,"pos":"NNP","before":"","after":""},{"index":9,"word":":","originalText":":","characterOffsetBegin":43,"characterOffsetEnd":44,"pos":":","before":"","after":" "},{"index":10,"word":"XDM/xsession","originalText":"XDM/xsession","characterOffsetBegin":45,"characterOffsetEnd":57,"pos":"NN","before":" ","after":" "},{"index":11,"word":"woesI","originalText":"woesI","characterOffsetBegin":58,"characterOffsetEnd":63,"pos":"NN","before":" ","after":""},{"index":12,"word":"'ve","originalText":"'ve","characterOffsetBegin":63,"characterOffsetEnd":66,"pos":"VBP","before":"","after":" "},{"index":13,"word":"just","originalText":"just","characterOffsetBegin":67,"characterOffsetEnd":71,"pos":"RB","before":" ","after":" "},{"index":14,"word":"managed","originalText":"managed","characterOffsetBegin":72,"characterOffsetEnd":79,"pos":"VBN","before":" ","after":" "},{"index":15,"word":"to","originalText":"to","characterOffsetBegin":80,"characterOffsetEnd":82,"pos":"TO","before":" ","after":" "},{"index":16,"word":"get","originalText":"get","characterOffsetBegin":83,"characterOffsetEnd":86,"pos":"VB","before":" ","after":" "},{"index":17,"word":"xdm","originalText":"xdm","characterOffsetBegin":87,"characterOffsetEnd":90,"pos":"NN","before":" ","after":" "},{"index":18,"word":"running","originalText":"running","characterOffsetBegin":91,"characterOffsetEnd":98,"pos":"VBG","before":" ","after":" "},{"index":19,"word":"from","originalText":"from","characterOffsetBegin":99,"characterOffsetEnd":103,"pos":"IN","before":" ","after":" "},{"index":20,"word":"an","originalText":"an","characterOffsetBegin":104,"characterOffsetEnd":106,"pos":"DT","before":" ","after":" "},{"index":21,"word":"NCR","originalText":"NCR","characterOffsetBegin":107,"characterOffsetEnd":110,"pos":"NNP","before":" ","after":" "},{"index":22,"word":"3000","originalText":"3000","characterOffsetBegin":111,"characterOffsetEnd":115,"pos":"CD","before":" ","after":" "},{"index":23,"word":"-LRB-","originalText":"(","characterOffsetBegin":116,"characterOffsetEnd":117,"pos":"-LRB-","before":" ","after":""},{"index":24,"word":"an","originalText":"an","characterOffsetBegin":117,"characterOffsetEnd":119,"pos":"DT","before":"","after":" "},{"index":25,"word":"SVR4","originalText":"SVR4","characterOffsetBegin":120,"characterOffsetEnd":124,"pos":"NN","before":" ","after":" "},{"index":26,"word":"486","originalText":"486","characterOffsetBegin":125,"characterOffsetEnd":128,"pos":"CD","before":" ","after":" "},{"index":27,"word":"boxrunning","originalText":"boxrunning","characterOffsetBegin":129,"characterOffsetEnd":139,"pos":"NN","before":" ","after":" "},{"index":28,"word":"XFree86","originalText":"XFree86","characterOffsetBegin":140,"characterOffsetEnd":147,"pos":"NN","before":" ","after":" "},{"index":29,"word":"1.2","originalText":"1.2","characterOffsetBegin":148,"characterOffsetEnd":151,"pos":"CD","before":" ","after":""},{"index":30,"word":"-RRB-","originalText":")","characterOffsetBegin":151,"characterOffsetEnd":152,"pos":"-RRB-","before":"","after":" "},{"index":31,"word":"to","originalText":"to","characterOffsetBegin":153,"characterOffsetEnd":155,"pos":"TO","before":" ","after":" "},{"index":32,"word":"my","originalText":"my","characterOffsetBegin":156,"characterOffsetEnd":158,"pos":"PRP$","before":" ","after":" "},{"index":33,"word":"NCD","originalText":"NCD","characterOffsetBegin":159,"characterOffsetEnd":162,"pos":"NN","before":" ","after":" "},{"index":34,"word":"XDisplay","originalText":"XDisplay","characterOffsetBegin":163,"characterOffsetEnd":171,"pos":"NN","before":" ","after":""},{"index":35,"word":".","originalText":".","characterOffsetBegin":171,"characterOffsetEnd":172,"pos":".","before":"","after":"  "}]},{"index":1,"tokens":[{"index":1,"word":"It","originalText":"It","characterOffsetBegin":174,"characterOffsetEnd":176,"pos":"PRP","before":"  ","after":""},{"index":2,"word":"'s","originalText":"'s","characterOffsetBegin":176,"characterOffsetEnd":178,"pos":"VBZ","before":"","after":" "},{"index":3,"word":"pretty","originalText":"pretty","characterOffsetBegin":179,"characterOffsetEnd":185,"pos":"RB","before":" ","after":" "},{"index":4,"word":"much","originalText":"much","characterOffsetBegin":186,"characterOffsetEnd":190,"pos":"JJ","before":" ","after":" "},{"index":5,"word":"working","originalText":"working","characterOffsetBegin":191,"characterOffsetEnd":198,"pos":"NN","before":" ","after":""},{"index":6,"word":",","originalText":",","characterOffsetBegin":198,"characterOffsetEnd":199,"pos":",","before":"","after":" "},{"index":7,"word":"butI","originalText":"butI","characterOffsetBegin":200,"characterOffsetEnd":204,"pos":"NN","before":" ","after":""},{"index":8,"word":"'m","originalText":"'m","characterOffsetBegin":204,"characterOffsetEnd":206,"pos":"VBP","before":"","after":" "},{"index":9,"word":"encountering","originalText":"encountering","characterOffsetBegin":207,"characterOffsetEnd":219,"pos":"VBG","before":" ","after":" "},{"index":10,"word":"a","originalText":"a","characterOffsetBegin":220,"characterOffsetEnd":221,"pos":"DT","before":" ","after":" "},{"index":11,"word":"weird","originalText":"weird","characterOffsetBegin":222,"characterOffsetEnd":227,"pos":"JJ","before":" ","after":" "},{"index":12,"word":"error","originalText":"error","characterOffsetBegin":228,"characterOffsetEnd":233,"pos":"NN","before":" ","after":""},{"index":13,"word":".","originalText":".","characterOffsetBegin":233,"characterOffsetEnd":234,"pos":".","before":"","after":"  "}]},{"index":2,"tokens":[{"index":1,"word":"I","originalText":"I","characterOffsetBegin":236,"characterOffsetEnd":237,"pos":"PRP","before":"  ","after":""},{"index":2,"word":"'m","originalText":"'m","characterOffsetBegin":237,"characterOffsetEnd":239,"pos":"VBP","before":"","after":" "},{"index":3,"word":"attempting","originalText":"attempting","characterOffsetBegin":240,"characterOffsetEnd":250,"pos":"VBG","before":" ","after":" "},{"index":4,"word":"to","originalText":"to","characterOffsetBegin":251,"characterOffsetEnd":253,"pos":"TO","before":" ","after":" "},{"index":5,"word":"start","originalText":"start","characterOffsetBegin":254,"characterOffsetEnd":259,"pos":"VB","before":" ","after":" "},{"index":6,"word":"an","originalText":"an","characterOffsetBegin":260,"characterOffsetEnd":262,"pos":"DT","before":" ","after":" "},{"index":7,"word":"xterm","originalText":"xterm","characterOffsetBegin":263,"characterOffsetEnd":268,"pos":"NN","before":" ","after":" "},{"index":8,"word":"frommy","originalText":"frommy","characterOffsetBegin":269,"characterOffsetEnd":275,"pos":"NN","before":" ","after":" "},{"index":9,"word":".","originalText":".","characterOffsetBegin":276,"characterOffsetEnd":277,"pos":".","before":" ","after":""}]},{"index":3,"tokens":[{"index":1,"word":"xsession","originalText":"xsession","characterOffsetBegin":277,"characterOffsetEnd":285,"pos":"NN","before":"","after":" "},{"index":2,"word":"file","originalText":"file","characterOffsetBegin":286,"characterOffsetEnd":290,"pos":"NN","before":" ","after":""},{"index":3,"word":",","originalText":",","characterOffsetBegin":290,"characterOffsetEnd":291,"pos":",","before":"","after":" "},{"index":4,"word":"but","originalText":"but","characterOffsetBegin":292,"characterOffsetEnd":295,"pos":"CC","before":" ","after":" "},{"index":5,"word":"nothing","originalText":"nothing","characterOffsetBegin":296,"characterOffsetEnd":303,"pos":"NN","before":" ","after":" "},{"index":6,"word":"happens","originalText":"happens","characterOffsetBegin":304,"characterOffsetEnd":311,"pos":"VBZ","before":" ","after":""},{"index":7,"word":".","originalText":".","characterOffsetBegin":311,"characterOffsetEnd":312,"pos":".","before":"","after":"  "}]},{"index":4,"tokens":[{"index":1,"word":"Redirecting","originalText":"Redirecting","characterOffsetBegin":314,"characterOffsetEnd":325,"pos":"VBG","before":"  ","after":" "},{"index":2,"word":"stderr","originalText":"stderr","characterOffsetBegin":326,"characterOffsetEnd":332,"pos":"NN","before":" ","after":" "},{"index":3,"word":"to","originalText":"to","characterOffsetBegin":333,"characterOffsetEnd":335,"pos":"TO","before":" ","after":" "},{"index":4,"word":"a","originalText":"a","characterOffsetBegin":336,"characterOffsetEnd":337,"pos":"DT","before":" ","after":" "},{"index":5,"word":"fileusing","originalText":"fileusing","characterOffsetBegin":338,"characterOffsetEnd":347,"pos":"NN","before":" ","after":" "},{"index":6,"word":"`","originalText":"'","characterOffsetBegin":348,"characterOffsetEnd":349,"pos":"``","before":" ","after":""},{"index":7,"word":"exec","originalText":"exec","characterOffsetBegin":349,"characterOffsetEnd":353,"pos":"NN","before":"","after":" "},{"index":8,"word":"2","originalText":"2","characterOffsetBegin":354,"characterOffsetEnd":355,"pos":"CD","before":" ","after":""},{"index":9,"word":">","originalText":">","characterOffsetBegin":355,"characterOffsetEnd":356,"pos":"JJR","before":"","after":""},{"index":10,"word":"$","originalText":"$","characterOffsetBegin":356,"characterOffsetEnd":357,"pos":"$","before":"","after":""},{"index":11,"word":"HOME","originalText":"HOME","characterOffsetBegin":357,"characterOffsetEnd":361,"pos":"NNP","before":"","after":""},{"index":12,"word":"/","originalText":"/","characterOffsetBegin":361,"characterOffsetEnd":362,"pos":":","before":"","after":""},{"index":13,"word":".","originalText":".","characterOffsetBegin":362,"characterOffsetEnd":363,"pos":".","before":"","after":""}]},{"index":5,"tokens":[{"index":1,"word":"xerrors","originalText":"xerrors","characterOffsetBegin":363,"characterOffsetEnd":370,"pos":"NNS","before":"","after":""},{"index":2,"word":"'","originalText":"'","characterOffsetBegin":370,"characterOffsetEnd":371,"pos":"POS","before":"","after":" "},{"index":3,"word":"in","originalText":"in","characterOffsetBegin":372,"characterOffsetEnd":374,"pos":"IN","before":" ","after":" "},{"index":4,"word":".","originalText":".","characterOffsetBegin":375,"characterOffsetEnd":376,"pos":".","before":" ","after":""}]},{"index":6,"tokens":[{"index":1,"word":"xsession","originalText":"xsession","characterOffsetBegin":376,"characterOffsetEnd":384,"pos":"NN","before":"","after":" "},{"index":2,"word":"reveals","originalText":"reveals","characterOffsetBegin":385,"characterOffsetEnd":392,"pos":"VBZ","before":" ","after":" "},{"index":3,"word":"the","originalText":"the","characterOffsetBegin":393,"characterOffsetEnd":396,"pos":"DT","before":" ","after":" "},{"index":4,"word":"error","originalText":"error","characterOffsetBegin":397,"characterOffsetEnd":402,"pos":"NN","before":" ","after":" "},{"index":5,"word":"message","originalText":"message","characterOffsetBegin":403,"characterOffsetEnd":410,"pos":"NN","before":" ","after":""},{"index":6,"word":":","originalText":":","characterOffsetBegin":410,"characterOffsetEnd":411,"pos":":","before":"","after":"  "},{"index":7,"word":"``","originalText":"\"","characterOffsetBegin":413,"characterOffsetEnd":414,"pos":"``","before":"  ","after":""},{"index":8,"word":"xterm","originalText":"xterm","characterOffsetBegin":414,"characterOffsetEnd":419,"pos":"NN","before":"","after":""},{"index":9,"word":":","originalText":":","characterOffsetBegin":419,"characterOffsetEnd":420,"pos":":","before":"","after":" "},{"index":10,"word":"Error","originalText":"Error","characterOffsetBegin":421,"characterOffsetEnd":426,"pos":"NN","before":" ","after":" "},{"index":11,"word":"14","originalText":"14","characterOffsetBegin":427,"characterOffsetEnd":429,"pos":"CD","before":" ","after":""},{"index":12,"word":",","originalText":",","characterOffsetBegin":429,"characterOffsetEnd":430,"pos":",","before":"","after":" "},{"index":13,"word":"errno","originalText":"errno","characterOffsetBegin":431,"characterOffsetEnd":436,"pos":"NN","before":" ","after":" "},{"index":14,"word":"1","originalText":"1","characterOffsetBegin":437,"characterOffsetEnd":438,"pos":"CD","before":" ","after":""},{"index":15,"word":":","originalText":":","characterOffsetBegin":438,"characterOffsetEnd":439,"pos":":","before":"","after":" "},{"index":16,"word":"Not","originalText":"Not","characterOffsetBegin":440,"characterOffsetEnd":443,"pos":"RB","before":" ","after":" "},{"index":17,"word":"owner","originalText":"owner","characterOffsetBegin":444,"characterOffsetEnd":449,"pos":"NN","before":" ","after":""},{"index":18,"word":"``","originalText":"\"","characterOffsetBegin":449,"characterOffsetEnd":450,"pos":"``","before":"","after":""},{"index":19,"word":"Now","originalText":"Now","characterOffsetBegin":450,"characterOffsetEnd":453,"pos":"RB","before":"","after":""},{"index":20,"word":",","originalText":",","characterOffsetBegin":453,"characterOffsetEnd":454,"pos":",","before":"","after":" "},{"index":21,"word":"if","originalText":"if","characterOffsetBegin":455,"characterOffsetEnd":457,"pos":"IN","before":" ","after":" "},{"index":22,"word":"I","originalText":"I","characterOffsetBegin":458,"characterOffsetEnd":459,"pos":"PRP","before":" ","after":" "},{"index":23,"word":"start","originalText":"start","characterOffsetBegin":460,"characterOffsetEnd":465,"pos":"VBP","before":" ","after":" "},{"index":24,"word":"xterm","originalText":"xterm","characterOffsetBegin":466,"characterOffsetEnd":471,"pos":"NN","before":" ","after":" "},{"index":25,"word":"from","originalText":"from","characterOffsetBegin":472,"characterOffsetEnd":476,"pos":"IN","before":" ","after":" "},{"index":26,"word":"the","originalText":"the","characterOffsetBegin":477,"characterOffsetEnd":480,"pos":"DT","before":" ","after":" "},{"index":27,"word":"window","originalText":"window","characterOffsetBegin":481,"characterOffsetEnd":487,"pos":"NN","before":" ","after":" "},{"index":28,"word":"manager","originalText":"manager","characterOffsetBegin":488,"characterOffsetEnd":495,"pos":"NN","before":" ","after":""},{"index":29,"word":",","originalText":",","characterOffsetBegin":495,"characterOffsetEnd":496,"pos":",","before":"","after":" "},{"index":30,"word":"or","originalText":"or","characterOffsetBegin":497,"characterOffsetEnd":499,"pos":"CC","before":" ","after":" "},{"index":31,"word":"from","originalText":"from","characterOffsetBegin":500,"characterOffsetEnd":504,"pos":"IN","before":" ","after":" "},{"index":32,"word":"the","originalText":"the","characterOffsetBegin":505,"characterOffsetEnd":508,"pos":"DT","before":" ","after":" "},{"index":33,"word":"command","originalText":"command","characterOffsetBegin":509,"characterOffsetEnd":516,"pos":"NN","before":" ","after":" "},{"index":34,"word":"line","originalText":"line","characterOffsetBegin":517,"characterOffsetEnd":521,"pos":"NN","before":" ","after":""},{"index":35,"word":",","originalText":",","characterOffsetBegin":521,"characterOffsetEnd":522,"pos":",","before":"","after":""},{"index":36,"word":"it","originalText":"it","characterOffsetBegin":522,"characterOffsetEnd":524,"pos":"PRP","before":"","after":" "},{"index":37,"word":"works","originalText":"works","characterOffsetBegin":525,"characterOffsetEnd":530,"pos":"VBZ","before":" ","after":" "},{"index":38,"word":"fine","originalText":"fine","characterOffsetBegin":531,"characterOffsetEnd":535,"pos":"NN","before":" ","after":""},{"index":39,"word":".","originalText":".","characterOffsetBegin":535,"characterOffsetEnd":536,"pos":".","before":"","after":"  "}]},{"index":7,"tokens":[{"index":1,"word":"And","originalText":"And","characterOffsetBegin":538,"characterOffsetEnd":541,"pos":"CC","before":"  ","after":" "},{"index":2,"word":"starting","originalText":"starting","characterOffsetBegin":542,"characterOffsetEnd":550,"pos":"VBG","before":" ","after":" "},{"index":3,"word":"other","originalText":"other","characterOffsetBegin":551,"characterOffsetEnd":556,"pos":"JJ","before":" ","after":" "},{"index":4,"word":"clients","originalText":"clients","characterOffsetBegin":557,"characterOffsetEnd":564,"pos":"NNS","before":" ","after":""},{"index":5,"word":",","originalText":",","characterOffsetBegin":564,"characterOffsetEnd":565,"pos":",","before":"","after":" "},{"index":6,"word":"like","originalText":"like","characterOffsetBegin":566,"characterOffsetEnd":570,"pos":"IN","before":" ","after":" "},{"index":7,"word":"the","originalText":"the","characterOffsetBegin":571,"characterOffsetEnd":574,"pos":"DT","before":" ","after":" "},{"index":8,"word":"window","originalText":"window","characterOffsetBegin":575,"characterOffsetEnd":581,"pos":"NN","before":" ","after":" "},{"index":9,"word":"manager","originalText":"manager","characterOffsetBegin":582,"characterOffsetEnd":589,"pos":"NN","before":" ","after":" "},{"index":10,"word":"-LRB-","originalText":"(","characterOffsetBegin":590,"characterOffsetEnd":591,"pos":"-LRB-","before":" ","after":""},{"index":11,"word":"mwm","originalText":"mwm","characterOffsetBegin":591,"characterOffsetEnd":594,"pos":"NN","before":"","after":""},{"index":12,"word":"-RRB-","originalText":")","characterOffsetBegin":594,"characterOffsetEnd":595,"pos":"-RRB-","before":"","after":""},{"index":13,"word":",","originalText":",","characterOffsetBegin":595,"characterOffsetEnd":596,"pos":",","before":"","after":""},{"index":14,"word":"and","originalText":"and","characterOffsetBegin":596,"characterOffsetEnd":599,"pos":"CC","before":"","after":" "},{"index":15,"word":"a","originalText":"a","characterOffsetBegin":600,"characterOffsetEnd":601,"pos":"DT","before":" ","after":" "},{"index":16,"word":"clock","originalText":"clock","characterOffsetBegin":602,"characterOffsetEnd":607,"pos":"NN","before":" ","after":""},{"index":17,"word":",","originalText":",","characterOffsetBegin":607,"characterOffsetEnd":608,"pos":",","before":"","after":" "},{"index":18,"word":"from","originalText":"from","characterOffsetBegin":609,"characterOffsetEnd":613,"pos":"IN","before":" ","after":" "},{"index":19,"word":"my","originalText":"my","characterOffsetBegin":614,"characterOffsetEnd":616,"pos":"PRP$","before":" ","after":" "},{"index":20,"word":".","originalText":".","characterOffsetBegin":617,"characterOffsetEnd":618,"pos":".","before":" ","after":""}]},{"index":8,"tokens":[{"index":1,"word":"xsession","originalText":"xsession","characterOffsetBegin":618,"characterOffsetEnd":626,"pos":"NN","before":"","after":" "},{"index":2,"word":"also","originalText":"also","characterOffsetBegin":627,"characterOffsetEnd":631,"pos":"RB","before":" ","after":" "},{"index":3,"word":"works.Anyone","originalText":"works.Anyone","characterOffsetBegin":632,"characterOffsetEnd":644,"pos":"NN","before":" ","after":" "},{"index":4,"word":"encountered","originalText":"encountered","characterOffsetBegin":645,"characterOffsetEnd":656,"pos":"VBD","before":" ","after":" "},{"index":5,"word":"this","originalText":"this","characterOffsetBegin":657,"characterOffsetEnd":661,"pos":"DT","before":" ","after":""},{"index":6,"word":"?","originalText":"?","characterOffsetBegin":661,"characterOffsetEnd":662,"pos":".","before":"","after":"  "}]},{"index":9,"tokens":[{"index":1,"word":"Suggestions?aTdHvAaNnKcSe","originalText":"Suggestions?aTdHvAaNnKcSe","characterOffsetBegin":664,"characterOffsetEnd":689,"pos":"NN","before":"  ","after":""},{"index":2,"word":"--","originalText":"--","characterOffsetBegin":689,"characterOffsetEnd":691,"pos":":","before":"","after":" "},{"index":3,"word":"Des","originalText":"Des","characterOffsetBegin":692,"characterOffsetEnd":695,"pos":"NNP","before":" ","after":" "},{"index":4,"word":"Herriott","originalText":"Herriott","characterOffsetBegin":696,"characterOffsetEnd":704,"pos":"NNP","before":" ","after":""},{"index":5,"word":",","originalText":",","characterOffsetBegin":704,"characterOffsetEnd":705,"pos":",","before":"","after":"           "},{"index":6,"word":"/","originalText":"/","characterOffsetBegin":716,"characterOffsetEnd":717,"pos":":","before":"           ","after":"   "},{"index":7,"word":"As","originalText":"As","characterOffsetBegin":720,"characterOffsetEnd":722,"pos":"IN","before":"   ","after":" "},{"index":8,"word":"a","originalText":"a","characterOffsetBegin":723,"characterOffsetEnd":724,"pos":"DT","before":" ","after":" "},{"index":9,"word":"wise","originalText":"wise","characterOffsetBegin":725,"characterOffsetEnd":729,"pos":"JJ","before":" ","after":" "},{"index":10,"word":"man","originalText":"man","characterOffsetBegin":730,"characterOffsetEnd":733,"pos":"NN","before":" ","after":" "},{"index":11,"word":"once","originalText":"once","characterOffsetBegin":734,"characterOffsetEnd":738,"pos":"RB","before":" ","after":" "},{"index":12,"word":"said","originalText":"said","characterOffsetBegin":739,"characterOffsetEnd":743,"pos":"VBD","before":" ","after":""},{"index":13,"word":",","originalText":",","characterOffsetBegin":743,"characterOffsetEnd":744,"pos":",","before":"","after":""},{"index":14,"word":"Micro","originalText":"Micro","characterOffsetBegin":744,"characterOffsetEnd":749,"pos":"NNP","before":"","after":" "},{"index":15,"word":"Focus","originalText":"Focus","characterOffsetBegin":750,"characterOffsetEnd":755,"pos":"NNP","before":" ","after":""},{"index":16,"word":",","originalText":",","characterOffsetBegin":755,"characterOffsetEnd":756,"pos":",","before":"","after":" "},{"index":17,"word":"Newbury","originalText":"Newbury","characterOffsetBegin":757,"characterOffsetEnd":764,"pos":"NNP","before":" ","after":""},{"index":18,"word":".","originalText":".","characterOffsetBegin":764,"characterOffsetEnd":765,"pos":".","before":"","after":"  "}]},{"index":10,"tokens":[{"index":1,"word":"/","originalText":"/","characterOffsetBegin":767,"characterOffsetEnd":768,"pos":":","before":"  ","after":""},{"index":2,"word":"+44","originalText":"+44","characterOffsetBegin":768,"characterOffsetEnd":771,"pos":"CD","before":"","after":" "},{"index":3,"word":"-LRB-","originalText":"(","characterOffsetBegin":772,"characterOffsetEnd":773,"pos":"-LRB-","before":" ","after":""},{"index":4,"word":"0635","originalText":"0635","characterOffsetBegin":773,"characterOffsetEnd":777,"pos":"CD","before":"","after":""},{"index":5,"word":"-RRB-","originalText":")","characterOffsetBegin":777,"characterOffsetEnd":778,"pos":"-RRB-","before":"","after":" "},{"index":6,"word":"565354","originalText":"565354","characterOffsetBegin":779,"characterOffsetEnd":785,"pos":"CD","before":" ","after":"     "},{"index":7,"word":"/","originalText":"/","characterOffsetBegin":790,"characterOffsetEnd":791,"pos":":","before":"     ","after":"  "},{"index":8,"word":"``","originalText":"\"","characterOffsetBegin":793,"characterOffsetEnd":794,"pos":"``","before":"  ","after":""},{"index":9,"word":"It","originalText":"It","characterOffsetBegin":794,"characterOffsetEnd":796,"pos":"PRP","before":"","after":" "},{"index":10,"word":"takes","originalText":"takes","characterOffsetBegin":797,"characterOffsetEnd":802,"pos":"VBZ","before":" ","after":" "},{"index":11,"word":"a","originalText":"a","characterOffsetBegin":803,"characterOffsetEnd":804,"pos":"DT","before":" ","after":" "},{"index":12,"word":"lot","originalText":"lot","characterOffsetBegin":805,"characterOffsetEnd":808,"pos":"NN","before":" ","after":" "},{"index":13,"word":"of","originalText":"of","characterOffsetBegin":809,"characterOffsetEnd":811,"pos":"IN","before":" ","after":" "},{"index":14,"word":"brains","originalText":"brains","characterOffsetBegin":812,"characterOffsetEnd":818,"pos":"NNS","before":" ","after":" "},{"index":15,"word":"to","originalText":"to","characterOffsetBegin":819,"characterOffsetEnd":821,"pos":"TO","before":" ","after":" "},{"index":16,"word":"be","originalText":"be","characterOffsetBegin":822,"characterOffsetEnd":824,"pos":"VB","before":" ","after":" "},{"index":17,"word":"smart","originalText":"smart","characterOffsetBegin":825,"characterOffsetEnd":830,"pos":"JJ","before":" ","after":""},{"index":18,"word":",","originalText":",","characterOffsetBegin":830,"characterOffsetEnd":831,"pos":",","before":"","after":" "},{"index":19,"word":"dnh@mfltd.co.uk","originalText":"dnh@mfltd.co.uk","characterOffsetBegin":832,"characterOffsetEnd":847,"pos":"JJ","before":" ","after":"      "},{"index":20,"word":"/","originalText":"/","characterOffsetBegin":853,"characterOffsetEnd":854,"pos":":","before":"      ","after":"    "},{"index":21,"word":"but","originalText":"but","characterOffsetBegin":858,"characterOffsetEnd":861,"pos":"CC","before":"    ","after":" "},{"index":22,"word":"it","originalText":"it","characterOffsetBegin":862,"characterOffsetEnd":864,"pos":"PRP","before":" ","after":" "},{"index":23,"word":"takes","originalText":"takes","characterOffsetBegin":865,"characterOffsetEnd":870,"pos":"VBZ","before":" ","after":" "},{"index":24,"word":"some","originalText":"some","characterOffsetBegin":871,"characterOffsetEnd":875,"pos":"DT","before":" ","after":" "},{"index":25,"word":"neck","originalText":"neck","characterOffsetBegin":876,"characterOffsetEnd":880,"pos":"NN","before":" ","after":" "},{"index":26,"word":"to","originalText":"to","characterOffsetBegin":881,"characterOffsetEnd":883,"pos":"TO","before":" ","after":" "},{"index":27,"word":"be","originalText":"be","characterOffsetBegin":884,"characterOffsetEnd":886,"pos":"VB","before":" ","after":" "},{"index":28,"word":"a","originalText":"a","characterOffsetBegin":887,"characterOffsetEnd":888,"pos":"DT","before":" ","after":" "},{"index":29,"word":"giraffe","originalText":"giraffe","characterOffsetBegin":889,"characterOffsetEnd":896,"pos":"NN","before":" ","after":""},{"index":30,"word":".","originalText":".","characterOffsetBegin":896,"characterOffsetEnd":897,"pos":".","before":"","after":""},{"index":31,"word":"''","originalText":"\"","characterOffsetBegin":897,"characterOffsetEnd":898,"pos":"''","before":"","after":""}]}]}