{"sentences":[{"index":0,"tokens":[{"index":1,"word":"From","originalText":"From","characterOffsetBegin":0,"characterOffsetEnd":4,"pos":"IN","before":"","after":""},{"index":2,"word":":","originalText":":","characterOffsetBegin":4,"characterOffsetEnd":5,"pos":":","before":"","after":" "},{"index":3,"word":"wpwood@darkwing.austin.ibm.comSubject:","originalText":"wpwood@darkwing.austin.ibm.comSubject:","characterOffsetBegin":6,"characterOffsetEnd":44,"pos":"NN","before":" ","after":" "},{"index":4,"word":"GCC","originalText":"GCC","characterOffsetBegin":45,"characterOffsetEnd":48,"pos":"NN","before":" ","after":" "},{"index":5,"word":"and","originalText":"and","characterOffsetBegin":49,"characterOffsetEnd":52,"pos":"CC","before":" ","after":" "},{"index":6,"word":"Building","originalText":"Building","characterOffsetBegin":53,"characterOffsetEnd":61,"pos":"NN","before":" ","after":" "},{"index":7,"word":"the","originalText":"the","characterOffsetBegin":62,"characterOffsetEnd":65,"pos":"DT","before":" ","after":" "},{"index":8,"word":"HP","originalText":"HP","characterOffsetBegin":66,"characterOffsetEnd":68,"pos":"NNP","before":" ","after":" "},{"index":9,"word":"Widget","originalText":"Widget","characterOffsetBegin":69,"characterOffsetEnd":75,"pos":"NNP","before":" ","after":" "},{"index":10,"word":"Set","originalText":"Set","characterOffsetBegin":76,"characterOffsetEnd":79,"pos":"VB","before":" ","after":" "},{"index":11,"word":"on","originalText":"on","characterOffsetBegin":80,"characterOffsetEnd":82,"pos":"IN","before":" ","after":" "},{"index":12,"word":"LinuxI","originalText":"LinuxI","characterOffsetBegin":83,"characterOffsetEnd":89,"pos":"NNP","before":" ","after":" "},{"index":13,"word":"am","originalText":"am","characterOffsetBegin":90,"characterOffsetEnd":92,"pos":"VBP","before":" ","after":" "},{"index":14,"word":"currently","originalText":"currently","characterOffsetBegin":93,"characterOffsetEnd":102,"pos":"RB","before":" ","after":" "},{"index":15,"word":"attempting","originalText":"attempting","characterOffsetBegin":103,"characterOffsetEnd":113,"pos":"VBG","before":" ","after":" "},{"index":16,"word":"to","originalText":"to","characterOffsetBegin":114,"characterOffsetEnd":116,"pos":"TO","before":" ","after":" "},{"index":17,"word":"get","originalText":"get","characterOffsetBegin":117,"characterOffsetEnd":120,"pos":"VB","before":" ","after":" "},{"index":18,"word":"a","originalText":"a","characterOffsetBegin":121,"characterOffsetEnd":122,"pos":"DT","before":" ","after":" "},{"index":19,"word":"copy","originalText":"copy","characterOffsetBegin":123,"characterOffsetEnd":127,"pos":"NN","before":" ","after":" "},{"index":20,"word":"of","originalText":"of","characterOffsetBegin":128,"characterOffsetEnd":130,"pos":"IN","before":" ","after":" "},{"index":21,"word":"the","originalText":"the","characterOffsetBegin":131,"characterOffsetEnd":134,"pos":"DT","before":" ","after":" "},{"index":22,"word":"HP","originalText":"HP","characterOffsetBegin":135,"characterOffsetEnd":137,"pos":"NNP","before":" ","after":" "},{"index":23,"word":"Widget","originalText":"Widget","characterOffsetBegin":138,"characterOffsetEnd":144,"pos":"NNP","before":" ","after":" "},{"index":24,"word":"set","originalText":"set","characterOffsetBegin":145,"characterOffsetEnd":148,"pos":"VBD","before":" ","after":" "},{"index":25,"word":"compiledunder","originalText":"compiledunder","characterOffsetBegin":149,"characterOffsetEnd":162,"pos":"JJ","before":" ","after":" "},{"index":26,"word":"Linux","originalText":"Linux","characterOffsetBegin":163,"characterOffsetEnd":168,"pos":"NN","before":" ","after":" "},{"index":27,"word":"-LRB-","originalText":"(","characterOffsetBegin":169,"characterOffsetEnd":170,"pos":"-LRB-","before":" ","after":""},{"index":28,"word":"SLS","originalText":"SLS","characterOffsetBegin":170,"characterOffsetEnd":173,"pos":"NNP","before":"","after":" "},{"index":29,"word":"Release","originalText":"Release","characterOffsetBegin":174,"characterOffsetEnd":181,"pos":"NNP","before":" ","after":" "},{"index":30,"word":"with","originalText":"with","characterOffsetBegin":182,"characterOffsetEnd":186,"pos":"IN","before":" ","after":" "},{"index":31,"word":"kernel","originalText":"kernel","characterOffsetBegin":187,"characterOffsetEnd":193,"pos":"NN","before":" ","after":" "},{"index":32,"word":"99.6","originalText":"99.6","characterOffsetBegin":194,"characterOffsetEnd":198,"pos":"CD","before":" ","after":""},{"index":33,"word":"-RRB-","originalText":")","characterOffsetBegin":198,"characterOffsetEnd":199,"pos":"-RRB-","before":"","after":" "},{"index":34,"word":"and","originalText":"and","characterOffsetBegin":200,"characterOffsetEnd":203,"pos":"CC","before":" ","after":" "},{"index":35,"word":"am","originalText":"am","characterOffsetBegin":204,"characterOffsetEnd":206,"pos":"VBP","before":" ","after":" "},{"index":36,"word":"running","originalText":"running","characterOffsetBegin":207,"characterOffsetEnd":214,"pos":"VBG","before":" ","after":" "},{"index":37,"word":"into","originalText":"into","characterOffsetBegin":215,"characterOffsetEnd":219,"pos":"IN","before":" ","after":" "},{"index":38,"word":"someproblems","originalText":"someproblems","characterOffsetBegin":220,"characterOffsetEnd":232,"pos":"NNS","before":" ","after":""},{"index":39,"word":".","originalText":".","characterOffsetBegin":232,"characterOffsetEnd":233,"pos":".","before":"","after":"  "}]},{"index":1,"tokens":[{"index":1,"word":"Actually","originalText":"Actually","characterOffsetBegin":235,"characterOffsetEnd":243,"pos":"RB","before":"  ","after":""},{"index":2,"word":",","originalText":",","characterOffsetBegin":243,"characterOffsetEnd":244,"pos":",","before":"","after":" "},{"index":3,"word":"it","originalText":"it","characterOffsetBegin":245,"characterOffsetEnd":247,"pos":"PRP","before":" ","after":" "},{"index":4,"word":"seems","originalText":"seems","characterOffsetBegin":248,"characterOffsetEnd":253,"pos":"VBZ","before":" ","after":" "},{"index":5,"word":"that","originalText":"that","characterOffsetBegin":254,"characterOffsetEnd":258,"pos":"IN","before":" ","after":" "},{"index":6,"word":"this","originalText":"this","characterOffsetBegin":259,"characterOffsetEnd":263,"pos":"DT","before":" ","after":" "},{"index":7,"word":"is","originalText":"is","characterOffsetBegin":264,"characterOffsetEnd":266,"pos":"VBZ","before":" ","after":" "},{"index":8,"word":"more","originalText":"more","characterOffsetBegin":267,"characterOffsetEnd":271,"pos":"JJR","before":" ","after":" "},{"index":9,"word":"of","originalText":"of","characterOffsetBegin":272,"characterOffsetEnd":274,"pos":"IN","before":" ","after":" "},{"index":10,"word":"a","originalText":"a","characterOffsetBegin":275,"characterOffsetEnd":276,"pos":"DT","before":" ","after":" "},{"index":11,"word":"GCC","originalText":"GCC","characterOffsetBegin":277,"characterOffsetEnd":280,"pos":"NN","before":" ","after":" "},{"index":12,"word":"question","originalText":"question","characterOffsetBegin":281,"characterOffsetEnd":289,"pos":"NN","before":" ","after":""},{"index":13,"word":",","originalText":",","characterOffsetBegin":289,"characterOffsetEnd":290,"pos":",","before":"","after":""},{"index":14,"word":"because","originalText":"because","characterOffsetBegin":290,"characterOffsetEnd":297,"pos":"IN","before":"","after":" "},{"index":15,"word":"I","originalText":"I","characterOffsetBegin":298,"characterOffsetEnd":299,"pos":"PRP","before":" ","after":" "},{"index":16,"word":"got","originalText":"got","characterOffsetBegin":300,"characterOffsetEnd":303,"pos":"VBD","before":" ","after":" "},{"index":17,"word":"it","originalText":"it","characterOffsetBegin":304,"characterOffsetEnd":306,"pos":"PRP","before":" ","after":" "},{"index":18,"word":"to","originalText":"to","characterOffsetBegin":307,"characterOffsetEnd":309,"pos":"TO","before":" ","after":" "},{"index":19,"word":"compile","originalText":"compile","characterOffsetBegin":310,"characterOffsetEnd":317,"pos":"VB","before":" ","after":" "},{"index":20,"word":"without","originalText":"without","characterOffsetBegin":318,"characterOffsetEnd":325,"pos":"IN","before":" ","after":" "},{"index":21,"word":"trouble","originalText":"trouble","characterOffsetBegin":326,"characterOffsetEnd":333,"pos":"NN","before":" ","after":" "},{"index":22,"word":"using","originalText":"using","characterOffsetBegin":334,"characterOffsetEnd":339,"pos":"VBG","before":" ","after":" "},{"index":23,"word":"cc","originalText":"cc","characterOffsetBegin":340,"characterOffsetEnd":342,"pos":"NN","before":" ","after":" "},{"index":24,"word":"on","originalText":"on","characterOffsetBegin":343,"characterOffsetEnd":345,"pos":"IN","before":" ","after":" "},{"index":25,"word":"an","originalText":"an","characterOffsetBegin":346,"characterOffsetEnd":348,"pos":"DT","before":" ","after":" "},{"index":26,"word":"RS/6000","originalText":"RS/6000","characterOffsetBegin":349,"characterOffsetEnd":356,"pos":"NN","before":" ","after":""},{"index":27,"word":".","originalText":".","characterOffsetBegin":356,"characterOffsetEnd":357,"pos":".","before":"","after":"\t"}]},{"index":2,"tokens":[{"index":1,"word":"Basically","originalText":"Basically","characterOffsetBegin":358,"characterOffsetEnd":367,"pos":"RB","before":"\t","after":""},{"index":2,"word":",","originalText":",","characterOffsetBegin":367,"characterOffsetEnd":368,"pos":",","before":"","after":" "},{"index":3,"word":"there","originalText":"there","characterOffsetBegin":369,"characterOffsetEnd":374,"pos":"EX","before":" ","after":" "},{"index":4,"word":"are","originalText":"are","characterOffsetBegin":375,"characterOffsetEnd":378,"pos":"VBP","before":" ","after":" "},{"index":5,"word":"a","originalText":"a","characterOffsetBegin":379,"characterOffsetEnd":380,"pos":"DT","before":" ","after":" "},{"index":6,"word":"number","originalText":"number","characterOffsetBegin":381,"characterOffsetEnd":387,"pos":"NN","before":" ","after":" "},{"index":7,"word":"of","originalText":"of","characterOffsetBegin":388,"characterOffsetEnd":390,"pos":"IN","before":" ","after":" "},{"index":8,"word":"functions","originalText":"functions","characterOffsetBegin":391,"characterOffsetEnd":400,"pos":"NNS","before":" ","after":" "},{"index":9,"word":"with","originalText":"with","characterOffsetBegin":401,"characterOffsetEnd":405,"pos":"IN","before":" ","after":" "},{"index":10,"word":"prototypesset","originalText":"prototypesset","characterOffsetBegin":406,"characterOffsetEnd":419,"pos":"NN","before":" ","after":" "},{"index":11,"word":"up","originalText":"up","characterOffsetBegin":420,"characterOffsetEnd":422,"pos":"RB","before":" ","after":" "},{"index":12,"word":"in","originalText":"in","characterOffsetBegin":423,"characterOffsetEnd":425,"pos":"IN","before":" ","after":""},{"index":13,"word":",","originalText":",","characterOffsetBegin":425,"characterOffsetEnd":426,"pos":",","before":"","after":" "},{"index":14,"word":"let","originalText":"let","characterOffsetBegin":427,"characterOffsetEnd":430,"pos":"VB","before":" ","after":""},{"index":15,"word":"'s","originalText":"'s","characterOffsetBegin":430,"characterOffsetEnd":432,"pos":"POS","before":"","after":" "},{"index":16,"word":"say","originalText":"say","characterOffsetBegin":433,"characterOffsetEnd":436,"pos":"VB","before":" ","after":""},{"index":17,"word":",","originalText":",","characterOffsetBegin":436,"characterOffsetEnd":437,"pos":",","before":"","after":" "},{"index":18,"word":"CompositeP.h","originalText":"CompositeP.h","characterOffsetBegin":438,"characterOffsetEnd":450,"pos":"NN","before":" ","after":""},{"index":19,"word":",","originalText":",","characterOffsetBegin":450,"characterOffsetEnd":451,"pos":",","before":"","after":" "},{"index":20,"word":"for","originalText":"for","characterOffsetBegin":452,"characterOffsetEnd":455,"pos":"IN","before":" ","after":" "},{"index":21,"word":"instance","originalText":"instance","characterOffsetBegin":456,"characterOffsetEnd":464,"pos":"NN","before":" ","after":""},{"index":22,"word":",","originalText":",","characterOffsetBegin":464,"characterOffsetEnd":465,"pos":",","before":"","after":" "},{"index":23,"word":"the","originalText":"the","characterOffsetBegin":466,"characterOffsetEnd":469,"pos":"DT","before":" ","after":" "},{"index":24,"word":"compositewidget","originalText":"compositewidget","characterOffsetBegin":470,"characterOffsetEnd":485,"pos":"NN","before":" ","after":""},{"index":25,"word":"'s","originalText":"'s","characterOffsetBegin":485,"characterOffsetEnd":487,"pos":"POS","before":"","after":" "},{"index":26,"word":"insert_child","originalText":"insert_child","characterOffsetBegin":488,"characterOffsetEnd":500,"pos":"NN","before":" ","after":" "},{"index":27,"word":"procedure","originalText":"procedure","characterOffsetBegin":501,"characterOffsetEnd":510,"pos":"NN","before":" ","after":" "},{"index":28,"word":"is","originalText":"is","characterOffsetBegin":511,"characterOffsetEnd":513,"pos":"VBZ","before":" ","after":" "},{"index":29,"word":"set","originalText":"set","characterOffsetBegin":514,"characterOffsetEnd":517,"pos":"VBN","before":" ","after":" "},{"index":30,"word":"up","originalText":"up","characterOffsetBegin":518,"characterOffsetEnd":520,"pos":"RP","before":" ","after":" "},{"index":31,"word":"with","originalText":"with","characterOffsetBegin":521,"characterOffsetEnd":525,"pos":"IN","before":" ","after":" "},{"index":32,"word":"the","originalText":"the","characterOffsetBegin":526,"characterOffsetEnd":529,"pos":"DT","before":" ","after":" "},{"index":33,"word":"type","originalText":"type","characterOffsetBegin":530,"characterOffsetEnd":534,"pos":"NN","before":" ","after":" "},{"index":34,"word":":","originalText":":","characterOffsetBegin":535,"characterOffsetEnd":536,"pos":":","before":" ","after":"\t"},{"index":35,"word":"typedef","originalText":"typedef","characterOffsetBegin":537,"characterOffsetEnd":544,"pos":"NN","before":"\t","after":" "},{"index":36,"word":"void","originalText":"void","characterOffsetBegin":545,"characterOffsetEnd":549,"pos":"NN","before":" ","after":" "},{"index":37,"word":"-LRB-","originalText":"(","characterOffsetBegin":550,"characterOffsetEnd":551,"pos":"-LRB-","before":" ","after":""},{"index":38,"word":"*","originalText":"*","characterOffsetBegin":551,"characterOffsetEnd":552,"pos":"SYM","before":"","after":""},{"index":39,"word":"XtWidgetProc","originalText":"XtWidgetProc","characterOffsetBegin":552,"characterOffsetEnd":564,"pos":"NN","before":"","after":""},{"index":40,"word":"-RRB-","originalText":")","characterOffsetBegin":564,"characterOffsetEnd":565,"pos":"-RRB-","before":"","after":" "},{"index":41,"word":"-LRB-","originalText":"(","characterOffsetBegin":566,"characterOffsetEnd":567,"pos":"-LRB-","before":" ","after":""},{"index":42,"word":"Widget","originalText":"Widget","characterOffsetBegin":567,"characterOffsetEnd":573,"pos":"NN","before":"","after":""},{"index":43,"word":"-RRB-","originalText":")","characterOffsetBegin":573,"characterOffsetEnd":574,"pos":"-RRB-","before":"","after":""},{"index":44,"word":"but","originalText":"but","characterOffsetBegin":574,"characterOffsetEnd":577,"pos":"CC","before":"","after":" "},{"index":45,"word":"in","originalText":"in","characterOffsetBegin":578,"characterOffsetEnd":580,"pos":"IN","before":" ","after":" "},{"index":46,"word":"several","originalText":"several","characterOffsetBegin":581,"characterOffsetEnd":588,"pos":"JJ","before":" ","after":" "},{"index":47,"word":"places","originalText":"places","characterOffsetBegin":589,"characterOffsetEnd":595,"pos":"NNS","before":" ","after":" "},{"index":48,"word":"in","originalText":"in","characterOffsetBegin":596,"characterOffsetEnd":598,"pos":"IN","before":" ","after":" "},{"index":49,"word":"the","originalText":"the","characterOffsetBegin":599,"characterOffsetEnd":602,"pos":"DT","before":" ","after":" "},{"index":50,"word":"HP","originalText":"HP","characterOffsetBegin":603,"characterOffsetEnd":605,"pos":"NNP","before":" ","after":" "},{"index":51,"word":"source","originalText":"source","characterOffsetBegin":606,"characterOffsetEnd":612,"pos":"NN","before":" ","after":" "},{"index":52,"word":"code","originalText":"code","characterOffsetBegin":613,"characterOffsetEnd":617,"pos":"NN","before":" ","after":""},{"index":53,"word":",","originalText":",","characterOffsetBegin":617,"characterOffsetEnd":618,"pos":",","before":"","after":" "},{"index":54,"word":"they","originalText":"they","characterOffsetBegin":619,"characterOffsetEnd":623,"pos":"PRP","before":" ","after":" "},{"index":55,"word":"reference","originalText":"reference","characterOffsetBegin":624,"characterOffsetEnd":633,"pos":"VBP","before":" ","after":" "},{"index":56,"word":"theinsert_child","originalText":"theinsert_child","characterOffsetBegin":634,"characterOffsetEnd":649,"pos":"JJ","before":" ","after":" "},{"index":57,"word":"procedure","originalText":"procedure","characterOffsetBegin":650,"characterOffsetEnd":659,"pos":"NN","before":" ","after":" "},{"index":58,"word":"and","originalText":"and","characterOffsetBegin":660,"characterOffsetEnd":663,"pos":"CC","before":" ","after":" "},{"index":59,"word":"pass","originalText":"pass","characterOffsetBegin":664,"characterOffsetEnd":668,"pos":"VB","before":" ","after":" "},{"index":60,"word":"it","originalText":"it","characterOffsetBegin":669,"characterOffsetEnd":671,"pos":"PRP","before":" ","after":" "},{"index":61,"word":"multiple","originalText":"multiple","characterOffsetBegin":672,"characterOffsetEnd":680,"pos":"JJ","before":" ","after":" "},{"index":62,"word":"arguments","originalText":"arguments","characterOffsetBegin":681,"characterOffsetEnd":690,"pos":"NNS","before":" ","after":" "},{"index":63,"word":"instead","originalText":"instead","characterOffsetBegin":691,"characterOffsetEnd":698,"pos":"RB","before":" ","after":" "},{"index":64,"word":"of","originalText":"of","characterOffsetBegin":699,"characterOffsetEnd":701,"pos":"IN","before":" ","after":" "},{"index":65,"word":"justone","originalText":"justone","characterOffsetBegin":702,"characterOffsetEnd":709,"pos":"NN","before":" ","after":""},{"index":66,"word":",","originalText":",","characterOffsetBegin":709,"characterOffsetEnd":710,"pos":",","before":"","after":" "},{"index":67,"word":"as","originalText":"as","characterOffsetBegin":711,"characterOffsetEnd":713,"pos":"IN","before":" ","after":" "},{"index":68,"word":"the","originalText":"the","characterOffsetBegin":714,"characterOffsetEnd":717,"pos":"DT","before":" ","after":" "},{"index":69,"word":"prototype","originalText":"prototype","characterOffsetBegin":718,"characterOffsetEnd":727,"pos":"NN","before":" ","after":" "},{"index":70,"word":"suggests","originalText":"suggests","characterOffsetBegin":728,"characterOffsetEnd":736,"pos":"VBZ","before":" ","after":""},{"index":71,"word":".","originalText":".","characterOffsetBegin":736,"characterOffsetEnd":737,"pos":".","before":"","after":"  "}]},{"index":3,"tokens":[{"index":1,"word":"For","originalText":"For","characterOffsetBegin":739,"characterOffsetEnd":742,"pos":"IN","before":"  ","after":" "},{"index":2,"word":"example","originalText":"example","characterOffsetBegin":743,"characterOffsetEnd":750,"pos":"NN","before":" ","after":""},{"index":3,"word":":","originalText":":","characterOffsetBegin":750,"characterOffsetEnd":751,"pos":":","before":"","after":"\t"},{"index":4,"word":"-LRB-","originalText":"(","characterOffsetBegin":752,"characterOffsetEnd":753,"pos":"-LRB-","before":"\t","after":""},{"index":5,"word":"*","originalText":"*","characterOffsetBegin":753,"characterOffsetEnd":754,"pos":"SYM","before":"","after":""},{"index":6,"word":"superclass","originalText":"superclass","characterOffsetBegin":754,"characterOffsetEnd":764,"pos":"SYM","before":"","after":""},{"index":7,"word":"-","originalText":"-","characterOffsetBegin":764,"characterOffsetEnd":765,"pos":":","before":"","after":""},{"index":8,"word":">","originalText":">","characterOffsetBegin":765,"characterOffsetEnd":766,"pos":"JJR","before":"","after":""},{"index":9,"word":"composite_class","originalText":"composite_class","characterOffsetBegin":766,"characterOffsetEnd":781,"pos":"NN","before":"","after":""},{"index":10,"word":".","originalText":".","characterOffsetBegin":781,"characterOffsetEnd":782,"pos":".","before":"","after":""}]},{"index":4,"tokens":[{"index":1,"word":"insert_child","originalText":"insert_child","characterOffsetBegin":782,"characterOffsetEnd":794,"pos":"NN","before":"","after":""},{"index":2,"word":"-RRB-","originalText":")","characterOffsetBegin":794,"characterOffsetEnd":795,"pos":"-RRB-","before":"","after":""},{"index":3,"word":"-LRB-","originalText":"(","characterOffsetBegin":795,"characterOffsetEnd":796,"pos":"-LRB-","before":"","after":""},{"index":4,"word":"w","originalText":"w","characterOffsetBegin":796,"characterOffsetEnd":797,"pos":"NN","before":"","after":""},{"index":5,"word":",","originalText":",","characterOffsetBegin":797,"characterOffsetEnd":798,"pos":",","before":"","after":" "},{"index":6,"word":"args","originalText":"args","characterOffsetBegin":799,"characterOffsetEnd":803,"pos":"NNS","before":" ","after":""},{"index":7,"word":",","originalText":",","characterOffsetBegin":803,"characterOffsetEnd":804,"pos":",","before":"","after":" "},{"index":8,"word":"p_num_args","originalText":"p_num_args","characterOffsetBegin":805,"characterOffsetEnd":815,"pos":"NNS","before":" ","after":""},{"index":9,"word":"-RRB-","originalText":")","characterOffsetBegin":815,"characterOffsetEnd":816,"pos":"-RRB-","before":"","after":""},{"index":10,"word":"Now","originalText":"Now","characterOffsetBegin":816,"characterOffsetEnd":819,"pos":"RB","before":"","after":""},{"index":11,"word":",","originalText":",","characterOffsetBegin":819,"characterOffsetEnd":820,"pos":",","before":"","after":" "},{"index":12,"word":"GCC","originalText":"GCC","characterOffsetBegin":821,"characterOffsetEnd":824,"pos":"NN","before":" ","after":" "},{"index":13,"word":"chokes","originalText":"chokes","characterOffsetBegin":825,"characterOffsetEnd":831,"pos":"VBZ","before":" ","after":" "},{"index":14,"word":"on","originalText":"on","characterOffsetBegin":832,"characterOffsetEnd":834,"pos":"IN","before":" ","after":" "},{"index":15,"word":"this","originalText":"this","characterOffsetBegin":835,"characterOffsetEnd":839,"pos":"DT","before":" ","after":""},{"index":16,"word":",","originalText":",","characterOffsetBegin":839,"characterOffsetEnd":840,"pos":",","before":"","after":" "},{"index":17,"word":"giving","originalText":"giving","characterOffsetBegin":841,"characterOffsetEnd":847,"pos":"VBG","before":" ","after":" "},{"index":18,"word":"an","originalText":"an","characterOffsetBegin":848,"characterOffsetEnd":850,"pos":"DT","before":" ","after":" "},{"index":19,"word":"error","originalText":"error","characterOffsetBegin":851,"characterOffsetEnd":856,"pos":"NN","before":" ","after":" "},{"index":20,"word":"message","originalText":"message","characterOffsetBegin":857,"characterOffsetEnd":864,"pos":"NN","before":" ","after":" "},{"index":21,"word":"that","originalText":"that","characterOffsetBegin":865,"characterOffsetEnd":869,"pos":"WDT","before":" ","after":" "},{"index":22,"word":"too","originalText":"too","characterOffsetBegin":870,"characterOffsetEnd":873,"pos":"RB","before":" ","after":" "},{"index":23,"word":"many","originalText":"many","characterOffsetBegin":874,"characterOffsetEnd":878,"pos":"JJ","before":" ","after":" "},{"index":24,"word":"argumentsare","originalText":"argumentsare","characterOffsetBegin":879,"characterOffsetEnd":891,"pos":"NN","before":" ","after":" "},{"index":25,"word":"passed","originalText":"passed","characterOffsetBegin":892,"characterOffsetEnd":898,"pos":"VBD","before":" ","after":" "},{"index":26,"word":"to","originalText":"to","characterOffsetBegin":899,"characterOffsetEnd":901,"pos":"TO","before":" ","after":" "},{"index":27,"word":"the","originalText":"the","characterOffsetBegin":902,"characterOffsetEnd":905,"pos":"DT","before":" ","after":" "},{"index":28,"word":"function","originalText":"function","characterOffsetBegin":906,"characterOffsetEnd":914,"pos":"NN","before":" ","after":""},{"index":29,"word":".","originalText":".","characterOffsetBegin":914,"characterOffsetEnd":915,"pos":".","before":"","after":"  "}]},{"index":5,"tokens":[{"index":1,"word":"So","originalText":"So","characterOffsetBegin":917,"characterOffsetEnd":919,"pos":"RB","before":"  ","after":""},{"index":2,"word":",","originalText":",","characterOffsetBegin":919,"characterOffsetEnd":920,"pos":",","before":"","after":" "},{"index":3,"word":"does","originalText":"does","characterOffsetBegin":921,"characterOffsetEnd":925,"pos":"VBZ","before":" ","after":" "},{"index":4,"word":"anyone","originalText":"anyone","characterOffsetBegin":926,"characterOffsetEnd":932,"pos":"NN","before":" ","after":" "},{"index":5,"word":"have","originalText":"have","characterOffsetBegin":933,"characterOffsetEnd":937,"pos":"VB","before":" ","after":" "},{"index":6,"word":"any","originalText":"any","characterOffsetBegin":938,"characterOffsetEnd":941,"pos":"DT","before":" ","after":" "},{"index":7,"word":"suggestions","originalText":"suggestions","characterOffsetBegin":942,"characterOffsetEnd":953,"pos":"NNS","before":" ","after":" "},{"index":8,"word":"as","originalText":"as","characterOffsetBegin":954,"characterOffsetEnd":956,"pos":"IN","before":" ","after":" "},{"index":9,"word":"tohow","originalText":"tohow","characterOffsetBegin":957,"characterOffsetEnd":962,"pos":"NN","before":" ","after":" "},{"index":10,"word":"to","originalText":"to","characterOffsetBegin":963,"characterOffsetEnd":965,"pos":"TO","before":" ","after":" "},{"index":11,"word":"turn","originalText":"turn","characterOffsetBegin":966,"characterOffsetEnd":970,"pos":"VB","before":" ","after":" "},{"index":12,"word":"off","originalText":"off","characterOffsetBegin":971,"characterOffsetEnd":974,"pos":"RP","before":" ","after":" "},{"index":13,"word":"this","originalText":"this","characterOffsetBegin":975,"characterOffsetEnd":979,"pos":"DT","before":" ","after":" "},{"index":14,"word":"checking","originalText":"checking","characterOffsetBegin":980,"characterOffsetEnd":988,"pos":"NN","before":" ","after":" "},{"index":15,"word":"in","originalText":"in","characterOffsetBegin":989,"characterOffsetEnd":991,"pos":"IN","before":" ","after":" "},{"index":16,"word":"GCC","originalText":"GCC","characterOffsetBegin":992,"characterOffsetEnd":995,"pos":"NNP","before":" ","after":""},{"index":17,"word":",","originalText":",","characterOffsetBegin":995,"characterOffsetEnd":996,"pos":",","before":"","after":" "},{"index":18,"word":"or","originalText":"or","characterOffsetBegin":997,"characterOffsetEnd":999,"pos":"CC","before":" ","after":" "},{"index":19,"word":"how","originalText":"how","characterOffsetBegin":1000,"characterOffsetEnd":1003,"pos":"WRB","before":" ","after":" "},{"index":20,"word":"I","originalText":"I","characterOffsetBegin":1004,"characterOffsetEnd":1005,"pos":"PRP","before":" ","after":" "},{"index":21,"word":"can","originalText":"can","characterOffsetBegin":1006,"characterOffsetEnd":1009,"pos":"MD","before":" ","after":" "},{"index":22,"word":"go","originalText":"go","characterOffsetBegin":1010,"characterOffsetEnd":1012,"pos":"VB","before":" ","after":" "},{"index":23,"word":"about","originalText":"about","characterOffsetBegin":1013,"characterOffsetEnd":1018,"pos":"IN","before":" ","after":" "},{"index":24,"word":"changing","originalText":"changing","characterOffsetBegin":1019,"characterOffsetEnd":1027,"pos":"VBG","before":" ","after":" "},{"index":25,"word":"thecode","originalText":"thecode","characterOffsetBegin":1028,"characterOffsetEnd":1035,"pos":"NN","before":" ","after":" "},{"index":26,"word":"to","originalText":"to","characterOffsetBegin":1036,"characterOffsetEnd":1038,"pos":"TO","before":" ","after":" "},{"index":27,"word":"accomodate","originalText":"accomodate","characterOffsetBegin":1039,"characterOffsetEnd":1049,"pos":"VB","before":" ","after":" "},{"index":28,"word":"this","originalText":"this","characterOffsetBegin":1050,"characterOffsetEnd":1054,"pos":"DT","before":" ","after":" "},{"index":29,"word":"call","originalText":"call","characterOffsetBegin":1055,"characterOffsetEnd":1059,"pos":"NN","before":" ","after":" "},{"index":30,"word":"without","originalText":"without","characterOffsetBegin":1060,"characterOffsetEnd":1067,"pos":"IN","before":" ","after":" "},{"index":31,"word":"changing","originalText":"changing","characterOffsetBegin":1068,"characterOffsetEnd":1076,"pos":"VBG","before":" ","after":" "},{"index":32,"word":"/","originalText":"/","characterOffsetBegin":1077,"characterOffsetEnd":1078,"pos":":","before":" ","after":""},{"index":33,"word":"usr/include/X11/CompositeP.h","originalText":"usr/include/X11/CompositeP.h","characterOffsetBegin":1078,"characterOffsetEnd":1106,"pos":"NN","before":"","after":""},{"index":34,"word":",","originalText":",","characterOffsetBegin":1106,"characterOffsetEnd":1107,"pos":",","before":"","after":""},{"index":35,"word":"or","originalText":"or","characterOffsetBegin":1107,"characterOffsetEnd":1109,"pos":"CC","before":"","after":" "},{"index":36,"word":"has","originalText":"has","characterOffsetBegin":1110,"characterOffsetEnd":1113,"pos":"VBZ","before":" ","after":" "},{"index":37,"word":"anyone","originalText":"anyone","characterOffsetBegin":1114,"characterOffsetEnd":1120,"pos":"NN","before":" ","after":" "},{"index":38,"word":"successfully","originalText":"successfully","characterOffsetBegin":1121,"characterOffsetEnd":1133,"pos":"RB","before":" ","after":" "},{"index":39,"word":"built","originalText":"built","characterOffsetBegin":1134,"characterOffsetEnd":1139,"pos":"VBD","before":" ","after":" "},{"index":40,"word":"the","originalText":"the","characterOffsetBegin":1140,"characterOffsetEnd":1143,"pos":"DT","before":" ","after":" "},{"index":41,"word":"HP","originalText":"HP","characterOffsetBegin":1144,"characterOffsetEnd":1146,"pos":"NNP","before":" ","after":" "},{"index":42,"word":"widget","originalText":"widget","characterOffsetBegin":1147,"characterOffsetEnd":1153,"pos":"NN","before":" ","after":" "},{"index":43,"word":"set","originalText":"set","characterOffsetBegin":1154,"characterOffsetEnd":1157,"pos":"NN","before":" ","after":" "},{"index":44,"word":"and","originalText":"and","characterOffsetBegin":1158,"characterOffsetEnd":1161,"pos":"CC","before":" ","after":" "},{"index":45,"word":"have","originalText":"have","characterOffsetBegin":1162,"characterOffsetEnd":1166,"pos":"VBP","before":" ","after":" "},{"index":46,"word":"any","originalText":"any","characterOffsetBegin":1167,"characterOffsetEnd":1170,"pos":"DT","before":" ","after":" "},{"index":47,"word":"suggestions","originalText":"suggestions","characterOffsetBegin":1171,"characterOffsetEnd":1182,"pos":"NNS","before":" ","after":""},{"index":48,"word":".","originalText":".","characterOffsetBegin":1182,"characterOffsetEnd":1183,"pos":".","before":"","after":"\t"}]},{"index":6,"tokens":[{"index":1,"word":"Many","originalText":"Many","characterOffsetBegin":1184,"characterOffsetEnd":1188,"pos":"JJ","before":"\t","after":" "},{"index":2,"word":"thanks","originalText":"thanks","characterOffsetBegin":1189,"characterOffsetEnd":1195,"pos":"NNS","before":" ","after":" "},{"index":3,"word":"in","originalText":"in","characterOffsetBegin":1196,"characterOffsetEnd":1198,"pos":"IN","before":" ","after":" "},{"index":4,"word":"advance","originalText":"advance","characterOffsetBegin":1199,"characterOffsetEnd":1206,"pos":"NN","before":" ","after":" "},{"index":5,"word":"for","originalText":"for","characterOffsetBegin":1207,"characterOffsetEnd":1210,"pos":"IN","before":" ","after":" "},{"index":6,"word":"any","originalText":"any","characterOffsetBegin":1211,"characterOffsetEnd":1214,"pos":"DT","before":" ","after":" "},{"index":7,"word":"help","originalText":"help","characterOffsetBegin":1215,"characterOffsetEnd":1219,"pos":"NN","before":" ","after":""},{"index":8,"word":".","originalText":".","characterOffsetBegin":1219,"characterOffsetEnd":1220,"pos":".","before":"","after":""}]},{"index":7,"tokens":[{"index":1,"word":"--","originalText":"--","characterOffsetBegin":1220,"characterOffsetEnd":1222,"pos":":","before":"","after":""},{"index":2,"word":"<","originalText":"<","characterOffsetBegin":1222,"characterOffsetEnd":1223,"pos":"JJR","before":"","after":""},{"index":3,"word":">","originalText":">","characterOffsetBegin":1223,"characterOffsetEnd":1224,"pos":"JJR","before":"","after":""},{"index":4,"word":"<","originalText":"<","characterOffsetBegin":1224,"characterOffsetEnd":1225,"pos":"JJR","before":"","after":""},{"index":5,"word":">","originalText":">","characterOffsetBegin":1225,"characterOffsetEnd":1226,"pos":"JJR","before":"","after":""},{"index":6,"word":"<","originalText":"<","characterOffsetBegin":1226,"characterOffsetEnd":1227,"pos":"JJR","before":"","after":""},{"index":7,"word":">","originalText":">","characterOffsetBegin":1227,"characterOffsetEnd":1228,"pos":"JJR","before":"","after":""},{"index":8,"word":"<","originalText":"<","characterOffsetBegin":1228,"characterOffsetEnd":1229,"pos":"JJR","before":"","after":""},{"index":9,"word":">","originalText":">","characterOffsetBegin":1229,"characterOffsetEnd":1230,"pos":"JJR","before":"","after":""},{"index":10,"word":"<","originalText":"<","characterOffsetBegin":1230,"characterOffsetEnd":1231,"pos":"JJR","before":"","after":""},{"index":11,"word":">","originalText":">","characterOffsetBegin":1231,"characterOffsetEnd":1232,"pos":"JJR","before":"","after":""},{"index":12,"word":"<","originalText":"<","characterOffsetBegin":1232,"characterOffsetEnd":1233,"pos":"JJR","before":"","after":""},{"index":13,"word":">","originalText":">","characterOffsetBegin":1233,"characterOffsetEnd":1234,"pos":"JJR","before":"","after":""},{"index":14,"word":"<","originalText":"<","characterOffsetBegin":1234,"characterOffsetEnd":1235,"pos":"JJR","before":"","after":""},{"index":15,"word":">","originalText":">","characterOffsetBegin":1235,"characterOffsetEnd":1236,"pos":"JJR","before":"","after":""},{"index":16,"word":"<","originalText":"<","characterOffsetBegin":1236,"characterOffsetEnd":1237,"pos":"JJR","before":"","after":""},{"index":17,"word":">","originalText":">","characterOffsetBegin":1237,"characterOffsetEnd":1238,"pos":"JJR","before":"","after":""},{"index":18,"word":"<","originalText":"<","characterOffsetBegin":1238,"characterOffsetEnd":1239,"pos":"JJR","before":"","after":""},{"index":19,"word":">","originalText":">","characterOffsetBegin":1239,"characterOffsetEnd":1240,"pos":"JJR","before":"","after":""},{"index":20,"word":"<","originalText":"<","characterOffsetBegin":1240,"characterOffsetEnd":1241,"pos":"JJR","before":"","after":""},{"index":21,"word":">","originalText":">","characterOffsetBegin":1241,"characterOffsetEnd":1242,"pos":"JJR","before":"","after":""},{"index":22,"word":"<","originalText":"<","characterOffsetBegin":1242,"characterOffsetEnd":1243,"pos":"JJR","before":"","after":""},{"index":23,"word":">","originalText":">","characterOffsetBegin":1243,"characterOffsetEnd":1244,"pos":"JJR","before":"","after":""},{"index":24,"word":"<","originalText":"<","characterOffsetBegin":1244,"characterOffsetEnd":1245,"pos":"JJR","before":"","after":""},{"index":25,"word":">","originalText":">","characterOffsetBegin":1245,"characterOffsetEnd":1246,"pos":"JJR","before":"","after":""},{"index":26,"word":"<","originalText":"<","characterOffsetBegin":1246,"characterOffsetEnd":1247,"pos":"JJR","before":"","after":""},{"index":27,"word":">","originalText":">","characterOffsetBegin":1247,"characterOffsetEnd":1248,"pos":"JJR","before":"","after":""},{"index":28,"word":"<","originalText":"<","characterOffsetBegin":1248,"characterOffsetEnd":1249,"pos":"JJR","before":"","after":""},{"index":29,"word":">","originalText":">","characterOffsetBegin":1249,"characterOffsetEnd":1250,"pos":"JJR","before":"","after":""},{"index":30,"word":"<","originalText":"<","characterOffsetBegin":1250,"characterOffsetEnd":1251,"pos":"JJR","before":"","after":""},{"index":31,"word":">","originalText":">","characterOffsetBegin":1251,"characterOffsetEnd":1252,"pos":"JJR","before":"","after":""},{"index":32,"word":"<","originalText":"<","characterOffsetBegin":1252,"characterOffsetEnd":1253,"pos":"JJR","before":"","after":""},{"index":33,"word":">","originalText":">","characterOffsetBegin":1253,"characterOffsetEnd":1254,"pos":"JJR","before":"","after":""},{"index":34,"word":"<","originalText":"<","characterOffsetBegin":1254,"characterOffsetEnd":1255,"pos":"JJR","before":"","after":""},{"index":35,"word":">","originalText":">","characterOffsetBegin":1255,"characterOffsetEnd":1256,"pos":"JJR","before":"","after":""},{"index":36,"word":"<","originalText":"<","characterOffsetBegin":1256,"characterOffsetEnd":1257,"pos":"JJR","before":"","after":""},{"index":37,"word":">","originalText":">","characterOffsetBegin":1257,"characterOffsetEnd":1258,"pos":"JJR","before":"","after":""},{"index":38,"word":"<","originalText":"<","characterOffsetBegin":1258,"characterOffsetEnd":1259,"pos":"JJR","before":"","after":""},{"index":39,"word":">","originalText":">","characterOffsetBegin":1259,"characterOffsetEnd":1260,"pos":"JJR","before":"","after":""},{"index":40,"word":"<","originalText":"<","characterOffsetBegin":1260,"characterOffsetEnd":1261,"pos":"JJR","before":"","after":""},{"index":41,"word":">","originalText":">","characterOffsetBegin":1261,"characterOffsetEnd":1262,"pos":"JJR","before":"","after":""},{"index":42,"word":"<","originalText":"<","characterOffsetBegin":1262,"characterOffsetEnd":1263,"pos":"JJR","before":"","after":""},{"index":43,"word":">","originalText":">","characterOffsetBegin":1263,"characterOffsetEnd":1264,"pos":"JJR","before":"","after":""},{"index":44,"word":"<","originalText":"<","characterOffsetBegin":1264,"characterOffsetEnd":1265,"pos":"JJR","before":"","after":""},{"index":45,"word":">","originalText":">","characterOffsetBegin":1265,"characterOffsetEnd":1266,"pos":"JJR","before":"","after":""},{"index":46,"word":"<","originalText":"<","characterOffsetBegin":1266,"characterOffsetEnd":1267,"pos":"JJR","before":"","after":""},{"index":47,"word":">","originalText":">","characterOffsetBegin":1267,"characterOffsetEnd":1268,"pos":"JJR","before":"","after":""},{"index":48,"word":"<","originalText":"<","characterOffsetBegin":1268,"characterOffsetEnd":1269,"pos":"JJR","before":"","after":""},{"index":49,"word":">","originalText":">","characterOffsetBegin":1269,"characterOffsetEnd":1270,"pos":"JJR","before":"","after":""},{"index":50,"word":"<","originalText":"<","characterOffsetBegin":1270,"characterOffsetEnd":1271,"pos":"JJR","before":"","after":""},{"index":51,"word":">","originalText":">","characterOffsetBegin":1271,"characterOffsetEnd":1272,"pos":"JJR","before":"","after":""},{"index":52,"word":"<","originalText":"<","characterOffsetBegin":1272,"characterOffsetEnd":1273,"pos":"JJR","before":"","after":""},{"index":53,"word":">","originalText":">","characterOffsetBegin":1273,"characterOffsetEnd":1274,"pos":"JJR","before":"","after":""},{"index":54,"word":"<","originalText":"<","characterOffsetBegin":1274,"characterOffsetEnd":1275,"pos":"JJR","before":"","after":""},{"index":55,"word":">","originalText":">","characterOffsetBegin":1275,"characterOffsetEnd":1276,"pos":"JJR","before":"","after":""},{"index":56,"word":"<","originalText":"<","characterOffsetBegin":1276,"characterOffsetEnd":1277,"pos":"JJR","before":"","after":""},{"index":57,"word":">","originalText":">","characterOffsetBegin":1277,"characterOffsetEnd":1278,"pos":"JJR","before":"","after":""},{"index":58,"word":"<","originalText":"<","characterOffsetBegin":1278,"characterOffsetEnd":1279,"pos":"JJR","before":"","after":""},{"index":59,"word":">","originalText":">","characterOffsetBegin":1279,"characterOffsetEnd":1280,"pos":"JJR","before":"","after":""},{"index":60,"word":"<","originalText":"<","characterOffsetBegin":1280,"characterOffsetEnd":1281,"pos":"JJR","before":"","after":""},{"index":61,"word":">","originalText":">","characterOffsetBegin":1281,"characterOffsetEnd":1282,"pos":"JJR","before":"","after":""},{"index":62,"word":"<","originalText":"<","characterOffsetBegin":1282,"characterOffsetEnd":1283,"pos":"JJR","before":"","after":""},{"index":63,"word":">","originalText":">","characterOffsetBegin":1283,"characterOffsetEnd":1284,"pos":"JJR","before":"","after":""},{"index":64,"word":"<","originalText":"<","characterOffsetBegin":1284,"characterOffsetEnd":1285,"pos":"JJR","before":"","after":""},{"index":65,"word":">","originalText":">","characterOffsetBegin":1285,"characterOffsetEnd":1286,"pos":"JJR","before":"","after":""},{"index":66,"word":"<","originalText":"<","characterOffsetBegin":1286,"characterOffsetEnd":1287,"pos":"JJR","before":"","after":""},{"index":67,"word":">","originalText":">","characterOffsetBegin":1287,"characterOffsetEnd":1288,"pos":"JJR","before":"","after":""},{"index":68,"word":"<","originalText":"<","characterOffsetBegin":1288,"characterOffsetEnd":1289,"pos":"JJR","before":"","after":""},{"index":69,"word":">","originalText":">","characterOffsetBegin":1289,"characterOffsetEnd":1290,"pos":"JJR","before":"","after":""},{"index":70,"word":"<","originalText":"<","characterOffsetBegin":1290,"characterOffsetEnd":1291,"pos":"JJR","before":"","after":""},{"index":71,"word":">","originalText":">","characterOffsetBegin":1291,"characterOffsetEnd":1292,"pos":"JJR","before":"","after":""},{"index":72,"word":"<","originalText":"<","characterOffsetBegin":1292,"characterOffsetEnd":1293,"pos":"JJR","before":"","after":""},{"index":73,"word":">","originalText":">","characterOffsetBegin":1293,"characterOffsetEnd":1294,"pos":"JJR","before":"","after":""},{"index":74,"word":"<","originalText":"<","characterOffsetBegin":1294,"characterOffsetEnd":1295,"pos":"JJR","before":"","after":""},{"index":75,"word":">","originalText":">","characterOffsetBegin":1295,"characterOffsetEnd":1296,"pos":"JJR","before":"","after":""},{"index":76,"word":"Bill","originalText":"Bill","characterOffsetBegin":1296,"characterOffsetEnd":1300,"pos":"NNP","before":"","after":" "},{"index":77,"word":"Woodward","originalText":"Woodward","characterOffsetBegin":1301,"characterOffsetEnd":1309,"pos":"NNP","before":" ","after":"        "},{"index":78,"word":"|","originalText":"|","characterOffsetBegin":1317,"characterOffsetEnd":1318,"pos":"CD","before":"        ","after":" "},{"index":79,"word":"wpwood@austin.ibm.com","originalText":"wpwood@austin.ibm.com","characterOffsetBegin":1319,"characterOffsetEnd":1340,"pos":"NNP","before":" ","after":"   "},{"index":80,"word":"<","originalText":"<","characterOffsetBegin":1343,"characterOffsetEnd":1344,"pos":"JJR","before":"   ","after":""},{"index":81,"word":"--","originalText":"--","characterOffsetBegin":1344,"characterOffsetEnd":1346,"pos":":","before":"","after":" "},{"index":82,"word":"Try","originalText":"Try","characterOffsetBegin":1347,"characterOffsetEnd":1350,"pos":"VB","before":" ","after":" "},{"index":83,"word":"this","originalText":"this","characterOffsetBegin":1351,"characterOffsetEnd":1355,"pos":"DT","before":" ","after":" "},{"index":84,"word":"firstAIX","originalText":"firstAIX","characterOffsetBegin":1356,"characterOffsetEnd":1364,"pos":"NN","before":" ","after":" "},{"index":85,"word":"Software","originalText":"Software","characterOffsetBegin":1365,"characterOffsetEnd":1373,"pos":"NNP","before":" ","after":" "},{"index":86,"word":"Support","originalText":"Support","characterOffsetBegin":1374,"characterOffsetEnd":1381,"pos":"NN","before":" ","after":" "},{"index":87,"word":"|","originalText":"|","characterOffsetBegin":1382,"characterOffsetEnd":1383,"pos":"CD","before":" ","after":" "},{"index":88,"word":"billw@aixwiz.austin.ibm.com","originalText":"billw@aixwiz.austin.ibm.com","characterOffsetBegin":1384,"characterOffsetEnd":1411,"pos":"NNP","before":" ","after":"  "},{"index":89,"word":"Graphics","originalText":"Graphics","characterOffsetBegin":1413,"characterOffsetEnd":1421,"pos":"NNP","before":"  ","after":" "},{"index":90,"word":"Group","originalText":"Group","characterOffsetBegin":1422,"characterOffsetEnd":1427,"pos":"NNP","before":" ","after":"       "},{"index":91,"word":"|","originalText":"|","characterOffsetBegin":1434,"characterOffsetEnd":1435,"pos":"VBD","before":"       ","after":" "},{"index":92,"word":"512-838-2834I","originalText":"512-838-2834I","characterOffsetBegin":1436,"characterOffsetEnd":1449,"pos":"NN","before":" ","after":" "},{"index":93,"word":"am","originalText":"am","characterOffsetBegin":1450,"characterOffsetEnd":1452,"pos":"VBP","before":" ","after":" "},{"index":94,"word":"the","originalText":"the","characterOffsetBegin":1453,"characterOffsetEnd":1456,"pos":"DT","before":" ","after":" "},{"index":95,"word":"terror","originalText":"terror","characterOffsetBegin":1457,"characterOffsetEnd":1463,"pos":"NN","before":" ","after":" "},{"index":96,"word":"that","originalText":"that","characterOffsetBegin":1464,"characterOffsetEnd":1468,"pos":"WDT","before":" ","after":" "},{"index":97,"word":"flaps","originalText":"flaps","characterOffsetBegin":1469,"characterOffsetEnd":1474,"pos":"NNS","before":" ","after":" "},{"index":98,"word":"in","originalText":"in","characterOffsetBegin":1475,"characterOffsetEnd":1477,"pos":"IN","before":" ","after":" "},{"index":99,"word":"the","originalText":"the","characterOffsetBegin":1478,"characterOffsetEnd":1481,"pos":"DT","before":" ","after":" "},{"index":100,"word":"night","originalText":"night","characterOffsetBegin":1482,"characterOffsetEnd":1487,"pos":"NN","before":" ","after":""},{"index":101,"word":".","originalText":".","characterOffsetBegin":1487,"characterOffsetEnd":1488,"pos":".","before":"","after":""}]}]}