{"sentences":[{"index":0,"tokens":[{"index":1,"word":"From","originalText":"From","characterOffsetBegin":0,"characterOffsetEnd":4,"pos":"IN","before":"","after":""},{"index":2,"word":":","originalText":":","characterOffsetBegin":4,"characterOffsetEnd":5,"pos":":","before":"","after":" "},{"index":3,"word":"dealy@narya.gsfc.nasa.gov","originalText":"dealy@narya.gsfc.nasa.gov","characterOffsetBegin":6,"characterOffsetEnd":31,"pos":"NN","before":" ","after":" "},{"index":4,"word":"-LRB-","originalText":"(","characterOffsetBegin":32,"characterOffsetEnd":33,"pos":"-LRB-","before":" ","after":""},{"index":5,"word":"Brian","originalText":"Brian","characterOffsetBegin":33,"characterOffsetEnd":38,"pos":"NNP","before":"","after":" "},{"index":6,"word":"Dealy","originalText":"Dealy","characterOffsetBegin":39,"characterOffsetEnd":44,"pos":"NNP","before":" ","after":" "},{"index":7,"word":"-","originalText":"-","characterOffsetBegin":45,"characterOffsetEnd":46,"pos":":","before":" ","after":" "},{"index":8,"word":"CSC","originalText":"CSC","characterOffsetBegin":47,"characterOffsetEnd":50,"pos":"NNP","before":" ","after":""},{"index":9,"word":"-RRB-","originalText":")","characterOffsetBegin":50,"characterOffsetEnd":51,"pos":"-RRB-","before":"","after":""},{"index":10,"word":"Subject","originalText":"Subject","characterOffsetBegin":51,"characterOffsetEnd":58,"pos":"NNP","before":"","after":""},{"index":11,"word":":","originalText":":","characterOffsetBegin":58,"characterOffsetEnd":59,"pos":":","before":"","after":" "},{"index":12,"word":"How","originalText":"How","characterOffsetBegin":60,"characterOffsetEnd":63,"pos":"WRB","before":" ","after":" "},{"index":13,"word":"2","originalText":"2","characterOffsetBegin":64,"characterOffsetEnd":65,"pos":"CD","before":" ","after":" "},{"index":14,"word":"Get","originalText":"Get","characterOffsetBegin":66,"characterOffsetEnd":69,"pos":"VB","before":" ","after":" "},{"index":15,"word":"Fontname","originalText":"Fontname","characterOffsetBegin":70,"characterOffsetEnd":78,"pos":"NNP","before":" ","after":" "},{"index":16,"word":"from","originalText":"from","characterOffsetBegin":79,"characterOffsetEnd":83,"pos":"IN","before":" ","after":" "},{"index":17,"word":"Fonstruct","originalText":"Fonstruct","characterOffsetBegin":84,"characterOffsetEnd":93,"pos":"NNP","before":" ","after":" "},{"index":18,"word":"???","originalText":"???","characterOffsetBegin":94,"characterOffsetEnd":97,"pos":"CD","before":" ","after":""}]},{"index":1,"tokens":[{"index":1,"word":"Anyone","originalText":"Anyone","characterOffsetBegin":97,"characterOffsetEnd":103,"pos":"NN","before":"","after":" "},{"index":2,"word":"know","originalText":"know","characterOffsetBegin":104,"characterOffsetEnd":108,"pos":"VB","before":" ","after":" "},{"index":3,"word":"how","originalText":"how","characterOffsetBegin":109,"characterOffsetEnd":112,"pos":"WRB","before":" ","after":" "},{"index":4,"word":"an","originalText":"an","characterOffsetBegin":113,"characterOffsetEnd":115,"pos":"DT","before":" ","after":" "},{"index":5,"word":"application","originalText":"application","characterOffsetBegin":116,"characterOffsetEnd":127,"pos":"NN","before":" ","after":" "},{"index":6,"word":"can","originalText":"can","characterOffsetBegin":128,"characterOffsetEnd":131,"pos":"MD","before":" ","after":" "},{"index":7,"word":"retrieve","originalText":"retrieve","characterOffsetBegin":132,"characterOffsetEnd":140,"pos":"VB","before":" ","after":" "},{"index":8,"word":"the","originalText":"the","characterOffsetBegin":141,"characterOffsetEnd":144,"pos":"DT","before":" ","after":" "},{"index":9,"word":"name","originalText":"name","characterOffsetBegin":145,"characterOffsetEnd":149,"pos":"NN","before":" ","after":" "},{"index":10,"word":"of","originalText":"of","characterOffsetBegin":150,"characterOffsetEnd":152,"pos":"IN","before":" ","after":" "},{"index":11,"word":"the","originalText":"the","characterOffsetBegin":153,"characterOffsetEnd":156,"pos":"DT","before":" ","after":" "},{"index":12,"word":"font","originalText":"font","characterOffsetBegin":157,"characterOffsetEnd":161,"pos":"NN","before":" ","after":" "},{"index":13,"word":"froman","originalText":"froman","characterOffsetBegin":162,"characterOffsetEnd":168,"pos":"NN","before":" ","after":" "},{"index":14,"word":"application","originalText":"application","characterOffsetBegin":169,"characterOffsetEnd":180,"pos":"NN","before":" ","after":" "},{"index":15,"word":"given","originalText":"given","characterOffsetBegin":181,"characterOffsetEnd":186,"pos":"VBN","before":" ","after":" "},{"index":16,"word":"an","originalText":"an","characterOffsetBegin":187,"characterOffsetEnd":189,"pos":"DT","before":" ","after":" "},{"index":17,"word":"XFontStruct","originalText":"XFontStruct","characterOffsetBegin":190,"characterOffsetEnd":201,"pos":"NN","before":" ","after":" "},{"index":18,"word":"*","originalText":"*","characterOffsetBegin":202,"characterOffsetEnd":203,"pos":"NN","before":" ","after":""},{"index":19,"word":"?","originalText":"?","characterOffsetBegin":203,"characterOffsetEnd":204,"pos":".","before":"","after":" "}]},{"index":2,"tokens":[{"index":1,"word":"Would","originalText":"Would","characterOffsetBegin":205,"characterOffsetEnd":210,"pos":"MD","before":" ","after":" "},{"index":2,"word":"XGetFontProperty","originalText":"XGetFontProperty","characterOffsetBegin":211,"characterOffsetEnd":227,"pos":"NN","before":" ","after":" "},{"index":3,"word":"work","originalText":"work","characterOffsetBegin":228,"characterOffsetEnd":232,"pos":"NN","before":" ","after":" "},{"index":4,"word":"if","originalText":"if","characterOffsetBegin":233,"characterOffsetEnd":235,"pos":"IN","before":" ","after":" "},{"index":5,"word":"I","originalText":"I","characterOffsetBegin":236,"characterOffsetEnd":237,"pos":"PRP","before":" ","after":" "},{"index":6,"word":"passed","originalText":"passed","characterOffsetBegin":238,"characterOffsetEnd":244,"pos":"VBD","before":" ","after":" "},{"index":7,"word":"XA_FONT_NAME","originalText":"XA_FONT_NAME","characterOffsetBegin":245,"characterOffsetEnd":257,"pos":"NNP","before":" ","after":""},{"index":8,"word":"?","originalText":"?","characterOffsetBegin":257,"characterOffsetEnd":258,"pos":".","before":"","after":" "}]},{"index":3,"tokens":[{"index":1,"word":"anyone","originalText":"anyone","characterOffsetBegin":259,"characterOffsetEnd":265,"pos":"NN","before":" ","after":" "},{"index":2,"word":"know","originalText":"know","characterOffsetBegin":266,"characterOffsetEnd":270,"pos":"VBP","before":" ","after":" "},{"index":3,"word":"details","originalText":"details","characterOffsetBegin":271,"characterOffsetEnd":278,"pos":"NNS","before":" ","after":" "},{"index":4,"word":"of","originalText":"of","characterOffsetBegin":279,"characterOffsetEnd":281,"pos":"IN","before":" ","after":" "},{"index":5,"word":"this","originalText":"this","characterOffsetBegin":282,"characterOffsetEnd":286,"pos":"DT","before":" ","after":""},{"index":6,"word":"?","originalText":"?","characterOffsetBegin":286,"characterOffsetEnd":287,"pos":".","before":"","after":"  "}]},{"index":4,"tokens":[{"index":1,"word":"Thanks","originalText":"Thanks","characterOffsetBegin":289,"characterOffsetEnd":295,"pos":"NNS","before":"  ","after":" "},{"index":2,"word":"in","originalText":"in","characterOffsetBegin":296,"characterOffsetEnd":298,"pos":"IN","before":" ","after":" "},{"index":3,"word":"advance.Brian","originalText":"advance.Brian","characterOffsetBegin":299,"characterOffsetEnd":312,"pos":"NN","before":" ","after":""},{"index":4,"word":"--","originalText":"--","characterOffsetBegin":312,"characterOffsetEnd":314,"pos":":","before":"","after":" "},{"index":5,"word":"Brian","originalText":"Brian","characterOffsetBegin":315,"characterOffsetEnd":320,"pos":"NNP","before":" ","after":" "},{"index":6,"word":"Dealy","originalText":"Dealy","characterOffsetBegin":321,"characterOffsetEnd":326,"pos":"NNP","before":" ","after":"                "},{"index":7,"word":"|","originalText":"|","characterOffsetBegin":342,"characterOffsetEnd":343,"pos":"VBP","before":"                ","after":""},{"index":8,"word":"301-572-8267","originalText":"301-572-8267","characterOffsetBegin":343,"characterOffsetEnd":355,"pos":"CD","before":"","after":""},{"index":9,"word":"|","originalText":"|","characterOffsetBegin":355,"characterOffsetEnd":356,"pos":"CD","before":"","after":" "},{"index":10,"word":"It","originalText":"It","characterOffsetBegin":357,"characterOffsetEnd":359,"pos":"PRP","before":" ","after":" "},{"index":11,"word":"not","originalText":"not","characterOffsetBegin":360,"characterOffsetEnd":363,"pos":"RB","before":" ","after":" "},{"index":12,"word":"knowing","originalText":"knowing","characterOffsetBegin":364,"characterOffsetEnd":371,"pos":"VBG","before":" ","after":" "},{"index":13,"word":"where","originalText":"where","characterOffsetBegin":372,"characterOffsetEnd":377,"pos":"WRB","before":" ","after":" "},{"index":14,"word":"it","originalText":"it","characterOffsetBegin":378,"characterOffsetEnd":380,"pos":"PRP","before":" ","after":""},{"index":15,"word":"'s","originalText":"'s","characterOffsetBegin":380,"characterOffsetEnd":382,"pos":"VBZ","before":"","after":" "},{"index":16,"word":"at","originalText":"at","characterOffsetBegin":383,"characterOffsetEnd":385,"pos":"IN","before":" ","after":"  "},{"index":17,"word":"dealy@kong.gsfc.nasa.gov","originalText":"dealy@kong.gsfc.nasa.gov","characterOffsetBegin":387,"characterOffsetEnd":411,"pos":"NNP","before":"  ","after":"   "},{"index":18,"word":"|","originalText":"|","characterOffsetBegin":414,"characterOffsetEnd":415,"pos":"CD","before":"   ","after":"            "},{"index":19,"word":"|","originalText":"|","characterOffsetBegin":427,"characterOffsetEnd":428,"pos":"NNS","before":"            ","after":" "},{"index":20,"word":"that","originalText":"that","characterOffsetBegin":429,"characterOffsetEnd":433,"pos":"WDT","before":" ","after":""},{"index":21,"word":"'s","originalText":"'s","characterOffsetBegin":433,"characterOffsetEnd":435,"pos":"VBZ","before":"","after":" "},{"index":22,"word":"important","originalText":"important","characterOffsetBegin":436,"characterOffsetEnd":445,"pos":"JJ","before":" ","after":""},{"index":23,"word":",","originalText":",","characterOffsetBegin":445,"characterOffsetEnd":446,"pos":",","before":"","after":""},{"index":24,"word":"it","originalText":"it","characterOffsetBegin":446,"characterOffsetEnd":448,"pos":"PRP","before":"","after":""},{"index":25,"word":"'s","originalText":"'s","characterOffsetBegin":448,"characterOffsetEnd":450,"pos":"VBZ","before":"","after":" "},{"index":26,"word":"knowing!uunet!dftsrv!kong!dealy","originalText":"knowing!uunet!dftsrv!kong!dealy","characterOffsetBegin":451,"characterOffsetEnd":482,"pos":"RB","before":" ","after":"   "},{"index":27,"word":"|","originalText":"|","characterOffsetBegin":485,"characterOffsetEnd":486,"pos":"CD","before":"   ","after":"            "},{"index":28,"word":"|","originalText":"|","characterOffsetBegin":498,"characterOffsetEnd":499,"pos":"CD","before":"            ","after":" "},{"index":29,"word":"where","originalText":"where","characterOffsetBegin":500,"characterOffsetEnd":505,"pos":"WRB","before":" ","after":" "},{"index":30,"word":"it","originalText":"it","characterOffsetBegin":506,"characterOffsetEnd":508,"pos":"PRP","before":" ","after":""},{"index":31,"word":"'s","originalText":"'s","characterOffsetBegin":508,"characterOffsetEnd":510,"pos":"VBZ","before":"","after":" "},{"index":32,"word":"not","originalText":"not","characterOffsetBegin":511,"characterOffsetEnd":514,"pos":"RB","before":" ","after":" "},{"index":33,"word":"at","originalText":"at","characterOffsetBegin":515,"characterOffsetEnd":517,"pos":"IN","before":" ","after":""},{"index":34,"word":"...","originalText":"...","characterOffsetBegin":517,"characterOffsetEnd":520,"pos":":","before":"","after":"  "},{"index":35,"word":"B.Dylan","originalText":"B.Dylan","characterOffsetBegin":522,"characterOffsetEnd":529,"pos":"NNP","before":"  ","after":""}]}]}