{"sentences":[{"index":0,"tokens":[{"index":1,"word":"From","originalText":"From","characterOffsetBegin":0,"characterOffsetEnd":4,"pos":"IN","before":"","after":""},{"index":2,"word":":","originalText":":","characterOffsetBegin":4,"characterOffsetEnd":5,"pos":":","before":"","after":" "},{"index":3,"word":"pyeatt@Texaco.com","originalText":"pyeatt@Texaco.com","characterOffsetBegin":6,"characterOffsetEnd":23,"pos":"NNP","before":" ","after":" "},{"index":4,"word":"-LRB-","originalText":"(","characterOffsetBegin":24,"characterOffsetEnd":25,"pos":"-LRB-","before":" ","after":""},{"index":5,"word":"Larry","originalText":"Larry","characterOffsetBegin":25,"characterOffsetEnd":30,"pos":"NNP","before":"","after":" "},{"index":6,"word":"D.","originalText":"D.","characterOffsetBegin":31,"characterOffsetEnd":33,"pos":"NNP","before":" ","after":" "},{"index":7,"word":"Pyeatt","originalText":"Pyeatt","characterOffsetBegin":34,"characterOffsetEnd":40,"pos":"NNP","before":" ","after":""},{"index":8,"word":"-RRB-","originalText":")","characterOffsetBegin":40,"characterOffsetEnd":41,"pos":"-RRB-","before":"","after":""},{"index":9,"word":"Subject","originalText":"Subject","characterOffsetBegin":41,"characterOffsetEnd":48,"pos":"NNP","before":"","after":""},{"index":10,"word":":","originalText":":","characterOffsetBegin":48,"characterOffsetEnd":49,"pos":":","before":"","after":" "},{"index":11,"word":"Re","originalText":"Re","characterOffsetBegin":50,"characterOffsetEnd":52,"pos":"NNP","before":" ","after":""},{"index":12,"word":":","originalText":":","characterOffsetBegin":52,"characterOffsetEnd":53,"pos":":","before":"","after":" "},{"index":13,"word":"Mix","originalText":"Mix","characterOffsetBegin":54,"characterOffsetEnd":57,"pos":"NNP","before":" ","after":" "},{"index":14,"word":"GL","originalText":"GL","characterOffsetBegin":58,"characterOffsetEnd":60,"pos":"NNP","before":" ","after":" "},{"index":15,"word":"with","originalText":"with","characterOffsetBegin":61,"characterOffsetEnd":65,"pos":"IN","before":" ","after":" "},{"index":16,"word":"X","originalText":"X","characterOffsetBegin":66,"characterOffsetEnd":67,"pos":"NN","before":" ","after":" "},{"index":17,"word":"-LRB-","originalText":"(","characterOffsetBegin":68,"characterOffsetEnd":69,"pos":"-LRB-","before":" ","after":""},{"index":18,"word":"Xlib","originalText":"Xlib","characterOffsetBegin":69,"characterOffsetEnd":73,"pos":"NNP","before":"","after":""},{"index":19,"word":",","originalText":",","characterOffsetBegin":73,"characterOffsetEnd":74,"pos":",","before":"","after":""},{"index":20,"word":"Xt","originalText":"Xt","characterOffsetBegin":74,"characterOffsetEnd":76,"pos":"NNP","before":"","after":""},{"index":21,"word":",","originalText":",","characterOffsetBegin":76,"characterOffsetEnd":77,"pos":",","before":"","after":""},{"index":22,"word":"mwm","originalText":"mwm","characterOffsetBegin":77,"characterOffsetEnd":80,"pos":"NN","before":"","after":""},{"index":23,"word":"-RRB-","originalText":")","characterOffsetBegin":80,"characterOffsetEnd":81,"pos":"-RRB-","before":"","after":""},{"index":24,"word":"In","originalText":"In","characterOffsetBegin":81,"characterOffsetEnd":83,"pos":"IN","before":"","after":" "},{"index":25,"word":"article","originalText":"article","characterOffsetBegin":84,"characterOffsetEnd":91,"pos":"NN","before":" ","after":" "},{"index":26,"word":"<9304191540.AA09727@sparc1.jade.com>","originalText":"<9304191540.AA09727@sparc1.jade.com>","characterOffsetBegin":92,"characterOffsetEnd":128,"pos":"NN","before":" ","after":""},{"index":27,"word":",","originalText":",","characterOffsetBegin":128,"characterOffsetEnd":129,"pos":",","before":"","after":" "},{"index":28,"word":"graham@sparc1.ottawa.jade.COM","originalText":"graham@sparc1.ottawa.jade.COM","characterOffsetBegin":130,"characterOffsetEnd":159,"pos":"NN","before":" ","after":" "},{"index":29,"word":"-LRB-","originalText":"(","characterOffsetBegin":160,"characterOffsetEnd":161,"pos":"-LRB-","before":" ","after":""},{"index":30,"word":"Jay","originalText":"Jay","characterOffsetBegin":161,"characterOffsetEnd":164,"pos":"NNP","before":"","after":" "},{"index":31,"word":"Graham","originalText":"Graham","characterOffsetBegin":165,"characterOffsetEnd":171,"pos":"NNP","before":" ","after":""},{"index":32,"word":"-RRB-","originalText":")","characterOffsetBegin":171,"characterOffsetEnd":172,"pos":"-RRB-","before":"","after":" "},{"index":33,"word":"writes","originalText":"writes","characterOffsetBegin":173,"characterOffsetEnd":179,"pos":"VBZ","before":" ","after":""},{"index":34,"word":":|","originalText":":|","characterOffsetBegin":179,"characterOffsetEnd":181,"pos":"CD","before":"","after":""},{"index":35,"word":">","originalText":">","characterOffsetBegin":181,"characterOffsetEnd":182,"pos":"JJR","before":"","after":" "},{"index":36,"word":"|","originalText":"|","characterOffsetBegin":183,"characterOffsetEnd":184,"pos":"CD","before":" ","after":""},{"index":37,"word":">","originalText":">","characterOffsetBegin":184,"characterOffsetEnd":185,"pos":"JJR","before":"","after":" "},{"index":38,"word":"I","originalText":"I","characterOffsetBegin":186,"characterOffsetEnd":187,"pos":"PRP","before":" ","after":" "},{"index":39,"word":"am","originalText":"am","characterOffsetBegin":188,"characterOffsetEnd":190,"pos":"VBP","before":" ","after":" "},{"index":40,"word":"developing","originalText":"developing","characterOffsetBegin":191,"characterOffsetEnd":201,"pos":"VBG","before":" ","after":" "},{"index":41,"word":"an","originalText":"an","characterOffsetBegin":202,"characterOffsetEnd":204,"pos":"DT","before":" ","after":" "},{"index":42,"word":"X","originalText":"X","characterOffsetBegin":205,"characterOffsetEnd":206,"pos":"NN","before":" ","after":" "},{"index":43,"word":"-LRB-","originalText":"(","characterOffsetBegin":207,"characterOffsetEnd":208,"pos":"-LRB-","before":" ","after":""},{"index":44,"word":"Xt","originalText":"Xt","characterOffsetBegin":208,"characterOffsetEnd":210,"pos":"NN","before":"","after":""},{"index":45,"word":",","originalText":",","characterOffsetBegin":210,"characterOffsetEnd":211,"pos":",","before":"","after":""},{"index":46,"word":"Xm","originalText":"Xm","characterOffsetBegin":211,"characterOffsetEnd":213,"pos":"NN","before":"","after":""},{"index":47,"word":"-RRB-","originalText":")","characterOffsetBegin":213,"characterOffsetEnd":214,"pos":"-RRB-","before":"","after":" "},{"index":48,"word":"application","originalText":"application","characterOffsetBegin":215,"characterOffsetEnd":226,"pos":"NN","before":" ","after":" "},{"index":49,"word":"that","originalText":"that","characterOffsetBegin":227,"characterOffsetEnd":231,"pos":"WDT","before":" ","after":" "},{"index":50,"word":"will","originalText":"will","characterOffsetBegin":232,"characterOffsetEnd":236,"pos":"MD","before":" ","after":" "},{"index":51,"word":"include","originalText":"include","characterOffsetBegin":237,"characterOffsetEnd":244,"pos":"VB","before":" ","after":" "},{"index":52,"word":"a","originalText":"a","characterOffsetBegin":245,"characterOffsetEnd":246,"pos":"DT","before":" ","after":" "},{"index":53,"word":"graphics","originalText":"graphics","characterOffsetBegin":247,"characterOffsetEnd":255,"pos":"NNS","before":" ","after":" "},{"index":54,"word":"window","originalText":"window","characterOffsetBegin":256,"characterOffsetEnd":262,"pos":"NN","before":" ","after":""},{"index":55,"word":"|","originalText":"|","characterOffsetBegin":262,"characterOffsetEnd":263,"pos":"CD","before":"","after":""},{"index":56,"word":">","originalText":">","characterOffsetBegin":263,"characterOffsetEnd":264,"pos":"JJR","before":"","after":" "},{"index":57,"word":"of","originalText":"of","characterOffsetBegin":265,"characterOffsetEnd":267,"pos":"IN","before":" ","after":" "},{"index":58,"word":"some","originalText":"some","characterOffsetBegin":268,"characterOffsetEnd":272,"pos":"DT","before":" ","after":" "},{"index":59,"word":"sort","originalText":"sort","characterOffsetBegin":273,"characterOffsetEnd":277,"pos":"NN","before":" ","after":" "},{"index":60,"word":"with","originalText":"with","characterOffsetBegin":278,"characterOffsetEnd":282,"pos":"IN","before":" ","after":" "},{"index":61,"word":"moving","originalText":"moving","characterOffsetBegin":283,"characterOffsetEnd":289,"pos":"VBG","before":" ","after":" "},{"index":62,"word":"symbols","originalText":"symbols","characterOffsetBegin":290,"characterOffsetEnd":297,"pos":"NNS","before":" ","after":" "},{"index":63,"word":"among","originalText":"among","characterOffsetBegin":298,"characterOffsetEnd":303,"pos":"IN","before":" ","after":" "},{"index":64,"word":"other","originalText":"other","characterOffsetBegin":304,"characterOffsetEnd":309,"pos":"JJ","before":" ","after":" "},{"index":65,"word":"things","originalText":"things","characterOffsetBegin":310,"characterOffsetEnd":316,"pos":"NNS","before":" ","after":""},{"index":66,"word":".","originalText":".","characterOffsetBegin":316,"characterOffsetEnd":317,"pos":".","before":"","after":"  "}]},{"index":1,"tokens":[{"index":1,"word":"A","originalText":"A","characterOffsetBegin":319,"characterOffsetEnd":320,"pos":"DT","before":"  ","after":" "},{"index":2,"word":"pure","originalText":"pure","characterOffsetBegin":321,"characterOffsetEnd":325,"pos":"JJ","before":" ","after":" "},{"index":3,"word":"X","originalText":"X","characterOffsetBegin":326,"characterOffsetEnd":327,"pos":"NN","before":" ","after":" "},{"index":4,"word":"application","originalText":"application","characterOffsetBegin":328,"characterOffsetEnd":339,"pos":"NN","before":" ","after":""},{"index":5,"word":"|","originalText":"|","characterOffsetBegin":339,"characterOffsetEnd":340,"pos":"CD","before":"","after":""},{"index":6,"word":">","originalText":">","characterOffsetBegin":340,"characterOffsetEnd":341,"pos":"JJR","before":"","after":" "},{"index":7,"word":"could","originalText":"could","characterOffsetBegin":342,"characterOffsetEnd":347,"pos":"MD","before":" ","after":" "},{"index":8,"word":"be","originalText":"be","characterOffsetBegin":348,"characterOffsetEnd":350,"pos":"VB","before":" ","after":" "},{"index":9,"word":"implemented","originalText":"implemented","characterOffsetBegin":351,"characterOffsetEnd":362,"pos":"VBN","before":" ","after":" "},{"index":10,"word":"with","originalText":"with","characterOffsetBegin":363,"characterOffsetEnd":367,"pos":"IN","before":" ","after":" "},{"index":11,"word":"Motif","originalText":"Motif","characterOffsetBegin":368,"characterOffsetEnd":373,"pos":"NN","before":" ","after":" "},{"index":12,"word":"widgets","originalText":"widgets","characterOffsetBegin":374,"characterOffsetEnd":381,"pos":"NNS","before":" ","after":""},{"index":13,"word":",","originalText":",","characterOffsetBegin":381,"characterOffsetEnd":382,"pos":",","before":"","after":" "},{"index":14,"word":"one","originalText":"one","characterOffsetBegin":383,"characterOffsetEnd":386,"pos":"CD","before":" ","after":" "},{"index":15,"word":"of","originalText":"of","characterOffsetBegin":387,"characterOffsetEnd":389,"pos":"IN","before":" ","after":" "},{"index":16,"word":"which","originalText":"which","characterOffsetBegin":390,"characterOffsetEnd":395,"pos":"WDT","before":" ","after":" "},{"index":17,"word":"would","originalText":"would","characterOffsetBegin":396,"characterOffsetEnd":401,"pos":"MD","before":" ","after":" "},{"index":18,"word":"be","originalText":"be","characterOffsetBegin":402,"characterOffsetEnd":404,"pos":"VB","before":" ","after":" "},{"index":19,"word":"an","originalText":"an","characterOffsetBegin":405,"characterOffsetEnd":407,"pos":"DT","before":" ","after":" "},{"index":20,"word":"|","originalText":"|","characterOffsetBegin":408,"characterOffsetEnd":409,"pos":"NN","before":" ","after":""},{"index":21,"word":">","originalText":">","characterOffsetBegin":409,"characterOffsetEnd":410,"pos":"JJR","before":"","after":" "},{"index":22,"word":"XmDrawingArea","originalText":"XmDrawingArea","characterOffsetBegin":411,"characterOffsetEnd":424,"pos":"NN","before":" ","after":" "},{"index":23,"word":"for","originalText":"for","characterOffsetBegin":425,"characterOffsetEnd":428,"pos":"IN","before":" ","after":" "},{"index":24,"word":"drawing","originalText":"drawing","characterOffsetBegin":429,"characterOffsetEnd":436,"pos":"VBG","before":" ","after":" "},{"index":25,"word":"with","originalText":"with","characterOffsetBegin":437,"characterOffsetEnd":441,"pos":"IN","before":" ","after":" "},{"index":26,"word":"Xlib","originalText":"Xlib","characterOffsetBegin":442,"characterOffsetEnd":446,"pos":"NN","before":" ","after":""},{"index":27,"word":".","originalText":".","characterOffsetBegin":446,"characterOffsetEnd":447,"pos":".","before":"","after":"  "}]},{"index":2,"tokens":[{"index":1,"word":"But","originalText":"But","characterOffsetBegin":449,"characterOffsetEnd":452,"pos":"CC","before":"  ","after":" "},{"index":2,"word":"I","originalText":"I","characterOffsetBegin":453,"characterOffsetEnd":454,"pos":"PRP","before":" ","after":" "},{"index":3,"word":"would","originalText":"would","characterOffsetBegin":455,"characterOffsetEnd":460,"pos":"MD","before":" ","after":" "},{"index":4,"word":"like","originalText":"like","characterOffsetBegin":461,"characterOffsetEnd":465,"pos":"VB","before":" ","after":" "},{"index":5,"word":"to","originalText":"to","characterOffsetBegin":466,"characterOffsetEnd":468,"pos":"TO","before":" ","after":" "},{"index":6,"word":"take","originalText":"take","characterOffsetBegin":469,"characterOffsetEnd":473,"pos":"VB","before":" ","after":" "},{"index":7,"word":"advantage","originalText":"advantage","characterOffsetBegin":474,"characterOffsetEnd":483,"pos":"NN","before":" ","after":" "},{"index":8,"word":"of","originalText":"of","characterOffsetBegin":484,"characterOffsetEnd":486,"pos":"IN","before":" ","after":""},{"index":9,"word":"|","originalText":"|","characterOffsetBegin":486,"characterOffsetEnd":487,"pos":"CD","before":"","after":""},{"index":10,"word":">","originalText":">","characterOffsetBegin":487,"characterOffsetEnd":488,"pos":"JJR","before":"","after":" "},{"index":11,"word":"the","originalText":"the","characterOffsetBegin":489,"characterOffsetEnd":492,"pos":"DT","before":" ","after":" "},{"index":12,"word":"Graphics","originalText":"Graphics","characterOffsetBegin":493,"characterOffsetEnd":501,"pos":"NNPS","before":" ","after":" "},{"index":13,"word":"Library","originalText":"Library","characterOffsetBegin":502,"characterOffsetEnd":509,"pos":"NNP","before":" ","after":" "},{"index":14,"word":"-LRB-","originalText":"(","characterOffsetBegin":510,"characterOffsetEnd":511,"pos":"-LRB-","before":" ","after":""},{"index":15,"word":"GL","originalText":"GL","characterOffsetBegin":511,"characterOffsetEnd":513,"pos":"NNP","before":"","after":""},{"index":16,"word":"-RRB-","originalText":")","characterOffsetBegin":513,"characterOffsetEnd":514,"pos":"-RRB-","before":"","after":" "},{"index":17,"word":"available","originalText":"available","characterOffsetBegin":515,"characterOffsetEnd":524,"pos":"JJ","before":" ","after":" "},{"index":18,"word":"on","originalText":"on","characterOffsetBegin":525,"characterOffsetEnd":527,"pos":"IN","before":" ","after":" "},{"index":19,"word":"our","originalText":"our","characterOffsetBegin":528,"characterOffsetEnd":531,"pos":"PRP$","before":" ","after":" "},{"index":20,"word":"IBM","originalText":"IBM","characterOffsetBegin":532,"characterOffsetEnd":535,"pos":"NNP","before":" ","after":" "},{"index":21,"word":"RS/6000","originalText":"RS/6000","characterOffsetBegin":536,"characterOffsetEnd":543,"pos":"NN","before":" ","after":" "},{"index":22,"word":"-LRB-","originalText":"(","characterOffsetBegin":544,"characterOffsetEnd":545,"pos":"-LRB-","before":" ","after":""},{"index":23,"word":"SGI","originalText":"SGI","characterOffsetBegin":545,"characterOffsetEnd":548,"pos":"NNP","before":"","after":""},{"index":24,"word":"'s","originalText":"'s","characterOffsetBegin":548,"characterOffsetEnd":550,"pos":"POS","before":"","after":" "},{"index":25,"word":"GL","originalText":"GL","characterOffsetBegin":551,"characterOffsetEnd":553,"pos":"NNP","before":" ","after":" "},{"index":26,"word":"i","originalText":"i","characterOffsetBegin":554,"characterOffsetEnd":555,"pos":"FW","before":" ","after":" "},{"index":27,"word":"believe","originalText":"believe","characterOffsetBegin":556,"characterOffsetEnd":563,"pos":"VBP","before":" ","after":""},{"index":28,"word":"-RRB-","originalText":")","characterOffsetBegin":563,"characterOffsetEnd":564,"pos":"-RRB-","before":"","after":""},{"index":29,"word":".","originalText":".","characterOffsetBegin":564,"characterOffsetEnd":565,"pos":".","before":"","after":""}]},{"index":3,"tokens":[{"index":1,"word":"|","originalText":"|","characterOffsetBegin":565,"characterOffsetEnd":566,"pos":"NN","before":"","after":""},{"index":2,"word":">","originalText":">","characterOffsetBegin":566,"characterOffsetEnd":567,"pos":"JJR","before":"","after":" "},{"index":3,"word":"|","originalText":"|","characterOffsetBegin":568,"characterOffsetEnd":569,"pos":"CD","before":" ","after":""},{"index":4,"word":">","originalText":">","characterOffsetBegin":569,"characterOffsetEnd":570,"pos":"JJR","before":"","after":" "},{"index":5,"word":"Is","originalText":"Is","characterOffsetBegin":571,"characterOffsetEnd":573,"pos":"VBZ","before":" ","after":" "},{"index":6,"word":"it","originalText":"it","characterOffsetBegin":574,"characterOffsetEnd":576,"pos":"PRP","before":" ","after":" "},{"index":7,"word":"possible","originalText":"possible","characterOffsetBegin":577,"characterOffsetEnd":585,"pos":"JJ","before":" ","after":" "},{"index":8,"word":"to","originalText":"to","characterOffsetBegin":586,"characterOffsetEnd":588,"pos":"TO","before":" ","after":" "},{"index":9,"word":"mix","originalText":"mix","characterOffsetBegin":589,"characterOffsetEnd":592,"pos":"VB","before":" ","after":" "},{"index":10,"word":"X","originalText":"X","characterOffsetBegin":593,"characterOffsetEnd":594,"pos":"NN","before":" ","after":" "},{"index":11,"word":"and","originalText":"and","characterOffsetBegin":595,"characterOffsetEnd":598,"pos":"CC","before":" ","after":" "},{"index":12,"word":"GL","originalText":"GL","characterOffsetBegin":599,"characterOffsetEnd":601,"pos":"NN","before":" ","after":" "},{"index":13,"word":"in","originalText":"in","characterOffsetBegin":602,"characterOffsetEnd":604,"pos":"IN","before":" ","after":" "},{"index":14,"word":"one","originalText":"one","characterOffsetBegin":605,"characterOffsetEnd":608,"pos":"CD","before":" ","after":" "},{"index":15,"word":"application","originalText":"application","characterOffsetBegin":609,"characterOffsetEnd":620,"pos":"NN","before":" ","after":" "},{"index":16,"word":"program","originalText":"program","characterOffsetBegin":621,"characterOffsetEnd":628,"pos":"NN","before":" ","after":""},{"index":17,"word":"?","originalText":"?","characterOffsetBegin":628,"characterOffsetEnd":629,"pos":".","before":"","after":""}]},{"index":4,"tokens":[{"index":1,"word":"|","originalText":"|","characterOffsetBegin":629,"characterOffsetEnd":630,"pos":"SYM","before":"","after":""},{"index":2,"word":">","originalText":">","characterOffsetBegin":630,"characterOffsetEnd":631,"pos":"JJR","before":"","after":" "},{"index":3,"word":"Can","originalText":"Can","characterOffsetBegin":632,"characterOffsetEnd":635,"pos":"MD","before":" ","after":" "},{"index":4,"word":"I","originalText":"I","characterOffsetBegin":636,"characterOffsetEnd":637,"pos":"PRP","before":" ","after":" "},{"index":5,"word":"use","originalText":"use","characterOffsetBegin":638,"characterOffsetEnd":641,"pos":"VB","before":" ","after":" "},{"index":6,"word":"GL","originalText":"GL","characterOffsetBegin":642,"characterOffsetEnd":644,"pos":"NNP","before":" ","after":" "},{"index":7,"word":"subroutines","originalText":"subroutines","characterOffsetBegin":645,"characterOffsetEnd":656,"pos":"NNS","before":" ","after":" "},{"index":8,"word":"in","originalText":"in","characterOffsetBegin":657,"characterOffsetEnd":659,"pos":"IN","before":" ","after":" "},{"index":9,"word":"an","originalText":"an","characterOffsetBegin":660,"characterOffsetEnd":662,"pos":"DT","before":" ","after":" "},{"index":10,"word":"XmDrawingArea","originalText":"XmDrawingArea","characterOffsetBegin":663,"characterOffsetEnd":676,"pos":"NN","before":" ","after":" "},{"index":11,"word":"or","originalText":"or","characterOffsetBegin":677,"characterOffsetEnd":679,"pos":"CC","before":" ","after":" "},{"index":12,"word":"in","originalText":"in","characterOffsetBegin":680,"characterOffsetEnd":682,"pos":"IN","before":" ","after":" "},{"index":13,"word":"an","originalText":"an","characterOffsetBegin":683,"characterOffsetEnd":685,"pos":"DT","before":" ","after":" "},{"index":14,"word":"X","originalText":"X","characterOffsetBegin":686,"characterOffsetEnd":687,"pos":"NN","before":" ","after":" "},{"index":15,"word":"window","originalText":"window","characterOffsetBegin":688,"characterOffsetEnd":694,"pos":"NN","before":" ","after":" "},{"index":16,"word":"opened","originalText":"opened","characterOffsetBegin":695,"characterOffsetEnd":701,"pos":"VBN","before":" ","after":" "},{"index":17,"word":"by","originalText":"by","characterOffsetBegin":702,"characterOffsetEnd":704,"pos":"IN","before":" ","after":" "},{"index":18,"word":"me","originalText":"me","characterOffsetBegin":705,"characterOffsetEnd":707,"pos":"PRP","before":" ","after":""},{"index":19,"word":"|","originalText":"|","characterOffsetBegin":707,"characterOffsetEnd":708,"pos":"VBP","before":"","after":""},{"index":20,"word":">","originalText":">","characterOffsetBegin":708,"characterOffsetEnd":709,"pos":"JJR","before":"","after":" "},{"index":21,"word":"with","originalText":"with","characterOffsetBegin":710,"characterOffsetEnd":714,"pos":"IN","before":" ","after":" "},{"index":22,"word":"XOpenWindow?There","originalText":"XOpenWindow?There","characterOffsetBegin":715,"characterOffsetEnd":732,"pos":"NN","before":" ","after":" "},{"index":23,"word":"is","originalText":"is","characterOffsetBegin":733,"characterOffsetEnd":735,"pos":"VBZ","before":" ","after":" "},{"index":24,"word":"a","originalText":"a","characterOffsetBegin":736,"characterOffsetEnd":737,"pos":"DT","before":" ","after":" "},{"index":25,"word":"widget","originalText":"widget","characterOffsetBegin":738,"characterOffsetEnd":744,"pos":"NN","before":" ","after":" "},{"index":26,"word":"already","originalText":"already","characterOffsetBegin":745,"characterOffsetEnd":752,"pos":"RB","before":" ","after":" "},{"index":27,"word":"defined","originalText":"defined","characterOffsetBegin":753,"characterOffsetEnd":760,"pos":"VBN","before":" ","after":" "},{"index":28,"word":"for","originalText":"for","characterOffsetBegin":761,"characterOffsetEnd":764,"pos":"IN","before":" ","after":" "},{"index":29,"word":"GL","originalText":"GL","characterOffsetBegin":765,"characterOffsetEnd":767,"pos":"NNP","before":" ","after":""},{"index":30,"word":".","originalText":".","characterOffsetBegin":767,"characterOffsetEnd":768,"pos":".","before":"","after":"  "}]},{"index":5,"tokens":[{"index":1,"word":"It","originalText":"It","characterOffsetBegin":770,"characterOffsetEnd":772,"pos":"PRP","before":"  ","after":" "},{"index":2,"word":"is","originalText":"is","characterOffsetBegin":773,"characterOffsetEnd":775,"pos":"VBZ","before":" ","after":" "},{"index":3,"word":"the","originalText":"the","characterOffsetBegin":776,"characterOffsetEnd":779,"pos":"DT","before":" ","after":" "},{"index":4,"word":"GlxMDraw","originalText":"GlxMDraw","characterOffsetBegin":780,"characterOffsetEnd":788,"pos":"NNP","before":" ","after":" "},{"index":5,"word":"-LRB-","originalText":"(","characterOffsetBegin":789,"characterOffsetEnd":790,"pos":"-LRB-","before":" ","after":""},{"index":6,"word":"motif","originalText":"motif","characterOffsetBegin":790,"characterOffsetEnd":795,"pos":"NN","before":"","after":""},{"index":7,"word":"-RRB-","originalText":")","characterOffsetBegin":795,"characterOffsetEnd":796,"pos":"-RRB-","before":"","after":" "},{"index":8,"word":"orGlxDraw","originalText":"orGlxDraw","characterOffsetBegin":797,"characterOffsetEnd":806,"pos":"NN","before":" ","after":" "},{"index":9,"word":"-LRB-","originalText":"(","characterOffsetBegin":807,"characterOffsetEnd":808,"pos":"-LRB-","before":" ","after":""},{"index":10,"word":"athena","originalText":"athena","characterOffsetBegin":808,"characterOffsetEnd":814,"pos":"NN","before":"","after":""},{"index":11,"word":"-RRB-","originalText":")","characterOffsetBegin":814,"characterOffsetEnd":815,"pos":"-RRB-","before":"","after":" "},{"index":12,"word":"widget","originalText":"widget","characterOffsetBegin":816,"characterOffsetEnd":822,"pos":"NN","before":" ","after":""},{"index":13,"word":".","originalText":".","characterOffsetBegin":822,"characterOffsetEnd":823,"pos":".","before":"","after":"  "}]},{"index":6,"tokens":[{"index":1,"word":"It","originalText":"It","characterOffsetBegin":825,"characterOffsetEnd":827,"pos":"PRP","before":"  ","after":" "},{"index":2,"word":"is","originalText":"is","characterOffsetBegin":828,"characterOffsetEnd":830,"pos":"VBZ","before":" ","after":" "},{"index":3,"word":"similar","originalText":"similar","characterOffsetBegin":831,"characterOffsetEnd":838,"pos":"JJ","before":" ","after":" "},{"index":4,"word":"to","originalText":"to","characterOffsetBegin":839,"characterOffsetEnd":841,"pos":"TO","before":" ","after":" "},{"index":5,"word":"a","originalText":"a","characterOffsetBegin":842,"characterOffsetEnd":843,"pos":"DT","before":" ","after":" "},{"index":6,"word":"XmDrawingArea","originalText":"XmDrawingArea","characterOffsetBegin":844,"characterOffsetEnd":857,"pos":"NNP","before":" ","after":""},{"index":7,"word":",","originalText":",","characterOffsetBegin":857,"characterOffsetEnd":858,"pos":",","before":"","after":" "},{"index":8,"word":"except","originalText":"except","characterOffsetBegin":859,"characterOffsetEnd":865,"pos":"IN","before":" ","after":" "},{"index":9,"word":"that","originalText":"that","characterOffsetBegin":866,"characterOffsetEnd":870,"pos":"DT","before":" ","after":" "},{"index":10,"word":"itallows","originalText":"itallows","characterOffsetBegin":871,"characterOffsetEnd":879,"pos":"NNS","before":" ","after":" "},{"index":11,"word":"you","originalText":"you","characterOffsetBegin":880,"characterOffsetEnd":883,"pos":"PRP","before":" ","after":" "},{"index":12,"word":"to","originalText":"to","characterOffsetBegin":884,"characterOffsetEnd":886,"pos":"TO","before":" ","after":" "},{"index":13,"word":"use","originalText":"use","characterOffsetBegin":887,"characterOffsetEnd":890,"pos":"VB","before":" ","after":" "},{"index":14,"word":"GL","originalText":"GL","characterOffsetBegin":891,"characterOffsetEnd":893,"pos":"NNP","before":" ","after":" "},{"index":15,"word":"calls","originalText":"calls","characterOffsetBegin":894,"characterOffsetEnd":899,"pos":"VBZ","before":" ","after":" "},{"index":16,"word":"to","originalText":"to","characterOffsetBegin":900,"characterOffsetEnd":902,"pos":"TO","before":" ","after":" "},{"index":17,"word":"render","originalText":"render","characterOffsetBegin":903,"characterOffsetEnd":909,"pos":"VB","before":" ","after":" "},{"index":18,"word":"into","originalText":"into","characterOffsetBegin":910,"characterOffsetEnd":914,"pos":"IN","before":" ","after":" "},{"index":19,"word":"the","originalText":"the","characterOffsetBegin":915,"characterOffsetEnd":918,"pos":"DT","before":" ","after":" "},{"index":20,"word":"window","originalText":"window","characterOffsetBegin":919,"characterOffsetEnd":925,"pos":"NN","before":" ","after":""},{"index":21,"word":".","originalText":".","characterOffsetBegin":925,"characterOffsetEnd":926,"pos":".","before":"","after":"  "}]},{"index":7,"tokens":[{"index":1,"word":"Look","originalText":"Look","characterOffsetBegin":928,"characterOffsetEnd":932,"pos":"VB","before":"  ","after":" "},{"index":2,"word":"at","originalText":"at","characterOffsetBegin":933,"characterOffsetEnd":935,"pos":"IN","before":" ","after":" "},{"index":3,"word":"glxlink","originalText":"glxlink","characterOffsetBegin":936,"characterOffsetEnd":943,"pos":"NN","before":" ","after":""},{"index":4,"word":",","originalText":",","characterOffsetBegin":943,"characterOffsetEnd":944,"pos":",","before":"","after":""},{"index":5,"word":"glxunlink","originalText":"glxunlink","characterOffsetBegin":944,"characterOffsetEnd":953,"pos":"NN","before":"","after":""},{"index":6,"word":",","originalText":",","characterOffsetBegin":953,"characterOffsetEnd":954,"pos":",","before":"","after":" "},{"index":7,"word":"glxgetconfig","originalText":"glxgetconfig","characterOffsetBegin":955,"characterOffsetEnd":967,"pos":"NN","before":" ","after":""},{"index":8,"word":",","originalText":",","characterOffsetBegin":967,"characterOffsetEnd":968,"pos":",","before":"","after":" "},{"index":9,"word":"and","originalText":"and","characterOffsetBegin":969,"characterOffsetEnd":972,"pos":"CC","before":" ","after":" "},{"index":10,"word":"glxwinset","originalText":"glxwinset","characterOffsetBegin":973,"characterOffsetEnd":982,"pos":"NN","before":" ","after":" "},{"index":11,"word":"in","originalText":"in","characterOffsetBegin":983,"characterOffsetEnd":985,"pos":"IN","before":" ","after":" "},{"index":12,"word":"the","originalText":"the","characterOffsetBegin":986,"characterOffsetEnd":989,"pos":"DT","before":" ","after":" "},{"index":13,"word":"man","originalText":"man","characterOffsetBegin":990,"characterOffsetEnd":993,"pos":"NN","before":" ","after":" "},{"index":14,"word":"pages","originalText":"pages","characterOffsetBegin":994,"characterOffsetEnd":999,"pos":"NNS","before":" ","after":""},{"index":15,"word":".","originalText":".","characterOffsetBegin":999,"characterOffsetEnd":1000,"pos":".","before":"","after":""}]},{"index":8,"tokens":[{"index":1,"word":"|","originalText":"|","characterOffsetBegin":1000,"characterOffsetEnd":1001,"pos":"SYM","before":"","after":""},{"index":2,"word":">","originalText":">","characterOffsetBegin":1001,"characterOffsetEnd":1002,"pos":"JJR","before":"","after":" "},{"index":3,"word":"I","originalText":"I","characterOffsetBegin":1003,"characterOffsetEnd":1004,"pos":"PRP","before":" ","after":" "},{"index":4,"word":"have","originalText":"have","characterOffsetBegin":1005,"characterOffsetEnd":1009,"pos":"VBP","before":" ","after":" "},{"index":5,"word":"never","originalText":"never","characterOffsetBegin":1010,"characterOffsetEnd":1015,"pos":"RB","before":" ","after":" "},{"index":6,"word":"used","originalText":"used","characterOffsetBegin":1016,"characterOffsetEnd":1020,"pos":"VBN","before":" ","after":" "},{"index":7,"word":"GL","originalText":"GL","characterOffsetBegin":1021,"characterOffsetEnd":1023,"pos":"NN","before":" ","after":" "},{"index":8,"word":"before","originalText":"before","characterOffsetBegin":1024,"characterOffsetEnd":1030,"pos":"RB","before":" ","after":""},{"index":9,"word":",","originalText":",","characterOffsetBegin":1030,"characterOffsetEnd":1031,"pos":",","before":"","after":" "},{"index":10,"word":"but","originalText":"but","characterOffsetBegin":1032,"characterOffsetEnd":1035,"pos":"CC","before":" ","after":" "},{"index":11,"word":"the","originalText":"the","characterOffsetBegin":1036,"characterOffsetEnd":1039,"pos":"DT","before":" ","after":" "},{"index":12,"word":"doc","originalText":"doc","characterOffsetBegin":1040,"characterOffsetEnd":1043,"pos":"NN","before":" ","after":" "},{"index":13,"word":"on","originalText":"on","characterOffsetBegin":1044,"characterOffsetEnd":1046,"pos":"IN","before":" ","after":" "},{"index":14,"word":"GL","originalText":"GL","characterOffsetBegin":1047,"characterOffsetEnd":1049,"pos":"NN","before":" ","after":" "},{"index":15,"word":"winopen","originalText":"winopen","characterOffsetBegin":1050,"characterOffsetEnd":1057,"pos":"NN","before":" ","after":""},{"index":16,"word":"-LRB-","originalText":"(","characterOffsetBegin":1057,"characterOffsetEnd":1058,"pos":"-LRB-","before":"","after":""},{"index":17,"word":"-RRB-","originalText":")","characterOffsetBegin":1058,"characterOffsetEnd":1059,"pos":"-RRB-","before":"","after":" "},{"index":18,"word":"says","originalText":"says","characterOffsetBegin":1060,"characterOffsetEnd":1064,"pos":"VBZ","before":" ","after":" "},{"index":19,"word":"that","originalText":"that","characterOffsetBegin":1065,"characterOffsetEnd":1069,"pos":"IN","before":" ","after":" "},{"index":20,"word":"the","originalText":"the","characterOffsetBegin":1070,"characterOffsetEnd":1073,"pos":"DT","before":" ","after":" "},{"index":21,"word":"first","originalText":"first","characterOffsetBegin":1074,"characterOffsetEnd":1079,"pos":"JJ","before":" ","after":""},{"index":22,"word":"|","originalText":"|","characterOffsetBegin":1079,"characterOffsetEnd":1080,"pos":"NN","before":"","after":""},{"index":23,"word":">","originalText":">","characterOffsetBegin":1080,"characterOffsetEnd":1081,"pos":"JJR","before":"","after":" "},{"index":24,"word":"time","originalText":"time","characterOffsetBegin":1082,"characterOffsetEnd":1086,"pos":"NN","before":" ","after":" "},{"index":25,"word":"winopen","originalText":"winopen","characterOffsetBegin":1087,"characterOffsetEnd":1094,"pos":"NN","before":" ","after":""},{"index":26,"word":"-LRB-","originalText":"(","characterOffsetBegin":1094,"characterOffsetEnd":1095,"pos":"-LRB-","before":"","after":""},{"index":27,"word":"-RRB-","originalText":")","characterOffsetBegin":1095,"characterOffsetEnd":1096,"pos":"-RRB-","before":"","after":" "},{"index":28,"word":"is","originalText":"is","characterOffsetBegin":1097,"characterOffsetEnd":1099,"pos":"VBZ","before":" ","after":" "},{"index":29,"word":"called","originalText":"called","characterOffsetBegin":1100,"characterOffsetEnd":1106,"pos":"VBN","before":" ","after":" "},{"index":30,"word":"it","originalText":"it","characterOffsetBegin":1107,"characterOffsetEnd":1109,"pos":"PRP","before":" ","after":" "},{"index":31,"word":"opens","originalText":"opens","characterOffsetBegin":1110,"characterOffsetEnd":1115,"pos":"VBZ","before":" ","after":" "},{"index":32,"word":"a","originalText":"a","characterOffsetBegin":1116,"characterOffsetEnd":1117,"pos":"DT","before":" ","after":" "},{"index":33,"word":"connection","originalText":"connection","characterOffsetBegin":1118,"characterOffsetEnd":1128,"pos":"NN","before":" ","after":" "},{"index":34,"word":"to","originalText":"to","characterOffsetBegin":1129,"characterOffsetEnd":1131,"pos":"TO","before":" ","after":" "},{"index":35,"word":"the","originalText":"the","characterOffsetBegin":1132,"characterOffsetEnd":1135,"pos":"DT","before":" ","after":" "},{"index":36,"word":"server","originalText":"server","characterOffsetBegin":1136,"characterOffsetEnd":1142,"pos":"NN","before":" ","after":""},{"index":37,"word":".","originalText":".","characterOffsetBegin":1142,"characterOffsetEnd":1143,"pos":".","before":"","after":"   "}]},{"index":9,"tokens":[{"index":1,"word":"Also","originalText":"Also","characterOffsetBegin":1146,"characterOffsetEnd":1150,"pos":"RB","before":"   ","after":""},{"index":2,"word":",","originalText":",","characterOffsetBegin":1150,"characterOffsetEnd":1151,"pos":",","before":"","after":" "},{"index":3,"word":"most","originalText":"most","characterOffsetBegin":1152,"characterOffsetEnd":1156,"pos":"JJS","before":" ","after":" "},{"index":4,"word":"of","originalText":"of","characterOffsetBegin":1157,"characterOffsetEnd":1159,"pos":"IN","before":" ","after":""},{"index":5,"word":"|","originalText":"|","characterOffsetBegin":1159,"characterOffsetEnd":1160,"pos":"CD","before":"","after":""},{"index":6,"word":">","originalText":">","characterOffsetBegin":1160,"characterOffsetEnd":1161,"pos":"JJR","before":"","after":" "},{"index":7,"word":"the","originalText":"the","characterOffsetBegin":1162,"characterOffsetEnd":1165,"pos":"DT","before":" ","after":" "},{"index":8,"word":"GL","originalText":"GL","characterOffsetBegin":1166,"characterOffsetEnd":1168,"pos":"NNP","before":" ","after":" "},{"index":9,"word":"calls","originalText":"calls","characterOffsetBegin":1169,"characterOffsetEnd":1174,"pos":"NNS","before":" ","after":" "},{"index":10,"word":"do","originalText":"do","characterOffsetBegin":1175,"characterOffsetEnd":1177,"pos":"VBP","before":" ","after":" "},{"index":11,"word":"not","originalText":"not","characterOffsetBegin":1178,"characterOffsetEnd":1181,"pos":"RB","before":" ","after":" "},{"index":12,"word":"require","originalText":"require","characterOffsetBegin":1182,"characterOffsetEnd":1189,"pos":"VB","before":" ","after":" "},{"index":13,"word":"a","originalText":"a","characterOffsetBegin":1190,"characterOffsetEnd":1191,"pos":"DT","before":" ","after":" "},{"index":14,"word":"Display","originalText":"Display","characterOffsetBegin":1192,"characterOffsetEnd":1199,"pos":"VB","before":" ","after":" "},{"index":15,"word":"or","originalText":"or","characterOffsetBegin":1200,"characterOffsetEnd":1202,"pos":"CC","before":" ","after":" "},{"index":16,"word":"GC","originalText":"GC","characterOffsetBegin":1203,"characterOffsetEnd":1205,"pos":"NN","before":" ","after":""},{"index":17,"word":",","originalText":",","characterOffsetBegin":1205,"characterOffsetEnd":1206,"pos":",","before":"","after":" "},{"index":18,"word":"unlike","originalText":"unlike","characterOffsetBegin":1207,"characterOffsetEnd":1213,"pos":"IN","before":" ","after":" "},{"index":19,"word":"most","originalText":"most","characterOffsetBegin":1214,"characterOffsetEnd":1218,"pos":"JJS","before":" ","after":" "},{"index":20,"word":"X","originalText":"X","characterOffsetBegin":1219,"characterOffsetEnd":1220,"pos":"NN","before":" ","after":" "},{"index":21,"word":"calls","originalText":"calls","characterOffsetBegin":1221,"characterOffsetEnd":1226,"pos":"NNS","before":" ","after":""},{"index":22,"word":".","originalText":".","characterOffsetBegin":1226,"characterOffsetEnd":1227,"pos":".","before":"","after":"  "}]},{"index":10,"tokens":[{"index":1,"word":"From","originalText":"From","characterOffsetBegin":1229,"characterOffsetEnd":1233,"pos":"IN","before":"  ","after":" "},{"index":2,"word":"this","originalText":"this","characterOffsetBegin":1234,"characterOffsetEnd":1238,"pos":"DT","before":" ","after":""},{"index":3,"word":"|","originalText":"|","characterOffsetBegin":1238,"characterOffsetEnd":1239,"pos":"NN","before":"","after":""},{"index":4,"word":">","originalText":">","characterOffsetBegin":1239,"characterOffsetEnd":1240,"pos":"JJR","before":"","after":" "},{"index":5,"word":"initial","originalText":"initial","characterOffsetBegin":1241,"characterOffsetEnd":1248,"pos":"JJ","before":" ","after":" "},{"index":6,"word":"information","originalText":"information","characterOffsetBegin":1249,"characterOffsetEnd":1260,"pos":"NN","before":" ","after":" "},{"index":7,"word":"it","originalText":"it","characterOffsetBegin":1261,"characterOffsetEnd":1263,"pos":"PRP","before":" ","after":" "},{"index":8,"word":"appears","originalText":"appears","characterOffsetBegin":1264,"characterOffsetEnd":1271,"pos":"VBZ","before":" ","after":" "},{"index":9,"word":"that","originalText":"that","characterOffsetBegin":1272,"characterOffsetEnd":1276,"pos":"IN","before":" ","after":" "},{"index":10,"word":"X","originalText":"X","characterOffsetBegin":1277,"characterOffsetEnd":1278,"pos":"NN","before":" ","after":" "},{"index":11,"word":"and","originalText":"and","characterOffsetBegin":1279,"characterOffsetEnd":1282,"pos":"CC","before":" ","after":" "},{"index":12,"word":"GL","originalText":"GL","characterOffsetBegin":1283,"characterOffsetEnd":1285,"pos":"NN","before":" ","after":" "},{"index":13,"word":"can","originalText":"can","characterOffsetBegin":1286,"characterOffsetEnd":1289,"pos":"MD","before":" ","after":""},{"index":14,"word":"not","originalText":"not","characterOffsetBegin":1289,"characterOffsetEnd":1292,"pos":"RB","before":"","after":" "},{"index":15,"word":"be","originalText":"be","characterOffsetBegin":1293,"characterOffsetEnd":1295,"pos":"VB","before":" ","after":" "},{"index":16,"word":"mixed","originalText":"mixed","characterOffsetBegin":1296,"characterOffsetEnd":1301,"pos":"JJ","before":" ","after":" "},{"index":17,"word":"easily","originalText":"easily","characterOffsetBegin":1302,"characterOffsetEnd":1308,"pos":"RB","before":" ","after":""},{"index":18,"word":".","originalText":".","characterOffsetBegin":1308,"characterOffsetEnd":1309,"pos":".","before":"","after":"   "}]},{"index":11,"tokens":[{"index":1,"word":"Is","originalText":"Is","characterOffsetBegin":1312,"characterOffsetEnd":1314,"pos":"VBZ","before":"   ","after":" "},{"index":2,"word":"this","originalText":"this","characterOffsetBegin":1315,"characterOffsetEnd":1319,"pos":"DT","before":" ","after":""},{"index":3,"word":"|","originalText":"|","characterOffsetBegin":1319,"characterOffsetEnd":1320,"pos":"NN","before":"","after":""},{"index":4,"word":">","originalText":">","characterOffsetBegin":1320,"characterOffsetEnd":1321,"pos":"JJR","before":"","after":" "},{"index":5,"word":"true?The","originalText":"true?The","characterOffsetBegin":1322,"characterOffsetEnd":1330,"pos":"NN","before":" ","after":" "},{"index":6,"word":"GlxMDraw","originalText":"GlxMDraw","characterOffsetBegin":1331,"characterOffsetEnd":1339,"pos":"NN","before":" ","after":" "},{"index":7,"word":"widget","originalText":"widget","characterOffsetBegin":1340,"characterOffsetEnd":1346,"pos":"NN","before":" ","after":" "},{"index":8,"word":"works","originalText":"works","characterOffsetBegin":1347,"characterOffsetEnd":1352,"pos":"VBZ","before":" ","after":" "},{"index":9,"word":"pretty","originalText":"pretty","characterOffsetBegin":1353,"characterOffsetEnd":1359,"pos":"RB","before":" ","after":" "},{"index":10,"word":"well","originalText":"well","characterOffsetBegin":1360,"characterOffsetEnd":1364,"pos":"RB","before":" ","after":""},{"index":11,"word":".","originalText":".","characterOffsetBegin":1364,"characterOffsetEnd":1365,"pos":".","before":"","after":"  "}]},{"index":12,"tokens":[{"index":1,"word":"OpenGL","originalText":"OpenGL","characterOffsetBegin":1367,"characterOffsetEnd":1373,"pos":"NN","before":"  ","after":" "},{"index":2,"word":"will","originalText":"will","characterOffsetBegin":1374,"characterOffsetEnd":1378,"pos":"MD","before":" ","after":" "},{"index":3,"word":"be","originalText":"be","characterOffsetBegin":1379,"characterOffsetEnd":1381,"pos":"VB","before":" ","after":" "},{"index":4,"word":"an","originalText":"an","characterOffsetBegin":1382,"characterOffsetEnd":1384,"pos":"DT","before":" ","after":" "},{"index":5,"word":"improvement","originalText":"improvement","characterOffsetBegin":1385,"characterOffsetEnd":1396,"pos":"NN","before":" ","after":""},{"index":6,"word":".","originalText":".","characterOffsetBegin":1396,"characterOffsetEnd":1397,"pos":".","before":"","after":""}]},{"index":13,"tokens":[{"index":1,"word":"|","originalText":"|","characterOffsetBegin":1397,"characterOffsetEnd":1398,"pos":"SYM","before":"","after":""},{"index":2,"word":">","originalText":">","characterOffsetBegin":1398,"characterOffsetEnd":1399,"pos":"JJR","before":"","after":" "},{"index":3,"word":"Does","originalText":"Does","characterOffsetBegin":1400,"characterOffsetEnd":1404,"pos":"VBZ","before":" ","after":" "},{"index":4,"word":"PEX","originalText":"PEX","characterOffsetBegin":1405,"characterOffsetEnd":1408,"pos":"NNP","before":" ","after":" "},{"index":5,"word":"-LRB-","originalText":"(","characterOffsetBegin":1409,"characterOffsetEnd":1410,"pos":"-LRB-","before":" ","after":""},{"index":6,"word":"graPHIGS","originalText":"graPHIGS","characterOffsetBegin":1410,"characterOffsetEnd":1418,"pos":"NNP","before":"","after":""},{"index":7,"word":"?","originalText":"?","characterOffsetBegin":1418,"characterOffsetEnd":1419,"pos":".","before":"","after":""},{"index":8,"word":"-RRB-","originalText":")","characterOffsetBegin":1419,"characterOffsetEnd":1420,"pos":"-RRB-","before":"","after":" "}]},{"index":14,"tokens":[{"index":1,"word":"have","originalText":"have","characterOffsetBegin":1421,"characterOffsetEnd":1425,"pos":"VB","before":" ","after":" "},{"index":2,"word":"the","originalText":"the","characterOffsetBegin":1426,"characterOffsetEnd":1429,"pos":"DT","before":" ","after":" "},{"index":3,"word":"same","originalText":"same","characterOffsetBegin":1430,"characterOffsetEnd":1434,"pos":"JJ","before":" ","after":" "},{"index":4,"word":"functionality","originalText":"functionality","characterOffsetBegin":1435,"characterOffsetEnd":1448,"pos":"NN","before":" ","after":" "},{"index":5,"word":"of","originalText":"of","characterOffsetBegin":1449,"characterOffsetEnd":1451,"pos":"IN","before":" ","after":" "},{"index":6,"word":"GL?I","originalText":"GL?I","characterOffsetBegin":1452,"characterOffsetEnd":1456,"pos":"NN","before":" ","after":" "},{"index":7,"word":"think","originalText":"think","characterOffsetBegin":1457,"characterOffsetEnd":1462,"pos":"VBP","before":" ","after":" "},{"index":8,"word":"GL","originalText":"GL","characterOffsetBegin":1463,"characterOffsetEnd":1465,"pos":"NNP","before":" ","after":" "},{"index":9,"word":"is","originalText":"is","characterOffsetBegin":1466,"characterOffsetEnd":1468,"pos":"VBZ","before":" ","after":" "},{"index":10,"word":"a","originalText":"a","characterOffsetBegin":1469,"characterOffsetEnd":1470,"pos":"DT","before":" ","after":" "},{"index":11,"word":"little","originalText":"little","characterOffsetBegin":1471,"characterOffsetEnd":1477,"pos":"JJ","before":" ","after":" "},{"index":12,"word":"easier","originalText":"easier","characterOffsetBegin":1478,"characterOffsetEnd":1484,"pos":"JJR","before":" ","after":" "},{"index":13,"word":"to","originalText":"to","characterOffsetBegin":1485,"characterOffsetEnd":1487,"pos":"TO","before":" ","after":" "},{"index":14,"word":"use","originalText":"use","characterOffsetBegin":1488,"characterOffsetEnd":1491,"pos":"VB","before":" ","after":" "},{"index":15,"word":"and","originalText":"and","characterOffsetBegin":1492,"characterOffsetEnd":1495,"pos":"CC","before":" ","after":" "},{"index":16,"word":"a","originalText":"a","characterOffsetBegin":1496,"characterOffsetEnd":1497,"pos":"DT","before":" ","after":" "},{"index":17,"word":"little","originalText":"little","characterOffsetBegin":1498,"characterOffsetEnd":1504,"pos":"RB","before":" ","after":" "},{"index":18,"word":"more","originalText":"more","characterOffsetBegin":1505,"characterOffsetEnd":1509,"pos":"RBR","before":" ","after":" "},{"index":19,"word":"powerful","originalText":"powerful","characterOffsetBegin":1510,"characterOffsetEnd":1518,"pos":"JJ","before":" ","after":""},{"index":20,"word":",","originalText":",","characterOffsetBegin":1518,"characterOffsetEnd":1519,"pos":",","before":"","after":" "},{"index":21,"word":"butthat","originalText":"butthat","characterOffsetBegin":1520,"characterOffsetEnd":1527,"pos":"NN","before":" ","after":""},{"index":22,"word":"'s","originalText":"'s","characterOffsetBegin":1527,"characterOffsetEnd":1529,"pos":"POS","before":"","after":" "},{"index":23,"word":"just","originalText":"just","characterOffsetBegin":1530,"characterOffsetEnd":1534,"pos":"RB","before":" ","after":" "},{"index":24,"word":"an","originalText":"an","characterOffsetBegin":1535,"characterOffsetEnd":1537,"pos":"DT","before":" ","after":" "},{"index":25,"word":"opinion","originalText":"opinion","characterOffsetBegin":1538,"characterOffsetEnd":1545,"pos":"NN","before":" ","after":""},{"index":26,"word":".","originalText":".","characterOffsetBegin":1545,"characterOffsetEnd":1546,"pos":".","before":"","after":"  "}]},{"index":15,"tokens":[{"index":1,"word":"Mileage","originalText":"Mileage","characterOffsetBegin":1548,"characterOffsetEnd":1555,"pos":"NN","before":"  ","after":" "},{"index":2,"word":"may","originalText":"may","characterOffsetBegin":1556,"characterOffsetEnd":1559,"pos":"MD","before":" ","after":" "},{"index":3,"word":"vary","originalText":"vary","characterOffsetBegin":1560,"characterOffsetEnd":1564,"pos":"VB","before":" ","after":""},{"index":4,"word":".","originalText":".","characterOffsetBegin":1564,"characterOffsetEnd":1565,"pos":".","before":"","after":""}]},{"index":16,"tokens":[{"index":1,"word":"--","originalText":"--","characterOffsetBegin":1565,"characterOffsetEnd":1567,"pos":":","before":"","after":" "},{"index":2,"word":"Larry","originalText":"Larry","characterOffsetBegin":1568,"characterOffsetEnd":1573,"pos":"NNP","before":" ","after":" "},{"index":3,"word":"D.","originalText":"D.","characterOffsetBegin":1574,"characterOffsetEnd":1576,"pos":"NNP","before":" ","after":" "},{"index":4,"word":"Pyeatt","originalText":"Pyeatt","characterOffsetBegin":1577,"characterOffsetEnd":1583,"pos":"NNP","before":" ","after":"                 "},{"index":5,"word":"The","originalText":"The","characterOffsetBegin":1600,"characterOffsetEnd":1603,"pos":"NNP","before":"                 ","after":" "},{"index":6,"word":"views","originalText":"views","characterOffsetBegin":1604,"characterOffsetEnd":1609,"pos":"NNS","before":" ","after":" "},{"index":7,"word":"expressed","originalText":"expressed","characterOffsetBegin":1610,"characterOffsetEnd":1619,"pos":"VBN","before":" ","after":" "},{"index":8,"word":"here","originalText":"here","characterOffsetBegin":1620,"characterOffsetEnd":1624,"pos":"RB","before":" ","after":" "},{"index":9,"word":"are","originalText":"are","characterOffsetBegin":1625,"characterOffsetEnd":1628,"pos":"VBP","before":" ","after":" "},{"index":10,"word":"notInternet","originalText":"notInternet","characterOffsetBegin":1629,"characterOffsetEnd":1640,"pos":"NNP","before":" ","after":" "},{"index":11,"word":":","originalText":":","characterOffsetBegin":1641,"characterOffsetEnd":1642,"pos":":","before":" ","after":" "},{"index":12,"word":"pyeatt@texaco.com","originalText":"pyeatt@texaco.com","characterOffsetBegin":1643,"characterOffsetEnd":1660,"pos":"NNP","before":" ","after":"    "},{"index":13,"word":"those","originalText":"those","characterOffsetBegin":1664,"characterOffsetEnd":1669,"pos":"DT","before":"    ","after":" "},{"index":14,"word":"of","originalText":"of","characterOffsetBegin":1670,"characterOffsetEnd":1672,"pos":"IN","before":" ","after":" "},{"index":15,"word":"my","originalText":"my","characterOffsetBegin":1673,"characterOffsetEnd":1675,"pos":"PRP$","before":" ","after":" "},{"index":16,"word":"employer","originalText":"employer","characterOffsetBegin":1676,"characterOffsetEnd":1684,"pos":"NN","before":" ","after":" "},{"index":17,"word":"or","originalText":"or","characterOffsetBegin":1685,"characterOffsetEnd":1687,"pos":"CC","before":" ","after":" "},{"index":18,"word":"of","originalText":"of","characterOffsetBegin":1688,"characterOffsetEnd":1690,"pos":"IN","before":" ","after":" "},{"index":19,"word":"anyoneVoice","originalText":"anyoneVoice","characterOffsetBegin":1691,"characterOffsetEnd":1702,"pos":"NN","before":" ","after":"    "},{"index":20,"word":":","originalText":":","characterOffsetBegin":1706,"characterOffsetEnd":1707,"pos":":","before":"    ","after":" "},{"index":21,"word":"-LRB-713-RRB- 975-4056","originalText":"(713) 975-4056","characterOffsetBegin":1708,"characterOffsetEnd":1722,"pos":"NN","before":" ","after":"       "},{"index":22,"word":"that","originalText":"that","characterOffsetBegin":1729,"characterOffsetEnd":1733,"pos":"IN","before":"       ","after":" "},{"index":23,"word":"I","originalText":"I","characterOffsetBegin":1734,"characterOffsetEnd":1735,"pos":"PRP","before":" ","after":" "},{"index":24,"word":"know","originalText":"know","characterOffsetBegin":1736,"characterOffsetEnd":1740,"pos":"VBP","before":" ","after":" "},{"index":25,"word":"of","originalText":"of","characterOffsetBegin":1741,"characterOffsetEnd":1743,"pos":"IN","before":" ","after":" "},{"index":26,"word":"with","originalText":"with","characterOffsetBegin":1744,"characterOffsetEnd":1748,"pos":"IN","before":" ","after":" "},{"index":27,"word":"the","originalText":"the","characterOffsetBegin":1749,"characterOffsetEnd":1752,"pos":"DT","before":" ","after":" "},{"index":28,"word":"possible","originalText":"possible","characterOffsetBegin":1753,"characterOffsetEnd":1761,"pos":"JJ","before":" ","after":"                                "},{"index":29,"word":"exception","originalText":"exception","characterOffsetBegin":1793,"characterOffsetEnd":1802,"pos":"NN","before":"                                ","after":" "},{"index":30,"word":"of","originalText":"of","characterOffsetBegin":1803,"characterOffsetEnd":1805,"pos":"IN","before":" ","after":" "},{"index":31,"word":"myself","originalText":"myself","characterOffsetBegin":1806,"characterOffsetEnd":1812,"pos":"PRP","before":" ","after":""},{"index":32,"word":".","originalText":".","characterOffsetBegin":1812,"characterOffsetEnd":1813,"pos":".","before":"","after":""}]}]}