{"sentences":[{"index":0,"tokens":[{"index":1,"word":"From","originalText":"From","characterOffsetBegin":0,"characterOffsetEnd":4,"pos":"IN","before":"","after":""},{"index":2,"word":":","originalText":":","characterOffsetBegin":4,"characterOffsetEnd":5,"pos":":","before":"","after":" "},{"index":3,"word":"klee@synoptics.com","originalText":"klee@synoptics.com","characterOffsetBegin":6,"characterOffsetEnd":24,"pos":"NN","before":" ","after":" "},{"index":4,"word":"-LRB-","originalText":"(","characterOffsetBegin":25,"characterOffsetEnd":26,"pos":"-LRB-","before":" ","after":""},{"index":5,"word":"Ken","originalText":"Ken","characterOffsetBegin":26,"characterOffsetEnd":29,"pos":"NNP","before":"","after":" "},{"index":6,"word":"Lee","originalText":"Lee","characterOffsetBegin":30,"characterOffsetEnd":33,"pos":"NNP","before":" ","after":""},{"index":7,"word":"-RRB-","originalText":")","characterOffsetBegin":33,"characterOffsetEnd":34,"pos":"-RRB-","before":"","after":""},{"index":8,"word":"Subject","originalText":"Subject","characterOffsetBegin":34,"characterOffsetEnd":41,"pos":"NNP","before":"","after":""},{"index":9,"word":":","originalText":":","characterOffsetBegin":41,"characterOffsetEnd":42,"pos":":","before":"","after":" "},{"index":10,"word":"Re","originalText":"Re","characterOffsetBegin":43,"characterOffsetEnd":45,"pos":"NNP","before":" ","after":""},{"index":11,"word":":","originalText":":","characterOffsetBegin":45,"characterOffsetEnd":46,"pos":":","before":"","after":" "},{"index":12,"word":"XAllocColor","originalText":"XAllocColor","characterOffsetBegin":47,"characterOffsetEnd":58,"pos":"NN","before":" ","after":" "},{"index":13,"word":"fails","originalText":"fails","characterOffsetBegin":59,"characterOffsetEnd":64,"pos":"VBZ","before":" ","after":" "},{"index":14,"word":"to","originalText":"to","characterOffsetBegin":65,"characterOffsetEnd":67,"pos":"TO","before":" ","after":" "},{"index":15,"word":"return","originalText":"return","characterOffsetBegin":68,"characterOffsetEnd":74,"pos":"VB","before":" ","after":" "},{"index":16,"word":"nearest","originalText":"nearest","characterOffsetBegin":75,"characterOffsetEnd":82,"pos":"JJS","before":" ","after":" "},{"index":17,"word":"matchIn","originalText":"matchIn","characterOffsetBegin":83,"characterOffsetEnd":90,"pos":"NN","before":" ","after":" "},{"index":18,"word":"article","originalText":"article","characterOffsetBegin":91,"characterOffsetEnd":98,"pos":"NN","before":" ","after":" "},{"index":19,"word":"54297@slate.mines.colorado.edu,","originalText":"54297@slate.mines.colorado.edu,","characterOffsetBegin":99,"characterOffsetEnd":130,"pos":"NN","before":" ","after":" "},{"index":20,"word":"agallagh@slate.mines.colorado.edu","originalText":"agallagh@slate.mines.colorado.edu","characterOffsetBegin":131,"characterOffsetEnd":164,"pos":"NN","before":" ","after":" "},{"index":21,"word":"-LRB-","originalText":"(","characterOffsetBegin":165,"characterOffsetEnd":166,"pos":"-LRB-","before":" ","after":""},{"index":22,"word":"GALLAGHER","originalText":"GALLAGHER","characterOffsetBegin":166,"characterOffsetEnd":175,"pos":"NNP","before":"","after":" "},{"index":23,"word":"ANDREA","originalText":"ANDREA","characterOffsetBegin":176,"characterOffsetEnd":182,"pos":"NNP","before":" ","after":" "},{"index":24,"word":"J","originalText":"J","characterOffsetBegin":183,"characterOffsetEnd":184,"pos":"NNP","before":" ","after":" "},{"index":25,"word":"-RRB-","originalText":")","characterOffsetBegin":185,"characterOffsetEnd":186,"pos":"-RRB-","before":" ","after":" "},{"index":26,"word":"writes","originalText":"writes","characterOffsetBegin":187,"characterOffsetEnd":193,"pos":"VBZ","before":" ","after":""},{"index":27,"word":":","originalText":":","characterOffsetBegin":193,"characterOffsetEnd":194,"pos":":","before":"","after":""},{"index":28,"word":">","originalText":">","characterOffsetBegin":194,"characterOffsetEnd":195,"pos":"JJR","before":"","after":""},{"index":29,"word":"-LSB-","originalText":"[","characterOffsetBegin":195,"characterOffsetEnd":196,"pos":"-LRB-","before":"","after":""},{"index":30,"word":"posted","originalText":"posted","characterOffsetBegin":196,"characterOffsetEnd":202,"pos":"VBN","before":"","after":" "},{"index":31,"word":"for","originalText":"for","characterOffsetBegin":203,"characterOffsetEnd":206,"pos":"IN","before":" ","after":" "},{"index":32,"word":"a","originalText":"a","characterOffsetBegin":207,"characterOffsetEnd":208,"pos":"DT","before":" ","after":" "},{"index":33,"word":"friend","originalText":"friend","characterOffsetBegin":209,"characterOffsetEnd":215,"pos":"NN","before":" ","after":""},{"index":34,"word":"-RSB-","originalText":"]","characterOffsetBegin":215,"characterOffsetEnd":216,"pos":"-RRB-","before":"","after":""},{"index":35,"word":">>","originalText":">>","characterOffsetBegin":216,"characterOffsetEnd":218,"pos":"CD","before":"","after":""},{"index":36,"word":"Okay","originalText":"Okay","characterOffsetBegin":218,"characterOffsetEnd":222,"pos":"UH","before":"","after":""},{"index":37,"word":",","originalText":",","characterOffsetBegin":222,"characterOffsetEnd":223,"pos":",","before":"","after":" "},{"index":38,"word":"I","originalText":"I","characterOffsetBegin":224,"characterOffsetEnd":225,"pos":"PRP","before":" ","after":" "},{"index":39,"word":"looked","originalText":"looked","characterOffsetBegin":226,"characterOffsetEnd":232,"pos":"VBD","before":" ","after":" "},{"index":40,"word":"through","originalText":"through","characterOffsetBegin":233,"characterOffsetEnd":240,"pos":"IN","before":" ","after":" "},{"index":41,"word":"the","originalText":"the","characterOffsetBegin":241,"characterOffsetEnd":244,"pos":"DT","before":" ","after":" "},{"index":42,"word":"FAQs","originalText":"FAQs","characterOffsetBegin":245,"characterOffsetEnd":249,"pos":"NNS","before":" ","after":" "},{"index":43,"word":"and","originalText":"and","characterOffsetBegin":250,"characterOffsetEnd":253,"pos":"CC","before":" ","after":" "},{"index":44,"word":"did","originalText":"did","characterOffsetBegin":254,"characterOffsetEnd":257,"pos":"VBD","before":" ","after":""},{"index":45,"word":"n't","originalText":"n't","characterOffsetBegin":257,"characterOffsetEnd":260,"pos":"RB","before":"","after":" "},{"index":46,"word":"see","originalText":"see","characterOffsetBegin":261,"characterOffsetEnd":264,"pos":"VB","before":" ","after":" "},{"index":47,"word":"this","originalText":"this","characterOffsetBegin":265,"characterOffsetEnd":269,"pos":"DT","before":" ","after":""},{"index":48,"word":",","originalText":",","characterOffsetBegin":269,"characterOffsetEnd":270,"pos":",","before":"","after":" "},{"index":49,"word":"but","originalText":"but","characterOffsetBegin":271,"characterOffsetEnd":274,"pos":"CC","before":" ","after":" "},{"index":50,"word":"I","originalText":"I","characterOffsetBegin":275,"characterOffsetEnd":276,"pos":"PRP","before":" ","after":" "},{"index":51,"word":"know","originalText":"know","characterOffsetBegin":277,"characterOffsetEnd":281,"pos":"VBP","before":" ","after":" "},{"index":52,"word":"its","originalText":"its","characterOffsetBegin":282,"characterOffsetEnd":285,"pos":"PRP$","before":" ","after":""},{"index":53,"word":">","originalText":">","characterOffsetBegin":285,"characterOffsetEnd":286,"pos":"JJR","before":"","after":""},{"index":54,"word":"come","originalText":"come","characterOffsetBegin":286,"characterOffsetEnd":290,"pos":"VB","before":"","after":" "},{"index":55,"word":"up","originalText":"up","characterOffsetBegin":291,"characterOffsetEnd":293,"pos":"RP","before":" ","after":" "},{"index":56,"word":"before","originalText":"before","characterOffsetBegin":294,"characterOffsetEnd":300,"pos":"IN","before":" ","after":""},{"index":57,"word":"...","originalText":"...","characterOffsetBegin":300,"characterOffsetEnd":303,"pos":":","before":"","after":""},{"index":58,"word":">>","originalText":">>","characterOffsetBegin":303,"characterOffsetEnd":305,"pos":"CD","before":"","after":""},{"index":59,"word":"XAllocColor","originalText":"XAllocColor","characterOffsetBegin":305,"characterOffsetEnd":316,"pos":"NN","before":"","after":" "},{"index":60,"word":"is","originalText":"is","characterOffsetBegin":317,"characterOffsetEnd":319,"pos":"VBZ","before":" ","after":" "},{"index":61,"word":"supposed","originalText":"supposed","characterOffsetBegin":320,"characterOffsetEnd":328,"pos":"VBN","before":" ","after":" "},{"index":62,"word":"to","originalText":"to","characterOffsetBegin":329,"characterOffsetEnd":331,"pos":"TO","before":" ","after":" "},{"index":63,"word":"do","originalText":"do","characterOffsetBegin":332,"characterOffsetEnd":334,"pos":"VB","before":" ","after":" "},{"index":64,"word":"the","originalText":"the","characterOffsetBegin":335,"characterOffsetEnd":338,"pos":"DT","before":" ","after":" "},{"index":65,"word":"following","originalText":"following","characterOffsetBegin":339,"characterOffsetEnd":348,"pos":"VBG","before":" ","after":" "},{"index":66,"word":"in","originalText":"in","characterOffsetBegin":349,"characterOffsetEnd":351,"pos":"IN","before":" ","after":" "},{"index":67,"word":"order","originalText":"order","characterOffsetBegin":352,"characterOffsetEnd":357,"pos":"NN","before":" ","after":""},{"index":68,"word":":","originalText":":","characterOffsetBegin":357,"characterOffsetEnd":358,"pos":":","before":"","after":""},{"index":69,"word":">","originalText":">","characterOffsetBegin":358,"characterOffsetEnd":359,"pos":"JJR","before":"","after":"    "},{"index":70,"word":"Try","originalText":"Try","characterOffsetBegin":363,"characterOffsetEnd":366,"pos":"VB","before":"    ","after":" "},{"index":71,"word":"to","originalText":"to","characterOffsetBegin":367,"characterOffsetEnd":369,"pos":"TO","before":" ","after":" "},{"index":72,"word":"find","originalText":"find","characterOffsetBegin":370,"characterOffsetEnd":374,"pos":"VB","before":" ","after":" "},{"index":73,"word":"an","originalText":"an","characterOffsetBegin":375,"characterOffsetEnd":377,"pos":"DT","before":" ","after":" "},{"index":74,"word":"exact","originalText":"exact","characterOffsetBegin":378,"characterOffsetEnd":383,"pos":"JJ","before":" ","after":" "},{"index":75,"word":"match","originalText":"match","characterOffsetBegin":384,"characterOffsetEnd":389,"pos":"NN","before":" ","after":" "},{"index":76,"word":"read-only","originalText":"read-only","characterOffsetBegin":390,"characterOffsetEnd":399,"pos":"JJ","before":" ","after":" "},{"index":77,"word":"color","originalText":"color","characterOffsetBegin":400,"characterOffsetEnd":405,"pos":"NN","before":" ","after":" "},{"index":78,"word":"cell","originalText":"cell","characterOffsetBegin":406,"characterOffsetEnd":410,"pos":"NN","before":" ","after":""},{"index":79,"word":".","originalText":".","characterOffsetBegin":410,"characterOffsetEnd":411,"pos":".","before":"","after":" "}]},{"index":1,"tokens":[{"index":1,"word":"-LRB-","originalText":"(","characterOffsetBegin":412,"characterOffsetEnd":413,"pos":"-LRB-","before":" ","after":""},{"index":2,"word":"within","originalText":"within","characterOffsetBegin":413,"characterOffsetEnd":419,"pos":"IN","before":"","after":" "},{"index":3,"word":"hardware","originalText":"hardware","characterOffsetBegin":420,"characterOffsetEnd":428,"pos":"NN","before":" ","after":" "},{"index":4,"word":"limits","originalText":"limits","characterOffsetBegin":429,"characterOffsetEnd":435,"pos":"NNS","before":" ","after":""},{"index":5,"word":"-RRB-","originalText":")","characterOffsetBegin":435,"characterOffsetEnd":436,"pos":"-RRB-","before":"","after":""},{"index":6,"word":">","originalText":">","characterOffsetBegin":436,"characterOffsetEnd":437,"pos":"JJR","before":"","after":"    "},{"index":7,"word":"Try","originalText":"Try","characterOffsetBegin":441,"characterOffsetEnd":444,"pos":"VB","before":"    ","after":" "},{"index":8,"word":"to","originalText":"to","characterOffsetBegin":445,"characterOffsetEnd":447,"pos":"TO","before":" ","after":" "},{"index":9,"word":"allocate","originalText":"allocate","characterOffsetBegin":448,"characterOffsetEnd":456,"pos":"VB","before":" ","after":" "},{"index":10,"word":"a","originalText":"a","characterOffsetBegin":457,"characterOffsetEnd":458,"pos":"DT","before":" ","after":" "},{"index":11,"word":"read-only","originalText":"read-only","characterOffsetBegin":459,"characterOffsetEnd":468,"pos":"JJ","before":" ","after":" "},{"index":12,"word":"colorcell","originalText":"colorcell","characterOffsetBegin":469,"characterOffsetEnd":478,"pos":"NN","before":" ","after":" "},{"index":13,"word":"and","originalText":"and","characterOffsetBegin":479,"characterOffsetEnd":482,"pos":"CC","before":" ","after":" "},{"index":14,"word":"set","originalText":"set","characterOffsetBegin":483,"characterOffsetEnd":486,"pos":"VBD","before":" ","after":" "},{"index":15,"word":"it","originalText":"it","characterOffsetBegin":487,"characterOffsetEnd":489,"pos":"PRP","before":" ","after":" "},{"index":16,"word":"to","originalText":"to","characterOffsetBegin":490,"characterOffsetEnd":492,"pos":"TO","before":" ","after":" "},{"index":17,"word":"match","originalText":"match","characterOffsetBegin":493,"characterOffsetEnd":498,"pos":"VB","before":" ","after":""},{"index":18,"word":".","originalText":".","characterOffsetBegin":498,"characterOffsetEnd":499,"pos":".","before":"","after":""},{"index":19,"word":">","originalText":">","characterOffsetBegin":499,"characterOffsetEnd":500,"pos":"JJR","before":"","after":"\t"}]},{"index":2,"tokens":[{"index":1,"word":"and","originalText":"and","characterOffsetBegin":501,"characterOffsetEnd":504,"pos":"CC","before":"\t","after":" "},{"index":2,"word":"when","originalText":"when","characterOffsetBegin":505,"characterOffsetEnd":509,"pos":"WRB","before":" ","after":" "},{"index":3,"word":"all","originalText":"all","characterOffsetBegin":510,"characterOffsetEnd":513,"pos":"DT","before":" ","after":" "},{"index":4,"word":"else","originalText":"else","characterOffsetBegin":514,"characterOffsetEnd":518,"pos":"RB","before":" ","after":" "},{"index":5,"word":"fails","originalText":"fails","characterOffsetBegin":519,"characterOffsetEnd":524,"pos":"VBZ","before":" ","after":""},{"index":6,"word":",","originalText":",","characterOffsetBegin":524,"characterOffsetEnd":525,"pos":",","before":"","after":" "},{"index":7,"word":">","originalText":">","characterOffsetBegin":526,"characterOffsetEnd":527,"pos":"JJR","before":" ","after":"    "},{"index":8,"word":"Return","originalText":"Return","characterOffsetBegin":531,"characterOffsetEnd":537,"pos":"NN","before":"    ","after":" "},{"index":9,"word":"the","originalText":"the","characterOffsetBegin":538,"characterOffsetEnd":541,"pos":"DT","before":" ","after":" "},{"index":10,"word":"colorcell","originalText":"colorcell","characterOffsetBegin":542,"characterOffsetEnd":551,"pos":"NN","before":" ","after":" "},{"index":11,"word":"with","originalText":"with","characterOffsetBegin":552,"characterOffsetEnd":556,"pos":"IN","before":" ","after":" "},{"index":12,"word":"the","originalText":"the","characterOffsetBegin":557,"characterOffsetEnd":560,"pos":"DT","before":" ","after":" "},{"index":13,"word":"best","originalText":"best","characterOffsetBegin":561,"characterOffsetEnd":565,"pos":"JJS","before":" ","after":" "},{"index":14,"word":"match","originalText":"match","characterOffsetBegin":566,"characterOffsetEnd":571,"pos":"NN","before":" ","after":" "},{"index":15,"word":"from","originalText":"from","characterOffsetBegin":572,"characterOffsetEnd":576,"pos":"IN","before":" ","after":" "},{"index":16,"word":"the","originalText":"the","characterOffsetBegin":577,"characterOffsetEnd":580,"pos":"DT","before":" ","after":" "},{"index":17,"word":"read-only","originalText":"read-only","characterOffsetBegin":581,"characterOffsetEnd":590,"pos":"JJ","before":" ","after":" "},{"index":18,"word":"colors","originalText":"colors","characterOffsetBegin":591,"characterOffsetEnd":597,"pos":"NNS","before":" ","after":" "},{"index":19,"word":">","originalText":">","characterOffsetBegin":598,"characterOffsetEnd":599,"pos":"JJR","before":" ","after":"    "},{"index":20,"word":"already","originalText":"already","characterOffsetBegin":603,"characterOffsetEnd":610,"pos":"RB","before":"    ","after":" "},{"index":21,"word":"allocated","originalText":"allocated","characterOffsetBegin":611,"characterOffsetEnd":620,"pos":"VBN","before":" ","after":" "},{"index":22,"word":"in","originalText":"in","characterOffsetBegin":621,"characterOffsetEnd":623,"pos":"IN","before":" ","after":" "},{"index":23,"word":"the","originalText":"the","characterOffsetBegin":624,"characterOffsetEnd":627,"pos":"DT","before":" ","after":" "},{"index":24,"word":"colormap.Where","originalText":"colormap.Where","characterOffsetBegin":628,"characterOffsetEnd":642,"pos":"NNP","before":" ","after":" "},{"index":25,"word":"did","originalText":"did","characterOffsetBegin":643,"characterOffsetEnd":646,"pos":"VBD","before":" ","after":" "},{"index":26,"word":"you","originalText":"you","characterOffsetBegin":647,"characterOffsetEnd":650,"pos":"PRP","before":" ","after":" "},{"index":27,"word":"hear","originalText":"hear","characterOffsetBegin":651,"characterOffsetEnd":655,"pos":"VB","before":" ","after":" "},{"index":28,"word":"this","originalText":"this","characterOffsetBegin":656,"characterOffsetEnd":660,"pos":"DT","before":" ","after":""},{"index":29,"word":"?","originalText":"?","characterOffsetBegin":660,"characterOffsetEnd":661,"pos":".","before":"","after":"  "}]},{"index":3,"tokens":[{"index":1,"word":"If","originalText":"If","characterOffsetBegin":663,"characterOffsetEnd":665,"pos":"IN","before":"  ","after":" "},{"index":2,"word":"it","originalText":"it","characterOffsetBegin":666,"characterOffsetEnd":668,"pos":"PRP","before":" ","after":" "},{"index":3,"word":"is","originalText":"is","characterOffsetBegin":669,"characterOffsetEnd":671,"pos":"VBZ","before":" ","after":" "},{"index":4,"word":"printed","originalText":"printed","characterOffsetBegin":672,"characterOffsetEnd":679,"pos":"VBN","before":" ","after":" "},{"index":5,"word":"in","originalText":"in","characterOffsetBegin":680,"characterOffsetEnd":682,"pos":"IN","before":" ","after":" "},{"index":6,"word":"a","originalText":"a","characterOffsetBegin":683,"characterOffsetEnd":684,"pos":"DT","before":" ","after":" "},{"index":7,"word":"book","originalText":"book","characterOffsetBegin":685,"characterOffsetEnd":689,"pos":"NN","before":" ","after":" "},{"index":8,"word":"somewhere","originalText":"somewhere","characterOffsetBegin":690,"characterOffsetEnd":699,"pos":"RB","before":" ","after":""},{"index":9,"word":",","originalText":",","characterOffsetBegin":699,"characterOffsetEnd":700,"pos":",","before":"","after":""},{"index":10,"word":"throw","originalText":"throw","characterOffsetBegin":700,"characterOffsetEnd":705,"pos":"VB","before":"","after":" "},{"index":11,"word":"away","originalText":"away","characterOffsetBegin":706,"characterOffsetEnd":710,"pos":"RP","before":" ","after":" "},{"index":12,"word":"the","originalText":"the","characterOffsetBegin":711,"characterOffsetEnd":714,"pos":"DT","before":" ","after":" "},{"index":13,"word":"book","originalText":"book","characterOffsetBegin":715,"characterOffsetEnd":719,"pos":"NN","before":" ","after":""},{"index":14,"word":".","originalText":".","characterOffsetBegin":719,"characterOffsetEnd":720,"pos":".","before":"","after":"  "}]},{"index":4,"tokens":[{"index":1,"word":"According","originalText":"According","characterOffsetBegin":722,"characterOffsetEnd":731,"pos":"VBG","before":"  ","after":" "},{"index":2,"word":"to","originalText":"to","characterOffsetBegin":732,"characterOffsetEnd":734,"pos":"TO","before":" ","after":" "},{"index":3,"word":"the","originalText":"the","characterOffsetBegin":735,"characterOffsetEnd":738,"pos":"DT","before":" ","after":" "},{"index":4,"word":"MIT","originalText":"MIT","characterOffsetBegin":739,"characterOffsetEnd":742,"pos":"NNP","before":" ","after":" "},{"index":5,"word":"specs","originalText":"specs","characterOffsetBegin":743,"characterOffsetEnd":748,"pos":"NNS","before":" ","after":""},{"index":6,"word":",","originalText":",","characterOffsetBegin":748,"characterOffsetEnd":749,"pos":",","before":"","after":" "},{"index":7,"word":"only","originalText":"only","characterOffsetBegin":750,"characterOffsetEnd":754,"pos":"RB","before":" ","after":" "},{"index":8,"word":"the","originalText":"the","characterOffsetBegin":755,"characterOffsetEnd":758,"pos":"DT","before":" ","after":" "},{"index":9,"word":"first2","originalText":"first2","characterOffsetBegin":759,"characterOffsetEnd":765,"pos":"NN","before":" ","after":" "},{"index":10,"word":"are","originalText":"are","characterOffsetBegin":766,"characterOffsetEnd":769,"pos":"VBP","before":" ","after":" "},{"index":11,"word":"true","originalText":"true","characterOffsetBegin":770,"characterOffsetEnd":774,"pos":"JJ","before":" ","after":""},{"index":12,"word":".","originalText":".","characterOffsetBegin":774,"characterOffsetEnd":775,"pos":".","before":"","after":""}]},{"index":5,"tokens":[{"index":1,"word":"--","originalText":"---","characterOffsetBegin":775,"characterOffsetEnd":778,"pos":":","before":"","after":""},{"index":2,"word":"Ken","originalText":"Ken","characterOffsetBegin":778,"characterOffsetEnd":781,"pos":"NNP","before":"","after":" "},{"index":3,"word":"Lee","originalText":"Lee","characterOffsetBegin":782,"characterOffsetEnd":785,"pos":"NNP","before":" ","after":""},{"index":4,"word":",","originalText":",","characterOffsetBegin":785,"characterOffsetEnd":786,"pos":",","before":"","after":" "},{"index":5,"word":"klee@synoptics.com","originalText":"klee@synoptics.com","characterOffsetBegin":787,"characterOffsetEnd":805,"pos":"NNP","before":" ","after":""}]}]}