{"sentences":[{"index":0,"tokens":[{"index":1,"word":"From","originalText":"From","characterOffsetBegin":0,"characterOffsetEnd":4,"pos":"IN","before":"","after":""},{"index":2,"word":":","originalText":":","characterOffsetBegin":4,"characterOffsetEnd":5,"pos":":","before":"","after":" "},{"index":3,"word":"Rob","originalText":"Rob","characterOffsetBegin":6,"characterOffsetEnd":9,"pos":"NNP","before":" ","after":" "},{"index":4,"word":"Earhart","originalText":"Earhart","characterOffsetBegin":10,"characterOffsetEnd":17,"pos":"NNP","before":" ","after":" "},{"index":5,"word":"<earhart+@CMU.EDU>","originalText":"<earhart+@CMU.EDU>","characterOffsetBegin":18,"characterOffsetEnd":36,"pos":"NNP","before":" ","after":""},{"index":6,"word":"Subject","originalText":"Subject","characterOffsetBegin":36,"characterOffsetEnd":43,"pos":"NNP","before":"","after":""},{"index":7,"word":":","originalText":":","characterOffsetBegin":43,"characterOffsetEnd":44,"pos":":","before":"","after":" "},{"index":8,"word":"Re","originalText":"Re","characterOffsetBegin":45,"characterOffsetEnd":47,"pos":"NNP","before":" ","after":""},{"index":9,"word":":","originalText":":","characterOffsetBegin":47,"characterOffsetEnd":48,"pos":":","before":"","after":" "},{"index":10,"word":"Mix","originalText":"Mix","characterOffsetBegin":49,"characterOffsetEnd":52,"pos":"NNP","before":" ","after":" "},{"index":11,"word":"GL","originalText":"GL","characterOffsetBegin":53,"characterOffsetEnd":55,"pos":"NNP","before":" ","after":" "},{"index":12,"word":"with","originalText":"with","characterOffsetBegin":56,"characterOffsetEnd":60,"pos":"IN","before":" ","after":" "},{"index":13,"word":"X","originalText":"X","characterOffsetBegin":61,"characterOffsetEnd":62,"pos":"NN","before":" ","after":" "},{"index":14,"word":"-LRB-","originalText":"(","characterOffsetBegin":63,"characterOffsetEnd":64,"pos":"-LRB-","before":" ","after":""},{"index":15,"word":"Xlib","originalText":"Xlib","characterOffsetBegin":64,"characterOffsetEnd":68,"pos":"NNP","before":"","after":""},{"index":16,"word":",","originalText":",","characterOffsetBegin":68,"characterOffsetEnd":69,"pos":",","before":"","after":""},{"index":17,"word":"Xt","originalText":"Xt","characterOffsetBegin":69,"characterOffsetEnd":71,"pos":"NNP","before":"","after":""},{"index":18,"word":",","originalText":",","characterOffsetBegin":71,"characterOffsetEnd":72,"pos":",","before":"","after":""},{"index":19,"word":"mwm","originalText":"mwm","characterOffsetBegin":72,"characterOffsetEnd":75,"pos":"NN","before":"","after":""},{"index":20,"word":"-RRB-","originalText":")","characterOffsetBegin":75,"characterOffsetEnd":76,"pos":"-RRB-","before":"","after":"  "},{"index":21,"word":"Yes","originalText":"Yes","characterOffsetBegin":78,"characterOffsetEnd":81,"pos":"UH","before":"  ","after":""},{"index":22,"word":",","originalText":",","characterOffsetBegin":81,"characterOffsetEnd":82,"pos":",","before":"","after":" "},{"index":23,"word":"it","originalText":"it","characterOffsetBegin":83,"characterOffsetEnd":85,"pos":"PRP","before":" ","after":""},{"index":24,"word":"'s","originalText":"'s","characterOffsetBegin":85,"characterOffsetEnd":87,"pos":"VBZ","before":"","after":" "},{"index":25,"word":"possible","originalText":"possible","characterOffsetBegin":88,"characterOffsetEnd":96,"pos":"JJ","before":" ","after":""},{"index":26,"word":"...","originalText":"...","characterOffsetBegin":96,"characterOffsetEnd":99,"pos":":","before":"","after":" "},{"index":27,"word":"in","originalText":"in","characterOffsetBegin":100,"characterOffsetEnd":102,"pos":"IN","before":" ","after":" "},{"index":28,"word":"fact","originalText":"fact","characterOffsetBegin":103,"characterOffsetEnd":107,"pos":"NN","before":" ","after":""},{"index":29,"word":",","originalText":",","characterOffsetBegin":107,"characterOffsetEnd":108,"pos":",","before":"","after":" "},{"index":30,"word":"there","originalText":"there","characterOffsetBegin":109,"characterOffsetEnd":114,"pos":"EX","before":" ","after":""},{"index":31,"word":"'s","originalText":"'s","characterOffsetBegin":114,"characterOffsetEnd":116,"pos":"VBZ","before":"","after":" "},{"index":32,"word":"some","originalText":"some","characterOffsetBegin":117,"characterOffsetEnd":121,"pos":"DT","before":" ","after":" "},{"index":33,"word":"gl","originalText":"gl","characterOffsetBegin":122,"characterOffsetEnd":124,"pos":"NN","before":" ","after":" "},{"index":34,"word":"widget","originalText":"widget","characterOffsetBegin":125,"characterOffsetEnd":131,"pos":"NN","before":" ","after":" "},{"index":35,"word":"code","originalText":"code","characterOffsetBegin":132,"characterOffsetEnd":136,"pos":"NN","before":" ","after":" "},{"index":36,"word":"in/usr/lpp","originalText":"in/usr/lpp","characterOffsetBegin":137,"characterOffsetEnd":147,"pos":"NN","before":" ","after":""},{"index":37,"word":"/","originalText":"/","characterOffsetBegin":147,"characterOffsetEnd":148,"pos":":","before":"","after":""},{"index":38,"word":"GL","originalText":"GL","characterOffsetBegin":148,"characterOffsetEnd":150,"pos":"NNP","before":"","after":" "},{"index":39,"word":"somewhere","originalText":"somewhere","characterOffsetBegin":151,"characterOffsetEnd":160,"pos":"RB","before":" ","after":""},{"index":40,"word":"...","originalText":"...","characterOffsetBegin":160,"characterOffsetEnd":163,"pos":":","before":"","after":" "},{"index":41,"word":"-LRB-","originalText":"(","characterOffsetBegin":164,"characterOffsetEnd":165,"pos":"-LRB-","before":" ","after":""},{"index":42,"word":"it","originalText":"it","characterOffsetBegin":165,"characterOffsetEnd":167,"pos":"PRP","before":"","after":""},{"index":43,"word":"'s","originalText":"'s","characterOffsetBegin":167,"characterOffsetEnd":169,"pos":"VBZ","before":"","after":" "},{"index":44,"word":"named","originalText":"named","characterOffsetBegin":170,"characterOffsetEnd":175,"pos":"VBN","before":" ","after":" "},{"index":45,"word":"Glib.c","originalText":"Glib.c","characterOffsetBegin":176,"characterOffsetEnd":182,"pos":"NN","before":" ","after":""},{"index":46,"word":";","originalText":";","characterOffsetBegin":182,"characterOffsetEnd":183,"pos":":","before":"","after":" "},{"index":47,"word":"my","originalText":"my","characterOffsetBegin":184,"characterOffsetEnd":186,"pos":"PRP$","before":" ","after":" "},{"index":48,"word":"IBM","originalText":"IBM","characterOffsetBegin":187,"characterOffsetEnd":190,"pos":"NNP","before":" ","after":""},{"index":49,"word":"'s","originalText":"'s","characterOffsetBegin":190,"characterOffsetEnd":192,"pos":"POS","before":"","after":" "},{"index":50,"word":"down","originalText":"down","characterOffsetBegin":193,"characterOffsetEnd":197,"pos":"RB","before":" ","after":" "},{"index":51,"word":"right","originalText":"right","characterOffsetBegin":198,"characterOffsetEnd":203,"pos":"JJ","before":" ","after":" "},{"index":52,"word":"nowthough","originalText":"nowthough","characterOffsetBegin":204,"characterOffsetEnd":213,"pos":"NN","before":" ","after":""},{"index":53,"word":",","originalText":",","characterOffsetBegin":213,"characterOffsetEnd":214,"pos":",","before":"","after":" "},{"index":54,"word":"so","originalText":"so","characterOffsetBegin":215,"characterOffsetEnd":217,"pos":"IN","before":" ","after":" "},{"index":55,"word":"I","originalText":"I","characterOffsetBegin":218,"characterOffsetEnd":219,"pos":"PRP","before":" ","after":" "},{"index":56,"word":"ca","originalText":"ca","characterOffsetBegin":220,"characterOffsetEnd":222,"pos":"MD","before":" ","after":""},{"index":57,"word":"n't","originalText":"n't","characterOffsetBegin":222,"characterOffsetEnd":225,"pos":"RB","before":"","after":" "},{"index":58,"word":"find","originalText":"find","characterOffsetBegin":226,"characterOffsetEnd":230,"pos":"VB","before":" ","after":" "},{"index":59,"word":"the","originalText":"the","characterOffsetBegin":231,"characterOffsetEnd":234,"pos":"DT","before":" ","after":" "},{"index":60,"word":"exact","originalText":"exact","characterOffsetBegin":235,"characterOffsetEnd":240,"pos":"JJ","before":" ","after":" "},{"index":61,"word":"location","originalText":"location","characterOffsetBegin":241,"characterOffsetEnd":249,"pos":"NN","before":" ","after":" "},{"index":62,"word":":-RRB-","originalText":":)","characterOffsetBegin":250,"characterOffsetEnd":252,"pos":"NN","before":" ","after":"  "},{"index":63,"word":"WARNING","originalText":"WARNING","characterOffsetBegin":254,"characterOffsetEnd":261,"pos":"NN","before":"  ","after":""},{"index":64,"word":":","originalText":":","characterOffsetBegin":261,"characterOffsetEnd":262,"pos":":","before":"","after":" "},{"index":65,"word":"this","originalText":"this","characterOffsetBegin":263,"characterOffsetEnd":267,"pos":"DT","before":" ","after":" "},{"index":66,"word":"code","originalText":"code","characterOffsetBegin":268,"characterOffsetEnd":272,"pos":"NN","before":" ","after":" "},{"index":67,"word":"feels","originalText":"feels","characterOffsetBegin":273,"characterOffsetEnd":278,"pos":"VBZ","before":" ","after":" "},{"index":68,"word":"quite","originalText":"quite","characterOffsetBegin":279,"characterOffsetEnd":284,"pos":"RB","before":" ","after":" "},{"index":69,"word":"bogus","originalText":"bogus","characterOffsetBegin":285,"characterOffsetEnd":290,"pos":"JJ","before":" ","after":""},{"index":70,"word":".","originalText":".","characterOffsetBegin":290,"characterOffsetEnd":291,"pos":".","before":"","after":" "}]},{"index":1,"tokens":[{"index":1,"word":"It","originalText":"It","characterOffsetBegin":292,"characterOffsetEnd":294,"pos":"PRP","before":" ","after":" "},{"index":2,"word":"does","originalText":"does","characterOffsetBegin":295,"characterOffsetEnd":299,"pos":"VBZ","before":" ","after":" "},{"index":3,"word":"things","originalText":"things","characterOffsetBegin":300,"characterOffsetEnd":306,"pos":"NNS","before":" ","after":" "},{"index":4,"word":"like","originalText":"like","characterOffsetBegin":307,"characterOffsetEnd":311,"pos":"IN","before":" ","after":" "},{"index":5,"word":"callingnoport","originalText":"callingnoport","characterOffsetBegin":312,"characterOffsetEnd":325,"pos":"NN","before":" ","after":""},{"index":6,"word":"-LRB-","originalText":"(","characterOffsetBegin":325,"characterOffsetEnd":326,"pos":"-LRB-","before":"","after":""},{"index":7,"word":"-RRB-","originalText":")","characterOffsetBegin":326,"characterOffsetEnd":327,"pos":"-RRB-","before":"","after":" "},{"index":8,"word":"before","originalText":"before","characterOffsetBegin":328,"characterOffsetEnd":334,"pos":"IN","before":" ","after":" "},{"index":9,"word":"winopen","originalText":"winopen","characterOffsetBegin":335,"characterOffsetEnd":342,"pos":"NN","before":" ","after":""},{"index":10,"word":"-LRB-","originalText":"(","characterOffsetBegin":342,"characterOffsetEnd":343,"pos":"-LRB-","before":"","after":""},{"index":11,"word":"-RRB-","originalText":")","characterOffsetBegin":343,"characterOffsetEnd":344,"pos":"-RRB-","before":"","after":""},{"index":12,"word":",","originalText":",","characterOffsetBegin":344,"characterOffsetEnd":345,"pos":",","before":"","after":" "},{"index":13,"word":"and","originalText":"and","characterOffsetBegin":346,"characterOffsetEnd":349,"pos":"CC","before":" ","after":" "},{"index":14,"word":"then","originalText":"then","characterOffsetBegin":350,"characterOffsetEnd":354,"pos":"RB","before":" ","after":" "},{"index":15,"word":"extracting","originalText":"extracting","characterOffsetBegin":355,"characterOffsetEnd":365,"pos":"VBG","before":" ","after":" "},{"index":16,"word":"an","originalText":"an","characterOffsetBegin":366,"characterOffsetEnd":368,"pos":"DT","before":" ","after":" "},{"index":17,"word":"X","originalText":"X","characterOffsetBegin":369,"characterOffsetEnd":370,"pos":"NN","before":" ","after":" "},{"index":18,"word":"window","originalText":"window","characterOffsetBegin":371,"characterOffsetEnd":377,"pos":"NN","before":" ","after":" "},{"index":19,"word":"id","originalText":"id","characterOffsetBegin":378,"characterOffsetEnd":380,"pos":"NN","before":" ","after":" "},{"index":20,"word":"from","originalText":"from","characterOffsetBegin":381,"characterOffsetEnd":385,"pos":"IN","before":" ","after":" "},{"index":21,"word":"itanyway","originalText":"itanyway","characterOffsetBegin":386,"characterOffsetEnd":394,"pos":"NN","before":" ","after":""},{"index":22,"word":".","originalText":".","characterOffsetBegin":394,"characterOffsetEnd":395,"pos":".","before":"","after":" "}]},{"index":2,"tokens":[{"index":1,"word":"It","originalText":"It","characterOffsetBegin":396,"characterOffsetEnd":398,"pos":"PRP","before":" ","after":" "},{"index":2,"word":"worked","originalText":"worked","characterOffsetBegin":399,"characterOffsetEnd":405,"pos":"VBD","before":" ","after":" "},{"index":3,"word":"just","originalText":"just","characterOffsetBegin":406,"characterOffsetEnd":410,"pos":"RB","before":" ","after":" "},{"index":4,"word":"fine","originalText":"fine","characterOffsetBegin":411,"characterOffsetEnd":415,"pos":"JJ","before":" ","after":" "},{"index":5,"word":"under","originalText":"under","characterOffsetBegin":416,"characterOffsetEnd":421,"pos":"IN","before":" ","after":" "},{"index":6,"word":"aix","originalText":"aix","characterOffsetBegin":422,"characterOffsetEnd":425,"pos":"NN","before":" ","after":" "},{"index":7,"word":"3.1","originalText":"3.1","characterOffsetBegin":426,"characterOffsetEnd":429,"pos":"CD","before":" ","after":""},{"index":8,"word":";","originalText":";","characterOffsetBegin":429,"characterOffsetEnd":430,"pos":":","before":"","after":" "},{"index":9,"word":"I","originalText":"I","characterOffsetBegin":431,"characterOffsetEnd":432,"pos":"PRP","before":" ","after":" "},{"index":10,"word":"spent","originalText":"spent","characterOffsetBegin":433,"characterOffsetEnd":438,"pos":"VBD","before":" ","after":" "},{"index":11,"word":"last","originalText":"last","characterOffsetBegin":439,"characterOffsetEnd":443,"pos":"JJ","before":" ","after":" "},{"index":12,"word":"weekend","originalText":"weekend","characterOffsetBegin":444,"characterOffsetEnd":451,"pos":"NN","before":" ","after":" "},{"index":13,"word":"tryingto","originalText":"tryingto","characterOffsetBegin":452,"characterOffsetEnd":460,"pos":"NN","before":" ","after":" "},{"index":14,"word":"port","originalText":"port","characterOffsetBegin":461,"characterOffsetEnd":465,"pos":"NN","before":" ","after":" "},{"index":15,"word":"it","originalText":"it","characterOffsetBegin":466,"characterOffsetEnd":468,"pos":"PRP","before":" ","after":" "},{"index":16,"word":"to","originalText":"to","characterOffsetBegin":469,"characterOffsetEnd":471,"pos":"TO","before":" ","after":" "},{"index":17,"word":"3.2","originalText":"3.2","characterOffsetBegin":472,"characterOffsetEnd":475,"pos":"CD","before":" ","after":" "},{"index":18,"word":"-LRB-","originalText":"(","characterOffsetBegin":476,"characterOffsetEnd":477,"pos":"-LRB-","before":" ","after":""},{"index":19,"word":"gl","originalText":"gl","characterOffsetBegin":477,"characterOffsetEnd":479,"pos":"NN","before":"","after":" "},{"index":20,"word":"under","originalText":"under","characterOffsetBegin":480,"characterOffsetEnd":485,"pos":"IN","before":" ","after":" "},{"index":21,"word":"3.2","originalText":"3.2","characterOffsetBegin":486,"characterOffsetEnd":489,"pos":"CD","before":" ","after":" "},{"index":22,"word":"does","originalText":"does","characterOffsetBegin":490,"characterOffsetEnd":494,"pos":"VBZ","before":" ","after":""},{"index":23,"word":"n't","originalText":"n't","characterOffsetBegin":494,"characterOffsetEnd":497,"pos":"RB","before":"","after":" "},{"index":24,"word":"seem","originalText":"seem","characterOffsetBegin":498,"characterOffsetEnd":502,"pos":"VB","before":" ","after":" "},{"index":25,"word":"to","originalText":"to","characterOffsetBegin":503,"characterOffsetEnd":505,"pos":"TO","before":" ","after":" "},{"index":26,"word":"like","originalText":"like","characterOffsetBegin":506,"characterOffsetEnd":510,"pos":"VB","before":" ","after":" "},{"index":27,"word":"it","originalText":"it","characterOffsetBegin":511,"characterOffsetEnd":513,"pos":"PRP","before":" ","after":""},{"index":28,"word":"-RRB-","originalText":")","characterOffsetBegin":513,"characterOffsetEnd":514,"pos":"-RRB-","before":"","after":""},{"index":29,"word":",","originalText":",","characterOffsetBegin":514,"characterOffsetEnd":515,"pos":",","before":"","after":" "},{"index":30,"word":"and","originalText":"and","characterOffsetBegin":516,"characterOffsetEnd":519,"pos":"CC","before":" ","after":" "},{"index":31,"word":"it","originalText":"it","characterOffsetBegin":520,"characterOffsetEnd":522,"pos":"PRP","before":" ","after":""},{"index":32,"word":"`","originalText":"'","characterOffsetBegin":522,"characterOffsetEnd":523,"pos":"``","before":"","after":""},{"index":33,"word":"sturning","originalText":"sturning","characterOffsetBegin":523,"characterOffsetEnd":531,"pos":"VBG","before":"","after":" "},{"index":34,"word":"into","originalText":"into","characterOffsetBegin":532,"characterOffsetEnd":536,"pos":"IN","before":" ","after":" "},{"index":35,"word":"a","originalText":"a","characterOffsetBegin":537,"characterOffsetEnd":538,"pos":"DT","before":" ","after":" "},{"index":36,"word":"Hard","originalText":"Hard","characterOffsetBegin":539,"characterOffsetEnd":543,"pos":"JJ","before":" ","after":" "},{"index":37,"word":"Job","originalText":"Job","characterOffsetBegin":544,"characterOffsetEnd":547,"pos":"NNP","before":" ","after":""},{"index":38,"word":".","originalText":".","characterOffsetBegin":547,"characterOffsetEnd":548,"pos":".","before":"","after":"  "}]},{"index":3,"tokens":[{"index":1,"word":"Check","originalText":"Check","characterOffsetBegin":550,"characterOffsetEnd":555,"pos":"VB","before":"  ","after":" "},{"index":2,"word":"out","originalText":"out","characterOffsetBegin":556,"characterOffsetEnd":559,"pos":"RP","before":" ","after":" "},{"index":3,"word":"your","originalText":"your","characterOffsetBegin":560,"characterOffsetEnd":564,"pos":"PRP$","before":" ","after":" "},{"index":4,"word":"``","originalText":"\"","characterOffsetBegin":565,"characterOffsetEnd":566,"pos":"``","before":" ","after":""},{"index":5,"word":"info","originalText":"info","characterOffsetBegin":566,"characterOffsetEnd":570,"pos":"NN","before":"","after":""},{"index":6,"word":"''","originalText":"\"","characterOffsetBegin":570,"characterOffsetEnd":571,"pos":"''","before":"","after":" "},{"index":7,"word":"pages","originalText":"pages","characterOffsetBegin":572,"characterOffsetEnd":577,"pos":"NNS","before":" ","after":""},{"index":8,"word":";","originalText":";","characterOffsetBegin":577,"characterOffsetEnd":578,"pos":":","before":"","after":" "},{"index":9,"word":"it","originalText":"it","characterOffsetBegin":579,"characterOffsetEnd":581,"pos":"PRP","before":" ","after":" "},{"index":10,"word":"has","originalText":"has","characterOffsetBegin":582,"characterOffsetEnd":585,"pos":"VBZ","before":" ","after":" "},{"index":11,"word":"some","originalText":"some","characterOffsetBegin":586,"characterOffsetEnd":590,"pos":"DT","before":" ","after":" "},{"index":12,"word":"pretty","originalText":"pretty","characterOffsetBegin":591,"characterOffsetEnd":597,"pos":"RB","before":" ","after":" "},{"index":13,"word":"good","originalText":"good","characterOffsetBegin":598,"characterOffsetEnd":602,"pos":"JJ","before":" ","after":" "},{"index":14,"word":"documentation","originalText":"documentation","characterOffsetBegin":603,"characterOffsetEnd":616,"pos":"NN","before":" ","after":" "},{"index":15,"word":"onwhan","originalText":"onwhan","characterOffsetBegin":617,"characterOffsetEnd":623,"pos":"NN","before":" ","after":" "},{"index":16,"word":"you","originalText":"you","characterOffsetBegin":624,"characterOffsetEnd":627,"pos":"PRP","before":" ","after":" "},{"index":17,"word":"can","originalText":"can","characterOffsetBegin":628,"characterOffsetEnd":631,"pos":"MD","before":" ","after":" "},{"index":18,"word":"and","originalText":"and","characterOffsetBegin":632,"characterOffsetEnd":635,"pos":"CC","before":" ","after":" "},{"index":19,"word":"ca","originalText":"ca","characterOffsetBegin":636,"characterOffsetEnd":638,"pos":"MD","before":" ","after":""},{"index":20,"word":"n't","originalText":"n't","characterOffsetBegin":638,"characterOffsetEnd":641,"pos":"RB","before":"","after":" "},{"index":21,"word":"do","originalText":"do","characterOffsetBegin":642,"characterOffsetEnd":644,"pos":"VB","before":" ","after":" "},{"index":22,"word":"when","originalText":"when","characterOffsetBegin":645,"characterOffsetEnd":649,"pos":"WRB","before":" ","after":" "},{"index":23,"word":"mixing","originalText":"mixing","characterOffsetBegin":650,"characterOffsetEnd":656,"pos":"VBG","before":" ","after":" "},{"index":24,"word":"gl","originalText":"gl","characterOffsetBegin":657,"characterOffsetEnd":659,"pos":"NN","before":" ","after":" "},{"index":25,"word":"and","originalText":"and","characterOffsetBegin":660,"characterOffsetEnd":663,"pos":"CC","before":" ","after":" "},{"index":26,"word":"X","originalText":"X","characterOffsetBegin":664,"characterOffsetEnd":665,"pos":"NN","before":" ","after":""},{"index":27,"word":",","originalText":",","characterOffsetBegin":665,"characterOffsetEnd":666,"pos":",","before":"","after":" "},{"index":28,"word":"and","originalText":"and","characterOffsetBegin":667,"characterOffsetEnd":670,"pos":"CC","before":" ","after":" "},{"index":29,"word":"how","originalText":"how","characterOffsetBegin":671,"characterOffsetEnd":674,"pos":"WRB","before":" ","after":" "},{"index":30,"word":"to","originalText":"to","characterOffsetBegin":675,"characterOffsetEnd":677,"pos":"TO","before":" ","after":" "},{"index":31,"word":"go","originalText":"go","characterOffsetBegin":678,"characterOffsetEnd":680,"pos":"VB","before":" ","after":" "},{"index":32,"word":"aboutdoing","originalText":"aboutdoing","characterOffsetBegin":681,"characterOffsetEnd":691,"pos":"VBG","before":" ","after":" "},{"index":33,"word":"so","originalText":"so","characterOffsetBegin":692,"characterOffsetEnd":694,"pos":"RB","before":" ","after":""},{"index":34,"word":".","originalText":".","characterOffsetBegin":694,"characterOffsetEnd":695,"pos":".","before":"","after":"  "},{"index":35,"word":"-RRB-","originalText":")","characterOffsetBegin":697,"characterOffsetEnd":698,"pos":"-RRB-","before":"  ","after":""}]},{"index":4,"tokens":[{"index":1,"word":"Rob","originalText":"Rob","characterOffsetBegin":698,"characterOffsetEnd":701,"pos":"NNP","before":"","after":""}]}]}