{"sentences":[{"index":0,"tokens":[{"index":1,"word":"From","originalText":"From","characterOffsetBegin":0,"characterOffsetEnd":4,"pos":"IN","before":"","after":""},{"index":2,"word":":","originalText":":","characterOffsetBegin":4,"characterOffsetEnd":5,"pos":":","before":"","after":" "},{"index":3,"word":"mufti@plsparc.UUCP","originalText":"mufti@plsparc.UUCP","characterOffsetBegin":6,"characterOffsetEnd":24,"pos":"NN","before":" ","after":" "},{"index":4,"word":"-LRB-","originalText":"(","characterOffsetBegin":25,"characterOffsetEnd":26,"pos":"-LRB-","before":" ","after":""},{"index":5,"word":"Saad","originalText":"Saad","characterOffsetBegin":26,"characterOffsetEnd":30,"pos":"NNP","before":"","after":" "},{"index":6,"word":"Mufti","originalText":"Mufti","characterOffsetBegin":31,"characterOffsetEnd":36,"pos":"NNP","before":" ","after":""},{"index":7,"word":"-RRB-","originalText":")","characterOffsetBegin":36,"characterOffsetEnd":37,"pos":"-RRB-","before":"","after":""},{"index":8,"word":"Subject","originalText":"Subject","characterOffsetBegin":37,"characterOffsetEnd":44,"pos":"NNP","before":"","after":""},{"index":9,"word":":","originalText":":","characterOffsetBegin":44,"characterOffsetEnd":45,"pos":":","before":"","after":" "},{"index":10,"word":"FAQ","originalText":"FAQ","characterOffsetBegin":46,"characterOffsetEnd":49,"pos":"NN","before":" ","after":" "},{"index":11,"word":"for","originalText":"for","characterOffsetBegin":50,"characterOffsetEnd":53,"pos":"IN","before":" ","after":" "},{"index":12,"word":"this","originalText":"this","characterOffsetBegin":54,"characterOffsetEnd":58,"pos":"DT","before":" ","after":" "},{"index":13,"word":"groupCould","originalText":"groupCould","characterOffsetBegin":59,"characterOffsetEnd":69,"pos":"NN","before":" ","after":" "},{"index":14,"word":"some","originalText":"some","characterOffsetBegin":70,"characterOffsetEnd":74,"pos":"DT","before":" ","after":" "},{"index":15,"word":"kind","originalText":"kind","characterOffsetBegin":75,"characterOffsetEnd":79,"pos":"NN","before":" ","after":" "},{"index":16,"word":"soul","originalText":"soul","characterOffsetBegin":80,"characterOffsetEnd":84,"pos":"NN","before":" ","after":" "},{"index":17,"word":"point","originalText":"point","characterOffsetBegin":85,"characterOffsetEnd":90,"pos":"NN","before":" ","after":" "},{"index":18,"word":"me","originalText":"me","characterOffsetBegin":91,"characterOffsetEnd":93,"pos":"PRP","before":" ","after":" "},{"index":19,"word":"in","originalText":"in","characterOffsetBegin":94,"characterOffsetEnd":96,"pos":"IN","before":" ","after":" "},{"index":20,"word":"the","originalText":"the","characterOffsetBegin":97,"characterOffsetEnd":100,"pos":"DT","before":" ","after":" "},{"index":21,"word":"right","originalText":"right","characterOffsetBegin":101,"characterOffsetEnd":106,"pos":"JJ","before":" ","after":" "},{"index":22,"word":"direction","originalText":"direction","characterOffsetBegin":107,"characterOffsetEnd":116,"pos":"NN","before":" ","after":" "},{"index":23,"word":"for","originalText":"for","characterOffsetBegin":117,"characterOffsetEnd":120,"pos":"IN","before":" ","after":" "},{"index":24,"word":"theFAQ","originalText":"theFAQ","characterOffsetBegin":121,"characterOffsetEnd":127,"pos":"NN","before":" ","after":" "},{"index":25,"word":"list","originalText":"list","characterOffsetBegin":128,"characterOffsetEnd":132,"pos":"NN","before":" ","after":" "},{"index":26,"word":"for","originalText":"for","characterOffsetBegin":133,"characterOffsetEnd":136,"pos":"IN","before":" ","after":" "},{"index":27,"word":"this","originalText":"this","characterOffsetBegin":137,"characterOffsetEnd":141,"pos":"DT","before":" ","after":" "},{"index":28,"word":"group.Thanks","originalText":"group.Thanks","characterOffsetBegin":142,"characterOffsetEnd":154,"pos":"NNS","before":" ","after":""},{"index":29,"word":".","originalText":".","characterOffsetBegin":154,"characterOffsetEnd":155,"pos":".","before":"","after":""}]},{"index":1,"tokens":[{"index":1,"word":"--------------------","originalText":"--------------------","characterOffsetBegin":155,"characterOffsetEnd":175,"pos":"CD","before":"","after":""},{"index":2,"word":"Saad","originalText":"Saad","characterOffsetBegin":175,"characterOffsetEnd":179,"pos":"NNP","before":"","after":" "},{"index":3,"word":"MuftiPersonal","originalText":"MuftiPersonal","characterOffsetBegin":180,"characterOffsetEnd":193,"pos":"NNP","before":" ","after":" "},{"index":4,"word":"Library","originalText":"Library","characterOffsetBegin":194,"characterOffsetEnd":201,"pos":"NNP","before":" ","after":" "},{"index":5,"word":"Softwaree-mail","originalText":"Softwaree-mail","characterOffsetBegin":202,"characterOffsetEnd":216,"pos":"NN","before":" ","after":" "},{"index":6,"word":":","originalText":":","characterOffsetBegin":217,"characterOffsetEnd":218,"pos":":","before":" ","after":" "},{"index":7,"word":"mufti@pls.com","originalText":"mufti@pls.com","characterOffsetBegin":219,"characterOffsetEnd":232,"pos":"NN","before":" ","after":""}]}]}