{"sentences":[{"index":0,"tokens":[{"index":1,"word":"From","originalText":"From","characterOffsetBegin":0,"characterOffsetEnd":4,"pos":"IN","before":"","after":""},{"index":2,"word":":","originalText":":","characterOffsetBegin":4,"characterOffsetEnd":5,"pos":":","before":"","after":" "},{"index":3,"word":"jmg@dxcoms.cern.ch","originalText":"jmg@dxcoms.cern.ch","characterOffsetBegin":6,"characterOffsetEnd":24,"pos":"NN","before":" ","after":" "},{"index":4,"word":"-LRB-","originalText":"(","characterOffsetBegin":25,"characterOffsetEnd":26,"pos":"-LRB-","before":" ","after":""},{"index":5,"word":"J.M.","originalText":"J.M.","characterOffsetBegin":26,"characterOffsetEnd":30,"pos":"NNP","before":"","after":" "},{"index":6,"word":"Gerard","originalText":"Gerard","characterOffsetBegin":31,"characterOffsetEnd":37,"pos":"NNP","before":" ","after":""},{"index":7,"word":"-RRB-","originalText":")","characterOffsetBegin":37,"characterOffsetEnd":38,"pos":"-RRB-","before":"","after":""},{"index":8,"word":"Subject","originalText":"Subject","characterOffsetBegin":38,"characterOffsetEnd":45,"pos":"NNP","before":"","after":""},{"index":9,"word":":","originalText":":","characterOffsetBegin":45,"characterOffsetEnd":46,"pos":":","before":"","after":" "},{"index":10,"word":"Re","originalText":"Re","characterOffsetBegin":47,"characterOffsetEnd":49,"pos":"NNP","before":" ","after":""},{"index":11,"word":":","originalText":":","characterOffsetBegin":49,"characterOffsetEnd":50,"pos":":","before":"","after":" "},{"index":12,"word":"Xterm","originalText":"Xterm","characterOffsetBegin":51,"characterOffsetEnd":56,"pos":"NNP","before":" ","after":" "},{"index":13,"word":"w.","originalText":"w.","characterOffsetBegin":57,"characterOffsetEnd":59,"pos":"NNP","before":" ","after":" "},{"index":14,"word":"ansi","originalText":"ansi","characterOffsetBegin":60,"characterOffsetEnd":64,"pos":"NN","before":" ","after":" "},{"index":15,"word":"color/mouse","originalText":"color/mouse","characterOffsetBegin":65,"characterOffsetEnd":76,"pos":"NN","before":" ","after":" "},{"index":16,"word":"supportbrown@ftms.UUCP","originalText":"supportbrown@ftms.UUCP","characterOffsetBegin":77,"characterOffsetEnd":99,"pos":"NN","before":" ","after":" "},{"index":17,"word":"-LRB-","originalText":"(","characterOffsetBegin":100,"characterOffsetEnd":101,"pos":"-LRB-","before":" ","after":""},{"index":18,"word":"Vidiot","originalText":"Vidiot","characterOffsetBegin":101,"characterOffsetEnd":107,"pos":"NN","before":"","after":""},{"index":19,"word":"-RRB-","originalText":")","characterOffsetBegin":107,"characterOffsetEnd":108,"pos":"-RRB-","before":"","after":" "},{"index":20,"word":"writes","originalText":"writes","characterOffsetBegin":109,"characterOffsetEnd":115,"pos":"VBZ","before":" ","after":""},{"index":21,"word":":","originalText":":","characterOffsetBegin":115,"characterOffsetEnd":116,"pos":":","before":"","after":""},{"index":22,"word":">","originalText":">","characterOffsetBegin":116,"characterOffsetEnd":117,"pos":"JJR","before":"","after":""},{"index":23,"word":"In","originalText":"In","characterOffsetBegin":117,"characterOffsetEnd":119,"pos":"IN","before":"","after":" "},{"index":24,"word":"article","originalText":"article","characterOffsetBegin":120,"characterOffsetEnd":127,"pos":"NN","before":" ","after":" "},{"index":25,"word":"<1993Apr4.183419.584@vms.huji.ac.il>","originalText":"<1993Apr4.183419.584@vms.huji.ac.il>","characterOffsetBegin":128,"characterOffsetEnd":164,"pos":"NN","before":" ","after":" "},{"index":26,"word":"klony@vms.huji.ac.il","originalText":"klony@vms.huji.ac.il","characterOffsetBegin":165,"characterOffsetEnd":185,"pos":"NN","before":" ","after":" "},{"index":27,"word":"writes","originalText":"writes","characterOffsetBegin":186,"characterOffsetEnd":192,"pos":"VBZ","before":" ","after":""},{"index":28,"word":":","originalText":":","characterOffsetBegin":192,"characterOffsetEnd":193,"pos":":","before":"","after":""},{"index":29,"word":">","originalText":">","characterOffsetBegin":193,"characterOffsetEnd":194,"pos":"JJR","before":"","after":""},{"index":30,"word":"<","originalText":"<","characterOffsetBegin":194,"characterOffsetEnd":195,"pos":"JJR","before":"","after":""},{"index":31,"word":"I","originalText":"I","characterOffsetBegin":195,"characterOffsetEnd":196,"pos":"PRP","before":"","after":""},{"index":32,"word":"'ve","originalText":"'ve","characterOffsetBegin":196,"characterOffsetEnd":199,"pos":"VBP","before":"","after":" "},{"index":33,"word":"had","originalText":"had","characterOffsetBegin":200,"characterOffsetEnd":203,"pos":"VBD","before":" ","after":" "},{"index":34,"word":"several","originalText":"several","characterOffsetBegin":204,"characterOffsetEnd":211,"pos":"JJ","before":" ","after":" "},{"index":35,"word":"requests","originalText":"requests","characterOffsetBegin":212,"characterOffsetEnd":220,"pos":"NNS","before":" ","after":" "},{"index":36,"word":"to","originalText":"to","characterOffsetBegin":221,"characterOffsetEnd":223,"pos":"TO","before":" ","after":" "},{"index":37,"word":"post","originalText":"post","characterOffsetBegin":224,"characterOffsetEnd":228,"pos":"VB","before":" ","after":" "},{"index":38,"word":"any","originalText":"any","characterOffsetBegin":229,"characterOffsetEnd":232,"pos":"DT","before":" ","after":" "},{"index":39,"word":"information","originalText":"information","characterOffsetBegin":233,"characterOffsetEnd":244,"pos":"NN","before":" ","after":" "},{"index":40,"word":"I","originalText":"I","characterOffsetBegin":245,"characterOffsetEnd":246,"pos":"PRP","before":" ","after":""},{"index":41,"word":"'ve","originalText":"'ve","characterOffsetBegin":246,"characterOffsetEnd":249,"pos":"VBP","before":"","after":" "},{"index":42,"word":"gathered","originalText":"gathered","characterOffsetBegin":250,"characterOffsetEnd":258,"pos":"VBN","before":" ","after":" "},{"index":43,"word":"regarding","originalText":"regarding","characterOffsetBegin":259,"characterOffsetEnd":268,"pos":"VBG","before":" ","after":" "},{"index":44,"word":"my","originalText":"my","characterOffsetBegin":269,"characterOffsetEnd":271,"pos":"PRP$","before":" ","after":""},{"index":45,"word":">","originalText":">","characterOffsetBegin":271,"characterOffsetEnd":272,"pos":"JJR","before":"","after":""},{"index":46,"word":"<","originalText":"<","characterOffsetBegin":272,"characterOffsetEnd":273,"pos":"JJR","before":"","after":""},{"index":47,"word":"search","originalText":"search","characterOffsetBegin":273,"characterOffsetEnd":279,"pos":"NN","before":"","after":" "},{"index":48,"word":"for","originalText":"for","characterOffsetBegin":280,"characterOffsetEnd":283,"pos":"IN","before":" ","after":" "},{"index":49,"word":"ansi","originalText":"ansi","characterOffsetBegin":284,"characterOffsetEnd":288,"pos":"NN","before":" ","after":" "},{"index":50,"word":"mouse/color","originalText":"mouse/color","characterOffsetBegin":289,"characterOffsetEnd":300,"pos":"NN","before":" ","after":" "},{"index":51,"word":"xterm","originalText":"xterm","characterOffsetBegin":301,"characterOffsetEnd":306,"pos":"NN","before":" ","after":" "},{"index":52,"word":"source","originalText":"source","characterOffsetBegin":307,"characterOffsetEnd":313,"pos":"NN","before":" ","after":""},{"index":53,"word":".","originalText":".","characterOffsetBegin":313,"characterOffsetEnd":314,"pos":".","before":"","after":""},{"index":54,"word":">","originalText":">","characterOffsetBegin":314,"characterOffsetEnd":315,"pos":"JJR","before":"","after":""}]},{"index":1,"tokens":[{"index":1,"word":"<","originalText":"<","characterOffsetBegin":315,"characterOffsetEnd":316,"pos":"JJR","before":"","after":""},{"index":2,"word":">","originalText":">","characterOffsetBegin":316,"characterOffsetEnd":317,"pos":"JJR","before":"","after":""},{"index":3,"word":"<My only response was from Larry W. Virden who writes:>","originalText":"<My only response was from Larry W. Virden who writes:>","characterOffsetBegin":317,"characterOffsetEnd":372,"pos":"NN","before":"","after":""},{"index":4,"word":"<","originalText":"<","characterOffsetBegin":372,"characterOffsetEnd":373,"pos":"JJR","before":"","after":""},{"index":5,"word":">","originalText":">","characterOffsetBegin":373,"characterOffsetEnd":374,"pos":"JJR","before":"","after":""},{"index":6,"word":"<","originalText":"<","characterOffsetBegin":374,"characterOffsetEnd":375,"pos":"JJR","before":"","after":""},{"index":7,"word":">","originalText":">","characterOffsetBegin":375,"characterOffsetEnd":376,"pos":"JJR","before":"","after":" "},{"index":8,"word":"the","originalText":"the","characterOffsetBegin":377,"characterOffsetEnd":380,"pos":"DT","before":" ","after":" "},{"index":9,"word":"mit","originalText":"mit","characterOffsetBegin":381,"characterOffsetEnd":384,"pos":"NN","before":" ","after":" "},{"index":10,"word":"x11","originalText":"x11","characterOffsetBegin":385,"characterOffsetEnd":388,"pos":"NN","before":" ","after":" "},{"index":11,"word":"r4","originalText":"r4","characterOffsetBegin":389,"characterOffsetEnd":391,"pos":"NN","before":" ","after":" "},{"index":12,"word":"and","originalText":"and","characterOffsetBegin":392,"characterOffsetEnd":395,"pos":"CC","before":" ","after":" "},{"index":13,"word":"r5","originalText":"r5","characterOffsetBegin":396,"characterOffsetEnd":398,"pos":"NN","before":" ","after":" "},{"index":14,"word":"both","originalText":"both","characterOffsetBegin":399,"characterOffsetEnd":403,"pos":"CC","before":" ","after":" "},{"index":15,"word":"provide","originalText":"provide","characterOffsetBegin":404,"characterOffsetEnd":411,"pos":"VBP","before":" ","after":" "},{"index":16,"word":"mouse","originalText":"mouse","characterOffsetBegin":412,"characterOffsetEnd":417,"pos":"NN","before":" ","after":" "},{"index":17,"word":"escape","originalText":"escape","characterOffsetBegin":418,"characterOffsetEnd":424,"pos":"NN","before":" ","after":" "},{"index":18,"word":"sequences","originalText":"sequences","characterOffsetBegin":425,"characterOffsetEnd":434,"pos":"NNS","before":" ","after":" "},{"index":19,"word":"now","originalText":"now","characterOffsetBegin":435,"characterOffsetEnd":438,"pos":"RB","before":" ","after":""},{"index":20,"word":".","originalText":".","characterOffsetBegin":438,"characterOffsetEnd":439,"pos":".","before":"","after":"  "}]},{"index":2,"tokens":[{"index":1,"word":"There","originalText":"There","characterOffsetBegin":441,"characterOffsetEnd":446,"pos":"EX","before":"  ","after":""},{"index":2,"word":">","originalText":">","characterOffsetBegin":446,"characterOffsetEnd":447,"pos":"JJR","before":"","after":""},{"index":3,"word":"<","originalText":"<","characterOffsetBegin":447,"characterOffsetEnd":448,"pos":"JJR","before":"","after":""},{"index":4,"word":">","originalText":">","characterOffsetBegin":448,"characterOffsetEnd":449,"pos":"JJR","before":"","after":" "},{"index":5,"word":"are","originalText":"are","characterOffsetBegin":450,"characterOffsetEnd":453,"pos":"VBP","before":" ","after":" "},{"index":6,"word":"several","originalText":"several","characterOffsetBegin":454,"characterOffsetEnd":461,"pos":"JJ","before":" ","after":" "},{"index":7,"word":"color","originalText":"color","characterOffsetBegin":462,"characterOffsetEnd":467,"pos":"NN","before":" ","after":" "},{"index":8,"word":"xterm","originalText":"xterm","characterOffsetBegin":468,"characterOffsetEnd":473,"pos":"NN","before":" ","after":" "},{"index":9,"word":"enhancements","originalText":"enhancements","characterOffsetBegin":474,"characterOffsetEnd":486,"pos":"NNS","before":" ","after":" "},{"index":10,"word":"on","originalText":"on","characterOffsetBegin":487,"characterOffsetEnd":489,"pos":"IN","before":" ","after":" "},{"index":11,"word":"export.lcs.mit.edu","originalText":"export.lcs.mit.edu","characterOffsetBegin":490,"characterOffsetEnd":508,"pos":"NN","before":" ","after":""},{"index":12,"word":":","originalText":":","characterOffsetBegin":508,"characterOffsetEnd":509,"pos":":","before":"","after":""},{"index":13,"word":"/","originalText":"/","characterOffsetBegin":509,"characterOffsetEnd":510,"pos":":","before":"","after":""},{"index":14,"word":"contrib","originalText":"contrib","characterOffsetBegin":510,"characterOffsetEnd":517,"pos":"NN","before":"","after":" "},{"index":15,"word":".","originalText":".","characterOffsetBegin":518,"characterOffsetEnd":519,"pos":".","before":" ","after":""},{"index":16,"word":">","originalText":">","characterOffsetBegin":519,"characterOffsetEnd":520,"pos":"JJR","before":"","after":""}]},{"index":3,"tokens":[{"index":1,"word":"<","originalText":"<","characterOffsetBegin":520,"characterOffsetEnd":521,"pos":"JJR","before":"","after":""},{"index":2,"word":">","originalText":">","characterOffsetBegin":521,"characterOffsetEnd":522,"pos":"JJR","before":"","after":""},{"index":3,"word":"<Indeed I found color_xterm.tar.Z in that directory along with lots of other>","originalText":"<Indeed I found color_xterm.tar.Z in that directory along with lots of other>","characterOffsetBegin":522,"characterOffsetEnd":599,"pos":"NN","before":"","after":""},{"index":4,"word":"<FUN stuff for X. Thanks Larry.>","originalText":"<FUN stuff for X. Thanks Larry.>","characterOffsetBegin":599,"characterOffsetEnd":631,"pos":"NN","before":"","after":""},{"index":5,"word":"I","originalText":"I","characterOffsetBegin":631,"characterOffsetEnd":632,"pos":"NN","before":"","after":" "},{"index":6,"word":"also","originalText":"also","characterOffsetBegin":633,"characterOffsetEnd":637,"pos":"RB","before":" ","after":" "},{"index":7,"word":"found","originalText":"found","characterOffsetBegin":638,"characterOffsetEnd":643,"pos":"VBD","before":" ","after":" "},{"index":8,"word":"it","originalText":"it","characterOffsetBegin":644,"characterOffsetEnd":646,"pos":"PRP","before":" ","after":" "},{"index":9,"word":"on","originalText":"on","characterOffsetBegin":647,"characterOffsetEnd":649,"pos":"IN","before":" ","after":" "},{"index":10,"word":"uunet","originalText":"uunet","characterOffsetBegin":650,"characterOffsetEnd":655,"pos":"NN","before":" ","after":" "},{"index":11,"word":"in","originalText":"in","characterOffsetBegin":656,"characterOffsetEnd":658,"pos":"IN","before":" ","after":" "},{"index":12,"word":"/","originalText":"/","characterOffsetBegin":659,"characterOffsetEnd":660,"pos":":","before":" ","after":""},{"index":13,"word":"pub/window-sys/X","originalText":"pub/window-sys/X","characterOffsetBegin":660,"characterOffsetEnd":676,"pos":"NN","before":"","after":""},{"index":14,"word":"/","originalText":"/","characterOffsetBegin":676,"characterOffsetEnd":677,"pos":":","before":"","after":""},{"index":15,"word":"contrib","originalText":"contrib","characterOffsetBegin":677,"characterOffsetEnd":684,"pos":"NN","before":"","after":""},{"index":16,"word":",","originalText":",","characterOffsetBegin":684,"characterOffsetEnd":685,"pos":",","before":"","after":" "},{"index":17,"word":"for","originalText":"for","characterOffsetBegin":686,"characterOffsetEnd":689,"pos":"IN","before":" ","after":" "},{"index":18,"word":"those","originalText":"those","characterOffsetBegin":690,"characterOffsetEnd":695,"pos":"DT","before":" ","after":" "},{"index":19,"word":"that","originalText":"that","characterOffsetBegin":696,"characterOffsetEnd":700,"pos":"WDT","before":" ","after":" "},{"index":20,"word":"can","originalText":"can","characterOffsetBegin":701,"characterOffsetEnd":704,"pos":"MD","before":" ","after":""},{"index":21,"word":">","originalText":">","characterOffsetBegin":704,"characterOffsetEnd":705,"pos":"JJR","before":"","after":""},{"index":22,"word":"only","originalText":"only","characterOffsetBegin":705,"characterOffsetEnd":709,"pos":"RB","before":"","after":" "},{"index":23,"word":"do","originalText":"do","characterOffsetBegin":710,"characterOffsetEnd":712,"pos":"VBP","before":" ","after":" "},{"index":24,"word":"anonuucp","originalText":"anonuucp","characterOffsetBegin":713,"characterOffsetEnd":721,"pos":"NN","before":" ","after":" "},{"index":25,"word":"-LRB-","originalText":"(","characterOffsetBegin":722,"characterOffsetEnd":723,"pos":"-LRB-","before":" ","after":""},{"index":26,"word":"like","originalText":"like","characterOffsetBegin":723,"characterOffsetEnd":727,"pos":"IN","before":"","after":" "},{"index":27,"word":"me","originalText":"me","characterOffsetBegin":728,"characterOffsetEnd":730,"pos":"PRP","before":" ","after":""},{"index":28,"word":"-RRB-","originalText":")","characterOffsetBegin":730,"characterOffsetEnd":731,"pos":"-RRB-","before":"","after":""},{"index":29,"word":".","originalText":".","characterOffsetBegin":731,"characterOffsetEnd":732,"pos":".","before":"","after":"  "}]},{"index":4,"tokens":[{"index":1,"word":"But","originalText":"But","characterOffsetBegin":734,"characterOffsetEnd":737,"pos":"CC","before":"  ","after":" "},{"index":2,"word":"I","originalText":"I","characterOffsetBegin":738,"characterOffsetEnd":739,"pos":"PRP","before":" ","after":" "},{"index":3,"word":"noticed","originalText":"noticed","characterOffsetBegin":740,"characterOffsetEnd":747,"pos":"VBD","before":" ","after":" "},{"index":4,"word":"that","originalText":"that","characterOffsetBegin":748,"characterOffsetEnd":752,"pos":"IN","before":" ","after":" "},{"index":5,"word":"the","originalText":"the","characterOffsetBegin":753,"characterOffsetEnd":756,"pos":"DT","before":" ","after":" "},{"index":6,"word":"thing","originalText":"thing","characterOffsetBegin":757,"characterOffsetEnd":762,"pos":"NN","before":" ","after":" "},{"index":7,"word":"is","originalText":"is","characterOffsetBegin":763,"characterOffsetEnd":765,"pos":"VBZ","before":" ","after":" "},{"index":8,"word":"dated","originalText":"dated","characterOffsetBegin":766,"characterOffsetEnd":771,"pos":"VBN","before":" ","after":" "},{"index":9,"word":"9/12/90","originalText":"9/12/90","characterOffsetBegin":772,"characterOffsetEnd":779,"pos":"CD","before":" ","after":""},{"index":10,"word":",","originalText":",","characterOffsetBegin":779,"characterOffsetEnd":780,"pos":",","before":"","after":""},{"index":11,"word":">","originalText":">","characterOffsetBegin":780,"characterOffsetEnd":781,"pos":"JJR","before":"","after":""},{"index":12,"word":"making","originalText":"making","characterOffsetBegin":781,"characterOffsetEnd":787,"pos":"VBG","before":"","after":" "},{"index":13,"word":"it","originalText":"it","characterOffsetBegin":788,"characterOffsetEnd":790,"pos":"PRP","before":" ","after":" "},{"index":14,"word":"over","originalText":"over","characterOffsetBegin":791,"characterOffsetEnd":795,"pos":"IN","before":" ","after":" "},{"index":15,"word":"two","originalText":"two","characterOffsetBegin":796,"characterOffsetEnd":799,"pos":"CD","before":" ","after":" "},{"index":16,"word":"years","originalText":"years","characterOffsetBegin":800,"characterOffsetEnd":805,"pos":"NNS","before":" ","after":" "},{"index":17,"word":"old","originalText":"old","characterOffsetBegin":806,"characterOffsetEnd":809,"pos":"JJ","before":" ","after":""},{"index":18,"word":".","originalText":".","characterOffsetBegin":809,"characterOffsetEnd":810,"pos":".","before":"","after":"  "}]},{"index":5,"tokens":[{"index":1,"word":"Is","originalText":"Is","characterOffsetBegin":812,"characterOffsetEnd":814,"pos":"VBZ","before":"  ","after":" "},{"index":2,"word":"this","originalText":"this","characterOffsetBegin":815,"characterOffsetEnd":819,"pos":"DT","before":" ","after":" "},{"index":3,"word":"really","originalText":"really","characterOffsetBegin":820,"characterOffsetEnd":826,"pos":"RB","before":" ","after":" "},{"index":4,"word":"the","originalText":"the","characterOffsetBegin":827,"characterOffsetEnd":830,"pos":"DT","before":" ","after":" "},{"index":5,"word":"latest","originalText":"latest","characterOffsetBegin":831,"characterOffsetEnd":837,"pos":"JJS","before":" ","after":" "},{"index":6,"word":"version?Are","originalText":"version?Are","characterOffsetBegin":838,"characterOffsetEnd":849,"pos":"NN","before":" ","after":" "},{"index":7,"word":"we","originalText":"we","characterOffsetBegin":850,"characterOffsetEnd":852,"pos":"PRP","before":" ","after":" "},{"index":8,"word":"talking","originalText":"talking","characterOffsetBegin":853,"characterOffsetEnd":860,"pos":"VBG","before":" ","after":" "},{"index":9,"word":"about","originalText":"about","characterOffsetBegin":861,"characterOffsetEnd":866,"pos":"IN","before":" ","after":" "},{"index":10,"word":"an","originalText":"an","characterOffsetBegin":867,"characterOffsetEnd":869,"pos":"DT","before":" ","after":" "},{"index":11,"word":"xterm","originalText":"xterm","characterOffsetBegin":870,"characterOffsetEnd":875,"pos":"NN","before":" ","after":" "},{"index":12,"word":"which","originalText":"which","characterOffsetBegin":876,"characterOffsetEnd":881,"pos":"WDT","before":" ","after":" "},{"index":13,"word":"would","originalText":"would","characterOffsetBegin":882,"characterOffsetEnd":887,"pos":"MD","before":" ","after":" "},{"index":14,"word":"accept","originalText":"accept","characterOffsetBegin":888,"characterOffsetEnd":894,"pos":"VB","before":" ","after":" "},{"index":15,"word":"the","originalText":"the","characterOffsetBegin":895,"characterOffsetEnd":898,"pos":"DT","before":" ","after":" "},{"index":16,"word":"same","originalText":"same","characterOffsetBegin":899,"characterOffsetEnd":903,"pos":"JJ","before":" ","after":" "},{"index":17,"word":"escape","originalText":"escape","characterOffsetBegin":904,"characterOffsetEnd":910,"pos":"NN","before":" ","after":" "},{"index":18,"word":"sequencesas","originalText":"sequencesas","characterOffsetBegin":911,"characterOffsetEnd":922,"pos":"NN","before":" ","after":" "},{"index":19,"word":"that","originalText":"that","characterOffsetBegin":923,"characterOffsetEnd":927,"pos":"WDT","before":" ","after":" "},{"index":20,"word":"for","originalText":"for","characterOffsetBegin":928,"characterOffsetEnd":931,"pos":"IN","before":" ","after":" "},{"index":21,"word":"VT340","originalText":"VT340","characterOffsetBegin":932,"characterOffsetEnd":937,"pos":"NN","before":" ","after":" "},{"index":22,"word":"-LRB-","originalText":"(","characterOffsetBegin":938,"characterOffsetEnd":939,"pos":"-LRB-","before":" ","after":""},{"index":23,"word":"or","originalText":"or","characterOffsetBegin":939,"characterOffsetEnd":941,"pos":"CC","before":"","after":" "},{"index":24,"word":"colour","originalText":"colour","characterOffsetBegin":942,"characterOffsetEnd":948,"pos":"NN","before":" ","after":" "},{"index":25,"word":"decterm/dxterm","originalText":"decterm/dxterm","characterOffsetBegin":949,"characterOffsetEnd":963,"pos":"NN","before":" ","after":""},{"index":26,"word":"-RRB-","originalText":")","characterOffsetBegin":963,"characterOffsetEnd":964,"pos":"-RRB-","before":"","after":""},{"index":27,"word":"?","originalText":"?","characterOffsetBegin":964,"characterOffsetEnd":965,"pos":".","before":"","after":" "}]},{"index":6,"tokens":[{"index":1,"word":"I","originalText":"I","characterOffsetBegin":966,"characterOffsetEnd":967,"pos":"PRP","before":" ","after":" "},{"index":2,"word":"thought","originalText":"thought","characterOffsetBegin":968,"characterOffsetEnd":975,"pos":"VBD","before":" ","after":" "},{"index":3,"word":"that","originalText":"that","characterOffsetBegin":976,"characterOffsetEnd":980,"pos":"DT","before":" ","after":" "},{"index":4,"word":"was","originalText":"was","characterOffsetBegin":981,"characterOffsetEnd":984,"pos":"VBD","before":" ","after":" "},{"index":5,"word":"calledcolxterm","originalText":"calledcolxterm","characterOffsetBegin":985,"characterOffsetEnd":999,"pos":"NN","before":" ","after":" "},{"index":6,"word":"-LRB-","originalText":"(","characterOffsetBegin":1000,"characterOffsetEnd":1001,"pos":"-LRB-","before":" ","after":""},{"index":7,"word":"and","originalText":"and","characterOffsetBegin":1001,"characterOffsetEnd":1004,"pos":"CC","before":"","after":" "},{"index":8,"word":"my","originalText":"my","characterOffsetBegin":1005,"characterOffsetEnd":1007,"pos":"PRP$","before":" ","after":" "},{"index":9,"word":"testing","originalText":"testing","characterOffsetBegin":1008,"characterOffsetEnd":1015,"pos":"NN","before":" ","after":" "},{"index":10,"word":"of","originalText":"of","characterOffsetBegin":1016,"characterOffsetEnd":1018,"pos":"IN","before":" ","after":" "},{"index":11,"word":"it","originalText":"it","characterOffsetBegin":1019,"characterOffsetEnd":1021,"pos":"PRP","before":" ","after":" "},{"index":12,"word":"shows","originalText":"shows","characterOffsetBegin":1022,"characterOffsetEnd":1027,"pos":"VBZ","before":" ","after":" "},{"index":13,"word":"some","originalText":"some","characterOffsetBegin":1028,"characterOffsetEnd":1032,"pos":"DT","before":" ","after":" "},{"index":14,"word":"oddities","originalText":"oddities","characterOffsetBegin":1033,"characterOffsetEnd":1041,"pos":"NNS","before":" ","after":" "},{"index":15,"word":"that","originalText":"that","characterOffsetBegin":1042,"characterOffsetEnd":1046,"pos":"WDT","before":" ","after":" "},{"index":16,"word":"might","originalText":"might","characterOffsetBegin":1047,"characterOffsetEnd":1052,"pos":"MD","before":" ","after":" "},{"index":17,"word":"be","originalText":"be","characterOffsetBegin":1053,"characterOffsetEnd":1055,"pos":"VB","before":" ","after":" "},{"index":18,"word":"bugs","originalText":"bugs","characterOffsetBegin":1056,"characterOffsetEnd":1060,"pos":"NNS","before":" ","after":" "},{"index":19,"word":"ormight","originalText":"ormight","characterOffsetBegin":1061,"characterOffsetEnd":1068,"pos":"NN","before":" ","after":" "},{"index":20,"word":"be","originalText":"be","characterOffsetBegin":1069,"characterOffsetEnd":1071,"pos":"VB","before":" ","after":" "},{"index":21,"word":"my","originalText":"my","characterOffsetBegin":1072,"characterOffsetEnd":1074,"pos":"PRP$","before":" ","after":" "},{"index":22,"word":"program","originalText":"program","characterOffsetBegin":1075,"characterOffsetEnd":1082,"pos":"NN","before":" ","after":" "},{"index":23,"word":"going","originalText":"going","characterOffsetBegin":1083,"characterOffsetEnd":1088,"pos":"VBG","before":" ","after":" "},{"index":24,"word":"wrong","originalText":"wrong","characterOffsetBegin":1089,"characterOffsetEnd":1094,"pos":"JJ","before":" ","after":""},{"index":25,"word":"-RRB-","originalText":")","characterOffsetBegin":1094,"characterOffsetEnd":1095,"pos":"-RRB-","before":"","after":""},{"index":26,"word":".","originalText":".","characterOffsetBegin":1095,"characterOffsetEnd":1096,"pos":".","before":"","after":""}]},{"index":7,"tokens":[{"index":1,"word":"I","originalText":"I","characterOffsetBegin":1096,"characterOffsetEnd":1097,"pos":"PRP","before":"","after":""},{"index":2,"word":"'m","originalText":"'m","characterOffsetBegin":1097,"characterOffsetEnd":1099,"pos":"VBP","before":"","after":" "},{"index":3,"word":"also","originalText":"also","characterOffsetBegin":1100,"characterOffsetEnd":1104,"pos":"RB","before":" ","after":" "},{"index":4,"word":"unsure","originalText":"unsure","characterOffsetBegin":1105,"characterOffsetEnd":1111,"pos":"JJ","before":" ","after":" "},{"index":5,"word":"of","originalText":"of","characterOffsetBegin":1112,"characterOffsetEnd":1114,"pos":"IN","before":" ","after":" "},{"index":6,"word":"what","originalText":"what","characterOffsetBegin":1115,"characterOffsetEnd":1119,"pos":"WP","before":" ","after":" "},{"index":7,"word":"is","originalText":"is","characterOffsetBegin":1120,"characterOffsetEnd":1122,"pos":"VBZ","before":" ","after":" "},{"index":8,"word":"meant","originalText":"meant","characterOffsetBegin":1123,"characterOffsetEnd":1128,"pos":"VBN","before":" ","after":" "},{"index":9,"word":"by","originalText":"by","characterOffsetBegin":1129,"characterOffsetEnd":1131,"pos":"IN","before":" ","after":" "},{"index":10,"word":"``","originalText":"\"","characterOffsetBegin":1132,"characterOffsetEnd":1133,"pos":"``","before":" ","after":""},{"index":11,"word":"ansi","originalText":"ansi","characterOffsetBegin":1133,"characterOffsetEnd":1137,"pos":"JJ","before":"","after":" "},{"index":12,"word":"mouse","originalText":"mouse","characterOffsetBegin":1138,"characterOffsetEnd":1143,"pos":"NN","before":" ","after":" "},{"index":13,"word":"xterm","originalText":"xterm","characterOffsetBegin":1144,"characterOffsetEnd":1149,"pos":"NN","before":" ","after":""},{"index":14,"word":"''","originalText":"\"","characterOffsetBegin":1149,"characterOffsetEnd":1150,"pos":"''","before":"","after":""},{"index":15,"word":"!","originalText":"!","characterOffsetBegin":1150,"characterOffsetEnd":1151,"pos":".","before":"","after":""}]}]}