{"sentences":[{"index":0,"tokens":[{"index":1,"word":"From","originalText":"From","characterOffsetBegin":0,"characterOffsetEnd":4,"pos":"IN","before":"","after":""},{"index":2,"word":":","originalText":":","characterOffsetBegin":4,"characterOffsetEnd":5,"pos":":","before":"","after":" "},{"index":3,"word":"barr@pop.psu.edu","originalText":"barr@pop.psu.edu","characterOffsetBegin":6,"characterOffsetEnd":22,"pos":"NN","before":" ","after":" "},{"index":4,"word":"-LRB-","originalText":"(","characterOffsetBegin":23,"characterOffsetEnd":24,"pos":"-LRB-","before":" ","after":""},{"index":5,"word":"David","originalText":"David","characterOffsetBegin":24,"characterOffsetEnd":29,"pos":"NNP","before":"","after":" "},{"index":6,"word":"Barr","originalText":"Barr","characterOffsetBegin":30,"characterOffsetEnd":34,"pos":"NNP","before":" ","after":""},{"index":7,"word":"-RRB-","originalText":")","characterOffsetBegin":34,"characterOffsetEnd":35,"pos":"-RRB-","before":"","after":""},{"index":8,"word":"Subject","originalText":"Subject","characterOffsetBegin":35,"characterOffsetEnd":42,"pos":"NNP","before":"","after":""},{"index":9,"word":":","originalText":":","characterOffsetBegin":42,"characterOffsetEnd":43,"pos":":","before":"","after":" "},{"index":10,"word":"Re","originalText":"Re","characterOffsetBegin":44,"characterOffsetEnd":46,"pos":"NNP","before":" ","after":""},{"index":11,"word":":","originalText":":","characterOffsetBegin":46,"characterOffsetEnd":47,"pos":":","before":"","after":" "},{"index":12,"word":"tvtwm","originalText":"tvtwm","characterOffsetBegin":48,"characterOffsetEnd":53,"pos":"NN","before":" ","after":" "},{"index":13,"word":"&","originalText":"&","characterOffsetBegin":54,"characterOffsetEnd":55,"pos":"CC","before":" ","after":" "},{"index":14,"word":"xsetroot","originalText":"xsetroot","characterOffsetBegin":56,"characterOffsetEnd":64,"pos":"NN","before":" ","after":""},{"index":15,"word":",","originalText":",","characterOffsetBegin":64,"characterOffsetEnd":65,"pos":",","before":"","after":" "},{"index":16,"word":"X11R5","originalText":"X11R5","characterOffsetBegin":66,"characterOffsetEnd":71,"pos":"NN","before":" ","after":" "},{"index":17,"word":"and","originalText":"and","characterOffsetBegin":72,"characterOffsetEnd":75,"pos":"CC","before":" ","after":" "},{"index":18,"word":"Sparc","originalText":"Sparc","characterOffsetBegin":76,"characterOffsetEnd":81,"pos":"NNP","before":" ","after":" "},{"index":19,"word":"10","originalText":"10","characterOffsetBegin":82,"characterOffsetEnd":84,"pos":"CD","before":" ","after":" "},{"index":20,"word":"keyboardIn","originalText":"keyboardIn","characterOffsetBegin":85,"characterOffsetEnd":95,"pos":"NN","before":" ","after":" "},{"index":21,"word":"article","originalText":"article","characterOffsetBegin":96,"characterOffsetEnd":103,"pos":"NN","before":" ","after":" "},{"index":22,"word":"<MAILQUEUE-101.930420145015.384@oak.shu.ac.uk>","originalText":"<MAILQUEUE-101.930420145015.384@oak.shu.ac.uk>","characterOffsetBegin":104,"characterOffsetEnd":150,"pos":"NN","before":" ","after":" "},{"index":23,"word":"D.Haywood@sheffield-hallam.ac.uk","originalText":"D.Haywood@sheffield-hallam.ac.uk","characterOffsetBegin":151,"characterOffsetEnd":183,"pos":"NN","before":" ","after":" "},{"index":24,"word":"writes","originalText":"writes","characterOffsetBegin":184,"characterOffsetEnd":190,"pos":"VBZ","before":" ","after":""},{"index":25,"word":":","originalText":":","characterOffsetBegin":190,"characterOffsetEnd":191,"pos":":","before":"","after":""},{"index":26,"word":">","originalText":">","characterOffsetBegin":191,"characterOffsetEnd":192,"pos":"JJR","before":"","after":""},{"index":27,"word":"Hi","originalText":"Hi","characterOffsetBegin":192,"characterOffsetEnd":194,"pos":"NN","before":"","after":""},{"index":28,"word":",","originalText":",","characterOffsetBegin":194,"characterOffsetEnd":195,"pos":",","before":"","after":""},{"index":29,"word":">","originalText":">","characterOffsetBegin":195,"characterOffsetEnd":196,"pos":"JJR","before":"","after":"  "},{"index":30,"word":"Environment","originalText":"Environment","characterOffsetBegin":198,"characterOffsetEnd":209,"pos":"NN","before":"  ","after":""},{"index":31,"word":":","originalText":":","characterOffsetBegin":209,"characterOffsetEnd":210,"pos":":","before":"","after":" "},{"index":32,"word":"Sun","originalText":"Sun","characterOffsetBegin":211,"characterOffsetEnd":214,"pos":"NNP","before":" ","after":" "},{"index":33,"word":"Sparc","originalText":"Sparc","characterOffsetBegin":215,"characterOffsetEnd":220,"pos":"NNP","before":" ","after":" "},{"index":34,"word":"10","originalText":"10","characterOffsetBegin":221,"characterOffsetEnd":223,"pos":"CD","before":" ","after":""},{"index":35,"word":",","originalText":",","characterOffsetBegin":223,"characterOffsetEnd":224,"pos":",","before":"","after":" "},{"index":36,"word":"SunOs","originalText":"SunOs","characterOffsetBegin":225,"characterOffsetEnd":230,"pos":"NNP","before":" ","after":" "},{"index":37,"word":"4.1.3","originalText":"4.1.3","characterOffsetBegin":231,"characterOffsetEnd":236,"pos":"CD","before":" ","after":""},{"index":38,"word":".","originalText":".","characterOffsetBegin":236,"characterOffsetEnd":237,"pos":".","before":"","after":"  "}]},{"index":1,"tokens":[{"index":1,"word":"X11R5","originalText":"X11R5","characterOffsetBegin":239,"characterOffsetEnd":244,"pos":"NN","before":"  ","after":" "},{"index":2,"word":"path","originalText":"path","characterOffsetBegin":245,"characterOffsetEnd":249,"pos":"NN","before":" ","after":" "},{"index":3,"word":"level","originalText":"level","characterOffsetBegin":250,"characterOffsetEnd":255,"pos":"NN","before":" ","after":" "},{"index":4,"word":"23","originalText":"23","characterOffsetBegin":256,"characterOffsetEnd":258,"pos":"CD","before":" ","after":""},{"index":5,"word":".","originalText":".","characterOffsetBegin":258,"characterOffsetEnd":259,"pos":".","before":"","after":"  "}]},{"index":2,"tokens":[{"index":1,"word":"My","originalText":"My","characterOffsetBegin":261,"characterOffsetEnd":263,"pos":"PRP$","before":"  ","after":" "},{"index":2,"word":"X","originalText":"X","characterOffsetBegin":264,"characterOffsetEnd":265,"pos":"NN","before":" ","after":" "},{"index":3,"word":"process","originalText":"process","characterOffsetBegin":266,"characterOffsetEnd":273,"pos":"NN","before":" ","after":""},{"index":4,"word":">","originalText":">","characterOffsetBegin":273,"characterOffsetEnd":274,"pos":"JJR","before":"","after":""},{"index":5,"word":"is","originalText":"is","characterOffsetBegin":274,"characterOffsetEnd":276,"pos":"VBZ","before":"","after":" "},{"index":6,"word":"started","originalText":"started","characterOffsetBegin":277,"characterOffsetEnd":284,"pos":"VBN","before":" ","after":" "},{"index":7,"word":"by","originalText":"by","characterOffsetBegin":285,"characterOffsetEnd":287,"pos":"IN","before":" ","after":" "},{"index":8,"word":"xdm.Okay","originalText":"xdm.Okay","characterOffsetBegin":288,"characterOffsetEnd":296,"pos":"NN","before":" ","after":""},{"index":9,"word":",","originalText":",","characterOffsetBegin":296,"characterOffsetEnd":297,"pos":",","before":"","after":" "},{"index":10,"word":"that","originalText":"that","characterOffsetBegin":298,"characterOffsetEnd":302,"pos":"DT","before":" ","after":""},{"index":11,"word":"'s","originalText":"'s","characterOffsetBegin":302,"characterOffsetEnd":304,"pos":"VBZ","before":"","after":" "},{"index":12,"word":"good","originalText":"good","characterOffsetBegin":305,"characterOffsetEnd":309,"pos":"JJ","before":" ","after":""},{"index":13,"word":".","originalText":".","characterOffsetBegin":309,"characterOffsetEnd":310,"pos":".","before":"","after":"  "}]},{"index":3,"tokens":[{"index":1,"word":"I","originalText":"I","characterOffsetBegin":312,"characterOffsetEnd":313,"pos":"PRP","before":"  ","after":""},{"index":2,"word":"'m","originalText":"'m","characterOffsetBegin":313,"characterOffsetEnd":315,"pos":"VBP","before":"","after":" "},{"index":3,"word":"typing","originalText":"typing","characterOffsetBegin":316,"characterOffsetEnd":322,"pos":"NN","before":" ","after":" "},{"index":4,"word":"this","originalText":"this","characterOffsetBegin":323,"characterOffsetEnd":327,"pos":"DT","before":" ","after":" "},{"index":5,"word":"from","originalText":"from","characterOffsetBegin":328,"characterOffsetEnd":332,"pos":"IN","before":" ","after":" "},{"index":6,"word":"exactly","originalText":"exactly","characterOffsetBegin":333,"characterOffsetEnd":340,"pos":"RB","before":" ","after":" "},{"index":7,"word":"the","originalText":"the","characterOffsetBegin":341,"characterOffsetEnd":344,"pos":"DT","before":" ","after":" "},{"index":8,"word":"same","originalText":"same","characterOffsetBegin":345,"characterOffsetEnd":349,"pos":"JJ","before":" ","after":" "},{"index":9,"word":"setup","originalText":"setup","characterOffsetBegin":350,"characterOffsetEnd":355,"pos":"NN","before":" ","after":""},{"index":10,"word":".","originalText":".","characterOffsetBegin":355,"characterOffsetEnd":356,"pos":".","before":"","after":""}]},{"index":4,"tokens":[{"index":1,"word":"-LRB-","originalText":"(","characterOffsetBegin":356,"characterOffsetEnd":357,"pos":"-LRB-","before":"","after":""},{"index":2,"word":"US-UNIX","originalText":"US-UNIX","characterOffsetBegin":357,"characterOffsetEnd":364,"pos":"NN","before":"","after":" "},{"index":3,"word":"layout","originalText":"layout","characterOffsetBegin":365,"characterOffsetEnd":371,"pos":"NN","before":" ","after":" "},{"index":4,"word":"keyboard","originalText":"keyboard","characterOffsetBegin":372,"characterOffsetEnd":380,"pos":"NN","before":" ","after":""},{"index":5,"word":"-RRB-","originalText":")","characterOffsetBegin":380,"characterOffsetEnd":381,"pos":"-RRB-","before":"","after":"  "},{"index":6,"word":"I","originalText":"I","characterOffsetBegin":383,"characterOffsetEnd":384,"pos":"PRP","before":"  ","after":" "},{"index":7,"word":"did","originalText":"did","characterOffsetBegin":385,"characterOffsetEnd":388,"pos":"VBD","before":" ","after":" "},{"index":8,"word":"install","originalText":"install","characterOffsetBegin":389,"characterOffsetEnd":396,"pos":"VB","before":" ","after":" "},{"index":9,"word":"the","originalText":"the","characterOffsetBegin":397,"characterOffsetEnd":400,"pos":"DT","before":" ","after":" "},{"index":10,"word":"sunkbd","originalText":"sunkbd","characterOffsetBegin":401,"characterOffsetEnd":407,"pos":"NN","before":" ","after":" "},{"index":11,"word":"patch","originalText":"patch","characterOffsetBegin":408,"characterOffsetEnd":413,"pos":"NN","before":" ","after":""},{"index":12,"word":",","originalText":",","characterOffsetBegin":413,"characterOffsetEnd":414,"pos":",","before":"","after":" "},{"index":13,"word":"though","originalText":"though","characterOffsetBegin":415,"characterOffsetEnd":421,"pos":"RB","before":" ","after":""},{"index":14,"word":".","originalText":".","characterOffsetBegin":421,"characterOffsetEnd":422,"pos":".","before":"","after":""},{"index":15,"word":">","originalText":">","characterOffsetBegin":422,"characterOffsetEnd":423,"pos":"JJR","before":"","after":"  "}]},{"index":5,"tokens":[{"index":1,"word":"i","originalText":"i","characterOffsetBegin":425,"characterOffsetEnd":426,"pos":"LS","before":"  ","after":""},{"index":2,"word":"-RRB-","originalText":")","characterOffsetBegin":426,"characterOffsetEnd":427,"pos":"-RRB-","before":"","after":" "},{"index":3,"word":"I","originalText":"I","characterOffsetBegin":428,"characterOffsetEnd":429,"pos":"PRP","before":" ","after":" "},{"index":4,"word":"want","originalText":"want","characterOffsetBegin":430,"characterOffsetEnd":434,"pos":"VBP","before":" ","after":" "},{"index":5,"word":"to","originalText":"to","characterOffsetBegin":435,"characterOffsetEnd":437,"pos":"TO","before":" ","after":" "},{"index":6,"word":"setup","originalText":"setup","characterOffsetBegin":438,"characterOffsetEnd":443,"pos":"NN","before":" ","after":" "},{"index":7,"word":"the","originalText":"the","characterOffsetBegin":444,"characterOffsetEnd":447,"pos":"DT","before":" ","after":" "},{"index":8,"word":"backgroud","originalText":"backgroud","characterOffsetBegin":448,"characterOffsetEnd":457,"pos":"NN","before":" ","after":" "},{"index":9,"word":"-LRB-","originalText":"(","characterOffsetBegin":458,"characterOffsetEnd":459,"pos":"-LRB-","before":" ","after":""},{"index":10,"word":"root","originalText":"root","characterOffsetBegin":459,"characterOffsetEnd":463,"pos":"NN","before":"","after":" "},{"index":11,"word":"window","originalText":"window","characterOffsetBegin":464,"characterOffsetEnd":470,"pos":"NN","before":" ","after":""},{"index":12,"word":"?","originalText":"?","characterOffsetBegin":470,"characterOffsetEnd":471,"pos":".","before":"","after":""},{"index":13,"word":"-RRB-","originalText":")","characterOffsetBegin":471,"characterOffsetEnd":472,"pos":"-RRB-","before":"","after":" "}]},{"index":6,"tokens":[{"index":1,"word":"of","originalText":"of","characterOffsetBegin":473,"characterOffsetEnd":475,"pos":"IN","before":" ","after":" "},{"index":2,"word":"the","originalText":"the","characterOffsetBegin":476,"characterOffsetEnd":479,"pos":"DT","before":" ","after":" "},{"index":3,"word":"tvtwm","originalText":"tvtwm","characterOffsetBegin":480,"characterOffsetEnd":485,"pos":"NN","before":" ","after":" "},{"index":4,"word":"display","originalText":"display","characterOffsetBegin":486,"characterOffsetEnd":493,"pos":"NN","before":" ","after":" "},{"index":5,"word":"to","originalText":"to","characterOffsetBegin":494,"characterOffsetEnd":496,"pos":"TO","before":" ","after":""},{"index":6,"word":">","originalText":">","characterOffsetBegin":496,"characterOffsetEnd":497,"pos":"JJR","before":"","after":"     "},{"index":7,"word":"display","originalText":"display","characterOffsetBegin":502,"characterOffsetEnd":509,"pos":"VBP","before":"     ","after":" "},{"index":8,"word":"the","originalText":"the","characterOffsetBegin":510,"characterOffsetEnd":513,"pos":"DT","before":" ","after":" "},{"index":9,"word":"escherknot","originalText":"escherknot","characterOffsetBegin":514,"characterOffsetEnd":524,"pos":"NN","before":" ","after":" "},{"index":10,"word":"etc","originalText":"etc","characterOffsetBegin":525,"characterOffsetEnd":528,"pos":"NN","before":" ","after":" "},{"index":11,"word":"-LRB-","originalText":"(","characterOffsetBegin":529,"characterOffsetEnd":530,"pos":"-LRB-","before":" ","after":""},{"index":12,"word":"grey","originalText":"grey","characterOffsetBegin":530,"characterOffsetEnd":534,"pos":"JJ","before":"","after":" "},{"index":13,"word":"is","originalText":"is","characterOffsetBegin":535,"characterOffsetEnd":537,"pos":"VBZ","before":" ","after":" "},{"index":14,"word":"a","originalText":"a","characterOffsetBegin":538,"characterOffsetEnd":539,"pos":"DT","before":" ","after":" "},{"index":15,"word":"very","originalText":"very","characterOffsetBegin":540,"characterOffsetEnd":544,"pos":"RB","before":" ","after":" "},{"index":16,"word":"boring","originalText":"boring","characterOffsetBegin":545,"characterOffsetEnd":551,"pos":"JJ","before":" ","after":" "},{"index":17,"word":"colour","originalText":"colour","characterOffsetBegin":552,"characterOffsetEnd":558,"pos":"NN","before":" ","after":" "},{"index":18,"word":"to","originalText":"to","characterOffsetBegin":559,"characterOffsetEnd":561,"pos":"TO","before":" ","after":" "},{"index":19,"word":"work","originalText":"work","characterOffsetBegin":562,"characterOffsetEnd":566,"pos":"VB","before":" ","after":" "},{"index":20,"word":"on","originalText":"on","characterOffsetBegin":567,"characterOffsetEnd":569,"pos":"IN","before":" ","after":""},{"index":21,"word":"-RRB-","originalText":")","characterOffsetBegin":569,"characterOffsetEnd":570,"pos":"-RRB-","before":"","after":""},{"index":22,"word":"!","originalText":"!","characterOffsetBegin":570,"characterOffsetEnd":571,"pos":".","before":"","after":""}]},{"index":7,"tokens":[{"index":1,"word":"Make","originalText":"Make","characterOffsetBegin":571,"characterOffsetEnd":575,"pos":"VB","before":"","after":" "},{"index":2,"word":"sure","originalText":"sure","characterOffsetBegin":576,"characterOffsetEnd":580,"pos":"JJ","before":" ","after":" "},{"index":3,"word":"you","originalText":"you","characterOffsetBegin":581,"characterOffsetEnd":584,"pos":"PRP","before":" ","after":""},{"index":4,"word":"'re","originalText":"'re","characterOffsetBegin":584,"characterOffsetEnd":587,"pos":"VBP","before":"","after":" "},{"index":5,"word":"using","originalText":"using","characterOffsetBegin":588,"characterOffsetEnd":593,"pos":"VBG","before":" ","after":" "},{"index":6,"word":"``","originalText":"\"","characterOffsetBegin":594,"characterOffsetEnd":595,"pos":"``","before":" ","after":""},{"index":7,"word":"ssetroot","originalText":"ssetroot","characterOffsetBegin":595,"characterOffsetEnd":603,"pos":"NN","before":"","after":""},{"index":8,"word":"''","originalText":"\"","characterOffsetBegin":603,"characterOffsetEnd":604,"pos":"''","before":"","after":""},{"index":9,"word":",","originalText":",","characterOffsetBegin":604,"characterOffsetEnd":605,"pos":",","before":"","after":" "},{"index":10,"word":"which","originalText":"which","characterOffsetBegin":606,"characterOffsetEnd":611,"pos":"WDT","before":" ","after":" "},{"index":11,"word":"comes","originalText":"comes","characterOffsetBegin":612,"characterOffsetEnd":617,"pos":"VBZ","before":" ","after":" "},{"index":12,"word":"with","originalText":"with","characterOffsetBegin":618,"characterOffsetEnd":622,"pos":"IN","before":" ","after":" "},{"index":13,"word":"tvtwm","originalText":"tvtwm","characterOffsetBegin":623,"characterOffsetEnd":628,"pos":"NN","before":" ","after":""},{"index":14,"word":".","originalText":".","characterOffsetBegin":628,"characterOffsetEnd":629,"pos":".","before":"","after":"  "}]},{"index":8,"tokens":[{"index":1,"word":"When","originalText":"When","characterOffsetBegin":631,"characterOffsetEnd":635,"pos":"WRB","before":"  ","after":" "},{"index":2,"word":"tvtwmstarts","originalText":"tvtwmstarts","characterOffsetBegin":636,"characterOffsetEnd":647,"pos":"NNS","before":" ","after":" "},{"index":3,"word":"up","originalText":"up","characterOffsetBegin":648,"characterOffsetEnd":650,"pos":"RB","before":" ","after":""},{"index":4,"word":",","originalText":",","characterOffsetBegin":650,"characterOffsetEnd":651,"pos":",","before":"","after":" "},{"index":5,"word":"it","originalText":"it","characterOffsetBegin":652,"characterOffsetEnd":654,"pos":"PRP","before":" ","after":" "},{"index":6,"word":"nukes","originalText":"nukes","characterOffsetBegin":655,"characterOffsetEnd":660,"pos":"NNS","before":" ","after":" "},{"index":7,"word":"the","originalText":"the","characterOffsetBegin":661,"characterOffsetEnd":664,"pos":"DT","before":" ","after":" "},{"index":8,"word":"existing","originalText":"existing","characterOffsetBegin":665,"characterOffsetEnd":673,"pos":"VBG","before":" ","after":" "},{"index":9,"word":"root","originalText":"root","characterOffsetBegin":674,"characterOffsetEnd":678,"pos":"NN","before":" ","after":" "},{"index":10,"word":"window","originalText":"window","characterOffsetBegin":679,"characterOffsetEnd":685,"pos":"NN","before":" ","after":""},{"index":11,"word":".","originalText":".","characterOffsetBegin":685,"characterOffsetEnd":686,"pos":".","before":"","after":"  "}]},{"index":9,"tokens":[{"index":1,"word":"Use","originalText":"Use","characterOffsetBegin":688,"characterOffsetEnd":691,"pos":"VB","before":"  ","after":" "},{"index":2,"word":"an","originalText":"an","characterOffsetBegin":692,"characterOffsetEnd":694,"pos":"DT","before":" ","after":" "},{"index":3,"word":"``","originalText":"\"","characterOffsetBegin":695,"characterOffsetEnd":696,"pos":"``","before":" ","after":""},{"index":4,"word":"ssetroot","originalText":"ssetroot","characterOffsetBegin":696,"characterOffsetEnd":704,"pos":"NN","before":"","after":""},{"index":5,"word":"''","originalText":"\"","characterOffsetBegin":704,"characterOffsetEnd":705,"pos":"''","before":"","after":" "},{"index":6,"word":"aftertvtwm","originalText":"aftertvtwm","characterOffsetBegin":706,"characterOffsetEnd":716,"pos":"NN","before":" ","after":" "},{"index":7,"word":"starts","originalText":"starts","characterOffsetBegin":717,"characterOffsetEnd":723,"pos":"VBZ","before":" ","after":" "},{"index":8,"word":"up","originalText":"up","characterOffsetBegin":724,"characterOffsetEnd":726,"pos":"RP","before":" ","after":""},{"index":9,"word":".","originalText":".","characterOffsetBegin":726,"characterOffsetEnd":727,"pos":".","before":"","after":"   "}]},{"index":10,"tokens":[{"index":1,"word":"-LRB-","originalText":"(","characterOffsetBegin":730,"characterOffsetEnd":731,"pos":"-LRB-","before":"   ","after":""},{"index":2,"word":"You","originalText":"You","characterOffsetBegin":731,"characterOffsetEnd":734,"pos":"PRP","before":"","after":" "},{"index":3,"word":"could","originalText":"could","characterOffsetBegin":735,"characterOffsetEnd":740,"pos":"MD","before":" ","after":" "},{"index":4,"word":"spawn","originalText":"spawn","characterOffsetBegin":741,"characterOffsetEnd":746,"pos":"VB","before":" ","after":" "},{"index":5,"word":"off","originalText":"off","characterOffsetBegin":747,"characterOffsetEnd":750,"pos":"RP","before":" ","after":" "},{"index":6,"word":"a","originalText":"a","characterOffsetBegin":751,"characterOffsetEnd":752,"pos":"DT","before":" ","after":" "},{"index":7,"word":"''","originalText":"\"","characterOffsetBegin":753,"characterOffsetEnd":754,"pos":"''","before":" ","after":""},{"index":8,"word":"-LRB-","originalText":"(","characterOffsetBegin":754,"characterOffsetEnd":755,"pos":"-LRB-","before":"","after":""},{"index":9,"word":"sleep","originalText":"sleep","characterOffsetBegin":755,"characterOffsetEnd":760,"pos":"NN","before":"","after":" "},{"index":10,"word":"10","originalText":"10","characterOffsetBegin":761,"characterOffsetEnd":763,"pos":"CD","before":" ","after":""},{"index":11,"word":";","originalText":";","characterOffsetBegin":763,"characterOffsetEnd":764,"pos":":","before":"","after":" "},{"index":12,"word":"ssetroot","originalText":"ssetroot","characterOffsetBegin":765,"characterOffsetEnd":773,"pos":"NN","before":" ","after":" "},{"index":13,"word":"...","originalText":"...","characterOffsetBegin":774,"characterOffsetEnd":777,"pos":":","before":" ","after":""},{"index":14,"word":"-RRB-","originalText":")","characterOffsetBegin":777,"characterOffsetEnd":778,"pos":"-RRB-","before":"","after":""},{"index":15,"word":"&","originalText":"&","characterOffsetBegin":778,"characterOffsetEnd":779,"pos":"CC","before":"","after":""},{"index":16,"word":"''","originalText":"\"","characterOffsetBegin":779,"characterOffsetEnd":780,"pos":"''","before":"","after":""},{"index":17,"word":"-RRB-","originalText":")","characterOffsetBegin":780,"characterOffsetEnd":781,"pos":"-RRB-","before":"","after":""},{"index":18,"word":"You","originalText":"You","characterOffsetBegin":781,"characterOffsetEnd":784,"pos":"PRP","before":"","after":" "},{"index":19,"word":"can","originalText":"can","characterOffsetBegin":785,"characterOffsetEnd":788,"pos":"MD","before":" ","after":" "},{"index":20,"word":"also","originalText":"also","characterOffsetBegin":789,"characterOffsetEnd":793,"pos":"RB","before":" ","after":" "},{"index":21,"word":"use","originalText":"use","characterOffsetBegin":794,"characterOffsetEnd":797,"pos":"VB","before":" ","after":" "},{"index":22,"word":"``","originalText":"\"","characterOffsetBegin":798,"characterOffsetEnd":799,"pos":"``","before":" ","after":""},{"index":23,"word":"VirtualDesktopBackgroundPixmap","originalText":"VirtualDesktopBackgroundPixmap","characterOffsetBegin":799,"characterOffsetEnd":829,"pos":"NNP","before":"","after":" "},{"index":24,"word":"filename","originalText":"filename","characterOffsetBegin":830,"characterOffsetEnd":838,"pos":"NN","before":" ","after":""},{"index":25,"word":"''","originalText":"\"","characterOffsetBegin":838,"characterOffsetEnd":839,"pos":"''","before":"","after":" "},{"index":26,"word":"or","originalText":"or","characterOffsetBegin":840,"characterOffsetEnd":842,"pos":"CC","before":" ","after":" "},{"index":27,"word":"justVirtualDesktopBackground","originalText":"justVirtualDesktopBackground","characterOffsetBegin":843,"characterOffsetEnd":871,"pos":"NNP","before":" ","after":" "},{"index":28,"word":"if","originalText":"if","characterOffsetBegin":872,"characterOffsetEnd":874,"pos":"IN","before":" ","after":" "},{"index":29,"word":"you","originalText":"you","characterOffsetBegin":875,"characterOffsetEnd":878,"pos":"PRP","before":" ","after":" "},{"index":30,"word":"just","originalText":"just","characterOffsetBegin":879,"characterOffsetEnd":883,"pos":"RB","before":" ","after":" "},{"index":31,"word":"want","originalText":"want","characterOffsetBegin":884,"characterOffsetEnd":888,"pos":"VBP","before":" ","after":" "},{"index":32,"word":"another","originalText":"another","characterOffsetBegin":889,"characterOffsetEnd":896,"pos":"DT","before":" ","after":" "},{"index":33,"word":"color","originalText":"color","characterOffsetBegin":897,"characterOffsetEnd":902,"pos":"NN","before":" ","after":" "},{"index":34,"word":"besides","originalText":"besides","characterOffsetBegin":903,"characterOffsetEnd":910,"pos":"IN","before":" ","after":" "},{"index":35,"word":"grey","originalText":"grey","characterOffsetBegin":911,"characterOffsetEnd":915,"pos":"JJ","before":" ","after":""},{"index":36,"word":".","originalText":".","characterOffsetBegin":915,"characterOffsetEnd":916,"pos":".","before":"","after":""},{"index":37,"word":">","originalText":">","characterOffsetBegin":916,"characterOffsetEnd":917,"pos":"JJR","before":"","after":" "}]},{"index":11,"tokens":[{"index":1,"word":"ii","originalText":"ii","characterOffsetBegin":918,"characterOffsetEnd":920,"pos":"LS","before":" ","after":""},{"index":2,"word":"-RRB-","originalText":")","characterOffsetBegin":920,"characterOffsetEnd":921,"pos":"-RRB-","before":"","after":" "},{"index":3,"word":"When","originalText":"When","characterOffsetBegin":922,"characterOffsetEnd":926,"pos":"WRB","before":" ","after":" "},{"index":4,"word":"I","originalText":"I","characterOffsetBegin":927,"characterOffsetEnd":928,"pos":"PRP","before":" ","after":" "},{"index":5,"word":"open","originalText":"open","characterOffsetBegin":929,"characterOffsetEnd":933,"pos":"VBP","before":" ","after":" "},{"index":6,"word":"an","originalText":"an","characterOffsetBegin":934,"characterOffsetEnd":936,"pos":"DT","before":" ","after":" "},{"index":7,"word":"Xterm","originalText":"Xterm","characterOffsetBegin":937,"characterOffsetEnd":942,"pos":"NN","before":" ","after":" "},{"index":8,"word":"on","originalText":"on","characterOffsetBegin":943,"characterOffsetEnd":945,"pos":"IN","before":" ","after":" "},{"index":9,"word":"the","originalText":"the","characterOffsetBegin":946,"characterOffsetEnd":949,"pos":"DT","before":" ","after":" "},{"index":10,"word":"Sparc","originalText":"Sparc","characterOffsetBegin":950,"characterOffsetEnd":955,"pos":"NNP","before":" ","after":" "},{"index":11,"word":"10","originalText":"10","characterOffsetBegin":956,"characterOffsetEnd":958,"pos":"CD","before":" ","after":""},{"index":12,"word":",","originalText":",","characterOffsetBegin":958,"characterOffsetEnd":959,"pos":",","before":"","after":" "},{"index":13,"word":"not","originalText":"not","characterOffsetBegin":960,"characterOffsetEnd":963,"pos":"RB","before":" ","after":" "},{"index":14,"word":"all","originalText":"all","characterOffsetBegin":964,"characterOffsetEnd":967,"pos":"DT","before":" ","after":" "},{"index":15,"word":"of","originalText":"of","characterOffsetBegin":968,"characterOffsetEnd":970,"pos":"IN","before":" ","after":" "},{"index":16,"word":"the","originalText":"the","characterOffsetBegin":971,"characterOffsetEnd":974,"pos":"DT","before":" ","after":" "},{"index":17,"word":"keys","originalText":"keys","characterOffsetBegin":975,"characterOffsetEnd":979,"pos":"NNS","before":" ","after":" "},{"index":18,"word":"are","originalText":"are","characterOffsetBegin":980,"characterOffsetEnd":983,"pos":"VBP","before":" ","after":" "},{"index":19,"word":"recognised","originalText":"recognised","characterOffsetBegin":984,"characterOffsetEnd":994,"pos":"VBN","before":" ","after":""},{"index":20,"word":">","originalText":">","characterOffsetBegin":994,"characterOffsetEnd":995,"pos":"JJR","before":"","after":"     "},{"index":21,"word":"and","originalText":"and","characterOffsetBegin":1000,"characterOffsetEnd":1003,"pos":"CC","before":"     ","after":" "},{"index":22,"word":"some","originalText":"some","characterOffsetBegin":1004,"characterOffsetEnd":1008,"pos":"DT","before":" ","after":" "},{"index":23,"word":"keys","originalText":"keys","characterOffsetBegin":1009,"characterOffsetEnd":1013,"pos":"NNS","before":" ","after":" "},{"index":24,"word":"on","originalText":"on","characterOffsetBegin":1014,"characterOffsetEnd":1016,"pos":"IN","before":" ","after":" "},{"index":25,"word":"the","originalText":"the","characterOffsetBegin":1017,"characterOffsetEnd":1020,"pos":"DT","before":" ","after":" "},{"index":26,"word":"keyboard","originalText":"keyboard","characterOffsetBegin":1021,"characterOffsetEnd":1029,"pos":"NN","before":" ","after":" "},{"index":27,"word":"are","originalText":"are","characterOffsetBegin":1030,"characterOffsetEnd":1033,"pos":"VBP","before":" ","after":" "},{"index":28,"word":"not","originalText":"not","characterOffsetBegin":1034,"characterOffsetEnd":1037,"pos":"RB","before":" ","after":" "},{"index":29,"word":"sending","originalText":"sending","characterOffsetBegin":1038,"characterOffsetEnd":1045,"pos":"VBG","before":" ","after":" "},{"index":30,"word":"the","originalText":"the","characterOffsetBegin":1046,"characterOffsetEnd":1049,"pos":"DT","before":" ","after":" "},{"index":31,"word":"correct","originalText":"correct","characterOffsetBegin":1050,"characterOffsetEnd":1057,"pos":"JJ","before":" ","after":" "},{"index":32,"word":"characters.Did","originalText":"characters.Did","characterOffsetBegin":1058,"characterOffsetEnd":1072,"pos":"NN","before":" ","after":" "},{"index":33,"word":"you","originalText":"you","characterOffsetBegin":1073,"characterOffsetEnd":1076,"pos":"PRP","before":" ","after":" "},{"index":34,"word":"install","originalText":"install","characterOffsetBegin":1077,"characterOffsetEnd":1084,"pos":"VBP","before":" ","after":" "},{"index":35,"word":"the","originalText":"the","characterOffsetBegin":1085,"characterOffsetEnd":1088,"pos":"DT","before":" ","after":" "},{"index":36,"word":"sunkbd","originalText":"sunkbd","characterOffsetBegin":1089,"characterOffsetEnd":1095,"pos":"NN","before":" ","after":" "},{"index":37,"word":"patch","originalText":"patch","characterOffsetBegin":1096,"characterOffsetEnd":1101,"pos":"NN","before":" ","after":""},{"index":38,"word":"?","originalText":"?","characterOffsetBegin":1101,"characterOffsetEnd":1102,"pos":".","before":"","after":"  "}]},{"index":12,"tokens":[{"index":1,"word":"It","originalText":"It","characterOffsetBegin":1104,"characterOffsetEnd":1106,"pos":"PRP","before":"  ","after":""},{"index":2,"word":"'s","originalText":"'s","characterOffsetBegin":1106,"characterOffsetEnd":1108,"pos":"VBZ","before":"","after":" "},{"index":3,"word":"in","originalText":"in","characterOffsetBegin":1109,"characterOffsetEnd":1111,"pos":"IN","before":" ","after":" "},{"index":4,"word":"the","originalText":"the","characterOffsetBegin":1112,"characterOffsetEnd":1115,"pos":"DT","before":" ","after":" "},{"index":5,"word":"contrib","originalText":"contrib","characterOffsetBegin":1116,"characterOffsetEnd":1123,"pos":"NN","before":" ","after":" "},{"index":6,"word":"directory","originalText":"directory","characterOffsetBegin":1124,"characterOffsetEnd":1133,"pos":"NN","before":" ","after":" "},{"index":7,"word":"on","originalText":"on","characterOffsetBegin":1134,"characterOffsetEnd":1136,"pos":"IN","before":" ","after":" "},{"index":8,"word":"export.All","originalText":"export.All","characterOffsetBegin":1137,"characterOffsetEnd":1147,"pos":"NN","before":" ","after":" "},{"index":9,"word":"the","originalText":"the","characterOffsetBegin":1148,"characterOffsetEnd":1151,"pos":"DT","before":" ","after":" "},{"index":10,"word":"keys","originalText":"keys","characterOffsetBegin":1152,"characterOffsetEnd":1156,"pos":"NNS","before":" ","after":" "},{"index":11,"word":"on","originalText":"on","characterOffsetBegin":1157,"characterOffsetEnd":1159,"pos":"IN","before":" ","after":" "},{"index":12,"word":"my","originalText":"my","characterOffsetBegin":1160,"characterOffsetEnd":1162,"pos":"PRP$","before":" ","after":" "},{"index":13,"word":"keyboard","originalText":"keyboard","characterOffsetBegin":1163,"characterOffsetEnd":1171,"pos":"NN","before":" ","after":" "},{"index":14,"word":"send","originalText":"send","characterOffsetBegin":1172,"characterOffsetEnd":1176,"pos":"VB","before":" ","after":" "},{"index":15,"word":"events","originalText":"events","characterOffsetBegin":1177,"characterOffsetEnd":1183,"pos":"NNS","before":" ","after":" "},{"index":16,"word":"properly","originalText":"properly","characterOffsetBegin":1184,"characterOffsetEnd":1192,"pos":"RB","before":" ","after":""},{"index":17,"word":",","originalText":",","characterOffsetBegin":1192,"characterOffsetEnd":1193,"pos":",","before":"","after":" "},{"index":18,"word":"except","originalText":"except","characterOffsetBegin":1194,"characterOffsetEnd":1200,"pos":"IN","before":" ","after":" "},{"index":19,"word":"the","originalText":"the","characterOffsetBegin":1201,"characterOffsetEnd":1204,"pos":"DT","before":" ","after":" "},{"index":20,"word":"following","originalText":"following","characterOffsetBegin":1205,"characterOffsetEnd":1214,"pos":"NN","before":" ","after":""},{"index":21,"word":":","originalText":":","characterOffsetBegin":1214,"characterOffsetEnd":1215,"pos":":","before":"","after":""},{"index":22,"word":"The","originalText":"The","characterOffsetBegin":1215,"characterOffsetEnd":1218,"pos":"DT","before":"","after":" "},{"index":23,"word":"End","originalText":"End","characterOffsetBegin":1219,"characterOffsetEnd":1222,"pos":"NN","before":" ","after":""},{"index":24,"word":",","originalText":",","characterOffsetBegin":1222,"characterOffsetEnd":1223,"pos":",","before":"","after":" "},{"index":25,"word":"PageUp","originalText":"PageUp","characterOffsetBegin":1224,"characterOffsetEnd":1230,"pos":"NN","before":" ","after":""},{"index":26,"word":",","originalText":",","characterOffsetBegin":1230,"characterOffsetEnd":1231,"pos":",","before":"","after":" "},{"index":27,"word":"PageDown","originalText":"PageDown","characterOffsetBegin":1232,"characterOffsetEnd":1240,"pos":"NN","before":" ","after":" "},{"index":28,"word":"on","originalText":"on","characterOffsetBegin":1241,"characterOffsetEnd":1243,"pos":"IN","before":" ","after":" "},{"index":29,"word":"the","originalText":"the","characterOffsetBegin":1244,"characterOffsetEnd":1247,"pos":"DT","before":" ","after":" "},{"index":30,"word":"6-key","originalText":"6-key","characterOffsetBegin":1248,"characterOffsetEnd":1253,"pos":"JJ","before":" ","after":" "},{"index":31,"word":"cluster","originalText":"cluster","characterOffsetBegin":1254,"characterOffsetEnd":1261,"pos":"NN","before":" ","after":" "},{"index":32,"word":"are","originalText":"are","characterOffsetBegin":1262,"characterOffsetEnd":1265,"pos":"VBP","before":" ","after":""},{"index":33,"word":"n't","originalText":"n't","characterOffsetBegin":1265,"characterOffsetEnd":1268,"pos":"RB","before":"","after":" "},{"index":34,"word":"recognized.Even","originalText":"recognized.Even","characterOffsetBegin":1269,"characterOffsetEnd":1284,"pos":"VB","before":" ","after":" "},{"index":35,"word":"the","originalText":"the","characterOffsetBegin":1285,"characterOffsetEnd":1288,"pos":"DT","before":" ","after":" "},{"index":36,"word":"compose","originalText":"compose","characterOffsetBegin":1289,"characterOffsetEnd":1296,"pos":"VB","before":" ","after":" "},{"index":37,"word":"key","originalText":"key","characterOffsetBegin":1297,"characterOffsetEnd":1300,"pos":"JJ","before":" ","after":" "},{"index":38,"word":"works","originalText":"works","characterOffsetBegin":1301,"characterOffsetEnd":1306,"pos":"NNS","before":" ","after":""},{"index":39,"word":".","originalText":".","characterOffsetBegin":1306,"characterOffsetEnd":1307,"pos":".","before":"","after":"  "}]},{"index":13,"tokens":[{"index":1,"word":"-LRB-","originalText":"(","characterOffsetBegin":1309,"characterOffsetEnd":1310,"pos":"-LRB-","before":"  ","after":""},{"index":2,"word":"Though","originalText":"Though","characterOffsetBegin":1310,"characterOffsetEnd":1316,"pos":"IN","before":"","after":" "},{"index":3,"word":"I","originalText":"I","characterOffsetBegin":1317,"characterOffsetEnd":1318,"pos":"PRP","before":" ","after":" "},{"index":4,"word":"ca","originalText":"ca","characterOffsetBegin":1319,"characterOffsetEnd":1321,"pos":"MD","before":" ","after":""},{"index":5,"word":"n't","originalText":"n't","characterOffsetBegin":1321,"characterOffsetEnd":1324,"pos":"RB","before":"","after":" "},{"index":6,"word":"seem","originalText":"seem","characterOffsetBegin":1325,"characterOffsetEnd":1329,"pos":"VB","before":" ","after":" "},{"index":7,"word":"to","originalText":"to","characterOffsetBegin":1330,"characterOffsetEnd":1332,"pos":"TO","before":" ","after":" "},{"index":8,"word":"get","originalText":"get","characterOffsetBegin":1333,"characterOffsetEnd":1336,"pos":"VB","before":" ","after":" "},{"index":9,"word":"the","originalText":"the","characterOffsetBegin":1337,"characterOffsetEnd":1340,"pos":"DT","before":" ","after":" "},{"index":10,"word":"composedcharacters","originalText":"composedcharacters","characterOffsetBegin":1341,"characterOffsetEnd":1359,"pos":"NNS","before":" ","after":" "},{"index":11,"word":"in","originalText":"in","characterOffsetBegin":1360,"characterOffsetEnd":1362,"pos":"IN","before":" ","after":" "},{"index":12,"word":"an","originalText":"an","characterOffsetBegin":1363,"characterOffsetEnd":1365,"pos":"DT","before":" ","after":" "},{"index":13,"word":"xterm","originalText":"xterm","characterOffsetBegin":1366,"characterOffsetEnd":1371,"pos":"NN","before":" ","after":" "},{"index":14,"word":"to","originalText":"to","characterOffsetBegin":1372,"characterOffsetEnd":1374,"pos":"TO","before":" ","after":" "},{"index":15,"word":"get","originalText":"get","characterOffsetBegin":1375,"characterOffsetEnd":1378,"pos":"VB","before":" ","after":" "},{"index":16,"word":"passed","originalText":"passed","characterOffsetBegin":1379,"characterOffsetEnd":1385,"pos":"VBN","before":" ","after":""},{"index":17,"word":".","originalText":".","characterOffsetBegin":1385,"characterOffsetEnd":1386,"pos":".","before":"","after":""},{"index":18,"word":"-RRB-","originalText":")","characterOffsetBegin":1386,"characterOffsetEnd":1387,"pos":"-RRB-","before":"","after":""}]},{"index":14,"tokens":[{"index":1,"word":"Anyone","originalText":"Anyone","characterOffsetBegin":1387,"characterOffsetEnd":1393,"pos":"NN","before":"","after":" "},{"index":2,"word":"have","originalText":"have","characterOffsetBegin":1394,"characterOffsetEnd":1398,"pos":"VBP","before":" ","after":" "},{"index":3,"word":"a","originalText":"a","characterOffsetBegin":1399,"characterOffsetEnd":1400,"pos":"DT","before":" ","after":" "},{"index":4,"word":"fix","originalText":"fix","characterOffsetBegin":1401,"characterOffsetEnd":1404,"pos":"NN","before":" ","after":" "},{"index":5,"word":"for","originalText":"for","characterOffsetBegin":1405,"characterOffsetEnd":1408,"pos":"IN","before":" ","after":" "},{"index":6,"word":"the","originalText":"the","characterOffsetBegin":1409,"characterOffsetEnd":1412,"pos":"DT","before":" ","after":" "},{"index":7,"word":"last","originalText":"last","characterOffsetBegin":1413,"characterOffsetEnd":1417,"pos":"JJ","before":" ","after":" "},{"index":8,"word":"two","originalText":"two","characterOffsetBegin":1418,"characterOffsetEnd":1421,"pos":"CD","before":" ","after":""},{"index":9,"word":"?","originalText":"?","characterOffsetBegin":1421,"characterOffsetEnd":1422,"pos":".","before":"","after":""}]},{"index":15,"tokens":[{"index":1,"word":"--","originalText":"--","characterOffsetBegin":1422,"characterOffsetEnd":1424,"pos":":","before":"","after":""},{"index":2,"word":"Dave","originalText":"Dave","characterOffsetBegin":1424,"characterOffsetEnd":1428,"pos":"NNP","before":"","after":""},{"index":3,"word":"--","originalText":"--","characterOffsetBegin":1428,"characterOffsetEnd":1430,"pos":":","before":"","after":" "},{"index":4,"word":"System","originalText":"System","characterOffsetBegin":1431,"characterOffsetEnd":1437,"pos":"NNP","before":" ","after":" "},{"index":5,"word":"Administrator","originalText":"Administrator","characterOffsetBegin":1438,"characterOffsetEnd":1451,"pos":"NNP","before":" ","after":""},{"index":6,"word":",","originalText":",","characterOffsetBegin":1451,"characterOffsetEnd":1452,"pos":",","before":"","after":" "},{"index":7,"word":"Penn","originalText":"Penn","characterOffsetBegin":1453,"characterOffsetEnd":1457,"pos":"NNP","before":" ","after":" "},{"index":8,"word":"State","originalText":"State","characterOffsetBegin":1458,"characterOffsetEnd":1463,"pos":"NNP","before":" ","after":" "},{"index":9,"word":"Population","originalText":"Population","characterOffsetBegin":1464,"characterOffsetEnd":1474,"pos":"NNP","before":" ","after":" "},{"index":10,"word":"Research","originalText":"Research","characterOffsetBegin":1475,"characterOffsetEnd":1483,"pos":"NNP","before":" ","after":" "},{"index":11,"word":"Institute","originalText":"Institute","characterOffsetBegin":1484,"characterOffsetEnd":1493,"pos":"NNP","before":" ","after":""},{"index":12,"word":"*","originalText":"*","characterOffsetBegin":1493,"characterOffsetEnd":1494,"pos":"SYM","before":"","after":" "},{"index":13,"word":"Dog","originalText":"Dog","characterOffsetBegin":1495,"characterOffsetEnd":1498,"pos":"NN","before":" ","after":" "},{"index":14,"word":"Dianetics","originalText":"Dianetics","characterOffsetBegin":1499,"characterOffsetEnd":1508,"pos":"NNS","before":" ","after":" "},{"index":15,"word":"-LRB-","originalText":"(","characterOffsetBegin":1509,"characterOffsetEnd":1510,"pos":"-LRB-","before":" ","after":""},{"index":16,"word":"``","originalText":"\"","characterOffsetBegin":1510,"characterOffsetEnd":1511,"pos":"``","before":"","after":""},{"index":17,"word":"Woof","originalText":"Woof","characterOffsetBegin":1511,"characterOffsetEnd":1515,"pos":"JJ","before":"","after":" "},{"index":18,"word":"woof","originalText":"woof","characterOffsetBegin":1516,"characterOffsetEnd":1520,"pos":"NN","before":" ","after":" "},{"index":19,"word":"woof","originalText":"woof","characterOffsetBegin":1521,"characterOffsetEnd":1525,"pos":"NN","before":" ","after":""},{"index":20,"word":"?","originalText":"?","characterOffsetBegin":1525,"characterOffsetEnd":1526,"pos":".","before":"","after":"  "}]},{"index":16,"tokens":[{"index":1,"word":"Page","originalText":"Page","characterOffsetBegin":1528,"characterOffsetEnd":1532,"pos":"NNP","before":"  ","after":" "},{"index":2,"word":"725","originalText":"725","characterOffsetBegin":1533,"characterOffsetEnd":1536,"pos":"CD","before":" ","after":""},{"index":3,"word":".","originalText":".","characterOffsetBegin":1536,"characterOffsetEnd":1537,"pos":".","before":"","after":""},{"index":4,"word":"''","originalText":"\"","characterOffsetBegin":1537,"characterOffsetEnd":1538,"pos":"''","before":"","after":""},{"index":5,"word":"-RRB-","originalText":")","characterOffsetBegin":1538,"characterOffsetEnd":1539,"pos":"-RRB-","before":"","after":" "}]},{"index":17,"tokens":[{"index":1,"word":"-","originalText":"-","characterOffsetBegin":1540,"characterOffsetEnd":1541,"pos":":","before":" ","after":" "},{"index":2,"word":"Kibo","originalText":"Kibo","characterOffsetBegin":1542,"characterOffsetEnd":1546,"pos":"NNP","before":" ","after":""}]}]}