{"sentences":[{"index":0,"tokens":[{"index":1,"word":"From","originalText":"From","characterOffsetBegin":0,"characterOffsetEnd":4,"pos":"IN","before":"","after":""},{"index":2,"word":":","originalText":":","characterOffsetBegin":4,"characterOffsetEnd":5,"pos":":","before":"","after":" "},{"index":3,"word":"leec@cb-iris.Stanford.EDU","originalText":"leec@cb-iris.Stanford.EDU","characterOffsetBegin":6,"characterOffsetEnd":31,"pos":"NN","before":" ","after":" "},{"index":4,"word":"-LRB-","originalText":"(","characterOffsetBegin":32,"characterOffsetEnd":33,"pos":"-LRB-","before":" ","after":""},{"index":5,"word":"Christopher","originalText":"Christopher","characterOffsetBegin":33,"characterOffsetEnd":44,"pos":"NNP","before":"","after":" "},{"index":6,"word":"Lee","originalText":"Lee","characterOffsetBegin":45,"characterOffsetEnd":48,"pos":"NNP","before":" ","after":""},{"index":7,"word":"-RRB-","originalText":")","characterOffsetBegin":48,"characterOffsetEnd":49,"pos":"-RRB-","before":"","after":""},{"index":8,"word":"Subject","originalText":"Subject","characterOffsetBegin":49,"characterOffsetEnd":56,"pos":"NNP","before":"","after":""},{"index":9,"word":":","originalText":":","characterOffsetBegin":56,"characterOffsetEnd":57,"pos":":","before":"","after":" "},{"index":10,"word":"HELP","originalText":"HELP","characterOffsetBegin":58,"characterOffsetEnd":62,"pos":"NN","before":" ","after":""},{"index":11,"word":"!","originalText":"!","characterOffsetBegin":62,"characterOffsetEnd":63,"pos":".","before":"","after":" "}]},{"index":1,"tokens":[{"index":1,"word":"Setting","originalText":"Setting","characterOffsetBegin":64,"characterOffsetEnd":71,"pos":"VBG","before":" ","after":" "},{"index":2,"word":"Colormaps","originalText":"Colormaps","characterOffsetBegin":72,"characterOffsetEnd":81,"pos":"NNS","before":" ","after":" "},{"index":3,"word":"on","originalText":"on","characterOffsetBegin":82,"characterOffsetEnd":84,"pos":"IN","before":" ","after":" "},{"index":4,"word":"multi-top-level","originalText":"multi-top-level","characterOffsetBegin":85,"characterOffsetEnd":100,"pos":"JJ","before":" ","after":" "},{"index":5,"word":"APPDear","originalText":"APPDear","characterOffsetBegin":101,"characterOffsetEnd":108,"pos":"NN","before":" ","after":" "},{"index":6,"word":"SGI","originalText":"SGI","characterOffsetBegin":109,"characterOffsetEnd":112,"pos":"NN","before":" ","after":" "},{"index":7,"word":"and","originalText":"and","characterOffsetBegin":113,"characterOffsetEnd":116,"pos":"CC","before":" ","after":" "},{"index":8,"word":"netter","originalText":"netter","characterOffsetBegin":117,"characterOffsetEnd":123,"pos":"NN","before":" ","after":" "},{"index":9,"word":"GL-X","originalText":"GL-X","characterOffsetBegin":124,"characterOffsetEnd":128,"pos":"NN","before":" ","after":" "},{"index":10,"word":"Mixed-Model","originalText":"Mixed-Model","characterOffsetBegin":129,"characterOffsetEnd":140,"pos":"NN","before":" ","after":" "},{"index":11,"word":"experts","originalText":"experts","characterOffsetBegin":141,"characterOffsetEnd":148,"pos":"NNS","before":" ","after":""},{"index":12,"word":",","originalText":",","characterOffsetBegin":148,"characterOffsetEnd":149,"pos":",","before":"","after":""},{"index":13,"word":"I","originalText":"I","characterOffsetBegin":149,"characterOffsetEnd":150,"pos":"PRP","before":"","after":" "},{"index":14,"word":"am","originalText":"am","characterOffsetBegin":151,"characterOffsetEnd":153,"pos":"VBP","before":" ","after":" "},{"index":15,"word":"writing","originalText":"writing","characterOffsetBegin":154,"characterOffsetEnd":161,"pos":"VBG","before":" ","after":" "},{"index":16,"word":"a","originalText":"a","characterOffsetBegin":162,"characterOffsetEnd":163,"pos":"DT","before":" ","after":" "},{"index":17,"word":"mixed","originalText":"mixed","characterOffsetBegin":164,"characterOffsetEnd":169,"pos":"JJ","before":" ","after":" "},{"index":18,"word":"model","originalText":"model","characterOffsetBegin":170,"characterOffsetEnd":175,"pos":"NN","before":" ","after":" "},{"index":19,"word":"application","originalText":"application","characterOffsetBegin":176,"characterOffsetEnd":187,"pos":"NN","before":" ","after":" "},{"index":20,"word":"that","originalText":"that","characterOffsetBegin":188,"characterOffsetEnd":192,"pos":"WDT","before":" ","after":" "},{"index":21,"word":"creates","originalText":"creates","characterOffsetBegin":193,"characterOffsetEnd":200,"pos":"VBZ","before":" ","after":" "},{"index":22,"word":"a","originalText":"a","characterOffsetBegin":201,"characterOffsetEnd":202,"pos":"DT","before":" ","after":" "},{"index":23,"word":"couple","originalText":"couple","characterOffsetBegin":203,"characterOffsetEnd":209,"pos":"NN","before":" ","after":" "},{"index":24,"word":"differentcolor","originalText":"differentcolor","characterOffsetBegin":210,"characterOffsetEnd":224,"pos":"NN","before":" ","after":" "},{"index":25,"word":"maps","originalText":"maps","characterOffsetBegin":225,"characterOffsetEnd":229,"pos":"NNS","before":" ","after":" "},{"index":26,"word":"for","originalText":"for","characterOffsetBegin":230,"characterOffsetEnd":233,"pos":"IN","before":" ","after":" "},{"index":27,"word":"different","originalText":"different","characterOffsetBegin":234,"characterOffsetEnd":243,"pos":"JJ","before":" ","after":" "},{"index":28,"word":"windows","originalText":"windows","characterOffsetBegin":244,"characterOffsetEnd":251,"pos":"NNS","before":" ","after":""},{"index":29,"word":",","originalText":",","characterOffsetBegin":251,"characterOffsetEnd":252,"pos":",","before":"","after":" "},{"index":30,"word":"and","originalText":"and","characterOffsetBegin":253,"characterOffsetEnd":256,"pos":"CC","before":" ","after":" "},{"index":31,"word":"I","originalText":"I","characterOffsetBegin":257,"characterOffsetEnd":258,"pos":"PRP","before":" ","after":""},{"index":32,"word":"'ve","originalText":"'ve","characterOffsetBegin":258,"characterOffsetEnd":261,"pos":"VBP","before":"","after":" "},{"index":33,"word":"been","originalText":"been","characterOffsetBegin":262,"characterOffsetEnd":266,"pos":"VBN","before":" ","after":" "},{"index":34,"word":"having","originalText":"having","characterOffsetBegin":267,"characterOffsetEnd":273,"pos":"VBG","before":" ","after":" "},{"index":35,"word":"trouble","originalText":"trouble","characterOffsetBegin":274,"characterOffsetEnd":281,"pos":"NN","before":" ","after":" "},{"index":36,"word":"gettingthe","originalText":"gettingthe","characterOffsetBegin":282,"characterOffsetEnd":292,"pos":"NN","before":" ","after":" "},{"index":37,"word":"window","originalText":"window","characterOffsetBegin":293,"characterOffsetEnd":299,"pos":"NN","before":" ","after":" "},{"index":38,"word":"manager","originalText":"manager","characterOffsetBegin":300,"characterOffsetEnd":307,"pos":"NN","before":" ","after":" "},{"index":39,"word":"to","originalText":"to","characterOffsetBegin":308,"characterOffsetEnd":310,"pos":"TO","before":" ","after":" "},{"index":40,"word":"reliably","originalText":"reliably","characterOffsetBegin":311,"characterOffsetEnd":319,"pos":"RB","before":" ","after":" "},{"index":41,"word":"honor","originalText":"honor","characterOffsetBegin":320,"characterOffsetEnd":325,"pos":"VB","before":" ","after":" "},{"index":42,"word":"my","originalText":"my","characterOffsetBegin":326,"characterOffsetEnd":328,"pos":"PRP$","before":" ","after":" "},{"index":43,"word":"requests","originalText":"requests","characterOffsetBegin":329,"characterOffsetEnd":337,"pos":"NNS","before":" ","after":""},{"index":44,"word":".","originalText":".","characterOffsetBegin":337,"characterOffsetEnd":338,"pos":".","before":"","after":"  "}]},{"index":2,"tokens":[{"index":1,"word":"In","originalText":"In","characterOffsetBegin":340,"characterOffsetEnd":342,"pos":"IN","before":"  ","after":" "},{"index":2,"word":"some","originalText":"some","characterOffsetBegin":343,"characterOffsetEnd":347,"pos":"DT","before":" ","after":" "},{"index":3,"word":"environments","originalText":"environments","characterOffsetBegin":348,"characterOffsetEnd":360,"pos":"NNS","before":" ","after":""},{"index":4,"word":"-LRB-","originalText":"(","characterOffsetBegin":360,"characterOffsetEnd":361,"pos":"-LRB-","before":"","after":""},{"index":5,"word":"entry","originalText":"entry","characterOffsetBegin":361,"characterOffsetEnd":366,"pos":"NN","before":"","after":" "},{"index":6,"word":"level","originalText":"level","characterOffsetBegin":367,"characterOffsetEnd":372,"pos":"NN","before":" ","after":" "},{"index":7,"word":"R3000","originalText":"R3000","characterOffsetBegin":373,"characterOffsetEnd":378,"pos":"NN","before":" ","after":" "},{"index":8,"word":"Indigo","originalText":"Indigo","characterOffsetBegin":379,"characterOffsetEnd":385,"pos":"NN","before":" ","after":" "},{"index":9,"word":"w","originalText":"w","characterOffsetBegin":386,"characterOffsetEnd":387,"pos":"NN","before":" ","after":""},{"index":10,"word":"/","originalText":"/","characterOffsetBegin":387,"characterOffsetEnd":388,"pos":":","before":"","after":" "},{"index":11,"word":"4.0.5","originalText":"4.0.5","characterOffsetBegin":389,"characterOffsetEnd":394,"pos":"CD","before":" ","after":""},{"index":12,"word":"-RRB-","originalText":")","characterOffsetBegin":394,"characterOffsetEnd":395,"pos":"-RRB-","before":"","after":" "},{"index":13,"word":"all","originalText":"all","characterOffsetBegin":396,"characterOffsetEnd":399,"pos":"DT","before":" ","after":" "},{"index":14,"word":"windows","originalText":"windows","characterOffsetBegin":400,"characterOffsetEnd":407,"pos":"NNS","before":" ","after":" "},{"index":15,"word":"are","originalText":"are","characterOffsetBegin":408,"characterOffsetEnd":411,"pos":"VBP","before":" ","after":" "},{"index":16,"word":"getting","originalText":"getting","characterOffsetBegin":412,"characterOffsetEnd":419,"pos":"VBG","before":" ","after":" "},{"index":17,"word":"properlyconnected","originalText":"properlyconnected","characterOffsetBegin":420,"characterOffsetEnd":437,"pos":"VBN","before":" ","after":" "},{"index":18,"word":"to","originalText":"to","characterOffsetBegin":438,"characterOffsetEnd":440,"pos":"TO","before":" ","after":" "},{"index":19,"word":"their","originalText":"their","characterOffsetBegin":441,"characterOffsetEnd":446,"pos":"PRP$","before":" ","after":" "},{"index":20,"word":"designated","originalText":"designated","characterOffsetBegin":447,"characterOffsetEnd":457,"pos":"VBN","before":" ","after":" "},{"index":21,"word":"color","originalText":"color","characterOffsetBegin":458,"characterOffsetEnd":463,"pos":"NN","before":" ","after":" "},{"index":22,"word":"maps","originalText":"maps","characterOffsetBegin":464,"characterOffsetEnd":468,"pos":"NNS","before":" ","after":""},{"index":23,"word":",","originalText":",","characterOffsetBegin":468,"characterOffsetEnd":469,"pos":",","before":"","after":" "},{"index":24,"word":"but","originalText":"but","characterOffsetBegin":470,"characterOffsetEnd":473,"pos":"CC","before":" ","after":" "},{"index":25,"word":"on","originalText":"on","characterOffsetBegin":474,"characterOffsetEnd":476,"pos":"IN","before":" ","after":" "},{"index":26,"word":"others","originalText":"others","characterOffsetBegin":477,"characterOffsetEnd":483,"pos":"NNS","before":" ","after":" "},{"index":27,"word":"-LRB-","originalText":"(","characterOffsetBegin":484,"characterOffsetEnd":485,"pos":"-LRB-","before":" ","after":""},{"index":28,"word":"an","originalText":"an","characterOffsetBegin":485,"characterOffsetEnd":487,"pos":"DT","before":"","after":" "},{"index":29,"word":"IRIS","originalText":"IRIS","characterOffsetBegin":488,"characterOffsetEnd":492,"pos":"NN","before":" ","after":" "},{"index":30,"word":"4D","originalText":"4D","characterOffsetBegin":493,"characterOffsetEnd":495,"pos":"NN","before":" ","after":" "},{"index":31,"word":"240/GTX","originalText":"240/GTX","characterOffsetBegin":496,"characterOffsetEnd":503,"pos":"NN","before":" ","after":""},{"index":32,"word":";","originalText":";","characterOffsetBegin":503,"characterOffsetEnd":504,"pos":":","before":"","after":""},{"index":33,"word":"also","originalText":"also","characterOffsetBegin":504,"characterOffsetEnd":508,"pos":"RB","before":"","after":" "},{"index":34,"word":"a","originalText":"a","characterOffsetBegin":509,"characterOffsetEnd":510,"pos":"DT","before":" ","after":" "},{"index":35,"word":"different","originalText":"different","characterOffsetBegin":511,"characterOffsetEnd":520,"pos":"JJ","before":" ","after":" "},{"index":36,"word":"entry","originalText":"entry","characterOffsetBegin":521,"characterOffsetEnd":526,"pos":"NN","before":" ","after":" "},{"index":37,"word":"level","originalText":"level","characterOffsetBegin":527,"characterOffsetEnd":532,"pos":"NN","before":" ","after":" "},{"index":38,"word":"Indigo","originalText":"Indigo","characterOffsetBegin":533,"characterOffsetEnd":539,"pos":"NNP","before":" ","after":""},{"index":39,"word":"-RRB-","originalText":")","characterOffsetBegin":539,"characterOffsetEnd":540,"pos":"-RRB-","before":"","after":" "},{"index":40,"word":"the","originalText":"the","characterOffsetBegin":541,"characterOffsetEnd":544,"pos":"DT","before":" ","after":" "},{"index":41,"word":"color","originalText":"color","characterOffsetBegin":545,"characterOffsetEnd":550,"pos":"NN","before":" ","after":" "},{"index":42,"word":"mapping","originalText":"mapping","characterOffsetBegin":551,"characterOffsetEnd":558,"pos":"NN","before":" ","after":" "},{"index":43,"word":"is","originalText":"is","characterOffsetBegin":559,"characterOffsetEnd":561,"pos":"VBZ","before":" ","after":" "},{"index":44,"word":"unreliableand","originalText":"unreliableand","characterOffsetBegin":562,"characterOffsetEnd":575,"pos":"JJ","before":" ","after":" "},{"index":45,"word":"changes","originalText":"changes","characterOffsetBegin":576,"characterOffsetEnd":583,"pos":"NNS","before":" ","after":" "},{"index":46,"word":"behavior","originalText":"behavior","characterOffsetBegin":584,"characterOffsetEnd":592,"pos":"NN","before":" ","after":" "},{"index":47,"word":"when","originalText":"when","characterOffsetBegin":593,"characterOffsetEnd":597,"pos":"WRB","before":" ","after":" "},{"index":48,"word":"I","originalText":"I","characterOffsetBegin":598,"characterOffsetEnd":599,"pos":"PRP","before":" ","after":" "},{"index":49,"word":"compile","originalText":"compile","characterOffsetBegin":600,"characterOffsetEnd":607,"pos":"VBP","before":" ","after":" "},{"index":50,"word":"at","originalText":"at","characterOffsetBegin":608,"characterOffsetEnd":610,"pos":"IN","before":" ","after":" "},{"index":51,"word":"different","originalText":"different","characterOffsetBegin":611,"characterOffsetEnd":620,"pos":"JJ","before":" ","after":" "},{"index":52,"word":"times","originalText":"times","characterOffsetBegin":621,"characterOffsetEnd":626,"pos":"NNS","before":" ","after":""},{"index":53,"word":".","originalText":".","characterOffsetBegin":626,"characterOffsetEnd":627,"pos":".","before":"","after":"  "}]},{"index":3,"tokens":[{"index":1,"word":"The","originalText":"The","characterOffsetBegin":629,"characterOffsetEnd":632,"pos":"DT","before":"  ","after":" "},{"index":2,"word":"most","originalText":"most","characterOffsetBegin":633,"characterOffsetEnd":637,"pos":"RBS","before":" ","after":" "},{"index":3,"word":"commonproblem","originalText":"commonproblem","characterOffsetBegin":638,"characterOffsetEnd":651,"pos":"JJ","before":" ","after":" "},{"index":4,"word":"is","originalText":"is","characterOffsetBegin":652,"characterOffsetEnd":654,"pos":"VBZ","before":" ","after":" "},{"index":5,"word":"that","originalText":"that","characterOffsetBegin":655,"characterOffsetEnd":659,"pos":"IN","before":" ","after":" "},{"index":6,"word":"all","originalText":"all","characterOffsetBegin":660,"characterOffsetEnd":663,"pos":"DT","before":" ","after":" "},{"index":7,"word":"non-top-level","originalText":"non-top-level","characterOffsetBegin":664,"characterOffsetEnd":677,"pos":"JJ","before":" ","after":" "},{"index":8,"word":"windows","originalText":"windows","characterOffsetBegin":678,"characterOffsetEnd":685,"pos":"NNS","before":" ","after":" "},{"index":9,"word":"fail","originalText":"fail","characterOffsetBegin":686,"characterOffsetEnd":690,"pos":"VBP","before":" ","after":" "},{"index":10,"word":"to","originalText":"to","characterOffsetBegin":691,"characterOffsetEnd":693,"pos":"TO","before":" ","after":" "},{"index":11,"word":"be","originalText":"be","characterOffsetBegin":694,"characterOffsetEnd":696,"pos":"VB","before":" ","after":" "},{"index":12,"word":"displayed","originalText":"displayed","characterOffsetBegin":697,"characterOffsetEnd":706,"pos":"VBN","before":" ","after":" "},{"index":13,"word":"accordingto","originalText":"accordingto","characterOffsetBegin":707,"characterOffsetEnd":718,"pos":"NN","before":" ","after":" "},{"index":14,"word":"their","originalText":"their","characterOffsetBegin":719,"characterOffsetEnd":724,"pos":"PRP$","before":" ","after":" "},{"index":15,"word":"colormap","originalText":"colormap","characterOffsetBegin":725,"characterOffsetEnd":733,"pos":"NN","before":" ","after":""},{"index":16,"word":".","originalText":".","characterOffsetBegin":733,"characterOffsetEnd":734,"pos":".","before":"","after":"  "}]},{"index":4,"tokens":[{"index":1,"word":"My","originalText":"My","characterOffsetBegin":736,"characterOffsetEnd":738,"pos":"PRP$","before":"  ","after":" "},{"index":2,"word":"application","originalText":"application","characterOffsetBegin":739,"characterOffsetEnd":750,"pos":"NN","before":" ","after":" "},{"index":3,"word":"starts","originalText":"starts","characterOffsetBegin":751,"characterOffsetEnd":757,"pos":"VBZ","before":" ","after":" "},{"index":4,"word":"out","originalText":"out","characterOffsetBegin":758,"characterOffsetEnd":761,"pos":"RP","before":" ","after":" "},{"index":5,"word":"by","originalText":"by","characterOffsetBegin":762,"characterOffsetEnd":764,"pos":"IN","before":" ","after":" "},{"index":6,"word":"creating","originalText":"creating","characterOffsetBegin":765,"characterOffsetEnd":773,"pos":"VBG","before":" ","after":" "},{"index":7,"word":"three","originalText":"three","characterOffsetBegin":774,"characterOffsetEnd":779,"pos":"CD","before":" ","after":" "},{"index":8,"word":"top-levelwindows","originalText":"top-levelwindows","characterOffsetBegin":780,"characterOffsetEnd":796,"pos":"NNS","before":" ","after":""},{"index":9,"word":";","originalText":";","characterOffsetBegin":796,"characterOffsetEnd":797,"pos":":","before":"","after":" "},{"index":10,"word":"in","originalText":"in","characterOffsetBegin":798,"characterOffsetEnd":800,"pos":"IN","before":" ","after":" "},{"index":11,"word":"some","originalText":"some","characterOffsetBegin":801,"characterOffsetEnd":805,"pos":"DT","before":" ","after":" "},{"index":12,"word":"cases","originalText":"cases","characterOffsetBegin":806,"characterOffsetEnd":811,"pos":"NNS","before":" ","after":" "},{"index":13,"word":"all","originalText":"all","characterOffsetBegin":812,"characterOffsetEnd":815,"pos":"DT","before":" ","after":" "},{"index":14,"word":"but","originalText":"but","characterOffsetBegin":816,"characterOffsetEnd":819,"pos":"CC","before":" ","after":" "},{"index":15,"word":"the","originalText":"the","characterOffsetBegin":820,"characterOffsetEnd":823,"pos":"DT","before":" ","after":" "},{"index":16,"word":"first","originalText":"first","characterOffsetBegin":824,"characterOffsetEnd":829,"pos":"JJ","before":" ","after":" "},{"index":17,"word":"of","originalText":"of","characterOffsetBegin":830,"characterOffsetEnd":832,"pos":"IN","before":" ","after":" "},{"index":18,"word":"these","originalText":"these","characterOffsetBegin":833,"characterOffsetEnd":838,"pos":"DT","before":" ","after":" "},{"index":19,"word":"also","originalText":"also","characterOffsetBegin":839,"characterOffsetEnd":843,"pos":"RB","before":" ","after":" "},{"index":20,"word":"fail","originalText":"fail","characterOffsetBegin":844,"characterOffsetEnd":848,"pos":"VBP","before":" ","after":" "},{"index":21,"word":"to","originalText":"to","characterOffsetBegin":849,"characterOffsetEnd":851,"pos":"TO","before":" ","after":" "},{"index":22,"word":"bedisplayed","originalText":"bedisplayed","characterOffsetBegin":852,"characterOffsetEnd":863,"pos":"VBN","before":" ","after":" "},{"index":23,"word":"by","originalText":"by","characterOffsetBegin":864,"characterOffsetEnd":866,"pos":"IN","before":" ","after":" "},{"index":24,"word":"their","originalText":"their","characterOffsetBegin":867,"characterOffsetEnd":872,"pos":"PRP$","before":" ","after":" "},{"index":25,"word":"colormap","originalText":"colormap","characterOffsetBegin":873,"characterOffsetEnd":881,"pos":"NN","before":" ","after":""},{"index":26,"word":".","originalText":".","characterOffsetBegin":881,"characterOffsetEnd":882,"pos":".","before":"","after":"  "}]},{"index":5,"tokens":[{"index":1,"word":"This","originalText":"This","characterOffsetBegin":884,"characterOffsetEnd":888,"pos":"DT","before":"  ","after":" "},{"index":2,"word":"is","originalText":"is","characterOffsetBegin":889,"characterOffsetEnd":891,"pos":"VBZ","before":" ","after":" "},{"index":3,"word":"spectacularly","originalText":"spectacularly","characterOffsetBegin":892,"characterOffsetEnd":905,"pos":"RB","before":" ","after":" "},{"index":4,"word":"aggravating.I","originalText":"aggravating.I","characterOffsetBegin":906,"characterOffsetEnd":919,"pos":"NN","before":" ","after":" "},{"index":5,"word":"would","originalText":"would","characterOffsetBegin":920,"characterOffsetEnd":925,"pos":"MD","before":" ","after":" "},{"index":6,"word":"dearly","originalText":"dearly","characterOffsetBegin":926,"characterOffsetEnd":932,"pos":"RB","before":" ","after":" "},{"index":7,"word":"appreciate","originalText":"appreciate","characterOffsetBegin":933,"characterOffsetEnd":943,"pos":"VB","before":" ","after":"  "},{"index":8,"word":"1","originalText":"1","characterOffsetBegin":945,"characterOffsetEnd":946,"pos":"CD","before":"  ","after":""},{"index":9,"word":".","originalText":".","characterOffsetBegin":946,"characterOffsetEnd":947,"pos":".","before":"","after":" "}]},{"index":6,"tokens":[{"index":1,"word":"an","originalText":"an","characterOffsetBegin":948,"characterOffsetEnd":950,"pos":"DT","before":" ","after":" "},{"index":2,"word":"explanation","originalText":"explanation","characterOffsetBegin":951,"characterOffsetEnd":962,"pos":"NN","before":" ","after":" "},{"index":3,"word":"of","originalText":"of","characterOffsetBegin":963,"characterOffsetEnd":965,"pos":"IN","before":" ","after":" "},{"index":4,"word":"the","originalText":"the","characterOffsetBegin":966,"characterOffsetEnd":969,"pos":"DT","before":" ","after":" "},{"index":5,"word":"standard","originalText":"standard","characterOffsetBegin":970,"characterOffsetEnd":978,"pos":"NN","before":" ","after":""},{"index":6,"word":",","originalText":",","characterOffsetBegin":978,"characterOffsetEnd":979,"pos":",","before":"","after":" "},{"index":7,"word":"RIGHT","originalText":"RIGHT","characterOffsetBegin":980,"characterOffsetEnd":985,"pos":"NNP","before":" ","after":""},{"index":8,"word":",","originalText":",","characterOffsetBegin":985,"characterOffsetEnd":986,"pos":",","before":"","after":" "},{"index":9,"word":"CORRECT","originalText":"CORRECT","characterOffsetBegin":987,"characterOffsetEnd":994,"pos":"NNP","before":" ","after":" "},{"index":10,"word":"way","originalText":"way","characterOffsetBegin":995,"characterOffsetEnd":998,"pos":"NN","before":" ","after":" "},{"index":11,"word":"to","originalText":"to","characterOffsetBegin":999,"characterOffsetEnd":1001,"pos":"TO","before":" ","after":" "},{"index":12,"word":"give","originalText":"give","characterOffsetBegin":1002,"characterOffsetEnd":1006,"pos":"VB","before":" ","after":" "},{"index":13,"word":"a","originalText":"a","characterOffsetBegin":1007,"characterOffsetEnd":1008,"pos":"DT","before":" ","after":" "},{"index":14,"word":"window","originalText":"window","characterOffsetBegin":1009,"characterOffsetEnd":1015,"pos":"NN","before":" ","after":"  "},{"index":15,"word":"a","originalText":"a","characterOffsetBegin":1017,"characterOffsetEnd":1018,"pos":"DT","before":"  ","after":" "},{"index":16,"word":"colormap","originalText":"colormap","characterOffsetBegin":1019,"characterOffsetEnd":1027,"pos":"NN","before":" ","after":" "},{"index":17,"word":"such","originalText":"such","characterOffsetBegin":1028,"characterOffsetEnd":1032,"pos":"JJ","before":" ","after":" "},{"index":18,"word":"that","originalText":"that","characterOffsetBegin":1033,"characterOffsetEnd":1037,"pos":"IN","before":" ","after":" "},{"index":19,"word":"the","originalText":"the","characterOffsetBegin":1038,"characterOffsetEnd":1041,"pos":"DT","before":" ","after":" "},{"index":20,"word":"Window","originalText":"Window","characterOffsetBegin":1042,"characterOffsetEnd":1048,"pos":"NNP","before":" ","after":" "},{"index":21,"word":"Manager","originalText":"Manager","characterOffsetBegin":1049,"characterOffsetEnd":1056,"pos":"NNP","before":" ","after":" "},{"index":22,"word":"will","originalText":"will","characterOffsetBegin":1057,"characterOffsetEnd":1061,"pos":"MD","before":" ","after":" "},{"index":23,"word":"Honor","originalText":"Honor","characterOffsetBegin":1062,"characterOffsetEnd":1067,"pos":"NN","before":" ","after":" "},{"index":24,"word":"and","originalText":"and","characterOffsetBegin":1068,"characterOffsetEnd":1071,"pos":"CC","before":" ","after":" "},{"index":25,"word":"Obey","originalText":"Obey","characterOffsetBegin":1072,"characterOffsetEnd":1076,"pos":"VB","before":" ","after":" "},{"index":26,"word":"it","originalText":"it","characterOffsetBegin":1077,"characterOffsetEnd":1079,"pos":"PRP","before":" ","after":""},{"index":27,"word":";","originalText":";","characterOffsetBegin":1079,"characterOffsetEnd":1080,"pos":":","before":"","after":"  "},{"index":28,"word":"2","originalText":"2","characterOffsetBegin":1082,"characterOffsetEnd":1083,"pos":"LS","before":"  ","after":""},{"index":29,"word":".","originalText":".","characterOffsetBegin":1083,"characterOffsetEnd":1084,"pos":".","before":"","after":" "}]},{"index":7,"tokens":[{"index":1,"word":"any","originalText":"any","characterOffsetBegin":1085,"characterOffsetEnd":1088,"pos":"DT","before":" ","after":" "},{"index":2,"word":"advice","originalText":"advice","characterOffsetBegin":1089,"characterOffsetEnd":1095,"pos":"NN","before":" ","after":" "},{"index":3,"word":"about","originalText":"about","characterOffsetBegin":1096,"characterOffsetEnd":1101,"pos":"IN","before":" ","after":" "},{"index":4,"word":"problems","originalText":"problems","characterOffsetBegin":1102,"characterOffsetEnd":1110,"pos":"NNS","before":" ","after":" "},{"index":5,"word":"that","originalText":"that","characterOffsetBegin":1111,"characterOffsetEnd":1115,"pos":"WDT","before":" ","after":" "},{"index":6,"word":"could","originalText":"could","characterOffsetBegin":1116,"characterOffsetEnd":1121,"pos":"MD","before":" ","after":" "},{"index":7,"word":"cause","originalText":"cause","characterOffsetBegin":1122,"characterOffsetEnd":1127,"pos":"VB","before":" ","after":" "},{"index":8,"word":"my","originalText":"my","characterOffsetBegin":1128,"characterOffsetEnd":1130,"pos":"PRP$","before":" ","after":" "},{"index":9,"word":"failure","originalText":"failure","characterOffsetBegin":1131,"characterOffsetEnd":1138,"pos":"NN","before":" ","after":" "},{"index":10,"word":"to","originalText":"to","characterOffsetBegin":1139,"characterOffsetEnd":1141,"pos":"TO","before":" ","after":" "},{"index":11,"word":"get","originalText":"get","characterOffsetBegin":1142,"characterOffsetEnd":1145,"pos":"VB","before":" ","after":" "},{"index":12,"word":"my","originalText":"my","characterOffsetBegin":1146,"characterOffsetEnd":1148,"pos":"PRP$","before":" ","after":"  "},{"index":13,"word":"desired","originalText":"desired","characterOffsetBegin":1150,"characterOffsetEnd":1157,"pos":"VBN","before":"  ","after":" "},{"index":14,"word":"colormaps.By","originalText":"colormaps.By","characterOffsetBegin":1158,"characterOffsetEnd":1170,"pos":"NNP","before":" ","after":" "},{"index":15,"word":"now","originalText":"now","characterOffsetBegin":1171,"characterOffsetEnd":1174,"pos":"RB","before":" ","after":" "},{"index":16,"word":"I","originalText":"I","characterOffsetBegin":1175,"characterOffsetEnd":1176,"pos":"PRP","before":" ","after":" "},{"index":17,"word":"have","originalText":"have","characterOffsetBegin":1177,"characterOffsetEnd":1181,"pos":"VBP","before":" ","after":" "},{"index":18,"word":"exhausted","originalText":"exhausted","characterOffsetBegin":1182,"characterOffsetEnd":1191,"pos":"VBN","before":" ","after":" "},{"index":19,"word":"my","originalText":"my","characterOffsetBegin":1192,"characterOffsetEnd":1194,"pos":"PRP$","before":" ","after":" "},{"index":20,"word":"own","originalText":"own","characterOffsetBegin":1195,"characterOffsetEnd":1198,"pos":"JJ","before":" ","after":" "},{"index":21,"word":"attempts","originalText":"attempts","characterOffsetBegin":1199,"characterOffsetEnd":1207,"pos":"NNS","before":" ","after":" "},{"index":22,"word":"on","originalText":"on","characterOffsetBegin":1208,"characterOffsetEnd":1210,"pos":"IN","before":" ","after":" "},{"index":23,"word":"this","originalText":"this","characterOffsetBegin":1211,"characterOffsetEnd":1215,"pos":"DT","before":" ","after":""},{"index":24,"word":",","originalText":",","characterOffsetBegin":1215,"characterOffsetEnd":1216,"pos":",","before":"","after":" "},{"index":25,"word":"having","originalText":"having","characterOffsetBegin":1217,"characterOffsetEnd":1223,"pos":"VBG","before":" ","after":" "},{"index":26,"word":"tried","originalText":"tried","characterOffsetBegin":1224,"characterOffsetEnd":1229,"pos":"VBN","before":" ","after":" "},{"index":27,"word":"everythingreasonable","originalText":"everythingreasonable","characterOffsetBegin":1230,"characterOffsetEnd":1250,"pos":"JJ","before":" ","after":" "},{"index":28,"word":"or","originalText":"or","characterOffsetBegin":1251,"characterOffsetEnd":1253,"pos":"CC","before":" ","after":" "},{"index":29,"word":"imaginable.Below","originalText":"imaginable.Below","characterOffsetBegin":1254,"characterOffsetEnd":1270,"pos":"NN","before":" ","after":" "},{"index":30,"word":"is","originalText":"is","characterOffsetBegin":1271,"characterOffsetEnd":1273,"pos":"VBZ","before":" ","after":" "},{"index":31,"word":"example","originalText":"example","characterOffsetBegin":1274,"characterOffsetEnd":1281,"pos":"NN","before":" ","after":" "},{"index":32,"word":"code","originalText":"code","characterOffsetBegin":1282,"characterOffsetEnd":1286,"pos":"NN","before":" ","after":" "},{"index":33,"word":"giving","originalText":"giving","characterOffsetBegin":1287,"characterOffsetEnd":1293,"pos":"VBG","before":" ","after":" "},{"index":34,"word":"the","originalText":"the","characterOffsetBegin":1294,"characterOffsetEnd":1297,"pos":"DT","before":" ","after":" "},{"index":35,"word":"schematic","originalText":"schematic","characterOffsetBegin":1298,"characterOffsetEnd":1307,"pos":"JJ","before":" ","after":" "},{"index":36,"word":"for","originalText":"for","characterOffsetBegin":1308,"characterOffsetEnd":1311,"pos":"IN","before":" ","after":" "},{"index":37,"word":"how","originalText":"how","characterOffsetBegin":1312,"characterOffsetEnd":1315,"pos":"WRB","before":" ","after":" "},{"index":38,"word":"I","originalText":"I","characterOffsetBegin":1316,"characterOffsetEnd":1317,"pos":"PRP","before":" ","after":" "},{"index":39,"word":"have","originalText":"have","characterOffsetBegin":1318,"characterOffsetEnd":1322,"pos":"VBP","before":" ","after":" "},{"index":40,"word":"been","originalText":"been","characterOffsetBegin":1323,"characterOffsetEnd":1327,"pos":"VBN","before":" ","after":" "},{"index":41,"word":"*","originalText":"*","characterOffsetBegin":1328,"characterOffsetEnd":1329,"pos":"SYM","before":" ","after":""},{"index":42,"word":"TRYING","originalText":"TRYING","characterOffsetBegin":1329,"characterOffsetEnd":1335,"pos":"VBG","before":"","after":""},{"index":43,"word":"*","originalText":"*","characterOffsetBegin":1335,"characterOffsetEnd":1336,"pos":"SYM","before":"","after":""},{"index":44,"word":"to","originalText":"to","characterOffsetBegin":1336,"characterOffsetEnd":1338,"pos":"TO","before":"","after":" "},{"index":45,"word":"do","originalText":"do","characterOffsetBegin":1339,"characterOffsetEnd":1341,"pos":"VB","before":" ","after":" "},{"index":46,"word":"this","originalText":"this","characterOffsetBegin":1342,"characterOffsetEnd":1346,"pos":"DT","before":" ","after":""},{"index":47,"word":".","originalText":".","characterOffsetBegin":1346,"characterOffsetEnd":1347,"pos":".","before":"","after":"  "}]},{"index":8,"tokens":[{"index":1,"word":"Please","originalText":"Please","characterOffsetBegin":1349,"characterOffsetEnd":1355,"pos":"UH","before":"  ","after":""},{"index":2,"word":",","originalText":",","characterOffsetBegin":1355,"characterOffsetEnd":1356,"pos":",","before":"","after":" "},{"index":3,"word":"please","originalText":"please","characterOffsetBegin":1357,"characterOffsetEnd":1363,"pos":"VB","before":" ","after":""},{"index":4,"word":",","originalText":",","characterOffsetBegin":1363,"characterOffsetEnd":1364,"pos":",","before":"","after":" "},{"index":5,"word":"please","originalText":"please","characterOffsetBegin":1365,"characterOffsetEnd":1371,"pos":"VB","before":" ","after":" "},{"index":6,"word":"SOMEBODY","originalText":"SOMEBODY","characterOffsetBegin":1372,"characterOffsetEnd":1380,"pos":"NNP","before":" ","after":" "},{"index":7,"word":"tell","originalText":"tell","characterOffsetBegin":1381,"characterOffsetEnd":1385,"pos":"VB","before":" ","after":" "},{"index":8,"word":"me","originalText":"me","characterOffsetBegin":1386,"characterOffsetEnd":1388,"pos":"PRP","before":" ","after":" "},{"index":9,"word":"what","originalText":"what","characterOffsetBegin":1389,"characterOffsetEnd":1393,"pos":"WP","before":" ","after":" "},{"index":10,"word":"I","originalText":"I","characterOffsetBegin":1394,"characterOffsetEnd":1395,"pos":"PRP","before":" ","after":" "},{"index":11,"word":"am","originalText":"am","characterOffsetBegin":1396,"characterOffsetEnd":1398,"pos":"VBP","before":" ","after":" "},{"index":12,"word":"doingwrong/how","originalText":"doingwrong/how","characterOffsetBegin":1399,"characterOffsetEnd":1413,"pos":"NN","before":" ","after":" "},{"index":13,"word":"to","originalText":"to","characterOffsetBegin":1414,"characterOffsetEnd":1416,"pos":"TO","before":" ","after":" "},{"index":14,"word":"do","originalText":"do","characterOffsetBegin":1417,"characterOffsetEnd":1419,"pos":"VB","before":" ","after":" "},{"index":15,"word":"it","originalText":"it","characterOffsetBegin":1420,"characterOffsetEnd":1422,"pos":"PRP","before":" ","after":" "},{"index":16,"word":"right","originalText":"right","characterOffsetBegin":1423,"characterOffsetEnd":1428,"pos":"JJ","before":" ","after":""},{"index":17,"word":"!!!","originalText":"!!!","characterOffsetBegin":1428,"characterOffsetEnd":1431,"pos":"NN","before":"","after":""}]},{"index":9,"tokens":[{"index":1,"word":"Yours","originalText":"Yours","characterOffsetBegin":1431,"characterOffsetEnd":1436,"pos":"NNP","before":"","after":""},{"index":2,"word":",","originalText":",","characterOffsetBegin":1436,"characterOffsetEnd":1437,"pos":",","before":"","after":""},{"index":3,"word":"Chris","originalText":"Chris","characterOffsetBegin":1437,"characterOffsetEnd":1442,"pos":"NNP","before":"","after":" "},{"index":4,"word":"Lee","originalText":"Lee","characterOffsetBegin":1443,"characterOffsetEnd":1446,"pos":"NNP","before":" ","after":""},{"index":5,"word":"/","originalText":"/","characterOffsetBegin":1446,"characterOffsetEnd":1447,"pos":":","before":"","after":""},{"index":6,"word":"***********************************************************************","originalText":"***********************************************************************","characterOffsetBegin":1447,"characterOffsetEnd":1518,"pos":"CD","before":"","after":""},{"index":7,"word":"/","originalText":"/","characterOffsetBegin":1518,"characterOffsetEnd":1519,"pos":":","before":"","after":""},{"index":8,"word":"Display","originalText":"Display","characterOffsetBegin":1519,"characterOffsetEnd":1526,"pos":"VB","before":"","after":""},{"index":9,"word":"*","originalText":"*","characterOffsetBegin":1526,"characterOffsetEnd":1527,"pos":"SYM","before":"","after":" "},{"index":10,"word":"dpy","originalText":"dpy","characterOffsetBegin":1528,"characterOffsetEnd":1531,"pos":"NN","before":" ","after":""},{"index":11,"word":";","originalText":";","characterOffsetBegin":1531,"characterOffsetEnd":1532,"pos":":","before":"","after":"  "},{"index":12,"word":"/","originalText":"/","characterOffsetBegin":1534,"characterOffsetEnd":1535,"pos":":","before":"  ","after":""},{"index":13,"word":"*","originalText":"*","characterOffsetBegin":1535,"characterOffsetEnd":1536,"pos":"SYM","before":"","after":" "},{"index":14,"word":"DECLARE","originalText":"DECLARE","characterOffsetBegin":1537,"characterOffsetEnd":1544,"pos":"VB","before":" ","after":" "},{"index":15,"word":"SOME","originalText":"SOME","characterOffsetBegin":1545,"characterOffsetEnd":1549,"pos":"NNP","before":" ","after":" "},{"index":16,"word":"DATA","originalText":"DATA","characterOffsetBegin":1550,"characterOffsetEnd":1554,"pos":"NNP","before":" ","after":""},{"index":17,"word":"...","originalText":"...","characterOffsetBegin":1554,"characterOffsetEnd":1557,"pos":":","before":"","after":" "},{"index":18,"word":"*","originalText":"*","characterOffsetBegin":1558,"characterOffsetEnd":1559,"pos":"SYM","before":" ","after":""},{"index":19,"word":"/","originalText":"/","characterOffsetBegin":1559,"characterOffsetEnd":1560,"pos":":","before":"","after":""},{"index":20,"word":"Colormap","originalText":"Colormap","characterOffsetBegin":1560,"characterOffsetEnd":1568,"pos":"NNP","before":"","after":" "},{"index":21,"word":"popup_cmap","originalText":"popup_cmap","characterOffsetBegin":1569,"characterOffsetEnd":1579,"pos":"NN","before":" ","after":""},{"index":22,"word":";","originalText":";","characterOffsetBegin":1579,"characterOffsetEnd":1580,"pos":":","before":"","after":""},{"index":23,"word":"XColor","originalText":"XColor","characterOffsetBegin":1580,"characterOffsetEnd":1586,"pos":"NN","before":"","after":" "},{"index":24,"word":"mycolor","originalText":"mycolor","characterOffsetBegin":1587,"characterOffsetEnd":1594,"pos":"NN","before":" ","after":""},{"index":25,"word":";","originalText":";","characterOffsetBegin":1594,"characterOffsetEnd":1595,"pos":":","before":"","after":""},{"index":26,"word":"Window","originalText":"Window","characterOffsetBegin":1595,"characterOffsetEnd":1601,"pos":"NNP","before":"","after":" "},{"index":27,"word":"win","originalText":"win","characterOffsetBegin":1602,"characterOffsetEnd":1605,"pos":"VB","before":" ","after":""},{"index":28,"word":";","originalText":";","characterOffsetBegin":1605,"characterOffsetEnd":1606,"pos":":","before":"","after":""},{"index":29,"word":"XSetWindowAttributes","originalText":"XSetWindowAttributes","characterOffsetBegin":1606,"characterOffsetEnd":1626,"pos":"NNS","before":"","after":" "},{"index":30,"word":"cwa","originalText":"cwa","characterOffsetBegin":1627,"characterOffsetEnd":1630,"pos":"NN","before":" ","after":""},{"index":31,"word":";","originalText":";","characterOffsetBegin":1630,"characterOffsetEnd":1631,"pos":":","before":"","after":""},{"index":32,"word":"int","originalText":"int","characterOffsetBegin":1631,"characterOffsetEnd":1634,"pos":"NN","before":"","after":" "},{"index":33,"word":"nwlist","originalText":"nwlist","characterOffsetBegin":1635,"characterOffsetEnd":1641,"pos":"NN","before":" ","after":""},{"index":34,"word":";","originalText":";","characterOffsetBegin":1641,"characterOffsetEnd":1642,"pos":":","before":"","after":""},{"index":35,"word":"Window","originalText":"Window","characterOffsetBegin":1642,"characterOffsetEnd":1648,"pos":"NNP","before":"","after":" "},{"index":36,"word":"*","originalText":"*","characterOffsetBegin":1649,"characterOffsetEnd":1650,"pos":"SYM","before":" ","after":""},{"index":37,"word":"wlist","originalText":"wlist","characterOffsetBegin":1650,"characterOffsetEnd":1655,"pos":"VBN","before":"","after":""},{"index":38,"word":";","originalText":";","characterOffsetBegin":1655,"characterOffsetEnd":1656,"pos":":","before":"","after":""},{"index":39,"word":"/","originalText":"/","characterOffsetBegin":1656,"characterOffsetEnd":1657,"pos":":","before":"","after":""},{"index":40,"word":"*","originalText":"*","characterOffsetBegin":1657,"characterOffsetEnd":1658,"pos":"SYM","before":"","after":" "},{"index":41,"word":"NB","originalText":"NB","characterOffsetBegin":1659,"characterOffsetEnd":1661,"pos":"NN","before":" ","after":""},{"index":42,"word":":","originalText":":","characterOffsetBegin":1661,"characterOffsetEnd":1662,"pos":":","before":"","after":" "},{"index":43,"word":"FOR","originalText":"FOR","characterOffsetBegin":1663,"characterOffsetEnd":1666,"pos":"IN","before":" ","after":" "},{"index":44,"word":"BREVITY","originalText":"BREVITY","characterOffsetBegin":1667,"characterOffsetEnd":1674,"pos":"NNP","before":" ","after":""},{"index":45,"word":",","originalText":",","characterOffsetBegin":1674,"characterOffsetEnd":1675,"pos":",","before":"","after":" "},{"index":46,"word":"NOT","originalText":"NOT","characterOffsetBegin":1676,"characterOffsetEnd":1679,"pos":"NNP","before":" ","after":" "},{"index":47,"word":"SHOWING","originalText":"SHOWING","characterOffsetBegin":1680,"characterOffsetEnd":1687,"pos":"NNP","before":" ","after":" "},{"index":48,"word":"ALL","originalText":"ALL","characterOffsetBegin":1688,"characterOffsetEnd":1691,"pos":"NN","before":" ","after":" "},{"index":49,"word":"CODE","originalText":"CODE","characterOffsetBegin":1692,"characterOffsetEnd":1696,"pos":"NN","before":" ","after":" "},{"index":50,"word":"LINES","originalText":"LINES","characterOffsetBegin":1697,"characterOffsetEnd":1702,"pos":"NNS","before":" ","after":""},{"index":51,"word":"--","originalText":"--","characterOffsetBegin":1702,"characterOffsetEnd":1704,"pos":":","before":"","after":""},{"index":52,"word":"JUST","originalText":"JUST","characterOffsetBegin":1704,"characterOffsetEnd":1708,"pos":"RB","before":"","after":" "},{"index":53,"word":"A","originalText":"A","characterOffsetBegin":1709,"characterOffsetEnd":1710,"pos":"DT","before":" ","after":" "},{"index":54,"word":"SCHEMATIC","originalText":"SCHEMATIC","characterOffsetBegin":1711,"characterOffsetEnd":1720,"pos":"JJ","before":" ","after":" "},{"index":55,"word":"*","originalText":"*","characterOffsetBegin":1721,"characterOffsetEnd":1722,"pos":"SYM","before":" ","after":""},{"index":56,"word":"/","originalText":"/","characterOffsetBegin":1722,"characterOffsetEnd":1723,"pos":":","before":"","after":""},{"index":57,"word":"popup_cmap","originalText":"popup_cmap","characterOffsetBegin":1723,"characterOffsetEnd":1733,"pos":"NN","before":"","after":""},{"index":58,"word":"=","originalText":"=","characterOffsetBegin":1733,"characterOffsetEnd":1734,"pos":"JJ","before":"","after":""},{"index":59,"word":"XCreateColormap","originalText":"XCreateColormap","characterOffsetBegin":1734,"characterOffsetEnd":1749,"pos":"NN","before":"","after":""},{"index":60,"word":"-LRB-","originalText":"(","characterOffsetBegin":1749,"characterOffsetEnd":1750,"pos":"-LRB-","before":"","after":""},{"index":61,"word":"dpy","originalText":"dpy","characterOffsetBegin":1750,"characterOffsetEnd":1753,"pos":"NN","before":"","after":""},{"index":62,"word":",","originalText":",","characterOffsetBegin":1753,"characterOffsetEnd":1754,"pos":",","before":"","after":""},{"index":63,"word":"DefaultRootWindow","originalText":"DefaultRootWindow","characterOffsetBegin":1754,"characterOffsetEnd":1771,"pos":"NN","before":"","after":""},{"index":64,"word":"-LRB-","originalText":"(","characterOffsetBegin":1771,"characterOffsetEnd":1772,"pos":"-LRB-","before":"","after":""},{"index":65,"word":"dpy","originalText":"dpy","characterOffsetBegin":1772,"characterOffsetEnd":1775,"pos":"NN","before":"","after":""},{"index":66,"word":"-RRB-","originalText":")","characterOffsetBegin":1775,"characterOffsetEnd":1776,"pos":"-RRB-","before":"","after":""},{"index":67,"word":",","originalText":",","characterOffsetBegin":1776,"characterOffsetEnd":1777,"pos":",","before":"","after":""},{"index":68,"word":"vis","originalText":"vis","characterOffsetBegin":1777,"characterOffsetEnd":1780,"pos":"FW","before":"","after":""},{"index":69,"word":"-","originalText":"-","characterOffsetBegin":1780,"characterOffsetEnd":1781,"pos":":","before":"","after":""},{"index":70,"word":">","originalText":">","characterOffsetBegin":1781,"characterOffsetEnd":1782,"pos":"JJR","before":"","after":""},{"index":71,"word":"visual","originalText":"visual","characterOffsetBegin":1782,"characterOffsetEnd":1788,"pos":"JJ","before":"","after":""},{"index":72,"word":",","originalText":",","characterOffsetBegin":1788,"characterOffsetEnd":1789,"pos":",","before":"","after":""},{"index":73,"word":"AllocAll","originalText":"AllocAll","characterOffsetBegin":1789,"characterOffsetEnd":1797,"pos":"NNP","before":"","after":""},{"index":74,"word":"-RRB-","originalText":")","characterOffsetBegin":1797,"characterOffsetEnd":1798,"pos":"-RRB-","before":"","after":""},{"index":75,"word":";","originalText":";","characterOffsetBegin":1798,"characterOffsetEnd":1799,"pos":":","before":"","after":""},{"index":76,"word":"/","originalText":"/","characterOffsetBegin":1799,"characterOffsetEnd":1800,"pos":":","before":"","after":""},{"index":77,"word":"*","originalText":"*","characterOffsetBegin":1800,"characterOffsetEnd":1801,"pos":"SYM","before":"","after":" "},{"index":78,"word":"HERE","originalText":"HERE","characterOffsetBegin":1802,"characterOffsetEnd":1806,"pos":"RB","before":" ","after":" "},{"index":79,"word":"WE","originalText":"WE","characterOffsetBegin":1807,"characterOffsetEnd":1809,"pos":"JJ","before":" ","after":" "},{"index":80,"word":"STORE","originalText":"STORE","characterOffsetBegin":1810,"characterOffsetEnd":1815,"pos":"NN","before":" ","after":" "},{"index":81,"word":"A","originalText":"A","characterOffsetBegin":1816,"characterOffsetEnd":1817,"pos":"DT","before":" ","after":" "},{"index":82,"word":"BUNCH","originalText":"BUNCH","characterOffsetBegin":1818,"characterOffsetEnd":1823,"pos":"NNPS","before":" ","after":" "},{"index":83,"word":"OF","originalText":"OF","characterOffsetBegin":1824,"characterOffsetEnd":1826,"pos":"IN","before":" ","after":" "},{"index":84,"word":"COLORS","originalText":"COLORS","characterOffsetBegin":1827,"characterOffsetEnd":1833,"pos":"NNP","before":" ","after":" "},{"index":85,"word":"USING","originalText":"USING","characterOffsetBegin":1834,"characterOffsetEnd":1839,"pos":"NNP","before":" ","after":"   "},{"index":86,"word":"XStoreColor","originalText":"XStoreColor","characterOffsetBegin":1842,"characterOffsetEnd":1853,"pos":"NN","before":"   ","after":""},{"index":87,"word":"-LRB-","originalText":"(","characterOffsetBegin":1853,"characterOffsetEnd":1854,"pos":"-LRB-","before":"","after":""},{"index":88,"word":"dpy","originalText":"dpy","characterOffsetBegin":1854,"characterOffsetEnd":1857,"pos":"NN","before":"","after":""},{"index":89,"word":",","originalText":",","characterOffsetBegin":1857,"characterOffsetEnd":1858,"pos":",","before":"","after":""},{"index":90,"word":"popup_cmap","originalText":"popup_cmap","characterOffsetBegin":1858,"characterOffsetEnd":1868,"pos":"NN","before":"","after":""},{"index":91,"word":",","originalText":",","characterOffsetBegin":1868,"characterOffsetEnd":1869,"pos":",","before":"","after":""},{"index":92,"word":"&","originalText":"&","characterOffsetBegin":1869,"characterOffsetEnd":1870,"pos":"CC","before":"","after":""},{"index":93,"word":"mycolor","originalText":"mycolor","characterOffsetBegin":1870,"characterOffsetEnd":1877,"pos":"NN","before":"","after":""},{"index":94,"word":"-RRB-","originalText":")","characterOffsetBegin":1877,"characterOffsetEnd":1878,"pos":"-RRB-","before":"","after":""},{"index":95,"word":";","originalText":";","characterOffsetBegin":1878,"characterOffsetEnd":1879,"pos":":","before":"","after":" "},{"index":96,"word":"...","originalText":"...","characterOffsetBegin":1880,"characterOffsetEnd":1883,"pos":":","before":" ","after":" "},{"index":97,"word":"*","originalText":"*","characterOffsetBegin":1884,"characterOffsetEnd":1885,"pos":"SYM","before":" ","after":""},{"index":98,"word":"/","originalText":"/","characterOffsetBegin":1885,"characterOffsetEnd":1886,"pos":":","before":"","after":""},{"index":99,"word":"cwa.colormap","originalText":"cwa.colormap","characterOffsetBegin":1886,"characterOffsetEnd":1898,"pos":"NN","before":"","after":" "},{"index":100,"word":"=","originalText":"=","characterOffsetBegin":1899,"characterOffsetEnd":1900,"pos":"JJ","before":" ","after":" "},{"index":101,"word":"popup_cmap","originalText":"popup_cmap","characterOffsetBegin":1901,"characterOffsetEnd":1911,"pos":"NN","before":" ","after":""},{"index":102,"word":";","originalText":";","characterOffsetBegin":1911,"characterOffsetEnd":1912,"pos":":","before":"","after":""},{"index":103,"word":"win","originalText":"win","characterOffsetBegin":1912,"characterOffsetEnd":1915,"pos":"VB","before":"","after":" "},{"index":104,"word":"=","originalText":"=","characterOffsetBegin":1916,"characterOffsetEnd":1917,"pos":"JJ","before":" ","after":" "},{"index":105,"word":"XCreateWindow","originalText":"XCreateWindow","characterOffsetBegin":1918,"characterOffsetEnd":1931,"pos":"NN","before":" ","after":""},{"index":106,"word":"-LRB-","originalText":"(","characterOffsetBegin":1931,"characterOffsetEnd":1932,"pos":"-LRB-","before":"","after":""},{"index":107,"word":"dpy","originalText":"dpy","characterOffsetBegin":1932,"characterOffsetEnd":1935,"pos":"NN","before":"","after":""},{"index":108,"word":",","originalText":",","characterOffsetBegin":1935,"characterOffsetEnd":1936,"pos":",","before":"","after":" "},{"index":109,"word":"parent","originalText":"parent","characterOffsetBegin":1937,"characterOffsetEnd":1943,"pos":"NN","before":" ","after":""},{"index":110,"word":",","originalText":",","characterOffsetBegin":1943,"characterOffsetEnd":1944,"pos":",","before":"","after":" "},{"index":111,"word":"x","originalText":"x","characterOffsetBegin":1945,"characterOffsetEnd":1946,"pos":"NN","before":" ","after":""},{"index":112,"word":",","originalText":",","characterOffsetBegin":1946,"characterOffsetEnd":1947,"pos":",","before":"","after":" "},{"index":113,"word":"y","originalText":"y","characterOffsetBegin":1948,"characterOffsetEnd":1949,"pos":"NN","before":" ","after":""},{"index":114,"word":",","originalText":",","characterOffsetBegin":1949,"characterOffsetEnd":1950,"pos":",","before":"","after":" "},{"index":115,"word":"w","originalText":"w","characterOffsetBegin":1951,"characterOffsetEnd":1952,"pos":"NN","before":" ","after":""},{"index":116,"word":",","originalText":",","characterOffsetBegin":1952,"characterOffsetEnd":1953,"pos":",","before":"","after":" "},{"index":117,"word":"h","originalText":"h","characterOffsetBegin":1954,"characterOffsetEnd":1955,"pos":"NN","before":" ","after":""},{"index":118,"word":",","originalText":",","characterOffsetBegin":1955,"characterOffsetEnd":1956,"pos":",","before":"","after":"                    "},{"index":119,"word":"borderWidth","originalText":"borderWidth","characterOffsetBegin":1976,"characterOffsetEnd":1987,"pos":"NN","before":"                    ","after":""},{"index":120,"word":",","originalText":",","characterOffsetBegin":1987,"characterOffsetEnd":1988,"pos":",","before":"","after":" "},{"index":121,"word":"vis","originalText":"vis","characterOffsetBegin":1989,"characterOffsetEnd":1992,"pos":"FW","before":" ","after":""},{"index":122,"word":"-","originalText":"-","characterOffsetBegin":1992,"characterOffsetEnd":1993,"pos":":","before":"","after":""},{"index":123,"word":">","originalText":">","characterOffsetBegin":1993,"characterOffsetEnd":1994,"pos":"JJR","before":"","after":""},{"index":124,"word":"depth","originalText":"depth","characterOffsetBegin":1994,"characterOffsetEnd":1999,"pos":"NN","before":"","after":""},{"index":125,"word":",","originalText":",","characterOffsetBegin":1999,"characterOffsetEnd":2000,"pos":",","before":"","after":" "},{"index":126,"word":"InputOutput","originalText":"InputOutput","characterOffsetBegin":2001,"characterOffsetEnd":2012,"pos":"NNP","before":" ","after":""},{"index":127,"word":",","originalText":",","characterOffsetBegin":2012,"characterOffsetEnd":2013,"pos":",","before":"","after":" "},{"index":128,"word":"vis","originalText":"vis","characterOffsetBegin":2014,"characterOffsetEnd":2017,"pos":"FW","before":" ","after":""},{"index":129,"word":"-","originalText":"-","characterOffsetBegin":2017,"characterOffsetEnd":2018,"pos":":","before":"","after":""},{"index":130,"word":">","originalText":">","characterOffsetBegin":2018,"characterOffsetEnd":2019,"pos":"JJR","before":"","after":""},{"index":131,"word":"visual","originalText":"visual","characterOffsetBegin":2019,"characterOffsetEnd":2025,"pos":"JJ","before":"","after":""},{"index":132,"word":",","originalText":",","characterOffsetBegin":2025,"characterOffsetEnd":2026,"pos":",","before":"","after":"                    "},{"index":133,"word":"CWColormap","originalText":"CWColormap","characterOffsetBegin":2046,"characterOffsetEnd":2056,"pos":"NN","before":"                    ","after":""},{"index":134,"word":"|","originalText":"|","characterOffsetBegin":2056,"characterOffsetEnd":2057,"pos":"CD","before":"","after":""},{"index":135,"word":"CWBorderPixel","originalText":"CWBorderPixel","characterOffsetBegin":2057,"characterOffsetEnd":2070,"pos":"NN","before":"","after":""},{"index":136,"word":",","originalText":",","characterOffsetBegin":2070,"characterOffsetEnd":2071,"pos":",","before":"","after":" "},{"index":137,"word":"&","originalText":"&","characterOffsetBegin":2072,"characterOffsetEnd":2073,"pos":"CC","before":" ","after":""},{"index":138,"word":"cwa","originalText":"cwa","characterOffsetBegin":2073,"characterOffsetEnd":2076,"pos":"NN","before":"","after":""},{"index":139,"word":"-RRB-","originalText":")","characterOffsetBegin":2076,"characterOffsetEnd":2077,"pos":"-RRB-","before":"","after":""},{"index":140,"word":";","originalText":";","characterOffsetBegin":2077,"characterOffsetEnd":2078,"pos":":","before":"","after":""},{"index":141,"word":"/","originalText":"/","characterOffsetBegin":2078,"characterOffsetEnd":2079,"pos":":","before":"","after":""},{"index":142,"word":"*","originalText":"*","characterOffsetBegin":2079,"characterOffsetEnd":2080,"pos":"SYM","before":"","after":" "},{"index":143,"word":"LIST","originalText":"LIST","characterOffsetBegin":2081,"characterOffsetEnd":2085,"pos":"NN","before":" ","after":" "},{"index":144,"word":"ALL","originalText":"ALL","characterOffsetBegin":2086,"characterOffsetEnd":2089,"pos":"NN","before":" ","after":" "},{"index":145,"word":"SUB","originalText":"SUB","characterOffsetBegin":2090,"characterOffsetEnd":2093,"pos":"NN","before":" ","after":" "},{"index":146,"word":"WINDOWS","originalText":"WINDOWS","characterOffsetBegin":2094,"characterOffsetEnd":2101,"pos":"NNS","before":" ","after":" "},{"index":147,"word":"OF","originalText":"OF","characterOffsetBegin":2102,"characterOffsetEnd":2104,"pos":"IN","before":" ","after":" "},{"index":148,"word":"my_topwin","originalText":"my_topwin","characterOffsetBegin":2105,"characterOffsetEnd":2114,"pos":"NN","before":" ","after":""},{"index":149,"word":",","originalText":",","characterOffsetBegin":2114,"characterOffsetEnd":2115,"pos":",","before":"","after":" "},{"index":150,"word":"PARENT","originalText":"PARENT","characterOffsetBegin":2116,"characterOffsetEnd":2122,"pos":"NN","before":" ","after":" "},{"index":151,"word":"OF","originalText":"OF","characterOffsetBegin":2123,"characterOffsetEnd":2125,"pos":"IN","before":" ","after":" "},{"index":152,"word":"win","originalText":"win","characterOffsetBegin":2126,"characterOffsetEnd":2129,"pos":"VB","before":" ","after":""},{"index":153,"word":",","originalText":",","characterOffsetBegin":2129,"characterOffsetEnd":2130,"pos":",","before":"","after":" "},{"index":154,"word":"INTO","originalText":"INTO","characterOffsetBegin":2131,"characterOffsetEnd":2135,"pos":"IN","before":" ","after":" "},{"index":155,"word":"wlist","originalText":"wlist","characterOffsetBegin":2136,"characterOffsetEnd":2141,"pos":"NN","before":" ","after":""},{"index":156,"word":";","originalText":";","characterOffsetBegin":2141,"characterOffsetEnd":2142,"pos":":","before":"","after":"   "},{"index":157,"word":"nwlist","originalText":"nwlist","characterOffsetBegin":2145,"characterOffsetEnd":2151,"pos":"JJ","before":"   ","after":" "},{"index":158,"word":"IS","originalText":"IS","characterOffsetBegin":2152,"characterOffsetEnd":2154,"pos":"VBZ","before":" ","after":" "},{"index":159,"word":"COUNTER","originalText":"COUNTER","characterOffsetBegin":2155,"characterOffsetEnd":2162,"pos":"NNP","before":" ","after":" "},{"index":160,"word":"OF","originalText":"OF","characterOffsetBegin":2163,"characterOffsetEnd":2165,"pos":"IN","before":" ","after":" "},{"index":161,"word":"ENTRIES","originalText":"ENTRIES","characterOffsetBegin":2166,"characterOffsetEnd":2173,"pos":"NNP","before":" ","after":" "},{"index":162,"word":"IN","originalText":"IN","characterOffsetBegin":2174,"characterOffsetEnd":2176,"pos":"IN","before":" ","after":" "},{"index":163,"word":"wlist","originalText":"wlist","characterOffsetBegin":2177,"characterOffsetEnd":2182,"pos":"NN","before":" ","after":""},{"index":164,"word":".","originalText":".","characterOffsetBegin":2182,"characterOffsetEnd":2183,"pos":".","before":"","after":"   "}]},{"index":10,"tokens":[{"index":1,"word":"NB","originalText":"NB","characterOffsetBegin":2186,"characterOffsetEnd":2188,"pos":"NN","before":"   ","after":""},{"index":2,"word":":","originalText":":","characterOffsetBegin":2188,"characterOffsetEnd":2189,"pos":":","before":"","after":" "},{"index":3,"word":"wlist","originalText":"wlist","characterOffsetBegin":2190,"characterOffsetEnd":2195,"pos":"NN","before":" ","after":" "},{"index":4,"word":"is","originalText":"is","characterOffsetBegin":2196,"characterOffsetEnd":2198,"pos":"VBZ","before":" ","after":" "},{"index":5,"word":"static","originalText":"static","characterOffsetBegin":2199,"characterOffsetEnd":2205,"pos":"JJ","before":" ","after":" "},{"index":6,"word":"storage","originalText":"storage","characterOffsetBegin":2206,"characterOffsetEnd":2213,"pos":"NN","before":" ","after":" "},{"index":7,"word":"that","originalText":"that","characterOffsetBegin":2214,"characterOffsetEnd":2218,"pos":"WDT","before":" ","after":" "},{"index":8,"word":"can","originalText":"can","characterOffsetBegin":2219,"characterOffsetEnd":2222,"pos":"MD","before":" ","after":" "},{"index":9,"word":"be","originalText":"be","characterOffsetBegin":2223,"characterOffsetEnd":2225,"pos":"VB","before":" ","after":" "},{"index":10,"word":"relied","originalText":"relied","characterOffsetBegin":2226,"characterOffsetEnd":2232,"pos":"VBN","before":" ","after":" "},{"index":11,"word":"on","originalText":"on","characterOffsetBegin":2233,"characterOffsetEnd":2235,"pos":"IN","before":" ","after":" "},{"index":12,"word":"not","originalText":"not","characterOffsetBegin":2236,"characterOffsetEnd":2239,"pos":"RB","before":" ","after":" "},{"index":13,"word":"to","originalText":"to","characterOffsetBegin":2240,"characterOffsetEnd":2242,"pos":"TO","before":" ","after":" "},{"index":14,"word":"go","originalText":"go","characterOffsetBegin":2243,"characterOffsetEnd":2245,"pos":"VB","before":" ","after":" "},{"index":15,"word":"away","originalText":"away","characterOffsetBegin":2246,"characterOffsetEnd":2250,"pos":"RB","before":" ","after":"       "},{"index":16,"word":"or","originalText":"or","characterOffsetBegin":2257,"characterOffsetEnd":2259,"pos":"CC","before":"       ","after":" "},{"index":17,"word":"be","originalText":"be","characterOffsetBegin":2260,"characterOffsetEnd":2262,"pos":"VB","before":" ","after":" "},{"index":18,"word":"corrupted","originalText":"corrupted","characterOffsetBegin":2263,"characterOffsetEnd":2272,"pos":"VBN","before":" ","after":""},{"index":19,"word":".","originalText":".","characterOffsetBegin":2272,"characterOffsetEnd":2273,"pos":".","before":"","after":"  "}]},{"index":11,"tokens":[{"index":1,"word":"I","originalText":"I","characterOffsetBegin":2275,"characterOffsetEnd":2276,"pos":"PRP","before":"  ","after":" "},{"index":2,"word":"thought","originalText":"thought","characterOffsetBegin":2277,"characterOffsetEnd":2284,"pos":"VBD","before":" ","after":" "},{"index":3,"word":"of","originalText":"of","characterOffsetBegin":2285,"characterOffsetEnd":2287,"pos":"IN","before":" ","after":" "},{"index":4,"word":"that","originalText":"that","characterOffsetBegin":2288,"characterOffsetEnd":2292,"pos":"DT","before":" ","after":""},{"index":5,"word":"!","originalText":"!","characterOffsetBegin":2292,"characterOffsetEnd":2293,"pos":".","before":"","after":"  "}]},{"index":12,"tokens":[{"index":1,"word":"Does","originalText":"Does","characterOffsetBegin":2295,"characterOffsetEnd":2299,"pos":"VBZ","before":"  ","after":" "},{"index":2,"word":"anyone","originalText":"anyone","characterOffsetBegin":2300,"characterOffsetEnd":2306,"pos":"NN","before":" ","after":" "},{"index":3,"word":"know","originalText":"know","characterOffsetBegin":2307,"characterOffsetEnd":2311,"pos":"VB","before":" ","after":" "},{"index":4,"word":"if","originalText":"if","characterOffsetBegin":2312,"characterOffsetEnd":2314,"pos":"IN","before":" ","after":"       "},{"index":5,"word":"setting","originalText":"setting","characterOffsetBegin":2321,"characterOffsetEnd":2328,"pos":"VBG","before":"       ","after":" "},{"index":6,"word":"WM","originalText":"WM","characterOffsetBegin":2329,"characterOffsetEnd":2331,"pos":"NNP","before":" ","after":" "},{"index":7,"word":"properties","originalText":"properties","characterOffsetBegin":2332,"characterOffsetEnd":2342,"pos":"NNS","before":" ","after":" "},{"index":8,"word":"is","originalText":"is","characterOffsetBegin":2343,"characterOffsetEnd":2345,"pos":"VBZ","before":" ","after":" "},{"index":9,"word":"by","originalText":"by","characterOffsetBegin":2346,"characterOffsetEnd":2348,"pos":"IN","before":" ","after":" "},{"index":10,"word":"data","originalText":"data","characterOffsetBegin":2349,"characterOffsetEnd":2353,"pos":"NNS","before":" ","after":" "},{"index":11,"word":"copy","originalText":"copy","characterOffsetBegin":2354,"characterOffsetEnd":2358,"pos":"NN","before":" ","after":""},{"index":12,"word":",","originalText":",","characterOffsetBegin":2358,"characterOffsetEnd":2359,"pos":",","before":"","after":" "},{"index":13,"word":"or","originalText":"or","characterOffsetBegin":2360,"characterOffsetEnd":2362,"pos":"CC","before":" ","after":" "},{"index":14,"word":"by","originalText":"by","characterOffsetBegin":2363,"characterOffsetEnd":2365,"pos":"IN","before":" ","after":" "},{"index":15,"word":"reference","originalText":"reference","characterOffsetBegin":2366,"characterOffsetEnd":2375,"pos":"NN","before":" ","after":" "},{"index":16,"word":"pointer","originalText":"pointer","characterOffsetBegin":2376,"characterOffsetEnd":2383,"pos":"NN","before":" ","after":""},{"index":17,"word":"?","originalText":"?","characterOffsetBegin":2383,"characterOffsetEnd":2384,"pos":".","before":"","after":"       "}]},{"index":13,"tokens":[{"index":1,"word":"ie","originalText":"ie","characterOffsetBegin":2391,"characterOffsetEnd":2393,"pos":"FW","before":"       ","after":""},{"index":2,"word":".","originalText":".","characterOffsetBegin":2393,"characterOffsetEnd":2394,"pos":".","before":"","after":" "}]},{"index":14,"tokens":[{"index":1,"word":"is","originalText":"is","characterOffsetBegin":2395,"characterOffsetEnd":2397,"pos":"VBZ","before":" ","after":" "},{"index":2,"word":"it","originalText":"it","characterOffsetBegin":2398,"characterOffsetEnd":2400,"pos":"PRP","before":" ","after":" "},{"index":3,"word":"acceptable","originalText":"acceptable","characterOffsetBegin":2401,"characterOffsetEnd":2411,"pos":"JJ","before":" ","after":" "},{"index":4,"word":"to","originalText":"to","characterOffsetBegin":2412,"characterOffsetEnd":2414,"pos":"TO","before":" ","after":" "},{"index":5,"word":"pass","originalText":"pass","characterOffsetBegin":2415,"characterOffsetEnd":2419,"pos":"VB","before":" ","after":" "},{"index":6,"word":"data","originalText":"data","characterOffsetBegin":2420,"characterOffsetEnd":2424,"pos":"NNS","before":" ","after":" "},{"index":7,"word":"for","originalText":"for","characterOffsetBegin":2425,"characterOffsetEnd":2428,"pos":"IN","before":" ","after":" "},{"index":8,"word":"a","originalText":"a","characterOffsetBegin":2429,"characterOffsetEnd":2430,"pos":"DT","before":" ","after":" "},{"index":9,"word":"Property","originalText":"Property","characterOffsetBegin":2431,"characterOffsetEnd":2439,"pos":"NN","before":" ","after":""},{"index":10,"word":",","originalText":",","characterOffsetBegin":2439,"characterOffsetEnd":2440,"pos":",","before":"","after":" "},{"index":11,"word":"then","originalText":"then","characterOffsetBegin":2441,"characterOffsetEnd":2445,"pos":"RB","before":" ","after":" "},{"index":12,"word":"free","originalText":"free","characterOffsetBegin":2446,"characterOffsetEnd":2450,"pos":"JJ","before":" ","after":"       "},{"index":13,"word":"the","originalText":"the","characterOffsetBegin":2457,"characterOffsetEnd":2460,"pos":"DT","before":"       ","after":" "},{"index":14,"word":"data","originalText":"data","characterOffsetBegin":2461,"characterOffsetEnd":2465,"pos":"NNS","before":" ","after":""},{"index":15,"word":"?","originalText":"?","characterOffsetBegin":2465,"characterOffsetEnd":2466,"pos":".","before":"","after":"   "}]},{"index":15,"tokens":[{"index":1,"word":"*","originalText":"*","characterOffsetBegin":2469,"characterOffsetEnd":2470,"pos":"SYM","before":"   ","after":""},{"index":2,"word":"/","originalText":"/","characterOffsetBegin":2470,"characterOffsetEnd":2471,"pos":":","before":"","after":""},{"index":3,"word":"XSetWMColormapWindows","originalText":"XSetWMColormapWindows","characterOffsetBegin":2471,"characterOffsetEnd":2492,"pos":"NNS","before":"","after":""},{"index":4,"word":"-LRB-","originalText":"(","characterOffsetBegin":2492,"characterOffsetEnd":2493,"pos":"-LRB-","before":"","after":""},{"index":5,"word":"dpy","originalText":"dpy","characterOffsetBegin":2493,"characterOffsetEnd":2496,"pos":"NN","before":"","after":""},{"index":6,"word":",","originalText":",","characterOffsetBegin":2496,"characterOffsetEnd":2497,"pos":",","before":"","after":""},{"index":7,"word":"my_topwin","originalText":"my_topwin","characterOffsetBegin":2497,"characterOffsetEnd":2506,"pos":"NN","before":"","after":""},{"index":8,"word":",","originalText":",","characterOffsetBegin":2506,"characterOffsetEnd":2507,"pos":",","before":"","after":""},{"index":9,"word":"wlist","originalText":"wlist","characterOffsetBegin":2507,"characterOffsetEnd":2512,"pos":"NN","before":"","after":""},{"index":10,"word":",","originalText":",","characterOffsetBegin":2512,"characterOffsetEnd":2513,"pos":",","before":"","after":""},{"index":11,"word":"nwlist","originalText":"nwlist","characterOffsetBegin":2513,"characterOffsetEnd":2519,"pos":"NN","before":"","after":""},{"index":12,"word":"-RRB-","originalText":")","characterOffsetBegin":2519,"characterOffsetEnd":2520,"pos":"-RRB-","before":"","after":""},{"index":13,"word":";","originalText":";","characterOffsetBegin":2520,"characterOffsetEnd":2521,"pos":":","before":"","after":""},{"index":14,"word":"XMapRaised","originalText":"XMapRaised","characterOffsetBegin":2521,"characterOffsetEnd":2531,"pos":"VBN","before":"","after":""},{"index":15,"word":"-LRB-","originalText":"(","characterOffsetBegin":2531,"characterOffsetEnd":2532,"pos":"-LRB-","before":"","after":""},{"index":16,"word":"Display0","originalText":"Display0","characterOffsetBegin":2532,"characterOffsetEnd":2540,"pos":"NN","before":"","after":""},{"index":17,"word":",","originalText":",","characterOffsetBegin":2540,"characterOffsetEnd":2541,"pos":",","before":"","after":""},{"index":18,"word":"win","originalText":"win","characterOffsetBegin":2541,"characterOffsetEnd":2544,"pos":"VBP","before":"","after":""},{"index":19,"word":"-RRB-","originalText":")","characterOffsetBegin":2544,"characterOffsetEnd":2545,"pos":"-RRB-","before":"","after":""},{"index":20,"word":";","originalText":";","characterOffsetBegin":2545,"characterOffsetEnd":2546,"pos":":","before":"","after":""},{"index":21,"word":"/","originalText":"/","characterOffsetBegin":2546,"characterOffsetEnd":2547,"pos":":","before":"","after":""},{"index":22,"word":"*","originalText":"*","characterOffsetBegin":2547,"characterOffsetEnd":2548,"pos":"SYM","before":"","after":" "},{"index":23,"word":"LATER","originalText":"LATER","characterOffsetBegin":2549,"characterOffsetEnd":2554,"pos":"NNP","before":" ","after":" "},{"index":24,"word":"ON","originalText":"ON","characterOffsetBegin":2555,"characterOffsetEnd":2557,"pos":"NNP","before":" ","after":" "},{"index":25,"word":"WE","originalText":"WE","characterOffsetBegin":2558,"characterOffsetEnd":2560,"pos":"NNP","before":" ","after":" "},{"index":26,"word":"HANDLE","originalText":"HANDLE","characterOffsetBegin":2561,"characterOffsetEnd":2567,"pos":"VB","before":" ","after":" "},{"index":27,"word":"XEvents","originalText":"XEvents","characterOffsetBegin":2568,"characterOffsetEnd":2575,"pos":"NNS","before":" ","after":" "},{"index":28,"word":"NORMALLY","originalText":"NORMALLY","characterOffsetBegin":2576,"characterOffsetEnd":2584,"pos":"RB","before":" ","after":""},{"index":29,"word":"...","originalText":"...","characterOffsetBegin":2584,"characterOffsetEnd":2587,"pos":":","before":"","after":" "},{"index":30,"word":"TYPICAL","originalText":"TYPICAL","characterOffsetBegin":2588,"characterOffsetEnd":2595,"pos":"JJ","before":" ","after":" "},{"index":31,"word":"EVENTLOOP","originalText":"EVENTLOOP","characterOffsetBegin":2596,"characterOffsetEnd":2605,"pos":"NN","before":" ","after":" "},{"index":32,"word":"*","originalText":"*","characterOffsetBegin":2606,"characterOffsetEnd":2607,"pos":"SYM","before":" ","after":""},{"index":33,"word":"/","originalText":"/","characterOffsetBegin":2607,"characterOffsetEnd":2608,"pos":":","before":"","after":""}]}]}