{"sentences":[{"index":0,"tokens":[{"index":1,"word":"From","originalText":"From","characterOffsetBegin":0,"characterOffsetEnd":4,"pos":"IN","before":"","after":""},{"index":2,"word":":","originalText":":","characterOffsetBegin":4,"characterOffsetEnd":5,"pos":":","before":"","after":" "},{"index":3,"word":"prunet@zephir.inria.fr","originalText":"prunet@zephir.inria.fr","characterOffsetBegin":6,"characterOffsetEnd":28,"pos":"NN","before":" ","after":" "},{"index":4,"word":"-LRB-","originalText":"(","characterOffsetBegin":29,"characterOffsetEnd":30,"pos":"-LRB-","before":" ","after":""},{"index":5,"word":"Vincent","originalText":"Vincent","characterOffsetBegin":30,"characterOffsetEnd":37,"pos":"NNP","before":"","after":" "},{"index":6,"word":"Prunet","originalText":"Prunet","characterOffsetBegin":38,"characterOffsetEnd":44,"pos":"NNP","before":" ","after":""},{"index":7,"word":"-RRB-","originalText":")","characterOffsetBegin":44,"characterOffsetEnd":45,"pos":"-RRB-","before":"","after":""},{"index":8,"word":"Subject","originalText":"Subject","characterOffsetBegin":45,"characterOffsetEnd":52,"pos":"NNP","before":"","after":""},{"index":9,"word":":","originalText":":","characterOffsetBegin":52,"characterOffsetEnd":53,"pos":":","before":"","after":" "},{"index":10,"word":"Re","originalText":"Re","characterOffsetBegin":54,"characterOffsetEnd":56,"pos":"NNP","before":" ","after":""},{"index":11,"word":":","originalText":":","characterOffsetBegin":56,"characterOffsetEnd":57,"pos":":","before":"","after":" "},{"index":12,"word":"Monthly","originalText":"Monthly","characterOffsetBegin":58,"characterOffsetEnd":65,"pos":"JJ","before":" ","after":" "},{"index":13,"word":"Question","originalText":"Question","characterOffsetBegin":66,"characterOffsetEnd":74,"pos":"NN","before":" ","after":" "},{"index":14,"word":"about","originalText":"about","characterOffsetBegin":75,"characterOffsetEnd":80,"pos":"IN","before":" ","after":" "},{"index":15,"word":"XCopyArea","originalText":"XCopyArea","characterOffsetBegin":81,"characterOffsetEnd":90,"pos":"NN","before":" ","after":""},{"index":16,"word":"-LRB-","originalText":"(","characterOffsetBegin":90,"characterOffsetEnd":91,"pos":"-LRB-","before":"","after":""},{"index":17,"word":"-RRB-","originalText":")","characterOffsetBegin":91,"characterOffsetEnd":92,"pos":"-RRB-","before":"","after":" "},{"index":18,"word":"and","originalText":"and","characterOffsetBegin":93,"characterOffsetEnd":96,"pos":"CC","before":" ","after":" "},{"index":19,"word":"Expose","originalText":"Expose","characterOffsetBegin":97,"characterOffsetEnd":103,"pos":"VB","before":" ","after":" "},{"index":20,"word":"EventsIn","originalText":"EventsIn","characterOffsetBegin":104,"characterOffsetEnd":112,"pos":"NN","before":" ","after":" "},{"index":21,"word":"article","originalText":"article","characterOffsetBegin":113,"characterOffsetEnd":120,"pos":"NN","before":" ","after":" "},{"index":22,"word":"<BUZZ.93Apr19125438@lion.bear.com>","originalText":"<BUZZ.93Apr19125438@lion.bear.com>","characterOffsetBegin":121,"characterOffsetEnd":155,"pos":"NN","before":" ","after":""},{"index":23,"word":",","originalText":",","characterOffsetBegin":155,"characterOffsetEnd":156,"pos":",","before":"","after":" "},{"index":24,"word":"buzz@bear.com","originalText":"buzz@bear.com","characterOffsetBegin":157,"characterOffsetEnd":170,"pos":"NN","before":" ","after":" "},{"index":25,"word":"-LRB-","originalText":"(","characterOffsetBegin":171,"characterOffsetEnd":172,"pos":"-LRB-","before":" ","after":""},{"index":26,"word":"Buzz","originalText":"Buzz","characterOffsetBegin":172,"characterOffsetEnd":176,"pos":"NNP","before":"","after":" "},{"index":27,"word":"Moschetti","originalText":"Moschetti","characterOffsetBegin":177,"characterOffsetEnd":186,"pos":"NNP","before":" ","after":""},{"index":28,"word":"-RRB-","originalText":")","characterOffsetBegin":186,"characterOffsetEnd":187,"pos":"-RRB-","before":"","after":""},{"index":29,"word":"writes","originalText":"writes","characterOffsetBegin":187,"characterOffsetEnd":193,"pos":"VBZ","before":"","after":""},{"index":30,"word":":|","originalText":":|","characterOffsetBegin":193,"characterOffsetEnd":195,"pos":"CD","before":"","after":""},{"index":31,"word":">","originalText":">","characterOffsetBegin":195,"characterOffsetEnd":196,"pos":"JJR","before":"","after":" "},{"index":32,"word":"-LRB-","originalText":"(","characterOffsetBegin":197,"characterOffsetEnd":198,"pos":"-LRB-","before":" ","after":""},{"index":33,"word":"2nd","originalText":"2nd","characterOffsetBegin":198,"characterOffsetEnd":201,"pos":"JJ","before":"","after":" "},{"index":34,"word":"posting","originalText":"posting","characterOffsetBegin":202,"characterOffsetEnd":209,"pos":"VBG","before":" ","after":" "},{"index":35,"word":"of","originalText":"of","characterOffsetBegin":210,"characterOffsetEnd":212,"pos":"IN","before":" ","after":" "},{"index":36,"word":"the","originalText":"the","characterOffsetBegin":213,"characterOffsetEnd":216,"pos":"DT","before":" ","after":" "},{"index":37,"word":"question","originalText":"question","characterOffsetBegin":217,"characterOffsetEnd":225,"pos":"NN","before":" ","after":" "},{"index":38,"word":"that","originalText":"that","characterOffsetBegin":226,"characterOffsetEnd":230,"pos":"WDT","before":" ","after":" "},{"index":39,"word":"just","originalText":"just","characterOffsetBegin":231,"characterOffsetEnd":235,"pos":"RB","before":" ","after":" "},{"index":40,"word":"does","originalText":"does","characterOffsetBegin":236,"characterOffsetEnd":240,"pos":"VBZ","before":" ","after":""},{"index":41,"word":"n't","originalText":"n't","characterOffsetBegin":240,"characterOffsetEnd":243,"pos":"RB","before":"","after":" "},{"index":42,"word":"seem","originalText":"seem","characterOffsetBegin":244,"characterOffsetEnd":248,"pos":"VB","before":" ","after":" "},{"index":43,"word":"to","originalText":"to","characterOffsetBegin":249,"characterOffsetEnd":251,"pos":"TO","before":" ","after":" "},{"index":44,"word":"get","originalText":"get","characterOffsetBegin":252,"characterOffsetEnd":255,"pos":"VB","before":" ","after":" "},{"index":45,"word":"answered","originalText":"answered","characterOffsetBegin":256,"characterOffsetEnd":264,"pos":"VBN","before":" ","after":""},{"index":46,"word":"-RRB-","originalText":")","characterOffsetBegin":264,"characterOffsetEnd":265,"pos":"-RRB-","before":"","after":""},{"index":47,"word":"|","originalText":"|","characterOffsetBegin":265,"characterOffsetEnd":266,"pos":"CD","before":"","after":""},{"index":48,"word":">","originalText":">","characterOffsetBegin":266,"characterOffsetEnd":267,"pos":"JJR","before":"","after":" "},{"index":49,"word":"|","originalText":"|","characterOffsetBegin":268,"characterOffsetEnd":269,"pos":"CD","before":" ","after":""},{"index":50,"word":">","originalText":">","characterOffsetBegin":269,"characterOffsetEnd":270,"pos":"JJR","before":"","after":" "},{"index":51,"word":"Suppose","originalText":"Suppose","characterOffsetBegin":271,"characterOffsetEnd":278,"pos":"VB","before":" ","after":" "},{"index":52,"word":"you","originalText":"you","characterOffsetBegin":279,"characterOffsetEnd":282,"pos":"PRP","before":" ","after":" "},{"index":53,"word":"have","originalText":"have","characterOffsetBegin":283,"characterOffsetEnd":287,"pos":"VBP","before":" ","after":" "},{"index":54,"word":"an","originalText":"an","characterOffsetBegin":288,"characterOffsetEnd":290,"pos":"DT","before":" ","after":" "},{"index":55,"word":"idle","originalText":"idle","characterOffsetBegin":291,"characterOffsetEnd":295,"pos":"JJ","before":" ","after":" "},{"index":56,"word":"app","originalText":"app","characterOffsetBegin":296,"characterOffsetEnd":299,"pos":"NN","before":" ","after":" "},{"index":57,"word":"with","originalText":"with","characterOffsetBegin":300,"characterOffsetEnd":304,"pos":"IN","before":" ","after":" "},{"index":58,"word":"a","originalText":"a","characterOffsetBegin":305,"characterOffsetEnd":306,"pos":"DT","before":" ","after":" "},{"index":59,"word":"realized","originalText":"realized","characterOffsetBegin":307,"characterOffsetEnd":315,"pos":"VBN","before":" ","after":" "},{"index":60,"word":"and","originalText":"and","characterOffsetBegin":316,"characterOffsetEnd":319,"pos":"CC","before":" ","after":" "},{"index":61,"word":"mapped","originalText":"mapped","characterOffsetBegin":320,"characterOffsetEnd":326,"pos":"VBN","before":" ","after":" "},{"index":62,"word":"Window","originalText":"Window","characterOffsetBegin":327,"characterOffsetEnd":333,"pos":"NNP","before":" ","after":" "},{"index":63,"word":"that","originalText":"that","characterOffsetBegin":334,"characterOffsetEnd":338,"pos":"WDT","before":" ","after":""},{"index":64,"word":"|","originalText":"|","characterOffsetBegin":338,"characterOffsetEnd":339,"pos":"VBP","before":"","after":""},{"index":65,"word":">","originalText":">","characterOffsetBegin":339,"characterOffsetEnd":340,"pos":"JJR","before":"","after":" "},{"index":66,"word":"contains","originalText":"contains","characterOffsetBegin":341,"characterOffsetEnd":349,"pos":"VBZ","before":" ","after":""},{"index":67,"word":"|","originalText":"|","characterOffsetBegin":349,"characterOffsetEnd":350,"pos":"CD","before":"","after":""},{"index":68,"word":">","originalText":">","characterOffsetBegin":350,"characterOffsetEnd":351,"pos":"JJR","before":"","after":" "},{"index":69,"word":"Xlib","originalText":"Xlib","characterOffsetBegin":352,"characterOffsetEnd":356,"pos":"NN","before":" ","after":" "},{"index":70,"word":"graphics","originalText":"graphics","characterOffsetBegin":357,"characterOffsetEnd":365,"pos":"NNS","before":" ","after":""},{"index":71,"word":".","originalText":".","characterOffsetBegin":365,"characterOffsetEnd":366,"pos":".","before":"","after":"  "}]},{"index":1,"tokens":[{"index":1,"word":"A","originalText":"A","characterOffsetBegin":368,"characterOffsetEnd":369,"pos":"DT","before":"  ","after":" "},{"index":2,"word":"button","originalText":"button","characterOffsetBegin":370,"characterOffsetEnd":376,"pos":"NN","before":" ","after":" "},{"index":3,"word":"widget","originalText":"widget","characterOffsetBegin":377,"characterOffsetEnd":383,"pos":"NN","before":" ","after":""},{"index":4,"word":",","originalText":",","characterOffsetBegin":383,"characterOffsetEnd":384,"pos":",","before":"","after":" "},{"index":5,"word":"when","originalText":"when","characterOffsetBegin":385,"characterOffsetEnd":389,"pos":"WRB","before":" ","after":" "},{"index":6,"word":"pressed","originalText":"pressed","characterOffsetBegin":390,"characterOffsetEnd":397,"pos":"VBN","before":" ","after":""},{"index":7,"word":",","originalText":",","characterOffsetBegin":397,"characterOffsetEnd":398,"pos":",","before":"","after":" "},{"index":8,"word":"will","originalText":"will","characterOffsetBegin":399,"characterOffsetEnd":403,"pos":"MD","before":" ","after":" "},{"index":9,"word":"cause","originalText":"cause","characterOffsetBegin":404,"characterOffsetEnd":409,"pos":"VB","before":" ","after":" "},{"index":10,"word":"a","originalText":"a","characterOffsetBegin":410,"characterOffsetEnd":411,"pos":"DT","before":" ","after":" "},{"index":11,"word":"new","originalText":"new","characterOffsetBegin":412,"characterOffsetEnd":415,"pos":"JJ","before":" ","after":" "},{"index":12,"word":"item","originalText":"item","characterOffsetBegin":416,"characterOffsetEnd":420,"pos":"NN","before":" ","after":""},{"index":13,"word":"|","originalText":"|","characterOffsetBegin":420,"characterOffsetEnd":421,"pos":"CD","before":"","after":""},{"index":14,"word":">","originalText":">","characterOffsetBegin":421,"characterOffsetEnd":422,"pos":"JJR","before":"","after":" "},{"index":15,"word":"to","originalText":"to","characterOffsetBegin":423,"characterOffsetEnd":425,"pos":"TO","before":" ","after":" "},{"index":16,"word":"be","originalText":"be","characterOffsetBegin":426,"characterOffsetEnd":428,"pos":"VB","before":" ","after":" "},{"index":17,"word":"drawn","originalText":"drawn","characterOffsetBegin":429,"characterOffsetEnd":434,"pos":"VBN","before":" ","after":" "},{"index":18,"word":"in","originalText":"in","characterOffsetBegin":435,"characterOffsetEnd":437,"pos":"IN","before":" ","after":" "},{"index":19,"word":"the","originalText":"the","characterOffsetBegin":438,"characterOffsetEnd":441,"pos":"DT","before":" ","after":" "},{"index":20,"word":"Window","originalText":"Window","characterOffsetBegin":442,"characterOffsetEnd":448,"pos":"NNP","before":" ","after":""},{"index":21,"word":".","originalText":".","characterOffsetBegin":448,"characterOffsetEnd":449,"pos":".","before":"","after":"  "}]},{"index":2,"tokens":[{"index":1,"word":"This","originalText":"This","characterOffsetBegin":451,"characterOffsetEnd":455,"pos":"DT","before":"  ","after":" "},{"index":2,"word":"action","originalText":"action","characterOffsetBegin":456,"characterOffsetEnd":462,"pos":"NN","before":" ","after":" "},{"index":3,"word":"clearly","originalText":"clearly","characterOffsetBegin":463,"characterOffsetEnd":470,"pos":"RB","before":" ","after":" "},{"index":4,"word":"should","originalText":"should","characterOffsetBegin":471,"characterOffsetEnd":477,"pos":"MD","before":" ","after":" "},{"index":5,"word":"not","originalText":"not","characterOffsetBegin":478,"characterOffsetEnd":481,"pos":"RB","before":" ","after":" "},{"index":6,"word":"call","originalText":"call","characterOffsetBegin":482,"characterOffsetEnd":486,"pos":"VB","before":" ","after":" "},{"index":7,"word":"XCopyArea","originalText":"XCopyArea","characterOffsetBegin":487,"characterOffsetEnd":496,"pos":"NN","before":" ","after":""},{"index":8,"word":"-LRB-","originalText":"(","characterOffsetBegin":496,"characterOffsetEnd":497,"pos":"-LRB-","before":"","after":""},{"index":9,"word":"-RRB-","originalText":")","characterOffsetBegin":497,"characterOffsetEnd":498,"pos":"-RRB-","before":"","after":""},{"index":10,"word":"|","originalText":"|","characterOffsetBegin":498,"characterOffsetEnd":499,"pos":"CD","before":"","after":""},{"index":11,"word":">","originalText":">","characterOffsetBegin":499,"characterOffsetEnd":500,"pos":"JJR","before":"","after":" "},{"index":12,"word":"|","originalText":"|","characterOffsetBegin":501,"characterOffsetEnd":502,"pos":"CD","before":" ","after":""},{"index":13,"word":">","originalText":">","characterOffsetBegin":502,"characterOffsetEnd":503,"pos":"JJR","before":"","after":" "},{"index":14,"word":"-LRB-","originalText":"(","characterOffsetBegin":504,"characterOffsetEnd":505,"pos":"-LRB-","before":" ","after":""},{"index":15,"word":"or","originalText":"or","characterOffsetBegin":505,"characterOffsetEnd":507,"pos":"CC","before":"","after":" "},{"index":16,"word":"equiv","originalText":"equiv","characterOffsetBegin":508,"characterOffsetEnd":513,"pos":"NN","before":" ","after":""},{"index":17,"word":"-RRB-","originalText":")","characterOffsetBegin":513,"characterOffsetEnd":514,"pos":"-RRB-","before":"","after":" "},{"index":18,"word":"directly","originalText":"directly","characterOffsetBegin":515,"characterOffsetEnd":523,"pos":"RB","before":" ","after":""},{"index":19,"word":";","originalText":";","characterOffsetBegin":523,"characterOffsetEnd":524,"pos":":","before":"","after":" "},{"index":20,"word":"instead","originalText":"instead","characterOffsetBegin":525,"characterOffsetEnd":532,"pos":"RB","before":" ","after":""},{"index":21,"word":",","originalText":",","characterOffsetBegin":532,"characterOffsetEnd":533,"pos":",","before":"","after":" "},{"index":22,"word":"it","originalText":"it","characterOffsetBegin":534,"characterOffsetEnd":536,"pos":"PRP","before":" ","after":" "},{"index":23,"word":"should","originalText":"should","characterOffsetBegin":537,"characterOffsetEnd":543,"pos":"MD","before":" ","after":" "},{"index":24,"word":"register","originalText":"register","characterOffsetBegin":544,"characterOffsetEnd":552,"pos":"VB","before":" ","after":" "},{"index":25,"word":"the","originalText":"the","characterOffsetBegin":553,"characterOffsetEnd":556,"pos":"DT","before":" ","after":" "},{"index":26,"word":"existence","originalText":"existence","characterOffsetBegin":557,"characterOffsetEnd":566,"pos":"NN","before":" ","after":" "},{"index":27,"word":"of","originalText":"of","characterOffsetBegin":567,"characterOffsetEnd":569,"pos":"IN","before":" ","after":" "},{"index":28,"word":"the","originalText":"the","characterOffsetBegin":570,"characterOffsetEnd":573,"pos":"DT","before":" ","after":""},{"index":29,"word":"|","originalText":"|","characterOffsetBegin":573,"characterOffsetEnd":574,"pos":"CD","before":"","after":""},{"index":30,"word":">","originalText":">","characterOffsetBegin":574,"characterOffsetEnd":575,"pos":"JJR","before":"","after":" "},{"index":31,"word":"new","originalText":"new","characterOffsetBegin":576,"characterOffsetEnd":579,"pos":"JJ","before":" ","after":""},{"index":32,"word":"|","originalText":"|","characterOffsetBegin":579,"characterOffsetEnd":580,"pos":"NN","before":"","after":""},{"index":33,"word":">","originalText":">","characterOffsetBegin":580,"characterOffsetEnd":581,"pos":"JJR","before":"","after":" "},{"index":34,"word":"item","originalText":"item","characterOffsetBegin":582,"characterOffsetEnd":586,"pos":"NN","before":" ","after":" "},{"index":35,"word":"in","originalText":"in","characterOffsetBegin":587,"characterOffsetEnd":589,"pos":"IN","before":" ","after":" "},{"index":36,"word":"a","originalText":"a","characterOffsetBegin":590,"characterOffsetEnd":591,"pos":"DT","before":" ","after":" "},{"index":37,"word":"memory","originalText":"memory","characterOffsetBegin":592,"characterOffsetEnd":598,"pos":"NN","before":" ","after":" "},{"index":38,"word":"structure","originalText":"structure","characterOffsetBegin":599,"characterOffsetEnd":608,"pos":"NN","before":" ","after":" "},{"index":39,"word":"and","originalText":"and","characterOffsetBegin":609,"characterOffsetEnd":612,"pos":"CC","before":" ","after":" "},{"index":40,"word":"let","originalText":"let","characterOffsetBegin":613,"characterOffsetEnd":616,"pos":"VB","before":" ","after":" "},{"index":41,"word":"the","originalText":"the","characterOffsetBegin":617,"characterOffsetEnd":620,"pos":"DT","before":" ","after":" "},{"index":42,"word":"same","originalText":"same","characterOffsetBegin":621,"characterOffsetEnd":625,"pos":"JJ","before":" ","after":" "},{"index":43,"word":"expose","originalText":"expose","characterOffsetBegin":626,"characterOffsetEnd":632,"pos":"VB","before":" ","after":" "},{"index":44,"word":"event","originalText":"event","characterOffsetBegin":633,"characterOffsetEnd":638,"pos":"NN","before":" ","after":" "},{"index":45,"word":"handler","originalText":"handler","characterOffsetBegin":639,"characterOffsetEnd":646,"pos":"NN","before":" ","after":" "},{"index":46,"word":"that","originalText":"that","characterOffsetBegin":647,"characterOffsetEnd":651,"pos":"WDT","before":" ","after":""},{"index":47,"word":"|","originalText":"|","characterOffsetBegin":651,"characterOffsetEnd":652,"pos":"VBP","before":"","after":""},{"index":48,"word":">","originalText":">","characterOffsetBegin":652,"characterOffsetEnd":653,"pos":"JJR","before":"","after":" "},{"index":49,"word":"handles","originalText":"handles","characterOffsetBegin":654,"characterOffsetEnd":661,"pos":"VBZ","before":" ","after":""},{"index":50,"word":"|","originalText":"|","characterOffsetBegin":661,"characterOffsetEnd":662,"pos":"CD","before":"","after":""},{"index":51,"word":">","originalText":">","characterOffsetBegin":662,"characterOffsetEnd":663,"pos":"JJR","before":"","after":" "},{"index":52,"word":"``","originalText":"\"","characterOffsetBegin":664,"characterOffsetEnd":665,"pos":"``","before":" ","after":""},{"index":53,"word":"regular","originalText":"regular","characterOffsetBegin":665,"characterOffsetEnd":672,"pos":"JJ","before":"","after":""},{"index":54,"word":"''","originalText":"\"","characterOffsetBegin":672,"characterOffsetEnd":673,"pos":"''","before":"","after":" "},{"index":55,"word":"expose","originalText":"expose","characterOffsetBegin":674,"characterOffsetEnd":680,"pos":"VB","before":" ","after":" "},{"index":56,"word":"events","originalText":"events","characterOffsetBegin":681,"characterOffsetEnd":687,"pos":"NNS","before":" ","after":" "},{"index":57,"word":"-LRB-","originalText":"(","characterOffsetBegin":688,"characterOffsetEnd":689,"pos":"-LRB-","before":" ","after":""},{"index":58,"word":"e.g.","originalText":"e.g.","characterOffsetBegin":689,"characterOffsetEnd":693,"pos":"FW","before":"","after":" "},{"index":59,"word":"window","originalText":"window","characterOffsetBegin":694,"characterOffsetEnd":700,"pos":"NN","before":" ","after":" "},{"index":60,"word":"manager-driven","originalText":"manager-driven","characterOffsetBegin":701,"characterOffsetEnd":715,"pos":"JJ","before":" ","after":" "},{"index":61,"word":"exposures","originalText":"exposures","characterOffsetBegin":716,"characterOffsetEnd":725,"pos":"NNS","before":" ","after":""},{"index":62,"word":"-RRB-","originalText":")","characterOffsetBegin":725,"characterOffsetEnd":726,"pos":"-RRB-","before":"","after":" "},{"index":63,"word":"take","originalText":"take","characterOffsetBegin":727,"characterOffsetEnd":731,"pos":"VBP","before":" ","after":" "},{"index":64,"word":"care","originalText":"care","characterOffsetBegin":732,"characterOffsetEnd":736,"pos":"NN","before":" ","after":""},{"index":65,"word":"|","originalText":"|","characterOffsetBegin":736,"characterOffsetEnd":737,"pos":"CD","before":"","after":""},{"index":66,"word":">","originalText":">","characterOffsetBegin":737,"characterOffsetEnd":738,"pos":"JJR","before":"","after":" "},{"index":67,"word":"of","originalText":"of","characterOffsetBegin":739,"characterOffsetEnd":741,"pos":"IN","before":" ","after":" "},{"index":68,"word":"rendering","originalText":"rendering","characterOffsetBegin":742,"characterOffsetEnd":751,"pos":"VBG","before":" ","after":" "},{"index":69,"word":"the","originalText":"the","characterOffsetBegin":752,"characterOffsetEnd":755,"pos":"DT","before":" ","after":" "},{"index":70,"word":"new","originalText":"new","characterOffsetBegin":756,"characterOffsetEnd":759,"pos":"JJ","before":" ","after":" "},{"index":71,"word":"image","originalText":"image","characterOffsetBegin":760,"characterOffsetEnd":765,"pos":"NN","before":" ","after":""},{"index":72,"word":".","originalText":".","characterOffsetBegin":765,"characterOffsetEnd":766,"pos":".","before":"","after":"  "}]},{"index":3,"tokens":[{"index":1,"word":"Using","originalText":"Using","characterOffsetBegin":768,"characterOffsetEnd":773,"pos":"VBG","before":"  ","after":" "},{"index":2,"word":"an","originalText":"an","characterOffsetBegin":774,"characterOffsetEnd":776,"pos":"DT","before":" ","after":" "},{"index":3,"word":"expose","originalText":"expose","characterOffsetBegin":777,"characterOffsetEnd":783,"pos":"VB","before":" ","after":" "},{"index":4,"word":"event","originalText":"event","characterOffsetBegin":784,"characterOffsetEnd":789,"pos":"NN","before":" ","after":" "},{"index":5,"word":"handler","originalText":"handler","characterOffsetBegin":790,"characterOffsetEnd":797,"pos":"NN","before":" ","after":" "},{"index":6,"word":"is","originalText":"is","characterOffsetBegin":798,"characterOffsetEnd":800,"pos":"VBZ","before":" ","after":" "},{"index":7,"word":"a","originalText":"a","characterOffsetBegin":801,"characterOffsetEnd":802,"pos":"DT","before":" ","after":" "},{"index":8,"word":"``","originalText":"\"","characterOffsetBegin":803,"characterOffsetEnd":804,"pos":"``","before":" ","after":""},{"index":9,"word":"proper","originalText":"proper","characterOffsetBegin":804,"characterOffsetEnd":810,"pos":"JJ","before":"","after":""},{"index":10,"word":"''","originalText":"\"","characterOffsetBegin":810,"characterOffsetEnd":811,"pos":"''","before":"","after":""},{"index":11,"word":"|","originalText":"|","characterOffsetBegin":811,"characterOffsetEnd":812,"pos":"NN","before":"","after":""},{"index":12,"word":">","originalText":">","characterOffsetBegin":812,"characterOffsetEnd":813,"pos":"JJR","before":"","after":" "},{"index":13,"word":"way","originalText":"way","characterOffsetBegin":814,"characterOffsetEnd":817,"pos":"NN","before":" ","after":""},{"index":14,"word":"|","originalText":"|","characterOffsetBegin":817,"characterOffsetEnd":818,"pos":"CD","before":"","after":""},{"index":15,"word":">","originalText":">","characterOffsetBegin":818,"characterOffsetEnd":819,"pos":"JJR","before":"","after":" "},{"index":16,"word":"to","originalText":"to","characterOffsetBegin":820,"characterOffsetEnd":822,"pos":"TO","before":" ","after":" "},{"index":17,"word":"do","originalText":"do","characterOffsetBegin":823,"characterOffsetEnd":825,"pos":"VB","before":" ","after":" "},{"index":18,"word":"this","originalText":"this","characterOffsetBegin":826,"characterOffsetEnd":830,"pos":"DT","before":" ","after":" "},{"index":19,"word":"because","originalText":"because","characterOffsetBegin":831,"characterOffsetEnd":838,"pos":"RB","before":" ","after":" "},{"index":20,"word":"at","originalText":"at","characterOffsetBegin":839,"characterOffsetEnd":841,"pos":"IN","before":" ","after":" "},{"index":21,"word":"the","originalText":"the","characterOffsetBegin":842,"characterOffsetEnd":845,"pos":"DT","before":" ","after":" "},{"index":22,"word":"time","originalText":"time","characterOffsetBegin":846,"characterOffsetEnd":850,"pos":"NN","before":" ","after":" "},{"index":23,"word":"the","originalText":"the","characterOffsetBegin":851,"characterOffsetEnd":854,"pos":"DT","before":" ","after":" "},{"index":24,"word":"handler","originalText":"handler","characterOffsetBegin":855,"characterOffsetEnd":862,"pos":"NN","before":" ","after":" "},{"index":25,"word":"is","originalText":"is","characterOffsetBegin":863,"characterOffsetEnd":865,"pos":"VBZ","before":" ","after":" "},{"index":26,"word":"called","originalText":"called","characterOffsetBegin":866,"characterOffsetEnd":872,"pos":"VBN","before":" ","after":""},{"index":27,"word":",","originalText":",","characterOffsetBegin":872,"characterOffsetEnd":873,"pos":",","before":"","after":" "},{"index":28,"word":"the","originalText":"the","characterOffsetBegin":874,"characterOffsetEnd":877,"pos":"DT","before":" ","after":" "},{"index":29,"word":"Xlib","originalText":"Xlib","characterOffsetBegin":878,"characterOffsetEnd":882,"pos":"NNP","before":" ","after":" "},{"index":30,"word":"Window","originalText":"Window","characterOffsetBegin":883,"characterOffsetEnd":889,"pos":"NNP","before":" ","after":" "},{"index":31,"word":"is","originalText":"is","characterOffsetBegin":890,"characterOffsetEnd":892,"pos":"VBZ","before":" ","after":""},{"index":32,"word":"|","originalText":"|","characterOffsetBegin":892,"characterOffsetEnd":893,"pos":"CD","before":"","after":""},{"index":33,"word":">","originalText":">","characterOffsetBegin":893,"characterOffsetEnd":894,"pos":"JJR","before":"","after":" "},{"index":34,"word":"guaranteed","originalText":"guaranteed","characterOffsetBegin":895,"characterOffsetEnd":905,"pos":"VBN","before":" ","after":" "},{"index":35,"word":"to","originalText":"to","characterOffsetBegin":906,"characterOffsetEnd":908,"pos":"TO","before":" ","after":" "},{"index":36,"word":"be","originalText":"be","characterOffsetBegin":909,"characterOffsetEnd":911,"pos":"VB","before":" ","after":" "},{"index":37,"word":"mapped","originalText":"mapped","characterOffsetBegin":912,"characterOffsetEnd":918,"pos":"VBN","before":" ","after":""},{"index":38,"word":".","originalText":".","characterOffsetBegin":918,"characterOffsetEnd":919,"pos":".","before":"","after":""}]},{"index":4,"tokens":[{"index":1,"word":"|","originalText":"|","characterOffsetBegin":919,"characterOffsetEnd":920,"pos":"NN","before":"","after":""},{"index":2,"word":">","originalText":">","characterOffsetBegin":920,"characterOffsetEnd":921,"pos":"JJR","before":"","after":" "},{"index":3,"word":"|","originalText":"|","characterOffsetBegin":922,"characterOffsetEnd":923,"pos":"CD","before":" ","after":""},{"index":4,"word":">","originalText":">","characterOffsetBegin":923,"characterOffsetEnd":924,"pos":"JJR","before":"","after":" "},{"index":5,"word":"The","originalText":"The","characterOffsetBegin":925,"characterOffsetEnd":928,"pos":"DT","before":" ","after":" "},{"index":6,"word":"problem","originalText":"problem","characterOffsetBegin":929,"characterOffsetEnd":936,"pos":"NN","before":" ","after":""},{"index":7,"word":",","originalText":",","characterOffsetBegin":936,"characterOffsetEnd":937,"pos":",","before":"","after":" "},{"index":8,"word":"of","originalText":"of","characterOffsetBegin":938,"characterOffsetEnd":940,"pos":"IN","before":" ","after":" "},{"index":9,"word":"course","originalText":"course","characterOffsetBegin":941,"characterOffsetEnd":947,"pos":"NN","before":" ","after":""},{"index":10,"word":",","originalText":",","characterOffsetBegin":947,"characterOffsetEnd":948,"pos":",","before":"","after":" "},{"index":11,"word":"is","originalText":"is","characterOffsetBegin":949,"characterOffsetEnd":951,"pos":"VBZ","before":" ","after":" "},{"index":12,"word":"that","originalText":"that","characterOffsetBegin":952,"characterOffsetEnd":956,"pos":"IN","before":" ","after":" "},{"index":13,"word":"no","originalText":"no","characterOffsetBegin":957,"characterOffsetEnd":959,"pos":"DT","before":" ","after":" "},{"index":14,"word":"expose","originalText":"expose","characterOffsetBegin":960,"characterOffsetEnd":966,"pos":"VB","before":" ","after":" "},{"index":15,"word":"event","originalText":"event","characterOffsetBegin":967,"characterOffsetEnd":972,"pos":"NN","before":" ","after":" "},{"index":16,"word":"is","originalText":"is","characterOffsetBegin":973,"characterOffsetEnd":975,"pos":"VBZ","before":" ","after":" "},{"index":17,"word":"generated","originalText":"generated","characterOffsetBegin":976,"characterOffsetEnd":985,"pos":"VBN","before":" ","after":" "},{"index":18,"word":"if","originalText":"if","characterOffsetBegin":986,"characterOffsetEnd":988,"pos":"IN","before":" ","after":" "},{"index":19,"word":"the","originalText":"the","characterOffsetBegin":989,"characterOffsetEnd":992,"pos":"DT","before":" ","after":" "},{"index":20,"word":"window","originalText":"window","characterOffsetBegin":993,"characterOffsetEnd":999,"pos":"NN","before":" ","after":""},{"index":21,"word":"|","originalText":"|","characterOffsetBegin":999,"characterOffsetEnd":1000,"pos":"CD","before":"","after":""},{"index":22,"word":">","originalText":">","characterOffsetBegin":1000,"characterOffsetEnd":1001,"pos":"JJR","before":"","after":" "},{"index":23,"word":"is","originalText":"is","characterOffsetBegin":1002,"characterOffsetEnd":1004,"pos":"VBZ","before":" ","after":" "},{"index":24,"word":"already","originalText":"already","characterOffsetBegin":1005,"characterOffsetEnd":1012,"pos":"RB","before":" ","after":" "},{"index":25,"word":"visible","originalText":"visible","characterOffsetBegin":1013,"characterOffsetEnd":1020,"pos":"JJ","before":" ","after":" "},{"index":26,"word":"and","originalText":"and","characterOffsetBegin":1021,"characterOffsetEnd":1024,"pos":"CC","before":" ","after":" "},{"index":27,"word":"mapped","originalText":"mapped","characterOffsetBegin":1025,"characterOffsetEnd":1031,"pos":"VBN","before":" ","after":""},{"index":28,"word":".","originalText":".","characterOffsetBegin":1031,"characterOffsetEnd":1032,"pos":".","before":"","after":"  "}]},{"index":5,"tokens":[{"index":1,"word":"What","originalText":"What","characterOffsetBegin":1034,"characterOffsetEnd":1038,"pos":"WP","before":"  ","after":" "},{"index":2,"word":"we","originalText":"we","characterOffsetBegin":1039,"characterOffsetEnd":1041,"pos":"PRP","before":" ","after":" "},{"index":3,"word":"need","originalText":"need","characterOffsetBegin":1042,"characterOffsetEnd":1046,"pos":"VBP","before":" ","after":" "},{"index":4,"word":"to","originalText":"to","characterOffsetBegin":1047,"characterOffsetEnd":1049,"pos":"TO","before":" ","after":" "},{"index":5,"word":"do","originalText":"do","characterOffsetBegin":1050,"characterOffsetEnd":1052,"pos":"VB","before":" ","after":" "},{"index":6,"word":"is","originalText":"is","characterOffsetBegin":1053,"characterOffsetEnd":1055,"pos":"VBZ","before":" ","after":" "},{"index":7,"word":"somehow","originalText":"somehow","characterOffsetBegin":1056,"characterOffsetEnd":1063,"pos":"RB","before":" ","after":" "},{"index":8,"word":"``","originalText":"\"","characterOffsetBegin":1064,"characterOffsetEnd":1065,"pos":"``","before":" ","after":""},{"index":9,"word":"tickle","originalText":"tickle","characterOffsetBegin":1065,"characterOffsetEnd":1071,"pos":"VB","before":"","after":""},{"index":10,"word":"''","originalText":"\"","characterOffsetBegin":1071,"characterOffsetEnd":1072,"pos":"''","before":"","after":" "},{"index":11,"word":"the","originalText":"the","characterOffsetBegin":1073,"characterOffsetEnd":1076,"pos":"DT","before":" ","after":""},{"index":12,"word":"|","originalText":"|","characterOffsetBegin":1076,"characterOffsetEnd":1077,"pos":"CD","before":"","after":""},{"index":13,"word":">","originalText":">","characterOffsetBegin":1077,"characterOffsetEnd":1078,"pos":"JJR","before":"","after":" "},{"index":14,"word":"Window","originalText":"Window","characterOffsetBegin":1079,"characterOffsetEnd":1085,"pos":"NNP","before":" ","after":" "},{"index":15,"word":"so","originalText":"so","characterOffsetBegin":1086,"characterOffsetEnd":1088,"pos":"IN","before":" ","after":" "},{"index":16,"word":"that","originalText":"that","characterOffsetBegin":1089,"characterOffsetEnd":1093,"pos":"IN","before":" ","after":" "},{"index":17,"word":"the","originalText":"the","characterOffsetBegin":1094,"characterOffsetEnd":1097,"pos":"DT","before":" ","after":" "},{"index":18,"word":"expose","originalText":"expose","characterOffsetBegin":1098,"characterOffsetEnd":1104,"pos":"VB","before":" ","after":" "},{"index":19,"word":"handler","originalText":"handler","characterOffsetBegin":1105,"characterOffsetEnd":1112,"pos":"NN","before":" ","after":" "},{"index":20,"word":"is","originalText":"is","characterOffsetBegin":1113,"characterOffsetEnd":1115,"pos":"VBZ","before":" ","after":" "},{"index":21,"word":"hit","originalText":"hit","characterOffsetBegin":1116,"characterOffsetEnd":1119,"pos":"VBN","before":" ","after":" "},{"index":22,"word":"with","originalText":"with","characterOffsetBegin":1120,"characterOffsetEnd":1124,"pos":"IN","before":" ","after":" "},{"index":23,"word":"arguments","originalText":"arguments","characterOffsetBegin":1125,"characterOffsetEnd":1134,"pos":"NNS","before":" ","after":" "},{"index":24,"word":"that","originalText":"that","characterOffsetBegin":1135,"characterOffsetEnd":1139,"pos":"WDT","before":" ","after":" "},{"index":25,"word":"will","originalText":"will","characterOffsetBegin":1140,"characterOffsetEnd":1144,"pos":"MD","before":" ","after":" "},{"index":26,"word":"enable","originalText":"enable","characterOffsetBegin":1145,"characterOffsetEnd":1151,"pos":"VB","before":" ","after":""},{"index":27,"word":"|","originalText":"|","characterOffsetBegin":1151,"characterOffsetEnd":1152,"pos":"CD","before":"","after":""},{"index":28,"word":">","originalText":">","characterOffsetBegin":1152,"characterOffsetEnd":1153,"pos":"JJR","before":"","after":" "},{"index":29,"word":"it","originalText":"it","characterOffsetBegin":1154,"characterOffsetEnd":1156,"pos":"PRP","before":" ","after":" "},{"index":30,"word":"to","originalText":"to","characterOffsetBegin":1157,"characterOffsetEnd":1159,"pos":"TO","before":" ","after":" "},{"index":31,"word":"render","originalText":"render","characterOffsetBegin":1160,"characterOffsetEnd":1166,"pos":"VB","before":" ","after":" "},{"index":32,"word":"*","originalText":"*","characterOffsetBegin":1167,"characterOffsetEnd":1168,"pos":"SYM","before":" ","after":""},{"index":33,"word":"just","originalText":"just","characterOffsetBegin":1168,"characterOffsetEnd":1172,"pos":"RB","before":"","after":""},{"index":34,"word":"*","originalText":"*","characterOffsetBegin":1172,"characterOffsetEnd":1173,"pos":"SYM","before":"","after":" "},{"index":35,"word":"the","originalText":"the","characterOffsetBegin":1174,"characterOffsetEnd":1177,"pos":"DT","before":" ","after":" "},{"index":36,"word":"part","originalText":"part","characterOffsetBegin":1178,"characterOffsetEnd":1182,"pos":"NN","before":" ","after":" "},{"index":37,"word":"of","originalText":"of","characterOffsetBegin":1183,"characterOffsetEnd":1185,"pos":"IN","before":" ","after":" "},{"index":38,"word":"the","originalText":"the","characterOffsetBegin":1186,"characterOffsetEnd":1189,"pos":"DT","before":" ","after":" "},{"index":39,"word":"window","originalText":"window","characterOffsetBegin":1190,"characterOffsetEnd":1196,"pos":"NN","before":" ","after":" "},{"index":40,"word":"that","originalText":"that","characterOffsetBegin":1197,"characterOffsetEnd":1201,"pos":"WDT","before":" ","after":" "},{"index":41,"word":"contains","originalText":"contains","characterOffsetBegin":1202,"characterOffsetEnd":1210,"pos":"VBZ","before":" ","after":" "},{"index":42,"word":"the","originalText":"the","characterOffsetBegin":1211,"characterOffsetEnd":1214,"pos":"DT","before":" ","after":" "},{"index":43,"word":"new","originalText":"new","characterOffsetBegin":1215,"characterOffsetEnd":1218,"pos":"JJ","before":" ","after":" "},{"index":44,"word":"item","originalText":"item","characterOffsetBegin":1219,"characterOffsetEnd":1223,"pos":"NN","before":" ","after":""},{"index":45,"word":".","originalText":".","characterOffsetBegin":1223,"characterOffsetEnd":1224,"pos":".","before":"","after":""}]},{"index":6,"tokens":[{"index":1,"word":"|","originalText":"|","characterOffsetBegin":1224,"characterOffsetEnd":1225,"pos":"NN","before":"","after":""},{"index":2,"word":">","originalText":">","characterOffsetBegin":1225,"characterOffsetEnd":1226,"pos":"JJR","before":"","after":" "},{"index":3,"word":"|","originalText":"|","characterOffsetBegin":1227,"characterOffsetEnd":1228,"pos":"CD","before":" ","after":""},{"index":4,"word":">","originalText":">","characterOffsetBegin":1228,"characterOffsetEnd":1229,"pos":"JJR","before":"","after":" "},{"index":5,"word":"What","originalText":"What","characterOffsetBegin":1230,"characterOffsetEnd":1234,"pos":"WP","before":" ","after":" "},{"index":6,"word":"is","originalText":"is","characterOffsetBegin":1235,"characterOffsetEnd":1237,"pos":"VBZ","before":" ","after":" "},{"index":7,"word":"the","originalText":"the","characterOffsetBegin":1238,"characterOffsetEnd":1241,"pos":"DT","before":" ","after":" "},{"index":8,"word":"best","originalText":"best","characterOffsetBegin":1242,"characterOffsetEnd":1246,"pos":"JJS","before":" ","after":" "},{"index":9,"word":"way","originalText":"way","characterOffsetBegin":1247,"characterOffsetEnd":1250,"pos":"NN","before":" ","after":" "},{"index":10,"word":"to","originalText":"to","characterOffsetBegin":1251,"characterOffsetEnd":1253,"pos":"TO","before":" ","after":" "},{"index":11,"word":"tickle","originalText":"tickle","characterOffsetBegin":1254,"characterOffsetEnd":1260,"pos":"VB","before":" ","after":" "},{"index":12,"word":"a","originalText":"a","characterOffsetBegin":1261,"characterOffsetEnd":1262,"pos":"DT","before":" ","after":" "},{"index":13,"word":"window","originalText":"window","characterOffsetBegin":1263,"characterOffsetEnd":1269,"pos":"NN","before":" ","after":" "},{"index":14,"word":"to","originalText":"to","characterOffsetBegin":1270,"characterOffsetEnd":1272,"pos":"TO","before":" ","after":" "},{"index":15,"word":"produce","originalText":"produce","characterOffsetBegin":1273,"characterOffsetEnd":1280,"pos":"VB","before":" ","after":" "},{"index":16,"word":"this","originalText":"this","characterOffsetBegin":1281,"characterOffsetEnd":1285,"pos":"DT","before":" ","after":" "},{"index":17,"word":"behavior?To","originalText":"behavior?To","characterOffsetBegin":1286,"characterOffsetEnd":1297,"pos":"NN","before":" ","after":" "},{"index":18,"word":"incrementally","originalText":"incrementally","characterOffsetBegin":1298,"characterOffsetEnd":1311,"pos":"RB","before":" ","after":" "},{"index":19,"word":"update","originalText":"update","characterOffsetBegin":1312,"characterOffsetEnd":1318,"pos":"VBP","before":" ","after":" "},{"index":20,"word":"the","originalText":"the","characterOffsetBegin":1319,"characterOffsetEnd":1322,"pos":"DT","before":" ","after":" "},{"index":21,"word":"contents","originalText":"contents","characterOffsetBegin":1323,"characterOffsetEnd":1331,"pos":"NNS","before":" ","after":" "},{"index":22,"word":"of","originalText":"of","characterOffsetBegin":1332,"characterOffsetEnd":1334,"pos":"IN","before":" ","after":" "},{"index":23,"word":"windows","originalText":"windows","characterOffsetBegin":1335,"characterOffsetEnd":1342,"pos":"NNS","before":" ","after":""},{"index":24,"word":",","originalText":",","characterOffsetBegin":1342,"characterOffsetEnd":1343,"pos":",","before":"","after":" "},{"index":25,"word":"I","originalText":"I","characterOffsetBegin":1344,"characterOffsetEnd":1345,"pos":"PRP","before":" ","after":" "},{"index":26,"word":"use","originalText":"use","characterOffsetBegin":1346,"characterOffsetEnd":1349,"pos":"VBP","before":" ","after":" "},{"index":27,"word":"the","originalText":"the","characterOffsetBegin":1350,"characterOffsetEnd":1353,"pos":"DT","before":" ","after":" "},{"index":28,"word":"following","originalText":"following","characterOffsetBegin":1354,"characterOffsetEnd":1363,"pos":"VBG","before":" ","after":" "},{"index":29,"word":"trick","originalText":"trick","characterOffsetBegin":1364,"characterOffsetEnd":1369,"pos":"NN","before":" ","after":""},{"index":30,"word":":","originalText":":","characterOffsetBegin":1369,"characterOffsetEnd":1370,"pos":":","before":"","after":"\t"},{"index":31,"word":"1","originalText":"1","characterOffsetBegin":1371,"characterOffsetEnd":1372,"pos":"CD","before":"\t","after":""},{"index":32,"word":".","originalText":".","characterOffsetBegin":1372,"characterOffsetEnd":1373,"pos":".","before":"","after":" "}]},{"index":7,"tokens":[{"index":1,"word":"Set","originalText":"Set","characterOffsetBegin":1374,"characterOffsetEnd":1377,"pos":"VB","before":" ","after":" "},{"index":2,"word":"the","originalText":"the","characterOffsetBegin":1378,"characterOffsetEnd":1381,"pos":"DT","before":" ","after":" "},{"index":3,"word":"window","originalText":"window","characterOffsetBegin":1382,"characterOffsetEnd":1388,"pos":"NN","before":" ","after":" "},{"index":4,"word":"background","originalText":"background","characterOffsetBegin":1389,"characterOffsetEnd":1399,"pos":"NN","before":" ","after":" "},{"index":5,"word":"to","originalText":"to","characterOffsetBegin":1400,"characterOffsetEnd":1402,"pos":"TO","before":" ","after":" "},{"index":6,"word":"None","originalText":"None","characterOffsetBegin":1403,"characterOffsetEnd":1407,"pos":"NN","before":" ","after":""},{"index":7,"word":",","originalText":",","characterOffsetBegin":1407,"characterOffsetEnd":1408,"pos":",","before":"","after":"\t"},{"index":8,"word":"2","originalText":"2","characterOffsetBegin":1409,"characterOffsetEnd":1410,"pos":"CD","before":"\t","after":""},{"index":9,"word":".","originalText":".","characterOffsetBegin":1410,"characterOffsetEnd":1411,"pos":".","before":"","after":" "}]},{"index":8,"tokens":[{"index":1,"word":"Call","originalText":"Call","characterOffsetBegin":1412,"characterOffsetEnd":1416,"pos":"VB","before":" ","after":" "},{"index":2,"word":"XClearArea","originalText":"XClearArea","characterOffsetBegin":1417,"characterOffsetEnd":1427,"pos":"NN","before":" ","after":""},{"index":3,"word":"-LRB-","originalText":"(","characterOffsetBegin":1427,"characterOffsetEnd":1428,"pos":"-LRB-","before":"","after":""},{"index":4,"word":"display","originalText":"display","characterOffsetBegin":1428,"characterOffsetEnd":1435,"pos":"NN","before":"","after":""},{"index":5,"word":",","originalText":",","characterOffsetBegin":1435,"characterOffsetEnd":1436,"pos":",","before":"","after":" "},{"index":6,"word":"window","originalText":"window","characterOffsetBegin":1437,"characterOffsetEnd":1443,"pos":"NN","before":" ","after":""},{"index":7,"word":",","originalText":",","characterOffsetBegin":1443,"characterOffsetEnd":1444,"pos":",","before":"","after":" "},{"index":8,"word":"0","originalText":"0","characterOffsetBegin":1445,"characterOffsetEnd":1446,"pos":"CD","before":" ","after":""},{"index":9,"word":",","originalText":",","characterOffsetBegin":1446,"characterOffsetEnd":1447,"pos":",","before":"","after":" "},{"index":10,"word":"0","originalText":"0","characterOffsetBegin":1448,"characterOffsetEnd":1449,"pos":"CD","before":" ","after":""},{"index":11,"word":",","originalText":",","characterOffsetBegin":1449,"characterOffsetEnd":1450,"pos":",","before":"","after":" "},{"index":12,"word":"0","originalText":"0","characterOffsetBegin":1451,"characterOffsetEnd":1452,"pos":"CD","before":" ","after":""},{"index":13,"word":",","originalText":",","characterOffsetBegin":1452,"characterOffsetEnd":1453,"pos":",","before":"","after":" "},{"index":14,"word":"0","originalText":"0","characterOffsetBegin":1454,"characterOffsetEnd":1455,"pos":"CD","before":" ","after":""},{"index":15,"word":",","originalText":",","characterOffsetBegin":1455,"characterOffsetEnd":1456,"pos":",","before":"","after":" "},{"index":16,"word":"True","originalText":"True","characterOffsetBegin":1457,"characterOffsetEnd":1461,"pos":"JJ","before":" ","after":""},{"index":17,"word":"-RRB-","originalText":")","characterOffsetBegin":1461,"characterOffsetEnd":1462,"pos":"-RRB-","before":"","after":""},{"index":18,"word":",","originalText":",","characterOffsetBegin":1462,"characterOffsetEnd":1463,"pos":",","before":"","after":"\t"},{"index":19,"word":"3","originalText":"3","characterOffsetBegin":1464,"characterOffsetEnd":1465,"pos":"CD","before":"\t","after":""},{"index":20,"word":".","originalText":".","characterOffsetBegin":1465,"characterOffsetEnd":1466,"pos":".","before":"","after":" "}]},{"index":9,"tokens":[{"index":1,"word":"Restore","originalText":"Restore","characterOffsetBegin":1467,"characterOffsetEnd":1474,"pos":"VB","before":" ","after":" "},{"index":2,"word":"the","originalText":"the","characterOffsetBegin":1475,"characterOffsetEnd":1478,"pos":"DT","before":" ","after":" "},{"index":3,"word":"window","originalText":"window","characterOffsetBegin":1479,"characterOffsetEnd":1485,"pos":"NN","before":" ","after":" "},{"index":4,"word":"background","originalText":"background","characterOffsetBegin":1486,"characterOffsetEnd":1496,"pos":"NN","before":" ","after":" "},{"index":5,"word":"to","originalText":"to","characterOffsetBegin":1497,"characterOffsetEnd":1499,"pos":"TO","before":" ","after":" "},{"index":6,"word":"its","originalText":"its","characterOffsetBegin":1500,"characterOffsetEnd":1503,"pos":"PRP$","before":" ","after":" "},{"index":7,"word":"correct","originalText":"correct","characterOffsetBegin":1504,"characterOffsetEnd":1511,"pos":"JJ","before":" ","after":" "},{"index":8,"word":"value.The","originalText":"value.The","characterOffsetBegin":1512,"characterOffsetEnd":1521,"pos":"NNP","before":" ","after":" "},{"index":9,"word":"call","originalText":"call","characterOffsetBegin":1522,"characterOffsetEnd":1526,"pos":"NN","before":" ","after":" "},{"index":10,"word":"to","originalText":"to","characterOffsetBegin":1527,"characterOffsetEnd":1529,"pos":"TO","before":" ","after":" "},{"index":11,"word":"XClearArea","originalText":"XClearArea","characterOffsetBegin":1530,"characterOffsetEnd":1540,"pos":"NN","before":" ","after":" "},{"index":12,"word":"does","originalText":"does","characterOffsetBegin":1541,"characterOffsetEnd":1545,"pos":"VBZ","before":" ","after":" "},{"index":13,"word":"not","originalText":"not","characterOffsetBegin":1546,"characterOffsetEnd":1549,"pos":"RB","before":" ","after":" "},{"index":14,"word":"repaint","originalText":"repaint","characterOffsetBegin":1550,"characterOffsetEnd":1557,"pos":"VB","before":" ","after":" "},{"index":15,"word":"the","originalText":"the","characterOffsetBegin":1558,"characterOffsetEnd":1561,"pos":"DT","before":" ","after":" "},{"index":16,"word":"window","originalText":"window","characterOffsetBegin":1562,"characterOffsetEnd":1568,"pos":"NN","before":" ","after":" "},{"index":17,"word":"background","originalText":"background","characterOffsetBegin":1569,"characterOffsetEnd":1579,"pos":"NN","before":" ","after":""},{"index":18,"word":",","originalText":",","characterOffsetBegin":1579,"characterOffsetEnd":1580,"pos":",","before":"","after":" "},{"index":19,"word":"but","originalText":"but","characterOffsetBegin":1581,"characterOffsetEnd":1584,"pos":"CC","before":" ","after":" "},{"index":20,"word":"stillgenerates","originalText":"stillgenerates","characterOffsetBegin":1585,"characterOffsetEnd":1599,"pos":"VBZ","before":" ","after":" "},{"index":21,"word":"exposure","originalText":"exposure","characterOffsetBegin":1600,"characterOffsetEnd":1608,"pos":"NN","before":" ","after":" "},{"index":22,"word":"events","originalText":"events","characterOffsetBegin":1609,"characterOffsetEnd":1615,"pos":"NNS","before":" ","after":" "},{"index":23,"word":"for","originalText":"for","characterOffsetBegin":1616,"characterOffsetEnd":1619,"pos":"IN","before":" ","after":" "},{"index":24,"word":"visible","originalText":"visible","characterOffsetBegin":1620,"characterOffsetEnd":1627,"pos":"JJ","before":" ","after":" "},{"index":25,"word":"parts","originalText":"parts","characterOffsetBegin":1628,"characterOffsetEnd":1633,"pos":"NNS","before":" ","after":" "},{"index":26,"word":"of","originalText":"of","characterOffsetBegin":1634,"characterOffsetEnd":1636,"pos":"IN","before":" ","after":" "},{"index":27,"word":"the","originalText":"the","characterOffsetBegin":1637,"characterOffsetEnd":1640,"pos":"DT","before":" ","after":" "},{"index":28,"word":"window.In","originalText":"window.In","characterOffsetBegin":1641,"characterOffsetEnd":1650,"pos":"NN","before":" ","after":" "},{"index":29,"word":"order","originalText":"order","characterOffsetBegin":1651,"characterOffsetEnd":1656,"pos":"NN","before":" ","after":" "},{"index":30,"word":"to","originalText":"to","characterOffsetBegin":1657,"characterOffsetEnd":1659,"pos":"TO","before":" ","after":" "},{"index":31,"word":"let","originalText":"let","characterOffsetBegin":1660,"characterOffsetEnd":1663,"pos":"VB","before":" ","after":" "},{"index":32,"word":"my","originalText":"my","characterOffsetBegin":1664,"characterOffsetEnd":1666,"pos":"PRP$","before":" ","after":" "},{"index":33,"word":"application","originalText":"application","characterOffsetBegin":1667,"characterOffsetEnd":1678,"pos":"NN","before":" ","after":" "},{"index":34,"word":"know","originalText":"know","characterOffsetBegin":1679,"characterOffsetEnd":1683,"pos":"VBP","before":" ","after":" "},{"index":35,"word":"that","originalText":"that","characterOffsetBegin":1684,"characterOffsetEnd":1688,"pos":"IN","before":" ","after":" "},{"index":36,"word":"these","originalText":"these","characterOffsetBegin":1689,"characterOffsetEnd":1694,"pos":"DT","before":" ","after":" "},{"index":37,"word":"expose","originalText":"expose","characterOffsetBegin":1695,"characterOffsetEnd":1701,"pos":"VB","before":" ","after":" "},{"index":38,"word":"events","originalText":"events","characterOffsetBegin":1702,"characterOffsetEnd":1708,"pos":"NNS","before":" ","after":" "},{"index":39,"word":"must","originalText":"must","characterOffsetBegin":1709,"characterOffsetEnd":1713,"pos":"MD","before":" ","after":" "},{"index":40,"word":"be","originalText":"be","characterOffsetBegin":1714,"characterOffsetEnd":1716,"pos":"VB","before":" ","after":" "},{"index":41,"word":"handledincrementally","originalText":"handledincrementally","characterOffsetBegin":1717,"characterOffsetEnd":1737,"pos":"RB","before":" ","after":" "},{"index":42,"word":"-LRB-","originalText":"(","characterOffsetBegin":1738,"characterOffsetEnd":1739,"pos":"-LRB-","before":" ","after":""},{"index":43,"word":"something","originalText":"something","characterOffsetBegin":1739,"characterOffsetEnd":1748,"pos":"NN","before":"","after":" "},{"index":44,"word":"is","originalText":"is","characterOffsetBegin":1749,"characterOffsetEnd":1751,"pos":"VBZ","before":" ","after":" "},{"index":45,"word":"already","originalText":"already","characterOffsetBegin":1752,"characterOffsetEnd":1759,"pos":"RB","before":" ","after":" "},{"index":46,"word":"displayed","originalText":"displayed","characterOffsetBegin":1760,"characterOffsetEnd":1769,"pos":"VBN","before":" ","after":" "},{"index":47,"word":"on","originalText":"on","characterOffsetBegin":1770,"characterOffsetEnd":1772,"pos":"IN","before":" ","after":" "},{"index":48,"word":"the","originalText":"the","characterOffsetBegin":1773,"characterOffsetEnd":1776,"pos":"DT","before":" ","after":" "},{"index":49,"word":"screen","originalText":"screen","characterOffsetBegin":1777,"characterOffsetEnd":1783,"pos":"NN","before":" ","after":" "},{"index":50,"word":"and","originalText":"and","characterOffsetBegin":1784,"characterOffsetEnd":1787,"pos":"CC","before":" ","after":" "},{"index":51,"word":"may","originalText":"may","characterOffsetBegin":1788,"characterOffsetEnd":1791,"pos":"MD","before":" ","after":" "},{"index":52,"word":"need","originalText":"need","characterOffsetBegin":1792,"characterOffsetEnd":1796,"pos":"VB","before":" ","after":" "},{"index":53,"word":"tobe","originalText":"tobe","characterOffsetBegin":1797,"characterOffsetEnd":1801,"pos":"NN","before":" ","after":" "},{"index":54,"word":"erased","originalText":"erased","characterOffsetBegin":1802,"characterOffsetEnd":1808,"pos":"VBN","before":" ","after":""},{"index":55,"word":"-RRB-","originalText":")","characterOffsetBegin":1808,"characterOffsetEnd":1809,"pos":"-RRB-","before":"","after":""},{"index":56,"word":",","originalText":",","characterOffsetBegin":1809,"characterOffsetEnd":1810,"pos":",","before":"","after":" "},{"index":57,"word":"I","originalText":"I","characterOffsetBegin":1811,"characterOffsetEnd":1812,"pos":"PRP","before":" ","after":" "},{"index":58,"word":"encapsulate","originalText":"encapsulate","characterOffsetBegin":1813,"characterOffsetEnd":1824,"pos":"VBP","before":" ","after":" "},{"index":59,"word":"the","originalText":"the","characterOffsetBegin":1825,"characterOffsetEnd":1828,"pos":"DT","before":" ","after":" "},{"index":60,"word":"3","originalText":"3","characterOffsetBegin":1829,"characterOffsetEnd":1830,"pos":"CD","before":" ","after":" "},{"index":61,"word":"operations","originalText":"operations","characterOffsetBegin":1831,"characterOffsetEnd":1841,"pos":"NNS","before":" ","after":" "},{"index":62,"word":"with","originalText":"with","characterOffsetBegin":1842,"characterOffsetEnd":1846,"pos":"IN","before":" ","after":" "},{"index":63,"word":"2","originalText":"2","characterOffsetBegin":1847,"characterOffsetEnd":1848,"pos":"CD","before":" ","after":" "},{"index":64,"word":"self","originalText":"self","characterOffsetBegin":1849,"characterOffsetEnd":1853,"pos":"NN","before":" ","after":" "},{"index":65,"word":"addressed","originalText":"addressed","characterOffsetBegin":1854,"characterOffsetEnd":1863,"pos":"VBD","before":" ","after":" "},{"index":66,"word":"clientmessages","originalText":"clientmessages","characterOffsetBegin":1864,"characterOffsetEnd":1878,"pos":"NNS","before":" ","after":""},{"index":67,"word":",","originalText":",","characterOffsetBegin":1878,"characterOffsetEnd":1879,"pos":",","before":"","after":" "},{"index":68,"word":"which","originalText":"which","characterOffsetBegin":1880,"characterOffsetEnd":1885,"pos":"WDT","before":" ","after":" "},{"index":69,"word":"preserve","originalText":"preserve","characterOffsetBegin":1886,"characterOffsetEnd":1894,"pos":"VBP","before":" ","after":" "},{"index":70,"word":"asynchronicity","originalText":"asynchronicity","characterOffsetBegin":1895,"characterOffsetEnd":1909,"pos":"NN","before":" ","after":" "},{"index":71,"word":"between","originalText":"between","characterOffsetBegin":1910,"characterOffsetEnd":1917,"pos":"IN","before":" ","after":" "},{"index":72,"word":"the","originalText":"the","characterOffsetBegin":1918,"characterOffsetEnd":1921,"pos":"DT","before":" ","after":" "},{"index":73,"word":"client","originalText":"client","characterOffsetBegin":1922,"characterOffsetEnd":1928,"pos":"NN","before":" ","after":" "},{"index":74,"word":"and","originalText":"and","characterOffsetBegin":1929,"characterOffsetEnd":1932,"pos":"CC","before":" ","after":" "},{"index":75,"word":"the","originalText":"the","characterOffsetBegin":1933,"characterOffsetEnd":1936,"pos":"DT","before":" ","after":" "},{"index":76,"word":"server.XGrabServer","originalText":"server.XGrabServer","characterOffsetBegin":1937,"characterOffsetEnd":1955,"pos":"NN","before":" ","after":""},{"index":77,"word":"-LRB-","originalText":"(","characterOffsetBegin":1955,"characterOffsetEnd":1956,"pos":"-LRB-","before":"","after":""},{"index":78,"word":"display","originalText":"display","characterOffsetBegin":1956,"characterOffsetEnd":1963,"pos":"NN","before":"","after":""},{"index":79,"word":"-RRB-","originalText":")","characterOffsetBegin":1963,"characterOffsetEnd":1964,"pos":"-RRB-","before":"","after":""},{"index":80,"word":"client","originalText":"client","characterOffsetBegin":1964,"characterOffsetEnd":1970,"pos":"NN","before":"","after":" "},{"index":81,"word":"message","originalText":"message","characterOffsetBegin":1971,"characterOffsetEnd":1978,"pos":"NN","before":" ","after":" "},{"index":82,"word":"-LRB-","originalText":"(","characterOffsetBegin":1979,"characterOffsetEnd":1980,"pos":"-LRB-","before":" ","after":""},{"index":83,"word":"start-incremental","originalText":"start-incremental","characterOffsetBegin":1980,"characterOffsetEnd":1997,"pos":"JJ","before":"","after":""},{"index":84,"word":"-RRB-","originalText":")","characterOffsetBegin":1997,"characterOffsetEnd":1998,"pos":"-RRB-","before":"","after":" \t"},{"index":85,"word":"background","originalText":"background","characterOffsetBegin":2000,"characterOffsetEnd":2010,"pos":"NN","before":" \t","after":" "},{"index":86,"word":"None","originalText":"None","characterOffsetBegin":2011,"characterOffsetEnd":2015,"pos":"NN","before":" ","after":"\t"},{"index":87,"word":"XClearArea","originalText":"XClearArea","characterOffsetBegin":2016,"characterOffsetEnd":2026,"pos":"NN","before":"\t","after":"\t"},{"index":88,"word":"Restore","originalText":"Restore","characterOffsetBegin":2027,"characterOffsetEnd":2034,"pos":"VB","before":"\t","after":" "},{"index":89,"word":"background","originalText":"background","characterOffsetBegin":2035,"characterOffsetEnd":2045,"pos":"NN","before":" ","after":" "},{"index":90,"word":"client","originalText":"client","characterOffsetBegin":2046,"characterOffsetEnd":2052,"pos":"NN","before":" ","after":" "},{"index":91,"word":"message","originalText":"message","characterOffsetBegin":2053,"characterOffsetEnd":2060,"pos":"NN","before":" ","after":" "},{"index":92,"word":"-LRB-","originalText":"(","characterOffsetBegin":2061,"characterOffsetEnd":2062,"pos":"-LRB-","before":" ","after":""},{"index":93,"word":"end-incremental","originalText":"end-incremental","characterOffsetBegin":2062,"characterOffsetEnd":2077,"pos":"JJ","before":"","after":""},{"index":94,"word":"-RRB-","originalText":")","characterOffsetBegin":2077,"characterOffsetEnd":2078,"pos":"-RRB-","before":"","after":""},{"index":95,"word":"XUngrabServer","originalText":"XUngrabServer","characterOffsetBegin":2078,"characterOffsetEnd":2091,"pos":"NN","before":"","after":""},{"index":96,"word":"-LRB-","originalText":"(","characterOffsetBegin":2091,"characterOffsetEnd":2092,"pos":"-LRB-","before":"","after":""},{"index":97,"word":"display","originalText":"display","characterOffsetBegin":2092,"characterOffsetEnd":2099,"pos":"NN","before":"","after":""},{"index":98,"word":"-RRB-","originalText":")","characterOffsetBegin":2099,"characterOffsetEnd":2100,"pos":"-RRB-","before":"","after":""},{"index":99,"word":"The","originalText":"The","characterOffsetBegin":2100,"characterOffsetEnd":2103,"pos":"DT","before":"","after":" "},{"index":100,"word":"GrabServer","originalText":"GrabServer","characterOffsetBegin":2104,"characterOffsetEnd":2114,"pos":"NN","before":" ","after":" "},{"index":101,"word":"prevents","originalText":"prevents","characterOffsetBegin":2115,"characterOffsetEnd":2123,"pos":"VBZ","before":" ","after":" "},{"index":102,"word":"other","originalText":"other","characterOffsetBegin":2124,"characterOffsetEnd":2129,"pos":"JJ","before":" ","after":" "},{"index":103,"word":"events","originalText":"events","characterOffsetBegin":2130,"characterOffsetEnd":2136,"pos":"NNS","before":" ","after":" "},{"index":104,"word":"to","originalText":"to","characterOffsetBegin":2137,"characterOffsetEnd":2139,"pos":"TO","before":" ","after":" "},{"index":105,"word":"be","originalText":"be","characterOffsetBegin":2140,"characterOffsetEnd":2142,"pos":"VB","before":" ","after":" "},{"index":106,"word":"inserted","originalText":"inserted","characterOffsetBegin":2143,"characterOffsetEnd":2151,"pos":"VBN","before":" ","after":" "},{"index":107,"word":"by","originalText":"by","characterOffsetBegin":2152,"characterOffsetEnd":2154,"pos":"IN","before":" ","after":" "},{"index":108,"word":"the","originalText":"the","characterOffsetBegin":2155,"characterOffsetEnd":2158,"pos":"DT","before":" ","after":" "},{"index":109,"word":"server","originalText":"server","characterOffsetBegin":2159,"characterOffsetEnd":2165,"pos":"NN","before":" ","after":" "},{"index":110,"word":"in","originalText":"in","characterOffsetBegin":2166,"characterOffsetEnd":2168,"pos":"IN","before":" ","after":" "},{"index":111,"word":"thecritical","originalText":"thecritical","characterOffsetBegin":2169,"characterOffsetEnd":2180,"pos":"JJ","before":" ","after":" "},{"index":112,"word":"section","originalText":"section","characterOffsetBegin":2181,"characterOffsetEnd":2188,"pos":"NN","before":" ","after":""},{"index":113,"word":".","originalText":".","characterOffsetBegin":2188,"characterOffsetEnd":2189,"pos":".","before":"","after":""}]},{"index":10,"tokens":[{"index":1,"word":"--","originalText":"---","characterOffsetBegin":2189,"characterOffsetEnd":2192,"pos":":","before":"","after":""},{"index":2,"word":"Vincent","originalText":"Vincent","characterOffsetBegin":2192,"characterOffsetEnd":2199,"pos":"NNP","before":"","after":" "},{"index":3,"word":"Prunet","originalText":"Prunet","characterOffsetBegin":2200,"characterOffsetEnd":2206,"pos":"NNP","before":" ","after":""},{"index":4,"word":",","originalText":",","characterOffsetBegin":2206,"characterOffsetEnd":2207,"pos":",","before":"","after":" "},{"index":5,"word":"Sema","originalText":"Sema","characterOffsetBegin":2208,"characterOffsetEnd":2212,"pos":"NNP","before":" ","after":" "},{"index":6,"word":"Group","originalText":"Group","characterOffsetBegin":2213,"characterOffsetEnd":2218,"pos":"NNP","before":" ","after":" "},{"index":7,"word":"Sophia","originalText":"Sophia","characterOffsetBegin":2219,"characterOffsetEnd":2225,"pos":"NNP","before":" ","after":" "},{"index":8,"word":"AntipolisINRIA","originalText":"AntipolisINRIA","characterOffsetBegin":2226,"characterOffsetEnd":2240,"pos":"NNP","before":" ","after":"       "},{"index":9,"word":"BP","originalText":"BP","characterOffsetBegin":2247,"characterOffsetEnd":2249,"pos":"NNP","before":"       ","after":" "},{"index":10,"word":"93","originalText":"93","characterOffsetBegin":2250,"characterOffsetEnd":2252,"pos":"CD","before":" ","after":"    "},{"index":11,"word":"06902","originalText":"06902","characterOffsetBegin":2256,"characterOffsetEnd":2261,"pos":"CD","before":"    ","after":" "},{"index":12,"word":"SOPHIA","originalText":"SOPHIA","characterOffsetBegin":2262,"characterOffsetEnd":2268,"pos":"NNP","before":" ","after":" "},{"index":13,"word":"ANTIPOLIS","originalText":"ANTIPOLIS","characterOffsetBegin":2269,"characterOffsetEnd":2278,"pos":"NNP","before":" ","after":" "},{"index":14,"word":"Cedex","originalText":"Cedex","characterOffsetBegin":2279,"characterOffsetEnd":2284,"pos":"NNP","before":" ","after":"  "},{"index":15,"word":"FRANCEprunet@sophia.inria.fr,","originalText":"FRANCEprunet@sophia.inria.fr,","characterOffsetBegin":2286,"characterOffsetEnd":2315,"pos":"NNP","before":"  ","after":" "},{"index":16,"word":"-LRB-","originalText":"(","characterOffsetBegin":2316,"characterOffsetEnd":2317,"pos":"-LRB-","before":" ","after":""},{"index":17,"word":"33","originalText":"33","characterOffsetBegin":2317,"characterOffsetEnd":2319,"pos":"CD","before":"","after":""},{"index":18,"word":"-RRB-","originalText":")","characterOffsetBegin":2319,"characterOffsetEnd":2320,"pos":"-RRB-","before":"","after":" "},{"index":19,"word":"93","originalText":"93","characterOffsetBegin":2321,"characterOffsetEnd":2323,"pos":"CD","before":" ","after":" "},{"index":20,"word":"65","originalText":"65","characterOffsetBegin":2324,"characterOffsetEnd":2326,"pos":"CD","before":" ","after":" "},{"index":21,"word":"78","originalText":"78","characterOffsetBegin":2327,"characterOffsetEnd":2329,"pos":"CD","before":" ","after":" "},{"index":22,"word":"42","originalText":"42","characterOffsetBegin":2330,"characterOffsetEnd":2332,"pos":"CD","before":" ","after":""},{"index":23,"word":",","originalText":",","characterOffsetBegin":2332,"characterOffsetEnd":2333,"pos":",","before":"","after":" "},{"index":24,"word":"Fax","originalText":"Fax","characterOffsetBegin":2334,"characterOffsetEnd":2337,"pos":"NNP","before":" ","after":""},{"index":25,"word":":","originalText":":","characterOffsetBegin":2337,"characterOffsetEnd":2338,"pos":":","before":"","after":""},{"index":26,"word":"-LRB-","originalText":"(","characterOffsetBegin":2338,"characterOffsetEnd":2339,"pos":"-LRB-","before":"","after":""},{"index":27,"word":"33","originalText":"33","characterOffsetBegin":2339,"characterOffsetEnd":2341,"pos":"CD","before":"","after":""},{"index":28,"word":"-RRB-","originalText":")","characterOffsetBegin":2341,"characterOffsetEnd":2342,"pos":"-RRB-","before":"","after":" "},{"index":29,"word":"93","originalText":"93","characterOffsetBegin":2343,"characterOffsetEnd":2345,"pos":"CD","before":" ","after":" "},{"index":30,"word":"65","originalText":"65","characterOffsetBegin":2346,"characterOffsetEnd":2348,"pos":"CD","before":" ","after":" "},{"index":31,"word":"77","originalText":"77","characterOffsetBegin":2349,"characterOffsetEnd":2351,"pos":"CD","before":" ","after":" "},{"index":32,"word":"66","originalText":"66","characterOffsetBegin":2352,"characterOffsetEnd":2354,"pos":"CD","before":" ","after":""}]}]}