{"sentences":[{"index":0,"tokens":[{"index":1,"word":"From","originalText":"From","characterOffsetBegin":0,"characterOffsetEnd":4,"pos":"IN","before":"","after":""},{"index":2,"word":":","originalText":":","characterOffsetBegin":4,"characterOffsetEnd":5,"pos":":","before":"","after":" "},{"index":3,"word":"bentz@blustone.uucp","originalText":"bentz@blustone.uucp","characterOffsetBegin":6,"characterOffsetEnd":25,"pos":"NN","before":" ","after":" "},{"index":4,"word":"-LRB-","originalText":"(","characterOffsetBegin":26,"characterOffsetEnd":27,"pos":"-LRB-","before":" ","after":""},{"index":5,"word":"Ray","originalText":"Ray","characterOffsetBegin":27,"characterOffsetEnd":30,"pos":"NNP","before":"","after":" "},{"index":6,"word":"Bentz","originalText":"Bentz","characterOffsetBegin":31,"characterOffsetEnd":36,"pos":"NNP","before":" ","after":""},{"index":7,"word":"-RRB-","originalText":")","characterOffsetBegin":36,"characterOffsetEnd":37,"pos":"-RRB-","before":"","after":""},{"index":8,"word":"Subject","originalText":"Subject","characterOffsetBegin":37,"characterOffsetEnd":44,"pos":"NNP","before":"","after":""},{"index":9,"word":":","originalText":":","characterOffsetBegin":44,"characterOffsetEnd":45,"pos":":","before":"","after":" "},{"index":10,"word":"SPARC","originalText":"SPARC","characterOffsetBegin":46,"characterOffsetEnd":51,"pos":"NNP","before":" ","after":" "},{"index":11,"word":"IPC","originalText":"IPC","characterOffsetBegin":52,"characterOffsetEnd":55,"pos":"NNP","before":" ","after":" "},{"index":12,"word":"Sprite","originalText":"Sprite","characterOffsetBegin":56,"characterOffsetEnd":62,"pos":"NNP","before":" ","after":" "},{"index":13,"word":"goes","originalText":"goes","characterOffsetBegin":63,"characterOffsetEnd":67,"pos":"VBZ","before":" ","after":" "},{"index":14,"word":"off","originalText":"off","characterOffsetBegin":68,"characterOffsetEnd":71,"pos":"RP","before":" ","after":" "},{"index":15,"word":"screenEnvironment","originalText":"screenEnvironment","characterOffsetBegin":72,"characterOffsetEnd":89,"pos":"NN","before":" ","after":""},{"index":16,"word":":","originalText":":","characterOffsetBegin":89,"characterOffsetEnd":90,"pos":":","before":"","after":"\t"},{"index":17,"word":"X11R4","originalText":"X11R4","characterOffsetBegin":91,"characterOffsetEnd":96,"pos":"NN","before":"\t","after":"\t"},{"index":18,"word":"Motif","originalText":"Motif","characterOffsetBegin":97,"characterOffsetEnd":102,"pos":"NN","before":"\t","after":" "},{"index":19,"word":"1.1.4","originalText":"1.1.4","characterOffsetBegin":103,"characterOffsetEnd":108,"pos":"CD","before":" ","after":"\t"},{"index":20,"word":"Sun","originalText":"Sun","characterOffsetBegin":109,"characterOffsetEnd":112,"pos":"NNP","before":"\t","after":" "},{"index":21,"word":"IPC","originalText":"IPC","characterOffsetBegin":113,"characterOffsetEnd":116,"pos":"NNP","before":" ","after":" "},{"index":22,"word":"4.1.3","originalText":"4.1.3","characterOffsetBegin":117,"characterOffsetEnd":122,"pos":"CD","before":" ","after":""},{"index":23,"word":"Problem","originalText":"Problem","characterOffsetBegin":122,"characterOffsetEnd":129,"pos":"NNP","before":"","after":""},{"index":24,"word":":","originalText":":","characterOffsetBegin":129,"characterOffsetEnd":130,"pos":":","before":"","after":"\t"},{"index":25,"word":"When","originalText":"When","characterOffsetBegin":131,"characterOffsetEnd":135,"pos":"WRB","before":"\t","after":" "},{"index":26,"word":"mouse","originalText":"mouse","characterOffsetBegin":136,"characterOffsetEnd":141,"pos":"NN","before":" ","after":" "},{"index":27,"word":"is","originalText":"is","characterOffsetBegin":142,"characterOffsetEnd":144,"pos":"VBZ","before":" ","after":" "},{"index":28,"word":"moved","originalText":"moved","characterOffsetBegin":145,"characterOffsetEnd":150,"pos":"VBN","before":" ","after":" "},{"index":29,"word":"across","originalText":"across","characterOffsetBegin":151,"characterOffsetEnd":157,"pos":"IN","before":" ","after":" "},{"index":30,"word":"screen","originalText":"screen","characterOffsetBegin":158,"characterOffsetEnd":164,"pos":"NN","before":" ","after":" "},{"index":31,"word":"horizontally","originalText":"horizontally","characterOffsetBegin":165,"characterOffsetEnd":177,"pos":"RB","before":" ","after":""},{"index":32,"word":",","originalText":",","characterOffsetBegin":177,"characterOffsetEnd":178,"pos":",","before":"","after":" "},{"index":33,"word":"the","originalText":"the","characterOffsetBegin":179,"characterOffsetEnd":182,"pos":"DT","before":" ","after":" "},{"index":34,"word":"sprite","originalText":"sprite","characterOffsetBegin":183,"characterOffsetEnd":189,"pos":"NN","before":" ","after":" "},{"index":35,"word":"goes","originalText":"goes","characterOffsetBegin":190,"characterOffsetEnd":194,"pos":"VBZ","before":" ","after":" "},{"index":36,"word":"off","originalText":"off","characterOffsetBegin":195,"characterOffsetEnd":198,"pos":"IN","before":" ","after":"\t"},{"index":37,"word":"of","originalText":"of","characterOffsetBegin":199,"characterOffsetEnd":201,"pos":"IN","before":"\t","after":" "},{"index":38,"word":"the","originalText":"the","characterOffsetBegin":202,"characterOffsetEnd":205,"pos":"DT","before":" ","after":" "},{"index":39,"word":"edge","originalText":"edge","characterOffsetBegin":206,"characterOffsetEnd":210,"pos":"NN","before":" ","after":" "},{"index":40,"word":"of","originalText":"of","characterOffsetBegin":211,"characterOffsetEnd":213,"pos":"IN","before":" ","after":" "},{"index":41,"word":"the","originalText":"the","characterOffsetBegin":214,"characterOffsetEnd":217,"pos":"DT","before":" ","after":" "},{"index":42,"word":"screen","originalText":"screen","characterOffsetBegin":218,"characterOffsetEnd":224,"pos":"NN","before":" ","after":" "},{"index":43,"word":"and","originalText":"and","characterOffsetBegin":225,"characterOffsetEnd":228,"pos":"CC","before":" ","after":" "},{"index":44,"word":"reappears","originalText":"reappears","characterOffsetBegin":229,"characterOffsetEnd":238,"pos":"VBZ","before":" ","after":" "},{"index":45,"word":"at","originalText":"at","characterOffsetBegin":239,"characterOffsetEnd":241,"pos":"IN","before":" ","after":" "},{"index":46,"word":"the","originalText":"the","characterOffsetBegin":242,"characterOffsetEnd":245,"pos":"DT","before":" ","after":" "},{"index":47,"word":"*","originalText":"*","characterOffsetBegin":246,"characterOffsetEnd":247,"pos":"NN","before":" ","after":""},{"index":48,"word":"other","originalText":"other","characterOffsetBegin":247,"characterOffsetEnd":252,"pos":"JJ","before":"","after":""},{"index":49,"word":"*","originalText":"*","characterOffsetBegin":252,"characterOffsetEnd":253,"pos":"SYM","before":"","after":" "},{"index":50,"word":"edge","originalText":"edge","characterOffsetBegin":254,"characterOffsetEnd":258,"pos":"NN","before":" ","after":""},{"index":51,"word":".","originalText":".","characterOffsetBegin":258,"characterOffsetEnd":259,"pos":".","before":"","after":"\t"}]},{"index":1,"tokens":[{"index":1,"word":"It","originalText":"It","characterOffsetBegin":260,"characterOffsetEnd":262,"pos":"PRP","before":"\t","after":" "},{"index":2,"word":"appears","originalText":"appears","characterOffsetBegin":263,"characterOffsetEnd":270,"pos":"VBZ","before":" ","after":" "},{"index":3,"word":"that","originalText":"that","characterOffsetBegin":271,"characterOffsetEnd":275,"pos":"IN","before":" ","after":" "},{"index":4,"word":"the","originalText":"the","characterOffsetBegin":276,"characterOffsetEnd":279,"pos":"DT","before":" ","after":" "},{"index":5,"word":"server","originalText":"server","characterOffsetBegin":280,"characterOffsetEnd":286,"pos":"NN","before":" ","after":" "},{"index":6,"word":"thinks","originalText":"thinks","characterOffsetBegin":287,"characterOffsetEnd":293,"pos":"VBZ","before":" ","after":" "},{"index":7,"word":"we","originalText":"we","characterOffsetBegin":294,"characterOffsetEnd":296,"pos":"PRP","before":" ","after":" "},{"index":8,"word":"are","originalText":"are","characterOffsetBegin":297,"characterOffsetEnd":300,"pos":"VBP","before":" ","after":" "},{"index":9,"word":"running","originalText":"running","characterOffsetBegin":301,"characterOffsetEnd":308,"pos":"VBG","before":" ","after":" "},{"index":10,"word":"in","originalText":"in","characterOffsetBegin":309,"characterOffsetEnd":311,"pos":"IN","before":" ","after":" "},{"index":11,"word":"multi-screen","originalText":"multi-screen","characterOffsetBegin":312,"characterOffsetEnd":324,"pos":"JJ","before":" ","after":"\t"},{"index":12,"word":"mode","originalText":"mode","characterOffsetBegin":325,"characterOffsetEnd":329,"pos":"NN","before":"\t","after":""},{"index":13,"word":";","originalText":";","characterOffsetBegin":329,"characterOffsetEnd":330,"pos":":","before":"","after":" "},{"index":14,"word":"the","originalText":"the","characterOffsetBegin":331,"characterOffsetEnd":334,"pos":"DT","before":" ","after":" "},{"index":15,"word":"cursor","originalText":"cursor","characterOffsetBegin":335,"characterOffsetEnd":341,"pos":"NN","before":" ","after":" "},{"index":16,"word":"seems","originalText":"seems","characterOffsetBegin":342,"characterOffsetEnd":347,"pos":"VBZ","before":" ","after":" "},{"index":17,"word":"to","originalText":"to","characterOffsetBegin":348,"characterOffsetEnd":350,"pos":"TO","before":" ","after":" "},{"index":18,"word":"``","originalText":"\"","characterOffsetBegin":351,"characterOffsetEnd":352,"pos":"``","before":" ","after":""},{"index":19,"word":"wrap","originalText":"wrap","characterOffsetBegin":352,"characterOffsetEnd":356,"pos":"VB","before":"","after":""},{"index":20,"word":"''","originalText":"\"","characterOffsetBegin":356,"characterOffsetEnd":357,"pos":"''","before":"","after":" "},{"index":21,"word":"from","originalText":"from","characterOffsetBegin":358,"characterOffsetEnd":362,"pos":"IN","before":" ","after":" "},{"index":22,"word":"one","originalText":"one","characterOffsetBegin":363,"characterOffsetEnd":366,"pos":"CD","before":" ","after":" "},{"index":23,"word":"side","originalText":"side","characterOffsetBegin":367,"characterOffsetEnd":371,"pos":"NN","before":" ","after":" "},{"index":24,"word":"of","originalText":"of","characterOffsetBegin":372,"characterOffsetEnd":374,"pos":"IN","before":" ","after":" "},{"index":25,"word":"the","originalText":"the","characterOffsetBegin":375,"characterOffsetEnd":378,"pos":"DT","before":" ","after":" "},{"index":26,"word":"screen","originalText":"screen","characterOffsetBegin":379,"characterOffsetEnd":385,"pos":"NN","before":" ","after":" "},{"index":27,"word":"to","originalText":"to","characterOffsetBegin":386,"characterOffsetEnd":388,"pos":"TO","before":" ","after":"\t"},{"index":28,"word":"the","originalText":"the","characterOffsetBegin":389,"characterOffsetEnd":392,"pos":"DT","before":"\t","after":" "},{"index":29,"word":"other","originalText":"other","characterOffsetBegin":393,"characterOffsetEnd":398,"pos":"JJ","before":" ","after":""},{"index":30,"word":".","originalText":".","characterOffsetBegin":398,"characterOffsetEnd":399,"pos":".","before":"","after":"\t"}]},{"index":2,"tokens":[{"index":1,"word":"As","originalText":"As","characterOffsetBegin":400,"characterOffsetEnd":402,"pos":"IN","before":"\t","after":" "},{"index":2,"word":"far","originalText":"far","characterOffsetBegin":403,"characterOffsetEnd":406,"pos":"RB","before":" ","after":" "},{"index":3,"word":"as","originalText":"as","characterOffsetBegin":407,"characterOffsetEnd":409,"pos":"IN","before":" ","after":" "},{"index":4,"word":"we","originalText":"we","characterOffsetBegin":410,"characterOffsetEnd":412,"pos":"PRP","before":" ","after":" "},{"index":5,"word":"can","originalText":"can","characterOffsetBegin":413,"characterOffsetEnd":416,"pos":"MD","before":" ","after":" "},{"index":6,"word":"tell","originalText":"tell","characterOffsetBegin":417,"characterOffsetEnd":421,"pos":"VB","before":" ","after":""},{"index":7,"word":",","originalText":",","characterOffsetBegin":421,"characterOffsetEnd":422,"pos":",","before":"","after":" "},{"index":8,"word":"we","originalText":"we","characterOffsetBegin":423,"characterOffsetEnd":425,"pos":"PRP","before":" ","after":" "},{"index":9,"word":"are","originalText":"are","characterOffsetBegin":426,"characterOffsetEnd":429,"pos":"VBP","before":" ","after":" "},{"index":10,"word":"not","originalText":"not","characterOffsetBegin":430,"characterOffsetEnd":433,"pos":"RB","before":" ","after":" "},{"index":11,"word":"running","originalText":"running","characterOffsetBegin":434,"characterOffsetEnd":441,"pos":"VBG","before":" ","after":" "},{"index":12,"word":"the","originalText":"the","characterOffsetBegin":442,"characterOffsetEnd":445,"pos":"DT","before":" ","after":" "},{"index":13,"word":"server","originalText":"server","characterOffsetBegin":446,"characterOffsetEnd":452,"pos":"NN","before":" ","after":" "},{"index":14,"word":"in","originalText":"in","characterOffsetBegin":453,"characterOffsetEnd":455,"pos":"IN","before":" ","after":" "},{"index":15,"word":"multi-screen","originalText":"multi-screen","characterOffsetBegin":456,"characterOffsetEnd":468,"pos":"JJ","before":" ","after":"\t"},{"index":16,"word":"mode.Please","originalText":"mode.Please","characterOffsetBegin":469,"characterOffsetEnd":480,"pos":"NN","before":"\t","after":" "},{"index":17,"word":"reply","originalText":"reply","characterOffsetBegin":481,"characterOffsetEnd":486,"pos":"NN","before":" ","after":" "},{"index":18,"word":"via","originalText":"via","characterOffsetBegin":487,"characterOffsetEnd":490,"pos":"IN","before":" ","after":" "},{"index":19,"word":"E-mail","originalText":"E-mail","characterOffsetBegin":491,"characterOffsetEnd":497,"pos":"NN","before":" ","after":""},{"index":20,"word":".","originalText":".","characterOffsetBegin":497,"characterOffsetEnd":498,"pos":".","before":"","after":""}]},{"index":3,"tokens":[{"index":1,"word":"--","originalText":"--","characterOffsetBegin":498,"characterOffsetEnd":500,"pos":":","before":"","after":" "},{"index":2,"word":"Ray","originalText":"Ray","characterOffsetBegin":501,"characterOffsetEnd":504,"pos":"NNP","before":" ","after":" "},{"index":3,"word":"Bentz","originalText":"Bentz","characterOffsetBegin":505,"characterOffsetEnd":510,"pos":"NNP","before":" ","after":"                            "},{"index":4,"word":"Phone","originalText":"Phone","characterOffsetBegin":538,"characterOffsetEnd":543,"pos":"NNP","before":"                            ","after":""},{"index":5,"word":":","originalText":":","characterOffsetBegin":543,"characterOffsetEnd":544,"pos":":","before":"","after":" "},{"index":6,"word":"-LRB-609-RRB-727-4600","originalText":"(609)727-4600","characterOffsetBegin":545,"characterOffsetEnd":558,"pos":"CD","before":" ","after":""},{"index":7,"word":"Bluestone","originalText":"Bluestone","characterOffsetBegin":558,"characterOffsetEnd":567,"pos":"NNP","before":"","after":" "},{"index":8,"word":"Consulting","originalText":"Consulting","characterOffsetBegin":568,"characterOffsetEnd":578,"pos":"NNP","before":" ","after":""},{"index":9,"word":",","originalText":",","characterOffsetBegin":578,"characterOffsetEnd":579,"pos":",","before":"","after":" "},{"index":10,"word":"Inc.","originalText":"Inc","characterOffsetBegin":580,"characterOffsetEnd":583,"pos":"NNP","before":" ","after":""},{"index":11,"word":".","originalText":".","characterOffsetBegin":583,"characterOffsetEnd":584,"pos":".","before":"","after":"             "}]},{"index":4,"tokens":[{"index":1,"word":"Fax","originalText":"Fax","characterOffsetBegin":597,"characterOffsetEnd":600,"pos":"NN","before":"             ","after":""},{"index":2,"word":":","originalText":":","characterOffsetBegin":600,"characterOffsetEnd":601,"pos":":","before":"","after":" "},{"index":3,"word":"-LRB-609-RRB-778-81251","originalText":"(609)778-81251","characterOffsetBegin":602,"characterOffsetEnd":616,"pos":"NN","before":" ","after":""},{"index":4,"word":"200","originalText":"200","characterOffsetBegin":616,"characterOffsetEnd":619,"pos":"CD","before":"","after":" "},{"index":5,"word":"Church","originalText":"Church","characterOffsetBegin":620,"characterOffsetEnd":626,"pos":"NNP","before":" ","after":" "},{"index":6,"word":"Street","originalText":"Street","characterOffsetBegin":627,"characterOffsetEnd":633,"pos":"NNP","before":" ","after":"                   "},{"index":7,"word":"uunet","originalText":"uunet","characterOffsetBegin":652,"characterOffsetEnd":657,"pos":"NN","before":"                   ","after":""},{"index":8,"word":":","originalText":":","characterOffsetBegin":657,"characterOffsetEnd":658,"pos":":","before":"","after":" "},{"index":9,"word":"uunet!blustone!bentzMount","originalText":"uunet!blustone!bentzMount","characterOffsetBegin":659,"characterOffsetEnd":684,"pos":"NNP","before":" ","after":" "},{"index":10,"word":"Laurel","originalText":"Laurel","characterOffsetBegin":685,"characterOffsetEnd":691,"pos":"NNP","before":" ","after":""},{"index":11,"word":",","originalText":",","characterOffsetBegin":691,"characterOffsetEnd":692,"pos":",","before":"","after":" "},{"index":12,"word":"NJ","originalText":"NJ","characterOffsetBegin":693,"characterOffsetEnd":695,"pos":"NNP","before":" ","after":" "},{"index":13,"word":"08054","originalText":"08054","characterOffsetBegin":696,"characterOffsetEnd":701,"pos":"CD","before":" ","after":"            "},{"index":14,"word":"Internet","originalText":"Internet","characterOffsetBegin":713,"characterOffsetEnd":721,"pos":"NN","before":"            ","after":""},{"index":15,"word":":","originalText":":","characterOffsetBegin":721,"characterOffsetEnd":722,"pos":":","before":"","after":" "},{"index":16,"word":"blustone!bentz@uunet.uu.net","originalText":"blustone!bentz@uunet.uu.net","characterOffsetBegin":723,"characterOffsetEnd":750,"pos":"NN","before":" ","after":""}]}]}