{"sentences":[{"index":0,"tokens":[{"index":1,"word":"From","originalText":"From","characterOffsetBegin":0,"characterOffsetEnd":4,"pos":"IN","before":"","after":""},{"index":2,"word":":","originalText":":","characterOffsetBegin":4,"characterOffsetEnd":5,"pos":":","before":"","after":" "},{"index":3,"word":"matthew@alchemy.TN.Cornell.EDU","originalText":"matthew@alchemy.TN.Cornell.EDU","characterOffsetBegin":6,"characterOffsetEnd":36,"pos":"NN","before":" ","after":" "},{"index":4,"word":"-LRB-","originalText":"(","characterOffsetBegin":37,"characterOffsetEnd":38,"pos":"-LRB-","before":" ","after":""},{"index":5,"word":"Matthew","originalText":"Matthew","characterOffsetBegin":38,"characterOffsetEnd":45,"pos":"NNP","before":"","after":" "},{"index":6,"word":"Kleinmann","originalText":"Kleinmann","characterOffsetBegin":46,"characterOffsetEnd":55,"pos":"NNP","before":" ","after":""},{"index":7,"word":"-RRB-","originalText":")","characterOffsetBegin":55,"characterOffsetEnd":56,"pos":"-RRB-","before":"","after":""},{"index":8,"word":"Subject","originalText":"Subject","characterOffsetBegin":56,"characterOffsetEnd":63,"pos":"NNP","before":"","after":""},{"index":9,"word":":","originalText":":","characterOffsetBegin":63,"characterOffsetEnd":64,"pos":":","before":"","after":" "},{"index":10,"word":"Is","originalText":"Is","characterOffsetBegin":65,"characterOffsetEnd":67,"pos":"VBZ","before":" ","after":" "},{"index":11,"word":"a","originalText":"a","characterOffsetBegin":68,"characterOffsetEnd":69,"pos":"DT","before":" ","after":" "},{"index":12,"word":"2","originalText":"2","characterOffsetBegin":70,"characterOffsetEnd":71,"pos":"CD","before":" ","after":" "},{"index":13,"word":"headed","originalText":"headed","characterOffsetBegin":72,"characterOffsetEnd":78,"pos":"VBD","before":" ","after":" "},{"index":14,"word":"Sun","originalText":"Sun","characterOffsetBegin":79,"characterOffsetEnd":82,"pos":"NNP","before":" ","after":" "},{"index":15,"word":"3/60","originalText":"3/60","characterOffsetBegin":83,"characterOffsetEnd":87,"pos":"CD","before":" ","after":" "},{"index":16,"word":"possible","originalText":"possible","characterOffsetBegin":88,"characterOffsetEnd":96,"pos":"JJ","before":" ","after":" "},{"index":17,"word":"-LRB-","originalText":"(","characterOffsetBegin":97,"characterOffsetEnd":98,"pos":"-LRB-","before":" ","after":""},{"index":18,"word":"cgfour0/bwtwo0","originalText":"cgfour0/bwtwo0","characterOffsetBegin":98,"characterOffsetEnd":112,"pos":"NN","before":"","after":""},{"index":19,"word":"-RRB-","originalText":")","characterOffsetBegin":112,"characterOffsetEnd":113,"pos":"-RRB-","before":"","after":""},{"index":20,"word":"I","originalText":"I","characterOffsetBegin":113,"characterOffsetEnd":114,"pos":"PRP","before":"","after":" "},{"index":21,"word":"have","originalText":"have","characterOffsetBegin":115,"characterOffsetEnd":119,"pos":"VBP","before":" ","after":" "},{"index":22,"word":"a","originalText":"a","characterOffsetBegin":120,"characterOffsetEnd":121,"pos":"DT","before":" ","after":" "},{"index":23,"word":"Sun","originalText":"Sun","characterOffsetBegin":122,"characterOffsetEnd":125,"pos":"NNP","before":" ","after":" "},{"index":24,"word":"3/60","originalText":"3/60","characterOffsetBegin":126,"characterOffsetEnd":130,"pos":"CD","before":" ","after":" "},{"index":25,"word":"that","originalText":"that","characterOffsetBegin":131,"characterOffsetEnd":135,"pos":"WDT","before":" ","after":" "},{"index":26,"word":"has","originalText":"has","characterOffsetBegin":136,"characterOffsetEnd":139,"pos":"VBZ","before":" ","after":" "},{"index":27,"word":"a","originalText":"a","characterOffsetBegin":140,"characterOffsetEnd":141,"pos":"DT","before":" ","after":" "},{"index":28,"word":"mono","originalText":"mono","characterOffsetBegin":142,"characterOffsetEnd":146,"pos":"FW","before":" ","after":" "},{"index":29,"word":"framebuffer","originalText":"framebuffer","characterOffsetBegin":147,"characterOffsetEnd":158,"pos":"FW","before":" ","after":" "},{"index":30,"word":"-LRB-","originalText":"(","characterOffsetBegin":159,"characterOffsetEnd":160,"pos":"-LRB-","before":" ","after":""},{"index":31,"word":"bwtwo0","originalText":"bwtwo0","characterOffsetBegin":160,"characterOffsetEnd":166,"pos":"NN","before":"","after":" "},{"index":32,"word":"?","originalText":"?","characterOffsetBegin":167,"characterOffsetEnd":168,"pos":".","before":" ","after":""},{"index":33,"word":"-RRB-","originalText":")","characterOffsetBegin":168,"characterOffsetEnd":169,"pos":"-RRB-","before":"","after":" "}]},{"index":1,"tokens":[{"index":1,"word":"built","originalText":"built","characterOffsetBegin":170,"characterOffsetEnd":175,"pos":"VBN","before":" ","after":" "},{"index":2,"word":"on","originalText":"on","characterOffsetBegin":176,"characterOffsetEnd":178,"pos":"IN","before":" ","after":" "},{"index":3,"word":"themotherboard","originalText":"themotherboard","characterOffsetBegin":179,"characterOffsetEnd":193,"pos":"NN","before":" ","after":""},{"index":4,"word":".","originalText":".","characterOffsetBegin":193,"characterOffsetEnd":194,"pos":".","before":"","after":"  "}]},{"index":2,"tokens":[{"index":1,"word":"The","originalText":"The","characterOffsetBegin":196,"characterOffsetEnd":199,"pos":"DT","before":"  ","after":" "},{"index":2,"word":"same","originalText":"same","characterOffsetBegin":200,"characterOffsetEnd":204,"pos":"JJ","before":" ","after":" "},{"index":3,"word":"system","originalText":"system","characterOffsetBegin":205,"characterOffsetEnd":211,"pos":"NN","before":" ","after":" "},{"index":4,"word":"also","originalText":"also","characterOffsetBegin":212,"characterOffsetEnd":216,"pos":"RB","before":" ","after":" "},{"index":5,"word":"has","originalText":"has","characterOffsetBegin":217,"characterOffsetEnd":220,"pos":"VBZ","before":" ","after":" "},{"index":6,"word":"a","originalText":"a","characterOffsetBegin":221,"characterOffsetEnd":222,"pos":"DT","before":" ","after":" "},{"index":7,"word":"cgfour","originalText":"cgfour","characterOffsetBegin":223,"characterOffsetEnd":229,"pos":"NN","before":" ","after":" "},{"index":8,"word":"-LRB-","originalText":"(","characterOffsetBegin":230,"characterOffsetEnd":231,"pos":"-LRB-","before":" ","after":""},{"index":9,"word":"cgfour0","originalText":"cgfour0","characterOffsetBegin":231,"characterOffsetEnd":238,"pos":"NN","before":"","after":" "},{"index":10,"word":"and","originalText":"and","characterOffsetBegin":239,"characterOffsetEnd":242,"pos":"CC","before":" ","after":" "},{"index":11,"word":"bwtwo1","originalText":"bwtwo1","characterOffsetBegin":243,"characterOffsetEnd":249,"pos":"NN","before":" ","after":" "},{"index":12,"word":"?","originalText":"?","characterOffsetBegin":250,"characterOffsetEnd":251,"pos":".","before":" ","after":""},{"index":13,"word":"-RRB-","originalText":")","characterOffsetBegin":251,"characterOffsetEnd":252,"pos":"-RRB-","before":"","after":""}]},{"index":3,"tokens":[{"index":1,"word":"daughterboard","originalText":"daughterboard","characterOffsetBegin":252,"characterOffsetEnd":265,"pos":"NN","before":"","after":""},{"index":2,"word":".","originalText":".","characterOffsetBegin":265,"characterOffsetEnd":266,"pos":".","before":"","after":"  "}]},{"index":4,"tokens":[{"index":1,"word":"I","originalText":"I","characterOffsetBegin":268,"characterOffsetEnd":269,"pos":"PRP","before":"  ","after":" "},{"index":2,"word":"have","originalText":"have","characterOffsetBegin":270,"characterOffsetEnd":274,"pos":"VBP","before":" ","after":" "},{"index":3,"word":"been","originalText":"been","characterOffsetBegin":275,"characterOffsetEnd":279,"pos":"VBN","before":" ","after":" "},{"index":4,"word":"using","originalText":"using","characterOffsetBegin":280,"characterOffsetEnd":285,"pos":"VBG","before":" ","after":" "},{"index":5,"word":"this","originalText":"this","characterOffsetBegin":286,"characterOffsetEnd":290,"pos":"DT","before":" ","after":" "},{"index":6,"word":"system","originalText":"system","characterOffsetBegin":291,"characterOffsetEnd":297,"pos":"NN","before":" ","after":" "},{"index":7,"word":"with","originalText":"with","characterOffsetBegin":298,"characterOffsetEnd":302,"pos":"IN","before":" ","after":" "},{"index":8,"word":"a","originalText":"a","characterOffsetBegin":303,"characterOffsetEnd":304,"pos":"DT","before":" ","after":" "},{"index":9,"word":"color","originalText":"color","characterOffsetBegin":305,"characterOffsetEnd":310,"pos":"NN","before":" ","after":" "},{"index":10,"word":"monitor","originalText":"monitor","characterOffsetBegin":311,"characterOffsetEnd":318,"pos":"NN","before":" ","after":" "},{"index":11,"word":"having","originalText":"having","characterOffsetBegin":319,"characterOffsetEnd":325,"pos":"VBG","before":" ","after":" "},{"index":12,"word":"acolor","originalText":"acolor","characterOffsetBegin":326,"characterOffsetEnd":332,"pos":"NN","before":" ","after":" "},{"index":13,"word":"``","originalText":"\"","characterOffsetBegin":333,"characterOffsetEnd":334,"pos":"``","before":" ","after":""},{"index":14,"word":"front","originalText":"front","characterOffsetBegin":334,"characterOffsetEnd":339,"pos":"NN","before":"","after":""},{"index":15,"word":"''","originalText":"\"","characterOffsetBegin":339,"characterOffsetEnd":340,"pos":"''","before":"","after":" "},{"index":16,"word":"screen","originalText":"screen","characterOffsetBegin":341,"characterOffsetEnd":347,"pos":"NN","before":" ","after":" "},{"index":17,"word":"from","originalText":"from","characterOffsetBegin":348,"characterOffsetEnd":352,"pos":"IN","before":" ","after":" "},{"index":18,"word":"the","originalText":"the","characterOffsetBegin":353,"characterOffsetEnd":356,"pos":"DT","before":" ","after":" "},{"index":19,"word":"cgfour","originalText":"cgfour","characterOffsetBegin":357,"characterOffsetEnd":363,"pos":"NN","before":" ","after":""},{"index":20,"word":",","originalText":",","characterOffsetBegin":363,"characterOffsetEnd":364,"pos":",","before":"","after":" "},{"index":21,"word":"and","originalText":"and","characterOffsetBegin":365,"characterOffsetEnd":368,"pos":"CC","before":" ","after":" "},{"index":22,"word":"a","originalText":"a","characterOffsetBegin":369,"characterOffsetEnd":370,"pos":"DT","before":" ","after":" "},{"index":23,"word":"mono","originalText":"mono","characterOffsetBegin":371,"characterOffsetEnd":375,"pos":"FW","before":" ","after":" "},{"index":24,"word":"``","originalText":"\"","characterOffsetBegin":376,"characterOffsetEnd":377,"pos":"``","before":" ","after":""},{"index":25,"word":"back","originalText":"back","characterOffsetBegin":377,"characterOffsetEnd":381,"pos":"RB","before":"","after":""},{"index":26,"word":"''","originalText":"\"","characterOffsetBegin":381,"characterOffsetEnd":382,"pos":"''","before":"","after":" "},{"index":27,"word":"screen","originalText":"screen","characterOffsetBegin":383,"characterOffsetEnd":389,"pos":"NN","before":" ","after":" "},{"index":28,"word":"from","originalText":"from","characterOffsetBegin":390,"characterOffsetEnd":394,"pos":"IN","before":" ","after":" "},{"index":29,"word":"thebwtwo1","originalText":"thebwtwo1","characterOffsetBegin":395,"characterOffsetEnd":404,"pos":"NN","before":" ","after":""},{"index":30,"word":",","originalText":",","characterOffsetBegin":404,"characterOffsetEnd":405,"pos":",","before":"","after":" "},{"index":31,"word":"both","originalText":"both","characterOffsetBegin":406,"characterOffsetEnd":410,"pos":"DT","before":" ","after":" "},{"index":32,"word":"on","originalText":"on","characterOffsetBegin":411,"characterOffsetEnd":413,"pos":"IN","before":" ","after":" "},{"index":33,"word":"the","originalText":"the","characterOffsetBegin":414,"characterOffsetEnd":417,"pos":"DT","before":" ","after":" "},{"index":34,"word":"same","originalText":"same","characterOffsetBegin":418,"characterOffsetEnd":422,"pos":"JJ","before":" ","after":" "},{"index":35,"word":"tube","originalText":"tube","characterOffsetBegin":423,"characterOffsetEnd":427,"pos":"NN","before":" ","after":""},{"index":36,"word":".","originalText":".","characterOffsetBegin":427,"characterOffsetEnd":428,"pos":".","before":"","after":"  "}]},{"index":5,"tokens":[{"index":1,"word":"I","originalText":"I","characterOffsetBegin":430,"characterOffsetEnd":431,"pos":"PRP","before":"  ","after":" "},{"index":2,"word":"recentley","originalText":"recentley","characterOffsetBegin":432,"characterOffsetEnd":441,"pos":"VBP","before":" ","after":" "},{"index":3,"word":"picked","originalText":"picked","characterOffsetBegin":442,"characterOffsetEnd":448,"pos":"VBN","before":" ","after":" "},{"index":4,"word":"up","originalText":"up","characterOffsetBegin":449,"characterOffsetEnd":451,"pos":"RP","before":" ","after":" "},{"index":5,"word":"a","originalText":"a","characterOffsetBegin":452,"characterOffsetEnd":453,"pos":"DT","before":" ","after":" "},{"index":6,"word":"1600","originalText":"1600","characterOffsetBegin":454,"characterOffsetEnd":458,"pos":"CD","before":" ","after":" "},{"index":7,"word":"x","originalText":"x","characterOffsetBegin":459,"characterOffsetEnd":460,"pos":"CC","before":" ","after":" "},{"index":8,"word":"1280","originalText":"1280","characterOffsetBegin":461,"characterOffsetEnd":465,"pos":"CD","before":" ","after":" "},{"index":9,"word":"Sun","originalText":"Sun","characterOffsetBegin":466,"characterOffsetEnd":469,"pos":"NNP","before":" ","after":" "},{"index":10,"word":"monomonitor","originalText":"monomonitor","characterOffsetBegin":470,"characterOffsetEnd":481,"pos":"NNP","before":" ","after":""},{"index":11,"word":",","originalText":",","characterOffsetBegin":481,"characterOffsetEnd":482,"pos":",","before":"","after":" "},{"index":12,"word":"and","originalText":"and","characterOffsetBegin":483,"characterOffsetEnd":486,"pos":"CC","before":" ","after":" "},{"index":13,"word":"I","originalText":"I","characterOffsetBegin":487,"characterOffsetEnd":488,"pos":"PRP","before":" ","after":" "},{"index":14,"word":"would","originalText":"would","characterOffsetBegin":489,"characterOffsetEnd":494,"pos":"MD","before":" ","after":" "},{"index":15,"word":"like","originalText":"like","characterOffsetBegin":495,"characterOffsetEnd":499,"pos":"VB","before":" ","after":" "},{"index":16,"word":"to","originalText":"to","characterOffsetBegin":500,"characterOffsetEnd":502,"pos":"TO","before":" ","after":" "},{"index":17,"word":"make","originalText":"make","characterOffsetBegin":503,"characterOffsetEnd":507,"pos":"VB","before":" ","after":" "},{"index":18,"word":"a","originalText":"a","characterOffsetBegin":508,"characterOffsetEnd":509,"pos":"DT","before":" ","after":" "},{"index":19,"word":"two","originalText":"two","characterOffsetBegin":510,"characterOffsetEnd":513,"pos":"CD","before":" ","after":" "},{"index":20,"word":"headed","originalText":"headed","characterOffsetBegin":514,"characterOffsetEnd":520,"pos":"VBD","before":" ","after":" "},{"index":21,"word":"system","originalText":"system","characterOffsetBegin":521,"characterOffsetEnd":527,"pos":"NN","before":" ","after":" "},{"index":22,"word":"with","originalText":"with","characterOffsetBegin":528,"characterOffsetEnd":532,"pos":"IN","before":" ","after":" "},{"index":23,"word":"the","originalText":"the","characterOffsetBegin":533,"characterOffsetEnd":536,"pos":"DT","before":" ","after":" "},{"index":24,"word":"cgfour0","originalText":"cgfour0","characterOffsetBegin":537,"characterOffsetEnd":544,"pos":"NN","before":" ","after":" "},{"index":25,"word":"and","originalText":"and","characterOffsetBegin":545,"characterOffsetEnd":548,"pos":"CC","before":" ","after":" "},{"index":26,"word":"thebwtwo0","originalText":"thebwtwo0","characterOffsetBegin":549,"characterOffsetEnd":558,"pos":"NN","before":" ","after":""},{"index":27,"word":".","originalText":".","characterOffsetBegin":558,"characterOffsetEnd":559,"pos":".","before":"","after":"  "}]},{"index":6,"tokens":[{"index":1,"word":"I","originalText":"I","characterOffsetBegin":561,"characterOffsetEnd":562,"pos":"PRP","before":"  ","after":" "},{"index":2,"word":"do","originalText":"do","characterOffsetBegin":563,"characterOffsetEnd":565,"pos":"VBP","before":" ","after":" "},{"index":3,"word":"not","originalText":"not","characterOffsetBegin":566,"characterOffsetEnd":569,"pos":"RB","before":" ","after":" "},{"index":4,"word":"care","originalText":"care","characterOffsetBegin":570,"characterOffsetEnd":574,"pos":"VB","before":" ","after":" "},{"index":5,"word":"if","originalText":"if","characterOffsetBegin":575,"characterOffsetEnd":577,"pos":"IN","before":" ","after":" "},{"index":6,"word":"I","originalText":"I","characterOffsetBegin":578,"characterOffsetEnd":579,"pos":"PRP","before":" ","after":" "},{"index":7,"word":"loose","originalText":"loose","characterOffsetBegin":580,"characterOffsetEnd":585,"pos":"VBP","before":" ","after":" "},{"index":8,"word":"the","originalText":"the","characterOffsetBegin":586,"characterOffsetEnd":589,"pos":"DT","before":" ","after":" "},{"index":9,"word":"``","originalText":"\"","characterOffsetBegin":590,"characterOffsetEnd":591,"pos":"``","before":" ","after":""},{"index":10,"word":"back","originalText":"back","characterOffsetBegin":591,"characterOffsetEnd":595,"pos":"RB","before":"","after":""},{"index":11,"word":"''","originalText":"\"","characterOffsetBegin":595,"characterOffsetEnd":596,"pos":"''","before":"","after":" "},{"index":12,"word":"screen","originalText":"screen","characterOffsetBegin":597,"characterOffsetEnd":603,"pos":"NN","before":" ","after":" "},{"index":13,"word":"on","originalText":"on","characterOffsetBegin":604,"characterOffsetEnd":606,"pos":"IN","before":" ","after":" "},{"index":14,"word":"the","originalText":"the","characterOffsetBegin":607,"characterOffsetEnd":610,"pos":"DT","before":" ","after":" "},{"index":15,"word":"color","originalText":"color","characterOffsetBegin":611,"characterOffsetEnd":616,"pos":"NN","before":" ","after":" "},{"index":16,"word":"tube","originalText":"tube","characterOffsetBegin":617,"characterOffsetEnd":621,"pos":"NN","before":" ","after":" "},{"index":17,"word":"from","originalText":"from","characterOffsetBegin":622,"characterOffsetEnd":626,"pos":"IN","before":" ","after":" "},{"index":18,"word":"thebwtwo1","originalText":"thebwtwo1","characterOffsetBegin":627,"characterOffsetEnd":636,"pos":"NN","before":" ","after":""},{"index":19,"word":".","originalText":".","characterOffsetBegin":636,"characterOffsetEnd":637,"pos":".","before":"","after":"  "}]},{"index":7,"tokens":[{"index":1,"word":"After","originalText":"After","characterOffsetBegin":639,"characterOffsetEnd":644,"pos":"IN","before":"  ","after":" "},{"index":2,"word":"looking","originalText":"looking","characterOffsetBegin":645,"characterOffsetEnd":652,"pos":"VBG","before":" ","after":" "},{"index":3,"word":"through","originalText":"through","characterOffsetBegin":653,"characterOffsetEnd":660,"pos":"IN","before":" ","after":" "},{"index":4,"word":"the","originalText":"the","characterOffsetBegin":661,"characterOffsetEnd":664,"pos":"DT","before":" ","after":" "},{"index":5,"word":"Xsun","originalText":"Xsun","characterOffsetBegin":665,"characterOffsetEnd":669,"pos":"NNP","before":" ","after":" "},{"index":6,"word":"man","originalText":"man","characterOffsetBegin":670,"characterOffsetEnd":673,"pos":"NN","before":" ","after":" "},{"index":7,"word":"page","originalText":"page","characterOffsetBegin":674,"characterOffsetEnd":678,"pos":"NN","before":" ","after":" "},{"index":8,"word":"I","originalText":"I","characterOffsetBegin":679,"characterOffsetEnd":680,"pos":"PRP","before":" ","after":" "},{"index":9,"word":"am","originalText":"am","characterOffsetBegin":681,"characterOffsetEnd":683,"pos":"VBP","before":" ","after":" "},{"index":10,"word":"not","originalText":"not","characterOffsetBegin":684,"characterOffsetEnd":687,"pos":"RB","before":" ","after":" "},{"index":11,"word":"sure","originalText":"sure","characterOffsetBegin":688,"characterOffsetEnd":692,"pos":"JJ","before":" ","after":" "},{"index":12,"word":"if","originalText":"if","characterOffsetBegin":693,"characterOffsetEnd":695,"pos":"IN","before":" ","after":" "},{"index":13,"word":"this","originalText":"this","characterOffsetBegin":696,"characterOffsetEnd":700,"pos":"DT","before":" ","after":" "},{"index":14,"word":"ispossible","originalText":"ispossible","characterOffsetBegin":701,"characterOffsetEnd":711,"pos":"NN","before":" ","after":""},{"index":15,"word":".","originalText":".","characterOffsetBegin":711,"characterOffsetEnd":712,"pos":".","before":"","after":"  "}]},{"index":8,"tokens":[{"index":1,"word":"Has","originalText":"Has","characterOffsetBegin":714,"characterOffsetEnd":717,"pos":"VBZ","before":"  ","after":" "},{"index":2,"word":"anybody","originalText":"anybody","characterOffsetBegin":718,"characterOffsetEnd":725,"pos":"NN","before":" ","after":" "},{"index":3,"word":"sucessfuly","originalText":"sucessfuly","characterOffsetBegin":726,"characterOffsetEnd":736,"pos":"NN","before":" ","after":" "},{"index":4,"word":"done","originalText":"done","characterOffsetBegin":737,"characterOffsetEnd":741,"pos":"VBN","before":" ","after":" "},{"index":5,"word":"this","originalText":"this","characterOffsetBegin":742,"characterOffsetEnd":746,"pos":"DT","before":" ","after":" "},{"index":6,"word":"before","originalText":"before","characterOffsetBegin":747,"characterOffsetEnd":753,"pos":"IN","before":" ","after":""},{"index":7,"word":"?","originalText":"?","characterOffsetBegin":753,"characterOffsetEnd":754,"pos":".","before":"","after":"  "}]},{"index":9,"tokens":[{"index":1,"word":"--","originalText":"--","characterOffsetBegin":756,"characterOffsetEnd":758,"pos":":","before":"  ","after":""},{"index":2,"word":"Matthew","originalText":"Matthew","characterOffsetBegin":758,"characterOffsetEnd":765,"pos":"NNP","before":"","after":""}]}]}