{"sentences":[{"index":0,"tokens":[{"index":1,"word":"From","originalText":"From","characterOffsetBegin":0,"characterOffsetEnd":4,"pos":"IN","before":"","after":""},{"index":2,"word":":","originalText":":","characterOffsetBegin":4,"characterOffsetEnd":5,"pos":":","before":"","after":" "},{"index":3,"word":"suresh@iss.nus.sg","originalText":"suresh@iss.nus.sg","characterOffsetBegin":6,"characterOffsetEnd":23,"pos":"NN","before":" ","after":" "},{"index":4,"word":"-LRB-","originalText":"(","characterOffsetBegin":24,"characterOffsetEnd":25,"pos":"-LRB-","before":" ","after":""},{"index":5,"word":"Suresh","originalText":"Suresh","characterOffsetBegin":25,"characterOffsetEnd":31,"pos":"NNP","before":"","after":" "},{"index":6,"word":"Thennarangam","originalText":"Thennarangam","characterOffsetBegin":32,"characterOffsetEnd":44,"pos":"NNP","before":" ","after":" "},{"index":7,"word":"-","originalText":"-","characterOffsetBegin":45,"characterOffsetEnd":46,"pos":":","before":" ","after":" "},{"index":8,"word":"Research","originalText":"Research","characterOffsetBegin":47,"characterOffsetEnd":55,"pos":"NNP","before":" ","after":" "},{"index":9,"word":"Scholar","originalText":"Scholar","characterOffsetBegin":56,"characterOffsetEnd":63,"pos":"NNP","before":" ","after":""},{"index":10,"word":"-RRB-","originalText":")","characterOffsetBegin":63,"characterOffsetEnd":64,"pos":"-RRB-","before":"","after":""},{"index":11,"word":"Subject","originalText":"Subject","characterOffsetBegin":64,"characterOffsetEnd":71,"pos":"NNP","before":"","after":""},{"index":12,"word":":","originalText":":","characterOffsetBegin":71,"characterOffsetEnd":72,"pos":":","before":"","after":" "},{"index":13,"word":"Re","originalText":"Re","characterOffsetBegin":73,"characterOffsetEnd":75,"pos":"NNP","before":" ","after":""},{"index":14,"word":":","originalText":":","characterOffsetBegin":75,"characterOffsetEnd":76,"pos":":","before":"","after":" "},{"index":15,"word":"Mix","originalText":"Mix","characterOffsetBegin":77,"characterOffsetEnd":80,"pos":"NNP","before":" ","after":" "},{"index":16,"word":"GL","originalText":"GL","characterOffsetBegin":81,"characterOffsetEnd":83,"pos":"NNP","before":" ","after":" "},{"index":17,"word":"with","originalText":"with","characterOffsetBegin":84,"characterOffsetEnd":88,"pos":"IN","before":" ","after":" "},{"index":18,"word":"X","originalText":"X","characterOffsetBegin":89,"characterOffsetEnd":90,"pos":"NN","before":" ","after":" "},{"index":19,"word":"-LRB-","originalText":"(","characterOffsetBegin":91,"characterOffsetEnd":92,"pos":"-LRB-","before":" ","after":""},{"index":20,"word":"Xlib","originalText":"Xlib","characterOffsetBegin":92,"characterOffsetEnd":96,"pos":"NNP","before":"","after":""},{"index":21,"word":",","originalText":",","characterOffsetBegin":96,"characterOffsetEnd":97,"pos":",","before":"","after":""},{"index":22,"word":"Xt","originalText":"Xt","characterOffsetBegin":97,"characterOffsetEnd":99,"pos":"NNP","before":"","after":""},{"index":23,"word":",","originalText":",","characterOffsetBegin":99,"characterOffsetEnd":100,"pos":",","before":"","after":""},{"index":24,"word":"mwm","originalText":"mwm","characterOffsetBegin":100,"characterOffsetEnd":103,"pos":"NN","before":"","after":""},{"index":25,"word":"-RRB-","originalText":")","characterOffsetBegin":103,"characterOffsetEnd":104,"pos":"-RRB-","before":"","after":""},{"index":26,"word":"pyeatt@Texaco.com","originalText":"pyeatt@Texaco.com","characterOffsetBegin":104,"characterOffsetEnd":121,"pos":"NN","before":"","after":" "},{"index":27,"word":"-LRB-","originalText":"(","characterOffsetBegin":122,"characterOffsetEnd":123,"pos":"-LRB-","before":" ","after":""},{"index":28,"word":"Larry","originalText":"Larry","characterOffsetBegin":123,"characterOffsetEnd":128,"pos":"NNP","before":"","after":" "},{"index":29,"word":"D.","originalText":"D.","characterOffsetBegin":129,"characterOffsetEnd":131,"pos":"NNP","before":" ","after":" "},{"index":30,"word":"Pyeatt","originalText":"Pyeatt","characterOffsetBegin":132,"characterOffsetEnd":138,"pos":"NNP","before":" ","after":""},{"index":31,"word":"-RRB-","originalText":")","characterOffsetBegin":138,"characterOffsetEnd":139,"pos":"-RRB-","before":"","after":" "},{"index":32,"word":"writes","originalText":"writes","characterOffsetBegin":140,"characterOffsetEnd":146,"pos":"VBZ","before":" ","after":""},{"index":33,"word":":","originalText":":","characterOffsetBegin":146,"characterOffsetEnd":147,"pos":":","before":"","after":""},{"index":34,"word":":","originalText":":","characterOffsetBegin":147,"characterOffsetEnd":148,"pos":":","before":"","after":" "},{"index":35,"word":"In","originalText":"In","characterOffsetBegin":149,"characterOffsetEnd":151,"pos":"IN","before":" ","after":" "},{"index":36,"word":"article","originalText":"article","characterOffsetBegin":152,"characterOffsetEnd":159,"pos":"NN","before":" ","after":" "},{"index":37,"word":"<9304191540.AA09727@sparc1.jade.com>","originalText":"<9304191540.AA09727@sparc1.jade.com>","characterOffsetBegin":160,"characterOffsetEnd":196,"pos":"NN","before":" ","after":""},{"index":38,"word":",","originalText":",","characterOffsetBegin":196,"characterOffsetEnd":197,"pos":",","before":"","after":" "},{"index":39,"word":"graham@sparc1.ottawa.jade.COM","originalText":"graham@sparc1.ottawa.jade.COM","characterOffsetBegin":198,"characterOffsetEnd":227,"pos":"NN","before":" ","after":" "},{"index":40,"word":"-LRB-","originalText":"(","characterOffsetBegin":228,"characterOffsetEnd":229,"pos":"-LRB-","before":" ","after":""},{"index":41,"word":"Jay","originalText":"Jay","characterOffsetBegin":229,"characterOffsetEnd":232,"pos":"NNP","before":"","after":" "},{"index":42,"word":"Graham","originalText":"Graham","characterOffsetBegin":233,"characterOffsetEnd":239,"pos":"NNP","before":" ","after":""},{"index":43,"word":"-RRB-","originalText":")","characterOffsetBegin":239,"characterOffsetEnd":240,"pos":"-RRB-","before":"","after":" "},{"index":44,"word":"writes","originalText":"writes","characterOffsetBegin":241,"characterOffsetEnd":247,"pos":"VBZ","before":" ","after":""},{"index":45,"word":":","originalText":":","characterOffsetBegin":247,"characterOffsetEnd":248,"pos":":","before":"","after":""},{"index":46,"word":":","originalText":":","characterOffsetBegin":248,"characterOffsetEnd":249,"pos":":","before":"","after":" "},{"index":47,"word":"|","originalText":"|","characterOffsetBegin":250,"characterOffsetEnd":251,"pos":"CD","before":" ","after":""},{"index":48,"word":">","originalText":">","characterOffsetBegin":251,"characterOffsetEnd":252,"pos":"JJR","before":"","after":" "},{"index":49,"word":":","originalText":":","characterOffsetBegin":253,"characterOffsetEnd":254,"pos":":","before":" ","after":" "},{"index":50,"word":"|","originalText":"|","characterOffsetBegin":255,"characterOffsetEnd":256,"pos":"NN","before":" ","after":""},{"index":51,"word":">","originalText":">","characterOffsetBegin":256,"characterOffsetEnd":257,"pos":"JJR","before":"","after":" "},{"index":52,"word":"XmDrawingArea","originalText":"XmDrawingArea","characterOffsetBegin":258,"characterOffsetEnd":271,"pos":"NN","before":" ","after":" "},{"index":53,"word":"for","originalText":"for","characterOffsetBegin":272,"characterOffsetEnd":275,"pos":"IN","before":" ","after":" "},{"index":54,"word":"drawing","originalText":"drawing","characterOffsetBegin":276,"characterOffsetEnd":283,"pos":"VBG","before":" ","after":" "},{"index":55,"word":"with","originalText":"with","characterOffsetBegin":284,"characterOffsetEnd":288,"pos":"IN","before":" ","after":" "},{"index":56,"word":"Xlib","originalText":"Xlib","characterOffsetBegin":289,"characterOffsetEnd":293,"pos":"NN","before":" ","after":""},{"index":57,"word":".","originalText":".","characterOffsetBegin":293,"characterOffsetEnd":294,"pos":".","before":"","after":"  "}]},{"index":1,"tokens":[{"index":1,"word":"But","originalText":"But","characterOffsetBegin":296,"characterOffsetEnd":299,"pos":"CC","before":"  ","after":" "},{"index":2,"word":"I","originalText":"I","characterOffsetBegin":300,"characterOffsetEnd":301,"pos":"PRP","before":" ","after":" "},{"index":3,"word":"would","originalText":"would","characterOffsetBegin":302,"characterOffsetEnd":307,"pos":"MD","before":" ","after":" "},{"index":4,"word":"like","originalText":"like","characterOffsetBegin":308,"characterOffsetEnd":312,"pos":"VB","before":" ","after":" "},{"index":5,"word":"to","originalText":"to","characterOffsetBegin":313,"characterOffsetEnd":315,"pos":"TO","before":" ","after":" "},{"index":6,"word":"take","originalText":"take","characterOffsetBegin":316,"characterOffsetEnd":320,"pos":"VB","before":" ","after":" "},{"index":7,"word":"advantage","originalText":"advantage","characterOffsetBegin":321,"characterOffsetEnd":330,"pos":"NN","before":" ","after":" "},{"index":8,"word":"of","originalText":"of","characterOffsetBegin":331,"characterOffsetEnd":333,"pos":"IN","before":" ","after":""},{"index":9,"word":":","originalText":":","characterOffsetBegin":333,"characterOffsetEnd":334,"pos":":","before":"","after":" "},{"index":10,"word":"|","originalText":"|","characterOffsetBegin":335,"characterOffsetEnd":336,"pos":"CD","before":" ","after":""},{"index":11,"word":">","originalText":">","characterOffsetBegin":336,"characterOffsetEnd":337,"pos":"JJR","before":"","after":" "},{"index":12,"word":"the","originalText":"the","characterOffsetBegin":338,"characterOffsetEnd":341,"pos":"DT","before":" ","after":" "},{"index":13,"word":"Graphics","originalText":"Graphics","characterOffsetBegin":342,"characterOffsetEnd":350,"pos":"NNPS","before":" ","after":" "},{"index":14,"word":"Library","originalText":"Library","characterOffsetBegin":351,"characterOffsetEnd":358,"pos":"NNP","before":" ","after":" "},{"index":15,"word":"-LRB-","originalText":"(","characterOffsetBegin":359,"characterOffsetEnd":360,"pos":"-LRB-","before":" ","after":""},{"index":16,"word":"GL","originalText":"GL","characterOffsetBegin":360,"characterOffsetEnd":362,"pos":"NNP","before":"","after":""},{"index":17,"word":"-RRB-","originalText":")","characterOffsetBegin":362,"characterOffsetEnd":363,"pos":"-RRB-","before":"","after":" "},{"index":18,"word":"available","originalText":"available","characterOffsetBegin":364,"characterOffsetEnd":373,"pos":"JJ","before":" ","after":" "},{"index":19,"word":"on","originalText":"on","characterOffsetBegin":374,"characterOffsetEnd":376,"pos":"IN","before":" ","after":" "},{"index":20,"word":"our","originalText":"our","characterOffsetBegin":377,"characterOffsetEnd":380,"pos":"PRP$","before":" ","after":" "},{"index":21,"word":"IBM","originalText":"IBM","characterOffsetBegin":381,"characterOffsetEnd":384,"pos":"NNP","before":" ","after":" "},{"index":22,"word":"RS/6000","originalText":"RS/6000","characterOffsetBegin":385,"characterOffsetEnd":392,"pos":"NN","before":" ","after":" "},{"index":23,"word":"-LRB-","originalText":"(","characterOffsetBegin":393,"characterOffsetEnd":394,"pos":"-LRB-","before":" ","after":""},{"index":24,"word":"SGI","originalText":"SGI","characterOffsetBegin":394,"characterOffsetEnd":397,"pos":"NNP","before":"","after":""},{"index":25,"word":"'s","originalText":"'s","characterOffsetBegin":397,"characterOffsetEnd":399,"pos":"POS","before":"","after":" "},{"index":26,"word":"GL","originalText":"GL","characterOffsetBegin":400,"characterOffsetEnd":402,"pos":"NNP","before":" ","after":" "},{"index":27,"word":"i","originalText":"i","characterOffsetBegin":403,"characterOffsetEnd":404,"pos":"FW","before":" ","after":" "},{"index":28,"word":"believe","originalText":"believe","characterOffsetBegin":405,"characterOffsetEnd":412,"pos":"VBP","before":" ","after":""},{"index":29,"word":"-RRB-","originalText":")","characterOffsetBegin":412,"characterOffsetEnd":413,"pos":"-RRB-","before":"","after":""},{"index":30,"word":".","originalText":".","characterOffsetBegin":413,"characterOffsetEnd":414,"pos":".","before":"","after":""}]},{"index":2,"tokens":[{"index":1,"word":":","originalText":":","characterOffsetBegin":414,"characterOffsetEnd":415,"pos":":","before":"","after":" "},{"index":2,"word":"|","originalText":"|","characterOffsetBegin":416,"characterOffsetEnd":417,"pos":"CD","before":" ","after":""},{"index":3,"word":">","originalText":">","characterOffsetBegin":417,"characterOffsetEnd":418,"pos":"JJR","before":"","after":" "},{"index":4,"word":"Is","originalText":"Is","characterOffsetBegin":419,"characterOffsetEnd":421,"pos":"VBZ","before":" ","after":" "},{"index":5,"word":"it","originalText":"it","characterOffsetBegin":422,"characterOffsetEnd":424,"pos":"PRP","before":" ","after":" "},{"index":6,"word":"possible","originalText":"possible","characterOffsetBegin":425,"characterOffsetEnd":433,"pos":"JJ","before":" ","after":" "},{"index":7,"word":"to","originalText":"to","characterOffsetBegin":434,"characterOffsetEnd":436,"pos":"TO","before":" ","after":" "},{"index":8,"word":"mix","originalText":"mix","characterOffsetBegin":437,"characterOffsetEnd":440,"pos":"VB","before":" ","after":" "},{"index":9,"word":"X","originalText":"X","characterOffsetBegin":441,"characterOffsetEnd":442,"pos":"NN","before":" ","after":" "},{"index":10,"word":"and","originalText":"and","characterOffsetBegin":443,"characterOffsetEnd":446,"pos":"CC","before":" ","after":" "},{"index":11,"word":"GL","originalText":"GL","characterOffsetBegin":447,"characterOffsetEnd":449,"pos":"NN","before":" ","after":" "},{"index":12,"word":"in","originalText":"in","characterOffsetBegin":450,"characterOffsetEnd":452,"pos":"IN","before":" ","after":" "},{"index":13,"word":"one","originalText":"one","characterOffsetBegin":453,"characterOffsetEnd":456,"pos":"CD","before":" ","after":" "},{"index":14,"word":"application","originalText":"application","characterOffsetBegin":457,"characterOffsetEnd":468,"pos":"NN","before":" ","after":" "},{"index":15,"word":"program","originalText":"program","characterOffsetBegin":469,"characterOffsetEnd":476,"pos":"NN","before":" ","after":""},{"index":16,"word":"?","originalText":"?","characterOffsetBegin":476,"characterOffsetEnd":477,"pos":".","before":"","after":""}]},{"index":3,"tokens":[{"index":1,"word":":","originalText":":","characterOffsetBegin":477,"characterOffsetEnd":478,"pos":":","before":"","after":" "},{"index":2,"word":"|","originalText":"|","characterOffsetBegin":479,"characterOffsetEnd":480,"pos":"CD","before":" ","after":""},{"index":3,"word":">","originalText":">","characterOffsetBegin":480,"characterOffsetEnd":481,"pos":"JJR","before":"","after":" "},{"index":4,"word":"Can","originalText":"Can","characterOffsetBegin":482,"characterOffsetEnd":485,"pos":"MD","before":" ","after":" "},{"index":5,"word":"I","originalText":"I","characterOffsetBegin":486,"characterOffsetEnd":487,"pos":"PRP","before":" ","after":" "},{"index":6,"word":"use","originalText":"use","characterOffsetBegin":488,"characterOffsetEnd":491,"pos":"VB","before":" ","after":" "},{"index":7,"word":"GL","originalText":"GL","characterOffsetBegin":492,"characterOffsetEnd":494,"pos":"NNP","before":" ","after":" "},{"index":8,"word":"subroutines","originalText":"subroutines","characterOffsetBegin":495,"characterOffsetEnd":506,"pos":"NNS","before":" ","after":" "},{"index":9,"word":"in","originalText":"in","characterOffsetBegin":507,"characterOffsetEnd":509,"pos":"IN","before":" ","after":" "},{"index":10,"word":"an","originalText":"an","characterOffsetBegin":510,"characterOffsetEnd":512,"pos":"DT","before":" ","after":" "},{"index":11,"word":"XmDrawingArea","originalText":"XmDrawingArea","characterOffsetBegin":513,"characterOffsetEnd":526,"pos":"NN","before":" ","after":" "},{"index":12,"word":"or","originalText":"or","characterOffsetBegin":527,"characterOffsetEnd":529,"pos":"CC","before":" ","after":" "},{"index":13,"word":"in","originalText":"in","characterOffsetBegin":530,"characterOffsetEnd":532,"pos":"IN","before":" ","after":" "},{"index":14,"word":"an","originalText":"an","characterOffsetBegin":533,"characterOffsetEnd":535,"pos":"DT","before":" ","after":" "},{"index":15,"word":"X","originalText":"X","characterOffsetBegin":536,"characterOffsetEnd":537,"pos":"NN","before":" ","after":" "},{"index":16,"word":"window","originalText":"window","characterOffsetBegin":538,"characterOffsetEnd":544,"pos":"NN","before":" ","after":" "},{"index":17,"word":"opened","originalText":"opened","characterOffsetBegin":545,"characterOffsetEnd":551,"pos":"VBN","before":" ","after":" "},{"index":18,"word":"by","originalText":"by","characterOffsetBegin":552,"characterOffsetEnd":554,"pos":"IN","before":" ","after":" "},{"index":19,"word":"me","originalText":"me","characterOffsetBegin":555,"characterOffsetEnd":557,"pos":"PRP","before":" ","after":""},{"index":20,"word":":","originalText":":","characterOffsetBegin":557,"characterOffsetEnd":558,"pos":":","before":"","after":" "},{"index":21,"word":"|","originalText":"|","characterOffsetBegin":559,"characterOffsetEnd":560,"pos":"CD","before":" ","after":""},{"index":22,"word":">","originalText":">","characterOffsetBegin":560,"characterOffsetEnd":561,"pos":"JJR","before":"","after":" "},{"index":23,"word":"with","originalText":"with","characterOffsetBegin":562,"characterOffsetEnd":566,"pos":"IN","before":" ","after":" "},{"index":24,"word":"XOpenWindow?You","originalText":"XOpenWindow?You","characterOffsetBegin":567,"characterOffsetEnd":582,"pos":"NN","before":" ","after":" "},{"index":25,"word":"ca","originalText":"ca","characterOffsetBegin":583,"characterOffsetEnd":585,"pos":"MD","before":" ","after":""},{"index":26,"word":"n't","originalText":"n't","characterOffsetBegin":585,"characterOffsetEnd":588,"pos":"RB","before":"","after":" "},{"index":27,"word":"make","originalText":"make","characterOffsetBegin":589,"characterOffsetEnd":593,"pos":"VB","before":" ","after":" "},{"index":28,"word":"GL","originalText":"GL","characterOffsetBegin":594,"characterOffsetEnd":596,"pos":"NNP","before":" ","after":" "},{"index":29,"word":"calls","originalText":"calls","characterOffsetBegin":597,"characterOffsetEnd":602,"pos":"VBZ","before":" ","after":" "},{"index":30,"word":"in","originalText":"in","characterOffsetBegin":603,"characterOffsetEnd":605,"pos":"IN","before":" ","after":" "},{"index":31,"word":"an","originalText":"an","characterOffsetBegin":606,"characterOffsetEnd":608,"pos":"DT","before":" ","after":" "},{"index":32,"word":"XmDrawingArea","originalText":"XmDrawingArea","characterOffsetBegin":609,"characterOffsetEnd":622,"pos":"NNP","before":" ","after":" "},{"index":33,"word":"widget","originalText":"widget","characterOffsetBegin":623,"characterOffsetEnd":629,"pos":"NN","before":" ","after":" "},{"index":34,"word":"for","originalText":"for","characterOffsetBegin":630,"characterOffsetEnd":633,"pos":"IN","before":" ","after":" "},{"index":35,"word":"sure","originalText":"sure","characterOffsetBegin":634,"characterOffsetEnd":638,"pos":"JJ","before":" ","after":""},{"index":36,"word":".","originalText":".","characterOffsetBegin":638,"characterOffsetEnd":639,"pos":".","before":"","after":"  "}]},{"index":4,"tokens":[{"index":1,"word":":","originalText":":","characterOffsetBegin":641,"characterOffsetEnd":642,"pos":":","before":"  ","after":" "},{"index":2,"word":":","originalText":":","characterOffsetBegin":643,"characterOffsetEnd":644,"pos":":","before":" ","after":" "},{"index":3,"word":"There","originalText":"There","characterOffsetBegin":645,"characterOffsetEnd":650,"pos":"EX","before":" ","after":" "},{"index":4,"word":"is","originalText":"is","characterOffsetBegin":651,"characterOffsetEnd":653,"pos":"VBZ","before":" ","after":" "},{"index":5,"word":"a","originalText":"a","characterOffsetBegin":654,"characterOffsetEnd":655,"pos":"DT","before":" ","after":" "},{"index":6,"word":"widget","originalText":"widget","characterOffsetBegin":656,"characterOffsetEnd":662,"pos":"NN","before":" ","after":" "},{"index":7,"word":"already","originalText":"already","characterOffsetBegin":663,"characterOffsetEnd":670,"pos":"RB","before":" ","after":" "},{"index":8,"word":"defined","originalText":"defined","characterOffsetBegin":671,"characterOffsetEnd":678,"pos":"VBN","before":" ","after":" "},{"index":9,"word":"for","originalText":"for","characterOffsetBegin":679,"characterOffsetEnd":682,"pos":"IN","before":" ","after":" "},{"index":10,"word":"GL","originalText":"GL","characterOffsetBegin":683,"characterOffsetEnd":685,"pos":"NNP","before":" ","after":""},{"index":11,"word":".","originalText":".","characterOffsetBegin":685,"characterOffsetEnd":686,"pos":".","before":"","after":"  "}]},{"index":5,"tokens":[{"index":1,"word":"It","originalText":"It","characterOffsetBegin":688,"characterOffsetEnd":690,"pos":"PRP","before":"  ","after":" "},{"index":2,"word":"is","originalText":"is","characterOffsetBegin":691,"characterOffsetEnd":693,"pos":"VBZ","before":" ","after":" "},{"index":3,"word":"the","originalText":"the","characterOffsetBegin":694,"characterOffsetEnd":697,"pos":"DT","before":" ","after":" "},{"index":4,"word":"GlxMDraw","originalText":"GlxMDraw","characterOffsetBegin":698,"characterOffsetEnd":706,"pos":"NNP","before":" ","after":" "},{"index":5,"word":"-LRB-","originalText":"(","characterOffsetBegin":707,"characterOffsetEnd":708,"pos":"-LRB-","before":" ","after":""},{"index":6,"word":"motif","originalText":"motif","characterOffsetBegin":708,"characterOffsetEnd":713,"pos":"NN","before":"","after":""},{"index":7,"word":"-RRB-","originalText":")","characterOffsetBegin":713,"characterOffsetEnd":714,"pos":"-RRB-","before":"","after":" "},{"index":8,"word":"or","originalText":"or","characterOffsetBegin":715,"characterOffsetEnd":717,"pos":"CC","before":" ","after":""},{"index":9,"word":":","originalText":":","characterOffsetBegin":717,"characterOffsetEnd":718,"pos":":","before":"","after":" "},{"index":10,"word":"GlxDraw","originalText":"GlxDraw","characterOffsetBegin":719,"characterOffsetEnd":726,"pos":"NN","before":" ","after":" "},{"index":11,"word":"-LRB-","originalText":"(","characterOffsetBegin":727,"characterOffsetEnd":728,"pos":"-LRB-","before":" ","after":""},{"index":12,"word":"athena","originalText":"athena","characterOffsetBegin":728,"characterOffsetEnd":734,"pos":"NN","before":"","after":""},{"index":13,"word":"-RRB-","originalText":")","characterOffsetBegin":734,"characterOffsetEnd":735,"pos":"-RRB-","before":"","after":" "},{"index":14,"word":"widget","originalText":"widget","characterOffsetBegin":736,"characterOffsetEnd":742,"pos":"NN","before":" ","after":""},{"index":15,"word":".","originalText":".","characterOffsetBegin":742,"characterOffsetEnd":743,"pos":".","before":"","after":"  "}]},{"index":6,"tokens":[{"index":1,"word":"It","originalText":"It","characterOffsetBegin":745,"characterOffsetEnd":747,"pos":"PRP","before":"  ","after":" "},{"index":2,"word":"is","originalText":"is","characterOffsetBegin":748,"characterOffsetEnd":750,"pos":"VBZ","before":" ","after":" "},{"index":3,"word":"similar","originalText":"similar","characterOffsetBegin":751,"characterOffsetEnd":758,"pos":"JJ","before":" ","after":" "},{"index":4,"word":"to","originalText":"to","characterOffsetBegin":759,"characterOffsetEnd":761,"pos":"TO","before":" ","after":" "},{"index":5,"word":"a","originalText":"a","characterOffsetBegin":762,"characterOffsetEnd":763,"pos":"DT","before":" ","after":" "},{"index":6,"word":"XmDrawingArea","originalText":"XmDrawingArea","characterOffsetBegin":764,"characterOffsetEnd":777,"pos":"NNP","before":" ","after":""},{"index":7,"word":",","originalText":",","characterOffsetBegin":777,"characterOffsetEnd":778,"pos":",","before":"","after":" "},{"index":8,"word":"except","originalText":"except","characterOffsetBegin":779,"characterOffsetEnd":785,"pos":"IN","before":" ","after":" "},{"index":9,"word":"that","originalText":"that","characterOffsetBegin":786,"characterOffsetEnd":790,"pos":"IN","before":" ","after":" "},{"index":10,"word":"it","originalText":"it","characterOffsetBegin":791,"characterOffsetEnd":793,"pos":"PRP","before":" ","after":""},{"index":11,"word":":","originalText":":","characterOffsetBegin":793,"characterOffsetEnd":794,"pos":":","before":"","after":" "},{"index":12,"word":"allows","originalText":"allows","characterOffsetBegin":795,"characterOffsetEnd":801,"pos":"VBZ","before":" ","after":" "},{"index":13,"word":"you","originalText":"you","characterOffsetBegin":802,"characterOffsetEnd":805,"pos":"PRP","before":" ","after":" "},{"index":14,"word":"to","originalText":"to","characterOffsetBegin":806,"characterOffsetEnd":808,"pos":"TO","before":" ","after":" "},{"index":15,"word":"use","originalText":"use","characterOffsetBegin":809,"characterOffsetEnd":812,"pos":"VB","before":" ","after":" "},{"index":16,"word":"GL","originalText":"GL","characterOffsetBegin":813,"characterOffsetEnd":815,"pos":"NNP","before":" ","after":" "},{"index":17,"word":"calls","originalText":"calls","characterOffsetBegin":816,"characterOffsetEnd":821,"pos":"VBZ","before":" ","after":" "},{"index":18,"word":"to","originalText":"to","characterOffsetBegin":822,"characterOffsetEnd":824,"pos":"TO","before":" ","after":" "},{"index":19,"word":"render","originalText":"render","characterOffsetBegin":825,"characterOffsetEnd":831,"pos":"VB","before":" ","after":" "},{"index":20,"word":"into","originalText":"into","characterOffsetBegin":832,"characterOffsetEnd":836,"pos":"IN","before":" ","after":" "},{"index":21,"word":"the","originalText":"the","characterOffsetBegin":837,"characterOffsetEnd":840,"pos":"DT","before":" ","after":" "},{"index":22,"word":"window","originalText":"window","characterOffsetBegin":841,"characterOffsetEnd":847,"pos":"NN","before":" ","after":""},{"index":23,"word":".","originalText":".","characterOffsetBegin":847,"characterOffsetEnd":848,"pos":".","before":"","after":"  "}]},{"index":7,"tokens":[{"index":1,"word":"Look","originalText":"Look","characterOffsetBegin":850,"characterOffsetEnd":854,"pos":"VB","before":"  ","after":" "},{"index":2,"word":"at","originalText":"at","characterOffsetBegin":855,"characterOffsetEnd":857,"pos":"IN","before":" ","after":" "},{"index":3,"word":"glxlink","originalText":"glxlink","characterOffsetBegin":858,"characterOffsetEnd":865,"pos":"NN","before":" ","after":""},{"index":4,"word":",","originalText":",","characterOffsetBegin":865,"characterOffsetEnd":866,"pos":",","before":"","after":""},{"index":5,"word":":","originalText":":","characterOffsetBegin":866,"characterOffsetEnd":867,"pos":":","before":"","after":" "},{"index":6,"word":"glxunlink","originalText":"glxunlink","characterOffsetBegin":868,"characterOffsetEnd":877,"pos":"NN","before":" ","after":""},{"index":7,"word":",","originalText":",","characterOffsetBegin":877,"characterOffsetEnd":878,"pos":",","before":"","after":" "},{"index":8,"word":"glxgetconfig","originalText":"glxgetconfig","characterOffsetBegin":879,"characterOffsetEnd":891,"pos":"NN","before":" ","after":""},{"index":9,"word":",","originalText":",","characterOffsetBegin":891,"characterOffsetEnd":892,"pos":",","before":"","after":" "},{"index":10,"word":"and","originalText":"and","characterOffsetBegin":893,"characterOffsetEnd":896,"pos":"CC","before":" ","after":" "},{"index":11,"word":"glxwinset","originalText":"glxwinset","characterOffsetBegin":897,"characterOffsetEnd":906,"pos":"NN","before":" ","after":" "},{"index":12,"word":"in","originalText":"in","characterOffsetBegin":907,"characterOffsetEnd":909,"pos":"IN","before":" ","after":" "},{"index":13,"word":"the","originalText":"the","characterOffsetBegin":910,"characterOffsetEnd":913,"pos":"DT","before":" ","after":" "},{"index":14,"word":"man","originalText":"man","characterOffsetBegin":914,"characterOffsetEnd":917,"pos":"NN","before":" ","after":" "},{"index":15,"word":"pages.","originalText":"pages.","characterOffsetBegin":918,"characterOffsetEnd":924,"pos":"NN","before":" ","after":""},{"index":16,"word":":","originalText":":","characterOffsetBegin":924,"characterOffsetEnd":925,"pos":":","before":"","after":" "},{"index":17,"word":":","originalText":":","characterOffsetBegin":926,"characterOffsetEnd":927,"pos":":","before":" ","after":" "},{"index":18,"word":":","originalText":":","characterOffsetBegin":928,"characterOffsetEnd":929,"pos":":","before":" ","after":" "},{"index":19,"word":"The","originalText":"The","characterOffsetBegin":930,"characterOffsetEnd":933,"pos":"DT","before":" ","after":" "},{"index":20,"word":"GlxMDraw","originalText":"GlxMDraw","characterOffsetBegin":934,"characterOffsetEnd":942,"pos":"NNP","before":" ","after":" "},{"index":21,"word":"widget","originalText":"widget","characterOffsetBegin":943,"characterOffsetEnd":949,"pos":"NN","before":" ","after":" "},{"index":22,"word":"works","originalText":"works","characterOffsetBegin":950,"characterOffsetEnd":955,"pos":"VBZ","before":" ","after":" "},{"index":23,"word":"pretty","originalText":"pretty","characterOffsetBegin":956,"characterOffsetEnd":962,"pos":"RB","before":" ","after":" "},{"index":24,"word":"well","originalText":"well","characterOffsetBegin":963,"characterOffsetEnd":967,"pos":"RB","before":" ","after":""},{"index":25,"word":".","originalText":".","characterOffsetBegin":967,"characterOffsetEnd":968,"pos":".","before":"","after":"  "}]},{"index":8,"tokens":[{"index":1,"word":"OpenGL","originalText":"OpenGL","characterOffsetBegin":970,"characterOffsetEnd":976,"pos":"NN","before":"  ","after":" "},{"index":2,"word":"will","originalText":"will","characterOffsetBegin":977,"characterOffsetEnd":981,"pos":"MD","before":" ","after":" "},{"index":3,"word":"be","originalText":"be","characterOffsetBegin":982,"characterOffsetEnd":984,"pos":"VB","before":" ","after":" "},{"index":4,"word":"an","originalText":"an","characterOffsetBegin":985,"characterOffsetEnd":987,"pos":"DT","before":" ","after":" "},{"index":5,"word":"improvement.I","originalText":"improvement.I","characterOffsetBegin":988,"characterOffsetEnd":1001,"pos":"NN","before":" ","after":" "},{"index":6,"word":"can","originalText":"can","characterOffsetBegin":1002,"characterOffsetEnd":1005,"pos":"MD","before":" ","after":" "},{"index":7,"word":"vouch","originalText":"vouch","characterOffsetBegin":1006,"characterOffsetEnd":1011,"pos":"VB","before":" ","after":" "},{"index":8,"word":"for","originalText":"for","characterOffsetBegin":1012,"characterOffsetEnd":1015,"pos":"IN","before":" ","after":" "},{"index":9,"word":"that","originalText":"that","characterOffsetBegin":1016,"characterOffsetEnd":1020,"pos":"DT","before":" ","after":""},{"index":10,"word":".","originalText":".","characterOffsetBegin":1020,"characterOffsetEnd":1021,"pos":".","before":"","after":" "}]},{"index":9,"tokens":[{"index":1,"word":"The","originalText":"The","characterOffsetBegin":1022,"characterOffsetEnd":1025,"pos":"DT","before":" ","after":" "},{"index":2,"word":"GL","originalText":"GL","characterOffsetBegin":1026,"characterOffsetEnd":1028,"pos":"NNP","before":" ","after":" "},{"index":3,"word":"Widget","originalText":"Widget","characterOffsetBegin":1029,"characterOffsetEnd":1035,"pos":"NNP","before":" ","after":" "},{"index":4,"word":"works","originalText":"works","characterOffsetBegin":1036,"characterOffsetEnd":1041,"pos":"VBZ","before":" ","after":" "},{"index":5,"word":"pretty","originalText":"pretty","characterOffsetBegin":1042,"characterOffsetEnd":1048,"pos":"RB","before":" ","after":" "},{"index":6,"word":"well","originalText":"well","characterOffsetBegin":1049,"characterOffsetEnd":1053,"pos":"RB","before":" ","after":""},{"index":7,"word":".","originalText":".","characterOffsetBegin":1053,"characterOffsetEnd":1054,"pos":".","before":"","after":" "}]},{"index":10,"tokens":[{"index":1,"word":"I","originalText":"I","characterOffsetBegin":1055,"characterOffsetEnd":1056,"pos":"PRP","before":" ","after":" "},{"index":2,"word":"have","originalText":"have","characterOffsetBegin":1057,"characterOffsetEnd":1061,"pos":"VBP","before":" ","after":" "},{"index":3,"word":"been","originalText":"been","characterOffsetBegin":1062,"characterOffsetEnd":1066,"pos":"VBN","before":" ","after":" "},{"index":4,"word":"using","originalText":"using","characterOffsetBegin":1067,"characterOffsetEnd":1072,"pos":"VBG","before":" ","after":" "},{"index":5,"word":"itfor","originalText":"itfor","characterOffsetBegin":1073,"characterOffsetEnd":1078,"pos":"NN","before":" ","after":" "},{"index":6,"word":"sometime","originalText":"sometime","characterOffsetBegin":1079,"characterOffsetEnd":1087,"pos":"RB","before":" ","after":" "},{"index":7,"word":"now","originalText":"now","characterOffsetBegin":1088,"characterOffsetEnd":1091,"pos":"RB","before":" ","after":""},{"index":8,"word":".","originalText":".","characterOffsetBegin":1091,"characterOffsetEnd":1092,"pos":".","before":"","after":" "}]},{"index":11,"tokens":[{"index":1,"word":"I","originalText":"I","characterOffsetBegin":1093,"characterOffsetEnd":1094,"pos":"PRP","before":" ","after":""},{"index":2,"word":"'m","originalText":"'m","characterOffsetBegin":1094,"characterOffsetEnd":1096,"pos":"VBP","before":"","after":" "},{"index":3,"word":"not","originalText":"not","characterOffsetBegin":1097,"characterOffsetEnd":1100,"pos":"RB","before":" ","after":" "},{"index":4,"word":"sure","originalText":"sure","characterOffsetBegin":1101,"characterOffsetEnd":1105,"pos":"JJ","before":" ","after":" "},{"index":5,"word":"though","originalText":"though","characterOffsetBegin":1106,"characterOffsetEnd":1112,"pos":"IN","before":" ","after":" "},{"index":6,"word":"whether","originalText":"whether","characterOffsetBegin":1113,"characterOffsetEnd":1120,"pos":"IN","before":" ","after":" "},{"index":7,"word":"you","originalText":"you","characterOffsetBegin":1121,"characterOffsetEnd":1124,"pos":"PRP","before":" ","after":" "},{"index":8,"word":"can","originalText":"can","characterOffsetBegin":1125,"characterOffsetEnd":1128,"pos":"MD","before":" ","after":" "},{"index":9,"word":"use","originalText":"use","characterOffsetBegin":1129,"characterOffsetEnd":1132,"pos":"VB","before":" ","after":" "},{"index":10,"word":"Xlib","originalText":"Xlib","characterOffsetBegin":1133,"characterOffsetEnd":1137,"pos":"NNP","before":" ","after":" "},{"index":11,"word":"calls","originalText":"calls","characterOffsetBegin":1138,"characterOffsetEnd":1143,"pos":"VBZ","before":" ","after":" "},{"index":12,"word":"to","originalText":"to","characterOffsetBegin":1144,"characterOffsetEnd":1146,"pos":"TO","before":" ","after":" "},{"index":13,"word":"drawinto","originalText":"drawinto","characterOffsetBegin":1147,"characterOffsetEnd":1155,"pos":"VB","before":" ","after":" "},{"index":14,"word":"the","originalText":"the","characterOffsetBegin":1156,"characterOffsetEnd":1159,"pos":"DT","before":" ","after":" "},{"index":15,"word":"GL","originalText":"GL","characterOffsetBegin":1160,"characterOffsetEnd":1162,"pos":"NNP","before":" ","after":" "},{"index":16,"word":"widget","originalText":"widget","characterOffsetBegin":1163,"characterOffsetEnd":1169,"pos":"NN","before":" ","after":""},{"index":17,"word":".","originalText":".","characterOffsetBegin":1169,"characterOffsetEnd":1170,"pos":".","before":"","after":" "}]},{"index":12,"tokens":[{"index":1,"word":"I","originalText":"I","characterOffsetBegin":1171,"characterOffsetEnd":1172,"pos":"PRP","before":" ","after":" "},{"index":2,"word":"have","originalText":"have","characterOffsetBegin":1173,"characterOffsetEnd":1177,"pos":"VBP","before":" ","after":""},{"index":3,"word":"n't","originalText":"n't","characterOffsetBegin":1177,"characterOffsetEnd":1180,"pos":"RB","before":"","after":" "},{"index":4,"word":"tried","originalText":"tried","characterOffsetBegin":1181,"characterOffsetEnd":1186,"pos":"VBD","before":" ","after":" "},{"index":5,"word":"it","originalText":"it","characterOffsetBegin":1187,"characterOffsetEnd":1189,"pos":"PRP","before":" ","after":" "},{"index":6,"word":"yet","originalText":"yet","characterOffsetBegin":1190,"characterOffsetEnd":1193,"pos":"RB","before":" ","after":" "},{"index":7,"word":"nor","originalText":"nor","characterOffsetBegin":1194,"characterOffsetEnd":1197,"pos":"CC","before":" ","after":" "},{"index":8,"word":"have","originalText":"have","characterOffsetBegin":1198,"characterOffsetEnd":1202,"pos":"VBP","before":" ","after":" "},{"index":9,"word":"I","originalText":"I","characterOffsetBegin":1203,"characterOffsetEnd":1204,"pos":"PRP","before":" ","after":" "},{"index":10,"word":"read","originalText":"read","characterOffsetBegin":1205,"characterOffsetEnd":1209,"pos":"VB","before":" ","after":" "},{"index":11,"word":"the","originalText":"the","characterOffsetBegin":1210,"characterOffsetEnd":1213,"pos":"DT","before":" ","after":" "},{"index":12,"word":"accompanyingdocumentation","originalText":"accompanyingdocumentation","characterOffsetBegin":1214,"characterOffsetEnd":1239,"pos":"NN","before":" ","after":" "},{"index":13,"word":"completely","originalText":"completely","characterOffsetBegin":1240,"characterOffsetEnd":1250,"pos":"RB","before":" ","after":""},{"index":14,"word":".","originalText":".","characterOffsetBegin":1250,"characterOffsetEnd":1251,"pos":".","before":"","after":" "}]},{"index":13,"tokens":[{"index":1,"word":"Try","originalText":"Try","characterOffsetBegin":1252,"characterOffsetEnd":1255,"pos":"VB","before":" ","after":" "},{"index":2,"word":"posting","originalText":"posting","characterOffsetBegin":1256,"characterOffsetEnd":1263,"pos":"VBG","before":" ","after":" "},{"index":3,"word":"to","originalText":"to","characterOffsetBegin":1264,"characterOffsetEnd":1266,"pos":"TO","before":" ","after":" "},{"index":4,"word":"comp.sys.sgi","originalText":"comp.sys.sgi","characterOffsetBegin":1267,"characterOffsetEnd":1279,"pos":"VB","before":" ","after":" "},{"index":5,"word":"for","originalText":"for","characterOffsetBegin":1280,"characterOffsetEnd":1283,"pos":"IN","before":" ","after":" "},{"index":6,"word":"more","originalText":"more","characterOffsetBegin":1284,"characterOffsetEnd":1288,"pos":"JJR","before":" ","after":" "},{"index":7,"word":"information.Better","originalText":"information.Better","characterOffsetBegin":1289,"characterOffsetEnd":1307,"pos":"NN","before":" ","after":" "},{"index":8,"word":"still","originalText":"still","characterOffsetBegin":1308,"characterOffsetEnd":1313,"pos":"RB","before":" ","after":""},{"index":9,"word":",","originalText":",","characterOffsetBegin":1313,"characterOffsetEnd":1314,"pos":",","before":"","after":""},{"index":10,"word":"you","originalText":"you","characterOffsetBegin":1314,"characterOffsetEnd":1317,"pos":"PRP","before":"","after":" "},{"index":11,"word":"will","originalText":"will","characterOffsetBegin":1318,"characterOffsetEnd":1322,"pos":"MD","before":" ","after":" "},{"index":12,"word":"find","originalText":"find","characterOffsetBegin":1323,"characterOffsetEnd":1327,"pos":"VB","before":" ","after":" "},{"index":13,"word":"most","originalText":"most","characterOffsetBegin":1328,"characterOffsetEnd":1332,"pos":"JJS","before":" ","after":" "},{"index":14,"word":"of","originalText":"of","characterOffsetBegin":1333,"characterOffsetEnd":1335,"pos":"IN","before":" ","after":" "},{"index":15,"word":"the","originalText":"the","characterOffsetBegin":1336,"characterOffsetEnd":1339,"pos":"DT","before":" ","after":" "},{"index":16,"word":"answers","originalText":"answers","characterOffsetBegin":1340,"characterOffsetEnd":1347,"pos":"NNS","before":" ","after":" "},{"index":17,"word":"in","originalText":"in","characterOffsetBegin":1348,"characterOffsetEnd":1350,"pos":"IN","before":" ","after":" "},{"index":18,"word":"the","originalText":"the","characterOffsetBegin":1351,"characterOffsetEnd":1354,"pos":"DT","before":" ","after":"  "},{"index":19,"word":"SGI","originalText":"SGI","characterOffsetBegin":1356,"characterOffsetEnd":1359,"pos":"NNP","before":"  ","after":" "},{"index":20,"word":"manuals","originalText":"manuals","characterOffsetBegin":1360,"characterOffsetEnd":1367,"pos":"NNS","before":" ","after":" "},{"index":21,"word":".","originalText":".","characterOffsetBegin":1368,"characterOffsetEnd":1369,"pos":".","before":" ","after":""}]},{"index":14,"tokens":[{"index":1,"word":".","originalText":".","characterOffsetBegin":1369,"characterOffsetEnd":1370,"pos":".","before":"","after":" "}]},{"index":15,"tokens":[{"index":1,"word":"thereis","originalText":"thereis","characterOffsetBegin":1371,"characterOffsetEnd":1378,"pos":"RB","before":" ","after":" "},{"index":2,"word":"a","originalText":"a","characterOffsetBegin":1379,"characterOffsetEnd":1380,"pos":"DT","before":" ","after":" "},{"index":3,"word":"little","originalText":"little","characterOffsetBegin":1381,"characterOffsetEnd":1387,"pos":"JJ","before":" ","after":" "},{"index":4,"word":"transition","originalText":"transition","characterOffsetBegin":1388,"characterOffsetEnd":1398,"pos":"NN","before":" ","after":" "},{"index":5,"word":"guide","originalText":"guide","characterOffsetBegin":1399,"characterOffsetEnd":1404,"pos":"NN","before":" ","after":" "},{"index":6,"word":"which","originalText":"which","characterOffsetBegin":1405,"characterOffsetEnd":1410,"pos":"WDT","before":" ","after":" "},{"index":7,"word":"explains","originalText":"explains","characterOffsetBegin":1411,"characterOffsetEnd":1419,"pos":"VBZ","before":" ","after":" "},{"index":8,"word":"the","originalText":"the","characterOffsetBegin":1420,"characterOffsetEnd":1423,"pos":"DT","before":" ","after":" "},{"index":9,"word":"``","originalText":"\"","characterOffsetBegin":1424,"characterOffsetEnd":1425,"pos":"``","before":" ","after":""},{"index":10,"word":"mixed-model","originalText":"mixed-model","characterOffsetBegin":1425,"characterOffsetEnd":1436,"pos":"JJ","before":"","after":" "},{"index":11,"word":"programming","originalText":"programming","characterOffsetBegin":1437,"characterOffsetEnd":1448,"pos":"NN","before":" ","after":""},{"index":12,"word":"``","originalText":"\"","characterOffsetBegin":1448,"characterOffsetEnd":1449,"pos":"``","before":"","after":""},{"index":13,"word":"paradigm","originalText":"paradigm","characterOffsetBegin":1449,"characterOffsetEnd":1457,"pos":"NN","before":"","after":""},{"index":14,"word":"-LRB-","originalText":"(","characterOffsetBegin":1457,"characterOffsetEnd":1458,"pos":"-LRB-","before":"","after":""},{"index":15,"word":"Mixing","originalText":"Mixing","characterOffsetBegin":1458,"characterOffsetEnd":1464,"pos":"VBG","before":"","after":" "},{"index":16,"word":"X","originalText":"X","characterOffsetBegin":1465,"characterOffsetEnd":1466,"pos":"NN","before":" ","after":" "},{"index":17,"word":"and","originalText":"and","characterOffsetBegin":1467,"characterOffsetEnd":1470,"pos":"CC","before":" ","after":" "},{"index":18,"word":"GL","originalText":"GL","characterOffsetBegin":1471,"characterOffsetEnd":1473,"pos":"NN","before":" ","after":""},{"index":19,"word":"-RRB-","originalText":")","characterOffsetBegin":1473,"characterOffsetEnd":1474,"pos":"-RRB-","before":"","after":""},{"index":20,"word":".","originalText":".","characterOffsetBegin":1474,"characterOffsetEnd":1475,"pos":".","before":"","after":""}]},{"index":16,"tokens":[{"index":1,"word":":","originalText":":","characterOffsetBegin":1475,"characterOffsetEnd":1476,"pos":":","before":"","after":" "},{"index":2,"word":"|","originalText":"|","characterOffsetBegin":1477,"characterOffsetEnd":1478,"pos":"CD","before":" ","after":""},{"index":3,"word":">","originalText":">","characterOffsetBegin":1478,"characterOffsetEnd":1479,"pos":"JJR","before":"","after":" "},{"index":4,"word":"Does","originalText":"Does","characterOffsetBegin":1480,"characterOffsetEnd":1484,"pos":"VBZ","before":" ","after":" "},{"index":5,"word":"PEX","originalText":"PEX","characterOffsetBegin":1485,"characterOffsetEnd":1488,"pos":"NNP","before":" ","after":" "},{"index":6,"word":"-LRB-","originalText":"(","characterOffsetBegin":1489,"characterOffsetEnd":1490,"pos":"-LRB-","before":" ","after":""},{"index":7,"word":"graPHIGS","originalText":"graPHIGS","characterOffsetBegin":1490,"characterOffsetEnd":1498,"pos":"NNP","before":"","after":""},{"index":8,"word":"?","originalText":"?","characterOffsetBegin":1498,"characterOffsetEnd":1499,"pos":".","before":"","after":""},{"index":9,"word":"-RRB-","originalText":")","characterOffsetBegin":1499,"characterOffsetEnd":1500,"pos":"-RRB-","before":"","after":" "}]},{"index":17,"tokens":[{"index":1,"word":"have","originalText":"have","characterOffsetBegin":1501,"characterOffsetEnd":1505,"pos":"VB","before":" ","after":" "},{"index":2,"word":"the","originalText":"the","characterOffsetBegin":1506,"characterOffsetEnd":1509,"pos":"DT","before":" ","after":" "},{"index":3,"word":"same","originalText":"same","characterOffsetBegin":1510,"characterOffsetEnd":1514,"pos":"JJ","before":" ","after":" "},{"index":4,"word":"functionality","originalText":"functionality","characterOffsetBegin":1515,"characterOffsetEnd":1528,"pos":"NN","before":" ","after":" "},{"index":5,"word":"of","originalText":"of","characterOffsetBegin":1529,"characterOffsetEnd":1531,"pos":"IN","before":" ","after":" "},{"index":6,"word":"GL","originalText":"GL","characterOffsetBegin":1532,"characterOffsetEnd":1534,"pos":"NNP","before":" ","after":""},{"index":7,"word":"?","originalText":"?","characterOffsetBegin":1534,"characterOffsetEnd":1535,"pos":".","before":"","after":""}]},{"index":18,"tokens":[{"index":1,"word":":","originalText":":","characterOffsetBegin":1535,"characterOffsetEnd":1536,"pos":":","before":"","after":" "},{"index":2,"word":":","originalText":":","characterOffsetBegin":1537,"characterOffsetEnd":1538,"pos":":","before":" ","after":" "},{"index":3,"word":"I","originalText":"I","characterOffsetBegin":1539,"characterOffsetEnd":1540,"pos":"PRP","before":" ","after":" "},{"index":4,"word":"think","originalText":"think","characterOffsetBegin":1541,"characterOffsetEnd":1546,"pos":"VBP","before":" ","after":" "},{"index":5,"word":"GL","originalText":"GL","characterOffsetBegin":1547,"characterOffsetEnd":1549,"pos":"NNP","before":" ","after":" "},{"index":6,"word":"is","originalText":"is","characterOffsetBegin":1550,"characterOffsetEnd":1552,"pos":"VBZ","before":" ","after":" "},{"index":7,"word":"a","originalText":"a","characterOffsetBegin":1553,"characterOffsetEnd":1554,"pos":"DT","before":" ","after":" "},{"index":8,"word":"little","originalText":"little","characterOffsetBegin":1555,"characterOffsetEnd":1561,"pos":"JJ","before":" ","after":" "},{"index":9,"word":"easier","originalText":"easier","characterOffsetBegin":1562,"characterOffsetEnd":1568,"pos":"JJR","before":" ","after":" "},{"index":10,"word":"to","originalText":"to","characterOffsetBegin":1569,"characterOffsetEnd":1571,"pos":"TO","before":" ","after":" "},{"index":11,"word":"use","originalText":"use","characterOffsetBegin":1572,"characterOffsetEnd":1575,"pos":"VB","before":" ","after":" "},{"index":12,"word":"and","originalText":"and","characterOffsetBegin":1576,"characterOffsetEnd":1579,"pos":"CC","before":" ","after":" "},{"index":13,"word":"a","originalText":"a","characterOffsetBegin":1580,"characterOffsetEnd":1581,"pos":"DT","before":" ","after":" "},{"index":14,"word":"little","originalText":"little","characterOffsetBegin":1582,"characterOffsetEnd":1588,"pos":"RB","before":" ","after":" "},{"index":15,"word":"more","originalText":"more","characterOffsetBegin":1589,"characterOffsetEnd":1593,"pos":"RBR","before":" ","after":" "},{"index":16,"word":"powerful","originalText":"powerful","characterOffsetBegin":1594,"characterOffsetEnd":1602,"pos":"JJ","before":" ","after":""},{"index":17,"word":",","originalText":",","characterOffsetBegin":1602,"characterOffsetEnd":1603,"pos":",","before":"","after":" "},{"index":18,"word":"but","originalText":"but","characterOffsetBegin":1604,"characterOffsetEnd":1607,"pos":"CC","before":" ","after":""},{"index":19,"word":":","originalText":":","characterOffsetBegin":1607,"characterOffsetEnd":1608,"pos":":","before":"","after":" "},{"index":20,"word":"that","originalText":"that","characterOffsetBegin":1609,"characterOffsetEnd":1613,"pos":"DT","before":" ","after":""},{"index":21,"word":"'s","originalText":"'s","characterOffsetBegin":1613,"characterOffsetEnd":1615,"pos":"VBZ","before":"","after":" "},{"index":22,"word":"just","originalText":"just","characterOffsetBegin":1616,"characterOffsetEnd":1620,"pos":"RB","before":" ","after":" "},{"index":23,"word":"an","originalText":"an","characterOffsetBegin":1621,"characterOffsetEnd":1623,"pos":"DT","before":" ","after":" "},{"index":24,"word":"opinion","originalText":"opinion","characterOffsetBegin":1624,"characterOffsetEnd":1631,"pos":"NN","before":" ","after":""},{"index":25,"word":".","originalText":".","characterOffsetBegin":1631,"characterOffsetEnd":1632,"pos":".","before":"","after":"  "}]},{"index":19,"tokens":[{"index":1,"word":"Mileage","originalText":"Mileage","characterOffsetBegin":1634,"characterOffsetEnd":1641,"pos":"NN","before":"  ","after":" "},{"index":2,"word":"may","originalText":"may","characterOffsetBegin":1642,"characterOffsetEnd":1645,"pos":"MD","before":" ","after":" "},{"index":3,"word":"vary.Well","originalText":"vary.Well","characterOffsetBegin":1646,"characterOffsetEnd":1655,"pos":"NNP","before":" ","after":""},{"index":4,"word":",","originalText":",","characterOffsetBegin":1655,"characterOffsetEnd":1656,"pos":",","before":"","after":" "},{"index":5,"word":"PEX","originalText":"PEX","characterOffsetBegin":1657,"characterOffsetEnd":1660,"pos":"NNP","before":" ","after":" "},{"index":6,"word":"is","originalText":"is","characterOffsetBegin":1661,"characterOffsetEnd":1663,"pos":"VBZ","before":" ","after":" "},{"index":7,"word":"designed","originalText":"designed","characterOffsetBegin":1664,"characterOffsetEnd":1672,"pos":"VBN","before":" ","after":" "},{"index":8,"word":"as","originalText":"as","characterOffsetBegin":1673,"characterOffsetEnd":1675,"pos":"IN","before":" ","after":" "},{"index":9,"word":"an","originalText":"an","characterOffsetBegin":1676,"characterOffsetEnd":1678,"pos":"DT","before":" ","after":" "},{"index":10,"word":"extension","originalText":"extension","characterOffsetBegin":1679,"characterOffsetEnd":1688,"pos":"NN","before":" ","after":" "},{"index":11,"word":"to","originalText":"to","characterOffsetBegin":1689,"characterOffsetEnd":1691,"pos":"TO","before":" ","after":"  "},{"index":12,"word":"X","originalText":"X","characterOffsetBegin":1693,"characterOffsetEnd":1694,"pos":"NN","before":"  ","after":" "},{"index":13,"word":"and","originalText":"and","characterOffsetBegin":1695,"characterOffsetEnd":1698,"pos":"CC","before":" ","after":" "},{"index":14,"word":"will","originalText":"will","characterOffsetBegin":1699,"characterOffsetEnd":1703,"pos":"MD","before":" ","after":" "},{"index":15,"word":"be","originalText":"be","characterOffsetBegin":1704,"characterOffsetEnd":1706,"pos":"VB","before":" ","after":" "},{"index":16,"word":"more","originalText":"more","characterOffsetBegin":1707,"characterOffsetEnd":1711,"pos":"RBR","before":" ","after":" "},{"index":17,"word":"seamless","originalText":"seamless","characterOffsetBegin":1712,"characterOffsetEnd":1720,"pos":"JJ","before":" ","after":"  "},{"index":18,"word":"but","originalText":"but","characterOffsetBegin":1722,"characterOffsetEnd":1725,"pos":"CC","before":"  ","after":" "},{"index":19,"word":"then","originalText":"then","characterOffsetBegin":1726,"characterOffsetEnd":1730,"pos":"RB","before":" ","after":""},{"index":20,"word":",","originalText":",","characterOffsetBegin":1730,"characterOffsetEnd":1731,"pos":",","before":"","after":" "},{"index":21,"word":"it","originalText":"it","characterOffsetBegin":1732,"characterOffsetEnd":1734,"pos":"PRP","before":" ","after":" "},{"index":22,"word":"is","originalText":"is","characterOffsetBegin":1735,"characterOffsetEnd":1737,"pos":"VBZ","before":" ","after":" "},{"index":23,"word":"buggy","originalText":"buggy","characterOffsetBegin":1738,"characterOffsetEnd":1743,"pos":"NN","before":" ","after":" "},{"index":24,"word":"to","originalText":"to","characterOffsetBegin":1744,"characterOffsetEnd":1746,"pos":"TO","before":" ","after":" "},{"index":25,"word":"start","originalText":"start","characterOffsetBegin":1747,"characterOffsetEnd":1752,"pos":"VB","before":" ","after":" "},{"index":26,"word":"with","originalText":"with","characterOffsetBegin":1753,"characterOffsetEnd":1757,"pos":"IN","before":" ","after":" "},{"index":27,"word":".","originalText":".","characterOffsetBegin":1758,"characterOffsetEnd":1759,"pos":".","before":" ","after":""}]},{"index":20,"tokens":[{"index":1,"word":".","originalText":".","characterOffsetBegin":1759,"characterOffsetEnd":1760,"pos":".","before":"","after":" "}]},{"index":21,"tokens":[{"index":1,"word":"opinions","originalText":"opinions","characterOffsetBegin":1761,"characterOffsetEnd":1769,"pos":"NNS","before":" ","after":" "},{"index":2,"word":"again","originalText":"again","characterOffsetBegin":1770,"characterOffsetEnd":1775,"pos":"RB","before":" ","after":""},{"index":3,"word":".","originalText":".","characterOffsetBegin":1775,"characterOffsetEnd":1776,"pos":".","before":"","after":"      "}]},{"index":22,"tokens":[{"index":1,"word":"__","originalText":"__","characterOffsetBegin":1782,"characterOffsetEnd":1784,"pos":"NN","before":"      ","after":"                       "},{"index":2,"word":"-LRB-","originalText":"(","characterOffsetBegin":1807,"characterOffsetEnd":1808,"pos":"-LRB-","before":"                       ","after":""},{"index":3,"word":"_","originalText":"_","characterOffsetBegin":1808,"characterOffsetEnd":1809,"pos":"CD","before":"","after":"   "},{"index":4,"word":"/","originalText":"/","characterOffsetBegin":1812,"characterOffsetEnd":1813,"pos":":","before":"   ","after":" "},{"index":5,"word":"/","originalText":"/","characterOffsetBegin":1814,"characterOffsetEnd":1815,"pos":":","before":" ","after":"  "},{"index":6,"word":"o","originalText":"o","characterOffsetBegin":1817,"characterOffsetEnd":1818,"pos":"NN","before":"  ","after":""},{"index":7,"word":"_","originalText":"_","characterOffsetBegin":1818,"characterOffsetEnd":1819,"pos":"NN","before":"","after":"   "},{"index":8,"word":"o","originalText":"o","characterOffsetBegin":1822,"characterOffsetEnd":1823,"pos":"NN","before":"   ","after":"  "},{"index":9,"word":"o","originalText":"o","characterOffsetBegin":1825,"characterOffsetEnd":1826,"pos":"NN","before":"  ","after":" "},{"index":10,"word":"|","originalText":"|","characterOffsetBegin":1827,"characterOffsetEnd":1828,"pos":"CD","before":" ","after":""},{"index":11,"word":"_","originalText":"_","characterOffsetBegin":1828,"characterOffsetEnd":1829,"pos":"CD","before":"","after":"     "},{"index":12,"word":"__","originalText":"__","characterOffsetBegin":1834,"characterOffsetEnd":1836,"pos":"NN","before":"     ","after":""},{"index":13,"word":"-RRB-","originalText":")","characterOffsetBegin":1836,"characterOffsetEnd":1837,"pos":"-RRB-","before":"","after":""},{"index":14,"word":"/","originalText":"/","characterOffsetBegin":1837,"characterOffsetEnd":1838,"pos":":","before":"","after":""},{"index":15,"word":"-LRB-","originalText":"(","characterOffsetBegin":1838,"characterOffsetEnd":1839,"pos":"-LRB-","before":"","after":""},{"index":16,"word":"_","originalText":"_","characterOffsetBegin":1839,"characterOffsetEnd":1840,"pos":"NN","before":"","after":""},{"index":17,"word":"-LRB-","originalText":"(","characterOffsetBegin":1840,"characterOffsetEnd":1841,"pos":"-LRB-","before":"","after":" "},{"index":18,"word":"__","originalText":"__","characterOffsetBegin":1842,"characterOffsetEnd":1844,"pos":"NN","before":" ","after":""},{"index":19,"word":"-RRB-","originalText":")","characterOffsetBegin":1844,"characterOffsetEnd":1845,"pos":"-RRB-","before":"","after":" "},{"index":20,"word":"-LRB-","originalText":"(","characterOffsetBegin":1846,"characterOffsetEnd":1847,"pos":"-LRB-","before":" ","after":""},{"index":21,"word":"_","originalText":"_","characterOffsetBegin":1847,"characterOffsetEnd":1848,"pos":"NN","before":"","after":""},{"index":22,"word":"-LRB-","originalText":"(","characterOffsetBegin":1848,"characterOffsetEnd":1849,"pos":"-LRB-","before":"","after":""},{"index":23,"word":"_","originalText":"_","characterOffsetBegin":1849,"characterOffsetEnd":1850,"pos":"CD","before":"","after":" "},{"index":24,"word":"/","originalText":"/","characterOffsetBegin":1851,"characterOffsetEnd":1852,"pos":":","before":" ","after":""},{"index":25,"word":"_","originalText":"_","characterOffsetBegin":1852,"characterOffsetEnd":1853,"pos":"CD","before":"","after":""},{"index":26,"word":"-RRB-","originalText":")","characterOffsetBegin":1853,"characterOffsetEnd":1854,"pos":"-RRB-","before":"","after":""},{"index":27,"word":"|","originalText":"|","characterOffsetBegin":1854,"characterOffsetEnd":1855,"pos":"NN","before":"","after":" "},{"index":28,"word":"-RRB-","originalText":")","characterOffsetBegin":1856,"characterOffsetEnd":1857,"pos":"-RRB-","before":" ","after":""},{"index":29,"word":"_","originalText":"_","characterOffsetBegin":1857,"characterOffsetEnd":1858,"pos":"CD","before":"","after":""},{"index":30,"word":"****************************************************************************","originalText":"****************************************************************************","characterOffsetBegin":1858,"characterOffsetEnd":1934,"pos":"CD","before":"","after":" "},{"index":31,"word":"Suresh","originalText":"Suresh","characterOffsetBegin":1935,"characterOffsetEnd":1941,"pos":"NNP","before":" ","after":" "},{"index":32,"word":"Thennarangam","originalText":"Thennarangam","characterOffsetBegin":1942,"characterOffsetEnd":1954,"pos":"NNP","before":" ","after":"               "},{"index":33,"word":"*","originalText":"*","characterOffsetBegin":1969,"characterOffsetEnd":1970,"pos":"SYM","before":"               ","after":"  "},{"index":34,"word":"EMail","originalText":"EMail","characterOffsetBegin":1972,"characterOffsetEnd":1977,"pos":"NN","before":"  ","after":""},{"index":35,"word":":","originalText":":","characterOffsetBegin":1977,"characterOffsetEnd":1978,"pos":":","before":"","after":" "},{"index":36,"word":"suresh@iss.nus.sg","originalText":"suresh@iss.nus.sg","characterOffsetBegin":1979,"characterOffsetEnd":1996,"pos":"NN","before":" ","after":""},{"index":37,"word":"-LRB-","originalText":"(","characterOffsetBegin":1996,"characterOffsetEnd":1997,"pos":"-LRB-","before":"","after":""},{"index":38,"word":"Internet","originalText":"Internet","characterOffsetBegin":1997,"characterOffsetEnd":2005,"pos":"NN","before":"","after":""},{"index":39,"word":"-RRB-","originalText":")","characterOffsetBegin":2005,"characterOffsetEnd":2006,"pos":"-RRB-","before":"","after":" "},{"index":40,"word":"**","originalText":"**","characterOffsetBegin":2007,"characterOffsetEnd":2009,"pos":"SYM","before":" ","after":" "},{"index":41,"word":"Research","originalText":"Research","characterOffsetBegin":2010,"characterOffsetEnd":2018,"pos":"NNP","before":" ","after":" "},{"index":42,"word":"Scholar","originalText":"Scholar","characterOffsetBegin":2019,"characterOffsetEnd":2026,"pos":"NNP","before":" ","after":"                  "},{"index":43,"word":"*","originalText":"*","characterOffsetBegin":2044,"characterOffsetEnd":2045,"pos":"SYM","before":"                  ","after":"         "},{"index":44,"word":"ISSST@NUSVM.BITNET","originalText":"ISSST@NUSVM.BITNET","characterOffsetBegin":2054,"characterOffsetEnd":2072,"pos":"NNP","before":"         ","after":"          "},{"index":45,"word":"**","originalText":"**","characterOffsetBegin":2082,"characterOffsetEnd":2084,"pos":"SYM","before":"          ","after":" "},{"index":46,"word":"Institute","originalText":"Institute","characterOffsetBegin":2085,"characterOffsetEnd":2094,"pos":"NNP","before":" ","after":" "},{"index":47,"word":"Of","originalText":"Of","characterOffsetBegin":2095,"characterOffsetEnd":2097,"pos":"IN","before":" ","after":" "},{"index":48,"word":"Systems","originalText":"Systems","characterOffsetBegin":2098,"characterOffsetEnd":2105,"pos":"NNPS","before":" ","after":" "},{"index":49,"word":"Science","originalText":"Science","characterOffsetBegin":2106,"characterOffsetEnd":2113,"pos":"NNP","before":" ","after":"      "},{"index":50,"word":"*","originalText":"*","characterOffsetBegin":2119,"characterOffsetEnd":2120,"pos":"SYM","before":"      ","after":"  "},{"index":51,"word":"Tel","originalText":"Tel","characterOffsetBegin":2122,"characterOffsetEnd":2125,"pos":"NNP","before":"  ","after":""},{"index":52,"word":":","originalText":":","characterOffsetBegin":2125,"characterOffsetEnd":2126,"pos":":","before":"","after":"  "},{"index":53,"word":"-LRB-065-RRB- 772 2588","originalText":"(065) 772 2588","characterOffsetBegin":2128,"characterOffsetEnd":2142,"pos":"NN","before":"  ","after":""},{"index":54,"word":".","originalText":".","characterOffsetBegin":2142,"characterOffsetEnd":2143,"pos":".","before":"","after":"              "}]},{"index":23,"tokens":[{"index":1,"word":"**","originalText":"**","characterOffsetBegin":2157,"characterOffsetEnd":2159,"pos":"SYM","before":"              ","after":" "},{"index":2,"word":"National","originalText":"National","characterOffsetBegin":2160,"characterOffsetEnd":2168,"pos":"NNP","before":" ","after":" "},{"index":3,"word":"University","originalText":"University","characterOffsetBegin":2169,"characterOffsetEnd":2179,"pos":"NNP","before":" ","after":" "},{"index":4,"word":"Of","originalText":"Of","characterOffsetBegin":2180,"characterOffsetEnd":2182,"pos":"IN","before":" ","after":" "},{"index":5,"word":"Singapore","originalText":"Singapore","characterOffsetBegin":2183,"characterOffsetEnd":2192,"pos":"NNP","before":" ","after":"  "},{"index":6,"word":"*","originalText":"*","characterOffsetBegin":2194,"characterOffsetEnd":2195,"pos":"SYM","before":"  ","after":"  "},{"index":7,"word":"Facs.","originalText":"Facs.","characterOffsetBegin":2197,"characterOffsetEnd":2202,"pos":"NNP","before":"  ","after":""},{"index":8,"word":":","originalText":":","characterOffsetBegin":2202,"characterOffsetEnd":2203,"pos":":","before":"","after":" "},{"index":9,"word":"-LRB-065-RRB- 778 2571","originalText":"(065) 778 2571","characterOffsetBegin":2204,"characterOffsetEnd":2218,"pos":"NN","before":" ","after":"              "},{"index":10,"word":"**","originalText":"**","characterOffsetBegin":2232,"characterOffsetEnd":2234,"pos":"SYM","before":"              ","after":" "},{"index":11,"word":"Heng","originalText":"Heng","characterOffsetBegin":2235,"characterOffsetEnd":2239,"pos":"NNP","before":" ","after":" "},{"index":12,"word":"Mui","originalText":"Mui","characterOffsetBegin":2240,"characterOffsetEnd":2243,"pos":"NNP","before":" ","after":" "},{"index":13,"word":"Keng","originalText":"Keng","characterOffsetBegin":2244,"characterOffsetEnd":2248,"pos":"NNP","before":" ","after":" "},{"index":14,"word":"Terrace","originalText":"Terrace","characterOffsetBegin":2249,"characterOffsetEnd":2256,"pos":"NNP","before":" ","after":"             "},{"index":15,"word":"*","originalText":"*","characterOffsetBegin":2269,"characterOffsetEnd":2270,"pos":"SYM","before":"             ","after":"  "},{"index":16,"word":"Telex","originalText":"Telex","characterOffsetBegin":2272,"characterOffsetEnd":2277,"pos":"NNP","before":"  ","after":""},{"index":17,"word":":","originalText":":","characterOffsetBegin":2277,"characterOffsetEnd":2278,"pos":":","before":"","after":" "},{"index":18,"word":"ISSNUS","originalText":"ISSNUS","characterOffsetBegin":2279,"characterOffsetEnd":2285,"pos":"NNP","before":" ","after":" "},{"index":19,"word":"RS","originalText":"RS","characterOffsetBegin":2286,"characterOffsetEnd":2288,"pos":"NN","before":" ","after":" "},{"index":20,"word":"39988","originalText":"39988","characterOffsetBegin":2289,"characterOffsetEnd":2294,"pos":"CD","before":" ","after":"             "},{"index":21,"word":"**","originalText":"**","characterOffsetBegin":2307,"characterOffsetEnd":2309,"pos":"SYM","before":"             ","after":" "},{"index":22,"word":"Singapore","originalText":"Singapore","characterOffsetBegin":2310,"characterOffsetEnd":2319,"pos":"NNP","before":" ","after":" "},{"index":23,"word":"0511","originalText":"0511","characterOffsetBegin":2320,"characterOffsetEnd":2324,"pos":"CD","before":" ","after":""},{"index":24,"word":".","originalText":".","characterOffsetBegin":2324,"characterOffsetEnd":2325,"pos":".","before":"","after":"                   "}]},{"index":24,"tokens":[{"index":1,"word":"*","originalText":"*","characterOffsetBegin":2344,"characterOffsetEnd":2345,"pos":"SYM","before":"                   ","after":"                                     "},{"index":2,"word":"****************************************************************************","originalText":"****************************************************************************","characterOffsetBegin":2382,"characterOffsetEnd":2458,"pos":"CD","before":"                                     ","after":""}]}]}