{"sentences":[{"index":0,"tokens":[{"index":1,"word":"From","originalText":"From","characterOffsetBegin":0,"characterOffsetEnd":4,"pos":"IN","before":"","after":""},{"index":2,"word":":","originalText":":","characterOffsetBegin":4,"characterOffsetEnd":5,"pos":":","before":"","after":" "},{"index":3,"word":"jhcox@kodak.com","originalText":"jhcox@kodak.com","characterOffsetBegin":6,"characterOffsetEnd":21,"pos":"NN","before":" ","after":" "},{"index":4,"word":"-LRB-","originalText":"(","characterOffsetBegin":22,"characterOffsetEnd":23,"pos":"-LRB-","before":" ","after":""},{"index":5,"word":"James","originalText":"James","characterOffsetBegin":23,"characterOffsetEnd":28,"pos":"NNP","before":"","after":" "},{"index":6,"word":"Cox","originalText":"Cox","characterOffsetBegin":29,"characterOffsetEnd":32,"pos":"NNP","before":" ","after":""},{"index":7,"word":"-RRB-","originalText":")","characterOffsetBegin":32,"characterOffsetEnd":33,"pos":"-RRB-","before":"","after":""},{"index":8,"word":"Subject","originalText":"Subject","characterOffsetBegin":33,"characterOffsetEnd":40,"pos":"NNP","before":"","after":""},{"index":9,"word":":","originalText":":","characterOffsetBegin":40,"characterOffsetEnd":41,"pos":":","before":"","after":" "},{"index":10,"word":"Xterm","originalText":"Xterm","characterOffsetBegin":42,"characterOffsetEnd":47,"pos":"NNP","before":" ","after":" "},{"index":11,"word":"Problem","originalText":"Problem","characterOffsetBegin":48,"characterOffsetEnd":55,"pos":"NNP","before":" ","after":" "},{"index":12,"word":"With","originalText":"With","characterOffsetBegin":56,"characterOffsetEnd":60,"pos":"IN","before":" ","after":" "},{"index":13,"word":"Input","originalText":"Input","characterOffsetBegin":61,"characterOffsetEnd":66,"pos":"NNP","before":" ","after":" "},{"index":14,"word":"Focus","originalText":"Focus","characterOffsetBegin":67,"characterOffsetEnd":72,"pos":"NNP","before":" ","after":" "},{"index":15,"word":"/","originalText":"/","characterOffsetBegin":73,"characterOffsetEnd":74,"pos":":","before":" ","after":" "},{"index":16,"word":"``","originalText":"\"","characterOffsetBegin":75,"characterOffsetEnd":76,"pos":"``","before":" ","after":""},{"index":17,"word":"Shuffle","originalText":"Shuffle","characterOffsetBegin":76,"characterOffsetEnd":83,"pos":"VB","before":"","after":" "},{"index":18,"word":"Up","originalText":"Up","characterOffsetBegin":84,"characterOffsetEnd":86,"pos":"RP","before":" ","after":""},{"index":19,"word":"``","originalText":"\"","characterOffsetBegin":86,"characterOffsetEnd":87,"pos":"``","before":"","after":""},{"index":20,"word":"The","originalText":"The","characterOffsetBegin":87,"characterOffsetEnd":90,"pos":"DT","before":"","after":" "},{"index":21,"word":"situation","originalText":"situation","characterOffsetBegin":91,"characterOffsetEnd":100,"pos":"NN","before":" ","after":""},{"index":22,"word":":","originalText":":","characterOffsetBegin":100,"characterOffsetEnd":101,"pos":":","before":"","after":" "},{"index":23,"word":"running","originalText":"running","characterOffsetBegin":102,"characterOffsetEnd":109,"pos":"VBG","before":" ","after":" "},{"index":24,"word":"a","originalText":"a","characterOffsetBegin":110,"characterOffsetEnd":111,"pos":"DT","before":" ","after":" "},{"index":25,"word":"Fortran","originalText":"Fortran","characterOffsetBegin":112,"characterOffsetEnd":119,"pos":"NNP","before":" ","after":" "},{"index":26,"word":"executable","originalText":"executable","characterOffsetBegin":120,"characterOffsetEnd":130,"pos":"JJ","before":" ","after":" "},{"index":27,"word":"that","originalText":"that","characterOffsetBegin":131,"characterOffsetEnd":135,"pos":"IN","before":" ","after":" "},{"index":28,"word":"creats","originalText":"creats","characterOffsetBegin":136,"characterOffsetEnd":142,"pos":"VBZ","before":" ","after":" "},{"index":29,"word":"an","originalText":"an","characterOffsetBegin":143,"characterOffsetEnd":145,"pos":"DT","before":" ","after":" "},{"index":30,"word":"Xterm","originalText":"Xterm","characterOffsetBegin":146,"characterOffsetEnd":151,"pos":"NN","before":" ","after":""},{"index":31,"word":".","originalText":".","characterOffsetBegin":151,"characterOffsetEnd":152,"pos":".","before":"","after":"  "}]},{"index":1,"tokens":[{"index":1,"word":"An","originalText":"An","characterOffsetBegin":154,"characterOffsetEnd":156,"pos":"DT","before":"  ","after":" "},{"index":2,"word":"optionin","originalText":"optionin","characterOffsetBegin":157,"characterOffsetEnd":165,"pos":"NN","before":" ","after":" "},{"index":3,"word":"the","originalText":"the","characterOffsetBegin":166,"characterOffsetEnd":169,"pos":"DT","before":" ","after":" "},{"index":4,"word":"menu","originalText":"menu","characterOffsetBegin":170,"characterOffsetEnd":174,"pos":"NN","before":" ","after":" "},{"index":5,"word":"contained","originalText":"contained","characterOffsetBegin":175,"characterOffsetEnd":184,"pos":"VBD","before":" ","after":" "},{"index":6,"word":"in","originalText":"in","characterOffsetBegin":185,"characterOffsetEnd":187,"pos":"IN","before":" ","after":" "},{"index":7,"word":"the","originalText":"the","characterOffsetBegin":188,"characterOffsetEnd":191,"pos":"DT","before":" ","after":" "},{"index":8,"word":"Xterm","originalText":"Xterm","characterOffsetBegin":192,"characterOffsetEnd":197,"pos":"NNP","before":" ","after":" "},{"index":9,"word":"runs","originalText":"runs","characterOffsetBegin":198,"characterOffsetEnd":202,"pos":"VBZ","before":" ","after":" "},{"index":10,"word":"a","originalText":"a","characterOffsetBegin":203,"characterOffsetEnd":204,"pos":"DT","before":" ","after":" "},{"index":11,"word":"Fortran","originalText":"Fortran","characterOffsetBegin":205,"characterOffsetEnd":212,"pos":"NNP","before":" ","after":" "},{"index":12,"word":"subroutine","originalText":"subroutine","characterOffsetBegin":213,"characterOffsetEnd":223,"pos":"NN","before":" ","after":" "},{"index":13,"word":"that","originalText":"that","characterOffsetBegin":224,"characterOffsetEnd":228,"pos":"WDT","before":" ","after":" "},{"index":14,"word":"creatsa","originalText":"creatsa","characterOffsetBegin":229,"characterOffsetEnd":236,"pos":"VBP","before":" ","after":" "},{"index":15,"word":"Tektronics-mode","originalText":"Tektronics-mode","characterOffsetBegin":237,"characterOffsetEnd":252,"pos":"JJ","before":" ","after":" "},{"index":16,"word":"Xterm","originalText":"Xterm","characterOffsetBegin":253,"characterOffsetEnd":258,"pos":"NN","before":" ","after":" "},{"index":17,"word":"for","originalText":"for","characterOffsetBegin":259,"characterOffsetEnd":262,"pos":"IN","before":" ","after":" "},{"index":18,"word":"displaying","originalText":"displaying","characterOffsetBegin":263,"characterOffsetEnd":273,"pos":"VBG","before":" ","after":" "},{"index":19,"word":"some","originalText":"some","characterOffsetBegin":274,"characterOffsetEnd":278,"pos":"DT","before":" ","after":" "},{"index":20,"word":"graphics","originalText":"graphics","characterOffsetBegin":279,"characterOffsetEnd":287,"pos":"NNS","before":" ","after":""},{"index":21,"word":".","originalText":".","characterOffsetBegin":287,"characterOffsetEnd":288,"pos":".","before":"","after":"  "}]},{"index":2,"tokens":[{"index":1,"word":"Typing","originalText":"Typing","characterOffsetBegin":290,"characterOffsetEnd":296,"pos":"VBG","before":"  ","after":" "},{"index":2,"word":"a","originalText":"a","characterOffsetBegin":297,"characterOffsetEnd":298,"pos":"DT","before":" ","after":" "},{"index":3,"word":"<RET>","originalText":"<RET>","characterOffsetBegin":299,"characterOffsetEnd":304,"pos":"NN","before":" ","after":" "},{"index":4,"word":"whilethe","originalText":"whilethe","characterOffsetBegin":305,"characterOffsetEnd":313,"pos":"NN","before":" ","after":" "},{"index":5,"word":"Tektronics-mode","originalText":"Tektronics-mode","characterOffsetBegin":314,"characterOffsetEnd":329,"pos":"NN","before":" ","after":" "},{"index":6,"word":"Xterm","originalText":"Xterm","characterOffsetBegin":330,"characterOffsetEnd":335,"pos":"NN","before":" ","after":" "},{"index":7,"word":"-LRB-","originalText":"(","characterOffsetBegin":336,"characterOffsetEnd":337,"pos":"-LRB-","before":" ","after":""},{"index":8,"word":"future","originalText":"future","characterOffsetBegin":337,"characterOffsetEnd":343,"pos":"JJ","before":"","after":" "},{"index":9,"word":"reference","originalText":"reference","characterOffsetBegin":344,"characterOffsetEnd":353,"pos":"NN","before":" ","after":" "},{"index":10,"word":"to","originalText":"to","characterOffsetBegin":354,"characterOffsetEnd":356,"pos":"TO","before":" ","after":" "},{"index":11,"word":"this","originalText":"this","characterOffsetBegin":357,"characterOffsetEnd":361,"pos":"DT","before":" ","after":" "},{"index":12,"word":"will","originalText":"will","characterOffsetBegin":362,"characterOffsetEnd":366,"pos":"MD","before":" ","after":" "},{"index":13,"word":"be","originalText":"be","characterOffsetBegin":367,"characterOffsetEnd":369,"pos":"VB","before":" ","after":" "},{"index":14,"word":"``","originalText":"\"","characterOffsetBegin":370,"characterOffsetEnd":371,"pos":"``","before":" ","after":""},{"index":15,"word":"Tek-term","originalText":"Tek-term","characterOffsetBegin":371,"characterOffsetEnd":379,"pos":"JJ","before":"","after":""},{"index":16,"word":"''","originalText":"\"","characterOffsetBegin":379,"characterOffsetEnd":380,"pos":"''","before":"","after":""},{"index":17,"word":"-RRB-","originalText":")","characterOffsetBegin":380,"characterOffsetEnd":381,"pos":"-RRB-","before":"","after":" "},{"index":18,"word":"isactive","originalText":"isactive","characterOffsetBegin":382,"characterOffsetEnd":390,"pos":"JJ","before":" ","after":" "},{"index":19,"word":"makes","originalText":"makes","characterOffsetBegin":391,"characterOffsetEnd":396,"pos":"VBZ","before":" ","after":" "},{"index":20,"word":"the","originalText":"the","characterOffsetBegin":397,"characterOffsetEnd":400,"pos":"DT","before":" ","after":" "},{"index":21,"word":"Xterm","originalText":"Xterm","characterOffsetBegin":401,"characterOffsetEnd":406,"pos":"NNP","before":" ","after":" "},{"index":22,"word":"read","originalText":"read","characterOffsetBegin":407,"characterOffsetEnd":411,"pos":"VBD","before":" ","after":" "},{"index":23,"word":"future","originalText":"future","characterOffsetBegin":412,"characterOffsetEnd":418,"pos":"JJ","before":" ","after":" "},{"index":24,"word":"keystrokes","originalText":"keystrokes","characterOffsetBegin":419,"characterOffsetEnd":429,"pos":"NNS","before":" ","after":" "},{"index":25,"word":"but","originalText":"but","characterOffsetBegin":430,"characterOffsetEnd":433,"pos":"CC","before":" ","after":" "},{"index":26,"word":"does","originalText":"does","characterOffsetBegin":434,"characterOffsetEnd":438,"pos":"VBZ","before":" ","after":" "},{"index":27,"word":"not","originalText":"not","characterOffsetBegin":439,"characterOffsetEnd":442,"pos":"RB","before":" ","after":" "},{"index":28,"word":"shift","originalText":"shift","characterOffsetBegin":443,"characterOffsetEnd":448,"pos":"VB","before":" ","after":" "},{"index":29,"word":"input","originalText":"input","characterOffsetBegin":449,"characterOffsetEnd":454,"pos":"NN","before":" ","after":" "},{"index":30,"word":"focusto","originalText":"focusto","characterOffsetBegin":455,"characterOffsetEnd":462,"pos":"NN","before":" ","after":" "},{"index":31,"word":"the","originalText":"the","characterOffsetBegin":463,"characterOffsetEnd":466,"pos":"DT","before":" ","after":" "},{"index":32,"word":"Xterm","originalText":"Xterm","characterOffsetBegin":467,"characterOffsetEnd":472,"pos":"NNP","before":" ","after":" "},{"index":33,"word":"-LRB-","originalText":"(","characterOffsetBegin":473,"characterOffsetEnd":474,"pos":"-LRB-","before":" ","after":""},{"index":34,"word":"I","originalText":"I","characterOffsetBegin":474,"characterOffsetEnd":475,"pos":"PRP","before":"","after":""},{"index":35,"word":"'m","originalText":"'m","characterOffsetBegin":475,"characterOffsetEnd":477,"pos":"VBP","before":"","after":" "},{"index":36,"word":"basing","originalText":"basing","characterOffsetBegin":478,"characterOffsetEnd":484,"pos":"VBG","before":" ","after":" "},{"index":37,"word":"that","originalText":"that","characterOffsetBegin":485,"characterOffsetEnd":489,"pos":"IN","before":" ","after":" "},{"index":38,"word":"statement","originalText":"statement","characterOffsetBegin":490,"characterOffsetEnd":499,"pos":"NN","before":" ","after":" "},{"index":39,"word":"on","originalText":"on","characterOffsetBegin":500,"characterOffsetEnd":502,"pos":"IN","before":" ","after":" "},{"index":40,"word":"the","originalText":"the","characterOffsetBegin":503,"characterOffsetEnd":506,"pos":"DT","before":" ","after":" "},{"index":41,"word":"fact","originalText":"fact","characterOffsetBegin":507,"characterOffsetEnd":511,"pos":"NN","before":" ","after":" "},{"index":42,"word":"that","originalText":"that","characterOffsetBegin":512,"characterOffsetEnd":516,"pos":"IN","before":" ","after":" "},{"index":43,"word":"the","originalText":"the","characterOffsetBegin":517,"characterOffsetEnd":520,"pos":"DT","before":" ","after":" "},{"index":44,"word":"border","originalText":"border","characterOffsetBegin":521,"characterOffsetEnd":527,"pos":"NN","before":" ","after":" "},{"index":45,"word":"of","originalText":"of","characterOffsetBegin":528,"characterOffsetEnd":530,"pos":"IN","before":" ","after":" "},{"index":46,"word":"the","originalText":"the","characterOffsetBegin":531,"characterOffsetEnd":534,"pos":"DT","before":" ","after":" "},{"index":47,"word":"Tek-term","originalText":"Tek-term","characterOffsetBegin":535,"characterOffsetEnd":543,"pos":"NN","before":" ","after":" "},{"index":48,"word":"stays","originalText":"stays","characterOffsetBegin":544,"characterOffsetEnd":549,"pos":"VBZ","before":" ","after":" "},{"index":49,"word":"the","originalText":"the","characterOffsetBegin":550,"characterOffsetEnd":553,"pos":"DT","before":" ","after":" "},{"index":50,"word":"highlighted","originalText":"highlighted","characterOffsetBegin":554,"characterOffsetEnd":565,"pos":"VBN","before":" ","after":" "},{"index":51,"word":"color","originalText":"color","characterOffsetBegin":566,"characterOffsetEnd":571,"pos":"NN","before":" ","after":" "},{"index":52,"word":"and","originalText":"and","characterOffsetBegin":572,"characterOffsetEnd":575,"pos":"CC","before":" ","after":" "},{"index":53,"word":"that","originalText":"that","characterOffsetBegin":576,"characterOffsetEnd":580,"pos":"IN","before":" ","after":" "},{"index":54,"word":"the","originalText":"the","characterOffsetBegin":581,"characterOffsetEnd":584,"pos":"DT","before":" ","after":" "},{"index":55,"word":"Tek-term","originalText":"Tek-term","characterOffsetBegin":585,"characterOffsetEnd":593,"pos":"JJ","before":" ","after":" "},{"index":56,"word":"stays","originalText":"stays","characterOffsetBegin":594,"characterOffsetEnd":599,"pos":"NNS","before":" ","after":" "},{"index":57,"word":"on","originalText":"on","characterOffsetBegin":600,"characterOffsetEnd":602,"pos":"IN","before":" ","after":" "},{"index":58,"word":"top","originalText":"top","characterOffsetBegin":603,"characterOffsetEnd":606,"pos":"JJ","before":" ","after":" "},{"index":59,"word":"ofXterm","originalText":"ofXterm","characterOffsetBegin":607,"characterOffsetEnd":614,"pos":"NN","before":" ","after":""},{"index":60,"word":".","originalText":".","characterOffsetBegin":614,"characterOffsetEnd":615,"pos":".","before":"","after":"  "}]},{"index":3,"tokens":[{"index":1,"word":"If","originalText":"If","characterOffsetBegin":617,"characterOffsetEnd":619,"pos":"IN","before":"  ","after":" "},{"index":2,"word":"what","originalText":"what","characterOffsetBegin":620,"characterOffsetEnd":624,"pos":"WP","before":" ","after":" "},{"index":3,"word":"I","originalText":"I","characterOffsetBegin":625,"characterOffsetEnd":626,"pos":"PRP","before":" ","after":""},{"index":4,"word":"'m","originalText":"'m","characterOffsetBegin":626,"characterOffsetEnd":628,"pos":"VBP","before":"","after":" "},{"index":5,"word":"describing","originalText":"describing","characterOffsetBegin":629,"characterOffsetEnd":639,"pos":"VBG","before":" ","after":" "},{"index":6,"word":"is","originalText":"is","characterOffsetBegin":640,"characterOffsetEnd":642,"pos":"VBZ","before":" ","after":""},{"index":7,"word":"n't","originalText":"n't","characterOffsetBegin":642,"characterOffsetEnd":645,"pos":"RB","before":"","after":" "},{"index":8,"word":"input","originalText":"input","characterOffsetBegin":646,"characterOffsetEnd":651,"pos":"NN","before":" ","after":" "},{"index":9,"word":"focus","originalText":"focus","characterOffsetBegin":652,"characterOffsetEnd":657,"pos":"NN","before":" ","after":""},{"index":10,"word":",","originalText":",","characterOffsetBegin":657,"characterOffsetEnd":658,"pos":",","before":"","after":" "},{"index":11,"word":"let","originalText":"let","characterOffsetBegin":659,"characterOffsetEnd":662,"pos":"VB","before":" ","after":" "},{"index":12,"word":"me","originalText":"me","characterOffsetBegin":663,"characterOffsetEnd":665,"pos":"PRP","before":" ","after":" "},{"index":13,"word":"know","originalText":"know","characterOffsetBegin":666,"characterOffsetEnd":670,"pos":"VB","before":" ","after":""},{"index":14,"word":".","originalText":".","characterOffsetBegin":670,"characterOffsetEnd":671,"pos":".","before":"","after":""},{"index":15,"word":"-RRB-","originalText":")","characterOffsetBegin":671,"characterOffsetEnd":672,"pos":"-RRB-","before":"","after":"  "}]},{"index":4,"tokens":[{"index":1,"word":"The","originalText":"The","characterOffsetBegin":674,"characterOffsetEnd":677,"pos":"DT","before":"  ","after":" "},{"index":2,"word":"xterm","originalText":"xterm","characterOffsetBegin":678,"characterOffsetEnd":683,"pos":"NN","before":" ","after":" "},{"index":3,"word":"can","originalText":"can","characterOffsetBegin":684,"characterOffsetEnd":687,"pos":"MD","before":" ","after":" "},{"index":4,"word":"be","originalText":"be","characterOffsetBegin":688,"characterOffsetEnd":690,"pos":"VB","before":" ","after":" "},{"index":5,"word":"brought","originalText":"brought","characterOffsetBegin":691,"characterOffsetEnd":698,"pos":"VBN","before":" ","after":" "},{"index":6,"word":"to","originalText":"to","characterOffsetBegin":699,"characterOffsetEnd":701,"pos":"TO","before":" ","after":" "},{"index":7,"word":"the","originalText":"the","characterOffsetBegin":702,"characterOffsetEnd":705,"pos":"DT","before":" ","after":" "},{"index":8,"word":"top","originalText":"top","characterOffsetBegin":706,"characterOffsetEnd":709,"pos":"NN","before":" ","after":" "},{"index":9,"word":"by","originalText":"by","characterOffsetBegin":710,"characterOffsetEnd":712,"pos":"IN","before":" ","after":" "},{"index":10,"word":"clicking","originalText":"clicking","characterOffsetBegin":713,"characterOffsetEnd":721,"pos":"VBG","before":" ","after":" "},{"index":11,"word":"the","originalText":"the","characterOffsetBegin":722,"characterOffsetEnd":725,"pos":"DT","before":" ","after":" "},{"index":12,"word":"mouse","originalText":"mouse","characterOffsetBegin":726,"characterOffsetEnd":731,"pos":"NN","before":" ","after":" "},{"index":13,"word":"button","originalText":"button","characterOffsetBegin":732,"characterOffsetEnd":738,"pos":"NN","before":" ","after":" "},{"index":14,"word":"on","originalText":"on","characterOffsetBegin":739,"characterOffsetEnd":741,"pos":"IN","before":" ","after":" "},{"index":15,"word":"it.Subsequent","originalText":"it.Subsequent","characterOffsetBegin":742,"characterOffsetEnd":755,"pos":"JJ","before":" ","after":" "},{"index":16,"word":"selections","originalText":"selections","characterOffsetBegin":756,"characterOffsetEnd":766,"pos":"NNS","before":" ","after":" "},{"index":17,"word":"from","originalText":"from","characterOffsetBegin":767,"characterOffsetEnd":771,"pos":"IN","before":" ","after":" "},{"index":18,"word":"the","originalText":"the","characterOffsetBegin":772,"characterOffsetEnd":775,"pos":"DT","before":" ","after":" "},{"index":19,"word":"Xterm","originalText":"Xterm","characterOffsetBegin":776,"characterOffsetEnd":781,"pos":"NN","before":" ","after":" "},{"index":20,"word":"of","originalText":"of","characterOffsetBegin":782,"characterOffsetEnd":784,"pos":"IN","before":" ","after":" "},{"index":21,"word":"the","originalText":"the","characterOffsetBegin":785,"characterOffsetEnd":788,"pos":"DT","before":" ","after":" "},{"index":22,"word":"menu","originalText":"menu","characterOffsetBegin":789,"characterOffsetEnd":793,"pos":"NN","before":" ","after":" "},{"index":23,"word":"item","originalText":"item","characterOffsetBegin":794,"characterOffsetEnd":798,"pos":"NN","before":" ","after":" "},{"index":24,"word":"that","originalText":"that","characterOffsetBegin":799,"characterOffsetEnd":803,"pos":"WDT","before":" ","after":" "},{"index":25,"word":"displays","originalText":"displays","characterOffsetBegin":804,"characterOffsetEnd":812,"pos":"VBZ","before":" ","after":" "},{"index":26,"word":"graphics","originalText":"graphics","characterOffsetBegin":813,"characterOffsetEnd":821,"pos":"NNS","before":" ","after":" "},{"index":27,"word":"highlihts","originalText":"highlihts","characterOffsetBegin":822,"characterOffsetEnd":831,"pos":"VBZ","before":" ","after":" "},{"index":28,"word":"the","originalText":"the","characterOffsetBegin":832,"characterOffsetEnd":835,"pos":"DT","before":" ","after":" "},{"index":29,"word":"border","originalText":"border","characterOffsetBegin":836,"characterOffsetEnd":842,"pos":"NN","before":" ","after":" "},{"index":30,"word":"and","originalText":"and","characterOffsetBegin":843,"characterOffsetEnd":846,"pos":"CC","before":" ","after":" "},{"index":31,"word":"displays","originalText":"displays","characterOffsetBegin":847,"characterOffsetEnd":855,"pos":"VBZ","before":" ","after":" "},{"index":32,"word":"the","originalText":"the","characterOffsetBegin":856,"characterOffsetEnd":859,"pos":"DT","before":" ","after":" "},{"index":33,"word":"updated","originalText":"updated","characterOffsetBegin":860,"characterOffsetEnd":867,"pos":"VBN","before":" ","after":" "},{"index":34,"word":"graphics","originalText":"graphics","characterOffsetBegin":868,"characterOffsetEnd":876,"pos":"NNS","before":" ","after":""},{"index":35,"word":",","originalText":",","characterOffsetBegin":876,"characterOffsetEnd":877,"pos":",","before":"","after":" "},{"index":36,"word":"but","originalText":"but","characterOffsetBegin":878,"characterOffsetEnd":881,"pos":"CC","before":" ","after":" "},{"index":37,"word":"does","originalText":"does","characterOffsetBegin":882,"characterOffsetEnd":886,"pos":"VBZ","before":" ","after":" "},{"index":38,"word":"not","originalText":"not","characterOffsetBegin":887,"characterOffsetEnd":890,"pos":"RB","before":" ","after":" "},{"index":39,"word":"move","originalText":"move","characterOffsetBegin":891,"characterOffsetEnd":895,"pos":"VB","before":" ","after":" "},{"index":40,"word":"the","originalText":"the","characterOffsetBegin":896,"characterOffsetEnd":899,"pos":"DT","before":" ","after":" "},{"index":41,"word":"Tek-term","originalText":"Tek-term","characterOffsetBegin":900,"characterOffsetEnd":908,"pos":"NN","before":" ","after":" "},{"index":42,"word":"to","originalText":"to","characterOffsetBegin":909,"characterOffsetEnd":911,"pos":"TO","before":" ","after":" "},{"index":43,"word":"the","originalText":"the","characterOffsetBegin":912,"characterOffsetEnd":915,"pos":"DT","before":" ","after":" "},{"index":44,"word":"top","originalText":"top","characterOffsetBegin":916,"characterOffsetEnd":919,"pos":"NN","before":" ","after":""},{"index":45,"word":".","originalText":".","characterOffsetBegin":919,"characterOffsetEnd":920,"pos":".","before":"","after":"  "}]},{"index":5,"tokens":[{"index":1,"word":"If","originalText":"If","characterOffsetBegin":922,"characterOffsetEnd":924,"pos":"IN","before":"  ","after":" "},{"index":2,"word":"the","originalText":"the","characterOffsetBegin":925,"characterOffsetEnd":928,"pos":"DT","before":" ","after":" "},{"index":3,"word":"Tek-term","originalText":"Tek-term","characterOffsetBegin":929,"characterOffsetEnd":937,"pos":"NN","before":" ","after":" "},{"index":4,"word":"has","originalText":"has","characterOffsetBegin":938,"characterOffsetEnd":941,"pos":"VBZ","before":" ","after":" "},{"index":5,"word":"been","originalText":"been","characterOffsetBegin":942,"characterOffsetEnd":946,"pos":"VBN","before":" ","after":" "},{"index":6,"word":"iconized","originalText":"iconized","characterOffsetBegin":947,"characterOffsetEnd":955,"pos":"VBN","before":" ","after":" "},{"index":7,"word":"to","originalText":"to","characterOffsetBegin":956,"characterOffsetEnd":958,"pos":"TO","before":" ","after":" "},{"index":8,"word":"conserve","originalText":"conserve","characterOffsetBegin":959,"characterOffsetEnd":967,"pos":"VB","before":" ","after":" "},{"index":9,"word":"screen","originalText":"screen","characterOffsetBegin":968,"characterOffsetEnd":974,"pos":"NN","before":" ","after":" "},{"index":10,"word":"space","originalText":"space","characterOffsetBegin":975,"characterOffsetEnd":980,"pos":"NN","before":" ","after":""},{"index":11,"word":",","originalText":",","characterOffsetBegin":980,"characterOffsetEnd":981,"pos":",","before":"","after":" "},{"index":12,"word":"it","originalText":"it","characterOffsetBegin":982,"characterOffsetEnd":984,"pos":"PRP","before":" ","after":" "},{"index":13,"word":"stays","originalText":"stays","characterOffsetBegin":985,"characterOffsetEnd":990,"pos":"VBZ","before":" ","after":" "},{"index":14,"word":"an","originalText":"an","characterOffsetBegin":991,"characterOffsetEnd":993,"pos":"DT","before":" ","after":" "},{"index":15,"word":"icon.The","originalText":"icon.The","characterOffsetBegin":994,"characterOffsetEnd":1002,"pos":"NN","before":" ","after":" "},{"index":16,"word":"desired","originalText":"desired","characterOffsetBegin":1003,"characterOffsetEnd":1010,"pos":"VBN","before":" ","after":" "},{"index":17,"word":"behavior","originalText":"behavior","characterOffsetBegin":1011,"characterOffsetEnd":1019,"pos":"NN","before":" ","after":""},{"index":18,"word":":","originalText":":","characterOffsetBegin":1019,"characterOffsetEnd":1020,"pos":":","before":"","after":" "},{"index":19,"word":"one","originalText":"one","characterOffsetBegin":1021,"characterOffsetEnd":1024,"pos":"CD","before":" ","after":" "},{"index":20,"word":"of","originalText":"of","characterOffsetBegin":1025,"characterOffsetEnd":1027,"pos":"IN","before":" ","after":" "},{"index":21,"word":"two","originalText":"two","characterOffsetBegin":1028,"characterOffsetEnd":1031,"pos":"CD","before":" ","after":" "},{"index":22,"word":"options","originalText":"options","characterOffsetBegin":1032,"characterOffsetEnd":1039,"pos":"NNS","before":" ","after":" "},{"index":23,"word":"-","originalText":"-","characterOffsetBegin":1040,"characterOffsetEnd":1041,"pos":":","before":" ","after":"     "},{"index":24,"word":"1","originalText":"1","characterOffsetBegin":1046,"characterOffsetEnd":1047,"pos":"CD","before":"     ","after":""},{"index":25,"word":".","originalText":".","characterOffsetBegin":1047,"characterOffsetEnd":1048,"pos":".","before":"","after":" "}]},{"index":6,"tokens":[{"index":1,"word":"Whichever","originalText":"Whichever","characterOffsetBegin":1049,"characterOffsetEnd":1058,"pos":"NNP","before":" ","after":" "},{"index":2,"word":"of","originalText":"of","characterOffsetBegin":1059,"characterOffsetEnd":1061,"pos":"IN","before":" ","after":" "},{"index":3,"word":"the","originalText":"the","characterOffsetBegin":1062,"characterOffsetEnd":1065,"pos":"DT","before":" ","after":" "},{"index":4,"word":"windows","originalText":"windows","characterOffsetBegin":1066,"characterOffsetEnd":1073,"pos":"NNS","before":" ","after":" "},{"index":5,"word":"that","originalText":"that","characterOffsetBegin":1074,"characterOffsetEnd":1078,"pos":"WDT","before":" ","after":" "},{"index":6,"word":"is","originalText":"is","characterOffsetBegin":1079,"characterOffsetEnd":1081,"pos":"VBZ","before":" ","after":" "},{"index":7,"word":"active","originalText":"active","characterOffsetBegin":1082,"characterOffsetEnd":1088,"pos":"JJ","before":" ","after":" "},{"index":8,"word":"is","originalText":"is","characterOffsetBegin":1089,"characterOffsetEnd":1091,"pos":"VBZ","before":" ","after":" "},{"index":9,"word":"always","originalText":"always","characterOffsetBegin":1092,"characterOffsetEnd":1098,"pos":"RB","before":" ","after":" "},{"index":10,"word":"on","originalText":"on","characterOffsetBegin":1099,"characterOffsetEnd":1101,"pos":"IN","before":" ","after":" "},{"index":11,"word":"top","originalText":"top","characterOffsetBegin":1102,"characterOffsetEnd":1105,"pos":"NN","before":" ","after":" "},{"index":12,"word":"of","originalText":"of","characterOffsetBegin":1106,"characterOffsetEnd":1108,"pos":"IN","before":" ","after":" "},{"index":13,"word":"the","originalText":"the","characterOffsetBegin":1109,"characterOffsetEnd":1112,"pos":"DT","before":" ","after":"        "},{"index":14,"word":"inactive","originalText":"inactive","characterOffsetBegin":1120,"characterOffsetEnd":1128,"pos":"JJ","before":"        ","after":" "},{"index":15,"word":"one","originalText":"one","characterOffsetBegin":1129,"characterOffsetEnd":1132,"pos":"CD","before":" ","after":""},{"index":16,"word":".","originalText":".","characterOffsetBegin":1132,"characterOffsetEnd":1133,"pos":".","before":"","after":"    "}]},{"index":7,"tokens":[{"index":1,"word":"2","originalText":"2","characterOffsetBegin":1137,"characterOffsetEnd":1138,"pos":"LS","before":"    ","after":""},{"index":2,"word":".","originalText":".","characterOffsetBegin":1138,"characterOffsetEnd":1139,"pos":".","before":"","after":" "}]},{"index":8,"tokens":[{"index":1,"word":"Whenever","originalText":"Whenever","characterOffsetBegin":1140,"characterOffsetEnd":1148,"pos":"NNP","before":" ","after":" "},{"index":2,"word":"the","originalText":"the","characterOffsetBegin":1149,"characterOffsetEnd":1152,"pos":"DT","before":" ","after":" "},{"index":3,"word":"Tek-term","originalText":"Tek-term","characterOffsetBegin":1153,"characterOffsetEnd":1161,"pos":"NN","before":" ","after":" "},{"index":4,"word":"is","originalText":"is","characterOffsetBegin":1162,"characterOffsetEnd":1164,"pos":"VBZ","before":" ","after":" "},{"index":5,"word":"inactivated","originalText":"inactivated","characterOffsetBegin":1165,"characterOffsetEnd":1176,"pos":"VBN","before":" ","after":""},{"index":6,"word":",","originalText":",","characterOffsetBegin":1176,"characterOffsetEnd":1177,"pos":",","before":"","after":" "},{"index":7,"word":"it","originalText":"it","characterOffsetBegin":1178,"characterOffsetEnd":1180,"pos":"PRP","before":" ","after":" "},{"index":8,"word":"should","originalText":"should","characterOffsetBegin":1181,"characterOffsetEnd":1187,"pos":"MD","before":" ","after":" "},{"index":9,"word":"revert","originalText":"revert","characterOffsetBegin":1188,"characterOffsetEnd":1194,"pos":"VB","before":" ","after":" "},{"index":10,"word":"to","originalText":"to","characterOffsetBegin":1195,"characterOffsetEnd":1197,"pos":"TO","before":" ","after":" "},{"index":11,"word":"a","originalText":"a","characterOffsetBegin":1198,"characterOffsetEnd":1199,"pos":"DT","before":" ","after":" "},{"index":12,"word":"icon","originalText":"icon","characterOffsetBegin":1200,"characterOffsetEnd":1204,"pos":"NN","before":" ","after":"       "},{"index":13,"word":"but","originalText":"but","characterOffsetBegin":1211,"characterOffsetEnd":1214,"pos":"CC","before":"       ","after":" "},{"index":14,"word":"when","originalText":"when","characterOffsetBegin":1215,"characterOffsetEnd":1219,"pos":"WRB","before":" ","after":" "},{"index":15,"word":"it","originalText":"it","characterOffsetBegin":1220,"characterOffsetEnd":1222,"pos":"PRP","before":" ","after":" "},{"index":16,"word":"is","originalText":"is","characterOffsetBegin":1223,"characterOffsetEnd":1225,"pos":"VBZ","before":" ","after":" "},{"index":17,"word":"activated","originalText":"activated","characterOffsetBegin":1226,"characterOffsetEnd":1235,"pos":"VBN","before":" ","after":" "},{"index":18,"word":"it","originalText":"it","characterOffsetBegin":1236,"characterOffsetEnd":1238,"pos":"PRP","before":" ","after":" "},{"index":19,"word":"should","originalText":"should","characterOffsetBegin":1239,"characterOffsetEnd":1245,"pos":"MD","before":" ","after":" "},{"index":20,"word":"become","originalText":"become","characterOffsetBegin":1246,"characterOffsetEnd":1252,"pos":"VB","before":" ","after":" "},{"index":21,"word":"a","originalText":"a","characterOffsetBegin":1253,"characterOffsetEnd":1254,"pos":"DT","before":" ","after":" "},{"index":22,"word":"window","originalText":"window","characterOffsetBegin":1255,"characterOffsetEnd":1261,"pos":"NN","before":" ","after":" "},{"index":23,"word":"on","originalText":"on","characterOffsetBegin":1262,"characterOffsetEnd":1264,"pos":"IN","before":" ","after":" "},{"index":24,"word":"a","originalText":"a","characterOffsetBegin":1265,"characterOffsetEnd":1266,"pos":"DT","before":" ","after":" "},{"index":25,"word":"higher","originalText":"higher","characterOffsetBegin":1267,"characterOffsetEnd":1273,"pos":"JJR","before":" ","after":"        "},{"index":26,"word":"level","originalText":"level","characterOffsetBegin":1281,"characterOffsetEnd":1286,"pos":"NN","before":"        ","after":" "},{"index":27,"word":"than","originalText":"than","characterOffsetBegin":1287,"characterOffsetEnd":1291,"pos":"IN","before":" ","after":" "},{"index":28,"word":"the","originalText":"the","characterOffsetBegin":1292,"characterOffsetEnd":1295,"pos":"DT","before":" ","after":" "},{"index":29,"word":"Xterm.What","originalText":"Xterm.What","characterOffsetBegin":1296,"characterOffsetEnd":1306,"pos":"NN","before":" ","after":" "},{"index":30,"word":"I","originalText":"I","characterOffsetBegin":1307,"characterOffsetEnd":1308,"pos":"PRP","before":" ","after":" "},{"index":31,"word":"think","originalText":"think","characterOffsetBegin":1309,"characterOffsetEnd":1314,"pos":"VBP","before":" ","after":" "},{"index":32,"word":"I","originalText":"I","characterOffsetBegin":1315,"characterOffsetEnd":1316,"pos":"PRP","before":" ","after":" "},{"index":33,"word":"need","originalText":"need","characterOffsetBegin":1317,"characterOffsetEnd":1321,"pos":"VB","before":" ","after":""},{"index":34,"word":":","originalText":":","characterOffsetBegin":1321,"characterOffsetEnd":1322,"pos":":","before":"","after":" "},{"index":35,"word":"a","originalText":"a","characterOffsetBegin":1323,"characterOffsetEnd":1324,"pos":"DT","before":" ","after":" "},{"index":36,"word":"means","originalText":"means","characterOffsetBegin":1325,"characterOffsetEnd":1330,"pos":"NN","before":" ","after":" "},{"index":37,"word":"of","originalText":"of","characterOffsetBegin":1331,"characterOffsetEnd":1333,"pos":"IN","before":" ","after":" "},{"index":38,"word":"specifying","originalText":"specifying","characterOffsetBegin":1334,"characterOffsetEnd":1344,"pos":"VBG","before":" ","after":" "},{"index":39,"word":"that","originalText":"that","characterOffsetBegin":1345,"characterOffsetEnd":1349,"pos":"IN","before":" ","after":" "},{"index":40,"word":"a","originalText":"a","characterOffsetBegin":1350,"characterOffsetEnd":1351,"pos":"DT","before":" ","after":" "},{"index":41,"word":"Xterm","originalText":"Xterm","characterOffsetBegin":1352,"characterOffsetEnd":1357,"pos":"NN","before":" ","after":" "},{"index":42,"word":"or","originalText":"or","characterOffsetBegin":1358,"characterOffsetEnd":1360,"pos":"CC","before":" ","after":" "},{"index":43,"word":"Tek-term","originalText":"Tek-term","characterOffsetBegin":1361,"characterOffsetEnd":1369,"pos":"JJ","before":" ","after":" "},{"index":44,"word":"willbe","originalText":"willbe","characterOffsetBegin":1370,"characterOffsetEnd":1376,"pos":"NN","before":" ","after":" "},{"index":45,"word":"at","originalText":"at","characterOffsetBegin":1377,"characterOffsetEnd":1379,"pos":"IN","before":" ","after":" "},{"index":46,"word":"the","originalText":"the","characterOffsetBegin":1380,"characterOffsetEnd":1383,"pos":"DT","before":" ","after":" "},{"index":47,"word":"highest","originalText":"highest","characterOffsetBegin":1384,"characterOffsetEnd":1391,"pos":"JJS","before":" ","after":" "},{"index":48,"word":"level","originalText":"level","characterOffsetBegin":1392,"characterOffsetEnd":1397,"pos":"NN","before":" ","after":" "},{"index":49,"word":"and","originalText":"and","characterOffsetBegin":1398,"characterOffsetEnd":1401,"pos":"CC","before":" ","after":" "},{"index":50,"word":"a","originalText":"a","characterOffsetBegin":1402,"characterOffsetEnd":1403,"pos":"DT","before":" ","after":" "},{"index":51,"word":"way","originalText":"way","characterOffsetBegin":1404,"characterOffsetEnd":1407,"pos":"NN","before":" ","after":" "},{"index":52,"word":"to","originalText":"to","characterOffsetBegin":1408,"characterOffsetEnd":1410,"pos":"TO","before":" ","after":" "},{"index":53,"word":"iconify/expand","originalText":"iconify/expand","characterOffsetBegin":1411,"characterOffsetEnd":1425,"pos":"VB","before":" ","after":" "},{"index":54,"word":"a","originalText":"a","characterOffsetBegin":1426,"characterOffsetEnd":1427,"pos":"DT","before":" ","after":" "},{"index":55,"word":"Xterm","originalText":"Xterm","characterOffsetBegin":1428,"characterOffsetEnd":1433,"pos":"NN","before":" ","after":" "},{"index":56,"word":"and","originalText":"and","characterOffsetBegin":1434,"characterOffsetEnd":1437,"pos":"CC","before":" ","after":" "},{"index":57,"word":"Tek-term","originalText":"Tek-term","characterOffsetBegin":1438,"characterOffsetEnd":1446,"pos":"NN","before":" ","after":""},{"index":58,"word":".","originalText":".","characterOffsetBegin":1446,"characterOffsetEnd":1447,"pos":".","before":"","after":""}]},{"index":9,"tokens":[{"index":1,"word":"These","originalText":"These","characterOffsetBegin":1447,"characterOffsetEnd":1452,"pos":"DT","before":"","after":" "},{"index":2,"word":"commands","originalText":"commands","characterOffsetBegin":1453,"characterOffsetEnd":1461,"pos":"NNS","before":" ","after":""},{"index":3,"word":",","originalText":",","characterOffsetBegin":1461,"characterOffsetEnd":1462,"pos":",","before":"","after":" "},{"index":4,"word":"would","originalText":"would","characterOffsetBegin":1463,"characterOffsetEnd":1468,"pos":"MD","before":" ","after":""},{"index":5,"word":",","originalText":",","characterOffsetBegin":1468,"characterOffsetEnd":1469,"pos":",","before":"","after":" "},{"index":6,"word":"I","originalText":"I","characterOffsetBegin":1470,"characterOffsetEnd":1471,"pos":"PRP","before":" ","after":""},{"index":7,"word":"'d","originalText":"'d","characterOffsetBegin":1471,"characterOffsetEnd":1473,"pos":"MD","before":"","after":" "},{"index":8,"word":"guess","originalText":"guess","characterOffsetBegin":1474,"characterOffsetEnd":1479,"pos":"VB","before":" ","after":""},{"index":9,"word":",","originalText":",","characterOffsetBegin":1479,"characterOffsetEnd":1480,"pos":",","before":"","after":" "},{"index":10,"word":"need","originalText":"need","characterOffsetBegin":1481,"characterOffsetEnd":1485,"pos":"VB","before":" ","after":" "},{"index":11,"word":"to","originalText":"to","characterOffsetBegin":1486,"characterOffsetEnd":1488,"pos":"TO","before":" ","after":" "},{"index":12,"word":"be","originalText":"be","characterOffsetBegin":1489,"characterOffsetEnd":1491,"pos":"VB","before":" ","after":" "},{"index":13,"word":"in","originalText":"in","characterOffsetBegin":1492,"characterOffsetEnd":1494,"pos":"IN","before":" ","after":" "},{"index":14,"word":"the","originalText":"the","characterOffsetBegin":1495,"characterOffsetEnd":1498,"pos":"DT","before":" ","after":" "},{"index":15,"word":"Fortran","originalText":"Fortran","characterOffsetBegin":1499,"characterOffsetEnd":1506,"pos":"NNP","before":" ","after":" "},{"index":16,"word":"or","originalText":"or","characterOffsetBegin":1507,"characterOffsetEnd":1509,"pos":"CC","before":" ","after":" "},{"index":17,"word":"in","originalText":"in","characterOffsetBegin":1510,"characterOffsetEnd":1512,"pos":"IN","before":" ","after":" "},{"index":18,"word":"the","originalText":"the","characterOffsetBegin":1513,"characterOffsetEnd":1516,"pos":"DT","before":" ","after":" "},{"index":19,"word":"command","originalText":"command","characterOffsetBegin":1517,"characterOffsetEnd":1524,"pos":"NN","before":" ","after":" "},{"index":20,"word":"that","originalText":"that","characterOffsetBegin":1525,"characterOffsetEnd":1529,"pos":"WDT","before":" ","after":" "},{"index":21,"word":"starts","originalText":"starts","characterOffsetBegin":1530,"characterOffsetEnd":1536,"pos":"VBZ","before":" ","after":" "},{"index":22,"word":"up","originalText":"up","characterOffsetBegin":1537,"characterOffsetEnd":1539,"pos":"RP","before":" ","after":" "},{"index":23,"word":"the","originalText":"the","characterOffsetBegin":1540,"characterOffsetEnd":1543,"pos":"DT","before":" ","after":" "},{"index":24,"word":"Xterm","originalText":"Xterm","characterOffsetBegin":1544,"characterOffsetEnd":1549,"pos":"NN","before":" ","after":" "},{"index":25,"word":"and","originalText":"and","characterOffsetBegin":1550,"characterOffsetEnd":1553,"pos":"CC","before":" ","after":" "},{"index":26,"word":"Tek-term","originalText":"Tek-term","characterOffsetBegin":1554,"characterOffsetEnd":1562,"pos":"NN","before":" ","after":""},{"index":27,"word":".","originalText":".","characterOffsetBegin":1562,"characterOffsetEnd":1563,"pos":".","before":"","after":""}]},{"index":10,"tokens":[{"index":1,"word":"Other","originalText":"Other","characterOffsetBegin":1563,"characterOffsetEnd":1568,"pos":"JJ","before":"","after":" "},{"index":2,"word":"information","originalText":"information","characterOffsetBegin":1569,"characterOffsetEnd":1580,"pos":"NN","before":" ","after":""},{"index":3,"word":":","originalText":":","characterOffsetBegin":1580,"characterOffsetEnd":1581,"pos":":","before":"","after":" "},{"index":4,"word":"All","originalText":"All","characterOffsetBegin":1582,"characterOffsetEnd":1585,"pos":"PDT","before":" ","after":" "},{"index":5,"word":"this","originalText":"this","characterOffsetBegin":1586,"characterOffsetEnd":1590,"pos":"DT","before":" ","after":" "},{"index":6,"word":"is","originalText":"is","characterOffsetBegin":1591,"characterOffsetEnd":1593,"pos":"VBZ","before":" ","after":" "},{"index":7,"word":"taking","originalText":"taking","characterOffsetBegin":1594,"characterOffsetEnd":1600,"pos":"VBG","before":" ","after":" "},{"index":8,"word":"place","originalText":"place","characterOffsetBegin":1601,"characterOffsetEnd":1606,"pos":"NN","before":" ","after":" "},{"index":9,"word":"on","originalText":"on","characterOffsetBegin":1607,"characterOffsetEnd":1609,"pos":"IN","before":" ","after":" "},{"index":10,"word":"a","originalText":"a","characterOffsetBegin":1610,"characterOffsetEnd":1611,"pos":"DT","before":" ","after":" "},{"index":11,"word":"VT-1300","originalText":"VT-1300","characterOffsetBegin":1612,"characterOffsetEnd":1619,"pos":"NN","before":" ","after":" "},{"index":12,"word":"-LRB-","originalText":"(","characterOffsetBegin":1620,"characterOffsetEnd":1621,"pos":"-LRB-","before":" ","after":""},{"index":13,"word":"a","originalText":"a","characterOffsetBegin":1621,"characterOffsetEnd":1622,"pos":"DT","before":"","after":" "},{"index":14,"word":"DEC","originalText":"DEC","characterOffsetBegin":1623,"characterOffsetEnd":1626,"pos":"NNP","before":" ","after":" "},{"index":15,"word":"dumb","originalText":"dumb","characterOffsetBegin":1627,"characterOffsetEnd":1631,"pos":"JJ","before":" ","after":" "},{"index":16,"word":"X-windows","originalText":"X-windows","characterOffsetBegin":1632,"characterOffsetEnd":1641,"pos":"JJ","before":" ","after":" "},{"index":17,"word":"terminal","originalText":"terminal","characterOffsetBegin":1642,"characterOffsetEnd":1650,"pos":"NN","before":" ","after":""},{"index":18,"word":"-RRB-","originalText":")","characterOffsetBegin":1650,"characterOffsetEnd":1651,"pos":"-RRB-","before":"","after":" "},{"index":19,"word":"connected","originalText":"connected","characterOffsetBegin":1652,"characterOffsetEnd":1661,"pos":"VBN","before":" ","after":" "},{"index":20,"word":"to","originalText":"to","characterOffsetBegin":1662,"characterOffsetEnd":1664,"pos":"TO","before":" ","after":" "},{"index":21,"word":"a","originalText":"a","characterOffsetBegin":1665,"characterOffsetEnd":1666,"pos":"DT","before":" ","after":" "},{"index":22,"word":"VAX","originalText":"VAX","characterOffsetBegin":1667,"characterOffsetEnd":1670,"pos":"NNP","before":" ","after":" "},{"index":23,"word":"running","originalText":"running","characterOffsetBegin":1671,"characterOffsetEnd":1678,"pos":"VBG","before":" ","after":" "},{"index":24,"word":"VMS","originalText":"VMS","characterOffsetBegin":1679,"characterOffsetEnd":1682,"pos":"NNP","before":" ","after":" "},{"index":25,"word":"and","originalText":"and","characterOffsetBegin":1683,"characterOffsetEnd":1686,"pos":"CC","before":" ","after":" "},{"index":26,"word":"Motif.Thanks","originalText":"Motif.Thanks","characterOffsetBegin":1687,"characterOffsetEnd":1699,"pos":"NNP","before":" ","after":" "},{"index":27,"word":"for","originalText":"for","characterOffsetBegin":1700,"characterOffsetEnd":1703,"pos":"IN","before":" ","after":" "},{"index":28,"word":"your","originalText":"your","characterOffsetBegin":1704,"characterOffsetEnd":1708,"pos":"PRP$","before":" ","after":" "},{"index":29,"word":"time","originalText":"time","characterOffsetBegin":1709,"characterOffsetEnd":1713,"pos":"NN","before":" ","after":""},{"index":30,"word":".","originalText":".","characterOffsetBegin":1713,"characterOffsetEnd":1714,"pos":".","before":"","after":"  "}]},{"index":11,"tokens":[{"index":1,"word":"If","originalText":"If","characterOffsetBegin":1716,"characterOffsetEnd":1718,"pos":"IN","before":"  ","after":" "},{"index":2,"word":"you","originalText":"you","characterOffsetBegin":1719,"characterOffsetEnd":1722,"pos":"PRP","before":" ","after":""},{"index":3,"word":"'ve","originalText":"'ve","characterOffsetBegin":1722,"characterOffsetEnd":1725,"pos":"VBP","before":"","after":" "},{"index":4,"word":"got","originalText":"got","characterOffsetBegin":1726,"characterOffsetEnd":1729,"pos":"VBN","before":" ","after":" "},{"index":5,"word":"any","originalText":"any","characterOffsetBegin":1730,"characterOffsetEnd":1733,"pos":"DT","before":" ","after":" "},{"index":6,"word":"words","originalText":"words","characterOffsetBegin":1734,"characterOffsetEnd":1739,"pos":"NNS","before":" ","after":" "},{"index":7,"word":"of","originalText":"of","characterOffsetBegin":1740,"characterOffsetEnd":1742,"pos":"IN","before":" ","after":" "},{"index":8,"word":"wisdom","originalText":"wisdom","characterOffsetBegin":1743,"characterOffsetEnd":1749,"pos":"NN","before":" ","after":" "},{"index":9,"word":"-LRB-","originalText":"(","characterOffsetBegin":1750,"characterOffsetEnd":1751,"pos":"-LRB-","before":" ","after":""},{"index":10,"word":"other","originalText":"other","characterOffsetBegin":1751,"characterOffsetEnd":1756,"pos":"JJ","before":"","after":" "},{"index":11,"word":"than","originalText":"than","characterOffsetBegin":1757,"characterOffsetEnd":1761,"pos":"IN","before":" ","after":" "},{"index":12,"word":"``","originalText":"\"","characterOffsetBegin":1762,"characterOffsetEnd":1763,"pos":"``","before":" ","after":""},{"index":13,"word":"give","originalText":"give","characterOffsetBegin":1763,"characterOffsetEnd":1767,"pos":"VB","before":"","after":" "},{"index":14,"word":"up","originalText":"up","characterOffsetBegin":1768,"characterOffsetEnd":1770,"pos":"RP","before":" ","after":""},{"index":15,"word":"''","originalText":"\"","characterOffsetBegin":1770,"characterOffsetEnd":1771,"pos":"''","before":"","after":" "},{"index":16,"word":";--RRB-","originalText":";-)","characterOffsetBegin":1772,"characterOffsetEnd":1775,"pos":"NN","before":" ","after":""},{"index":17,"word":",","originalText":",","characterOffsetBegin":1775,"characterOffsetEnd":1776,"pos":",","before":"","after":" "},{"index":18,"word":"please","originalText":"please","characterOffsetBegin":1777,"characterOffsetEnd":1783,"pos":"VB","before":" ","after":" "},{"index":19,"word":"send","originalText":"send","characterOffsetBegin":1784,"characterOffsetEnd":1788,"pos":"VB","before":" ","after":" "},{"index":20,"word":"email","originalText":"email","characterOffsetBegin":1789,"characterOffsetEnd":1794,"pos":"NN","before":" ","after":" "},{"index":21,"word":"to","originalText":"to","characterOffsetBegin":1795,"characterOffsetEnd":1797,"pos":"TO","before":" ","after":" "},{"index":22,"word":"jhcox@Kodak.com","originalText":"jhcox@Kodak.com","characterOffsetBegin":1798,"characterOffsetEnd":1813,"pos":"NNP","before":" ","after":""}]}]}