{"sentences":[{"index":0,"tokens":[{"index":1,"word":"From","originalText":"From","characterOffsetBegin":0,"characterOffsetEnd":4,"pos":"IN","before":"","after":""},{"index":2,"word":":","originalText":":","characterOffsetBegin":4,"characterOffsetEnd":5,"pos":":","before":"","after":" "},{"index":3,"word":"devil@loki.HellNet.org","originalText":"devil@loki.HellNet.org","characterOffsetBegin":6,"characterOffsetEnd":28,"pos":"NN","before":" ","after":" "},{"index":4,"word":"-LRB-","originalText":"(","characterOffsetBegin":29,"characterOffsetEnd":30,"pos":"-LRB-","before":" ","after":""},{"index":5,"word":"Gil","originalText":"Gil","characterOffsetBegin":30,"characterOffsetEnd":33,"pos":"NNP","before":"","after":" "},{"index":6,"word":"Tene","originalText":"Tene","characterOffsetBegin":34,"characterOffsetEnd":38,"pos":"NNP","before":" ","after":""},{"index":7,"word":"-RRB-","originalText":")","characterOffsetBegin":38,"characterOffsetEnd":39,"pos":"-RRB-","before":"","after":""},{"index":8,"word":"Subject","originalText":"Subject","characterOffsetBegin":39,"characterOffsetEnd":46,"pos":"NNP","before":"","after":""},{"index":9,"word":":","originalText":":","characterOffsetBegin":46,"characterOffsetEnd":47,"pos":":","before":"","after":" "},{"index":10,"word":"COSE","originalText":"COSE","characterOffsetBegin":48,"characterOffsetEnd":52,"pos":"NNP","before":" ","after":" "},{"index":11,"word":"GUI","originalText":"GUI","characterOffsetBegin":53,"characterOffsetEnd":56,"pos":"NNP","before":" ","after":" "},{"index":12,"word":"-","originalText":"-","characterOffsetBegin":57,"characterOffsetEnd":58,"pos":":","before":" ","after":" "},{"index":13,"word":"Just","originalText":"Just","characterOffsetBegin":59,"characterOffsetEnd":63,"pos":"RB","before":" ","after":" "},{"index":14,"word":"what","originalText":"what","characterOffsetBegin":64,"characterOffsetEnd":68,"pos":"WP","before":" ","after":" "},{"index":15,"word":"is","originalText":"is","characterOffsetBegin":69,"characterOffsetEnd":71,"pos":"VBZ","before":" ","after":" "},{"index":16,"word":"it","originalText":"it","characterOffsetBegin":72,"characterOffsetEnd":74,"pos":"PRP","before":" ","after":" "},{"index":17,"word":"they","originalText":"they","characterOffsetBegin":75,"characterOffsetEnd":79,"pos":"PRP","before":" ","after":" "},{"index":18,"word":"agreed","originalText":"agreed","characterOffsetBegin":80,"characterOffsetEnd":86,"pos":"VBD","before":" ","after":" "},{"index":19,"word":"on?The","originalText":"on?The","characterOffsetBegin":87,"characterOffsetEnd":93,"pos":"NNP","before":" ","after":" "},{"index":20,"word":"COSE","originalText":"COSE","characterOffsetBegin":94,"characterOffsetEnd":98,"pos":"NNP","before":" ","after":" "},{"index":21,"word":"announcement","originalText":"announcement","characterOffsetBegin":99,"characterOffsetEnd":111,"pos":"NN","before":" ","after":" "},{"index":22,"word":"specifies","originalText":"specifies","characterOffsetBegin":112,"characterOffsetEnd":121,"pos":"VBZ","before":" ","after":" "},{"index":23,"word":"that","originalText":"that","characterOffsetBegin":122,"characterOffsetEnd":126,"pos":"IN","before":" ","after":" "},{"index":24,"word":"Motif","originalText":"Motif","characterOffsetBegin":127,"characterOffsetEnd":132,"pos":"NN","before":" ","after":" "},{"index":25,"word":"will","originalText":"will","characterOffsetBegin":133,"characterOffsetEnd":137,"pos":"MD","before":" ","after":" "},{"index":26,"word":"become","originalText":"become","characterOffsetBegin":138,"characterOffsetEnd":144,"pos":"VB","before":" ","after":" "},{"index":27,"word":"the","originalText":"the","characterOffsetBegin":145,"characterOffsetEnd":148,"pos":"DT","before":" ","after":" "},{"index":28,"word":"commonGUI","originalText":"commonGUI","characterOffsetBegin":149,"characterOffsetEnd":158,"pos":"NN","before":" ","after":""},{"index":29,"word":".","originalText":".","characterOffsetBegin":158,"characterOffsetEnd":159,"pos":".","before":"","after":" "}]},{"index":1,"tokens":[{"index":1,"word":"But","originalText":"But","characterOffsetBegin":160,"characterOffsetEnd":163,"pos":"CC","before":" ","after":" "},{"index":2,"word":"what","originalText":"what","characterOffsetBegin":164,"characterOffsetEnd":168,"pos":"WP","before":" ","after":" "},{"index":3,"word":"does","originalText":"does","characterOffsetBegin":169,"characterOffsetEnd":173,"pos":"VBZ","before":" ","after":" "},{"index":4,"word":"this","originalText":"this","characterOffsetBegin":174,"characterOffsetEnd":178,"pos":"DT","before":" ","after":" "},{"index":5,"word":"mean","originalText":"mean","characterOffsetBegin":179,"characterOffsetEnd":183,"pos":"NN","before":" ","after":" "},{"index":6,"word":"exactly","originalText":"exactly","characterOffsetBegin":184,"characterOffsetEnd":191,"pos":"RB","before":" ","after":""},{"index":7,"word":"?","originalText":"?","characterOffsetBegin":191,"characterOffsetEnd":192,"pos":".","before":"","after":" "}]},{"index":2,"tokens":[{"index":1,"word":"-","originalText":"-","characterOffsetBegin":193,"characterOffsetEnd":194,"pos":":","before":" ","after":" "},{"index":2,"word":"Do","originalText":"Do","characterOffsetBegin":195,"characterOffsetEnd":197,"pos":"VBP","before":" ","after":" "},{"index":3,"word":"they","originalText":"they","characterOffsetBegin":198,"characterOffsetEnd":202,"pos":"PRP","before":" ","after":" "},{"index":4,"word":"mean","originalText":"mean","characterOffsetBegin":203,"characterOffsetEnd":207,"pos":"VB","before":" ","after":" "},{"index":5,"word":"that","originalText":"that","characterOffsetBegin":208,"characterOffsetEnd":212,"pos":"IN","before":" ","after":" "},{"index":6,"word":"all","originalText":"all","characterOffsetBegin":213,"characterOffsetEnd":216,"pos":"DT","before":" ","after":" "},{"index":7,"word":"``","originalText":"\"","characterOffsetBegin":217,"characterOffsetEnd":218,"pos":"``","before":" ","after":""},{"index":8,"word":"COSE-complient","originalText":"COSE-complient","characterOffsetBegin":218,"characterOffsetEnd":232,"pos":"JJ","before":"","after":""},{"index":9,"word":"''","originalText":"\"","characterOffsetBegin":232,"characterOffsetEnd":233,"pos":"''","before":"","after":" "},{"index":10,"word":"apps","originalText":"apps","characterOffsetBegin":234,"characterOffsetEnd":238,"pos":"NNS","before":" ","after":" "},{"index":11,"word":"will","originalText":"will","characterOffsetBegin":239,"characterOffsetEnd":243,"pos":"MD","before":" ","after":" "},{"index":12,"word":"have","originalText":"have","characterOffsetBegin":244,"characterOffsetEnd":248,"pos":"VB","before":" ","after":" "},{"index":13,"word":"the","originalText":"the","characterOffsetBegin":249,"characterOffsetEnd":252,"pos":"DT","before":" ","after":" "},{"index":14,"word":"Motif","originalText":"Motif","characterOffsetBegin":253,"characterOffsetEnd":258,"pos":"NN","before":" ","after":"  "},{"index":15,"word":"look","originalText":"look","characterOffsetBegin":260,"characterOffsetEnd":264,"pos":"NN","before":"  ","after":" "},{"index":16,"word":"and","originalText":"and","characterOffsetBegin":265,"characterOffsetEnd":268,"pos":"CC","before":" ","after":" "},{"index":17,"word":"feel","originalText":"feel","characterOffsetBegin":269,"characterOffsetEnd":273,"pos":"VB","before":" ","after":""},{"index":18,"word":"?","originalText":"?","characterOffsetBegin":273,"characterOffsetEnd":274,"pos":".","before":"","after":""}]},{"index":3,"tokens":[{"index":1,"word":"-","originalText":"-","characterOffsetBegin":274,"characterOffsetEnd":275,"pos":":","before":"","after":" "},{"index":2,"word":"Do","originalText":"Do","characterOffsetBegin":276,"characterOffsetEnd":278,"pos":"VBP","before":" ","after":" "},{"index":3,"word":"they","originalText":"they","characterOffsetBegin":279,"characterOffsetEnd":283,"pos":"PRP","before":" ","after":" "},{"index":4,"word":"mean","originalText":"mean","characterOffsetBegin":284,"characterOffsetEnd":288,"pos":"VB","before":" ","after":" "},{"index":5,"word":"that","originalText":"that","characterOffsetBegin":289,"characterOffsetEnd":293,"pos":"IN","before":" ","after":" "},{"index":6,"word":"all","originalText":"all","characterOffsetBegin":294,"characterOffsetEnd":297,"pos":"DT","before":" ","after":" "},{"index":7,"word":"``","originalText":"\"","characterOffsetBegin":298,"characterOffsetEnd":299,"pos":"``","before":" ","after":""},{"index":8,"word":"COSE-complient","originalText":"COSE-complient","characterOffsetBegin":299,"characterOffsetEnd":313,"pos":"JJ","before":"","after":""},{"index":9,"word":"''","originalText":"\"","characterOffsetBegin":313,"characterOffsetEnd":314,"pos":"''","before":"","after":" "},{"index":10,"word":"apps","originalText":"apps","characterOffsetBegin":315,"characterOffsetEnd":319,"pos":"NNS","before":" ","after":" "},{"index":11,"word":"will","originalText":"will","characterOffsetBegin":320,"characterOffsetEnd":324,"pos":"MD","before":" ","after":" "},{"index":12,"word":"use","originalText":"use","characterOffsetBegin":325,"characterOffsetEnd":328,"pos":"VB","before":" ","after":" "},{"index":13,"word":"the","originalText":"the","characterOffsetBegin":329,"characterOffsetEnd":332,"pos":"DT","before":" ","after":" "},{"index":14,"word":"Motif","originalText":"Motif","characterOffsetBegin":333,"characterOffsetEnd":338,"pos":"NN","before":" ","after":"  "},{"index":15,"word":"toolkit","originalText":"toolkit","characterOffsetBegin":340,"characterOffsetEnd":347,"pos":"NN","before":"  ","after":" "},{"index":16,"word":"API","originalText":"API","characterOffsetBegin":348,"characterOffsetEnd":351,"pos":"NNP","before":" ","after":""},{"index":17,"word":"?","originalText":"?","characterOffsetBegin":351,"characterOffsetEnd":352,"pos":".","before":"","after":""}]},{"index":4,"tokens":[{"index":1,"word":"-","originalText":"-","characterOffsetBegin":352,"characterOffsetEnd":353,"pos":":","before":"","after":" "},{"index":2,"word":"Do","originalText":"Do","characterOffsetBegin":354,"characterOffsetEnd":356,"pos":"VBP","before":" ","after":" "},{"index":3,"word":"they","originalText":"they","characterOffsetBegin":357,"characterOffsetEnd":361,"pos":"PRP","before":" ","after":" "},{"index":4,"word":"mean","originalText":"mean","characterOffsetBegin":362,"characterOffsetEnd":366,"pos":"VB","before":" ","after":" "},{"index":5,"word":"both","originalText":"both","characterOffsetBegin":367,"characterOffsetEnd":371,"pos":"DT","before":" ","after":" "},{"index":6,"word":"of","originalText":"of","characterOffsetBegin":372,"characterOffsetEnd":374,"pos":"IN","before":" ","after":" "},{"index":7,"word":"the","originalText":"the","characterOffsetBegin":375,"characterOffsetEnd":378,"pos":"DT","before":" ","after":" "},{"index":8,"word":"above","originalText":"above","characterOffsetBegin":379,"characterOffsetEnd":384,"pos":"JJ","before":" ","after":""},{"index":9,"word":"?","originalText":"?","characterOffsetBegin":384,"characterOffsetEnd":385,"pos":".","before":"","after":""}]},{"index":5,"tokens":[{"index":1,"word":"-","originalText":"-","characterOffsetBegin":385,"characterOffsetEnd":386,"pos":":","before":"","after":" "},{"index":2,"word":"Is","originalText":"Is","characterOffsetBegin":387,"characterOffsetEnd":389,"pos":"VBZ","before":" ","after":" "},{"index":3,"word":"it","originalText":"it","characterOffsetBegin":390,"characterOffsetEnd":392,"pos":"PRP","before":" ","after":" "},{"index":4,"word":"possible","originalText":"possible","characterOffsetBegin":393,"characterOffsetEnd":401,"pos":"JJ","before":" ","after":" "},{"index":5,"word":"that","originalText":"that","characterOffsetBegin":402,"characterOffsetEnd":406,"pos":"IN","before":" ","after":" "},{"index":6,"word":"there","originalText":"there","characterOffsetBegin":407,"characterOffsetEnd":412,"pos":"EX","before":" ","after":" "},{"index":7,"word":"will","originalText":"will","characterOffsetBegin":413,"characterOffsetEnd":417,"pos":"MD","before":" ","after":" "},{"index":8,"word":"be","originalText":"be","characterOffsetBegin":418,"characterOffsetEnd":420,"pos":"VB","before":" ","after":" "},{"index":9,"word":"a","originalText":"a","characterOffsetBegin":421,"characterOffsetEnd":422,"pos":"DT","before":" ","after":" "},{"index":10,"word":"Motif-API","originalText":"Motif-API","characterOffsetBegin":423,"characterOffsetEnd":432,"pos":"NN","before":" ","after":" "},{"index":11,"word":"complient","originalText":"complient","characterOffsetBegin":433,"characterOffsetEnd":442,"pos":"NN","before":" ","after":" "},{"index":12,"word":"toolkit","originalText":"toolkit","characterOffsetBegin":443,"characterOffsetEnd":450,"pos":"NN","before":" ","after":" "},{"index":13,"word":"with","originalText":"with","characterOffsetBegin":451,"characterOffsetEnd":455,"pos":"IN","before":" ","after":"  "},{"index":14,"word":"an","originalText":"an","characterOffsetBegin":457,"characterOffsetEnd":459,"pos":"DT","before":"  ","after":" "},{"index":15,"word":"OpenLook","originalText":"OpenLook","characterOffsetBegin":460,"characterOffsetEnd":468,"pos":"NNP","before":" ","after":" "},{"index":16,"word":"Look","originalText":"Look","characterOffsetBegin":469,"characterOffsetEnd":473,"pos":"VB","before":" ","after":" "},{"index":17,"word":"&","originalText":"&","characterOffsetBegin":474,"characterOffsetEnd":475,"pos":"CC","before":" ","after":" "},{"index":18,"word":"Feel","originalText":"Feel","characterOffsetBegin":476,"characterOffsetEnd":480,"pos":"NNP","before":" ","after":""},{"index":19,"word":"?","originalText":"?","characterOffsetBegin":480,"characterOffsetEnd":481,"pos":".","before":"","after":""}]},{"index":6,"tokens":[{"index":1,"word":"-","originalText":"-","characterOffsetBegin":481,"characterOffsetEnd":482,"pos":":","before":"","after":" "},{"index":2,"word":"How","originalText":"How","characterOffsetBegin":483,"characterOffsetEnd":486,"pos":"WRB","before":" ","after":" "},{"index":3,"word":"about","originalText":"about","characterOffsetBegin":487,"characterOffsetEnd":492,"pos":"IN","before":" ","after":" "},{"index":4,"word":"an","originalText":"an","characterOffsetBegin":493,"characterOffsetEnd":495,"pos":"DT","before":" ","after":" "},{"index":5,"word":"OLIT/XView/OI","originalText":"OLIT/XView/OI","characterOffsetBegin":496,"characterOffsetEnd":509,"pos":"NN","before":" ","after":""},{"index":6,"word":"/","originalText":"/","characterOffsetBegin":509,"characterOffsetEnd":510,"pos":":","before":"","after":""},{"index":7,"word":"Interviews","originalText":"Interviews","characterOffsetBegin":510,"characterOffsetEnd":520,"pos":"NNS","before":"","after":" "},{"index":8,"word":"API","originalText":"API","characterOffsetBegin":521,"characterOffsetEnd":524,"pos":"NNP","before":" ","after":" "},{"index":9,"word":"toolkit","originalText":"toolkit","characterOffsetBegin":525,"characterOffsetEnd":532,"pos":"NN","before":" ","after":" "},{"index":10,"word":"with","originalText":"with","characterOffsetBegin":533,"characterOffsetEnd":537,"pos":"IN","before":" ","after":" "},{"index":11,"word":"a","originalText":"a","characterOffsetBegin":538,"characterOffsetEnd":539,"pos":"DT","before":" ","after":" "},{"index":12,"word":"Motif","originalText":"Motif","characterOffsetBegin":540,"characterOffsetEnd":545,"pos":"NN","before":" ","after":" "},{"index":13,"word":"L","originalText":"L","characterOffsetBegin":546,"characterOffsetEnd":547,"pos":"NNP","before":" ","after":" "},{"index":14,"word":"&","originalText":"&","characterOffsetBegin":548,"characterOffsetEnd":549,"pos":"CC","before":" ","after":" "},{"index":15,"word":"F","originalText":"F","characterOffsetBegin":550,"characterOffsetEnd":551,"pos":"NN","before":" ","after":""},{"index":16,"word":"?","originalText":"?","characterOffsetBegin":551,"characterOffsetEnd":552,"pos":".","before":"","after":"  "}]},{"index":7,"tokens":[{"index":1,"word":"-LRB-","originalText":"(","characterOffsetBegin":554,"characterOffsetEnd":555,"pos":"-LRB-","before":"  ","after":""},{"index":2,"word":"I","originalText":"I","characterOffsetBegin":555,"characterOffsetEnd":556,"pos":"PRP","before":"","after":" "},{"index":3,"word":"know","originalText":"know","characterOffsetBegin":557,"characterOffsetEnd":561,"pos":"VBP","before":" ","after":" "},{"index":4,"word":"OI","originalText":"OI","characterOffsetBegin":562,"characterOffsetEnd":564,"pos":"NN","before":" ","after":" "},{"index":5,"word":"already","originalText":"already","characterOffsetBegin":565,"characterOffsetEnd":572,"pos":"RB","before":" ","after":" "},{"index":6,"word":"does","originalText":"does","characterOffsetBegin":573,"characterOffsetEnd":577,"pos":"VBZ","before":" ","after":" "},{"index":7,"word":"this","originalText":"this","characterOffsetBegin":578,"characterOffsetEnd":582,"pos":"DT","before":" ","after":""},{"index":8,"word":",","originalText":",","characterOffsetBegin":582,"characterOffsetEnd":583,"pos":",","before":"","after":" "},{"index":9,"word":"but","originalText":"but","characterOffsetBegin":584,"characterOffsetEnd":587,"pos":"CC","before":" ","after":" "},{"index":10,"word":"will","originalText":"will","characterOffsetBegin":588,"characterOffsetEnd":592,"pos":"MD","before":" ","after":" "},{"index":11,"word":"this","originalText":"this","characterOffsetBegin":593,"characterOffsetEnd":597,"pos":"DT","before":" ","after":" "},{"index":12,"word":"be","originalText":"be","characterOffsetBegin":598,"characterOffsetEnd":600,"pos":"VB","before":" ","after":" "},{"index":13,"word":"considered","originalText":"considered","characterOffsetBegin":601,"characterOffsetEnd":611,"pos":"VBN","before":" ","after":" "},{"index":14,"word":"COSE-complient","originalText":"COSE-complient","characterOffsetBegin":612,"characterOffsetEnd":626,"pos":"JJ","before":" ","after":""},{"index":15,"word":"?","originalText":"?","characterOffsetBegin":626,"characterOffsetEnd":627,"pos":".","before":"","after":""},{"index":16,"word":"-RRB-","originalText":")","characterOffsetBegin":627,"characterOffsetEnd":628,"pos":"-RRB-","before":"","after":""}]},{"index":8,"tokens":[{"index":1,"word":"-","originalText":"-","characterOffsetBegin":628,"characterOffsetEnd":629,"pos":":","before":"","after":" "},{"index":2,"word":"Will","originalText":"Will","characterOffsetBegin":630,"characterOffsetEnd":634,"pos":"MD","before":" ","after":" "},{"index":3,"word":"there","originalText":"there","characterOffsetBegin":635,"characterOffsetEnd":640,"pos":"RB","before":" ","after":" "},{"index":4,"word":"be","originalText":"be","characterOffsetBegin":641,"characterOffsetEnd":643,"pos":"VB","before":" ","after":" "},{"index":5,"word":"more","originalText":"more","characterOffsetBegin":644,"characterOffsetEnd":648,"pos":"JJR","before":" ","after":" "},{"index":6,"word":"than","originalText":"than","characterOffsetBegin":649,"characterOffsetEnd":653,"pos":"IN","before":" ","after":" "},{"index":7,"word":"one","originalText":"one","characterOffsetBegin":654,"characterOffsetEnd":657,"pos":"CD","before":" ","after":" "},{"index":8,"word":"``","originalText":"\"","characterOffsetBegin":658,"characterOffsetEnd":659,"pos":"``","before":" ","after":""},{"index":9,"word":"standard","originalText":"standard","characterOffsetBegin":659,"characterOffsetEnd":667,"pos":"JJ","before":"","after":""},{"index":10,"word":"''","originalText":"\"","characterOffsetBegin":667,"characterOffsetEnd":668,"pos":"''","before":"","after":" "},{"index":11,"word":"toolkit","originalText":"toolkit","characterOffsetBegin":669,"characterOffsetEnd":676,"pos":"NN","before":" ","after":" "},{"index":12,"word":"API","originalText":"API","characterOffsetBegin":677,"characterOffsetEnd":680,"pos":"NN","before":" ","after":" "},{"index":13,"word":"or","originalText":"or","characterOffsetBegin":681,"characterOffsetEnd":683,"pos":"CC","before":" ","after":" "},{"index":14,"word":"L","originalText":"L","characterOffsetBegin":684,"characterOffsetEnd":685,"pos":"NNP","before":" ","after":" "},{"index":15,"word":"&","originalText":"&","characterOffsetBegin":686,"characterOffsetEnd":687,"pos":"CC","before":" ","after":" "},{"index":16,"word":"F","originalText":"F","characterOffsetBegin":688,"characterOffsetEnd":689,"pos":"NN","before":" ","after":" "},{"index":17,"word":"supported","originalText":"supported","characterOffsetBegin":690,"characterOffsetEnd":699,"pos":"VBN","before":" ","after":""},{"index":18,"word":"?","originalText":"?","characterOffsetBegin":699,"characterOffsetEnd":700,"pos":".","before":"","after":""}]},{"index":9,"tokens":[{"index":1,"word":"-","originalText":"-","characterOffsetBegin":700,"characterOffsetEnd":701,"pos":":","before":"","after":" "},{"index":2,"word":"How","originalText":"How","characterOffsetBegin":702,"characterOffsetEnd":705,"pos":"WRB","before":" ","after":" "},{"index":3,"word":"does","originalText":"does","characterOffsetBegin":706,"characterOffsetEnd":710,"pos":"VBZ","before":" ","after":" "},{"index":4,"word":"using","originalText":"using","characterOffsetBegin":711,"characterOffsetEnd":716,"pos":"VBG","before":" ","after":" "},{"index":5,"word":"ToolTalk","originalText":"ToolTalk","characterOffsetBegin":717,"characterOffsetEnd":725,"pos":"NNP","before":" ","after":" "},{"index":6,"word":"fit","originalText":"fit","characterOffsetBegin":726,"characterOffsetEnd":729,"pos":"NN","before":" ","after":" "},{"index":7,"word":"in","originalText":"in","characterOffsetBegin":730,"characterOffsetEnd":732,"pos":"IN","before":" ","after":" "},{"index":8,"word":"with","originalText":"with","characterOffsetBegin":733,"characterOffsetEnd":737,"pos":"IN","before":" ","after":" "},{"index":9,"word":"Motif?This","originalText":"Motif?This","characterOffsetBegin":738,"characterOffsetEnd":748,"pos":"NN","before":" ","after":" "},{"index":10,"word":"is","originalText":"is","characterOffsetBegin":749,"characterOffsetEnd":751,"pos":"VBZ","before":" ","after":" "},{"index":11,"word":"my","originalText":"my","characterOffsetBegin":752,"characterOffsetEnd":754,"pos":"PRP$","before":" ","after":" "},{"index":12,"word":"attempt","originalText":"attempt","characterOffsetBegin":755,"characterOffsetEnd":762,"pos":"NN","before":" ","after":" "},{"index":13,"word":"to","originalText":"to","characterOffsetBegin":763,"characterOffsetEnd":765,"pos":"TO","before":" ","after":" "},{"index":14,"word":"start","originalText":"start","characterOffsetBegin":766,"characterOffsetEnd":771,"pos":"VB","before":" ","after":" "},{"index":15,"word":"a","originalText":"a","characterOffsetBegin":772,"characterOffsetEnd":773,"pos":"DT","before":" ","after":" "},{"index":16,"word":"discussion","originalText":"discussion","characterOffsetBegin":774,"characterOffsetEnd":784,"pos":"NN","before":" ","after":" "},{"index":17,"word":"in","originalText":"in","characterOffsetBegin":785,"characterOffsetEnd":787,"pos":"IN","before":" ","after":" "},{"index":18,"word":"order","originalText":"order","characterOffsetBegin":788,"characterOffsetEnd":793,"pos":"NN","before":" ","after":" "},{"index":19,"word":"to","originalText":"to","characterOffsetBegin":794,"characterOffsetEnd":796,"pos":"TO","before":" ","after":" "},{"index":20,"word":"pull","originalText":"pull","characterOffsetBegin":797,"characterOffsetEnd":801,"pos":"VB","before":" ","after":" "},{"index":21,"word":"as","originalText":"as","characterOffsetBegin":802,"characterOffsetEnd":804,"pos":"RB","before":" ","after":" "},{"index":22,"word":"much","originalText":"much","characterOffsetBegin":805,"characterOffsetEnd":809,"pos":"JJ","before":" ","after":" "},{"index":23,"word":"knowledge","originalText":"knowledge","characterOffsetBegin":810,"characterOffsetEnd":819,"pos":"NN","before":" ","after":" "},{"index":24,"word":"about","originalText":"about","characterOffsetBegin":820,"characterOffsetEnd":825,"pos":"IN","before":" ","after":" "},{"index":25,"word":"these","originalText":"these","characterOffsetBegin":826,"characterOffsetEnd":831,"pos":"DT","before":" ","after":" "},{"index":26,"word":"questions","originalText":"questions","characterOffsetBegin":832,"characterOffsetEnd":841,"pos":"NNS","before":" ","after":" "},{"index":27,"word":"off","originalText":"off","characterOffsetBegin":842,"characterOffsetEnd":845,"pos":"IN","before":" ","after":" "},{"index":28,"word":"the","originalText":"the","characterOffsetBegin":846,"characterOffsetEnd":849,"pos":"DT","before":" ","after":" "},{"index":29,"word":"net","originalText":"net","characterOffsetBegin":850,"characterOffsetEnd":853,"pos":"NN","before":" ","after":""},{"index":30,"word":"...","originalText":"...","characterOffsetBegin":853,"characterOffsetEnd":856,"pos":":","before":"","after":" "},{"index":31,"word":"Feel","originalText":"Feel","characterOffsetBegin":857,"characterOffsetEnd":861,"pos":"NNP","before":" ","after":" "},{"index":32,"word":"free","originalText":"free","characterOffsetBegin":862,"characterOffsetEnd":866,"pos":"JJ","before":" ","after":" "},{"index":33,"word":"to","originalText":"to","characterOffsetBegin":867,"characterOffsetEnd":869,"pos":"TO","before":" ","after":" "},{"index":34,"word":"e-mailor","originalText":"e-mailor","characterOffsetBegin":870,"characterOffsetEnd":878,"pos":"NN","before":" ","after":" "},{"index":35,"word":"followup","originalText":"followup","characterOffsetBegin":879,"characterOffsetEnd":887,"pos":"NN","before":" ","after":""},{"index":36,"word":".","originalText":".","characterOffsetBegin":887,"characterOffsetEnd":888,"pos":".","before":"","after":""}]},{"index":10,"tokens":[{"index":1,"word":"--","originalText":"--","characterOffsetBegin":888,"characterOffsetEnd":890,"pos":":","before":"","after":" "},{"index":2,"word":"----------------------------------------------------------------------","originalText":"----------------------------------------------------------------------","characterOffsetBegin":891,"characterOffsetEnd":961,"pos":"CD","before":" ","after":" "},{"index":3,"word":"Gil","originalText":"Gil","characterOffsetBegin":962,"characterOffsetEnd":965,"pos":"NNP","before":" ","after":" "},{"index":4,"word":"Tene","originalText":"Tene","characterOffsetBegin":966,"characterOffsetEnd":970,"pos":"NNP","before":" ","after":"\t\t\t"},{"index":5,"word":"``","originalText":"\"","characterOffsetBegin":973,"characterOffsetEnd":974,"pos":"``","before":"\t\t\t","after":""},{"index":6,"word":"Some","originalText":"Some","characterOffsetBegin":974,"characterOffsetEnd":978,"pos":"DT","before":"","after":" "},{"index":7,"word":"days","originalText":"days","characterOffsetBegin":979,"characterOffsetEnd":983,"pos":"NNS","before":" ","after":" "},{"index":8,"word":"it","originalText":"it","characterOffsetBegin":984,"characterOffsetEnd":986,"pos":"PRP","before":" ","after":" "},{"index":9,"word":"just","originalText":"just","characterOffsetBegin":987,"characterOffsetEnd":991,"pos":"RB","before":" ","after":" "},{"index":10,"word":"does","originalText":"does","characterOffsetBegin":992,"characterOffsetEnd":996,"pos":"VBZ","before":" ","after":""},{"index":11,"word":"n't","originalText":"n't","characterOffsetBegin":996,"characterOffsetEnd":999,"pos":"RB","before":"","after":" "},{"index":12,"word":"pay","originalText":"pay","characterOffsetBegin":1000,"characterOffsetEnd":1003,"pos":"VB","before":" ","after":"     "},{"index":13,"word":"--","originalText":"---","characterOffsetBegin":1008,"characterOffsetEnd":1011,"pos":":","before":"     ","after":" "},{"index":14,"word":"devil@imp.HellNet.org","originalText":"devil@imp.HellNet.org","characterOffsetBegin":1012,"characterOffsetEnd":1033,"pos":"NN","before":" ","after":"\t   "},{"index":15,"word":"to","originalText":"to","characterOffsetBegin":1037,"characterOffsetEnd":1039,"pos":"TO","before":"\t   ","after":" "},{"index":16,"word":"go","originalText":"go","characterOffsetBegin":1040,"characterOffsetEnd":1042,"pos":"VB","before":" ","after":" "},{"index":17,"word":"to","originalText":"to","characterOffsetBegin":1043,"characterOffsetEnd":1045,"pos":"TO","before":" ","after":" "},{"index":18,"word":"sleep","originalText":"sleep","characterOffsetBegin":1046,"characterOffsetEnd":1051,"pos":"VB","before":" ","after":" "},{"index":19,"word":"in","originalText":"in","characterOffsetBegin":1052,"characterOffsetEnd":1054,"pos":"IN","before":" ","after":" "},{"index":20,"word":"the","originalText":"the","characterOffsetBegin":1055,"characterOffsetEnd":1058,"pos":"DT","before":" ","after":" "},{"index":21,"word":"morning","originalText":"morning","characterOffsetBegin":1059,"characterOffsetEnd":1066,"pos":"NN","before":" ","after":""},{"index":22,"word":".","originalText":".","characterOffsetBegin":1066,"characterOffsetEnd":1067,"pos":".","before":"","after":""},{"index":23,"word":"''","originalText":"\"","characterOffsetBegin":1067,"characterOffsetEnd":1068,"pos":"''","before":"","after":" "}]},{"index":11,"tokens":[{"index":1,"word":"--","originalText":"---","characterOffsetBegin":1069,"characterOffsetEnd":1072,"pos":":","before":" ","after":" "},{"index":2,"word":"devil@diablery.10A.com","originalText":"devil@diablery.10A.com","characterOffsetBegin":1073,"characterOffsetEnd":1095,"pos":"NNP","before":" ","after":" \t\t\t\t\t   "},{"index":3,"word":"---------------------------------------------------------------------","originalText":"---------------------------------------------------------------------","characterOffsetBegin":1104,"characterOffsetEnd":1173,"pos":"CD","before":" \t\t\t\t\t   ","after":""}]}]}