{"sentences":[{"index":0,"tokens":[{"index":1,"word":"From","originalText":"From","characterOffsetBegin":0,"characterOffsetEnd":4,"pos":"IN","before":"","after":""},{"index":2,"word":":","originalText":":","characterOffsetBegin":4,"characterOffsetEnd":5,"pos":":","before":"","after":" "},{"index":3,"word":"singg@alf.uib.no","originalText":"singg@alf.uib.no","characterOffsetBegin":6,"characterOffsetEnd":22,"pos":"NN","before":" ","after":" "},{"index":4,"word":"-LRB-","originalText":"(","characterOffsetBegin":23,"characterOffsetEnd":24,"pos":"-LRB-","before":" ","after":""},{"index":5,"word":"Kurt","originalText":"Kurt","characterOffsetBegin":24,"characterOffsetEnd":28,"pos":"NNP","before":"","after":" "},{"index":6,"word":"George","originalText":"George","characterOffsetBegin":29,"characterOffsetEnd":35,"pos":"NNP","before":" ","after":" "},{"index":7,"word":"Gjerde","originalText":"Gjerde","characterOffsetBegin":36,"characterOffsetEnd":42,"pos":"NNP","before":" ","after":""},{"index":8,"word":"-RRB-","originalText":")","characterOffsetBegin":42,"characterOffsetEnd":43,"pos":"-RRB-","before":"","after":""},{"index":9,"word":"Subject","originalText":"Subject","characterOffsetBegin":43,"characterOffsetEnd":50,"pos":"NNP","before":"","after":""},{"index":10,"word":":","originalText":":","characterOffsetBegin":50,"characterOffsetEnd":51,"pos":":","before":"","after":" "},{"index":11,"word":"Re","originalText":"Re","characterOffsetBegin":52,"characterOffsetEnd":54,"pos":"NNP","before":" ","after":""},{"index":12,"word":":","originalText":":","characterOffsetBegin":54,"characterOffsetEnd":55,"pos":":","before":"","after":" "},{"index":13,"word":"Drawing","originalText":"Drawing","characterOffsetBegin":56,"characterOffsetEnd":63,"pos":"VBG","before":" ","after":" "},{"index":14,"word":"Lines","originalText":"Lines","characterOffsetBegin":64,"characterOffsetEnd":69,"pos":"NNS","before":" ","after":" "},{"index":15,"word":"-LRB-","originalText":"(","characterOffsetBegin":70,"characterOffsetEnd":71,"pos":"-LRB-","before":" ","after":""},{"index":16,"word":"inverse/xor","originalText":"inverse/xor","characterOffsetBegin":71,"characterOffsetEnd":82,"pos":"NN","before":"","after":""},{"index":17,"word":"-RRB-","originalText":")","characterOffsetBegin":82,"characterOffsetEnd":83,"pos":"-RRB-","before":"","after":""},{"index":18,"word":"In","originalText":"In","characterOffsetBegin":83,"characterOffsetEnd":85,"pos":"IN","before":"","after":" "},{"index":19,"word":"article","originalText":"article","characterOffsetBegin":86,"characterOffsetEnd":93,"pos":"NN","before":" ","after":" "},{"index":20,"word":"<1993Apr19.191531.15865@news.media.mit.edu>","originalText":"<1993Apr19.191531.15865@news.media.mit.edu>","characterOffsetBegin":94,"characterOffsetEnd":137,"pos":"NN","before":" ","after":""},{"index":21,"word":",","originalText":",","characterOffsetBegin":137,"characterOffsetEnd":138,"pos":",","before":"","after":" "},{"index":22,"word":"dyoung@media.mit.edu","originalText":"dyoung@media.mit.edu","characterOffsetBegin":139,"characterOffsetEnd":159,"pos":"NN","before":" ","after":" "},{"index":23,"word":"-LRB-","originalText":"(","characterOffsetBegin":160,"characterOffsetEnd":161,"pos":"-LRB-","before":" ","after":""},{"index":24,"word":"David","originalText":"David","characterOffsetBegin":161,"characterOffsetEnd":166,"pos":"NNP","before":"","after":" "},{"index":25,"word":"Young","originalText":"Young","characterOffsetBegin":167,"characterOffsetEnd":172,"pos":"NNP","before":" ","after":""},{"index":26,"word":"-RRB-","originalText":")","characterOffsetBegin":172,"characterOffsetEnd":173,"pos":"-RRB-","before":"","after":" "},{"index":27,"word":"writes","originalText":"writes","characterOffsetBegin":174,"characterOffsetEnd":180,"pos":"VBZ","before":" ","after":""},{"index":28,"word":":","originalText":":","characterOffsetBegin":180,"characterOffsetEnd":181,"pos":":","before":"","after":"  "},{"index":29,"word":":","originalText":":","characterOffsetBegin":183,"characterOffsetEnd":184,"pos":":","before":"  ","after":"  "},{"index":30,"word":":|","originalText":":|","characterOffsetBegin":186,"characterOffsetEnd":188,"pos":"CD","before":"  ","after":""},{"index":31,"word":">","originalText":">","characterOffsetBegin":188,"characterOffsetEnd":189,"pos":"JJR","before":"","after":"    "},{"index":32,"word":"XSetFunction","originalText":"XSetFunction","characterOffsetBegin":193,"characterOffsetEnd":205,"pos":"NN","before":"    ","after":""},{"index":33,"word":"-LRB-","originalText":"(","characterOffsetBegin":205,"characterOffsetEnd":206,"pos":"-LRB-","before":"","after":" "},{"index":34,"word":"myDisplay","originalText":"myDisplay","characterOffsetBegin":207,"characterOffsetEnd":216,"pos":"NN","before":" ","after":""},{"index":35,"word":",","originalText":",","characterOffsetBegin":216,"characterOffsetEnd":217,"pos":",","before":"","after":" "},{"index":36,"word":"gc","originalText":"gc","characterOffsetBegin":218,"characterOffsetEnd":220,"pos":"NN","before":" ","after":""},{"index":37,"word":",","originalText":",","characterOffsetBegin":220,"characterOffsetEnd":221,"pos":",","before":"","after":" "},{"index":38,"word":"GXxor","originalText":"GXxor","characterOffsetBegin":222,"characterOffsetEnd":227,"pos":"NN","before":" ","after":""},{"index":39,"word":"-RRB-","originalText":")","characterOffsetBegin":227,"characterOffsetEnd":228,"pos":"-RRB-","before":"","after":""},{"index":40,"word":";|","originalText":";|","characterOffsetBegin":228,"characterOffsetEnd":230,"pos":"CD","before":"","after":""},{"index":41,"word":">","originalText":">","characterOffsetBegin":230,"characterOffsetEnd":231,"pos":"JJR","before":"","after":"    "},{"index":42,"word":"XSetForeground","originalText":"XSetForeground","characterOffsetBegin":235,"characterOffsetEnd":249,"pos":"NN","before":"    ","after":""},{"index":43,"word":"-LRB-","originalText":"(","characterOffsetBegin":249,"characterOffsetEnd":250,"pos":"-LRB-","before":"","after":" "},{"index":44,"word":"myDisplay","originalText":"myDisplay","characterOffsetBegin":251,"characterOffsetEnd":260,"pos":"NN","before":" ","after":""},{"index":45,"word":",","originalText":",","characterOffsetBegin":260,"characterOffsetEnd":261,"pos":",","before":"","after":" "},{"index":46,"word":"gc","originalText":"gc","characterOffsetBegin":262,"characterOffsetEnd":264,"pos":"NN","before":" ","after":""},{"index":47,"word":",","originalText":",","characterOffsetBegin":264,"characterOffsetEnd":265,"pos":",","before":"","after":" "},{"index":48,"word":"drawIndex","originalText":"drawIndex","characterOffsetBegin":266,"characterOffsetEnd":275,"pos":"NN","before":" ","after":""},{"index":49,"word":"-RRB-","originalText":")","characterOffsetBegin":275,"characterOffsetEnd":276,"pos":"-RRB-","before":"","after":""},{"index":50,"word":";|","originalText":";|","characterOffsetBegin":276,"characterOffsetEnd":278,"pos":"CD","before":"","after":""},{"index":51,"word":">","originalText":">","characterOffsetBegin":278,"characterOffsetEnd":279,"pos":"JJR","before":"","after":" "},{"index":52,"word":"|","originalText":"|","characterOffsetBegin":280,"characterOffsetEnd":281,"pos":"CD","before":" ","after":""},{"index":53,"word":">","originalText":">","characterOffsetBegin":281,"characterOffsetEnd":282,"pos":"JJR","before":"","after":" "},{"index":54,"word":"Then","originalText":"Then","characterOffsetBegin":283,"characterOffsetEnd":287,"pos":"RB","before":" ","after":" "},{"index":55,"word":"to","originalText":"to","characterOffsetBegin":288,"characterOffsetEnd":290,"pos":"TO","before":" ","after":" "},{"index":56,"word":"draw","originalText":"draw","characterOffsetBegin":291,"characterOffsetEnd":295,"pos":"VB","before":" ","after":" "},{"index":57,"word":"I","originalText":"I","characterOffsetBegin":296,"characterOffsetEnd":297,"pos":"PRP","before":" ","after":" "},{"index":58,"word":"do","originalText":"do","characterOffsetBegin":298,"characterOffsetEnd":300,"pos":"VBP","before":" ","after":""},{"index":59,"word":":|","originalText":":|","characterOffsetBegin":300,"characterOffsetEnd":302,"pos":"CD","before":"","after":""},{"index":60,"word":">","originalText":">","characterOffsetBegin":302,"characterOffsetEnd":303,"pos":"JJR","before":"","after":" "},{"index":61,"word":"|","originalText":"|","characterOffsetBegin":304,"characterOffsetEnd":305,"pos":"CD","before":" ","after":""},{"index":62,"word":">","originalText":">","characterOffsetBegin":305,"characterOffsetEnd":306,"pos":"JJR","before":"","after":"    "},{"index":63,"word":"XDrawLine","originalText":"XDrawLine","characterOffsetBegin":310,"characterOffsetEnd":319,"pos":"NN","before":"    ","after":""},{"index":64,"word":"-LRB-","originalText":"(","characterOffsetBegin":319,"characterOffsetEnd":320,"pos":"-LRB-","before":"","after":" "},{"index":65,"word":"myDisplay","originalText":"myDisplay","characterOffsetBegin":321,"characterOffsetEnd":330,"pos":"NN","before":" ","after":""},{"index":66,"word":",","originalText":",","characterOffsetBegin":330,"characterOffsetEnd":331,"pos":",","before":"","after":" "},{"index":67,"word":"XtWindow","originalText":"XtWindow","characterOffsetBegin":332,"characterOffsetEnd":340,"pos":"NNP","before":" ","after":""},{"index":68,"word":"-LRB-","originalText":"(","characterOffsetBegin":340,"characterOffsetEnd":341,"pos":"-LRB-","before":"","after":" "},{"index":69,"word":"drawingArea1","originalText":"drawingArea1","characterOffsetBegin":342,"characterOffsetEnd":354,"pos":"NN","before":" ","after":""},{"index":70,"word":"-RRB-","originalText":")","characterOffsetBegin":354,"characterOffsetEnd":355,"pos":"-RRB-","before":"","after":""},{"index":71,"word":",","originalText":",","characterOffsetBegin":355,"characterOffsetEnd":356,"pos":",","before":"","after":" "},{"index":72,"word":"gc","originalText":"gc","characterOffsetBegin":357,"characterOffsetEnd":359,"pos":"NN","before":" ","after":""},{"index":73,"word":",","originalText":",","characterOffsetBegin":359,"characterOffsetEnd":360,"pos":",","before":"","after":" "},{"index":74,"word":"x1","originalText":"x1","characterOffsetBegin":361,"characterOffsetEnd":363,"pos":"NN","before":" ","after":""},{"index":75,"word":",","originalText":",","characterOffsetBegin":363,"characterOffsetEnd":364,"pos":",","before":"","after":" "},{"index":76,"word":"y1","originalText":"y1","characterOffsetBegin":365,"characterOffsetEnd":367,"pos":"NN","before":" ","after":""},{"index":77,"word":",","originalText":",","characterOffsetBegin":367,"characterOffsetEnd":368,"pos":",","before":"","after":" "},{"index":78,"word":"x2","originalText":"x2","characterOffsetBegin":369,"characterOffsetEnd":371,"pos":"NN","before":" ","after":""},{"index":79,"word":",","originalText":",","characterOffsetBegin":371,"characterOffsetEnd":372,"pos":",","before":"","after":" "},{"index":80,"word":"y2","originalText":"y2","characterOffsetBegin":373,"characterOffsetEnd":375,"pos":"NN","before":" ","after":""},{"index":81,"word":"-RRB-","originalText":")","characterOffsetBegin":375,"characterOffsetEnd":376,"pos":"-RRB-","before":"","after":""},{"index":82,"word":";|","originalText":";|","characterOffsetBegin":376,"characterOffsetEnd":378,"pos":"CD","before":"","after":""},{"index":83,"word":">","originalText":">","characterOffsetBegin":378,"characterOffsetEnd":379,"pos":"JJR","before":"","after":"    "},{"index":84,"word":"XFlush","originalText":"XFlush","characterOffsetBegin":383,"characterOffsetEnd":389,"pos":"NN","before":"    ","after":""},{"index":85,"word":"-LRB-","originalText":"(","characterOffsetBegin":389,"characterOffsetEnd":390,"pos":"-LRB-","before":"","after":" "},{"index":86,"word":"myDisplay","originalText":"myDisplay","characterOffsetBegin":391,"characterOffsetEnd":400,"pos":"NN","before":" ","after":""},{"index":87,"word":"-RRB-","originalText":")","characterOffsetBegin":400,"characterOffsetEnd":401,"pos":"-RRB-","before":"","after":""},{"index":88,"word":";|","originalText":";|","characterOffsetBegin":401,"characterOffsetEnd":403,"pos":"CD","before":"","after":""},{"index":89,"word":">","originalText":">","characterOffsetBegin":403,"characterOffsetEnd":404,"pos":"JJR","before":"","after":" "},{"index":90,"word":"|","originalText":"|","characterOffsetBegin":405,"characterOffsetEnd":406,"pos":"CD","before":" ","after":""},{"index":91,"word":">","originalText":">","characterOffsetBegin":406,"characterOffsetEnd":407,"pos":"JJR","before":"","after":" "},{"index":92,"word":"And","originalText":"And","characterOffsetBegin":408,"characterOffsetEnd":411,"pos":"CC","before":" ","after":" "},{"index":93,"word":"when","originalText":"when","characterOffsetBegin":412,"characterOffsetEnd":416,"pos":"WRB","before":" ","after":" "},{"index":94,"word":"I","originalText":"I","characterOffsetBegin":417,"characterOffsetEnd":418,"pos":"PRP","before":" ","after":""},{"index":95,"word":"'m","originalText":"'m","characterOffsetBegin":418,"characterOffsetEnd":420,"pos":"VBP","before":"","after":" "},{"index":96,"word":"all","originalText":"all","characterOffsetBegin":421,"characterOffsetEnd":424,"pos":"DT","before":" ","after":" "},{"index":97,"word":"done","originalText":"done","characterOffsetBegin":425,"characterOffsetEnd":429,"pos":"VBN","before":" ","after":""},{"index":98,"word":",","originalText":",","characterOffsetBegin":429,"characterOffsetEnd":430,"pos":",","before":"","after":" "},{"index":99,"word":"to","originalText":"to","characterOffsetBegin":431,"characterOffsetEnd":433,"pos":"TO","before":" ","after":" "},{"index":100,"word":"return","originalText":"return","characterOffsetBegin":434,"characterOffsetEnd":440,"pos":"VB","before":" ","after":" "},{"index":101,"word":"things","originalText":"things","characterOffsetBegin":441,"characterOffsetEnd":447,"pos":"NNS","before":" ","after":" "},{"index":102,"word":"to","originalText":"to","characterOffsetBegin":448,"characterOffsetEnd":450,"pos":"TO","before":" ","after":" "},{"index":103,"word":"normal","originalText":"normal","characterOffsetBegin":451,"characterOffsetEnd":457,"pos":"JJ","before":" ","after":" "},{"index":104,"word":"I","originalText":"I","characterOffsetBegin":458,"characterOffsetEnd":459,"pos":"PRP","before":" ","after":" "},{"index":105,"word":"do","originalText":"do","characterOffsetBegin":460,"characterOffsetEnd":462,"pos":"VBP","before":" ","after":""},{"index":106,"word":":|","originalText":":|","characterOffsetBegin":462,"characterOffsetEnd":464,"pos":"CD","before":"","after":""},{"index":107,"word":">","originalText":">","characterOffsetBegin":464,"characterOffsetEnd":465,"pos":"JJR","before":"","after":" "},{"index":108,"word":"|","originalText":"|","characterOffsetBegin":466,"characterOffsetEnd":467,"pos":"CD","before":" ","after":""},{"index":109,"word":">","originalText":">","characterOffsetBegin":467,"characterOffsetEnd":468,"pos":"JJR","before":"","after":"    "},{"index":110,"word":"XSetFunction","originalText":"XSetFunction","characterOffsetBegin":472,"characterOffsetEnd":484,"pos":"NN","before":"    ","after":""},{"index":111,"word":"-LRB-","originalText":"(","characterOffsetBegin":484,"characterOffsetEnd":485,"pos":"-LRB-","before":"","after":" "},{"index":112,"word":"myDisplay","originalText":"myDisplay","characterOffsetBegin":486,"characterOffsetEnd":495,"pos":"NN","before":" ","after":""},{"index":113,"word":",","originalText":",","characterOffsetBegin":495,"characterOffsetEnd":496,"pos":",","before":"","after":" "},{"index":114,"word":"gc","originalText":"gc","characterOffsetBegin":497,"characterOffsetEnd":499,"pos":"NN","before":" ","after":""},{"index":115,"word":",","originalText":",","characterOffsetBegin":499,"characterOffsetEnd":500,"pos":",","before":"","after":" "},{"index":116,"word":"GXcopy","originalText":"GXcopy","characterOffsetBegin":501,"characterOffsetEnd":507,"pos":"NN","before":" ","after":""},{"index":117,"word":"-RRB-","originalText":")","characterOffsetBegin":507,"characterOffsetEnd":508,"pos":"-RRB-","before":"","after":""},{"index":118,"word":";|","originalText":";|","characterOffsetBegin":508,"characterOffsetEnd":510,"pos":"CD","before":"","after":""},{"index":119,"word":">","originalText":">","characterOffsetBegin":510,"characterOffsetEnd":511,"pos":"JJR","before":"","after":" "},{"index":120,"word":"|","originalText":"|","characterOffsetBegin":512,"characterOffsetEnd":513,"pos":"CD","before":" ","after":""},{"index":121,"word":">","originalText":">","characterOffsetBegin":513,"characterOffsetEnd":514,"pos":"JJR","before":"","after":" "},{"index":122,"word":"|","originalText":"|","characterOffsetBegin":515,"characterOffsetEnd":516,"pos":"CD","before":" ","after":""},{"index":123,"word":">","originalText":">","characterOffsetBegin":516,"characterOffsetEnd":517,"pos":"JJR","before":"","after":" "},{"index":124,"word":"What","originalText":"What","characterOffsetBegin":518,"characterOffsetEnd":522,"pos":"WP","before":" ","after":" "},{"index":125,"word":"I","originalText":"I","characterOffsetBegin":523,"characterOffsetEnd":524,"pos":"PRP","before":" ","after":""},{"index":126,"word":"'d","originalText":"'d","characterOffsetBegin":524,"characterOffsetEnd":526,"pos":"MD","before":"","after":" "},{"index":127,"word":"like","originalText":"like","characterOffsetBegin":527,"characterOffsetEnd":531,"pos":"VB","before":" ","after":" "},{"index":128,"word":"to","originalText":"to","characterOffsetBegin":532,"characterOffsetEnd":534,"pos":"TO","before":" ","after":" "},{"index":129,"word":"happen","originalText":"happen","characterOffsetBegin":535,"characterOffsetEnd":541,"pos":"VB","before":" ","after":" "},{"index":130,"word":"is","originalText":"is","characterOffsetBegin":542,"characterOffsetEnd":544,"pos":"VBZ","before":" ","after":" "},{"index":131,"word":"for","originalText":"for","characterOffsetBegin":545,"characterOffsetEnd":548,"pos":"IN","before":" ","after":" "},{"index":132,"word":"the","originalText":"the","characterOffsetBegin":549,"characterOffsetEnd":552,"pos":"DT","before":" ","after":" "},{"index":133,"word":"lines","originalText":"lines","characterOffsetBegin":553,"characterOffsetEnd":558,"pos":"NNS","before":" ","after":" "},{"index":134,"word":"I","originalText":"I","characterOffsetBegin":559,"characterOffsetEnd":560,"pos":"PRP","before":" ","after":" "},{"index":135,"word":"draw","originalText":"draw","characterOffsetBegin":561,"characterOffsetEnd":565,"pos":"VBP","before":" ","after":" "},{"index":136,"word":"to","originalText":"to","characterOffsetBegin":566,"characterOffsetEnd":568,"pos":"TO","before":" ","after":" "},{"index":137,"word":"be","originalText":"be","characterOffsetBegin":569,"characterOffsetEnd":571,"pos":"VB","before":" ","after":" "},{"index":138,"word":"the","originalText":"the","characterOffsetBegin":572,"characterOffsetEnd":575,"pos":"DT","before":" ","after":" "},{"index":139,"word":"inverse","originalText":"inverse","characterOffsetBegin":576,"characterOffsetEnd":583,"pos":"NN","before":" ","after":" "},{"index":140,"word":"of","originalText":"of","characterOffsetBegin":584,"characterOffsetEnd":586,"pos":"IN","before":" ","after":""},{"index":141,"word":"|","originalText":"|","characterOffsetBegin":586,"characterOffsetEnd":587,"pos":"CD","before":"","after":""},{"index":142,"word":">","originalText":">","characterOffsetBegin":587,"characterOffsetEnd":588,"pos":"JJR","before":"","after":" "},{"index":143,"word":"whatever","originalText":"whatever","characterOffsetBegin":589,"characterOffsetEnd":597,"pos":"WDT","before":" ","after":" "},{"index":144,"word":"I","originalText":"I","characterOffsetBegin":598,"characterOffsetEnd":599,"pos":"PRP","before":" ","after":""},{"index":145,"word":"'m","originalText":"'m","characterOffsetBegin":599,"characterOffsetEnd":601,"pos":"VBP","before":"","after":" "},{"index":146,"word":"drawing","originalText":"drawing","characterOffsetBegin":602,"characterOffsetEnd":609,"pos":"VBG","before":" ","after":" "},{"index":147,"word":"over","originalText":"over","characterOffsetBegin":610,"characterOffsetEnd":614,"pos":"IN","before":" ","after":""},{"index":148,"word":".","originalText":".","characterOffsetBegin":614,"characterOffsetEnd":615,"pos":".","before":"","after":"  "}]},{"index":1,"tokens":[{"index":1,"word":"Instead","originalText":"Instead","characterOffsetBegin":617,"characterOffsetEnd":624,"pos":"RB","before":"  ","after":" "},{"index":2,"word":"what","originalText":"what","characterOffsetBegin":625,"characterOffsetEnd":629,"pos":"WP","before":" ","after":" "},{"index":3,"word":"happens","originalText":"happens","characterOffsetBegin":630,"characterOffsetEnd":637,"pos":"VBZ","before":" ","after":" "},{"index":4,"word":"is","originalText":"is","characterOffsetBegin":638,"characterOffsetEnd":640,"pos":"VBZ","before":" ","after":" "},{"index":5,"word":"I","originalText":"I","characterOffsetBegin":641,"characterOffsetEnd":642,"pos":"PRP","before":" ","after":" "},{"index":6,"word":"get","originalText":"get","characterOffsetBegin":643,"characterOffsetEnd":646,"pos":"VB","before":" ","after":" "},{"index":7,"word":"white","originalText":"white","characterOffsetBegin":647,"characterOffsetEnd":652,"pos":"JJ","before":" ","after":" "},{"index":8,"word":"lines","originalText":"lines","characterOffsetBegin":653,"characterOffsetEnd":658,"pos":"NNS","before":" ","after":""},{"index":9,"word":".","originalText":".","characterOffsetBegin":658,"characterOffsetEnd":659,"pos":".","before":"","after":"  "}]},{"index":2,"tokens":[{"index":1,"word":"If","originalText":"If","characterOffsetBegin":661,"characterOffsetEnd":663,"pos":"IN","before":"  ","after":""},{"index":2,"word":"|","originalText":"|","characterOffsetBegin":663,"characterOffsetEnd":664,"pos":"CD","before":"","after":""},{"index":3,"word":">","originalText":">","characterOffsetBegin":664,"characterOffsetEnd":665,"pos":"JJR","before":"","after":" "},{"index":4,"word":"the","originalText":"the","characterOffsetBegin":666,"characterOffsetEnd":669,"pos":"DT","before":" ","after":" "},{"index":5,"word":"lines","originalText":"lines","characterOffsetBegin":670,"characterOffsetEnd":675,"pos":"NNS","before":" ","after":" "},{"index":6,"word":"are","originalText":"are","characterOffsetBegin":676,"characterOffsetEnd":679,"pos":"VBP","before":" ","after":" "},{"index":7,"word":"over","originalText":"over","characterOffsetBegin":680,"characterOffsetEnd":684,"pos":"IN","before":" ","after":" "},{"index":8,"word":"a","originalText":"a","characterOffsetBegin":685,"characterOffsetEnd":686,"pos":"DT","before":" ","after":" "},{"index":9,"word":"white","originalText":"white","characterOffsetBegin":687,"characterOffsetEnd":692,"pos":"JJ","before":" ","after":" "},{"index":10,"word":"background","originalText":"background","characterOffsetBegin":693,"characterOffsetEnd":703,"pos":"NN","before":" ","after":" "},{"index":11,"word":"-","originalText":"-","characterOffsetBegin":704,"characterOffsetEnd":705,"pos":":","before":" ","after":" "},{"index":12,"word":"nothing","originalText":"nothing","characterOffsetBegin":706,"characterOffsetEnd":713,"pos":"NN","before":" ","after":" "},{"index":13,"word":"shows","originalText":"shows","characterOffsetBegin":714,"characterOffsetEnd":719,"pos":"VBZ","before":" ","after":" "},{"index":14,"word":"up","originalText":"up","characterOffsetBegin":720,"characterOffsetEnd":722,"pos":"RP","before":" ","after":""},{"index":15,"word":".","originalText":".","characterOffsetBegin":722,"characterOffsetEnd":723,"pos":".","before":"","after":"  "}]},{"index":3,"tokens":[{"index":1,"word":"If","originalText":"If","characterOffsetBegin":725,"characterOffsetEnd":727,"pos":"IN","before":"  ","after":" "},{"index":2,"word":"the","originalText":"the","characterOffsetBegin":728,"characterOffsetEnd":731,"pos":"DT","before":" ","after":" "},{"index":3,"word":"lines","originalText":"lines","characterOffsetBegin":732,"characterOffsetEnd":737,"pos":"NNS","before":" ","after":" "},{"index":4,"word":"are","originalText":"are","characterOffsetBegin":738,"characterOffsetEnd":741,"pos":"VBP","before":" ","after":""},{"index":5,"word":"|","originalText":"|","characterOffsetBegin":741,"characterOffsetEnd":742,"pos":"CD","before":"","after":""},{"index":6,"word":">","originalText":">","characterOffsetBegin":742,"characterOffsetEnd":743,"pos":"JJR","before":"","after":" "},{"index":7,"word":"over","originalText":"over","characterOffsetBegin":744,"characterOffsetEnd":748,"pos":"IN","before":" ","after":" "},{"index":8,"word":"a","originalText":"a","characterOffsetBegin":749,"characterOffsetEnd":750,"pos":"DT","before":" ","after":" "},{"index":9,"word":"black","originalText":"black","characterOffsetBegin":751,"characterOffsetEnd":756,"pos":"JJ","before":" ","after":" "},{"index":10,"word":"area","originalText":"area","characterOffsetBegin":757,"characterOffsetEnd":761,"pos":"NN","before":" ","after":" "},{"index":11,"word":"-","originalText":"-","characterOffsetBegin":762,"characterOffsetEnd":763,"pos":":","before":" ","after":" "},{"index":12,"word":"nothing","originalText":"nothing","characterOffsetBegin":764,"characterOffsetEnd":771,"pos":"NN","before":" ","after":" "},{"index":13,"word":"shows","originalText":"shows","characterOffsetBegin":772,"characterOffsetEnd":777,"pos":"VBZ","before":" ","after":" "},{"index":14,"word":"up","originalText":"up","characterOffsetBegin":778,"characterOffsetEnd":780,"pos":"RP","before":" ","after":""},{"index":15,"word":"!","originalText":"!","characterOffsetBegin":780,"characterOffsetEnd":781,"pos":".","before":"","after":"  "}]},{"index":4,"tokens":[{"index":1,"word":"It","originalText":"It","characterOffsetBegin":783,"characterOffsetEnd":785,"pos":"PRP","before":"  ","after":""},{"index":2,"word":"'s","originalText":"'s","characterOffsetBegin":785,"characterOffsetEnd":787,"pos":"VBZ","before":"","after":" "},{"index":3,"word":"very","originalText":"very","characterOffsetBegin":788,"characterOffsetEnd":792,"pos":"RB","before":" ","after":" "},{"index":4,"word":"strange","originalText":"strange","characterOffsetBegin":793,"characterOffsetEnd":800,"pos":"JJ","before":" ","after":""},{"index":5,"word":".","originalText":".","characterOffsetBegin":800,"characterOffsetEnd":801,"pos":".","before":"","after":"  "}]},{"index":5,"tokens":[{"index":1,"word":"But","originalText":"But","characterOffsetBegin":803,"characterOffsetEnd":806,"pos":"CC","before":"  ","after":" "},{"index":2,"word":"the","originalText":"the","characterOffsetBegin":807,"characterOffsetEnd":810,"pos":"DT","before":" ","after":" "},{"index":3,"word":"GXxor","originalText":"GXxor","characterOffsetBegin":811,"characterOffsetEnd":816,"pos":"NNP","before":" ","after":""},{"index":4,"word":"|","originalText":"|","characterOffsetBegin":816,"characterOffsetEnd":817,"pos":"CD","before":"","after":""},{"index":5,"word":">","originalText":">","characterOffsetBegin":817,"characterOffsetEnd":818,"pos":"JJR","before":"","after":" "},{"index":6,"word":"function","originalText":"function","characterOffsetBegin":819,"characterOffsetEnd":827,"pos":"NN","before":" ","after":" "},{"index":7,"word":"seems","originalText":"seems","characterOffsetBegin":828,"characterOffsetEnd":833,"pos":"VBZ","before":" ","after":" "},{"index":8,"word":"right","originalText":"right","characterOffsetBegin":834,"characterOffsetEnd":839,"pos":"JJ","before":" ","after":" "},{"index":9,"word":"-","originalText":"-","characterOffsetBegin":840,"characterOffsetEnd":841,"pos":":","before":" ","after":" "},{"index":10,"word":"since","originalText":"since","characterOffsetBegin":842,"characterOffsetEnd":847,"pos":"IN","before":" ","after":" "},{"index":11,"word":"if","originalText":"if","characterOffsetBegin":848,"characterOffsetEnd":850,"pos":"IN","before":" ","after":" "},{"index":12,"word":"I","originalText":"I","characterOffsetBegin":851,"characterOffsetEnd":852,"pos":"PRP","before":" ","after":" "},{"index":13,"word":"do","originalText":"do","characterOffsetBegin":853,"characterOffsetEnd":855,"pos":"VBP","before":" ","after":" "},{"index":14,"word":"a","originalText":"a","characterOffsetBegin":856,"characterOffsetEnd":857,"pos":"DT","before":" ","after":" "},{"index":15,"word":"rubber-banding","originalText":"rubber-banding","characterOffsetBegin":858,"characterOffsetEnd":872,"pos":"NN","before":" ","after":" "},{"index":16,"word":"box","originalText":"box","characterOffsetBegin":873,"characterOffsetEnd":876,"pos":"NN","before":" ","after":""},{"index":17,"word":",","originalText":",","characterOffsetBegin":876,"characterOffsetEnd":877,"pos":",","before":"","after":" "},{"index":18,"word":"it","originalText":"it","characterOffsetBegin":878,"characterOffsetEnd":880,"pos":"PRP","before":" ","after":" "},{"index":19,"word":"erases","originalText":"erases","characterOffsetBegin":881,"characterOffsetEnd":887,"pos":"VBZ","before":" ","after":" "},{"index":20,"word":"and","originalText":"and","characterOffsetBegin":888,"characterOffsetEnd":891,"pos":"CC","before":" ","after":""},{"index":21,"word":"|","originalText":"|","characterOffsetBegin":891,"characterOffsetEnd":892,"pos":"VBZ","before":"","after":""},{"index":22,"word":">","originalText":">","characterOffsetBegin":892,"characterOffsetEnd":893,"pos":"JJR","before":"","after":" "},{"index":23,"word":"redraws","originalText":"redraws","characterOffsetBegin":894,"characterOffsetEnd":901,"pos":"VBZ","before":" ","after":" "},{"index":24,"word":"itself","originalText":"itself","characterOffsetBegin":902,"characterOffsetEnd":908,"pos":"PRP","before":" ","after":" "},{"index":25,"word":"correctly","originalText":"correctly","characterOffsetBegin":909,"characterOffsetEnd":918,"pos":"RB","before":" ","after":" "},{"index":26,"word":"-LRB-","originalText":"(","characterOffsetBegin":919,"characterOffsetEnd":920,"pos":"-LRB-","before":" ","after":""},{"index":27,"word":"ie","originalText":"ie","characterOffsetBegin":920,"characterOffsetEnd":922,"pos":"FW","before":"","after":""},{"index":28,"word":".","originalText":".","characterOffsetBegin":922,"characterOffsetEnd":923,"pos":".","before":"","after":" "}]},{"index":6,"tokens":[{"index":1,"word":"not","originalText":"not","characterOffsetBegin":924,"characterOffsetEnd":927,"pos":"RB","before":" ","after":" "},{"index":2,"word":"disturbing","originalText":"disturbing","characterOffsetBegin":928,"characterOffsetEnd":938,"pos":"VBG","before":" ","after":" "},{"index":3,"word":"the","originalText":"the","characterOffsetBegin":939,"characterOffsetEnd":942,"pos":"DT","before":" ","after":" "},{"index":4,"word":"underlying","originalText":"underlying","characterOffsetBegin":943,"characterOffsetEnd":953,"pos":"VBG","before":" ","after":" "},{"index":5,"word":"image","originalText":"image","characterOffsetBegin":954,"characterOffsetEnd":959,"pos":"NN","before":" ","after":""},{"index":6,"word":"-RRB-","originalText":")","characterOffsetBegin":959,"characterOffsetEnd":960,"pos":"-RRB-","before":"","after":""},{"index":7,"word":".","originalText":".","characterOffsetBegin":960,"characterOffsetEnd":961,"pos":".","before":"","after":""}]},{"index":7,"tokens":[{"index":1,"word":"|","originalText":"|","characterOffsetBegin":961,"characterOffsetEnd":962,"pos":"NN","before":"","after":""},{"index":2,"word":">","originalText":">","characterOffsetBegin":962,"characterOffsetEnd":963,"pos":"JJR","before":"","after":" "},{"index":3,"word":"|","originalText":"|","characterOffsetBegin":964,"characterOffsetEnd":965,"pos":"CD","before":" ","after":""},{"index":4,"word":">","originalText":">","characterOffsetBegin":965,"characterOffsetEnd":966,"pos":"JJR","before":"","after":" "},{"index":5,"word":"Any","originalText":"Any","characterOffsetBegin":967,"characterOffsetEnd":970,"pos":"DT","before":" ","after":" "},{"index":6,"word":"suggestions","originalText":"suggestions","characterOffsetBegin":971,"characterOffsetEnd":982,"pos":"NNS","before":" ","after":" "},{"index":7,"word":"what","originalText":"what","characterOffsetBegin":983,"characterOffsetEnd":987,"pos":"WDT","before":" ","after":" "},{"index":8,"word":"I","originalText":"I","characterOffsetBegin":988,"characterOffsetEnd":989,"pos":"PRP","before":" ","after":""},{"index":9,"word":"'m","originalText":"'m","characterOffsetBegin":989,"characterOffsetEnd":991,"pos":"VBP","before":"","after":" "},{"index":10,"word":"doing","originalText":"doing","characterOffsetBegin":992,"characterOffsetEnd":997,"pos":"VBG","before":" ","after":" "},{"index":11,"word":"wrong","originalText":"wrong","characterOffsetBegin":998,"characterOffsetEnd":1003,"pos":"JJ","before":" ","after":""},{"index":12,"word":"?","originalText":"?","characterOffsetBegin":1003,"characterOffsetEnd":1004,"pos":".","before":"","after":""}]},{"index":8,"tokens":[{"index":1,"word":"|","originalText":"|","characterOffsetBegin":1004,"characterOffsetEnd":1005,"pos":"NN","before":"","after":""},{"index":2,"word":">","originalText":">","characterOffsetBegin":1005,"characterOffsetEnd":1006,"pos":"JJR","before":"","after":" "},{"index":3,"word":"|","originalText":"|","characterOffsetBegin":1007,"characterOffsetEnd":1008,"pos":"CD","before":" ","after":""},{"index":4,"word":">","originalText":">","characterOffsetBegin":1008,"characterOffsetEnd":1009,"pos":"JJR","before":"","after":" "},{"index":5,"word":"david","originalText":"david","characterOffsetBegin":1010,"characterOffsetEnd":1015,"pos":"NN","before":" ","after":"   "},{"index":6,"word":"Try","originalText":"Try","characterOffsetBegin":1018,"characterOffsetEnd":1021,"pos":"VB","before":"   ","after":" "},{"index":7,"word":"change","originalText":"change","characterOffsetBegin":1022,"characterOffsetEnd":1028,"pos":"NN","before":" ","after":" "},{"index":8,"word":"the","originalText":"the","characterOffsetBegin":1029,"characterOffsetEnd":1032,"pos":"DT","before":" ","after":" "},{"index":9,"word":"GXxor","originalText":"GXxor","characterOffsetBegin":1033,"characterOffsetEnd":1038,"pos":"NN","before":" ","after":" "},{"index":10,"word":"to","originalText":"to","characterOffsetBegin":1039,"characterOffsetEnd":1041,"pos":"TO","before":" ","after":" "},{"index":11,"word":"GXequiv","originalText":"GXequiv","characterOffsetBegin":1042,"characterOffsetEnd":1049,"pos":"NNP","before":" ","after":""},{"index":12,"word":".","originalText":".","characterOffsetBegin":1049,"characterOffsetEnd":1050,"pos":".","before":"","after":"  "}]},{"index":9,"tokens":[{"index":1,"word":"I","originalText":"I","characterOffsetBegin":1052,"characterOffsetEnd":1053,"pos":"PRP","before":"  ","after":" "},{"index":2,"word":"have","originalText":"have","characterOffsetBegin":1054,"characterOffsetEnd":1058,"pos":"VBP","before":" ","after":" "},{"index":3,"word":"to","originalText":"to","characterOffsetBegin":1059,"characterOffsetEnd":1061,"pos":"TO","before":" ","after":" "},{"index":4,"word":"do","originalText":"do","characterOffsetBegin":1062,"characterOffsetEnd":1064,"pos":"VB","before":" ","after":" "},{"index":5,"word":"this","originalText":"this","characterOffsetBegin":1065,"characterOffsetEnd":1069,"pos":"DT","before":" ","after":" "},{"index":6,"word":"for","originalText":"for","characterOffsetBegin":1070,"characterOffsetEnd":1073,"pos":"IN","before":" ","after":" "},{"index":7,"word":"programs","originalText":"programs","characterOffsetBegin":1074,"characterOffsetEnd":1082,"pos":"NNS","before":" ","after":" "},{"index":8,"word":"that","originalText":"that","characterOffsetBegin":1083,"characterOffsetEnd":1087,"pos":"WDT","before":" ","after":"   "},{"index":9,"word":"are","originalText":"are","characterOffsetBegin":1090,"characterOffsetEnd":1093,"pos":"VBP","before":"   ","after":" "},{"index":10,"word":"to","originalText":"to","characterOffsetBegin":1094,"characterOffsetEnd":1096,"pos":"TO","before":" ","after":" "},{"index":11,"word":"run","originalText":"run","characterOffsetBegin":1097,"characterOffsetEnd":1100,"pos":"VB","before":" ","after":" "},{"index":12,"word":"on","originalText":"on","characterOffsetBegin":1101,"characterOffsetEnd":1103,"pos":"IN","before":" ","after":" "},{"index":13,"word":"NCD","originalText":"NCD","characterOffsetBegin":1104,"characterOffsetEnd":1107,"pos":"NN","before":" ","after":" "},{"index":14,"word":"terminals","originalText":"terminals","characterOffsetBegin":1108,"characterOffsetEnd":1117,"pos":"NNS","before":" ","after":" "},{"index":15,"word":"-LRB-","originalText":"(","characterOffsetBegin":1118,"characterOffsetEnd":1119,"pos":"-LRB-","before":" ","after":""},{"index":16,"word":"on","originalText":"on","characterOffsetBegin":1119,"characterOffsetEnd":1121,"pos":"IN","before":"","after":" "},{"index":17,"word":"Sun","originalText":"Sun","characterOffsetBegin":1122,"characterOffsetEnd":1125,"pos":"NNP","before":" ","after":" "},{"index":18,"word":"terminals","originalText":"terminals","characterOffsetBegin":1126,"characterOffsetEnd":1135,"pos":"NNS","before":" ","after":" "},{"index":19,"word":"I","originalText":"I","characterOffsetBegin":1136,"characterOffsetEnd":1137,"pos":"PRP","before":" ","after":" "},{"index":20,"word":"have","originalText":"have","characterOffsetBegin":1138,"characterOffsetEnd":1142,"pos":"VBP","before":" ","after":" "},{"index":21,"word":"to","originalText":"to","characterOffsetBegin":1143,"characterOffsetEnd":1145,"pos":"TO","before":" ","after":" "},{"index":22,"word":"change","originalText":"change","characterOffsetBegin":1146,"characterOffsetEnd":1152,"pos":"VB","before":" ","after":" "},{"index":23,"word":"it","originalText":"it","characterOffsetBegin":1153,"characterOffsetEnd":1155,"pos":"PRP","before":" ","after":"   "},{"index":24,"word":"back","originalText":"back","characterOffsetBegin":1158,"characterOffsetEnd":1162,"pos":"RB","before":"   ","after":" "},{"index":25,"word":"to","originalText":"to","characterOffsetBegin":1163,"characterOffsetEnd":1165,"pos":"TO","before":" ","after":" "},{"index":26,"word":"GXxor","originalText":"GXxor","characterOffsetBegin":1166,"characterOffsetEnd":1171,"pos":"NN","before":" ","after":""},{"index":27,"word":"-RRB-","originalText":")","characterOffsetBegin":1171,"characterOffsetEnd":1172,"pos":"-RRB-","before":"","after":""},{"index":28,"word":"...","originalText":"...","characterOffsetBegin":1172,"characterOffsetEnd":1175,"pos":":","before":"","after":""},{"index":29,"word":"Kurt","originalText":"Kurt","characterOffsetBegin":1175,"characterOffsetEnd":1179,"pos":"NNP","before":"","after":""},{"index":30,"word":".","originalText":".","characterOffsetBegin":1179,"characterOffsetEnd":1180,"pos":".","before":"","after":""}]}]}