{"sentences":[{"index":0,"tokens":[{"index":1,"word":"From","originalText":"From","characterOffsetBegin":0,"characterOffsetEnd":4,"pos":"IN","before":"","after":""},{"index":2,"word":":","originalText":":","characterOffsetBegin":4,"characterOffsetEnd":5,"pos":":","before":"","after":" "},{"index":3,"word":"grape@suned1.Nswses.Navy.MIL","originalText":"grape@suned1.Nswses.Navy.MIL","characterOffsetBegin":6,"characterOffsetEnd":34,"pos":"NN","before":" ","after":" "},{"index":4,"word":"-LRB-","originalText":"(","characterOffsetBegin":35,"characterOffsetEnd":36,"pos":"-LRB-","before":" ","after":""},{"index":5,"word":"Mike","originalText":"Mike","characterOffsetBegin":36,"characterOffsetEnd":40,"pos":"NNP","before":"","after":" "},{"index":6,"word":"Grapevine","originalText":"Grapevine","characterOffsetBegin":41,"characterOffsetEnd":50,"pos":"NNP","before":" ","after":""},{"index":7,"word":"-RRB-","originalText":")","characterOffsetBegin":50,"characterOffsetEnd":51,"pos":"-RRB-","before":"","after":""},{"index":8,"word":"Subject","originalText":"Subject","characterOffsetBegin":51,"characterOffsetEnd":58,"pos":"NNP","before":"","after":""},{"index":9,"word":":","originalText":":","characterOffsetBegin":58,"characterOffsetEnd":59,"pos":":","before":"","after":" "},{"index":10,"word":"subscribe","originalText":"subscribe","characterOffsetBegin":60,"characterOffsetEnd":69,"pos":"VB","before":" ","after":"\t"},{"index":11,"word":"subscribe","originalText":"subscribe","characterOffsetBegin":70,"characterOffsetEnd":79,"pos":"VB","before":"\t","after":" "},{"index":12,"word":"grape@nswses.navy.mil","originalText":"grape@nswses.navy.mil","characterOffsetBegin":80,"characterOffsetEnd":101,"pos":"NN","before":" ","after":""}]}]}