{"sentences":[{"index":0,"tokens":[{"index":1,"word":"Subject","originalText":"Subject","characterOffsetBegin":0,"characterOffsetEnd":7,"pos":"NNP","before":"","after":""},{"index":2,"word":":","originalText":":","characterOffsetBegin":7,"characterOffsetEnd":8,"pos":":","before":"","after":" "},{"index":3,"word":"Automated","originalText":"Automated","characterOffsetBegin":9,"characterOffsetEnd":18,"pos":"NNP","before":" ","after":" "},{"index":4,"word":"X","originalText":"X","characterOffsetBegin":19,"characterOffsetEnd":20,"pos":"NNP","before":" ","after":" "},{"index":5,"word":"testingFrom","originalText":"testingFrom","characterOffsetBegin":21,"characterOffsetEnd":32,"pos":"NNP","before":" ","after":""},{"index":6,"word":":","originalText":":","characterOffsetBegin":32,"characterOffsetEnd":33,"pos":":","before":"","after":" "},{"index":7,"word":"mark@trident.datasys.swri.edu","originalText":"mark@trident.datasys.swri.edu","characterOffsetBegin":34,"characterOffsetEnd":63,"pos":"NN","before":" ","after":" "},{"index":8,"word":"-LRB-","originalText":"(","characterOffsetBegin":64,"characterOffsetEnd":65,"pos":"-LRB-","before":" ","after":""},{"index":9,"word":"Mark","originalText":"Mark","characterOffsetBegin":65,"characterOffsetEnd":69,"pos":"NNP","before":"","after":" "},{"index":10,"word":"D.","originalText":"D.","characterOffsetBegin":70,"characterOffsetEnd":72,"pos":"NNP","before":" ","after":" "},{"index":11,"word":"Collier","originalText":"Collier","characterOffsetBegin":73,"characterOffsetEnd":80,"pos":"NNP","before":" ","after":""},{"index":12,"word":"-RRB-","originalText":")","characterOffsetBegin":80,"characterOffsetEnd":81,"pos":"-RRB-","before":"","after":""},{"index":13,"word":"Does","originalText":"Does","characterOffsetBegin":81,"characterOffsetEnd":85,"pos":"VBZ","before":"","after":" "},{"index":14,"word":"anyone","originalText":"anyone","characterOffsetBegin":86,"characterOffsetEnd":92,"pos":"NN","before":" ","after":" "},{"index":15,"word":"know","originalText":"know","characterOffsetBegin":93,"characterOffsetEnd":97,"pos":"VB","before":" ","after":" "},{"index":16,"word":"what","originalText":"what","characterOffsetBegin":98,"characterOffsetEnd":102,"pos":"WP","before":" ","after":" "},{"index":17,"word":"is","originalText":"is","characterOffsetBegin":103,"characterOffsetEnd":105,"pos":"VBZ","before":" ","after":" "},{"index":18,"word":"available","originalText":"available","characterOffsetBegin":106,"characterOffsetEnd":115,"pos":"JJ","before":" ","after":" "},{"index":19,"word":"in","originalText":"in","characterOffsetBegin":116,"characterOffsetEnd":118,"pos":"IN","before":" ","after":" "},{"index":20,"word":"terms","originalText":"terms","characterOffsetBegin":119,"characterOffsetEnd":124,"pos":"NNS","before":" ","after":" "},{"index":21,"word":"of","originalText":"of","characterOffsetBegin":125,"characterOffsetEnd":127,"pos":"IN","before":" ","after":" "},{"index":22,"word":"automated","originalText":"automated","characterOffsetBegin":128,"characterOffsetEnd":137,"pos":"VBN","before":" ","after":" "},{"index":23,"word":"testingof","originalText":"testingof","characterOffsetBegin":138,"characterOffsetEnd":147,"pos":"NN","before":" ","after":" "},{"index":24,"word":"X/Motif","originalText":"X/Motif","characterOffsetBegin":148,"characterOffsetEnd":155,"pos":"NN","before":" ","after":" "},{"index":25,"word":"applications","originalText":"applications","characterOffsetBegin":156,"characterOffsetEnd":168,"pos":"NNS","before":" ","after":""},{"index":26,"word":".","originalText":".","characterOffsetBegin":168,"characterOffsetEnd":169,"pos":".","before":"","after":" "}]},{"index":1,"tokens":[{"index":1,"word":"I","originalText":"I","characterOffsetBegin":170,"characterOffsetEnd":171,"pos":"PRP","before":" ","after":" "},{"index":2,"word":"am","originalText":"am","characterOffsetBegin":172,"characterOffsetEnd":174,"pos":"VBP","before":" ","after":" "},{"index":3,"word":"thinking","originalText":"thinking","characterOffsetBegin":175,"characterOffsetEnd":183,"pos":"NN","before":" ","after":" "},{"index":4,"word":"of","originalText":"of","characterOffsetBegin":184,"characterOffsetEnd":186,"pos":"IN","before":" ","after":" "},{"index":5,"word":"a","originalText":"a","characterOffsetBegin":187,"characterOffsetEnd":188,"pos":"DT","before":" ","after":" "},{"index":6,"word":"system","originalText":"system","characterOffsetBegin":189,"characterOffsetEnd":195,"pos":"NN","before":" ","after":" "},{"index":7,"word":"which","originalText":"which","characterOffsetBegin":196,"characterOffsetEnd":201,"pos":"WDT","before":" ","after":" "},{"index":8,"word":"I","originalText":"I","characterOffsetBegin":202,"characterOffsetEnd":203,"pos":"PRP","before":" ","after":" "},{"index":9,"word":"couldprogram","originalText":"couldprogram","characterOffsetBegin":204,"characterOffsetEnd":216,"pos":"VBP","before":" ","after":" "},{"index":10,"word":"-LRB-","originalText":"(","characterOffsetBegin":217,"characterOffsetEnd":218,"pos":"-LRB-","before":" ","after":""},{"index":11,"word":"or","originalText":"or","characterOffsetBegin":218,"characterOffsetEnd":220,"pos":"CC","before":"","after":" "},{"index":12,"word":"which","originalText":"which","characterOffsetBegin":221,"characterOffsetEnd":226,"pos":"WDT","before":" ","after":" "},{"index":13,"word":"could","originalText":"could","characterOffsetBegin":227,"characterOffsetEnd":232,"pos":"MD","before":" ","after":" "},{"index":14,"word":"record","originalText":"record","characterOffsetBegin":233,"characterOffsetEnd":239,"pos":"VB","before":" ","after":" "},{"index":15,"word":"events/output","originalText":"events/output","characterOffsetBegin":240,"characterOffsetEnd":253,"pos":"NN","before":" ","after":""},{"index":16,"word":"-RRB-","originalText":")","characterOffsetBegin":253,"characterOffsetEnd":254,"pos":"-RRB-","before":"","after":" "},{"index":17,"word":"with","originalText":"with","characterOffsetBegin":255,"characterOffsetEnd":259,"pos":"IN","before":" ","after":" "},{"index":18,"word":"our","originalText":"our","characterOffsetBegin":260,"characterOffsetEnd":263,"pos":"PRP$","before":" ","after":" "},{"index":19,"word":"verificationtest","originalText":"verificationtest","characterOffsetBegin":264,"characterOffsetEnd":280,"pos":"NN","before":" ","after":" "},{"index":20,"word":"procedures","originalText":"procedures","characterOffsetBegin":281,"characterOffsetEnd":291,"pos":"NNS","before":" ","after":" "},{"index":21,"word":"and","originalText":"and","characterOffsetBegin":292,"characterOffsetEnd":295,"pos":"CC","before":" ","after":" "},{"index":22,"word":"then","originalText":"then","characterOffsetBegin":296,"characterOffsetEnd":300,"pos":"RB","before":" ","after":" "},{"index":23,"word":"run/rerun","originalText":"run/rerun","characterOffsetBegin":301,"characterOffsetEnd":310,"pos":"VB","before":" ","after":" "},{"index":24,"word":"each","originalText":"each","characterOffsetBegin":311,"characterOffsetEnd":315,"pos":"DT","before":" ","after":" "},{"index":25,"word":"time","originalText":"time","characterOffsetBegin":316,"characterOffsetEnd":320,"pos":"NN","before":" ","after":" "},{"index":26,"word":"we","originalText":"we","characterOffsetBegin":321,"characterOffsetEnd":323,"pos":"PRP","before":" ","after":" "},{"index":27,"word":"do","originalText":"do","characterOffsetBegin":324,"characterOffsetEnd":326,"pos":"VBP","before":" ","after":" "},{"index":28,"word":"regressiontesting","originalText":"regressiontesting","characterOffsetBegin":327,"characterOffsetEnd":344,"pos":"VBG","before":" ","after":""},{"index":29,"word":".","originalText":".","characterOffsetBegin":344,"characterOffsetEnd":345,"pos":".","before":"","after":" "}]},{"index":2,"tokens":[{"index":1,"word":"I","originalText":"I","characterOffsetBegin":346,"characterOffsetEnd":347,"pos":"PRP","before":" ","after":" "},{"index":2,"word":"am","originalText":"am","characterOffsetBegin":348,"characterOffsetEnd":350,"pos":"VBP","before":" ","after":" "},{"index":3,"word":"interested","originalText":"interested","characterOffsetBegin":351,"characterOffsetEnd":361,"pos":"JJ","before":" ","after":" "},{"index":4,"word":"in","originalText":"in","characterOffsetBegin":362,"characterOffsetEnd":364,"pos":"IN","before":" ","after":" "},{"index":5,"word":"a","originalText":"a","characterOffsetBegin":365,"characterOffsetEnd":366,"pos":"DT","before":" ","after":" "},{"index":6,"word":"product","originalText":"product","characterOffsetBegin":367,"characterOffsetEnd":374,"pos":"NN","before":" ","after":" "},{"index":7,"word":"like","originalText":"like","characterOffsetBegin":375,"characterOffsetEnd":379,"pos":"IN","before":" ","after":" "},{"index":8,"word":"this","originalText":"this","characterOffsetBegin":380,"characterOffsetEnd":384,"pos":"DT","before":" ","after":" "},{"index":9,"word":"for","originalText":"for","characterOffsetBegin":385,"characterOffsetEnd":388,"pos":"IN","before":" ","after":" "},{"index":10,"word":"our","originalText":"our","characterOffsetBegin":389,"characterOffsetEnd":392,"pos":"PRP$","before":" ","after":" "},{"index":11,"word":"UNIXprojects","originalText":"UNIXprojects","characterOffsetBegin":393,"characterOffsetEnd":405,"pos":"NNS","before":" ","after":" "},{"index":12,"word":"and","originalText":"and","characterOffsetBegin":406,"characterOffsetEnd":409,"pos":"CC","before":" ","after":" "},{"index":13,"word":"for","originalText":"for","characterOffsetBegin":410,"characterOffsetEnd":413,"pos":"IN","before":" ","after":" "},{"index":14,"word":"a","originalText":"a","characterOffsetBegin":414,"characterOffsetEnd":415,"pos":"DT","before":" ","after":" "},{"index":15,"word":"separate","originalText":"separate","characterOffsetBegin":416,"characterOffsetEnd":424,"pos":"JJ","before":" ","after":" "},{"index":16,"word":"project","originalText":"project","characterOffsetBegin":425,"characterOffsetEnd":432,"pos":"NN","before":" ","after":" "},{"index":17,"word":"which","originalText":"which","characterOffsetBegin":433,"characterOffsetEnd":438,"pos":"WDT","before":" ","after":" "},{"index":18,"word":"will","originalText":"will","characterOffsetBegin":439,"characterOffsetEnd":443,"pos":"MD","before":" ","after":" "},{"index":19,"word":"be","originalText":"be","characterOffsetBegin":444,"characterOffsetEnd":446,"pos":"VB","before":" ","after":" "},{"index":20,"word":"using","originalText":"using","characterOffsetBegin":447,"characterOffsetEnd":452,"pos":"VBG","before":" ","after":" "},{"index":21,"word":"OpenVMS","originalText":"OpenVMS","characterOffsetBegin":453,"characterOffsetEnd":460,"pos":"NNS","before":" ","after":""},{"index":22,"word":".","originalText":".","characterOffsetBegin":460,"characterOffsetEnd":461,"pos":".","before":"","after":""}]},{"index":3,"tokens":[{"index":1,"word":"~","originalText":"~","characterOffsetBegin":461,"characterOffsetEnd":462,"pos":"FW","before":"","after":""},{"index":2,"word":"~","originalText":"~","characterOffsetBegin":462,"characterOffsetEnd":463,"pos":"FW","before":"","after":""},{"index":3,"word":"~","originalText":"~","characterOffsetBegin":463,"characterOffsetEnd":464,"pos":"FW","before":"","after":""},{"index":4,"word":"~","originalText":"~","characterOffsetBegin":464,"characterOffsetEnd":465,"pos":"FW","before":"","after":""},{"index":5,"word":"~","originalText":"~","characterOffsetBegin":465,"characterOffsetEnd":466,"pos":"FW","before":"","after":""},{"index":6,"word":"~","originalText":"~","characterOffsetBegin":466,"characterOffsetEnd":467,"pos":"FW","before":"","after":""},{"index":7,"word":"~","originalText":"~","characterOffsetBegin":467,"characterOffsetEnd":468,"pos":"FW","before":"","after":""},{"index":8,"word":"~","originalText":"~","characterOffsetBegin":468,"characterOffsetEnd":469,"pos":"FW","before":"","after":""},{"index":9,"word":"~","originalText":"~","characterOffsetBegin":469,"characterOffsetEnd":470,"pos":"FW","before":"","after":""},{"index":10,"word":"~","originalText":"~","characterOffsetBegin":470,"characterOffsetEnd":471,"pos":"FW","before":"","after":""},{"index":11,"word":"~","originalText":"~","characterOffsetBegin":471,"characterOffsetEnd":472,"pos":"FW","before":"","after":""},{"index":12,"word":"~","originalText":"~","characterOffsetBegin":472,"characterOffsetEnd":473,"pos":"FW","before":"","after":""},{"index":13,"word":"~","originalText":"~","characterOffsetBegin":473,"characterOffsetEnd":474,"pos":"FW","before":"","after":""},{"index":14,"word":"~","originalText":"~","characterOffsetBegin":474,"characterOffsetEnd":475,"pos":"FW","before":"","after":""},{"index":15,"word":"~","originalText":"~","characterOffsetBegin":475,"characterOffsetEnd":476,"pos":"FW","before":"","after":""},{"index":16,"word":"~","originalText":"~","characterOffsetBegin":476,"characterOffsetEnd":477,"pos":"FW","before":"","after":""},{"index":17,"word":"~","originalText":"~","characterOffsetBegin":477,"characterOffsetEnd":478,"pos":"FW","before":"","after":""},{"index":18,"word":"~","originalText":"~","characterOffsetBegin":478,"characterOffsetEnd":479,"pos":"FW","before":"","after":""},{"index":19,"word":"~","originalText":"~","characterOffsetBegin":479,"characterOffsetEnd":480,"pos":"FW","before":"","after":""},{"index":20,"word":"~","originalText":"~","characterOffsetBegin":480,"characterOffsetEnd":481,"pos":"FW","before":"","after":""},{"index":21,"word":"~","originalText":"~","characterOffsetBegin":481,"characterOffsetEnd":482,"pos":"FW","before":"","after":""},{"index":22,"word":"~","originalText":"~","characterOffsetBegin":482,"characterOffsetEnd":483,"pos":"FW","before":"","after":""},{"index":23,"word":"~","originalText":"~","characterOffsetBegin":483,"characterOffsetEnd":484,"pos":"FW","before":"","after":""},{"index":24,"word":"~","originalText":"~","characterOffsetBegin":484,"characterOffsetEnd":485,"pos":"FW","before":"","after":""},{"index":25,"word":"~","originalText":"~","characterOffsetBegin":485,"characterOffsetEnd":486,"pos":"FW","before":"","after":""},{"index":26,"word":"~","originalText":"~","characterOffsetBegin":486,"characterOffsetEnd":487,"pos":"FW","before":"","after":""},{"index":27,"word":"~","originalText":"~","characterOffsetBegin":487,"characterOffsetEnd":488,"pos":"FW","before":"","after":""},{"index":28,"word":"~","originalText":"~","characterOffsetBegin":488,"characterOffsetEnd":489,"pos":"FW","before":"","after":""},{"index":29,"word":"~","originalText":"~","characterOffsetBegin":489,"characterOffsetEnd":490,"pos":"FW","before":"","after":""},{"index":30,"word":"~","originalText":"~","characterOffsetBegin":490,"characterOffsetEnd":491,"pos":"FW","before":"","after":""},{"index":31,"word":"~","originalText":"~","characterOffsetBegin":491,"characterOffsetEnd":492,"pos":"FW","before":"","after":""},{"index":32,"word":"~","originalText":"~","characterOffsetBegin":492,"characterOffsetEnd":493,"pos":"FW","before":"","after":""},{"index":33,"word":"~","originalText":"~","characterOffsetBegin":493,"characterOffsetEnd":494,"pos":"FW","before":"","after":""},{"index":34,"word":"~","originalText":"~","characterOffsetBegin":494,"characterOffsetEnd":495,"pos":"FW","before":"","after":""},{"index":35,"word":"~","originalText":"~","characterOffsetBegin":495,"characterOffsetEnd":496,"pos":"FW","before":"","after":""},{"index":36,"word":"~","originalText":"~","characterOffsetBegin":496,"characterOffsetEnd":497,"pos":"FW","before":"","after":""},{"index":37,"word":"~","originalText":"~","characterOffsetBegin":497,"characterOffsetEnd":498,"pos":"FW","before":"","after":""},{"index":38,"word":"~","originalText":"~","characterOffsetBegin":498,"characterOffsetEnd":499,"pos":"FW","before":"","after":""},{"index":39,"word":"~","originalText":"~","characterOffsetBegin":499,"characterOffsetEnd":500,"pos":"FW","before":"","after":""},{"index":40,"word":"~","originalText":"~","characterOffsetBegin":500,"characterOffsetEnd":501,"pos":"FW","before":"","after":""},{"index":41,"word":"~","originalText":"~","characterOffsetBegin":501,"characterOffsetEnd":502,"pos":"FW","before":"","after":""},{"index":42,"word":"~","originalText":"~","characterOffsetBegin":502,"characterOffsetEnd":503,"pos":"FW","before":"","after":""},{"index":43,"word":"~","originalText":"~","characterOffsetBegin":503,"characterOffsetEnd":504,"pos":"FW","before":"","after":""},{"index":44,"word":"~","originalText":"~","characterOffsetBegin":504,"characterOffsetEnd":505,"pos":"FW","before":"","after":""},{"index":45,"word":"~","originalText":"~","characterOffsetBegin":505,"characterOffsetEnd":506,"pos":"FW","before":"","after":""},{"index":46,"word":"~","originalText":"~","characterOffsetBegin":506,"characterOffsetEnd":507,"pos":"FW","before":"","after":""},{"index":47,"word":"~","originalText":"~","characterOffsetBegin":507,"characterOffsetEnd":508,"pos":"FW","before":"","after":""},{"index":48,"word":"~","originalText":"~","characterOffsetBegin":508,"characterOffsetEnd":509,"pos":"FW","before":"","after":""},{"index":49,"word":"~","originalText":"~","characterOffsetBegin":509,"characterOffsetEnd":510,"pos":"FW","before":"","after":""},{"index":50,"word":"~","originalText":"~","characterOffsetBegin":510,"characterOffsetEnd":511,"pos":"FW","before":"","after":""},{"index":51,"word":"~","originalText":"~","characterOffsetBegin":511,"characterOffsetEnd":512,"pos":"FW","before":"","after":""},{"index":52,"word":"~","originalText":"~","characterOffsetBegin":512,"characterOffsetEnd":513,"pos":"FW","before":"","after":""},{"index":53,"word":"~","originalText":"~","characterOffsetBegin":513,"characterOffsetEnd":514,"pos":"FW","before":"","after":""},{"index":54,"word":"~","originalText":"~","characterOffsetBegin":514,"characterOffsetEnd":515,"pos":"FW","before":"","after":""},{"index":55,"word":"~","originalText":"~","characterOffsetBegin":515,"characterOffsetEnd":516,"pos":"FW","before":"","after":""},{"index":56,"word":"~","originalText":"~","characterOffsetBegin":516,"characterOffsetEnd":517,"pos":"FW","before":"","after":""},{"index":57,"word":"~","originalText":"~","characterOffsetBegin":517,"characterOffsetEnd":518,"pos":"FW","before":"","after":""},{"index":58,"word":"~","originalText":"~","characterOffsetBegin":518,"characterOffsetEnd":519,"pos":"FW","before":"","after":""},{"index":59,"word":"~","originalText":"~","characterOffsetBegin":519,"characterOffsetEnd":520,"pos":"FW","before":"","after":""},{"index":60,"word":"~","originalText":"~","characterOffsetBegin":520,"characterOffsetEnd":521,"pos":"FW","before":"","after":""},{"index":61,"word":"~","originalText":"~","characterOffsetBegin":521,"characterOffsetEnd":522,"pos":"FW","before":"","after":""},{"index":62,"word":"~","originalText":"~","characterOffsetBegin":522,"characterOffsetEnd":523,"pos":"FW","before":"","after":""},{"index":63,"word":"~","originalText":"~","characterOffsetBegin":523,"characterOffsetEnd":524,"pos":"FW","before":"","after":""},{"index":64,"word":"~","originalText":"~","characterOffsetBegin":524,"characterOffsetEnd":525,"pos":"FW","before":"","after":""},{"index":65,"word":"~","originalText":"~","characterOffsetBegin":525,"characterOffsetEnd":526,"pos":"FW","before":"","after":""},{"index":66,"word":"~","originalText":"~","characterOffsetBegin":526,"characterOffsetEnd":527,"pos":"FW","before":"","after":""},{"index":67,"word":"~","originalText":"~","characterOffsetBegin":527,"characterOffsetEnd":528,"pos":"FW","before":"","after":""},{"index":68,"word":"~","originalText":"~","characterOffsetBegin":528,"characterOffsetEnd":529,"pos":"FW","before":"","after":""},{"index":69,"word":"~","originalText":"~","characterOffsetBegin":529,"characterOffsetEnd":530,"pos":"FW","before":"","after":""},{"index":70,"word":"~","originalText":"~","characterOffsetBegin":530,"characterOffsetEnd":531,"pos":"FW","before":"","after":""},{"index":71,"word":"~","originalText":"~","characterOffsetBegin":531,"characterOffsetEnd":532,"pos":"FW","before":"","after":""},{"index":72,"word":"~","originalText":"~","characterOffsetBegin":532,"characterOffsetEnd":533,"pos":"FW","before":"","after":""},{"index":73,"word":"~","originalText":"~","characterOffsetBegin":533,"characterOffsetEnd":534,"pos":"FW","before":"","after":""},{"index":74,"word":"Mark","originalText":"Mark","characterOffsetBegin":534,"characterOffsetEnd":538,"pos":"NNP","before":"","after":" "},{"index":75,"word":"D.","originalText":"D.","characterOffsetBegin":539,"characterOffsetEnd":541,"pos":"NNP","before":" ","after":" "},{"index":76,"word":"Collier","originalText":"Collier","characterOffsetBegin":542,"characterOffsetEnd":549,"pos":"NNP","before":" ","after":"                      "},{"index":77,"word":"Southwest","originalText":"Southwest","characterOffsetBegin":571,"characterOffsetEnd":580,"pos":"NNP","before":"                      ","after":" "},{"index":78,"word":"Research","originalText":"Research","characterOffsetBegin":581,"characterOffsetEnd":589,"pos":"NNP","before":" ","after":" "},{"index":79,"word":"InstituteSenior","originalText":"InstituteSenior","characterOffsetBegin":590,"characterOffsetEnd":605,"pos":"NNP","before":" ","after":" "},{"index":80,"word":"Research","originalText":"Research","characterOffsetBegin":606,"characterOffsetEnd":614,"pos":"NNP","before":" ","after":" "},{"index":81,"word":"Analyst","originalText":"Analyst","characterOffsetBegin":615,"characterOffsetEnd":622,"pos":"NNP","before":" ","after":"              "},{"index":82,"word":"Automation","originalText":"Automation","characterOffsetBegin":636,"characterOffsetEnd":646,"pos":"NN","before":"              ","after":" "},{"index":83,"word":"and","originalText":"and","characterOffsetBegin":647,"characterOffsetEnd":650,"pos":"CC","before":" ","after":" "},{"index":84,"word":"Data","originalText":"Data","characterOffsetBegin":651,"characterOffsetEnd":655,"pos":"NNP","before":" ","after":" "},{"index":85,"word":"Systems","originalText":"Systems","characterOffsetBegin":656,"characterOffsetEnd":663,"pos":"NNPS","before":" ","after":" "},{"index":86,"word":"DivisionVoice","originalText":"DivisionVoice","characterOffsetBegin":664,"characterOffsetEnd":677,"pos":"NNP","before":" ","after":""},{"index":87,"word":":","originalText":":","characterOffsetBegin":677,"characterOffsetEnd":678,"pos":":","before":"","after":" "},{"index":88,"word":"-LRB-512-RRB- 522-3437","originalText":"(512) 522-3437","characterOffsetBegin":679,"characterOffsetEnd":693,"pos":"NNP","before":" ","after":"                "},{"index":89,"word":"Data","originalText":"Data","characterOffsetBegin":709,"characterOffsetEnd":713,"pos":"NNP","before":"                ","after":" "},{"index":90,"word":"Systems","originalText":"Systems","characterOffsetBegin":714,"characterOffsetEnd":721,"pos":"NNPS","before":" ","after":" "},{"index":91,"word":"DepartmentFAX","originalText":"DepartmentFAX","characterOffsetBegin":722,"characterOffsetEnd":735,"pos":"NNP","before":" ","after":""},{"index":92,"word":":","originalText":":","characterOffsetBegin":735,"characterOffsetEnd":736,"pos":":","before":"","after":"   "},{"index":93,"word":"-LRB-512-RRB- 522-5499","originalText":"(512) 522-5499","characterOffsetBegin":739,"characterOffsetEnd":753,"pos":"NN","before":"   ","after":"                "},{"index":94,"word":"Software","originalText":"Software","characterOffsetBegin":769,"characterOffsetEnd":777,"pos":"NNP","before":"                ","after":" "},{"index":95,"word":"Engineering","originalText":"Engineering","characterOffsetBegin":778,"characterOffsetEnd":789,"pos":"NNP","before":" ","after":" "},{"index":96,"word":"Section","originalText":"Section","characterOffsetBegin":790,"characterOffsetEnd":797,"pos":"NNP","before":" ","after":""},{"index":97,"word":"~","originalText":"~","characterOffsetBegin":797,"characterOffsetEnd":798,"pos":"FW","before":"","after":""},{"index":98,"word":"~","originalText":"~","characterOffsetBegin":798,"characterOffsetEnd":799,"pos":"FW","before":"","after":""},{"index":99,"word":"~","originalText":"~","characterOffsetBegin":799,"characterOffsetEnd":800,"pos":"FW","before":"","after":""},{"index":100,"word":"~","originalText":"~","characterOffsetBegin":800,"characterOffsetEnd":801,"pos":"FW","before":"","after":""},{"index":101,"word":"~","originalText":"~","characterOffsetBegin":801,"characterOffsetEnd":802,"pos":"FW","before":"","after":""},{"index":102,"word":"~","originalText":"~","characterOffsetBegin":802,"characterOffsetEnd":803,"pos":"FW","before":"","after":""},{"index":103,"word":"~","originalText":"~","characterOffsetBegin":803,"characterOffsetEnd":804,"pos":"FW","before":"","after":""},{"index":104,"word":"~","originalText":"~","characterOffsetBegin":804,"characterOffsetEnd":805,"pos":"FW","before":"","after":""},{"index":105,"word":"~","originalText":"~","characterOffsetBegin":805,"characterOffsetEnd":806,"pos":"FW","before":"","after":""},{"index":106,"word":"~","originalText":"~","characterOffsetBegin":806,"characterOffsetEnd":807,"pos":"FW","before":"","after":""},{"index":107,"word":"~","originalText":"~","characterOffsetBegin":807,"characterOffsetEnd":808,"pos":"FW","before":"","after":""},{"index":108,"word":"~","originalText":"~","characterOffsetBegin":808,"characterOffsetEnd":809,"pos":"FW","before":"","after":""},{"index":109,"word":"~","originalText":"~","characterOffsetBegin":809,"characterOffsetEnd":810,"pos":"FW","before":"","after":""},{"index":110,"word":"~","originalText":"~","characterOffsetBegin":810,"characterOffsetEnd":811,"pos":"FW","before":"","after":""},{"index":111,"word":"~","originalText":"~","characterOffsetBegin":811,"characterOffsetEnd":812,"pos":"FW","before":"","after":""},{"index":112,"word":"~","originalText":"~","characterOffsetBegin":812,"characterOffsetEnd":813,"pos":"FW","before":"","after":""},{"index":113,"word":"~","originalText":"~","characterOffsetBegin":813,"characterOffsetEnd":814,"pos":"FW","before":"","after":""},{"index":114,"word":"~","originalText":"~","characterOffsetBegin":814,"characterOffsetEnd":815,"pos":"FW","before":"","after":""},{"index":115,"word":"~","originalText":"~","characterOffsetBegin":815,"characterOffsetEnd":816,"pos":"FW","before":"","after":""},{"index":116,"word":"~","originalText":"~","characterOffsetBegin":816,"characterOffsetEnd":817,"pos":"FW","before":"","after":""},{"index":117,"word":"~","originalText":"~","characterOffsetBegin":817,"characterOffsetEnd":818,"pos":"FW","before":"","after":""},{"index":118,"word":"~","originalText":"~","characterOffsetBegin":818,"characterOffsetEnd":819,"pos":"FW","before":"","after":""},{"index":119,"word":"~","originalText":"~","characterOffsetBegin":819,"characterOffsetEnd":820,"pos":"FW","before":"","after":""},{"index":120,"word":"~","originalText":"~","characterOffsetBegin":820,"characterOffsetEnd":821,"pos":"FW","before":"","after":""},{"index":121,"word":"~","originalText":"~","characterOffsetBegin":821,"characterOffsetEnd":822,"pos":"FW","before":"","after":""},{"index":122,"word":"~","originalText":"~","characterOffsetBegin":822,"characterOffsetEnd":823,"pos":"FW","before":"","after":""},{"index":123,"word":"~","originalText":"~","characterOffsetBegin":823,"characterOffsetEnd":824,"pos":"FW","before":"","after":""},{"index":124,"word":"~","originalText":"~","characterOffsetBegin":824,"characterOffsetEnd":825,"pos":"FW","before":"","after":""},{"index":125,"word":"~","originalText":"~","characterOffsetBegin":825,"characterOffsetEnd":826,"pos":"FW","before":"","after":""},{"index":126,"word":"~","originalText":"~","characterOffsetBegin":826,"characterOffsetEnd":827,"pos":"FW","before":"","after":""},{"index":127,"word":"~","originalText":"~","characterOffsetBegin":827,"characterOffsetEnd":828,"pos":"FW","before":"","after":""},{"index":128,"word":"~","originalText":"~","characterOffsetBegin":828,"characterOffsetEnd":829,"pos":"FW","before":"","after":""},{"index":129,"word":"~","originalText":"~","characterOffsetBegin":829,"characterOffsetEnd":830,"pos":"FW","before":"","after":""},{"index":130,"word":"~","originalText":"~","characterOffsetBegin":830,"characterOffsetEnd":831,"pos":"FW","before":"","after":""},{"index":131,"word":"~","originalText":"~","characterOffsetBegin":831,"characterOffsetEnd":832,"pos":"FW","before":"","after":""},{"index":132,"word":"~","originalText":"~","characterOffsetBegin":832,"characterOffsetEnd":833,"pos":"FW","before":"","after":""},{"index":133,"word":"~","originalText":"~","characterOffsetBegin":833,"characterOffsetEnd":834,"pos":"FW","before":"","after":""},{"index":134,"word":"~","originalText":"~","characterOffsetBegin":834,"characterOffsetEnd":835,"pos":"FW","before":"","after":""},{"index":135,"word":"~","originalText":"~","characterOffsetBegin":835,"characterOffsetEnd":836,"pos":"FW","before":"","after":""},{"index":136,"word":"~","originalText":"~","characterOffsetBegin":836,"characterOffsetEnd":837,"pos":"FW","before":"","after":""},{"index":137,"word":"~","originalText":"~","characterOffsetBegin":837,"characterOffsetEnd":838,"pos":"FW","before":"","after":""},{"index":138,"word":"~","originalText":"~","characterOffsetBegin":838,"characterOffsetEnd":839,"pos":"FW","before":"","after":""},{"index":139,"word":"~","originalText":"~","characterOffsetBegin":839,"characterOffsetEnd":840,"pos":"FW","before":"","after":""},{"index":140,"word":"~","originalText":"~","characterOffsetBegin":840,"characterOffsetEnd":841,"pos":"FW","before":"","after":""},{"index":141,"word":"~","originalText":"~","characterOffsetBegin":841,"characterOffsetEnd":842,"pos":"FW","before":"","after":""},{"index":142,"word":"~","originalText":"~","characterOffsetBegin":842,"characterOffsetEnd":843,"pos":"FW","before":"","after":""},{"index":143,"word":"~","originalText":"~","characterOffsetBegin":843,"characterOffsetEnd":844,"pos":"FW","before":"","after":""},{"index":144,"word":"~","originalText":"~","characterOffsetBegin":844,"characterOffsetEnd":845,"pos":"FW","before":"","after":""},{"index":145,"word":"~","originalText":"~","characterOffsetBegin":845,"characterOffsetEnd":846,"pos":"FW","before":"","after":""},{"index":146,"word":"~","originalText":"~","characterOffsetBegin":846,"characterOffsetEnd":847,"pos":"FW","before":"","after":""},{"index":147,"word":"~","originalText":"~","characterOffsetBegin":847,"characterOffsetEnd":848,"pos":"FW","before":"","after":""},{"index":148,"word":"~","originalText":"~","characterOffsetBegin":848,"characterOffsetEnd":849,"pos":"FW","before":"","after":""},{"index":149,"word":"~","originalText":"~","characterOffsetBegin":849,"characterOffsetEnd":850,"pos":"FW","before":"","after":""},{"index":150,"word":"~","originalText":"~","characterOffsetBegin":850,"characterOffsetEnd":851,"pos":"FW","before":"","after":""},{"index":151,"word":"~","originalText":"~","characterOffsetBegin":851,"characterOffsetEnd":852,"pos":"FW","before":"","after":""},{"index":152,"word":"~","originalText":"~","characterOffsetBegin":852,"characterOffsetEnd":853,"pos":"FW","before":"","after":""},{"index":153,"word":"~","originalText":"~","characterOffsetBegin":853,"characterOffsetEnd":854,"pos":"FW","before":"","after":""},{"index":154,"word":"~","originalText":"~","characterOffsetBegin":854,"characterOffsetEnd":855,"pos":"FW","before":"","after":""},{"index":155,"word":"~","originalText":"~","characterOffsetBegin":855,"characterOffsetEnd":856,"pos":"FW","before":"","after":""},{"index":156,"word":"~","originalText":"~","characterOffsetBegin":856,"characterOffsetEnd":857,"pos":"FW","before":"","after":""},{"index":157,"word":"~","originalText":"~","characterOffsetBegin":857,"characterOffsetEnd":858,"pos":"FW","before":"","after":""},{"index":158,"word":"~","originalText":"~","characterOffsetBegin":858,"characterOffsetEnd":859,"pos":"FW","before":"","after":""},{"index":159,"word":"~","originalText":"~","characterOffsetBegin":859,"characterOffsetEnd":860,"pos":"FW","before":"","after":""},{"index":160,"word":"~","originalText":"~","characterOffsetBegin":860,"characterOffsetEnd":861,"pos":"FW","before":"","after":""},{"index":161,"word":"~","originalText":"~","characterOffsetBegin":861,"characterOffsetEnd":862,"pos":"FW","before":"","after":""},{"index":162,"word":"~","originalText":"~","characterOffsetBegin":862,"characterOffsetEnd":863,"pos":"FW","before":"","after":""},{"index":163,"word":"~","originalText":"~","characterOffsetBegin":863,"characterOffsetEnd":864,"pos":"FW","before":"","after":""},{"index":164,"word":"~","originalText":"~","characterOffsetBegin":864,"characterOffsetEnd":865,"pos":"FW","before":"","after":""},{"index":165,"word":"~","originalText":"~","characterOffsetBegin":865,"characterOffsetEnd":866,"pos":"FW","before":"","after":""},{"index":166,"word":"~","originalText":"~","characterOffsetBegin":866,"characterOffsetEnd":867,"pos":"FW","before":"","after":""},{"index":167,"word":"~","originalText":"~","characterOffsetBegin":867,"characterOffsetEnd":868,"pos":"FW","before":"","after":""},{"index":168,"word":"~","originalText":"~","characterOffsetBegin":868,"characterOffsetEnd":869,"pos":"FW","before":"","after":""},{"index":169,"word":"~","originalText":"~","characterOffsetBegin":869,"characterOffsetEnd":870,"pos":"FW","before":"","after":""}]}]}