{"sentences":[{"index":0,"tokens":[{"index":1,"word":"From","originalText":"From","characterOffsetBegin":0,"characterOffsetEnd":4,"pos":"IN","before":"","after":""},{"index":2,"word":":","originalText":":","characterOffsetBegin":4,"characterOffsetEnd":5,"pos":":","before":"","after":" "},{"index":3,"word":"sdennis@osf.orgSubject:","originalText":"sdennis@osf.orgSubject:","characterOffsetBegin":6,"characterOffsetEnd":29,"pos":"NNP","before":" ","after":" "},{"index":4,"word":"REPOST","originalText":"REPOST","characterOffsetBegin":30,"characterOffsetEnd":36,"pos":"NNP","before":" ","after":""},{"index":5,"word":":","originalText":":","characterOffsetBegin":36,"characterOffsetEnd":37,"pos":":","before":"","after":" "},{"index":6,"word":"Accelerators/TranslationsI","originalText":"Accelerators/TranslationsI","characterOffsetBegin":38,"characterOffsetEnd":64,"pos":"NNP","before":" ","after":" "},{"index":7,"word":"posted","originalText":"posted","characterOffsetBegin":65,"characterOffsetEnd":71,"pos":"VBD","before":" ","after":" "},{"index":8,"word":"this","originalText":"this","characterOffsetBegin":72,"characterOffsetEnd":76,"pos":"DT","before":" ","after":" "},{"index":9,"word":"a","originalText":"a","characterOffsetBegin":77,"characterOffsetEnd":78,"pos":"DT","before":" ","after":" "},{"index":10,"word":"while","originalText":"while","characterOffsetBegin":79,"characterOffsetEnd":84,"pos":"NN","before":" ","after":" "},{"index":11,"word":"ago","originalText":"ago","characterOffsetBegin":85,"characterOffsetEnd":88,"pos":"RB","before":" ","after":" "},{"index":12,"word":"and","originalText":"and","characterOffsetBegin":89,"characterOffsetEnd":92,"pos":"CC","before":" ","after":" "},{"index":13,"word":"did","originalText":"did","characterOffsetBegin":93,"characterOffsetEnd":96,"pos":"VBD","before":" ","after":""},{"index":14,"word":"n't","originalText":"n't","characterOffsetBegin":96,"characterOffsetEnd":99,"pos":"RB","before":"","after":" "},{"index":15,"word":"recieve","originalText":"recieve","characterOffsetBegin":100,"characterOffsetEnd":107,"pos":"VB","before":" ","after":" "},{"index":16,"word":"one","originalText":"one","characterOffsetBegin":108,"characterOffsetEnd":111,"pos":"CD","before":" ","after":" "},{"index":17,"word":"reply","originalText":"reply","characterOffsetBegin":112,"characterOffsetEnd":117,"pos":"NN","before":" ","after":""},{"index":18,"word":",","originalText":",","characterOffsetBegin":117,"characterOffsetEnd":118,"pos":",","before":"","after":" "},{"index":19,"word":"and","originalText":"and","characterOffsetBegin":119,"characterOffsetEnd":122,"pos":"CC","before":" ","after":" "},{"index":20,"word":"now","originalText":"now","characterOffsetBegin":123,"characterOffsetEnd":126,"pos":"RB","before":" ","after":" "},{"index":21,"word":"wehave","originalText":"wehave","characterOffsetBegin":127,"characterOffsetEnd":133,"pos":"VBP","before":" ","after":" "},{"index":22,"word":"another","originalText":"another","characterOffsetBegin":134,"characterOffsetEnd":141,"pos":"DT","before":" ","after":" "},{"index":23,"word":"bug","originalText":"bug","characterOffsetBegin":142,"characterOffsetEnd":145,"pos":"NN","before":" ","after":" "},{"index":24,"word":"report","originalText":"report","characterOffsetBegin":146,"characterOffsetEnd":152,"pos":"NN","before":" ","after":" "},{"index":25,"word":"on","originalText":"on","characterOffsetBegin":153,"characterOffsetEnd":155,"pos":"IN","before":" ","after":" "},{"index":26,"word":"the","originalText":"the","characterOffsetBegin":156,"characterOffsetEnd":159,"pos":"DT","before":" ","after":" "},{"index":27,"word":"same","originalText":"same","characterOffsetBegin":160,"characterOffsetEnd":164,"pos":"JJ","before":" ","after":" "},{"index":28,"word":"subject","originalText":"subject","characterOffsetBegin":165,"characterOffsetEnd":172,"pos":"NN","before":" ","after":""},{"index":29,"word":".","originalText":".","characterOffsetBegin":172,"characterOffsetEnd":173,"pos":".","before":"","after":" "}]},{"index":1,"tokens":[{"index":1,"word":"Can","originalText":"Can","characterOffsetBegin":174,"characterOffsetEnd":177,"pos":"MD","before":" ","after":" "},{"index":2,"word":"anybody","originalText":"anybody","characterOffsetBegin":178,"characterOffsetEnd":185,"pos":"NN","before":" ","after":" "},{"index":3,"word":"help","originalText":"help","characterOffsetBegin":186,"characterOffsetEnd":190,"pos":"VB","before":" ","after":" "},{"index":4,"word":"me","originalText":"me","characterOffsetBegin":191,"characterOffsetEnd":193,"pos":"PRP","before":" ","after":" "},{"index":5,"word":"out?How","originalText":"out?How","characterOffsetBegin":194,"characterOffsetEnd":201,"pos":"NN","before":" ","after":" "},{"index":6,"word":"can","originalText":"can","characterOffsetBegin":202,"characterOffsetEnd":205,"pos":"MD","before":" ","after":" "},{"index":7,"word":"you","originalText":"you","characterOffsetBegin":206,"characterOffsetEnd":209,"pos":"PRP","before":" ","after":" "},{"index":8,"word":"ensure","originalText":"ensure","characterOffsetBegin":210,"characterOffsetEnd":216,"pos":"VB","before":" ","after":" "},{"index":9,"word":"that","originalText":"that","characterOffsetBegin":217,"characterOffsetEnd":221,"pos":"IN","before":" ","after":" "},{"index":10,"word":"accelerators","originalText":"accelerators","characterOffsetBegin":222,"characterOffsetEnd":234,"pos":"NNS","before":" ","after":" "},{"index":11,"word":"work","originalText":"work","characterOffsetBegin":235,"characterOffsetEnd":239,"pos":"VBP","before":" ","after":" "},{"index":12,"word":"the","originalText":"the","characterOffsetBegin":240,"characterOffsetEnd":243,"pos":"DT","before":" ","after":" "},{"index":13,"word":"same","originalText":"same","characterOffsetBegin":244,"characterOffsetEnd":248,"pos":"JJ","before":" ","after":" "},{"index":14,"word":"independent","originalText":"independent","characterOffsetBegin":249,"characterOffsetEnd":260,"pos":"JJ","before":" ","after":" "},{"index":15,"word":"ofcase","originalText":"ofcase","characterOffsetBegin":261,"characterOffsetEnd":267,"pos":"NN","before":" ","after":""},{"index":16,"word":"?","originalText":"?","characterOffsetBegin":267,"characterOffsetEnd":268,"pos":".","before":"","after":"  "}]},{"index":2,"tokens":[{"index":1,"word":"What","originalText":"What","characterOffsetBegin":270,"characterOffsetEnd":274,"pos":"WP","before":"  ","after":" "},{"index":2,"word":"I","originalText":"I","characterOffsetBegin":275,"characterOffsetEnd":276,"pos":"PRP","before":" ","after":" "},{"index":3,"word":"want","originalText":"want","characterOffsetBegin":277,"characterOffsetEnd":281,"pos":"VBP","before":" ","after":" "},{"index":4,"word":"is","originalText":"is","characterOffsetBegin":282,"characterOffsetEnd":284,"pos":"VBZ","before":" ","after":" "},{"index":5,"word":"Ctrl","originalText":"Ctrl","characterOffsetBegin":285,"characterOffsetEnd":289,"pos":"NNP","before":" ","after":""},{"index":6,"word":"+","originalText":"+","characterOffsetBegin":289,"characterOffsetEnd":290,"pos":"CC","before":"","after":""},{"index":7,"word":"O","originalText":"O","characterOffsetBegin":290,"characterOffsetEnd":291,"pos":"NNP","before":"","after":" "},{"index":8,"word":"and","originalText":"and","characterOffsetBegin":292,"characterOffsetEnd":295,"pos":"CC","before":" ","after":" "},{"index":9,"word":"Ctrl","originalText":"Ctrl","characterOffsetBegin":296,"characterOffsetEnd":300,"pos":"NNP","before":" ","after":""},{"index":10,"word":"+","originalText":"+","characterOffsetBegin":300,"characterOffsetEnd":301,"pos":"CC","before":"","after":""},{"index":11,"word":"o","originalText":"o","characterOffsetBegin":301,"characterOffsetEnd":302,"pos":"NN","before":"","after":" "},{"index":12,"word":"to","originalText":"to","characterOffsetBegin":303,"characterOffsetEnd":305,"pos":"TO","before":" ","after":" "},{"index":13,"word":"both","originalText":"both","characterOffsetBegin":306,"characterOffsetEnd":310,"pos":"DT","before":" ","after":" "},{"index":14,"word":"be","originalText":"be","characterOffsetBegin":311,"characterOffsetEnd":313,"pos":"VB","before":" ","after":" "},{"index":15,"word":"accelerators","originalText":"accelerators","characterOffsetBegin":314,"characterOffsetEnd":326,"pos":"NNS","before":" ","after":" "},{"index":16,"word":"on","originalText":"on","characterOffsetBegin":327,"characterOffsetEnd":329,"pos":"IN","before":" ","after":" "},{"index":17,"word":"onemenu","originalText":"onemenu","characterOffsetBegin":330,"characterOffsetEnd":337,"pos":"NN","before":" ","after":" "},{"index":18,"word":"entry.In","originalText":"entry.In","characterOffsetBegin":338,"characterOffsetEnd":346,"pos":"NNP","before":" ","after":" "},{"index":19,"word":"ORA","originalText":"ORA","characterOffsetBegin":347,"characterOffsetEnd":350,"pos":"NNP","before":" ","after":" "},{"index":20,"word":"Vol","originalText":"Vol","characterOffsetBegin":351,"characterOffsetEnd":354,"pos":"NNP","before":" ","after":""},{"index":21,"word":".","originalText":".","characterOffsetBegin":354,"characterOffsetEnd":355,"pos":".","before":"","after":" "}]},{"index":3,"tokens":[{"index":1,"word":"6","originalText":"6","characterOffsetBegin":356,"characterOffsetEnd":357,"pos":"CD","before":" ","after":""},{"index":2,"word":",","originalText":",","characterOffsetBegin":357,"characterOffsetEnd":358,"pos":",","before":"","after":" "},{"index":3,"word":"in","originalText":"in","characterOffsetBegin":359,"characterOffsetEnd":361,"pos":"IN","before":" ","after":" "},{"index":4,"word":"the","originalText":"the","characterOffsetBegin":362,"characterOffsetEnd":365,"pos":"DT","before":" ","after":" "},{"index":5,"word":"section","originalText":"section","characterOffsetBegin":366,"characterOffsetEnd":373,"pos":"NN","before":" ","after":" "},{"index":6,"word":"on","originalText":"on","characterOffsetBegin":374,"characterOffsetEnd":376,"pos":"IN","before":" ","after":" "},{"index":7,"word":"accelerators","originalText":"accelerators","characterOffsetBegin":377,"characterOffsetEnd":389,"pos":"NNS","before":" ","after":" "},{"index":8,"word":"it","originalText":"it","characterOffsetBegin":390,"characterOffsetEnd":392,"pos":"PRP","before":" ","after":" "},{"index":9,"word":"says","originalText":"says","characterOffsetBegin":393,"characterOffsetEnd":397,"pos":"VBZ","before":" ","after":" "},{"index":10,"word":"``","originalText":"\"","characterOffsetBegin":398,"characterOffsetEnd":399,"pos":"``","before":" ","after":""},{"index":11,"word":"For","originalText":"For","characterOffsetBegin":399,"characterOffsetEnd":402,"pos":"IN","before":"","after":" "},{"index":12,"word":"informationon","originalText":"informationon","characterOffsetBegin":403,"characterOffsetEnd":416,"pos":"NN","before":" ","after":" "},{"index":13,"word":"how","originalText":"how","characterOffsetBegin":417,"characterOffsetEnd":420,"pos":"WRB","before":" ","after":" "},{"index":14,"word":"to","originalText":"to","characterOffsetBegin":421,"characterOffsetEnd":423,"pos":"TO","before":" ","after":" "},{"index":15,"word":"specify","originalText":"specify","characterOffsetBegin":424,"characterOffsetEnd":431,"pos":"VB","before":" ","after":" "},{"index":16,"word":"translation","originalText":"translation","characterOffsetBegin":432,"characterOffsetEnd":443,"pos":"NN","before":" ","after":" "},{"index":17,"word":"tables","originalText":"tables","characterOffsetBegin":444,"characterOffsetEnd":450,"pos":"NNS","before":" ","after":" "},{"index":18,"word":"see","originalText":"see","characterOffsetBegin":451,"characterOffsetEnd":454,"pos":"VBP","before":" ","after":" "},{"index":19,"word":"Vol","originalText":"Vol","characterOffsetBegin":455,"characterOffsetEnd":458,"pos":"NNP","before":" ","after":""},{"index":20,"word":".","originalText":".","characterOffsetBegin":458,"characterOffsetEnd":459,"pos":".","before":"","after":" "}]},{"index":4,"tokens":[{"index":1,"word":"4","originalText":"4","characterOffsetBegin":460,"characterOffsetEnd":461,"pos":"CD","before":" ","after":""},{"index":2,"word":"...","originalText":"...","characterOffsetBegin":461,"characterOffsetEnd":464,"pos":":","before":"","after":""},{"index":3,"word":"''","originalText":"\"","characterOffsetBegin":464,"characterOffsetEnd":465,"pos":"''","before":"","after":""},{"index":4,"word":",","originalText":",","characterOffsetBegin":465,"characterOffsetEnd":466,"pos":",","before":"","after":" "},{"index":5,"word":"this","originalText":"this","characterOffsetBegin":467,"characterOffsetEnd":471,"pos":"DT","before":" ","after":" "},{"index":6,"word":"is","originalText":"is","characterOffsetBegin":472,"characterOffsetEnd":474,"pos":"VBZ","before":" ","after":" "},{"index":7,"word":"so","originalText":"so","characterOffsetBegin":475,"characterOffsetEnd":477,"pos":"RB","before":" ","after":" "},{"index":8,"word":"youknow","originalText":"youknow","characterOffsetBegin":478,"characterOffsetEnd":485,"pos":"JJ","before":" ","after":" "},{"index":9,"word":"what","originalText":"what","characterOffsetBegin":486,"characterOffsetEnd":490,"pos":"WP","before":" ","after":" "},{"index":10,"word":"to","originalText":"to","characterOffsetBegin":491,"characterOffsetEnd":493,"pos":"TO","before":" ","after":" "},{"index":11,"word":"put","originalText":"put","characterOffsetBegin":494,"characterOffsetEnd":497,"pos":"VB","before":" ","after":" "},{"index":12,"word":"for","originalText":"for","characterOffsetBegin":498,"characterOffsetEnd":501,"pos":"IN","before":" ","after":" "},{"index":13,"word":"the","originalText":"the","characterOffsetBegin":502,"characterOffsetEnd":505,"pos":"DT","before":" ","after":" "},{"index":14,"word":"XmNaccelerator","originalText":"XmNaccelerator","characterOffsetBegin":506,"characterOffsetEnd":520,"pos":"NNP","before":" ","after":" "},{"index":15,"word":"resource","originalText":"resource","characterOffsetBegin":521,"characterOffsetEnd":529,"pos":"NN","before":" ","after":""},{"index":16,"word":".","originalText":".","characterOffsetBegin":529,"characterOffsetEnd":530,"pos":".","before":"","after":"  "}]},{"index":5,"tokens":[{"index":1,"word":"If","originalText":"If","characterOffsetBegin":532,"characterOffsetEnd":534,"pos":"IN","before":"  ","after":" "},{"index":2,"word":"you","originalText":"you","characterOffsetBegin":535,"characterOffsetEnd":538,"pos":"PRP","before":" ","after":" "},{"index":3,"word":"go","originalText":"go","characterOffsetBegin":539,"characterOffsetEnd":541,"pos":"VBP","before":" ","after":" "},{"index":4,"word":"toVol","originalText":"toVol","characterOffsetBegin":542,"characterOffsetEnd":547,"pos":"NN","before":" ","after":""},{"index":5,"word":".","originalText":".","characterOffsetBegin":547,"characterOffsetEnd":548,"pos":".","before":"","after":" "}]},{"index":6,"tokens":[{"index":1,"word":"4","originalText":"4","characterOffsetBegin":549,"characterOffsetEnd":550,"pos":"CD","before":" ","after":" "},{"index":2,"word":"it","originalText":"it","characterOffsetBegin":551,"characterOffsetEnd":553,"pos":"PRP","before":" ","after":" "},{"index":3,"word":"says","originalText":"says","characterOffsetBegin":554,"characterOffsetEnd":558,"pos":"VBZ","before":" ","after":""},{"index":4,"word":",","originalText":",","characterOffsetBegin":558,"characterOffsetEnd":559,"pos":",","before":"","after":" "},{"index":5,"word":"``","originalText":"\"","characterOffsetBegin":560,"characterOffsetEnd":561,"pos":"``","before":" ","after":""},{"index":6,"word":"Likewise","originalText":"Likewise","characterOffsetBegin":561,"characterOffsetEnd":569,"pos":"RB","before":"","after":""},{"index":7,"word":",","originalText":",","characterOffsetBegin":569,"characterOffsetEnd":570,"pos":",","before":"","after":" "},{"index":8,"word":"if","originalText":"if","characterOffsetBegin":571,"characterOffsetEnd":573,"pos":"IN","before":" ","after":" "},{"index":9,"word":"a","originalText":"a","characterOffsetBegin":574,"characterOffsetEnd":575,"pos":"DT","before":" ","after":" "},{"index":10,"word":"modifier","originalText":"modifier","characterOffsetBegin":576,"characterOffsetEnd":584,"pos":"NN","before":" ","after":" "},{"index":11,"word":"is","originalText":"is","characterOffsetBegin":585,"characterOffsetEnd":587,"pos":"VBZ","before":" ","after":" "},{"index":12,"word":"specified","originalText":"specified","characterOffsetBegin":588,"characterOffsetEnd":597,"pos":"VBN","before":" ","after":""},{"index":13,"word":",","originalText":",","characterOffsetBegin":597,"characterOffsetEnd":598,"pos":",","before":"","after":" "},{"index":14,"word":"there","originalText":"there","characterOffsetBegin":599,"characterOffsetEnd":604,"pos":"EX","before":" ","after":" "},{"index":15,"word":"isnothing","originalText":"isnothing","characterOffsetBegin":605,"characterOffsetEnd":614,"pos":"VBG","before":" ","after":" "},{"index":16,"word":"to","originalText":"to","characterOffsetBegin":615,"characterOffsetEnd":617,"pos":"TO","before":" ","after":" "},{"index":17,"word":"prohibit","originalText":"prohibit","characterOffsetBegin":618,"characterOffsetEnd":626,"pos":"VB","before":" ","after":" "},{"index":18,"word":"other","originalText":"other","characterOffsetBegin":627,"characterOffsetEnd":632,"pos":"JJ","before":" ","after":" "},{"index":19,"word":"modifiers","originalText":"modifiers","characterOffsetBegin":633,"characterOffsetEnd":642,"pos":"NNS","before":" ","after":" "},{"index":20,"word":"from","originalText":"from","characterOffsetBegin":643,"characterOffsetEnd":647,"pos":"IN","before":" ","after":" "},{"index":21,"word":"being","originalText":"being","characterOffsetBegin":648,"characterOffsetEnd":653,"pos":"VBG","before":" ","after":" "},{"index":22,"word":"present","originalText":"present","characterOffsetBegin":654,"characterOffsetEnd":661,"pos":"JJ","before":" ","after":" "},{"index":23,"word":"as","originalText":"as","characterOffsetBegin":662,"characterOffsetEnd":664,"pos":"RB","before":" ","after":" "},{"index":24,"word":"well","originalText":"well","characterOffsetBegin":665,"characterOffsetEnd":669,"pos":"RB","before":" ","after":""},{"index":25,"word":".","originalText":".","characterOffsetBegin":669,"characterOffsetEnd":670,"pos":".","before":"","after":" "}]},{"index":7,"tokens":[{"index":1,"word":"Forexample","originalText":"Forexample","characterOffsetBegin":671,"characterOffsetEnd":681,"pos":"NNP","before":" ","after":""},{"index":2,"word":",","originalText":",","characterOffsetBegin":681,"characterOffsetEnd":682,"pos":",","before":"","after":" "},{"index":3,"word":"the","originalText":"the","characterOffsetBegin":683,"characterOffsetEnd":686,"pos":"DT","before":" ","after":" "},{"index":4,"word":"translation","originalText":"translation","characterOffsetBegin":687,"characterOffsetEnd":698,"pos":"NN","before":" ","after":""},{"index":5,"word":":","originalText":":","characterOffsetBegin":698,"characterOffsetEnd":699,"pos":":","before":"","after":"\t"},{"index":6,"word":"Shift","originalText":"Shift","characterOffsetBegin":700,"characterOffsetEnd":705,"pos":"NN","before":"\t","after":""},{"index":7,"word":"<Key>","originalText":"<Key>","characterOffsetBegin":705,"characterOffsetEnd":710,"pos":"NN","before":"","after":""},{"index":8,"word":"q","originalText":"q","characterOffsetBegin":710,"characterOffsetEnd":711,"pos":"NN","before":"","after":""},{"index":9,"word":":","originalText":":","characterOffsetBegin":711,"characterOffsetEnd":712,"pos":":","before":"","after":"\t"},{"index":10,"word":"quit","originalText":"quit","characterOffsetBegin":713,"characterOffsetEnd":717,"pos":"VB","before":"\t","after":""},{"index":11,"word":"-LRB-","originalText":"(","characterOffsetBegin":717,"characterOffsetEnd":718,"pos":"-LRB-","before":"","after":""},{"index":12,"word":"-RRB-","originalText":")","characterOffsetBegin":718,"characterOffsetEnd":719,"pos":"-RRB-","before":"","after":""},{"index":13,"word":"will","originalText":"will","characterOffsetBegin":719,"characterOffsetEnd":723,"pos":"MD","before":"","after":" "},{"index":14,"word":"take","originalText":"take","characterOffsetBegin":724,"characterOffsetEnd":728,"pos":"VB","before":" ","after":" "},{"index":15,"word":"effect","originalText":"effect","characterOffsetBegin":729,"characterOffsetEnd":735,"pos":"NN","before":" ","after":" "},{"index":16,"word":"even","originalText":"even","characterOffsetBegin":736,"characterOffsetEnd":740,"pos":"RB","before":" ","after":" "},{"index":17,"word":"if","originalText":"if","characterOffsetBegin":741,"characterOffsetEnd":743,"pos":"IN","before":" ","after":" "},{"index":18,"word":"the","originalText":"the","characterOffsetBegin":744,"characterOffsetEnd":747,"pos":"DT","before":" ","after":" "},{"index":19,"word":"Ctrl","originalText":"Ctrl","characterOffsetBegin":748,"characterOffsetEnd":752,"pos":"NNP","before":" ","after":" "},{"index":20,"word":"key","originalText":"key","characterOffsetBegin":753,"characterOffsetEnd":756,"pos":"NN","before":" ","after":" "},{"index":21,"word":"is","originalText":"is","characterOffsetBegin":757,"characterOffsetEnd":759,"pos":"VBZ","before":" ","after":" "},{"index":22,"word":"held","originalText":"held","characterOffsetBegin":760,"characterOffsetEnd":764,"pos":"VBN","before":" ","after":" "},{"index":23,"word":"down","originalText":"down","characterOffsetBegin":765,"characterOffsetEnd":769,"pos":"RP","before":" ","after":" "},{"index":24,"word":"at","originalText":"at","characterOffsetBegin":770,"characterOffsetEnd":772,"pos":"IN","before":" ","after":" "},{"index":25,"word":"the","originalText":"the","characterOffsetBegin":773,"characterOffsetEnd":776,"pos":"DT","before":" ","after":" "},{"index":26,"word":"same","originalText":"same","characterOffsetBegin":777,"characterOffsetEnd":781,"pos":"JJ","before":" ","after":" "},{"index":27,"word":"time","originalText":"time","characterOffsetBegin":782,"characterOffsetEnd":786,"pos":"NN","before":" ","after":" "},{"index":28,"word":"asthe","originalText":"asthe","characterOffsetBegin":787,"characterOffsetEnd":792,"pos":"NN","before":" ","after":" "},{"index":29,"word":"Shift","originalText":"Shift","characterOffsetBegin":793,"characterOffsetEnd":798,"pos":"NN","before":" ","after":" "},{"index":30,"word":"key","originalText":"key","characterOffsetBegin":799,"characterOffsetEnd":802,"pos":"NN","before":" ","after":" "},{"index":31,"word":"-LRB-","originalText":"(","characterOffsetBegin":803,"characterOffsetEnd":804,"pos":"-LRB-","before":" ","after":""},{"index":32,"word":"and","originalText":"and","characterOffsetBegin":804,"characterOffsetEnd":807,"pos":"CC","before":"","after":" "},{"index":33,"word":"the","originalText":"the","characterOffsetBegin":808,"characterOffsetEnd":811,"pos":"DT","before":" ","after":" "},{"index":34,"word":"q","originalText":"q","characterOffsetBegin":812,"characterOffsetEnd":813,"pos":"NN","before":" ","after":" "},{"index":35,"word":"key","originalText":"key","characterOffsetBegin":814,"characterOffsetEnd":817,"pos":"NN","before":" ","after":""},{"index":36,"word":"-RRB-","originalText":")","characterOffsetBegin":817,"characterOffsetEnd":818,"pos":"-RRB-","before":"","after":""},{"index":37,"word":".","originalText":".","characterOffsetBegin":818,"characterOffsetEnd":819,"pos":".","before":"","after":""}]},{"index":8,"tokens":[{"index":1,"word":"This","originalText":"This","characterOffsetBegin":819,"characterOffsetEnd":823,"pos":"DT","before":"","after":" "},{"index":2,"word":"implies","originalText":"implies","characterOffsetBegin":824,"characterOffsetEnd":831,"pos":"VBZ","before":" ","after":" "},{"index":3,"word":"to","originalText":"to","characterOffsetBegin":832,"characterOffsetEnd":834,"pos":"TO","before":" ","after":" "},{"index":4,"word":"me","originalText":"me","characterOffsetBegin":835,"characterOffsetEnd":837,"pos":"PRP","before":" ","after":" "},{"index":5,"word":"that","originalText":"that","characterOffsetBegin":838,"characterOffsetEnd":842,"pos":"IN","before":" ","after":" "},{"index":6,"word":"setting","originalText":"setting","characterOffsetBegin":843,"characterOffsetEnd":850,"pos":"VBG","before":" ","after":" "},{"index":7,"word":"XmNaccelerator","originalText":"XmNaccelerator","characterOffsetBegin":851,"characterOffsetEnd":865,"pos":"NNP","before":" ","after":" "},{"index":8,"word":"to","originalText":"to","characterOffsetBegin":866,"characterOffsetEnd":868,"pos":"TO","before":" ","after":" "},{"index":9,"word":"Ctrl","originalText":"Ctrl","characterOffsetBegin":869,"characterOffsetEnd":873,"pos":"NNP","before":" ","after":""},{"index":10,"word":"<Key>","originalText":"<Key>","characterOffsetBegin":873,"characterOffsetEnd":878,"pos":"NNP","before":"","after":""},{"index":11,"word":"o","originalText":"o","characterOffsetBegin":878,"characterOffsetEnd":879,"pos":"NN","before":"","after":" "},{"index":12,"word":"should","originalText":"should","characterOffsetBegin":880,"characterOffsetEnd":886,"pos":"MD","before":" ","after":" "},{"index":13,"word":"dowhat","originalText":"dowhat","characterOffsetBegin":887,"characterOffsetEnd":893,"pos":"VB","before":" ","after":" "},{"index":14,"word":"I","originalText":"I","characterOffsetBegin":894,"characterOffsetEnd":895,"pos":"PRP","before":" ","after":" "},{"index":15,"word":"want","originalText":"want","characterOffsetBegin":896,"characterOffsetEnd":900,"pos":"VBP","before":" ","after":""},{"index":16,"word":",","originalText":",","characterOffsetBegin":900,"characterOffsetEnd":901,"pos":",","before":"","after":" "},{"index":17,"word":"but","originalText":"but","characterOffsetBegin":902,"characterOffsetEnd":905,"pos":"CC","before":" ","after":" "},{"index":18,"word":"it","originalText":"it","characterOffsetBegin":906,"characterOffsetEnd":908,"pos":"PRP","before":" ","after":" "},{"index":19,"word":"does","originalText":"does","characterOffsetBegin":909,"characterOffsetEnd":913,"pos":"VBZ","before":" ","after":""},{"index":20,"word":"n't","originalText":"n't","characterOffsetBegin":913,"characterOffsetEnd":916,"pos":"RB","before":"","after":""},{"index":21,"word":",","originalText":",","characterOffsetBegin":916,"characterOffsetEnd":917,"pos":",","before":"","after":" "},{"index":22,"word":"it","originalText":"it","characterOffsetBegin":918,"characterOffsetEnd":920,"pos":"PRP","before":" ","after":" "},{"index":23,"word":"does","originalText":"does","characterOffsetBegin":921,"characterOffsetEnd":925,"pos":"VBZ","before":" ","after":""},{"index":24,"word":"n't","originalText":"n't","characterOffsetBegin":925,"characterOffsetEnd":928,"pos":"RB","before":"","after":" "},{"index":25,"word":"work","originalText":"work","characterOffsetBegin":929,"characterOffsetEnd":933,"pos":"VB","before":" ","after":" "},{"index":26,"word":"if","originalText":"if","characterOffsetBegin":934,"characterOffsetEnd":936,"pos":"IN","before":" ","after":" "},{"index":27,"word":"the","originalText":"the","characterOffsetBegin":937,"characterOffsetEnd":940,"pos":"DT","before":" ","after":" "},{"index":28,"word":"user","originalText":"user","characterOffsetBegin":941,"characterOffsetEnd":945,"pos":"NN","before":" ","after":" "},{"index":29,"word":"presses","originalText":"presses","characterOffsetBegin":946,"characterOffsetEnd":953,"pos":"NNS","before":" ","after":" "},{"index":30,"word":"thecontrol","originalText":"thecontrol","characterOffsetBegin":954,"characterOffsetEnd":964,"pos":"JJ","before":" ","after":" "},{"index":31,"word":"key","originalText":"key","characterOffsetBegin":965,"characterOffsetEnd":968,"pos":"NN","before":" ","after":""},{"index":32,"word":",","originalText":",","characterOffsetBegin":968,"characterOffsetEnd":969,"pos":",","before":"","after":" "},{"index":33,"word":"the","originalText":"the","characterOffsetBegin":970,"characterOffsetEnd":973,"pos":"DT","before":" ","after":" "},{"index":34,"word":"shift","originalText":"shift","characterOffsetBegin":974,"characterOffsetEnd":979,"pos":"NN","before":" ","after":" "},{"index":35,"word":"key","originalText":"key","characterOffsetBegin":980,"characterOffsetEnd":983,"pos":"NN","before":" ","after":""},{"index":36,"word":",","originalText":",","characterOffsetBegin":983,"characterOffsetEnd":984,"pos":",","before":"","after":" "},{"index":37,"word":"and","originalText":"and","characterOffsetBegin":985,"characterOffsetEnd":988,"pos":"CC","before":" ","after":" "},{"index":38,"word":"the","originalText":"the","characterOffsetBegin":989,"characterOffsetEnd":992,"pos":"DT","before":" ","after":" "},{"index":39,"word":"o","originalText":"o","characterOffsetBegin":993,"characterOffsetEnd":994,"pos":"NN","before":" ","after":" "},{"index":40,"word":"key.Is","originalText":"key.Is","characterOffsetBegin":995,"characterOffsetEnd":1001,"pos":"VBZ","before":" ","after":" "},{"index":41,"word":"it","originalText":"it","characterOffsetBegin":1002,"characterOffsetEnd":1004,"pos":"PRP","before":" ","after":" "},{"index":42,"word":"possible","originalText":"possible","characterOffsetBegin":1005,"characterOffsetEnd":1013,"pos":"JJ","before":" ","after":" "},{"index":43,"word":"to","originalText":"to","characterOffsetBegin":1014,"characterOffsetEnd":1016,"pos":"TO","before":" ","after":" "},{"index":44,"word":"supply","originalText":"supply","characterOffsetBegin":1017,"characterOffsetEnd":1023,"pos":"VB","before":" ","after":" "},{"index":45,"word":">","originalText":">","characterOffsetBegin":1024,"characterOffsetEnd":1025,"pos":"JJR","before":" ","after":" "},{"index":46,"word":"1","originalText":"1","characterOffsetBegin":1026,"characterOffsetEnd":1027,"pos":"CD","before":" ","after":" "},{"index":47,"word":"accelerator","originalText":"accelerator","characterOffsetBegin":1028,"characterOffsetEnd":1039,"pos":"NN","before":" ","after":" "},{"index":48,"word":"for","originalText":"for","characterOffsetBegin":1040,"characterOffsetEnd":1043,"pos":"IN","before":" ","after":" "},{"index":49,"word":"a","originalText":"a","characterOffsetBegin":1044,"characterOffsetEnd":1045,"pos":"DT","before":" ","after":" "},{"index":50,"word":"menu","originalText":"menu","characterOffsetBegin":1046,"characterOffsetEnd":1050,"pos":"NN","before":" ","after":" "},{"index":51,"word":"entry","originalText":"entry","characterOffsetBegin":1051,"characterOffsetEnd":1056,"pos":"NN","before":" ","after":""},{"index":52,"word":"?","originalText":"?","characterOffsetBegin":1056,"characterOffsetEnd":1057,"pos":".","before":"","after":" "}]},{"index":9,"tokens":[{"index":1,"word":"Keep","originalText":"Keep","characterOffsetBegin":1058,"characterOffsetEnd":1062,"pos":"VB","before":" ","after":" "},{"index":2,"word":"inmind","originalText":"inmind","characterOffsetBegin":1063,"characterOffsetEnd":1069,"pos":"NN","before":" ","after":" "},{"index":3,"word":"when","originalText":"when","characterOffsetBegin":1070,"characterOffsetEnd":1074,"pos":"WRB","before":" ","after":" "},{"index":4,"word":"answering","originalText":"answering","characterOffsetBegin":1075,"characterOffsetEnd":1084,"pos":"VBG","before":" ","after":" "},{"index":5,"word":"this","originalText":"this","characterOffsetBegin":1085,"characterOffsetEnd":1089,"pos":"DT","before":" ","after":" "},{"index":6,"word":"question","originalText":"question","characterOffsetBegin":1090,"characterOffsetEnd":1098,"pos":"NN","before":" ","after":" "},{"index":7,"word":"that","originalText":"that","characterOffsetBegin":1099,"characterOffsetEnd":1103,"pos":"WDT","before":" ","after":" "},{"index":8,"word":"when","originalText":"when","characterOffsetBegin":1104,"characterOffsetEnd":1108,"pos":"WRB","before":" ","after":" "},{"index":9,"word":"using","originalText":"using","characterOffsetBegin":1109,"characterOffsetEnd":1114,"pos":"VBG","before":" ","after":" "},{"index":10,"word":"Motif","originalText":"Motif","characterOffsetBegin":1115,"characterOffsetEnd":1120,"pos":"NNP","before":" ","after":" "},{"index":11,"word":"you","originalText":"you","characterOffsetBegin":1121,"characterOffsetEnd":1124,"pos":"PRP","before":" ","after":" "},{"index":12,"word":"ca","originalText":"ca","characterOffsetBegin":1125,"characterOffsetEnd":1127,"pos":"MD","before":" ","after":""},{"index":13,"word":"n't","originalText":"n't","characterOffsetBegin":1127,"characterOffsetEnd":1130,"pos":"RB","before":"","after":" "},{"index":14,"word":"useXtInstallAccelerators","originalText":"useXtInstallAccelerators","characterOffsetBegin":1131,"characterOffsetEnd":1155,"pos":"NNS","before":" ","after":""},{"index":15,"word":"-LRB-","originalText":"(","characterOffsetBegin":1155,"characterOffsetEnd":1156,"pos":"-LRB-","before":"","after":""},{"index":16,"word":"-RRB-","originalText":")","characterOffsetBegin":1156,"characterOffsetEnd":1157,"pos":"-RRB-","before":"","after":""},{"index":17,"word":".","originalText":".","characterOffsetBegin":1157,"characterOffsetEnd":1158,"pos":".","before":"","after":""}]},{"index":10,"tokens":[{"index":1,"word":"I","originalText":"I","characterOffsetBegin":1158,"characterOffsetEnd":1159,"pos":"PRP","before":"","after":" "},{"index":2,"word":"am","originalText":"am","characterOffsetBegin":1160,"characterOffsetEnd":1162,"pos":"VBP","before":" ","after":" "},{"index":3,"word":"using","originalText":"using","characterOffsetBegin":1163,"characterOffsetEnd":1168,"pos":"VBG","before":" ","after":" "},{"index":4,"word":"Motif","originalText":"Motif","characterOffsetBegin":1169,"characterOffsetEnd":1174,"pos":"NN","before":" ","after":" "},{"index":5,"word":"1.1.3","originalText":"1.1.3","characterOffsetBegin":1175,"characterOffsetEnd":1180,"pos":"CD","before":" ","after":" "},{"index":6,"word":"on","originalText":"on","characterOffsetBegin":1181,"characterOffsetEnd":1183,"pos":"IN","before":" ","after":" "},{"index":7,"word":"a","originalText":"a","characterOffsetBegin":1184,"characterOffsetEnd":1185,"pos":"DT","before":" ","after":" "},{"index":8,"word":"DECstation","originalText":"DECstation","characterOffsetBegin":1186,"characterOffsetEnd":1196,"pos":"NN","before":" ","after":" "},{"index":9,"word":"5000","originalText":"5000","characterOffsetBegin":1197,"characterOffsetEnd":1201,"pos":"CD","before":" ","after":" "},{"index":10,"word":"but","originalText":"but","characterOffsetBegin":1202,"characterOffsetEnd":1205,"pos":"CC","before":" ","after":" "},{"index":11,"word":"I","originalText":"I","characterOffsetBegin":1206,"characterOffsetEnd":1207,"pos":"PRP","before":" ","after":" "},{"index":12,"word":"have","originalText":"have","characterOffsetBegin":1208,"characterOffsetEnd":1212,"pos":"VBP","before":" ","after":" "},{"index":13,"word":"also","originalText":"also","characterOffsetBegin":1213,"characterOffsetEnd":1217,"pos":"RB","before":" ","after":" "},{"index":14,"word":"tried","originalText":"tried","characterOffsetBegin":1218,"characterOffsetEnd":1223,"pos":"VBN","before":" ","after":" "},{"index":15,"word":"iton","originalText":"iton","characterOffsetBegin":1224,"characterOffsetEnd":1228,"pos":"NN","before":" ","after":" "},{"index":16,"word":"an","originalText":"an","characterOffsetBegin":1229,"characterOffsetEnd":1231,"pos":"DT","before":" ","after":" "},{"index":17,"word":"HP","originalText":"HP","characterOffsetBegin":1232,"characterOffsetEnd":1234,"pos":"NNP","before":" ","after":" "},{"index":18,"word":"using","originalText":"using","characterOffsetBegin":1235,"characterOffsetEnd":1240,"pos":"VBG","before":" ","after":" "},{"index":19,"word":"Motif","originalText":"Motif","characterOffsetBegin":1241,"characterOffsetEnd":1246,"pos":"NN","before":" ","after":" "},{"index":20,"word":"1.1.3","originalText":"1.1.3","characterOffsetBegin":1247,"characterOffsetEnd":1252,"pos":"CD","before":" ","after":" "},{"index":21,"word":"and","originalText":"and","characterOffsetBegin":1253,"characterOffsetEnd":1256,"pos":"CC","before":" ","after":" "},{"index":22,"word":"1.2","originalText":"1.2","characterOffsetBegin":1257,"characterOffsetEnd":1260,"pos":"CD","before":" ","after":""},{"index":23,"word":".","originalText":".","characterOffsetBegin":1260,"characterOffsetEnd":1261,"pos":".","before":"","after":""}]},{"index":11,"tokens":[{"index":1,"word":"--","originalText":"--","characterOffsetBegin":1261,"characterOffsetEnd":1263,"pos":":","before":"","after":" "},{"index":2,"word":"**********************************************************************","originalText":"**********************************************************************","characterOffsetBegin":1264,"characterOffsetEnd":1334,"pos":"CD","before":" ","after":""},{"index":3,"word":"Steve","originalText":"Steve","characterOffsetBegin":1334,"characterOffsetEnd":1339,"pos":"NNP","before":"","after":" "},{"index":4,"word":"Dennis","originalText":"Dennis","characterOffsetBegin":1340,"characterOffsetEnd":1346,"pos":"NNP","before":" ","after":"              "},{"index":5,"word":"Internet","originalText":"Internet","characterOffsetBegin":1360,"characterOffsetEnd":1368,"pos":"NNP","before":"              ","after":""},{"index":6,"word":":","originalText":":","characterOffsetBegin":1368,"characterOffsetEnd":1369,"pos":":","before":"","after":" "},{"index":7,"word":"sdennis@ann-arbor.applicon.slb.comSoftware","originalText":"sdennis@ann-arbor.applicon.slb.comSoftware","characterOffsetBegin":1370,"characterOffsetEnd":1412,"pos":"NN","before":" ","after":" "},{"index":8,"word":"Engineer","originalText":"Engineer","characterOffsetBegin":1413,"characterOffsetEnd":1421,"pos":"NNP","before":" ","after":"         "},{"index":9,"word":"Applicon","originalText":"Applicon","characterOffsetBegin":1430,"characterOffsetEnd":1438,"pos":"NNP","before":"         ","after":" "},{"index":10,"word":"Inc.","originalText":"Inc","characterOffsetBegin":1439,"characterOffsetEnd":1442,"pos":"NNP","before":" ","after":""},{"index":11,"word":".","originalText":".","characterOffsetBegin":1442,"characterOffsetEnd":1443,"pos":".","before":"","after":"            "}]},{"index":12,"tokens":[{"index":1,"word":"Ann","originalText":"Ann","characterOffsetBegin":1455,"characterOffsetEnd":1458,"pos":"NNP","before":"            ","after":" "},{"index":2,"word":"Arbor","originalText":"Arbor","characterOffsetBegin":1459,"characterOffsetEnd":1464,"pos":"NNP","before":" ","after":""},{"index":3,"word":",","originalText":",","characterOffsetBegin":1464,"characterOffsetEnd":1465,"pos":",","before":"","after":" "},{"index":4,"word":"MichiganHail","originalText":"MichiganHail","characterOffsetBegin":1466,"characterOffsetEnd":1478,"pos":"NNP","before":" ","after":" "},{"index":5,"word":"To","originalText":"To","characterOffsetBegin":1479,"characterOffsetEnd":1481,"pos":"TO","before":" ","after":" "},{"index":6,"word":"The","originalText":"The","characterOffsetBegin":1482,"characterOffsetEnd":1485,"pos":"DT","before":" ","after":" "},{"index":7,"word":"Victors","originalText":"Victors","characterOffsetBegin":1486,"characterOffsetEnd":1493,"pos":"NNPS","before":" ","after":""},{"index":8,"word":"!!!","originalText":"!!!","characterOffsetBegin":1493,"characterOffsetEnd":1496,"pos":"SYM","before":"","after":""}]}]}