{"sentences":[{"index":0,"tokens":[{"index":1,"word":"From","originalText":"From","characterOffsetBegin":0,"characterOffsetEnd":4,"pos":"IN","before":"","after":""},{"index":2,"word":":","originalText":":","characterOffsetBegin":4,"characterOffsetEnd":5,"pos":":","before":"","after":" "},{"index":3,"word":"mppa3@syma.sussex.ac.uk","originalText":"mppa3@syma.sussex.ac.uk","characterOffsetBegin":6,"characterOffsetEnd":29,"pos":"NN","before":" ","after":" "},{"index":4,"word":"-LRB-","originalText":"(","characterOffsetBegin":30,"characterOffsetEnd":31,"pos":"-LRB-","before":" ","after":""},{"index":5,"word":"Alan","originalText":"Alan","characterOffsetBegin":31,"characterOffsetEnd":35,"pos":"NNP","before":"","after":" "},{"index":6,"word":"Richardson","originalText":"Richardson","characterOffsetBegin":36,"characterOffsetEnd":46,"pos":"NNP","before":" ","after":""},{"index":7,"word":"-RRB-","originalText":")","characterOffsetBegin":46,"characterOffsetEnd":47,"pos":"-RRB-","before":"","after":""},{"index":8,"word":"Subject","originalText":"Subject","characterOffsetBegin":47,"characterOffsetEnd":54,"pos":"NNP","before":"","after":""},{"index":9,"word":":","originalText":":","characterOffsetBegin":54,"characterOffsetEnd":55,"pos":":","before":"","after":" "},{"index":10,"word":"Re","originalText":"Re","characterOffsetBegin":56,"characterOffsetEnd":58,"pos":"NNP","before":" ","after":""},{"index":11,"word":":","originalText":":","characterOffsetBegin":58,"characterOffsetEnd":59,"pos":":","before":"","after":" "},{"index":12,"word":"How","originalText":"How","characterOffsetBegin":60,"characterOffsetEnd":63,"pos":"WRB","before":" ","after":" "},{"index":13,"word":"2","originalText":"2","characterOffsetBegin":64,"characterOffsetEnd":65,"pos":"CD","before":" ","after":" "},{"index":14,"word":"Get","originalText":"Get","characterOffsetBegin":66,"characterOffsetEnd":69,"pos":"VB","before":" ","after":" "},{"index":15,"word":"Fontname","originalText":"Fontname","characterOffsetBegin":70,"characterOffsetEnd":78,"pos":"NNP","before":" ","after":" "},{"index":16,"word":"from","originalText":"from","characterOffsetBegin":79,"characterOffsetEnd":83,"pos":"IN","before":" ","after":" "},{"index":17,"word":"Fonstruct","originalText":"Fonstruct","characterOffsetBegin":84,"characterOffsetEnd":93,"pos":"NNP","before":" ","after":" "},{"index":18,"word":"???","originalText":"???","characterOffsetBegin":94,"characterOffsetEnd":97,"pos":"CD","before":" ","after":""}]},{"index":1,"tokens":[{"index":1,"word":"In","originalText":"In","characterOffsetBegin":97,"characterOffsetEnd":99,"pos":"IN","before":"","after":" "},{"index":2,"word":"article","originalText":"article","characterOffsetBegin":100,"characterOffsetEnd":107,"pos":"NN","before":" ","after":" "},{"index":3,"word":"<1993Apr20.105725@narya.gsfc.nasa.gov>","originalText":"<1993Apr20.105725@narya.gsfc.nasa.gov>","characterOffsetBegin":108,"characterOffsetEnd":146,"pos":"NN","before":" ","after":"    "},{"index":4,"word":"dealy@narya.gsfc.nasa.gov","originalText":"dealy@narya.gsfc.nasa.gov","characterOffsetBegin":150,"characterOffsetEnd":175,"pos":"NN","before":"    ","after":" "},{"index":5,"word":"-LRB-","originalText":"(","characterOffsetBegin":176,"characterOffsetEnd":177,"pos":"-LRB-","before":" ","after":""},{"index":6,"word":"Brian","originalText":"Brian","characterOffsetBegin":177,"characterOffsetEnd":182,"pos":"NNP","before":"","after":" "},{"index":7,"word":"Dealy","originalText":"Dealy","characterOffsetBegin":183,"characterOffsetEnd":188,"pos":"NNP","before":" ","after":" "},{"index":8,"word":"-","originalText":"-","characterOffsetBegin":189,"characterOffsetEnd":190,"pos":":","before":" ","after":" "},{"index":9,"word":"CSC","originalText":"CSC","characterOffsetBegin":191,"characterOffsetEnd":194,"pos":"NNP","before":" ","after":""},{"index":10,"word":"-RRB-","originalText":")","characterOffsetBegin":194,"characterOffsetEnd":195,"pos":"-RRB-","before":"","after":" "},{"index":11,"word":"writes","originalText":"writes","characterOffsetBegin":196,"characterOffsetEnd":202,"pos":"VBZ","before":" ","after":""},{"index":12,"word":":","originalText":":","characterOffsetBegin":202,"characterOffsetEnd":203,"pos":":","before":"","after":""},{"index":13,"word":">>","originalText":">>","characterOffsetBegin":203,"characterOffsetEnd":205,"pos":"CD","before":"","after":""},{"index":14,"word":"Anyone","originalText":"Anyone","characterOffsetBegin":205,"characterOffsetEnd":211,"pos":"NN","before":"","after":" "},{"index":15,"word":"know","originalText":"know","characterOffsetBegin":212,"characterOffsetEnd":216,"pos":"VB","before":" ","after":" "},{"index":16,"word":"how","originalText":"how","characterOffsetBegin":217,"characterOffsetEnd":220,"pos":"WRB","before":" ","after":" "},{"index":17,"word":"an","originalText":"an","characterOffsetBegin":221,"characterOffsetEnd":223,"pos":"DT","before":" ","after":" "},{"index":18,"word":"application","originalText":"application","characterOffsetBegin":224,"characterOffsetEnd":235,"pos":"NN","before":" ","after":" "},{"index":19,"word":"can","originalText":"can","characterOffsetBegin":236,"characterOffsetEnd":239,"pos":"MD","before":" ","after":" "},{"index":20,"word":"retrieve","originalText":"retrieve","characterOffsetBegin":240,"characterOffsetEnd":248,"pos":"VB","before":" ","after":" "},{"index":21,"word":"the","originalText":"the","characterOffsetBegin":249,"characterOffsetEnd":252,"pos":"DT","before":" ","after":" "},{"index":22,"word":"name","originalText":"name","characterOffsetBegin":253,"characterOffsetEnd":257,"pos":"NN","before":" ","after":" "},{"index":23,"word":"of","originalText":"of","characterOffsetBegin":258,"characterOffsetEnd":260,"pos":"IN","before":" ","after":" "},{"index":24,"word":"the","originalText":"the","characterOffsetBegin":261,"characterOffsetEnd":264,"pos":"DT","before":" ","after":" "},{"index":25,"word":"font","originalText":"font","characterOffsetBegin":265,"characterOffsetEnd":269,"pos":"NN","before":" ","after":" "},{"index":26,"word":"from","originalText":"from","characterOffsetBegin":270,"characterOffsetEnd":274,"pos":"IN","before":" ","after":""},{"index":27,"word":">","originalText":">","characterOffsetBegin":274,"characterOffsetEnd":275,"pos":"JJR","before":"","after":""},{"index":28,"word":"an","originalText":"an","characterOffsetBegin":275,"characterOffsetEnd":277,"pos":"DT","before":"","after":" "},{"index":29,"word":"application","originalText":"application","characterOffsetBegin":278,"characterOffsetEnd":289,"pos":"NN","before":" ","after":" "},{"index":30,"word":"given","originalText":"given","characterOffsetBegin":290,"characterOffsetEnd":295,"pos":"VBN","before":" ","after":" "},{"index":31,"word":"an","originalText":"an","characterOffsetBegin":296,"characterOffsetEnd":298,"pos":"DT","before":" ","after":" "},{"index":32,"word":"XFontStruct","originalText":"XFontStruct","characterOffsetBegin":299,"characterOffsetEnd":310,"pos":"NN","before":" ","after":" "},{"index":33,"word":"*","originalText":"*","characterOffsetBegin":311,"characterOffsetEnd":312,"pos":"NN","before":" ","after":""},{"index":34,"word":"?","originalText":"?","characterOffsetBegin":312,"characterOffsetEnd":313,"pos":".","before":"","after":" "},{"index":35,"word":">","originalText":">","characterOffsetBegin":314,"characterOffsetEnd":315,"pos":"JJR","before":" ","after":""}]},{"index":2,"tokens":[{"index":1,"word":"Would","originalText":"Would","characterOffsetBegin":315,"characterOffsetEnd":320,"pos":"MD","before":"","after":" "},{"index":2,"word":"XGetFontProperty","originalText":"XGetFontProperty","characterOffsetBegin":321,"characterOffsetEnd":337,"pos":"NN","before":" ","after":" "},{"index":3,"word":"work","originalText":"work","characterOffsetBegin":338,"characterOffsetEnd":342,"pos":"NN","before":" ","after":" "},{"index":4,"word":"if","originalText":"if","characterOffsetBegin":343,"characterOffsetEnd":345,"pos":"IN","before":" ","after":" "},{"index":5,"word":"I","originalText":"I","characterOffsetBegin":346,"characterOffsetEnd":347,"pos":"PRP","before":" ","after":" "},{"index":6,"word":"passed","originalText":"passed","characterOffsetBegin":348,"characterOffsetEnd":354,"pos":"VBD","before":" ","after":" "},{"index":7,"word":"XA_FONT_NAME","originalText":"XA_FONT_NAME","characterOffsetBegin":355,"characterOffsetEnd":367,"pos":"NNP","before":" ","after":""},{"index":8,"word":"?","originalText":"?","characterOffsetBegin":367,"characterOffsetEnd":368,"pos":".","before":"","after":" "},{"index":9,"word":">","originalText":">","characterOffsetBegin":369,"characterOffsetEnd":370,"pos":"JJR","before":" ","after":""}]},{"index":3,"tokens":[{"index":1,"word":"anyone","originalText":"anyone","characterOffsetBegin":370,"characterOffsetEnd":376,"pos":"NN","before":"","after":" "},{"index":2,"word":"know","originalText":"know","characterOffsetBegin":377,"characterOffsetEnd":381,"pos":"VBP","before":" ","after":" "},{"index":3,"word":"details","originalText":"details","characterOffsetBegin":382,"characterOffsetEnd":389,"pos":"NNS","before":" ","after":" "},{"index":4,"word":"of","originalText":"of","characterOffsetBegin":390,"characterOffsetEnd":392,"pos":"IN","before":" ","after":" "},{"index":5,"word":"this","originalText":"this","characterOffsetBegin":393,"characterOffsetEnd":397,"pos":"DT","before":" ","after":""},{"index":6,"word":"?","originalText":"?","characterOffsetBegin":397,"characterOffsetEnd":398,"pos":".","before":"","after":"  "}]},{"index":4,"tokens":[{"index":1,"word":"Thanks","originalText":"Thanks","characterOffsetBegin":400,"characterOffsetEnd":406,"pos":"NNS","before":"  ","after":" "},{"index":2,"word":"in","originalText":"in","characterOffsetBegin":407,"characterOffsetEnd":409,"pos":"IN","before":" ","after":" "},{"index":3,"word":"advance","originalText":"advance","characterOffsetBegin":410,"characterOffsetEnd":417,"pos":"NN","before":" ","after":""},{"index":4,"word":".","originalText":".","characterOffsetBegin":417,"characterOffsetEnd":418,"pos":".","before":"","after":""},{"index":5,"word":">","originalText":">","characterOffsetBegin":418,"characterOffsetEnd":419,"pos":"JJR","before":"","after":""}]},{"index":5,"tokens":[{"index":1,"word":"Brian","originalText":"Brian","characterOffsetBegin":419,"characterOffsetEnd":424,"pos":"NNP","before":"","after":""},{"index":2,"word":">>","originalText":">>","characterOffsetBegin":424,"characterOffsetEnd":426,"pos":"NNP","before":"","after":""},{"index":3,"word":"--","originalText":"--","characterOffsetBegin":426,"characterOffsetEnd":428,"pos":":","before":"","after":" "},{"index":4,"word":">","originalText":">","characterOffsetBegin":429,"characterOffsetEnd":430,"pos":"JJR","before":" ","after":""},{"index":5,"word":"Brian","originalText":"Brian","characterOffsetBegin":430,"characterOffsetEnd":435,"pos":"NNP","before":"","after":" "},{"index":6,"word":"Dealy","originalText":"Dealy","characterOffsetBegin":436,"characterOffsetEnd":441,"pos":"NNP","before":" ","after":"                "},{"index":7,"word":"|","originalText":"|","characterOffsetBegin":457,"characterOffsetEnd":458,"pos":"VBP","before":"                ","after":""},{"index":8,"word":"301-572-8267","originalText":"301-572-8267","characterOffsetBegin":458,"characterOffsetEnd":470,"pos":"CD","before":"","after":""},{"index":9,"word":"|","originalText":"|","characterOffsetBegin":470,"characterOffsetEnd":471,"pos":"CD","before":"","after":" "},{"index":10,"word":"It","originalText":"It","characterOffsetBegin":472,"characterOffsetEnd":474,"pos":"PRP","before":" ","after":" "},{"index":11,"word":"not","originalText":"not","characterOffsetBegin":475,"characterOffsetEnd":478,"pos":"RB","before":" ","after":" "},{"index":12,"word":"knowing","originalText":"knowing","characterOffsetBegin":479,"characterOffsetEnd":486,"pos":"VBG","before":" ","after":" "},{"index":13,"word":"where","originalText":"where","characterOffsetBegin":487,"characterOffsetEnd":492,"pos":"WRB","before":" ","after":" "},{"index":14,"word":"it","originalText":"it","characterOffsetBegin":493,"characterOffsetEnd":495,"pos":"PRP","before":" ","after":""},{"index":15,"word":"'s","originalText":"'s","characterOffsetBegin":495,"characterOffsetEnd":497,"pos":"VBZ","before":"","after":" "},{"index":16,"word":"at","originalText":"at","characterOffsetBegin":498,"characterOffsetEnd":500,"pos":"IN","before":" ","after":"  "},{"index":17,"word":">","originalText":">","characterOffsetBegin":502,"characterOffsetEnd":503,"pos":"JJR","before":"  ","after":""},{"index":18,"word":"dealy@kong.gsfc.nasa.gov","originalText":"dealy@kong.gsfc.nasa.gov","characterOffsetBegin":503,"characterOffsetEnd":527,"pos":"NN","before":"","after":"   "},{"index":19,"word":"|","originalText":"|","characterOffsetBegin":530,"characterOffsetEnd":531,"pos":"CD","before":"   ","after":"            "},{"index":20,"word":"|","originalText":"|","characterOffsetBegin":543,"characterOffsetEnd":544,"pos":"NNS","before":"            ","after":" "},{"index":21,"word":"that","originalText":"that","characterOffsetBegin":545,"characterOffsetEnd":549,"pos":"WDT","before":" ","after":""},{"index":22,"word":"'s","originalText":"'s","characterOffsetBegin":549,"characterOffsetEnd":551,"pos":"VBZ","before":"","after":" "},{"index":23,"word":"important","originalText":"important","characterOffsetBegin":552,"characterOffsetEnd":561,"pos":"JJ","before":" ","after":""},{"index":24,"word":",","originalText":",","characterOffsetBegin":561,"characterOffsetEnd":562,"pos":",","before":"","after":""},{"index":25,"word":"it","originalText":"it","characterOffsetBegin":562,"characterOffsetEnd":564,"pos":"PRP","before":"","after":""},{"index":26,"word":"'s","originalText":"'s","characterOffsetBegin":564,"characterOffsetEnd":566,"pos":"VBZ","before":"","after":" "},{"index":27,"word":"knowing","originalText":"knowing","characterOffsetBegin":567,"characterOffsetEnd":574,"pos":"VBG","before":" ","after":""},{"index":28,"word":">","originalText":">","characterOffsetBegin":574,"characterOffsetEnd":575,"pos":"JJR","before":"","after":""},{"index":29,"word":"!","originalText":"!","characterOffsetBegin":575,"characterOffsetEnd":576,"pos":".","before":"","after":""}]},{"index":6,"tokens":[{"index":1,"word":"uunet!dftsrv!kong!dealy","originalText":"uunet!dftsrv!kong!dealy","characterOffsetBegin":576,"characterOffsetEnd":599,"pos":"RB","before":"","after":"   "},{"index":2,"word":"|","originalText":"|","characterOffsetBegin":602,"characterOffsetEnd":603,"pos":"CD","before":"   ","after":"            "},{"index":3,"word":"|","originalText":"|","characterOffsetBegin":615,"characterOffsetEnd":616,"pos":"CD","before":"            ","after":" "},{"index":4,"word":"where","originalText":"where","characterOffsetBegin":617,"characterOffsetEnd":622,"pos":"WRB","before":" ","after":" "},{"index":5,"word":"it","originalText":"it","characterOffsetBegin":623,"characterOffsetEnd":625,"pos":"PRP","before":" ","after":""},{"index":6,"word":"'s","originalText":"'s","characterOffsetBegin":625,"characterOffsetEnd":627,"pos":"VBZ","before":"","after":" "},{"index":7,"word":"not","originalText":"not","characterOffsetBegin":628,"characterOffsetEnd":631,"pos":"RB","before":" ","after":" "},{"index":8,"word":"at","originalText":"at","characterOffsetBegin":632,"characterOffsetEnd":634,"pos":"IN","before":" ","after":""},{"index":9,"word":"...","originalText":"...","characterOffsetBegin":634,"characterOffsetEnd":637,"pos":":","before":"","after":"  "},{"index":10,"word":"B.DylanTry","originalText":"B.DylanTry","characterOffsetBegin":639,"characterOffsetEnd":649,"pos":"NNP","before":"  ","after":" "},{"index":11,"word":"this","originalText":"this","characterOffsetBegin":650,"characterOffsetEnd":654,"pos":"DT","before":" ","after":""},{"index":12,"word":":","originalText":":","characterOffsetBegin":654,"characterOffsetEnd":655,"pos":":","before":"","after":""},{"index":13,"word":"char","originalText":"char","characterOffsetBegin":655,"characterOffsetEnd":659,"pos":"NN","before":"","after":" "},{"index":14,"word":"*","originalText":"*","characterOffsetBegin":660,"characterOffsetEnd":661,"pos":"SYM","before":" ","after":""},{"index":15,"word":"name","originalText":"name","characterOffsetBegin":661,"characterOffsetEnd":665,"pos":"NN","before":"","after":""},{"index":16,"word":"=","originalText":"=","characterOffsetBegin":665,"characterOffsetEnd":666,"pos":"JJ","before":"","after":""},{"index":17,"word":"NULL","originalText":"NULL","characterOffsetBegin":666,"characterOffsetEnd":670,"pos":"NN","before":"","after":""},{"index":18,"word":";","originalText":";","characterOffsetBegin":670,"characterOffsetEnd":671,"pos":":","before":"","after":""},{"index":19,"word":"unsigned","originalText":"unsigned","characterOffsetBegin":671,"characterOffsetEnd":679,"pos":"JJ","before":"","after":" "},{"index":20,"word":"long","originalText":"long","characterOffsetBegin":680,"characterOffsetEnd":684,"pos":"JJ","before":" ","after":" "},{"index":21,"word":"value","originalText":"value","characterOffsetBegin":685,"characterOffsetEnd":690,"pos":"NN","before":" ","after":""},{"index":22,"word":";","originalText":";","characterOffsetBegin":690,"characterOffsetEnd":691,"pos":":","before":"","after":""},{"index":23,"word":"if","originalText":"if","characterOffsetBegin":691,"characterOffsetEnd":693,"pos":"IN","before":"","after":""},{"index":24,"word":"-LRB-","originalText":"(","characterOffsetBegin":693,"characterOffsetEnd":694,"pos":"-LRB-","before":"","after":""},{"index":25,"word":"XGetFontProperty","originalText":"XGetFontProperty","characterOffsetBegin":694,"characterOffsetEnd":710,"pos":"NN","before":"","after":""},{"index":26,"word":"-LRB-","originalText":"(","characterOffsetBegin":710,"characterOffsetEnd":711,"pos":"-LRB-","before":"","after":""},{"index":27,"word":"font","originalText":"font","characterOffsetBegin":711,"characterOffsetEnd":715,"pos":"NN","before":"","after":""},{"index":28,"word":",","originalText":",","characterOffsetBegin":715,"characterOffsetEnd":716,"pos":",","before":"","after":" "},{"index":29,"word":"XA_FONT","originalText":"XA_FONT","characterOffsetBegin":717,"characterOffsetEnd":724,"pos":"NN","before":" ","after":""},{"index":30,"word":",","originalText":",","characterOffsetBegin":724,"characterOffsetEnd":725,"pos":",","before":"","after":" "},{"index":31,"word":"value","originalText":"value","characterOffsetBegin":726,"characterOffsetEnd":731,"pos":"NN","before":" ","after":""},{"index":32,"word":"-RRB-","originalText":")","characterOffsetBegin":731,"characterOffsetEnd":732,"pos":"-RRB-","before":"","after":""},{"index":33,"word":"-RRB-","originalText":")","characterOffsetBegin":732,"characterOffsetEnd":733,"pos":"-RRB-","before":"","after":"     "},{"index":34,"word":"name","originalText":"name","characterOffsetBegin":738,"characterOffsetEnd":742,"pos":"NN","before":"     ","after":""},{"index":35,"word":"=","originalText":"=","characterOffsetBegin":742,"characterOffsetEnd":743,"pos":"JJ","before":"","after":""},{"index":36,"word":"XGetAtomName","originalText":"XGetAtomName","characterOffsetBegin":743,"characterOffsetEnd":755,"pos":"NN","before":"","after":""},{"index":37,"word":"-LRB-","originalText":"(","characterOffsetBegin":755,"characterOffsetEnd":756,"pos":"-LRB-","before":"","after":""},{"index":38,"word":"dpy","originalText":"dpy","characterOffsetBegin":756,"characterOffsetEnd":759,"pos":"NN","before":"","after":""},{"index":39,"word":",","originalText":",","characterOffsetBegin":759,"characterOffsetEnd":760,"pos":",","before":"","after":" "},{"index":40,"word":"value","originalText":"value","characterOffsetBegin":761,"characterOffsetEnd":766,"pos":"NN","before":" ","after":""},{"index":41,"word":"-RRB-","originalText":")","characterOffsetBegin":766,"characterOffsetEnd":767,"pos":"-RRB-","before":"","after":""},{"index":42,"word":";","originalText":";","characterOffsetBegin":767,"characterOffsetEnd":768,"pos":":","before":"","after":""},{"index":43,"word":"where","originalText":"where","characterOffsetBegin":768,"characterOffsetEnd":773,"pos":"WRB","before":"","after":" "},{"index":44,"word":"dpy","originalText":"dpy","characterOffsetBegin":774,"characterOffsetEnd":777,"pos":"NN","before":" ","after":" "},{"index":45,"word":"is","originalText":"is","characterOffsetBegin":778,"characterOffsetEnd":780,"pos":"VBZ","before":" ","after":" "},{"index":46,"word":"your","originalText":"your","characterOffsetBegin":781,"characterOffsetEnd":785,"pos":"PRP$","before":" ","after":" "},{"index":47,"word":"Display","originalText":"Display","characterOffsetBegin":786,"characterOffsetEnd":793,"pos":"VB","before":" ","after":" "},{"index":48,"word":"connection","originalText":"connection","characterOffsetBegin":794,"characterOffsetEnd":804,"pos":"NN","before":" ","after":" "},{"index":49,"word":"and","originalText":"and","characterOffsetBegin":805,"characterOffsetEnd":808,"pos":"CC","before":" ","after":" "},{"index":50,"word":"font","originalText":"font","characterOffsetBegin":809,"characterOffsetEnd":813,"pos":"VB","before":" ","after":" "},{"index":51,"word":"your","originalText":"your","characterOffsetBegin":814,"characterOffsetEnd":818,"pos":"PRP$","before":" ","after":" "},{"index":52,"word":"XFontStruct","originalText":"XFontStruct","characterOffsetBegin":819,"characterOffsetEnd":830,"pos":"NN","before":" ","after":" "},{"index":53,"word":"pointer","originalText":"pointer","characterOffsetBegin":831,"characterOffsetEnd":838,"pos":"NN","before":" ","after":""},{"index":54,"word":".","originalText":".","characterOffsetBegin":838,"characterOffsetEnd":839,"pos":".","before":"","after":""}]},{"index":7,"tokens":[{"index":1,"word":"--","originalText":"--","characterOffsetBegin":839,"characterOffsetEnd":841,"pos":":","before":"","after":" "},{"index":2,"word":"Alan","originalText":"Alan","characterOffsetBegin":842,"characterOffsetEnd":846,"pos":"NNP","before":" ","after":" "},{"index":3,"word":"Richardson","originalText":"Richardson","characterOffsetBegin":847,"characterOffsetEnd":857,"pos":"NNP","before":" ","after":""},{"index":4,"word":",","originalText":",","characterOffsetBegin":857,"characterOffsetEnd":858,"pos":",","before":"","after":"                             "},{"index":5,"word":"*","originalText":"*","characterOffsetBegin":887,"characterOffsetEnd":888,"pos":"SYM","before":"                             ","after":" "},{"index":6,"word":"``","originalText":"\"","characterOffsetBegin":889,"characterOffsetEnd":890,"pos":"``","before":" ","after":""},{"index":7,"word":"You","originalText":"You","characterOffsetBegin":890,"characterOffsetEnd":893,"pos":"PRP","before":"","after":" "},{"index":8,"word":"do","originalText":"do","characterOffsetBegin":894,"characterOffsetEnd":896,"pos":"VBP","before":" ","after":""},{"index":9,"word":"n't","originalText":"n't","characterOffsetBegin":896,"characterOffsetEnd":899,"pos":"RB","before":"","after":" "},{"index":10,"word":"have","originalText":"have","characterOffsetBegin":900,"characterOffsetEnd":904,"pos":"VB","before":" ","after":" "},{"index":11,"word":"to","originalText":"to","characterOffsetBegin":905,"characterOffsetEnd":907,"pos":"TO","before":" ","after":" "},{"index":12,"word":"be","originalText":"be","characterOffsetBegin":908,"characterOffsetEnd":910,"pos":"VB","before":" ","after":" "},{"index":13,"word":"*","originalText":"*","characterOffsetBegin":911,"characterOffsetEnd":912,"pos":"SYM","before":" ","after":""},{"index":14,"word":"School","originalText":"School","characterOffsetBegin":912,"characterOffsetEnd":918,"pos":"NNP","before":"","after":" "},{"index":15,"word":"of","originalText":"of","characterOffsetBegin":919,"characterOffsetEnd":921,"pos":"IN","before":" ","after":" "},{"index":16,"word":"Maths","originalText":"Maths","characterOffsetBegin":922,"characterOffsetEnd":927,"pos":"NNP","before":" ","after":" "},{"index":17,"word":"&","originalText":"&","characterOffsetBegin":928,"characterOffsetEnd":929,"pos":"CC","before":" ","after":" "},{"index":18,"word":"Physical","originalText":"Physical","characterOffsetBegin":930,"characterOffsetEnd":938,"pos":"NNP","before":" ","after":" "},{"index":19,"word":"Sciences","originalText":"Sciences","characterOffsetBegin":939,"characterOffsetEnd":947,"pos":"NNPS","before":" ","after":""},{"index":20,"word":",","originalText":",","characterOffsetBegin":947,"characterOffsetEnd":948,"pos":",","before":"","after":"         "},{"index":21,"word":"*","originalText":"*","characterOffsetBegin":957,"characterOffsetEnd":958,"pos":"SYM","before":"         ","after":"  "},{"index":22,"word":"old","originalText":"old","characterOffsetBegin":960,"characterOffsetEnd":963,"pos":"JJ","before":"  ","after":" "},{"index":23,"word":"to","originalText":"to","characterOffsetBegin":964,"characterOffsetEnd":966,"pos":"TO","before":" ","after":" "},{"index":24,"word":"be","originalText":"be","characterOffsetBegin":967,"characterOffsetEnd":969,"pos":"VB","before":" ","after":" "},{"index":25,"word":"wise","originalText":"wise","characterOffsetBegin":970,"characterOffsetEnd":974,"pos":"JJ","before":" ","after":""},{"index":26,"word":"''","originalText":"\"","characterOffsetBegin":974,"characterOffsetEnd":975,"pos":"''","before":"","after":"      "},{"index":27,"word":"*","originalText":"*","characterOffsetBegin":981,"characterOffsetEnd":982,"pos":"SYM","before":"      ","after":""},{"index":28,"word":"Univ.","originalText":"Univ.","characterOffsetBegin":982,"characterOffsetEnd":987,"pos":"NNP","before":"","after":" "},{"index":29,"word":"of","originalText":"of","characterOffsetBegin":988,"characterOffsetEnd":990,"pos":"IN","before":" ","after":" "},{"index":30,"word":"Sussex","originalText":"Sussex","characterOffsetBegin":991,"characterOffsetEnd":997,"pos":"NNP","before":" ","after":""},{"index":31,"word":",","originalText":",","characterOffsetBegin":997,"characterOffsetEnd":998,"pos":",","before":"","after":" "},{"index":32,"word":"Brighton","originalText":"Brighton","characterOffsetBegin":999,"characterOffsetEnd":1007,"pos":"NNP","before":" ","after":" "},{"index":33,"word":"BN1","originalText":"BN1","characterOffsetBegin":1008,"characterOffsetEnd":1011,"pos":"NN","before":" ","after":" "},{"index":34,"word":"9QH","originalText":"9QH","characterOffsetBegin":1012,"characterOffsetEnd":1015,"pos":"NN","before":" ","after":""},{"index":35,"word":",","originalText":",","characterOffsetBegin":1015,"characterOffsetEnd":1016,"pos":",","before":"","after":" "},{"index":36,"word":"ENGLAND","originalText":"ENGLAND","characterOffsetBegin":1017,"characterOffsetEnd":1024,"pos":"NNP","before":" ","after":"   "},{"index":37,"word":"*","originalText":"*","characterOffsetBegin":1027,"characterOffsetEnd":1028,"pos":"SYM","before":"   ","after":" "},{"index":38,"word":"******","originalText":"******","characterOffsetBegin":1029,"characterOffsetEnd":1035,"pos":"CD","before":" ","after":""},{"index":39,"word":"Judas","originalText":"Judas","characterOffsetBegin":1035,"characterOffsetEnd":1040,"pos":"NNP","before":"","after":" "},{"index":40,"word":"Priest","originalText":"Priest","characterOffsetBegin":1041,"characterOffsetEnd":1047,"pos":"NNP","before":" ","after":""},{"index":41,"word":"*****","originalText":"*****","characterOffsetBegin":1047,"characterOffsetEnd":1052,"pos":"CD","before":"","after":""},{"index":42,"word":"UK","originalText":"UK","characterOffsetBegin":1052,"characterOffsetEnd":1054,"pos":"NNP","before":"","after":""},{"index":43,"word":":","originalText":":","characterOffsetBegin":1054,"characterOffsetEnd":1055,"pos":":","before":"","after":" "},{"index":44,"word":"mppa3@uk.ac.sussex.syma","originalText":"mppa3@uk.ac.sussex.syma","characterOffsetBegin":1056,"characterOffsetEnd":1079,"pos":"NN","before":" ","after":"         "},{"index":45,"word":"elsewhere","originalText":"elsewhere","characterOffsetBegin":1088,"characterOffsetEnd":1097,"pos":"RB","before":"         ","after":""},{"index":46,"word":":","originalText":":","characterOffsetBegin":1097,"characterOffsetEnd":1098,"pos":":","before":"","after":" "},{"index":47,"word":"mppa3@syma.sussex.ac.uk","originalText":"mppa3@syma.sussex.ac.uk","characterOffsetBegin":1099,"characterOffsetEnd":1122,"pos":"NN","before":" ","after":""}]}]}