{"sentences":[{"index":0,"tokens":[{"index":1,"word":"From","originalText":"From","characterOffsetBegin":0,"characterOffsetEnd":4,"pos":"IN","before":"","after":""},{"index":2,"word":":","originalText":":","characterOffsetBegin":4,"characterOffsetEnd":5,"pos":":","before":"","after":" "},{"index":3,"word":"robert@cpuserver.acsc.com","originalText":"robert@cpuserver.acsc.com","characterOffsetBegin":6,"characterOffsetEnd":31,"pos":"NN","before":" ","after":" "},{"index":4,"word":"-LRB-","originalText":"(","characterOffsetBegin":32,"characterOffsetEnd":33,"pos":"-LRB-","before":" ","after":""},{"index":5,"word":"Robert","originalText":"Robert","characterOffsetBegin":33,"characterOffsetEnd":39,"pos":"NNP","before":"","after":" "},{"index":6,"word":"Grant","originalText":"Grant","characterOffsetBegin":40,"characterOffsetEnd":45,"pos":"NNP","before":" ","after":""},{"index":7,"word":"-RRB-","originalText":")","characterOffsetBegin":45,"characterOffsetEnd":46,"pos":"-RRB-","before":"","after":""},{"index":8,"word":"Subject","originalText":"Subject","characterOffsetBegin":46,"characterOffsetEnd":53,"pos":"NNP","before":"","after":""},{"index":9,"word":":","originalText":":","characterOffsetBegin":53,"characterOffsetEnd":54,"pos":":","before":"","after":" "},{"index":10,"word":"Re","originalText":"Re","characterOffsetBegin":55,"characterOffsetEnd":57,"pos":"NNP","before":" ","after":""},{"index":11,"word":":","originalText":":","characterOffsetBegin":57,"characterOffsetEnd":58,"pos":":","before":"","after":" "},{"index":12,"word":"Animation","originalText":"Animation","characterOffsetBegin":59,"characterOffsetEnd":68,"pos":"NN","before":" ","after":" "},{"index":13,"word":"with","originalText":"with","characterOffsetBegin":69,"characterOffsetEnd":73,"pos":"IN","before":" ","after":" "},{"index":14,"word":"XPutImage","originalText":"XPutImage","characterOffsetBegin":74,"characterOffsetEnd":83,"pos":"NN","before":" ","after":""},{"index":15,"word":"-LRB-","originalText":"(","characterOffsetBegin":83,"characterOffsetEnd":84,"pos":"-LRB-","before":"","after":""},{"index":16,"word":"-RRB-","originalText":")","characterOffsetBegin":84,"characterOffsetEnd":85,"pos":"-RRB-","before":"","after":""},{"index":17,"word":"?","originalText":"?","characterOffsetBegin":85,"characterOffsetEnd":86,"pos":".","before":"","after":""}]},{"index":1,"tokens":[{"index":1,"word":"Hi","originalText":"Hi","characterOffsetBegin":86,"characterOffsetEnd":88,"pos":"NN","before":"","after":" "},{"index":2,"word":"everyone","originalText":"everyone","characterOffsetBegin":89,"characterOffsetEnd":97,"pos":"NN","before":" ","after":""},{"index":3,"word":",","originalText":",","characterOffsetBegin":97,"characterOffsetEnd":98,"pos":",","before":"","after":""},{"index":4,"word":"Does","originalText":"Does","characterOffsetBegin":98,"characterOffsetEnd":102,"pos":"VBZ","before":"","after":" "},{"index":5,"word":"anyone","originalText":"anyone","characterOffsetBegin":103,"characterOffsetEnd":109,"pos":"NN","before":" ","after":" "},{"index":6,"word":"know","originalText":"know","characterOffsetBegin":110,"characterOffsetEnd":114,"pos":"VB","before":" ","after":" "},{"index":7,"word":"a","originalText":"a","characterOffsetBegin":115,"characterOffsetEnd":116,"pos":"DT","before":" ","after":" "},{"index":8,"word":"good","originalText":"good","characterOffsetBegin":117,"characterOffsetEnd":121,"pos":"JJ","before":" ","after":" "},{"index":9,"word":"way","originalText":"way","characterOffsetBegin":122,"characterOffsetEnd":125,"pos":"NN","before":" ","after":" "},{"index":10,"word":"to","originalText":"to","characterOffsetBegin":126,"characterOffsetEnd":128,"pos":"TO","before":" ","after":" "},{"index":11,"word":"adjust","originalText":"adjust","characterOffsetBegin":129,"characterOffsetEnd":135,"pos":"VB","before":" ","after":" "},{"index":12,"word":"colourmaps","originalText":"colourmaps","characterOffsetBegin":136,"characterOffsetEnd":146,"pos":"NNS","before":" ","after":" "},{"index":13,"word":"on","originalText":"on","characterOffsetBegin":147,"characterOffsetEnd":149,"pos":"IN","before":" ","after":" "},{"index":14,"word":"thefly","originalText":"thefly","characterOffsetBegin":150,"characterOffsetEnd":156,"pos":"RB","before":" ","after":" "},{"index":15,"word":"-LRB-","originalText":"(","characterOffsetBegin":157,"characterOffsetEnd":158,"pos":"-LRB-","before":" ","after":""},{"index":16,"word":"say","originalText":"say","characterOffsetBegin":158,"characterOffsetEnd":161,"pos":"VB","before":"","after":" "},{"index":17,"word":"during","originalText":"during","characterOffsetBegin":162,"characterOffsetEnd":168,"pos":"IN","before":" ","after":" "},{"index":18,"word":"an","originalText":"an","characterOffsetBegin":169,"characterOffsetEnd":171,"pos":"DT","before":" ","after":" "},{"index":19,"word":"animation","originalText":"animation","characterOffsetBegin":172,"characterOffsetEnd":181,"pos":"NN","before":" ","after":""},{"index":20,"word":"-RRB-","originalText":")","characterOffsetBegin":181,"characterOffsetEnd":182,"pos":"-RRB-","before":"","after":" "},{"index":21,"word":"and","originalText":"and","characterOffsetBegin":183,"characterOffsetEnd":186,"pos":"CC","before":" ","after":" "},{"index":22,"word":"prevent","originalText":"prevent","characterOffsetBegin":187,"characterOffsetEnd":194,"pos":"VB","before":" ","after":" "},{"index":23,"word":"the","originalText":"the","characterOffsetBegin":195,"characterOffsetEnd":198,"pos":"DT","before":" ","after":" "},{"index":24,"word":"currentset","originalText":"currentset","characterOffsetBegin":199,"characterOffsetEnd":209,"pos":"NN","before":" ","after":" "},{"index":25,"word":"of","originalText":"of","characterOffsetBegin":210,"characterOffsetEnd":212,"pos":"IN","before":" ","after":" "},{"index":26,"word":"colours","originalText":"colours","characterOffsetBegin":213,"characterOffsetEnd":220,"pos":"NNS","before":" ","after":" "},{"index":27,"word":"from","originalText":"from","characterOffsetBegin":221,"characterOffsetEnd":225,"pos":"IN","before":" ","after":" "},{"index":28,"word":"flickering?Thanks,Robertrobert@acsc.com","originalText":"flickering?Thanks,Robertrobert@acsc.com","characterOffsetBegin":226,"characterOffsetEnd":265,"pos":"NNP","before":" ","after":""}]}]}