{"sentences":[{"index":0,"tokens":[{"index":1,"word":"From","originalText":"From","characterOffsetBegin":0,"characterOffsetEnd":4,"pos":"IN","before":"","after":""},{"index":2,"word":":","originalText":":","characterOffsetBegin":4,"characterOffsetEnd":5,"pos":":","before":"","after":" "},{"index":3,"word":"jmartin@egret.imagesRus","originalText":"jmartin@egret.imagesRus","characterOffsetBegin":6,"characterOffsetEnd":29,"pos":"NN","before":" ","after":" "},{"index":4,"word":"-LRB-","originalText":"(","characterOffsetBegin":30,"characterOffsetEnd":31,"pos":"-LRB-","before":" ","after":""},{"index":5,"word":"John","originalText":"John","characterOffsetBegin":31,"characterOffsetEnd":35,"pos":"NNP","before":"","after":" "},{"index":6,"word":"Martin","originalText":"Martin","characterOffsetBegin":36,"characterOffsetEnd":42,"pos":"NNP","before":" ","after":""},{"index":7,"word":"-RRB-","originalText":")","characterOffsetBegin":42,"characterOffsetEnd":43,"pos":"-RRB-","before":"","after":""},{"index":8,"word":"Subject","originalText":"Subject","characterOffsetBegin":43,"characterOffsetEnd":50,"pos":"NNP","before":"","after":""},{"index":9,"word":":","originalText":":","characterOffsetBegin":50,"characterOffsetEnd":51,"pos":":","before":"","after":" "},{"index":10,"word":"Re","originalText":"Re","characterOffsetBegin":52,"characterOffsetEnd":54,"pos":"NNP","before":" ","after":""},{"index":11,"word":":","originalText":":","characterOffsetBegin":54,"characterOffsetEnd":55,"pos":":","before":"","after":" "},{"index":12,"word":"Animation","originalText":"Animation","characterOffsetBegin":56,"characterOffsetEnd":65,"pos":"NN","before":" ","after":" "},{"index":13,"word":"with","originalText":"with","characterOffsetBegin":66,"characterOffsetEnd":70,"pos":"IN","before":" ","after":" "},{"index":14,"word":"XPutImage","originalText":"XPutImage","characterOffsetBegin":71,"characterOffsetEnd":80,"pos":"NN","before":" ","after":""},{"index":15,"word":"-LRB-","originalText":"(","characterOffsetBegin":80,"characterOffsetEnd":81,"pos":"-LRB-","before":"","after":""},{"index":16,"word":"-RRB-","originalText":")","characterOffsetBegin":81,"characterOffsetEnd":82,"pos":"-RRB-","before":"","after":""},{"index":17,"word":"?","originalText":"?","characterOffsetBegin":82,"characterOffsetEnd":83,"pos":".","before":"","after":""},{"index":18,"word":">","originalText":">","characterOffsetBegin":83,"characterOffsetEnd":84,"pos":"JJR","before":"","after":" "}]},{"index":1,"tokens":[{"index":1,"word":"Hi","originalText":"Hi","characterOffsetBegin":85,"characterOffsetEnd":87,"pos":"NN","before":" ","after":""},{"index":2,"word":",","originalText":",","characterOffsetBegin":87,"characterOffsetEnd":88,"pos":",","before":"","after":" "},{"index":3,"word":"I","originalText":"I","characterOffsetBegin":89,"characterOffsetEnd":90,"pos":"PRP","before":" ","after":""},{"index":4,"word":"'m","originalText":"'m","characterOffsetBegin":90,"characterOffsetEnd":92,"pos":"VBP","before":"","after":" "},{"index":5,"word":"new","originalText":"new","characterOffsetBegin":93,"characterOffsetEnd":96,"pos":"JJ","before":" ","after":" "},{"index":6,"word":"to","originalText":"to","characterOffsetBegin":97,"characterOffsetEnd":99,"pos":"TO","before":" ","after":" "},{"index":7,"word":"this","originalText":"this","characterOffsetBegin":100,"characterOffsetEnd":104,"pos":"DT","before":" ","after":" "},{"index":8,"word":"group","originalText":"group","characterOffsetBegin":105,"characterOffsetEnd":110,"pos":"NN","before":" ","after":" "},{"index":9,"word":"so","originalText":"so","characterOffsetBegin":111,"characterOffsetEnd":113,"pos":"RB","before":" ","after":" "},{"index":10,"word":"please","originalText":"please","characterOffsetBegin":114,"characterOffsetEnd":120,"pos":"VB","before":" ","after":" "},{"index":11,"word":"bear","originalText":"bear","characterOffsetBegin":121,"characterOffsetEnd":125,"pos":"NN","before":" ","after":" "},{"index":12,"word":"with","originalText":"with","characterOffsetBegin":126,"characterOffsetEnd":130,"pos":"IN","before":" ","after":" "},{"index":13,"word":"me","originalText":"me","characterOffsetBegin":131,"characterOffsetEnd":133,"pos":"PRP","before":" ","after":""},{"index":14,"word":"!","originalText":"!","characterOffsetBegin":133,"characterOffsetEnd":134,"pos":".","before":"","after":""},{"index":15,"word":">","originalText":">","characterOffsetBegin":134,"characterOffsetEnd":135,"pos":"JJR","before":"","after":" "},{"index":16,"word":">","originalText":">","characterOffsetBegin":136,"characterOffsetEnd":137,"pos":"JJR","before":" ","after":" "}]},{"index":2,"tokens":[{"index":1,"word":"Two","originalText":"Two","characterOffsetBegin":138,"characterOffsetEnd":141,"pos":"CD","before":" ","after":" "},{"index":2,"word":"years","originalText":"years","characterOffsetBegin":142,"characterOffsetEnd":147,"pos":"NNS","before":" ","after":" "},{"index":3,"word":"ago","originalText":"ago","characterOffsetBegin":148,"characterOffsetEnd":151,"pos":"IN","before":" ","after":" "},{"index":4,"word":"I","originalText":"I","characterOffsetBegin":152,"characterOffsetEnd":153,"pos":"PRP","before":" ","after":" "},{"index":5,"word":"wrote","originalText":"wrote","characterOffsetBegin":154,"characterOffsetEnd":159,"pos":"VBD","before":" ","after":" "},{"index":6,"word":"a","originalText":"a","characterOffsetBegin":160,"characterOffsetEnd":161,"pos":"DT","before":" ","after":" "},{"index":7,"word":"Sunview","originalText":"Sunview","characterOffsetBegin":162,"characterOffsetEnd":169,"pos":"NNP","before":" ","after":" "},{"index":8,"word":"application","originalText":"application","characterOffsetBegin":170,"characterOffsetEnd":181,"pos":"NN","before":" ","after":" "},{"index":9,"word":"for","originalText":"for","characterOffsetBegin":182,"characterOffsetEnd":185,"pos":"IN","before":" ","after":" "},{"index":10,"word":"fast","originalText":"fast","characterOffsetBegin":186,"characterOffsetEnd":190,"pos":"JJ","before":" ","after":" "},{"index":11,"word":"animation","originalText":"animation","characterOffsetBegin":191,"characterOffsetEnd":200,"pos":"NN","before":" ","after":""},{"index":12,"word":">","originalText":">","characterOffsetBegin":200,"characterOffsetEnd":201,"pos":"JJR","before":"","after":" "},{"index":13,"word":"of","originalText":"of","characterOffsetBegin":202,"characterOffsetEnd":204,"pos":"IN","before":" ","after":" "},{"index":14,"word":"raster","originalText":"raster","characterOffsetBegin":205,"characterOffsetEnd":211,"pos":"NN","before":" ","after":" "},{"index":15,"word":"files","originalText":"files","characterOffsetBegin":212,"characterOffsetEnd":217,"pos":"NNS","before":" ","after":""},{"index":16,"word":".","originalText":".","characterOffsetBegin":217,"characterOffsetEnd":218,"pos":".","before":"","after":" "}]},{"index":3,"tokens":[{"index":1,"word":"With","originalText":"With","characterOffsetBegin":219,"characterOffsetEnd":223,"pos":"IN","before":" ","after":" "},{"index":2,"word":"Sunview","originalText":"Sunview","characterOffsetBegin":224,"characterOffsetEnd":231,"pos":"NNP","before":" ","after":" "},{"index":3,"word":"becoming","originalText":"becoming","characterOffsetBegin":232,"characterOffsetEnd":240,"pos":"VBG","before":" ","after":" "},{"index":4,"word":"rapidly","originalText":"rapidly","characterOffsetBegin":241,"characterOffsetEnd":248,"pos":"RB","before":" ","after":" "},{"index":5,"word":"obselete","originalText":"obselete","characterOffsetBegin":249,"characterOffsetEnd":257,"pos":"JJ","before":" ","after":""},{"index":6,"word":",","originalText":",","characterOffsetBegin":257,"characterOffsetEnd":258,"pos":",","before":"","after":" "},{"index":7,"word":"I","originalText":"I","characterOffsetBegin":259,"characterOffsetEnd":260,"pos":"PRP","before":" ","after":""},{"index":8,"word":"'ve","originalText":"'ve","characterOffsetBegin":260,"characterOffsetEnd":263,"pos":"VBP","before":"","after":""},{"index":9,"word":">","originalText":">","characterOffsetBegin":263,"characterOffsetEnd":264,"pos":"JJR","before":"","after":" "},{"index":10,"word":"finally","originalText":"finally","characterOffsetBegin":265,"characterOffsetEnd":272,"pos":"RB","before":" ","after":" "},{"index":11,"word":"decided","originalText":"decided","characterOffsetBegin":273,"characterOffsetEnd":280,"pos":"VBN","before":" ","after":" "},{"index":12,"word":"to","originalText":"to","characterOffsetBegin":281,"characterOffsetEnd":283,"pos":"TO","before":" ","after":" "},{"index":13,"word":"rewrite","originalText":"rewrite","characterOffsetBegin":284,"characterOffsetEnd":291,"pos":"VB","before":" ","after":" "},{"index":14,"word":"everything","originalText":"everything","characterOffsetBegin":292,"characterOffsetEnd":302,"pos":"NN","before":" ","after":" "},{"index":15,"word":"from","originalText":"from","characterOffsetBegin":303,"characterOffsetEnd":307,"pos":"IN","before":" ","after":" "},{"index":16,"word":"scratch","originalText":"scratch","characterOffsetBegin":308,"characterOffsetEnd":315,"pos":"NN","before":" ","after":" "},{"index":17,"word":"in","originalText":"in","characterOffsetBegin":316,"characterOffsetEnd":318,"pos":"IN","before":" ","after":" "},{"index":18,"word":"XView","originalText":"XView","characterOffsetBegin":319,"characterOffsetEnd":324,"pos":"NN","before":" ","after":""},{"index":19,"word":".","originalText":".","characterOffsetBegin":324,"characterOffsetEnd":325,"pos":".","before":"","after":""},{"index":20,"word":">","originalText":">","characterOffsetBegin":325,"characterOffsetEnd":326,"pos":"JJR","before":"","after":" "}]},{"index":4,"tokens":[{"index":1,"word":"I","originalText":"I","characterOffsetBegin":327,"characterOffsetEnd":328,"pos":"PRP","before":" ","after":" "},{"index":2,"word":"put","originalText":"put","characterOffsetBegin":329,"characterOffsetEnd":332,"pos":"VBP","before":" ","after":" "},{"index":3,"word":"together","originalText":"together","characterOffsetBegin":333,"characterOffsetEnd":341,"pos":"RB","before":" ","after":" "},{"index":4,"word":"a","originalText":"a","characterOffsetBegin":342,"characterOffsetEnd":343,"pos":"DT","before":" ","after":" "},{"index":5,"word":"quick","originalText":"quick","characterOffsetBegin":344,"characterOffsetEnd":349,"pos":"JJ","before":" ","after":" "},{"index":6,"word":"test","originalText":"test","characterOffsetBegin":350,"characterOffsetEnd":354,"pos":"NN","before":" ","after":""},{"index":7,"word":",","originalText":",","characterOffsetBegin":354,"characterOffsetEnd":355,"pos":",","before":"","after":" "},{"index":8,"word":"and","originalText":"and","characterOffsetBegin":356,"characterOffsetEnd":359,"pos":"CC","before":" ","after":" "},{"index":9,"word":"I","originalText":"I","characterOffsetBegin":360,"characterOffsetEnd":361,"pos":"PRP","before":" ","after":""},{"index":10,"word":"'ve","originalText":"'ve","characterOffsetBegin":361,"characterOffsetEnd":364,"pos":"VBP","before":"","after":" "},{"index":11,"word":"found","originalText":"found","characterOffsetBegin":365,"characterOffsetEnd":370,"pos":"VBN","before":" ","after":" "},{"index":12,"word":"that","originalText":"that","characterOffsetBegin":371,"characterOffsetEnd":375,"pos":"IN","before":" ","after":" "},{"index":13,"word":"XPutImage","originalText":"XPutImage","characterOffsetBegin":376,"characterOffsetEnd":385,"pos":"NN","before":" ","after":""},{"index":14,"word":"-LRB-","originalText":"(","characterOffsetBegin":385,"characterOffsetEnd":386,"pos":"-LRB-","before":"","after":""},{"index":15,"word":"-RRB-","originalText":")","characterOffsetBegin":386,"characterOffsetEnd":387,"pos":"-RRB-","before":"","after":""},{"index":16,"word":">","originalText":">","characterOffsetBegin":387,"characterOffsetEnd":388,"pos":"JJR","before":"","after":" "},{"index":17,"word":"is","originalText":"is","characterOffsetBegin":389,"characterOffsetEnd":391,"pos":"VBZ","before":" ","after":" "},{"index":18,"word":"considerably","originalText":"considerably","characterOffsetBegin":392,"characterOffsetEnd":404,"pos":"RB","before":" ","after":" "},{"index":19,"word":"slower","originalText":"slower","characterOffsetBegin":405,"characterOffsetEnd":411,"pos":"JJR","before":" ","after":" "},{"index":20,"word":"-LRB-","originalText":"(","characterOffsetBegin":412,"characterOffsetEnd":413,"pos":"-LRB-","before":" ","after":""},{"index":21,"word":"factor","originalText":"factor","characterOffsetBegin":413,"characterOffsetEnd":419,"pos":"NN","before":"","after":" "},{"index":22,"word":"of","originalText":"of","characterOffsetBegin":420,"characterOffsetEnd":422,"pos":"IN","before":" ","after":" "},{"index":23,"word":"2","originalText":"2","characterOffsetBegin":423,"characterOffsetEnd":424,"pos":"CD","before":" ","after":" "},{"index":24,"word":"on","originalText":"on","characterOffsetBegin":425,"characterOffsetEnd":427,"pos":"IN","before":" ","after":" "},{"index":25,"word":"average","originalText":"average","characterOffsetBegin":428,"characterOffsetEnd":435,"pos":"NN","before":" ","after":""},{"index":26,"word":"?","originalText":"?","characterOffsetBegin":435,"characterOffsetEnd":436,"pos":".","before":"","after":""},{"index":27,"word":"-RRB-","originalText":")","characterOffsetBegin":436,"characterOffsetEnd":437,"pos":"-RRB-","before":"","after":" "}]},{"index":5,"tokens":[{"index":1,"word":"than","originalText":"than","characterOffsetBegin":438,"characterOffsetEnd":442,"pos":"IN","before":" ","after":" "},{"index":2,"word":"the","originalText":"the","characterOffsetBegin":443,"characterOffsetEnd":446,"pos":"DT","before":" ","after":""},{"index":3,"word":">","originalText":">","characterOffsetBegin":446,"characterOffsetEnd":447,"pos":"JJR","before":"","after":" "},{"index":4,"word":"Sunview","originalText":"Sunview","characterOffsetBegin":448,"characterOffsetEnd":455,"pos":"NN","before":" ","after":" "},{"index":5,"word":"command","originalText":"command","characterOffsetBegin":456,"characterOffsetEnd":463,"pos":"NN","before":" ","after":" "},{"index":6,"word":"pw_rop","originalText":"pw_rop","characterOffsetBegin":464,"characterOffsetEnd":470,"pos":"NN","before":" ","after":""},{"index":7,"word":"-LRB-","originalText":"(","characterOffsetBegin":470,"characterOffsetEnd":471,"pos":"-LRB-","before":"","after":""},{"index":8,"word":"-RRB-","originalText":")","characterOffsetBegin":471,"characterOffsetEnd":472,"pos":"-RRB-","before":"","after":" "},{"index":9,"word":"which","originalText":"which","characterOffsetBegin":473,"characterOffsetEnd":478,"pos":"WDT","before":" ","after":" "},{"index":10,"word":"moves","originalText":"moves","characterOffsetBegin":479,"characterOffsetEnd":484,"pos":"VBZ","before":" ","after":" "},{"index":11,"word":"image","originalText":"image","characterOffsetBegin":485,"characterOffsetEnd":490,"pos":"NN","before":" ","after":" "},{"index":12,"word":"data","originalText":"data","characterOffsetBegin":491,"characterOffsetEnd":495,"pos":"NNS","before":" ","after":" "},{"index":13,"word":"from","originalText":"from","characterOffsetBegin":496,"characterOffsetEnd":500,"pos":"IN","before":" ","after":" "},{"index":14,"word":"memory","originalText":"memory","characterOffsetBegin":501,"characterOffsetEnd":507,"pos":"NN","before":" ","after":""},{"index":15,"word":">","originalText":">","characterOffsetBegin":507,"characterOffsetEnd":508,"pos":"JJR","before":"","after":" "},{"index":16,"word":"pixrects","originalText":"pixrects","characterOffsetBegin":509,"characterOffsetEnd":517,"pos":"NNS","before":" ","after":" "},{"index":17,"word":"to","originalText":"to","characterOffsetBegin":518,"characterOffsetEnd":520,"pos":"TO","before":" ","after":" "},{"index":18,"word":"a","originalText":"a","characterOffsetBegin":521,"characterOffsetEnd":522,"pos":"DT","before":" ","after":" "},{"index":19,"word":"canvas","originalText":"canvas","characterOffsetBegin":523,"characterOffsetEnd":529,"pos":"NN","before":" ","after":""},{"index":20,"word":".","originalText":".","characterOffsetBegin":529,"characterOffsetEnd":530,"pos":".","before":"","after":" "}]},{"index":6,"tokens":[{"index":1,"word":"This","originalText":"This","characterOffsetBegin":531,"characterOffsetEnd":535,"pos":"DT","before":" ","after":" "},{"index":2,"word":"was","originalText":"was","characterOffsetBegin":536,"characterOffsetEnd":539,"pos":"VBD","before":" ","after":" "},{"index":3,"word":"on","originalText":"on","characterOffsetBegin":540,"characterOffsetEnd":542,"pos":"IN","before":" ","after":" "},{"index":4,"word":"a","originalText":"a","characterOffsetBegin":543,"characterOffsetEnd":544,"pos":"DT","before":" ","after":" "},{"index":5,"word":"Sparc","originalText":"Sparc","characterOffsetBegin":545,"characterOffsetEnd":550,"pos":"NNP","before":" ","after":" "},{"index":6,"word":"IPX","originalText":"IPX","characterOffsetBegin":551,"characterOffsetEnd":554,"pos":"NNP","before":" ","after":""},{"index":7,"word":".","originalText":".","characterOffsetBegin":554,"characterOffsetEnd":555,"pos":".","before":"","after":" "}]},{"index":7,"tokens":[{"index":1,"word":"It","originalText":"It","characterOffsetBegin":556,"characterOffsetEnd":558,"pos":"PRP","before":" ","after":" "},{"index":2,"word":"seems","originalText":"seems","characterOffsetBegin":559,"characterOffsetEnd":564,"pos":"VBZ","before":" ","after":" "},{"index":3,"word":"that","originalText":"that","characterOffsetBegin":565,"characterOffsetEnd":569,"pos":"IN","before":" ","after":""},{"index":4,"word":":","originalText":":","characterOffsetBegin":569,"characterOffsetEnd":570,"pos":":","before":"","after":""},{"index":5,"word":">","originalText":">","characterOffsetBegin":570,"characterOffsetEnd":571,"pos":"JJR","before":"","after":" "},{"index":6,"word":"-LRB-","originalText":"(","characterOffsetBegin":572,"characterOffsetEnd":573,"pos":"-LRB-","before":" ","after":""},{"index":7,"word":"1","originalText":"1","characterOffsetBegin":573,"characterOffsetEnd":574,"pos":"LS","before":"","after":""},{"index":8,"word":"-RRB-","originalText":")","characterOffsetBegin":574,"characterOffsetEnd":575,"pos":"-RRB-","before":"","after":" "},{"index":9,"word":"the","originalText":"the","characterOffsetBegin":576,"characterOffsetEnd":579,"pos":"DT","before":" ","after":" "},{"index":10,"word":"X","originalText":"X","characterOffsetBegin":580,"characterOffsetEnd":581,"pos":"NN","before":" ","after":" "},{"index":11,"word":"protocol","originalText":"protocol","characterOffsetBegin":582,"characterOffsetEnd":590,"pos":"NN","before":" ","after":" "},{"index":12,"word":"communication","originalText":"communication","characterOffsetBegin":591,"characterOffsetEnd":604,"pos":"NN","before":" ","after":" "},{"index":13,"word":"is","originalText":"is","characterOffsetBegin":605,"characterOffsetEnd":607,"pos":"VBZ","before":" ","after":" "},{"index":14,"word":"slowing","originalText":"slowing","characterOffsetBegin":608,"characterOffsetEnd":615,"pos":"VBG","before":" ","after":" "},{"index":15,"word":"things","originalText":"things","characterOffsetBegin":616,"characterOffsetEnd":622,"pos":"NNS","before":" ","after":" "},{"index":16,"word":"down","originalText":"down","characterOffsetBegin":623,"characterOffsetEnd":627,"pos":"RB","before":" ","after":""},{"index":17,"word":";","originalText":";","characterOffsetBegin":627,"characterOffsetEnd":628,"pos":":","before":"","after":" "},{"index":18,"word":"or","originalText":"or","characterOffsetBegin":629,"characterOffsetEnd":631,"pos":"CC","before":" ","after":""},{"index":19,"word":">","originalText":">","characterOffsetBegin":631,"characterOffsetEnd":632,"pos":"JJR","before":"","after":" "},{"index":20,"word":"-LRB-","originalText":"(","characterOffsetBegin":633,"characterOffsetEnd":634,"pos":"-LRB-","before":" ","after":""},{"index":21,"word":"2","originalText":"2","characterOffsetBegin":634,"characterOffsetEnd":635,"pos":"LS","before":"","after":""},{"index":22,"word":"-RRB-","originalText":")","characterOffsetBegin":635,"characterOffsetEnd":636,"pos":"-RRB-","before":"","after":" "},{"index":23,"word":"XPutImage","originalText":"XPutImage","characterOffsetBegin":637,"characterOffsetEnd":646,"pos":"NN","before":" ","after":" "},{"index":24,"word":"is","originalText":"is","characterOffsetBegin":647,"characterOffsetEnd":649,"pos":"VBZ","before":" ","after":" "},{"index":25,"word":"inefficient","originalText":"inefficient","characterOffsetBegin":650,"characterOffsetEnd":661,"pos":"JJ","before":" ","after":""},{"index":26,"word":"...","originalText":"...","characterOffsetBegin":661,"characterOffsetEnd":664,"pos":":","before":"","after":""},{"index":27,"word":"or","originalText":"or","characterOffsetBegin":664,"characterOffsetEnd":666,"pos":"CC","before":"","after":" "},{"index":28,"word":"both","originalText":"both","characterOffsetBegin":667,"characterOffsetEnd":671,"pos":"DT","before":" ","after":""},{"index":29,"word":"!","originalText":"!","characterOffsetBegin":671,"characterOffsetEnd":672,"pos":".","before":"","after":" "}]},{"index":8,"tokens":[{"index":1,"word":"My","originalText":"My","characterOffsetBegin":673,"characterOffsetEnd":675,"pos":"PRP$","before":" ","after":" "},{"index":2,"word":"question","originalText":"question","characterOffsetBegin":676,"characterOffsetEnd":684,"pos":"NN","before":" ","after":" "},{"index":3,"word":"is","originalText":"is","characterOffsetBegin":685,"characterOffsetEnd":687,"pos":"VBZ","before":" ","after":""},{"index":4,"word":",","originalText":",","characterOffsetBegin":687,"characterOffsetEnd":688,"pos":",","before":"","after":" "},{"index":5,"word":"what","originalText":"what","characterOffsetBegin":689,"characterOffsetEnd":693,"pos":"WDT","before":" ","after":""},{"index":6,"word":">","originalText":">","characterOffsetBegin":693,"characterOffsetEnd":694,"pos":"JJR","before":"","after":" "},{"index":7,"word":"is","originalText":"is","characterOffsetBegin":695,"characterOffsetEnd":697,"pos":"VBZ","before":" ","after":" "},{"index":8,"word":"the","originalText":"the","characterOffsetBegin":698,"characterOffsetEnd":701,"pos":"DT","before":" ","after":" "},{"index":9,"word":"fastest","originalText":"fastest","characterOffsetBegin":702,"characterOffsetEnd":709,"pos":"JJS","before":" ","after":" "},{"index":10,"word":"way","originalText":"way","characterOffsetBegin":710,"characterOffsetEnd":713,"pos":"NN","before":" ","after":" "},{"index":11,"word":"in","originalText":"in","characterOffsetBegin":714,"characterOffsetEnd":716,"pos":"IN","before":" ","after":" "},{"index":12,"word":"X11R5","originalText":"X11R5","characterOffsetBegin":717,"characterOffsetEnd":722,"pos":"NN","before":" ","after":" "},{"index":13,"word":"to","originalText":"to","characterOffsetBegin":723,"characterOffsetEnd":725,"pos":"TO","before":" ","after":" "},{"index":14,"word":"dump","originalText":"dump","characterOffsetBegin":726,"characterOffsetEnd":730,"pos":"VB","before":" ","after":" "},{"index":15,"word":"8","originalText":"8","characterOffsetBegin":731,"characterOffsetEnd":732,"pos":"CD","before":" ","after":" "},{"index":16,"word":"plane","originalText":"plane","characterOffsetBegin":733,"characterOffsetEnd":738,"pos":"NN","before":" ","after":" "},{"index":17,"word":"image","originalText":"image","characterOffsetBegin":739,"characterOffsetEnd":744,"pos":"NN","before":" ","after":" "},{"index":18,"word":"data","originalText":"data","characterOffsetBegin":745,"characterOffsetEnd":749,"pos":"NNS","before":" ","after":" "},{"index":19,"word":"to","originalText":"to","characterOffsetBegin":750,"characterOffsetEnd":752,"pos":"TO","before":" ","after":""},{"index":20,"word":">","originalText":">","characterOffsetBegin":752,"characterOffsetEnd":753,"pos":"JJR","before":"","after":" "},{"index":21,"word":"a","originalText":"a","characterOffsetBegin":754,"characterOffsetEnd":755,"pos":"DT","before":" ","after":" "},{"index":22,"word":"window","originalText":"window","characterOffsetBegin":756,"characterOffsetEnd":762,"pos":"NN","before":" ","after":""},{"index":23,"word":"?","originalText":"?","characterOffsetBegin":762,"characterOffsetEnd":763,"pos":".","before":"","after":" "}]},{"index":9,"tokens":[{"index":1,"word":"Can","originalText":"Can","characterOffsetBegin":764,"characterOffsetEnd":767,"pos":"MD","before":" ","after":" "},{"index":2,"word":"I","originalText":"I","characterOffsetBegin":768,"characterOffsetEnd":769,"pos":"PRP","before":" ","after":" "},{"index":3,"word":"take","originalText":"take","characterOffsetBegin":770,"characterOffsetEnd":774,"pos":"VB","before":" ","after":" "},{"index":4,"word":"advantage","originalText":"advantage","characterOffsetBegin":775,"characterOffsetEnd":784,"pos":"NN","before":" ","after":" "},{"index":5,"word":"of","originalText":"of","characterOffsetBegin":785,"characterOffsetEnd":787,"pos":"IN","before":" ","after":" "},{"index":6,"word":"the","originalText":"the","characterOffsetBegin":788,"characterOffsetEnd":791,"pos":"DT","before":" ","after":" "},{"index":7,"word":"fact","originalText":"fact","characterOffsetBegin":792,"characterOffsetEnd":796,"pos":"NN","before":" ","after":" "},{"index":8,"word":"that","originalText":"that","characterOffsetBegin":797,"characterOffsetEnd":801,"pos":"IN","before":" ","after":" "},{"index":9,"word":"the","originalText":"the","characterOffsetBegin":802,"characterOffsetEnd":805,"pos":"DT","before":" ","after":" "},{"index":10,"word":"client","originalText":"client","characterOffsetBegin":806,"characterOffsetEnd":812,"pos":"NN","before":" ","after":" "},{"index":11,"word":"is","originalText":"is","characterOffsetBegin":813,"characterOffsetEnd":815,"pos":"VBZ","before":" ","after":""},{"index":12,"word":">","originalText":">","characterOffsetBegin":815,"characterOffsetEnd":816,"pos":"JJR","before":"","after":" "},{"index":13,"word":"running","originalText":"running","characterOffsetBegin":817,"characterOffsetEnd":824,"pos":"VBG","before":" ","after":" "},{"index":14,"word":"on","originalText":"on","characterOffsetBegin":825,"characterOffsetEnd":827,"pos":"IN","before":" ","after":" "},{"index":15,"word":"the","originalText":"the","characterOffsetBegin":828,"characterOffsetEnd":831,"pos":"DT","before":" ","after":" "},{"index":16,"word":"same","originalText":"same","characterOffsetBegin":832,"characterOffsetEnd":836,"pos":"JJ","before":" ","after":" "},{"index":17,"word":"machine","originalText":"machine","characterOffsetBegin":837,"characterOffsetEnd":844,"pos":"NN","before":" ","after":" "},{"index":18,"word":"as","originalText":"as","characterOffsetBegin":845,"characterOffsetEnd":847,"pos":"IN","before":" ","after":" "},{"index":19,"word":"the","originalText":"the","characterOffsetBegin":848,"characterOffsetEnd":851,"pos":"DT","before":" ","after":" "},{"index":20,"word":"server","originalText":"server","characterOffsetBegin":852,"characterOffsetEnd":858,"pos":"NN","before":" ","after":""},{"index":21,"word":"?","originalText":"?","characterOffsetBegin":858,"characterOffsetEnd":859,"pos":".","before":"","after":" "}]},{"index":10,"tokens":[{"index":1,"word":"Or","originalText":"Or","characterOffsetBegin":860,"characterOffsetEnd":862,"pos":"CC","before":" ","after":" "},{"index":2,"word":"am","originalText":"am","characterOffsetBegin":863,"characterOffsetEnd":865,"pos":"VBP","before":" ","after":" "},{"index":3,"word":"I","originalText":"I","characterOffsetBegin":866,"characterOffsetEnd":867,"pos":"PRP","before":" ","after":" "},{"index":4,"word":"stuck","originalText":"stuck","characterOffsetBegin":868,"characterOffsetEnd":873,"pos":"VBD","before":" ","after":" "},{"index":5,"word":"with","originalText":"with","characterOffsetBegin":874,"characterOffsetEnd":878,"pos":"IN","before":" ","after":""},{"index":6,"word":">","originalText":">","characterOffsetBegin":878,"characterOffsetEnd":879,"pos":"JJR","before":"","after":" "},{"index":7,"word":"XPutImage","originalText":"XPutImage","characterOffsetBegin":880,"characterOffsetEnd":889,"pos":"NN","before":" ","after":""},{"index":8,"word":"-LRB-","originalText":"(","characterOffsetBegin":889,"characterOffsetEnd":890,"pos":"-LRB-","before":"","after":""},{"index":9,"word":"-RRB-","originalText":")","characterOffsetBegin":890,"characterOffsetEnd":891,"pos":"-RRB-","before":"","after":" "},{"index":10,"word":"-LRB-","originalText":"(","characterOffsetBegin":892,"characterOffsetEnd":893,"pos":"-LRB-","before":" ","after":""},{"index":11,"word":"in","originalText":"in","characterOffsetBegin":893,"characterOffsetEnd":895,"pos":"IN","before":"","after":" "},{"index":12,"word":"which","originalText":"which","characterOffsetBegin":896,"characterOffsetEnd":901,"pos":"WDT","before":" ","after":" "},{"index":13,"word":"case","originalText":"case","characterOffsetBegin":902,"characterOffsetEnd":906,"pos":"NN","before":" ","after":" "},{"index":14,"word":"I","originalText":"I","characterOffsetBegin":907,"characterOffsetEnd":908,"pos":"PRP","before":" ","after":" "},{"index":15,"word":"might","originalText":"might","characterOffsetBegin":909,"characterOffsetEnd":914,"pos":"MD","before":" ","after":" "},{"index":16,"word":"as","originalText":"as","characterOffsetBegin":915,"characterOffsetEnd":917,"pos":"RB","before":" ","after":" "},{"index":17,"word":"well","originalText":"well","characterOffsetBegin":918,"characterOffsetEnd":922,"pos":"RB","before":" ","after":" "},{"index":18,"word":"give","originalText":"give","characterOffsetBegin":923,"characterOffsetEnd":927,"pos":"VB","before":" ","after":" "},{"index":19,"word":"up","originalText":"up","characterOffsetBegin":928,"characterOffsetEnd":930,"pos":"RP","before":" ","after":" "},{"index":20,"word":"now","originalText":"now","characterOffsetBegin":931,"characterOffsetEnd":934,"pos":"RB","before":" ","after":""},{"index":21,"word":"...","originalText":"...","characterOffsetBegin":934,"characterOffsetEnd":937,"pos":":","before":"","after":""},{"index":22,"word":"-RRB-","originalText":")","characterOffsetBegin":937,"characterOffsetEnd":938,"pos":"-RRB-","before":"","after":""},{"index":23,"word":"?","originalText":"?","characterOffsetBegin":938,"characterOffsetEnd":939,"pos":".","before":"","after":""},{"index":24,"word":">","originalText":">","characterOffsetBegin":939,"characterOffsetEnd":940,"pos":"JJR","before":"","after":" "},{"index":25,"word":">","originalText":">","characterOffsetBegin":941,"characterOffsetEnd":942,"pos":"JJR","before":" ","after":" "}]},{"index":11,"tokens":[{"index":1,"word":"All","originalText":"All","characterOffsetBegin":943,"characterOffsetEnd":946,"pos":"DT","before":" ","after":" "},{"index":2,"word":"help","originalText":"help","characterOffsetBegin":947,"characterOffsetEnd":951,"pos":"NN","before":" ","after":" "},{"index":3,"word":"appreciated","originalText":"appreciated","characterOffsetBegin":952,"characterOffsetEnd":963,"pos":"VBD","before":" ","after":""},{"index":4,"word":"...","originalText":"...","characterOffsetBegin":963,"characterOffsetEnd":966,"pos":":","before":"","after":""},{"index":5,"word":"thanks","originalText":"thanks","characterOffsetBegin":966,"characterOffsetEnd":972,"pos":"NNS","before":"","after":""},{"index":6,"word":"!","originalText":"!","characterOffsetBegin":972,"characterOffsetEnd":973,"pos":".","before":"","after":""},{"index":7,"word":">","originalText":">","characterOffsetBegin":973,"characterOffsetEnd":974,"pos":"JJR","before":"","after":" "},{"index":8,"word":">","originalText":">","characterOffsetBegin":975,"characterOffsetEnd":976,"pos":"JJR","before":" ","after":" "}]},{"index":12,"tokens":[{"index":1,"word":"Derek","originalText":"Derek","characterOffsetBegin":977,"characterOffsetEnd":982,"pos":"NNP","before":" ","after":""},{"index":2,"word":">","originalText":">","characterOffsetBegin":982,"characterOffsetEnd":983,"pos":"JJR","before":"","after":" "},{"index":3,"word":">","originalText":">","characterOffsetBegin":984,"characterOffsetEnd":985,"pos":"JJR","before":" ","after":""},{"index":4,"word":"In","originalText":"In","characterOffsetBegin":985,"characterOffsetEnd":987,"pos":"IN","before":"","after":" "},{"index":5,"word":"article","originalText":"article","characterOffsetBegin":988,"characterOffsetEnd":995,"pos":"NN","before":" ","after":" "},{"index":6,"word":"16330@infodev.cam.ac.uk,","originalText":"16330@infodev.cam.ac.uk,","characterOffsetBegin":996,"characterOffsetEnd":1020,"pos":"NN","before":" ","after":" "},{"index":7,"word":"dcr@mail.ast.cam.ac.uk","originalText":"dcr@mail.ast.cam.ac.uk","characterOffsetBegin":1021,"characterOffsetEnd":1043,"pos":"NN","before":" ","after":" "},{"index":8,"word":"-LRB-","originalText":"(","characterOffsetBegin":1044,"characterOffsetEnd":1045,"pos":"-LRB-","before":" ","after":""},{"index":9,"word":"Derek","originalText":"Derek","characterOffsetBegin":1045,"characterOffsetEnd":1050,"pos":"NNP","before":"","after":" "},{"index":10,"word":"C.","originalText":"C.","characterOffsetBegin":1051,"characterOffsetEnd":1053,"pos":"NNP","before":" ","after":" "},{"index":11,"word":"Richardson","originalText":"Richardson","characterOffsetBegin":1054,"characterOffsetEnd":1064,"pos":"NNP","before":" ","after":""},{"index":12,"word":"-RRB-","originalText":")","characterOffsetBegin":1064,"characterOffsetEnd":1065,"pos":"-RRB-","before":"","after":" "},{"index":13,"word":"writes","originalText":"writes","characterOffsetBegin":1066,"characterOffsetEnd":1072,"pos":"VBZ","before":" ","after":""},{"index":14,"word":":","originalText":":","characterOffsetBegin":1072,"characterOffsetEnd":1073,"pos":":","before":"","after":" "},{"index":15,"word":"-----------------------------------------------------------","originalText":"-----------------------------------------------------------","characterOffsetBegin":1074,"characterOffsetEnd":1133,"pos":"CD","before":" ","after":""},{"index":16,"word":">","originalText":">","characterOffsetBegin":1133,"characterOffsetEnd":1134,"pos":"JJR","before":"","after":" "},{"index":17,"word":"|","originalText":"|","characterOffsetBegin":1135,"characterOffsetEnd":1136,"pos":"CD","before":" ","after":" "},{"index":18,"word":"Derek","originalText":"Derek","characterOffsetBegin":1137,"characterOffsetEnd":1142,"pos":"NNP","before":" ","after":" "},{"index":19,"word":"C.","originalText":"C.","characterOffsetBegin":1143,"characterOffsetEnd":1145,"pos":"NNP","before":" ","after":" "},{"index":20,"word":"Richardson","originalText":"Richardson","characterOffsetBegin":1146,"characterOffsetEnd":1156,"pos":"NNP","before":" ","after":"    "},{"index":21,"word":"|","originalText":"|","characterOffsetBegin":1160,"characterOffsetEnd":1161,"pos":"NNP","before":"    ","after":" "},{"index":22,"word":"Tel","originalText":"Tel","characterOffsetBegin":1162,"characterOffsetEnd":1165,"pos":"NNP","before":" ","after":""},{"index":23,"word":":","originalText":":","characterOffsetBegin":1165,"characterOffsetEnd":1166,"pos":":","before":"","after":" "},{"index":24,"word":"-LRB-","originalText":"(","characterOffsetBegin":1167,"characterOffsetEnd":1168,"pos":"-LRB-","before":" ","after":""},{"index":25,"word":"0223","originalText":"0223","characterOffsetBegin":1168,"characterOffsetEnd":1172,"pos":"CD","before":"","after":""},{"index":26,"word":"-RRB-","originalText":")","characterOffsetBegin":1172,"characterOffsetEnd":1173,"pos":"-RRB-","before":"","after":" "},{"index":27,"word":"337548","originalText":"337548","characterOffsetBegin":1174,"characterOffsetEnd":1180,"pos":"CD","before":" ","after":" "},{"index":28,"word":"x","originalText":"x","characterOffsetBegin":1181,"characterOffsetEnd":1182,"pos":"CC","before":" ","after":" "},{"index":29,"word":"37501","originalText":"37501","characterOffsetBegin":1183,"characterOffsetEnd":1188,"pos":"CD","before":" ","after":"     "},{"index":30,"word":"|","originalText":"|","characterOffsetBegin":1193,"characterOffsetEnd":1194,"pos":"CD","before":"     ","after":""},{"index":31,"word":">","originalText":">","characterOffsetBegin":1194,"characterOffsetEnd":1195,"pos":"JJR","before":"","after":" "},{"index":32,"word":"|","originalText":"|","characterOffsetBegin":1196,"characterOffsetEnd":1197,"pos":"CD","before":" ","after":" "},{"index":33,"word":"Institute","originalText":"Institute","characterOffsetBegin":1198,"characterOffsetEnd":1207,"pos":"NNP","before":" ","after":" "},{"index":34,"word":"of","originalText":"of","characterOffsetBegin":1208,"characterOffsetEnd":1210,"pos":"IN","before":" ","after":" "},{"index":35,"word":"Astronomy","originalText":"Astronomy","characterOffsetBegin":1211,"characterOffsetEnd":1220,"pos":"NNP","before":" ","after":" "},{"index":36,"word":"|","originalText":"|","characterOffsetBegin":1221,"characterOffsetEnd":1222,"pos":"NNP","before":" ","after":" "},{"index":37,"word":"Fax","originalText":"Fax","characterOffsetBegin":1223,"characterOffsetEnd":1226,"pos":"NNP","before":" ","after":""},{"index":38,"word":":","originalText":":","characterOffsetBegin":1226,"characterOffsetEnd":1227,"pos":":","before":"","after":" "},{"index":39,"word":"-LRB-","originalText":"(","characterOffsetBegin":1228,"characterOffsetEnd":1229,"pos":"-LRB-","before":" ","after":""},{"index":40,"word":"0223","originalText":"0223","characterOffsetBegin":1229,"characterOffsetEnd":1233,"pos":"CD","before":"","after":""},{"index":41,"word":"-RRB-","originalText":")","characterOffsetBegin":1233,"characterOffsetEnd":1234,"pos":"-RRB-","before":"","after":" "},{"index":42,"word":"337523","originalText":"337523","characterOffsetBegin":1235,"characterOffsetEnd":1241,"pos":"CD","before":" ","after":"             "},{"index":43,"word":"|","originalText":"|","characterOffsetBegin":1254,"characterOffsetEnd":1255,"pos":"CD","before":"             ","after":""},{"index":44,"word":">","originalText":">","characterOffsetBegin":1255,"characterOffsetEnd":1256,"pos":"JJR","before":"","after":" "},{"index":45,"word":"|","originalText":"|","characterOffsetBegin":1257,"characterOffsetEnd":1258,"pos":"CD","before":" ","after":" "},{"index":46,"word":"Cambridge","originalText":"Cambridge","characterOffsetBegin":1259,"characterOffsetEnd":1268,"pos":"NNP","before":" ","after":""},{"index":47,"word":",","originalText":",","characterOffsetBegin":1268,"characterOffsetEnd":1269,"pos":",","before":"","after":" "},{"index":48,"word":"U.K.","originalText":"U.K.","characterOffsetBegin":1270,"characterOffsetEnd":1274,"pos":"NNP","before":" ","after":"        "},{"index":49,"word":"|","originalText":"|","characterOffsetBegin":1282,"characterOffsetEnd":1283,"pos":"CD","before":"        ","after":"                                "},{"index":50,"word":"|","originalText":"|","characterOffsetBegin":1315,"characterOffsetEnd":1316,"pos":"CD","before":"                                ","after":""},{"index":51,"word":">","originalText":">","characterOffsetBegin":1316,"characterOffsetEnd":1317,"pos":"JJR","before":"","after":" "},{"index":52,"word":"|","originalText":"|","characterOffsetBegin":1318,"characterOffsetEnd":1319,"pos":"CD","before":" ","after":" "},{"index":53,"word":"CB3","originalText":"CB3","characterOffsetBegin":1320,"characterOffsetEnd":1323,"pos":"NN","before":" ","after":" "},{"index":54,"word":"0HA","originalText":"0HA","characterOffsetBegin":1324,"characterOffsetEnd":1327,"pos":"NN","before":" ","after":"                "},{"index":55,"word":"|","originalText":"|","characterOffsetBegin":1343,"characterOffsetEnd":1344,"pos":"CD","before":"                ","after":" "},{"index":56,"word":"E-mail","originalText":"E-mail","characterOffsetBegin":1345,"characterOffsetEnd":1351,"pos":"NN","before":" ","after":""},{"index":57,"word":":","originalText":":","characterOffsetBegin":1351,"characterOffsetEnd":1352,"pos":":","before":"","after":" "},{"index":58,"word":"dcr@mail.ast.cam.ac.uk","originalText":"dcr@mail.ast.cam.ac.uk","characterOffsetBegin":1353,"characterOffsetEnd":1375,"pos":"NN","before":" ","after":" "},{"index":59,"word":"|","originalText":"|","characterOffsetBegin":1376,"characterOffsetEnd":1377,"pos":"CD","before":" ","after":""},{"index":60,"word":">","originalText":">","characterOffsetBegin":1377,"characterOffsetEnd":1378,"pos":"JJR","before":"","after":" "},{"index":61,"word":"-----------------------------------------------------------","originalText":"-----------------------------------------------------------","characterOffsetBegin":1379,"characterOffsetEnd":1438,"pos":"CD","before":" ","after":""},{"index":62,"word":">","originalText":">","characterOffsetBegin":1438,"characterOffsetEnd":1439,"pos":"JJR","before":"","after":" "},{"index":63,"word":"Animation","originalText":"Animation","characterOffsetBegin":1440,"characterOffsetEnd":1449,"pos":"NN","before":" ","after":" "},{"index":64,"word":"is","originalText":"is","characterOffsetBegin":1450,"characterOffsetEnd":1452,"pos":"VBZ","before":" ","after":" "},{"index":65,"word":"most","originalText":"most","characterOffsetBegin":1453,"characterOffsetEnd":1457,"pos":"RBS","before":" ","after":" "},{"index":66,"word":"frequently","originalText":"frequently","characterOffsetBegin":1458,"characterOffsetEnd":1468,"pos":"RB","before":" ","after":" "},{"index":67,"word":"done","originalText":"done","characterOffsetBegin":1469,"characterOffsetEnd":1473,"pos":"VBN","before":" ","after":" "},{"index":68,"word":"by","originalText":"by","characterOffsetBegin":1474,"characterOffsetEnd":1476,"pos":"IN","before":" ","after":" "},{"index":69,"word":"copying","originalText":"copying","characterOffsetBegin":1477,"characterOffsetEnd":1484,"pos":"VBG","before":" ","after":" "},{"index":70,"word":"the","originalText":"the","characterOffsetBegin":1485,"characterOffsetEnd":1488,"pos":"DT","before":" ","after":" "},{"index":71,"word":"the","originalText":"the","characterOffsetBegin":1489,"characterOffsetEnd":1492,"pos":"DT","before":" ","after":" "},{"index":72,"word":"client","originalText":"client","characterOffsetBegin":1493,"characterOffsetEnd":1499,"pos":"NN","before":" ","after":" "},{"index":73,"word":"resident","originalText":"resident","characterOffsetBegin":1500,"characterOffsetEnd":1508,"pos":"JJ","before":" ","after":" "},{"index":74,"word":"XImages","originalText":"XImages","characterOffsetBegin":1509,"characterOffsetEnd":1516,"pos":"NNS","before":" ","after":" "},{"index":75,"word":"into","originalText":"into","characterOffsetBegin":1517,"characterOffsetEnd":1521,"pos":"IN","before":" ","after":" "},{"index":76,"word":"server","originalText":"server","characterOffsetBegin":1522,"characterOffsetEnd":1528,"pos":"NN","before":" ","after":" "},{"index":77,"word":"resident","originalText":"resident","characterOffsetBegin":1529,"characterOffsetEnd":1537,"pos":"JJ","before":" ","after":" "},{"index":78,"word":"Pixmap","originalText":"Pixmap","characterOffsetBegin":1538,"characterOffsetEnd":1544,"pos":"NN","before":" ","after":""},{"index":79,"word":"-LRB-","originalText":"(","characterOffsetBegin":1544,"characterOffsetEnd":1545,"pos":"-LRB-","before":"","after":""},{"index":80,"word":"s","originalText":"s","characterOffsetBegin":1545,"characterOffsetEnd":1546,"pos":"NNS","before":"","after":""},{"index":81,"word":"-RRB-","originalText":")","characterOffsetBegin":1546,"characterOffsetEnd":1547,"pos":"-RRB-","before":"","after":" "},{"index":82,"word":"using","originalText":"using","characterOffsetBegin":1548,"characterOffsetEnd":1553,"pos":"VBG","before":" ","after":" "},{"index":83,"word":"XPutImage","originalText":"XPutImage","characterOffsetBegin":1554,"characterOffsetEnd":1563,"pos":"NN","before":" ","after":""},{"index":84,"word":".","originalText":".","characterOffsetBegin":1563,"characterOffsetEnd":1564,"pos":".","before":"","after":"  "}]},{"index":13,"tokens":[{"index":1,"word":"Once","originalText":"Once","characterOffsetBegin":1566,"characterOffsetEnd":1570,"pos":"RB","before":"  ","after":" "},{"index":2,"word":"this","originalText":"this","characterOffsetBegin":1571,"characterOffsetEnd":1575,"pos":"DT","before":" ","after":" "},{"index":3,"word":"is","originalText":"is","characterOffsetBegin":1576,"characterOffsetEnd":1578,"pos":"VBZ","before":" ","after":" "},{"index":4,"word":"done","originalText":"done","characterOffsetBegin":1579,"characterOffsetEnd":1583,"pos":"VBN","before":" ","after":""},{"index":5,"word":",","originalText":",","characterOffsetBegin":1583,"characterOffsetEnd":1584,"pos":",","before":"","after":" "},{"index":6,"word":"the","originalText":"the","characterOffsetBegin":1585,"characterOffsetEnd":1588,"pos":"DT","before":" ","after":" "},{"index":7,"word":"original","originalText":"original","characterOffsetBegin":1589,"characterOffsetEnd":1597,"pos":"JJ","before":" ","after":" "},{"index":8,"word":"XImagescan","originalText":"XImagescan","characterOffsetBegin":1598,"characterOffsetEnd":1608,"pos":"NN","before":" ","after":" "},{"index":9,"word":"be","originalText":"be","characterOffsetBegin":1609,"characterOffsetEnd":1611,"pos":"VB","before":" ","after":" "},{"index":10,"word":"deleted","originalText":"deleted","characterOffsetBegin":1612,"characterOffsetEnd":1619,"pos":"VBN","before":" ","after":" "},{"index":11,"word":"and","originalText":"and","characterOffsetBegin":1620,"characterOffsetEnd":1623,"pos":"CC","before":" ","after":" "},{"index":12,"word":"the","originalText":"the","characterOffsetBegin":1624,"characterOffsetEnd":1627,"pos":"DT","before":" ","after":" "},{"index":13,"word":"animation","originalText":"animation","characterOffsetBegin":1628,"characterOffsetEnd":1637,"pos":"NN","before":" ","after":" "},{"index":14,"word":"loop","originalText":"loop","characterOffsetBegin":1638,"characterOffsetEnd":1642,"pos":"NN","before":" ","after":" "},{"index":15,"word":"can","originalText":"can","characterOffsetBegin":1643,"characterOffsetEnd":1646,"pos":"MD","before":" ","after":" "},{"index":16,"word":"be","originalText":"be","characterOffsetBegin":1647,"characterOffsetEnd":1649,"pos":"VB","before":" ","after":" "},{"index":17,"word":"performed","originalText":"performed","characterOffsetBegin":1650,"characterOffsetEnd":1659,"pos":"VBN","before":" ","after":" "},{"index":18,"word":"using","originalText":"using","characterOffsetBegin":1660,"characterOffsetEnd":1665,"pos":"VBG","before":" ","after":" "},{"index":19,"word":"XCopyArea","originalText":"XCopyArea","characterOffsetBegin":1666,"characterOffsetEnd":1675,"pos":"NN","before":" ","after":" "},{"index":20,"word":"from","originalText":"from","characterOffsetBegin":1676,"characterOffsetEnd":1680,"pos":"IN","before":" ","after":" "},{"index":21,"word":"the","originalText":"the","characterOffsetBegin":1681,"characterOffsetEnd":1684,"pos":"DT","before":" ","after":" "},{"index":22,"word":"Pixmaps","originalText":"Pixmaps","characterOffsetBegin":1685,"characterOffsetEnd":1692,"pos":"NNP","before":" ","after":" "},{"index":23,"word":"to","originalText":"to","characterOffsetBegin":1693,"characterOffsetEnd":1695,"pos":"TO","before":" ","after":" "},{"index":24,"word":"the","originalText":"the","characterOffsetBegin":1696,"characterOffsetEnd":1699,"pos":"DT","before":" ","after":" "},{"index":25,"word":"windows","originalText":"windows","characterOffsetBegin":1700,"characterOffsetEnd":1707,"pos":"NNS","before":" ","after":" "},{"index":26,"word":"drawable.Hope","originalText":"drawable.Hope","characterOffsetBegin":1708,"characterOffsetEnd":1721,"pos":"NN","before":" ","after":" "},{"index":27,"word":"this","originalText":"this","characterOffsetBegin":1722,"characterOffsetEnd":1726,"pos":"DT","before":" ","after":" "},{"index":28,"word":"is","originalText":"is","characterOffsetBegin":1727,"characterOffsetEnd":1729,"pos":"VBZ","before":" ","after":" "},{"index":29,"word":"helpfull.John","originalText":"helpfull.John","characterOffsetBegin":1730,"characterOffsetEnd":1743,"pos":"NNP","before":" ","after":""}]}]}