{"sentences":[{"index":0,"tokens":[{"index":1,"word":"From","originalText":"From","characterOffsetBegin":0,"characterOffsetEnd":4,"pos":"IN","before":"","after":""},{"index":2,"word":":","originalText":":","characterOffsetBegin":4,"characterOffsetEnd":5,"pos":":","before":"","after":" "},{"index":3,"word":"skelley@umiacs.umd.edu","originalText":"skelley@umiacs.umd.edu","characterOffsetBegin":6,"characterOffsetEnd":28,"pos":"NN","before":" ","after":" "},{"index":4,"word":"-LRB-","originalText":"(","characterOffsetBegin":29,"characterOffsetEnd":30,"pos":"-LRB-","before":" ","after":""},{"index":5,"word":"Stephen","originalText":"Stephen","characterOffsetBegin":30,"characterOffsetEnd":37,"pos":"NNP","before":"","after":" "},{"index":6,"word":"Kelley","originalText":"Kelley","characterOffsetBegin":38,"characterOffsetEnd":44,"pos":"NNP","before":" ","after":""},{"index":7,"word":"-RRB-","originalText":")","characterOffsetBegin":44,"characterOffsetEnd":45,"pos":"-RRB-","before":"","after":""},{"index":8,"word":"Subject","originalText":"Subject","characterOffsetBegin":45,"characterOffsetEnd":52,"pos":"NNP","before":"","after":""},{"index":9,"word":":","originalText":":","characterOffsetBegin":52,"characterOffsetEnd":53,"pos":":","before":"","after":" "},{"index":10,"word":"Expose/Configure","originalText":"Expose/Configure","characterOffsetBegin":54,"characterOffsetEnd":70,"pos":"NN","before":" ","after":" "},{"index":11,"word":"event","originalText":"event","characterOffsetBegin":71,"characterOffsetEnd":76,"pos":"NN","before":" ","after":" "},{"index":12,"word":"handling","originalText":"handling","characterOffsetBegin":77,"characterOffsetEnd":85,"pos":"NN","before":" ","after":" "},{"index":13,"word":"-LRB-","originalText":"(","characterOffsetBegin":86,"characterOffsetEnd":87,"pos":"-LRB-","before":" ","after":""},{"index":14,"word":"R4","originalText":"R4","characterOffsetBegin":87,"characterOffsetEnd":89,"pos":"NN","before":"","after":" "},{"index":15,"word":"vs","originalText":"vs","characterOffsetBegin":90,"characterOffsetEnd":92,"pos":"CC","before":" ","after":" "},{"index":16,"word":"R5","originalText":"R5","characterOffsetBegin":93,"characterOffsetEnd":95,"pos":"NN","before":" ","after":""},{"index":17,"word":"-RRB-","originalText":")","characterOffsetBegin":95,"characterOffsetEnd":96,"pos":"-RRB-","before":"","after":""},{"index":18,"word":"I","originalText":"I","characterOffsetBegin":96,"characterOffsetEnd":97,"pos":"PRP","before":"","after":" "},{"index":19,"word":"have","originalText":"have","characterOffsetBegin":98,"characterOffsetEnd":102,"pos":"VBP","before":" ","after":" "},{"index":20,"word":"two","originalText":"two","characterOffsetBegin":103,"characterOffsetEnd":106,"pos":"CD","before":" ","after":" "},{"index":21,"word":"questions","originalText":"questions","characterOffsetBegin":107,"characterOffsetEnd":116,"pos":"NNS","before":" ","after":" "},{"index":22,"word":"-LRB-","originalText":"(","characterOffsetBegin":117,"characterOffsetEnd":118,"pos":"-LRB-","before":" ","after":""},{"index":23,"word":"well","originalText":"well","characterOffsetBegin":118,"characterOffsetEnd":122,"pos":"RB","before":"","after":" "},{"index":24,"word":"probably","originalText":"probably","characterOffsetBegin":123,"characterOffsetEnd":131,"pos":"RB","before":" ","after":" "},{"index":25,"word":"more","originalText":"more","characterOffsetBegin":132,"characterOffsetEnd":136,"pos":"RBR","before":" ","after":""},{"index":26,"word":"...","originalText":"...","characterOffsetBegin":136,"characterOffsetEnd":139,"pos":":","before":"","after":""},{"index":27,"word":"-RRB-","originalText":")","characterOffsetBegin":139,"characterOffsetEnd":140,"pos":"-RRB-","before":"","after":" "},{"index":28,"word":"about","originalText":"about","characterOffsetBegin":141,"characterOffsetEnd":146,"pos":"IN","before":" ","after":" "},{"index":29,"word":"how","originalText":"how","characterOffsetBegin":147,"characterOffsetEnd":150,"pos":"WRB","before":" ","after":" "},{"index":30,"word":"Expose","originalText":"Expose","characterOffsetBegin":151,"characterOffsetEnd":157,"pos":"NNP","before":" ","after":" "},{"index":31,"word":"&","originalText":"&","characterOffsetBegin":158,"characterOffsetEnd":159,"pos":"CC","before":" ","after":" "},{"index":32,"word":"Configureevents","originalText":"Configureevents","characterOffsetBegin":160,"characterOffsetEnd":175,"pos":"NNP","before":" ","after":" "},{"index":33,"word":"are","originalText":"are","characterOffsetBegin":176,"characterOffsetEnd":179,"pos":"VBP","before":" ","after":" "},{"index":34,"word":"handled.I","originalText":"handled.I","characterOffsetBegin":180,"characterOffsetEnd":189,"pos":"NNP","before":" ","after":" "},{"index":35,"word":"have","originalText":"have","characterOffsetBegin":190,"characterOffsetEnd":194,"pos":"VBP","before":" ","after":" "},{"index":36,"word":"an","originalText":"an","characterOffsetBegin":195,"characterOffsetEnd":197,"pos":"DT","before":" ","after":" "},{"index":37,"word":"appl","originalText":"appl","characterOffsetBegin":198,"characterOffsetEnd":202,"pos":"NN","before":" ","after":""},{"index":38,"word":".","originalText":".","characterOffsetBegin":202,"characterOffsetEnd":203,"pos":".","before":"","after":" "}]},{"index":1,"tokens":[{"index":1,"word":"which","originalText":"which","characterOffsetBegin":204,"characterOffsetEnd":209,"pos":"WDT","before":" ","after":" "},{"index":2,"word":"uses","originalText":"uses","characterOffsetBegin":210,"characterOffsetEnd":214,"pos":"VBZ","before":" ","after":" "},{"index":3,"word":"1","originalText":"1","characterOffsetBegin":215,"characterOffsetEnd":216,"pos":"CD","before":" ","after":" "},{"index":4,"word":"window","originalText":"window","characterOffsetBegin":217,"characterOffsetEnd":223,"pos":"NN","before":" ","after":" "},{"index":5,"word":"to","originalText":"to","characterOffsetBegin":224,"characterOffsetEnd":226,"pos":"TO","before":" ","after":" "},{"index":6,"word":"draw","originalText":"draw","characterOffsetBegin":227,"characterOffsetEnd":231,"pos":"VB","before":" ","after":" "},{"index":7,"word":"in","originalText":"in","characterOffsetBegin":232,"characterOffsetEnd":234,"pos":"IN","before":" ","after":""},{"index":8,"word":".","originalText":".","characterOffsetBegin":234,"characterOffsetEnd":235,"pos":".","before":"","after":"  "}]},{"index":2,"tokens":[{"index":1,"word":"Since","originalText":"Since","characterOffsetBegin":237,"characterOffsetEnd":242,"pos":"IN","before":"  ","after":" "},{"index":2,"word":"I","originalText":"I","characterOffsetBegin":243,"characterOffsetEnd":244,"pos":"PRP","before":" ","after":" "},{"index":3,"word":"give","originalText":"give","characterOffsetBegin":245,"characterOffsetEnd":249,"pos":"VBP","before":" ","after":" "},{"index":4,"word":"the","originalText":"the","characterOffsetBegin":250,"characterOffsetEnd":253,"pos":"DT","before":" ","after":" "},{"index":5,"word":"user","originalText":"user","characterOffsetBegin":254,"characterOffsetEnd":258,"pos":"NN","before":" ","after":" "},{"index":6,"word":"thecapability","originalText":"thecapability","characterOffsetBegin":259,"characterOffsetEnd":272,"pos":"NN","before":" ","after":" "},{"index":7,"word":"of","originalText":"of","characterOffsetBegin":273,"characterOffsetEnd":275,"pos":"IN","before":" ","after":" "},{"index":8,"word":"scaling","originalText":"scaling","characterOffsetBegin":276,"characterOffsetEnd":283,"pos":"NN","before":" ","after":" "},{"index":9,"word":"and","originalText":"and","characterOffsetBegin":284,"characterOffsetEnd":287,"pos":"CC","before":" ","after":" "},{"index":10,"word":"zooming","originalText":"zooming","characterOffsetBegin":288,"characterOffsetEnd":295,"pos":"VBG","before":" ","after":" "},{"index":11,"word":"as","originalText":"as","characterOffsetBegin":296,"characterOffsetEnd":298,"pos":"RB","before":" ","after":" "},{"index":12,"word":"well","originalText":"well","characterOffsetBegin":299,"characterOffsetEnd":303,"pos":"RB","before":" ","after":" "},{"index":13,"word":"as","originalText":"as","characterOffsetBegin":304,"characterOffsetEnd":306,"pos":"IN","before":" ","after":" "},{"index":14,"word":"allowing","originalText":"allowing","characterOffsetBegin":307,"characterOffsetEnd":315,"pos":"VBG","before":" ","after":" "},{"index":15,"word":"the","originalText":"the","characterOffsetBegin":316,"characterOffsetEnd":319,"pos":"DT","before":" ","after":" "},{"index":16,"word":"window","originalText":"window","characterOffsetBegin":320,"characterOffsetEnd":326,"pos":"NN","before":" ","after":" "},{"index":17,"word":"to","originalText":"to","characterOffsetBegin":327,"characterOffsetEnd":329,"pos":"TO","before":" ","after":" "},{"index":18,"word":"beresized","originalText":"beresized","characterOffsetBegin":330,"characterOffsetEnd":339,"pos":"VBN","before":" ","after":""},{"index":19,"word":",","originalText":",","characterOffsetBegin":339,"characterOffsetEnd":340,"pos":",","before":"","after":" "},{"index":20,"word":"I","originalText":"I","characterOffsetBegin":341,"characterOffsetEnd":342,"pos":"PRP","before":" ","after":" "},{"index":21,"word":"made","originalText":"made","characterOffsetBegin":343,"characterOffsetEnd":347,"pos":"VBD","before":" ","after":" "},{"index":22,"word":"a","originalText":"a","characterOffsetBegin":348,"characterOffsetEnd":349,"pos":"DT","before":" ","after":" "},{"index":23,"word":"translation","originalText":"translation","characterOffsetBegin":350,"characterOffsetEnd":361,"pos":"NN","before":" ","after":" "},{"index":24,"word":"table","originalText":"table","characterOffsetBegin":362,"characterOffsetEnd":367,"pos":"NN","before":" ","after":" "},{"index":25,"word":"for","originalText":"for","characterOffsetBegin":368,"characterOffsetEnd":371,"pos":"IN","before":" ","after":" "},{"index":26,"word":"the","originalText":"the","characterOffsetBegin":372,"characterOffsetEnd":375,"pos":"DT","before":" ","after":" "},{"index":27,"word":"Expose","originalText":"Expose","characterOffsetBegin":376,"characterOffsetEnd":382,"pos":"NNP","before":" ","after":" "},{"index":28,"word":"&","originalText":"&","characterOffsetBegin":383,"characterOffsetEnd":384,"pos":"CC","before":" ","after":" "},{"index":29,"word":"Configure","originalText":"Configure","characterOffsetBegin":385,"characterOffsetEnd":394,"pos":"NNP","before":" ","after":" "},{"index":30,"word":"events.The","originalText":"events.The","characterOffsetBegin":395,"characterOffsetEnd":405,"pos":"NNP","before":" ","after":" "},{"index":31,"word":"Expose","originalText":"Expose","characterOffsetBegin":406,"characterOffsetEnd":412,"pos":"VB","before":" ","after":" "},{"index":32,"word":"event","originalText":"event","characterOffsetBegin":413,"characterOffsetEnd":418,"pos":"NN","before":" ","after":" "},{"index":33,"word":"calls","originalText":"calls","characterOffsetBegin":419,"characterOffsetEnd":424,"pos":"NNS","before":" ","after":" "},{"index":34,"word":"my","originalText":"my","characterOffsetBegin":425,"characterOffsetEnd":427,"pos":"PRP$","before":" ","after":" "},{"index":35,"word":"redraw","originalText":"redraw","characterOffsetBegin":428,"characterOffsetEnd":434,"pos":"VB","before":" ","after":" "},{"index":36,"word":"method","originalText":"method","characterOffsetBegin":435,"characterOffsetEnd":441,"pos":"NN","before":" ","after":" "},{"index":37,"word":"while","originalText":"while","characterOffsetBegin":442,"characterOffsetEnd":447,"pos":"IN","before":" ","after":" "},{"index":38,"word":"the","originalText":"the","characterOffsetBegin":448,"characterOffsetEnd":451,"pos":"DT","before":" ","after":" "},{"index":39,"word":"Configure","originalText":"Configure","characterOffsetBegin":452,"characterOffsetEnd":461,"pos":"NNP","before":" ","after":" "},{"index":40,"word":"eventcalls","originalText":"eventcalls","characterOffsetBegin":462,"characterOffsetEnd":472,"pos":"NNS","before":" ","after":" "},{"index":41,"word":"my","originalText":"my","characterOffsetBegin":473,"characterOffsetEnd":475,"pos":"PRP$","before":" ","after":" "},{"index":42,"word":"rescale","originalText":"rescale","characterOffsetBegin":476,"characterOffsetEnd":483,"pos":"NN","before":" ","after":" "},{"index":43,"word":"method","originalText":"method","characterOffsetBegin":484,"characterOffsetEnd":490,"pos":"NN","before":" ","after":""},{"index":44,"word":".","originalText":".","characterOffsetBegin":490,"characterOffsetEnd":491,"pos":".","before":"","after":"  "}]},{"index":3,"tokens":[{"index":1,"word":"The","originalText":"The","characterOffsetBegin":493,"characterOffsetEnd":496,"pos":"DT","before":"  ","after":" "},{"index":2,"word":"rescale","originalText":"rescale","characterOffsetBegin":497,"characterOffsetEnd":504,"pos":"NN","before":" ","after":" "},{"index":3,"word":"method","originalText":"method","characterOffsetBegin":505,"characterOffsetEnd":511,"pos":"NN","before":" ","after":" "},{"index":4,"word":"invokes","originalText":"invokes","characterOffsetBegin":512,"characterOffsetEnd":519,"pos":"VBZ","before":" ","after":" "},{"index":5,"word":"a","originalText":"a","characterOffsetBegin":520,"characterOffsetEnd":521,"pos":"DT","before":" ","after":" "},{"index":6,"word":"``","originalText":"\"","characterOffsetBegin":522,"characterOffsetEnd":523,"pos":"``","before":" ","after":""},{"index":7,"word":"fake","originalText":"fake","characterOffsetBegin":523,"characterOffsetEnd":527,"pos":"JJ","before":"","after":""},{"index":8,"word":"''","originalText":"\"","characterOffsetBegin":527,"characterOffsetEnd":528,"pos":"''","before":"","after":" "},{"index":9,"word":"Exposeevent","originalText":"Exposeevent","characterOffsetBegin":529,"characterOffsetEnd":540,"pos":"NN","before":" ","after":" "},{"index":10,"word":"-LRB-","originalText":"(","characterOffsetBegin":541,"characterOffsetEnd":542,"pos":"-LRB-","before":" ","after":""},{"index":11,"word":"actually","originalText":"actually","characterOffsetBegin":542,"characterOffsetEnd":550,"pos":"RB","before":"","after":" "},{"index":12,"word":"just","originalText":"just","characterOffsetBegin":551,"characterOffsetEnd":555,"pos":"RB","before":" ","after":" "},{"index":13,"word":"calls","originalText":"calls","characterOffsetBegin":556,"characterOffsetEnd":561,"pos":"VBZ","before":" ","after":" "},{"index":14,"word":"the","originalText":"the","characterOffsetBegin":562,"characterOffsetEnd":565,"pos":"DT","before":" ","after":" "},{"index":15,"word":"redraw","originalText":"redraw","characterOffsetBegin":566,"characterOffsetEnd":572,"pos":"VB","before":" ","after":" "},{"index":16,"word":"w","originalText":"w","characterOffsetBegin":573,"characterOffsetEnd":574,"pos":"NN","before":" ","after":""},{"index":17,"word":"/","originalText":"/","characterOffsetBegin":574,"characterOffsetEnd":575,"pos":":","before":"","after":" "},{"index":18,"word":"an","originalText":"an","characterOffsetBegin":576,"characterOffsetEnd":578,"pos":"DT","before":" ","after":" "},{"index":19,"word":"appropriate","originalText":"appropriate","characterOffsetBegin":579,"characterOffsetEnd":590,"pos":"JJ","before":" ","after":" "},{"index":20,"word":"Expose","originalText":"Expose","characterOffsetBegin":591,"characterOffsetEnd":597,"pos":"NN","before":" ","after":" "},{"index":21,"word":"struct","originalText":"struct","characterOffsetBegin":598,"characterOffsetEnd":604,"pos":"NN","before":" ","after":""},{"index":22,"word":"-RRB-","originalText":")","characterOffsetBegin":604,"characterOffsetEnd":605,"pos":"-RRB-","before":"","after":""},{"index":23,"word":"to","originalText":"to","characterOffsetBegin":605,"characterOffsetEnd":607,"pos":"TO","before":"","after":" "},{"index":24,"word":"draw","originalText":"draw","characterOffsetBegin":608,"characterOffsetEnd":612,"pos":"VB","before":" ","after":" "},{"index":25,"word":"the","originalText":"the","characterOffsetBegin":613,"characterOffsetEnd":616,"pos":"DT","before":" ","after":" "},{"index":26,"word":"data.Quest","originalText":"data.Quest","characterOffsetBegin":617,"characterOffsetEnd":627,"pos":"NNP","before":" ","after":" "},{"index":27,"word":"1","originalText":"1","characterOffsetBegin":628,"characterOffsetEnd":629,"pos":"CD","before":" ","after":""},{"index":28,"word":".","originalText":".","characterOffsetBegin":629,"characterOffsetEnd":630,"pos":".","before":"","after":""}]},{"index":4,"tokens":[{"index":1,"word":"When","originalText":"When","characterOffsetBegin":630,"characterOffsetEnd":634,"pos":"WRB","before":"","after":" "},{"index":2,"word":"the","originalText":"the","characterOffsetBegin":635,"characterOffsetEnd":638,"pos":"DT","before":" ","after":" "},{"index":3,"word":"appl","originalText":"appl","characterOffsetBegin":639,"characterOffsetEnd":643,"pos":"NN","before":" ","after":""},{"index":4,"word":".","originalText":".","characterOffsetBegin":643,"characterOffsetEnd":644,"pos":".","before":"","after":" "}]},{"index":5,"tokens":[{"index":1,"word":"is","originalText":"is","characterOffsetBegin":645,"characterOffsetEnd":647,"pos":"VBZ","before":" ","after":" "},{"index":2,"word":"compiled/linked","originalText":"compiled/linked","characterOffsetBegin":648,"characterOffsetEnd":663,"pos":"VBN","before":" ","after":" "},{"index":3,"word":"w","originalText":"w","characterOffsetBegin":664,"characterOffsetEnd":665,"pos":"NN","before":" ","after":""},{"index":4,"word":"/","originalText":"/","characterOffsetBegin":665,"characterOffsetEnd":666,"pos":":","before":"","after":" "},{"index":5,"word":"R4","originalText":"R4","characterOffsetBegin":667,"characterOffsetEnd":669,"pos":"NN","before":" ","after":" "},{"index":6,"word":"-LRB-","originalText":"(","characterOffsetBegin":670,"characterOffsetEnd":671,"pos":"-LRB-","before":" ","after":""},{"index":7,"word":"running","originalText":"running","characterOffsetBegin":671,"characterOffsetEnd":678,"pos":"VBG","before":"","after":" "},{"index":8,"word":"in","originalText":"in","characterOffsetBegin":679,"characterOffsetEnd":681,"pos":"IN","before":" ","after":" "},{"index":9,"word":"either","originalText":"either","characterOffsetBegin":682,"characterOffsetEnd":688,"pos":"CC","before":" ","after":" "},{"index":10,"word":"R4","originalText":"R4","characterOffsetBegin":689,"characterOffsetEnd":691,"pos":"NN","before":" ","after":" "},{"index":11,"word":"or","originalText":"or","characterOffsetBegin":692,"characterOffsetEnd":694,"pos":"CC","before":" ","after":" "},{"index":12,"word":"R5","originalText":"R5","characterOffsetBegin":695,"characterOffsetEnd":697,"pos":"NN","before":" ","after":" "},{"index":13,"word":"env","originalText":"env","characterOffsetBegin":698,"characterOffsetEnd":701,"pos":"NN","before":" ","after":""},{"index":14,"word":".","originalText":".","characterOffsetBegin":701,"characterOffsetEnd":702,"pos":".","before":"","after":""},{"index":15,"word":"-RRB-","originalText":")","characterOffsetBegin":702,"characterOffsetEnd":703,"pos":"-RRB-","before":"","after":""}]},{"index":6,"tokens":[{"index":1,"word":"I","originalText":"I","characterOffsetBegin":703,"characterOffsetEnd":704,"pos":"PRP","before":"","after":" "},{"index":2,"word":"get","originalText":"get","characterOffsetBegin":705,"characterOffsetEnd":708,"pos":"VBP","before":" ","after":" "},{"index":3,"word":"multiple","originalText":"multiple","characterOffsetBegin":709,"characterOffsetEnd":717,"pos":"JJ","before":" ","after":" "},{"index":4,"word":"-LRB-","originalText":"(","characterOffsetBegin":718,"characterOffsetEnd":719,"pos":"-LRB-","before":" ","after":""},{"index":5,"word":">","originalText":">","characterOffsetBegin":719,"characterOffsetEnd":720,"pos":"JJR","before":"","after":""},{"index":6,"word":"4","originalText":"4","characterOffsetBegin":720,"characterOffsetEnd":721,"pos":"LS","before":"","after":""},{"index":7,"word":"-RRB-","originalText":")","characterOffsetBegin":721,"characterOffsetEnd":722,"pos":"-RRB-","before":"","after":" "},{"index":8,"word":"redraws","originalText":"redraws","characterOffsetBegin":723,"characterOffsetEnd":730,"pos":"VBZ","before":" ","after":" "},{"index":9,"word":"when","originalText":"when","characterOffsetBegin":731,"characterOffsetEnd":735,"pos":"WRB","before":" ","after":" "},{"index":10,"word":"the","originalText":"the","characterOffsetBegin":736,"characterOffsetEnd":739,"pos":"DT","before":" ","after":" "},{"index":11,"word":"window","originalText":"window","characterOffsetBegin":740,"characterOffsetEnd":746,"pos":"NN","before":" ","after":" "},{"index":12,"word":"gets","originalText":"gets","characterOffsetBegin":747,"characterOffsetEnd":751,"pos":"VBZ","before":" ","after":" "},{"index":13,"word":"uncovered","originalText":"uncovered","characterOffsetBegin":752,"characterOffsetEnd":761,"pos":"JJ","before":" ","after":" "},{"index":14,"word":"or","originalText":"or","characterOffsetBegin":762,"characterOffsetEnd":764,"pos":"CC","before":" ","after":" "},{"index":15,"word":"the","originalText":"the","characterOffsetBegin":765,"characterOffsetEnd":768,"pos":"DT","before":" ","after":" "},{"index":16,"word":"sizeis","originalText":"sizeis","characterOffsetBegin":769,"characterOffsetEnd":775,"pos":"NN","before":" ","after":" "},{"index":17,"word":"changed","originalText":"changed","characterOffsetBegin":776,"characterOffsetEnd":783,"pos":"VBD","before":" ","after":""},{"index":18,"word":".","originalText":".","characterOffsetBegin":783,"characterOffsetEnd":784,"pos":".","before":"","after":"  "}]},{"index":7,"tokens":[{"index":1,"word":"I","originalText":"I","characterOffsetBegin":786,"characterOffsetEnd":787,"pos":"PRP","before":"  ","after":" "},{"index":2,"word":"assume","originalText":"assume","characterOffsetBegin":788,"characterOffsetEnd":794,"pos":"VBP","before":" ","after":" "},{"index":3,"word":"I","originalText":"I","characterOffsetBegin":795,"characterOffsetEnd":796,"pos":"PRP","before":" ","after":""},{"index":4,"word":"'m","originalText":"'m","characterOffsetBegin":796,"characterOffsetEnd":798,"pos":"VBP","before":"","after":" "},{"index":5,"word":"getting","originalText":"getting","characterOffsetBegin":799,"characterOffsetEnd":806,"pos":"VBG","before":" ","after":" "},{"index":6,"word":"cascading","originalText":"cascading","characterOffsetBegin":807,"characterOffsetEnd":816,"pos":"VBG","before":" ","after":" "},{"index":7,"word":"events","originalText":"events","characterOffsetBegin":817,"characterOffsetEnd":823,"pos":"NNS","before":" ","after":""},{"index":8,"word":".","originalText":".","characterOffsetBegin":823,"characterOffsetEnd":824,"pos":".","before":"","after":"  "}]},{"index":8,"tokens":[{"index":1,"word":"Is","originalText":"Is","characterOffsetBegin":826,"characterOffsetEnd":828,"pos":"VBZ","before":"  ","after":" "},{"index":2,"word":"that","originalText":"that","characterOffsetBegin":829,"characterOffsetEnd":833,"pos":"IN","before":" ","after":" "},{"index":3,"word":"right?Any","originalText":"right?Any","characterOffsetBegin":834,"characterOffsetEnd":843,"pos":"NN","before":" ","after":" "},{"index":4,"word":"suggestions","originalText":"suggestions","characterOffsetBegin":844,"characterOffsetEnd":855,"pos":"NNS","before":" ","after":" "},{"index":5,"word":"as","originalText":"as","characterOffsetBegin":856,"characterOffsetEnd":858,"pos":"IN","before":" ","after":" "},{"index":6,"word":"to","originalText":"to","characterOffsetBegin":859,"characterOffsetEnd":861,"pos":"TO","before":" ","after":" "},{"index":7,"word":"how","originalText":"how","characterOffsetBegin":862,"characterOffsetEnd":865,"pos":"WRB","before":" ","after":" "},{"index":8,"word":"to","originalText":"to","characterOffsetBegin":866,"characterOffsetEnd":868,"pos":"TO","before":" ","after":" "},{"index":9,"word":"handle/trap","originalText":"handle/trap","characterOffsetBegin":869,"characterOffsetEnd":880,"pos":"JJ","before":" ","after":" "},{"index":10,"word":"events","originalText":"events","characterOffsetBegin":881,"characterOffsetEnd":887,"pos":"NNS","before":" ","after":" "},{"index":11,"word":"in","originalText":"in","characterOffsetBegin":888,"characterOffsetEnd":890,"pos":"IN","before":" ","after":" "},{"index":12,"word":"a","originalText":"a","characterOffsetBegin":891,"characterOffsetEnd":892,"pos":"DT","before":" ","after":" "},{"index":13,"word":"better","originalText":"better","characterOffsetBegin":893,"characterOffsetEnd":899,"pos":"JJR","before":" ","after":" "},{"index":14,"word":"way?Quest","originalText":"way?Quest","characterOffsetBegin":900,"characterOffsetEnd":909,"pos":"NN","before":" ","after":" "},{"index":15,"word":"2","originalText":"2","characterOffsetBegin":910,"characterOffsetEnd":911,"pos":"CD","before":" ","after":""},{"index":16,"word":".","originalText":".","characterOffsetBegin":911,"characterOffsetEnd":912,"pos":".","before":"","after":""}]},{"index":9,"tokens":[{"index":1,"word":"When","originalText":"When","characterOffsetBegin":912,"characterOffsetEnd":916,"pos":"WRB","before":"","after":" "},{"index":2,"word":"the","originalText":"the","characterOffsetBegin":917,"characterOffsetEnd":920,"pos":"DT","before":" ","after":" "},{"index":3,"word":"appl","originalText":"appl","characterOffsetBegin":921,"characterOffsetEnd":925,"pos":"NN","before":" ","after":""},{"index":4,"word":".","originalText":".","characterOffsetBegin":925,"characterOffsetEnd":926,"pos":".","before":"","after":" "}]},{"index":10,"tokens":[{"index":1,"word":"is","originalText":"is","characterOffsetBegin":927,"characterOffsetEnd":929,"pos":"VBZ","before":" ","after":" "},{"index":2,"word":"compiled/linked","originalText":"compiled/linked","characterOffsetBegin":930,"characterOffsetEnd":945,"pos":"VBN","before":" ","after":" "},{"index":3,"word":"w","originalText":"w","characterOffsetBegin":946,"characterOffsetEnd":947,"pos":"NN","before":" ","after":""},{"index":4,"word":"/","originalText":"/","characterOffsetBegin":947,"characterOffsetEnd":948,"pos":":","before":"","after":" "},{"index":5,"word":"R5","originalText":"R5","characterOffsetBegin":949,"characterOffsetEnd":951,"pos":"NN","before":" ","after":" "},{"index":6,"word":"I","originalText":"I","characterOffsetBegin":952,"characterOffsetEnd":953,"pos":"PRP","before":" ","after":" "},{"index":7,"word":"get","originalText":"get","characterOffsetBegin":954,"characterOffsetEnd":957,"pos":"VBP","before":" ","after":" "},{"index":8,"word":"no","originalText":"no","characterOffsetBegin":958,"characterOffsetEnd":960,"pos":"DT","before":" ","after":" "},{"index":9,"word":"Expose","originalText":"Expose","characterOffsetBegin":961,"characterOffsetEnd":967,"pos":"NN","before":" ","after":" "},{"index":10,"word":"eventswhatsoever","originalText":"eventswhatsoever","characterOffsetBegin":968,"characterOffsetEnd":984,"pos":"NN","before":" ","after":""},{"index":11,"word":".","originalText":".","characterOffsetBegin":984,"characterOffsetEnd":985,"pos":".","before":"","after":"  "}]},{"index":11,"tokens":[{"index":1,"word":"Do","originalText":"Do","characterOffsetBegin":987,"characterOffsetEnd":989,"pos":"VB","before":"  ","after":" "},{"index":2,"word":"events","originalText":"events","characterOffsetBegin":990,"characterOffsetEnd":996,"pos":"NNS","before":" ","after":" "},{"index":3,"word":"and/or","originalText":"and/or","characterOffsetBegin":997,"characterOffsetEnd":1003,"pos":"CC","before":" ","after":" "},{"index":4,"word":"translation","originalText":"translation","characterOffsetBegin":1004,"characterOffsetEnd":1015,"pos":"NN","before":" ","after":" "},{"index":5,"word":"tables","originalText":"tables","characterOffsetBegin":1016,"characterOffsetEnd":1022,"pos":"NNS","before":" ","after":" "},{"index":6,"word":"act","originalText":"act","characterOffsetBegin":1023,"characterOffsetEnd":1026,"pos":"VBP","before":" ","after":" "},{"index":7,"word":"differently","originalText":"differently","characterOffsetBegin":1027,"characterOffsetEnd":1038,"pos":"RB","before":" ","after":" "},{"index":8,"word":"in","originalText":"in","characterOffsetBegin":1039,"characterOffsetEnd":1041,"pos":"IN","before":" ","after":" "},{"index":9,"word":"R5?Thanks","originalText":"R5?Thanks","characterOffsetBegin":1042,"characterOffsetEnd":1051,"pos":"NNS","before":" ","after":" "},{"index":10,"word":"in","originalText":"in","characterOffsetBegin":1052,"characterOffsetEnd":1054,"pos":"IN","before":" ","after":" "},{"index":11,"word":"advanceSteve","originalText":"advanceSteve","characterOffsetBegin":1055,"characterOffsetEnd":1067,"pos":"NNP","before":" ","after":""},{"index":12,"word":"--","originalText":"--","characterOffsetBegin":1067,"characterOffsetEnd":1069,"pos":":","before":"","after":" "},{"index":13,"word":"==========================================================================================","originalText":"==========================================================================================","characterOffsetBegin":1070,"characterOffsetEnd":1160,"pos":"CD","before":" ","after":""},{"index":14,"word":"Steve","originalText":"Steve","characterOffsetBegin":1160,"characterOffsetEnd":1165,"pos":"NNP","before":"","after":" "},{"index":15,"word":"Kelley","originalText":"Kelley","characterOffsetBegin":1166,"characterOffsetEnd":1172,"pos":"NNP","before":" ","after":"\t"},{"index":16,"word":"UMCP","originalText":"UMCP","characterOffsetBegin":1173,"characterOffsetEnd":1177,"pos":"NNP","before":"\t","after":" "},{"index":17,"word":"CS/UMIACS","originalText":"CS/UMIACS","characterOffsetBegin":1178,"characterOffsetEnd":1187,"pos":"NNP","before":" ","after":"\t\t\t"},{"index":18,"word":"Captain","originalText":"Captain","characterOffsetBegin":1190,"characterOffsetEnd":1197,"pos":"NNP","before":"\t\t\t","after":""},{"index":19,"word":",","originalText":",","characterOffsetBegin":1197,"characterOffsetEnd":1198,"pos":",","before":"","after":" "},{"index":20,"word":"I","originalText":"I","characterOffsetBegin":1199,"characterOffsetEnd":1200,"pos":"PRP","before":" ","after":" "},{"index":21,"word":"protest!Internet","originalText":"protest!Internet","characterOffsetBegin":1201,"characterOffsetEnd":1217,"pos":"NN","before":" ","after":""},{"index":22,"word":":","originalText":":","characterOffsetBegin":1217,"characterOffsetEnd":1218,"pos":":","before":"","after":"\t"},{"index":23,"word":"skelley@umiacs.umd.edu","originalText":"skelley@umiacs.umd.edu","characterOffsetBegin":1219,"characterOffsetEnd":1241,"pos":"NN","before":"\t","after":"\t\t"},{"index":24,"word":"I","originalText":"I","characterOffsetBegin":1243,"characterOffsetEnd":1244,"pos":"PRP","before":"\t\t","after":" "},{"index":25,"word":"am","originalText":"am","characterOffsetBegin":1245,"characterOffsetEnd":1247,"pos":"VBP","before":" ","after":" "},{"index":26,"word":"*","originalText":"*","characterOffsetBegin":1248,"characterOffsetEnd":1249,"pos":"SYM","before":" ","after":""},{"index":27,"word":"NOT","originalText":"NOT","characterOffsetBegin":1249,"characterOffsetEnd":1252,"pos":"RB","before":"","after":""},{"index":28,"word":"*","originalText":"*","characterOffsetBegin":1252,"characterOffsetEnd":1253,"pos":"SYM","before":"","after":" "},{"index":29,"word":"a","originalText":"a","characterOffsetBegin":1254,"characterOffsetEnd":1255,"pos":"DT","before":" ","after":" "},{"index":30,"word":"merry","originalText":"merry","characterOffsetBegin":1256,"characterOffsetEnd":1261,"pos":"JJ","before":" ","after":" "},{"index":31,"word":"man","originalText":"man","characterOffsetBegin":1262,"characterOffsetEnd":1265,"pos":"NN","before":" ","after":""},{"index":32,"word":"!","originalText":"!","characterOffsetBegin":1265,"characterOffsetEnd":1266,"pos":".","before":"","after":" "}]},{"index":12,"tokens":[{"index":1,"word":"-","originalText":"-","characterOffsetBegin":1267,"characterOffsetEnd":1268,"pos":":","before":" ","after":" "},{"index":2,"word":"Worf","originalText":"Worf","characterOffsetBegin":1269,"characterOffsetEnd":1273,"pos":"NN","before":" ","after":""}]}]}