{"sentences":[{"index":0,"tokens":[{"index":1,"word":"From","originalText":"From","characterOffsetBegin":0,"characterOffsetEnd":4,"pos":"IN","before":"","after":""},{"index":2,"word":":","originalText":":","characterOffsetBegin":4,"characterOffsetEnd":5,"pos":":","before":"","after":" "},{"index":3,"word":"etxmesa@eos.ericsson.se","originalText":"etxmesa@eos.ericsson.se","characterOffsetBegin":6,"characterOffsetEnd":29,"pos":"NN","before":" ","after":" "},{"index":4,"word":"-LRB-","originalText":"(","characterOffsetBegin":30,"characterOffsetEnd":31,"pos":"-LRB-","before":" ","after":""},{"index":5,"word":"Michael","originalText":"Michael","characterOffsetBegin":31,"characterOffsetEnd":38,"pos":"NNP","before":"","after":" "},{"index":6,"word":"Salmon","originalText":"Salmon","characterOffsetBegin":39,"characterOffsetEnd":45,"pos":"NNP","before":" ","after":""},{"index":7,"word":"-RRB-","originalText":")","characterOffsetBegin":45,"characterOffsetEnd":46,"pos":"-RRB-","before":"","after":""},{"index":8,"word":"Subject","originalText":"Subject","characterOffsetBegin":46,"characterOffsetEnd":53,"pos":"NNP","before":"","after":""},{"index":9,"word":":","originalText":":","characterOffsetBegin":53,"characterOffsetEnd":54,"pos":":","before":"","after":" "},{"index":10,"word":"Re","originalText":"Re","characterOffsetBegin":55,"characterOffsetEnd":57,"pos":"NNP","before":" ","after":""},{"index":11,"word":":","originalText":":","characterOffsetBegin":57,"characterOffsetEnd":58,"pos":":","before":"","after":" "},{"index":12,"word":"Title","originalText":"Title","characterOffsetBegin":59,"characterOffsetEnd":64,"pos":"NNP","before":" ","after":" "},{"index":13,"word":"for","originalText":"for","characterOffsetBegin":65,"characterOffsetEnd":68,"pos":"IN","before":" ","after":" "},{"index":14,"word":"XTermIn","originalText":"XTermIn","characterOffsetBegin":69,"characterOffsetEnd":76,"pos":"NNP","before":" ","after":" "},{"index":15,"word":"article","originalText":"article","characterOffsetBegin":77,"characterOffsetEnd":84,"pos":"NN","before":" ","after":" "},{"index":16,"word":"<1r3fe2INN10d@fbi-news.Informatik.Uni-Dortmund.DE>","originalText":"<1r3fe2INN10d@fbi-news.Informatik.Uni-Dortmund.DE>","characterOffsetBegin":85,"characterOffsetEnd":135,"pos":"NN","before":" ","after":""},{"index":17,"word":"markhof@ls12r.informatik.uni-dortmund.de","originalText":"markhof@ls12r.informatik.uni-dortmund.de","characterOffsetBegin":135,"characterOffsetEnd":175,"pos":"NN","before":"","after":" "},{"index":18,"word":"-LRB-","originalText":"(","characterOffsetBegin":176,"characterOffsetEnd":177,"pos":"-LRB-","before":" ","after":""},{"index":19,"word":"Ingolf","originalText":"Ingolf","characterOffsetBegin":177,"characterOffsetEnd":183,"pos":"NNP","before":"","after":" "},{"index":20,"word":"Markhof","originalText":"Markhof","characterOffsetBegin":184,"characterOffsetEnd":191,"pos":"NNP","before":" ","after":""},{"index":21,"word":"-RRB-","originalText":")","characterOffsetBegin":191,"characterOffsetEnd":192,"pos":"-RRB-","before":"","after":" "},{"index":22,"word":"writes","originalText":"writes","characterOffsetBegin":193,"characterOffsetEnd":199,"pos":"VBZ","before":" ","after":""},{"index":23,"word":":[","originalText":":[","characterOffsetBegin":199,"characterOffsetEnd":201,"pos":"CD","before":"","after":""},{"index":24,"word":"...","originalText":"...","characterOffsetBegin":201,"characterOffsetEnd":204,"pos":":","before":"","after":""},{"index":25,"word":"-RSB-","originalText":"]","characterOffsetBegin":204,"characterOffsetEnd":205,"pos":"-RRB-","before":"","after":""},{"index":26,"word":"|","originalText":"|","characterOffsetBegin":205,"characterOffsetEnd":206,"pos":"CD","before":"","after":""},{"index":27,"word":">","originalText":">","characterOffsetBegin":206,"characterOffsetEnd":207,"pos":"JJR","before":"","after":" "},{"index":28,"word":"I","originalText":"I","characterOffsetBegin":208,"characterOffsetEnd":209,"pos":"PRP","before":" ","after":" "},{"index":29,"word":"have","originalText":"have","characterOffsetBegin":210,"characterOffsetEnd":214,"pos":"VBP","before":" ","after":" "},{"index":30,"word":"an","originalText":"an","characterOffsetBegin":215,"characterOffsetEnd":217,"pos":"DT","before":" ","after":""},{"index":31,"word":"|","originalText":"|","characterOffsetBegin":217,"characterOffsetEnd":218,"pos":"NN","before":"","after":""},{"index":32,"word":">","originalText":">","characterOffsetBegin":218,"characterOffsetEnd":219,"pos":"JJR","before":"","after":" "},{"index":33,"word":"|","originalText":"|","characterOffsetBegin":220,"characterOffsetEnd":221,"pos":"CD","before":" ","after":""},{"index":34,"word":">","originalText":">","characterOffsetBegin":221,"characterOffsetEnd":222,"pos":"JJR","before":"","after":" \t"},{"index":35,"word":"alias","originalText":"alias","characterOffsetBegin":224,"characterOffsetEnd":229,"pos":"IN","before":" \t","after":" "},{"index":36,"word":"precmd","originalText":"precmd","characterOffsetBegin":230,"characterOffsetEnd":236,"pos":"NN","before":" ","after":" "},{"index":37,"word":"echo","originalText":"echo","characterOffsetBegin":237,"characterOffsetEnd":241,"pos":"VBP","before":" ","after":" "},{"index":38,"word":"-","originalText":"-","characterOffsetBegin":242,"characterOffsetEnd":243,"pos":":","before":" ","after":""},{"index":39,"word":"n","originalText":"n","characterOffsetBegin":243,"characterOffsetEnd":244,"pos":"NN","before":"","after":" "},{"index":40,"word":"'","originalText":"'","characterOffsetBegin":245,"characterOffsetEnd":246,"pos":"''","before":" ","after":""},{"index":41,"word":"^","originalText":"^","characterOffsetBegin":246,"characterOffsetEnd":247,"pos":"SYM","before":"","after":""},{"index":42,"word":"-LSB-","originalText":"[","characterOffsetBegin":247,"characterOffsetEnd":248,"pos":"-LRB-","before":"","after":""},{"index":43,"word":"-RSB-","originalText":"]","characterOffsetBegin":248,"characterOffsetEnd":249,"pos":"-RRB-","before":"","after":""},{"index":44,"word":"2","originalText":"2","characterOffsetBegin":249,"characterOffsetEnd":250,"pos":"CD","before":"","after":""},{"index":45,"word":"\\","originalText":"\\","characterOffsetBegin":250,"characterOffsetEnd":251,"pos":"CD","before":"","after":""},{"index":46,"word":";","originalText":";","characterOffsetBegin":251,"characterOffsetEnd":252,"pos":":","before":"","after":""},{"index":47,"word":"$","originalText":"$","characterOffsetBegin":252,"characterOffsetEnd":253,"pos":"$","before":"","after":""},{"index":48,"word":"-LCB-","originalText":"{","characterOffsetBegin":253,"characterOffsetEnd":254,"pos":"-LRB-","before":"","after":""},{"index":49,"word":"HOST","originalText":"HOST","characterOffsetBegin":254,"characterOffsetEnd":258,"pos":"NN","before":"","after":""},{"index":50,"word":"-RCB-","originalText":"}","characterOffsetBegin":258,"characterOffsetEnd":259,"pos":"-RRB-","before":"","after":""},{"index":51,"word":":","originalText":":","characterOffsetBegin":259,"characterOffsetEnd":260,"pos":":","before":"","after":""},{"index":52,"word":"$","originalText":"$","characterOffsetBegin":260,"characterOffsetEnd":261,"pos":"$","before":"","after":""},{"index":53,"word":"cwd","originalText":"cwd","characterOffsetBegin":261,"characterOffsetEnd":264,"pos":"CD","before":"","after":""},{"index":54,"word":"^","originalText":"^","characterOffsetBegin":264,"characterOffsetEnd":265,"pos":"CD","before":"","after":""},{"index":55,"word":"G","originalText":"G","characterOffsetBegin":265,"characterOffsetEnd":266,"pos":"NN","before":"","after":""},{"index":56,"word":"'","originalText":"'","characterOffsetBegin":266,"characterOffsetEnd":267,"pos":"''","before":"","after":""},{"index":57,"word":"|","originalText":"|","characterOffsetBegin":267,"characterOffsetEnd":268,"pos":"SYM","before":"","after":""},{"index":58,"word":">","originalText":">","characterOffsetBegin":268,"characterOffsetEnd":269,"pos":"JJR","before":"","after":" "},{"index":59,"word":"|","originalText":"|","characterOffsetBegin":270,"characterOffsetEnd":271,"pos":"CD","before":" ","after":""},{"index":60,"word":">","originalText":">","characterOffsetBegin":271,"characterOffsetEnd":272,"pos":"JJR","before":"","after":" "},{"index":61,"word":"in","originalText":"in","characterOffsetBegin":273,"characterOffsetEnd":275,"pos":"IN","before":" ","after":" "},{"index":62,"word":"my","originalText":"my","characterOffsetBegin":276,"characterOffsetEnd":278,"pos":"PRP$","before":" ","after":" "},{"index":63,"word":"~","originalText":"~","characterOffsetBegin":279,"characterOffsetEnd":280,"pos":"NN","before":" ","after":""},{"index":64,"word":"/","originalText":"/","characterOffsetBegin":280,"characterOffsetEnd":281,"pos":":","before":"","after":""},{"index":65,"word":".","originalText":".","characterOffsetBegin":281,"characterOffsetEnd":282,"pos":".","before":"","after":""}]},{"index":1,"tokens":[{"index":1,"word":"tcshrc","originalText":"tcshrc","characterOffsetBegin":282,"characterOffsetEnd":288,"pos":"NN","before":"","after":""},{"index":2,"word":".","originalText":".","characterOffsetBegin":288,"characterOffsetEnd":289,"pos":".","before":"","after":" "}]},{"index":2,"tokens":[{"index":1,"word":"This","originalText":"This","characterOffsetBegin":290,"characterOffsetEnd":294,"pos":"DT","before":" ","after":" "},{"index":2,"word":"is","originalText":"is","characterOffsetBegin":295,"characterOffsetEnd":297,"pos":"VBZ","before":" ","after":" "},{"index":3,"word":"a","originalText":"a","characterOffsetBegin":298,"characterOffsetEnd":299,"pos":"DT","before":" ","after":" "},{"index":4,"word":"special","originalText":"special","characterOffsetBegin":300,"characterOffsetEnd":307,"pos":"JJ","before":" ","after":" "},{"index":5,"word":"alias","originalText":"alias","characterOffsetBegin":308,"characterOffsetEnd":313,"pos":"NNS","before":" ","after":" "},{"index":6,"word":"for","originalText":"for","characterOffsetBegin":314,"characterOffsetEnd":317,"pos":"IN","before":" ","after":" "},{"index":7,"word":"tvtwm","originalText":"tvtwm","characterOffsetBegin":318,"characterOffsetEnd":323,"pos":"NN","before":" ","after":""},{"index":8,"word":".","originalText":".","characterOffsetBegin":323,"characterOffsetEnd":324,"pos":".","before":"","after":" "}]},{"index":3,"tokens":[{"index":1,"word":"I","originalText":"I","characterOffsetBegin":325,"characterOffsetEnd":326,"pos":"PRP","before":" ","after":" "},{"index":2,"word":"presume","originalText":"presume","characterOffsetBegin":327,"characterOffsetEnd":334,"pos":"VBP","before":" ","after":" "},{"index":3,"word":"that","originalText":"that","characterOffsetBegin":335,"characterOffsetEnd":339,"pos":"IN","before":" ","after":" "},{"index":4,"word":"you","originalText":"you","characterOffsetBegin":340,"characterOffsetEnd":343,"pos":"PRP","before":" ","after":" "},{"index":5,"word":"meant","originalText":"meant","characterOffsetBegin":344,"characterOffsetEnd":349,"pos":"VBD","before":" ","after":" "},{"index":6,"word":"to","originalText":"to","characterOffsetBegin":350,"characterOffsetEnd":352,"pos":"TO","before":" ","after":" "},{"index":7,"word":"say","originalText":"say","characterOffsetBegin":353,"characterOffsetEnd":356,"pos":"VB","before":" ","after":" "},{"index":8,"word":"tcsh","originalText":"tcsh","characterOffsetBegin":357,"characterOffsetEnd":361,"pos":"NN","before":" ","after":" "},{"index":9,"word":"here","originalText":"here","characterOffsetBegin":362,"characterOffsetEnd":366,"pos":"RB","before":" ","after":" "},{"index":10,"word":"------","originalText":"------","characterOffsetBegin":367,"characterOffsetEnd":373,"pos":"CD","before":" ","after":""},{"index":11,"word":"^","originalText":"^","characterOffsetBegin":373,"characterOffsetEnd":374,"pos":"CD","before":"","after":""},{"index":12,"word":"^","originalText":"^","characterOffsetBegin":374,"characterOffsetEnd":375,"pos":"NN","before":"","after":""},{"index":13,"word":"^","originalText":"^","characterOffsetBegin":375,"characterOffsetEnd":376,"pos":"CD","before":"","after":""},{"index":14,"word":"^","originalText":"^","characterOffsetBegin":376,"characterOffsetEnd":377,"pos":"CD","before":"","after":""},{"index":15,"word":"^","originalText":"^","characterOffsetBegin":377,"characterOffsetEnd":378,"pos":"NN","before":"","after":""},{"index":16,"word":"--","originalText":"--","characterOffsetBegin":378,"characterOffsetEnd":380,"pos":":","before":"","after":" "},{"index":17,"word":"Michael","originalText":"Michael","characterOffsetBegin":381,"characterOffsetEnd":388,"pos":"NNP","before":" ","after":" "},{"index":18,"word":"Salmon","originalText":"Salmon","characterOffsetBegin":389,"characterOffsetEnd":395,"pos":"NNP","before":" ","after":""},{"index":19,"word":"#include","originalText":"#include","characterOffsetBegin":395,"characterOffsetEnd":403,"pos":"NN","before":"","after":"\t"},{"index":20,"word":"<standard.disclaimer>","originalText":"<standard.disclaimer>","characterOffsetBegin":404,"characterOffsetEnd":425,"pos":"NN","before":"\t","after":""},{"index":21,"word":"#include","originalText":"#include","characterOffsetBegin":425,"characterOffsetEnd":433,"pos":"NN","before":"","after":"\t"},{"index":22,"word":"<witty.saying>","originalText":"<witty.saying>","characterOffsetBegin":434,"characterOffsetEnd":448,"pos":"NN","before":"\t","after":""},{"index":23,"word":"#include","originalText":"#include","characterOffsetBegin":448,"characterOffsetEnd":456,"pos":"NN","before":"","after":"\t"},{"index":24,"word":"<fancy.pseudo.graphics>","originalText":"<fancy.pseudo.graphics>","characterOffsetBegin":457,"characterOffsetEnd":480,"pos":"NN","before":"\t","after":""},{"index":25,"word":"Ericsson","originalText":"Ericsson","characterOffsetBegin":480,"characterOffsetEnd":488,"pos":"NNP","before":"","after":" "},{"index":26,"word":"Telecom","originalText":"Telecom","characterOffsetBegin":489,"characterOffsetEnd":496,"pos":"NNP","before":" ","after":" "},{"index":27,"word":"ABStockholm","originalText":"ABStockholm","characterOffsetBegin":497,"characterOffsetEnd":508,"pos":"NN","before":" ","after":""}]}]}