{"sentences":[{"index":0,"tokens":[{"index":1,"word":"From","originalText":"From","characterOffsetBegin":0,"characterOffsetEnd":4,"pos":"IN","before":"","after":""},{"index":2,"word":":","originalText":":","characterOffsetBegin":4,"characterOffsetEnd":5,"pos":":","before":"","after":" "},{"index":3,"word":"mahan@TGV.COM","originalText":"mahan@TGV.COM","characterOffsetBegin":6,"characterOffsetEnd":19,"pos":"NN","before":" ","after":" "},{"index":4,"word":"-LRB-","originalText":"(","characterOffsetBegin":20,"characterOffsetEnd":21,"pos":"-LRB-","before":" ","after":""},{"index":5,"word":"Patrick","originalText":"Patrick","characterOffsetBegin":21,"characterOffsetEnd":28,"pos":"NNP","before":"","after":" "},{"index":6,"word":"L.","originalText":"L.","characterOffsetBegin":29,"characterOffsetEnd":31,"pos":"NNP","before":" ","after":" "},{"index":7,"word":"Mahan","originalText":"Mahan","characterOffsetBegin":32,"characterOffsetEnd":37,"pos":"NNP","before":" ","after":""},{"index":8,"word":"-RRB-","originalText":")","characterOffsetBegin":37,"characterOffsetEnd":38,"pos":"-RRB-","before":"","after":""},{"index":9,"word":"Subject","originalText":"Subject","characterOffsetBegin":38,"characterOffsetEnd":45,"pos":"NNP","before":"","after":""},{"index":10,"word":":","originalText":":","characterOffsetBegin":45,"characterOffsetEnd":46,"pos":":","before":"","after":" "},{"index":11,"word":"RE","originalText":"RE","characterOffsetBegin":47,"characterOffsetEnd":49,"pos":"NNP","before":" ","after":""},{"index":12,"word":":","originalText":":","characterOffsetBegin":49,"characterOffsetEnd":50,"pos":":","before":"","after":" "},{"index":13,"word":"Program","originalText":"Program","characterOffsetBegin":51,"characterOffsetEnd":58,"pos":"NNP","before":" ","after":" "},{"index":14,"word":"argument","originalText":"argument","characterOffsetBegin":59,"characterOffsetEnd":67,"pos":"NN","before":" ","after":""},{"index":15,"word":":","originalText":":","characterOffsetBegin":67,"characterOffsetEnd":68,"pos":":","before":"","after":" "},{"index":16,"word":"geometry","originalText":"geometry","characterOffsetBegin":69,"characterOffsetEnd":77,"pos":"NN","before":" ","after":""},{"index":17,"word":"##","originalText":"##","characterOffsetBegin":77,"characterOffsetEnd":79,"pos":"CD","before":"","after":""},{"index":18,"word":"I","originalText":"I","characterOffsetBegin":79,"characterOffsetEnd":80,"pos":"PRP","before":"","after":" "},{"index":19,"word":"have","originalText":"have","characterOffsetBegin":81,"characterOffsetEnd":85,"pos":"VBP","before":" ","after":" "},{"index":20,"word":"a","originalText":"a","characterOffsetBegin":86,"characterOffsetEnd":87,"pos":"DT","before":" ","after":" "},{"index":21,"word":"question","originalText":"question","characterOffsetBegin":88,"characterOffsetEnd":96,"pos":"NN","before":" ","after":" "},{"index":22,"word":"regarding","originalText":"regarding","characterOffsetBegin":97,"characterOffsetEnd":106,"pos":"VBG","before":" ","after":" "},{"index":23,"word":"the","originalText":"the","characterOffsetBegin":107,"characterOffsetEnd":110,"pos":"DT","before":" ","after":" "},{"index":24,"word":"processing","originalText":"processing","characterOffsetBegin":111,"characterOffsetEnd":121,"pos":"NN","before":" ","after":" "},{"index":25,"word":"of","originalText":"of","characterOffsetBegin":122,"characterOffsetEnd":124,"pos":"IN","before":" ","after":" "},{"index":26,"word":"program","originalText":"program","characterOffsetBegin":125,"characterOffsetEnd":132,"pos":"NN","before":" ","after":" "},{"index":27,"word":"arguments","originalText":"arguments","characterOffsetBegin":133,"characterOffsetEnd":142,"pos":"NNS","before":" ","after":""},{"index":28,"word":"#such","originalText":"#such","characterOffsetBegin":142,"characterOffsetEnd":147,"pos":"VBP","before":"","after":" "},{"index":29,"word":"as","originalText":"as","characterOffsetBegin":148,"characterOffsetEnd":150,"pos":"IN","before":" ","after":" "},{"index":30,"word":"the","originalText":"the","characterOffsetBegin":151,"characterOffsetEnd":154,"pos":"DT","before":" ","after":" "},{"index":31,"word":"-","originalText":"-","characterOffsetBegin":155,"characterOffsetEnd":156,"pos":":","before":" ","after":""},{"index":32,"word":"geometry","originalText":"geometry","characterOffsetBegin":156,"characterOffsetEnd":164,"pos":"NN","before":"","after":" "},{"index":33,"word":"option","originalText":"option","characterOffsetBegin":165,"characterOffsetEnd":171,"pos":"NN","before":" ","after":""},{"index":34,"word":".","originalText":".","characterOffsetBegin":171,"characterOffsetEnd":172,"pos":".","before":"","after":" "}]},{"index":1,"tokens":[{"index":1,"word":"Since","originalText":"Since","characterOffsetBegin":173,"characterOffsetEnd":178,"pos":"IN","before":" ","after":" "},{"index":2,"word":"this","originalText":"this","characterOffsetBegin":179,"characterOffsetEnd":183,"pos":"DT","before":" ","after":" "},{"index":3,"word":"is","originalText":"is","characterOffsetBegin":184,"characterOffsetEnd":186,"pos":"VBZ","before":" ","after":" "},{"index":4,"word":"a","originalText":"a","characterOffsetBegin":187,"characterOffsetEnd":188,"pos":"DT","before":" ","after":" "},{"index":5,"word":"standard","originalText":"standard","characterOffsetBegin":189,"characterOffsetEnd":197,"pos":"JJ","before":" ","after":" "},{"index":6,"word":"X","originalText":"X","characterOffsetBegin":198,"characterOffsetEnd":199,"pos":"NN","before":" ","after":" "},{"index":7,"word":"option","originalText":"option","characterOffsetBegin":200,"characterOffsetEnd":206,"pos":"NN","before":" ","after":""},{"index":8,"word":",","originalText":",","characterOffsetBegin":206,"characterOffsetEnd":207,"pos":",","before":"","after":" "},{"index":9,"word":"#","originalText":"#","characterOffsetBegin":208,"characterOffsetEnd":209,"pos":"#","before":" ","after":""},{"index":10,"word":"I","originalText":"I","characterOffsetBegin":209,"characterOffsetEnd":210,"pos":"PRP","before":"","after":""},{"index":11,"word":"'m","originalText":"'m","characterOffsetBegin":210,"characterOffsetEnd":212,"pos":"VBP","before":"","after":" "},{"index":12,"word":"wondering","originalText":"wondering","characterOffsetBegin":213,"characterOffsetEnd":222,"pos":"VBG","before":" ","after":" "},{"index":13,"word":"wether","originalText":"wether","characterOffsetBegin":223,"characterOffsetEnd":229,"pos":"NN","before":" ","after":" "},{"index":14,"word":"I","originalText":"I","characterOffsetBegin":230,"characterOffsetEnd":231,"pos":"PRP","before":" ","after":" "},{"index":15,"word":"have","originalText":"have","characterOffsetBegin":232,"characterOffsetEnd":236,"pos":"VBP","before":" ","after":" "},{"index":16,"word":"to","originalText":"to","characterOffsetBegin":237,"characterOffsetEnd":239,"pos":"TO","before":" ","after":" "},{"index":17,"word":"parse","originalText":"parse","characterOffsetBegin":240,"characterOffsetEnd":245,"pos":"VB","before":" ","after":" "},{"index":18,"word":"it","originalText":"it","characterOffsetBegin":246,"characterOffsetEnd":248,"pos":"PRP","before":" ","after":" "},{"index":19,"word":"manually","originalText":"manually","characterOffsetBegin":249,"characterOffsetEnd":257,"pos":"RB","before":" ","after":" "},{"index":20,"word":"or","originalText":"or","characterOffsetBegin":258,"characterOffsetEnd":260,"pos":"CC","before":" ","after":" "},{"index":21,"word":"whether","originalText":"whether","characterOffsetBegin":261,"characterOffsetEnd":268,"pos":"IN","before":" ","after":" "},{"index":22,"word":"there","originalText":"there","characterOffsetBegin":269,"characterOffsetEnd":274,"pos":"EX","before":" ","after":""},{"index":23,"word":"#is","originalText":"#is","characterOffsetBegin":274,"characterOffsetEnd":277,"pos":"VBZ","before":"","after":" "},{"index":24,"word":"some","originalText":"some","characterOffsetBegin":278,"characterOffsetEnd":282,"pos":"DT","before":" ","after":" "},{"index":25,"word":"predefined","originalText":"predefined","characterOffsetBegin":283,"characterOffsetEnd":293,"pos":"JJ","before":" ","after":" "},{"index":26,"word":"function","originalText":"function","characterOffsetBegin":294,"characterOffsetEnd":302,"pos":"NN","before":" ","after":" "},{"index":27,"word":"that","originalText":"that","characterOffsetBegin":303,"characterOffsetEnd":307,"pos":"WDT","before":" ","after":" "},{"index":28,"word":"will","originalText":"will","characterOffsetBegin":308,"characterOffsetEnd":312,"pos":"MD","before":" ","after":" "},{"index":29,"word":"do","originalText":"do","characterOffsetBegin":313,"characterOffsetEnd":315,"pos":"VB","before":" ","after":" "},{"index":30,"word":"this","originalText":"this","characterOffsetBegin":316,"characterOffsetEnd":320,"pos":"DT","before":" ","after":" "},{"index":31,"word":"for","originalText":"for","characterOffsetBegin":321,"characterOffsetEnd":324,"pos":"IN","before":" ","after":" "},{"index":32,"word":"me","originalText":"me","characterOffsetBegin":325,"characterOffsetEnd":327,"pos":"PRP","before":" ","after":""},{"index":33,"word":"?","originalText":"?","characterOffsetBegin":327,"characterOffsetEnd":328,"pos":".","before":"","after":""}]},{"index":2,"tokens":[{"index":1,"word":"#If","originalText":"#If","characterOffsetBegin":328,"characterOffsetEnd":331,"pos":"NN","before":"","after":" "},{"index":2,"word":"you","originalText":"you","characterOffsetBegin":332,"characterOffsetEnd":335,"pos":"PRP","before":" ","after":" "},{"index":3,"word":"are","originalText":"are","characterOffsetBegin":336,"characterOffsetEnd":339,"pos":"VBP","before":" ","after":" "},{"index":4,"word":"using","originalText":"using","characterOffsetBegin":340,"characterOffsetEnd":345,"pos":"VBG","before":" ","after":" "},{"index":5,"word":"the","originalText":"the","characterOffsetBegin":346,"characterOffsetEnd":349,"pos":"DT","before":" ","after":" "},{"index":6,"word":"Intrinsics","originalText":"Intrinsics","characterOffsetBegin":350,"characterOffsetEnd":360,"pos":"NNPS","before":" ","after":""},{"index":7,"word":",","originalText":",","characterOffsetBegin":360,"characterOffsetEnd":361,"pos":",","before":"","after":" "},{"index":8,"word":"it","originalText":"it","characterOffsetBegin":362,"characterOffsetEnd":364,"pos":"PRP","before":" ","after":" "},{"index":9,"word":"is","originalText":"is","characterOffsetBegin":365,"characterOffsetEnd":367,"pos":"VBZ","before":" ","after":" "},{"index":10,"word":"parsed","originalText":"parsed","characterOffsetBegin":368,"characterOffsetEnd":374,"pos":"VBN","before":" ","after":" "},{"index":11,"word":"for","originalText":"for","characterOffsetBegin":375,"characterOffsetEnd":378,"pos":"IN","before":" ","after":" "},{"index":12,"word":"you","originalText":"you","characterOffsetBegin":379,"characterOffsetEnd":382,"pos":"PRP","before":" ","after":""},{"index":13,"word":".","originalText":".","characterOffsetBegin":382,"characterOffsetEnd":383,"pos":".","before":"","after":"  "}]},{"index":3,"tokens":[{"index":1,"word":"If","originalText":"If","characterOffsetBegin":385,"characterOffsetEnd":387,"pos":"IN","before":"  ","after":" "},{"index":2,"word":"you","originalText":"you","characterOffsetBegin":388,"characterOffsetEnd":391,"pos":"PRP","before":" ","after":" "},{"index":3,"word":"are","originalText":"are","characterOffsetBegin":392,"characterOffsetEnd":395,"pos":"VBP","before":" ","after":" "},{"index":4,"word":"workingat","originalText":"workingat","characterOffsetBegin":396,"characterOffsetEnd":405,"pos":"NN","before":" ","after":" "},{"index":5,"word":"the","originalText":"the","characterOffsetBegin":406,"characterOffsetEnd":409,"pos":"DT","before":" ","after":" "},{"index":6,"word":"Xlib","originalText":"Xlib","characterOffsetBegin":410,"characterOffsetEnd":414,"pos":"NN","before":" ","after":" "},{"index":7,"word":"level","originalText":"level","characterOffsetBegin":415,"characterOffsetEnd":420,"pos":"NN","before":" ","after":""},{"index":8,"word":",","originalText":",","characterOffsetBegin":420,"characterOffsetEnd":421,"pos":",","before":"","after":" "},{"index":9,"word":"you","originalText":"you","characterOffsetBegin":422,"characterOffsetEnd":425,"pos":"PRP","before":" ","after":" "},{"index":10,"word":"can","originalText":"can","characterOffsetBegin":426,"characterOffsetEnd":429,"pos":"MD","before":" ","after":" "},{"index":11,"word":"parse","originalText":"parse","characterOffsetBegin":430,"characterOffsetEnd":435,"pos":"VB","before":" ","after":" "},{"index":12,"word":"it","originalText":"it","characterOffsetBegin":436,"characterOffsetEnd":438,"pos":"PRP","before":" ","after":" "},{"index":13,"word":"yourself","originalText":"yourself","characterOffsetBegin":439,"characterOffsetEnd":447,"pos":"PRP","before":" ","after":" "},{"index":14,"word":"or","originalText":"or","characterOffsetBegin":448,"characterOffsetEnd":450,"pos":"CC","before":" ","after":" "},{"index":15,"word":"you","originalText":"you","characterOffsetBegin":451,"characterOffsetEnd":454,"pos":"PRP","before":" ","after":" "},{"index":16,"word":"can","originalText":"can","characterOffsetBegin":455,"characterOffsetEnd":458,"pos":"MD","before":" ","after":" "},{"index":17,"word":"use","originalText":"use","characterOffsetBegin":459,"characterOffsetEnd":462,"pos":"VB","before":" ","after":" "},{"index":18,"word":"the","originalText":"the","characterOffsetBegin":463,"characterOffsetEnd":466,"pos":"DT","before":" ","after":" "},{"index":19,"word":"followingbit","originalText":"followingbit","characterOffsetBegin":467,"characterOffsetEnd":479,"pos":"NN","before":" ","after":" "},{"index":20,"word":"of","originalText":"of","characterOffsetBegin":480,"characterOffsetEnd":482,"pos":"IN","before":" ","after":" "},{"index":21,"word":"code.static","originalText":"code.static","characterOffsetBegin":483,"characterOffsetEnd":494,"pos":"JJ","before":" ","after":" "},{"index":22,"word":"XrmOptionDescRec","originalText":"XrmOptionDescRec","characterOffsetBegin":495,"characterOffsetEnd":511,"pos":"NNP","before":" ","after":" "},{"index":23,"word":"options","originalText":"options","characterOffsetBegin":512,"characterOffsetEnd":519,"pos":"NNS","before":" ","after":""},{"index":24,"word":"-LSB-","originalText":"[","characterOffsetBegin":519,"characterOffsetEnd":520,"pos":"-LRB-","before":"","after":""},{"index":25,"word":"-RSB-","originalText":"]","characterOffsetBegin":520,"characterOffsetEnd":521,"pos":"-RRB-","before":"","after":" "},{"index":26,"word":"=","originalText":"=","characterOffsetBegin":522,"characterOffsetEnd":523,"pos":"JJ","before":" ","after":" "},{"index":27,"word":"-LCB-","originalText":"{","characterOffsetBegin":524,"characterOffsetEnd":525,"pos":"-LRB-","before":" ","after":"\t"},{"index":28,"word":"-LCB-","originalText":"{","characterOffsetBegin":526,"characterOffsetEnd":527,"pos":"-LRB-","before":"\t","after":""},{"index":29,"word":"''","originalText":"\"","characterOffsetBegin":527,"characterOffsetEnd":528,"pos":"''","before":"","after":""},{"index":30,"word":"-","originalText":"-","characterOffsetBegin":528,"characterOffsetEnd":529,"pos":":","before":"","after":""},{"index":31,"word":"geometry","originalText":"geometry","characterOffsetBegin":529,"characterOffsetEnd":537,"pos":"NN","before":"","after":""},{"index":32,"word":"''","originalText":"\"","characterOffsetBegin":537,"characterOffsetEnd":538,"pos":"''","before":"","after":""},{"index":33,"word":",","originalText":",","characterOffsetBegin":538,"characterOffsetEnd":539,"pos":",","before":"","after":"\t"},{"index":34,"word":"''","originalText":"\"","characterOffsetBegin":540,"characterOffsetEnd":541,"pos":"''","before":"\t","after":""},{"index":35,"word":".","originalText":".","characterOffsetBegin":541,"characterOffsetEnd":542,"pos":".","before":"","after":""}]},{"index":4,"tokens":[{"index":1,"word":"geometry","originalText":"geometry","characterOffsetBegin":542,"characterOffsetEnd":550,"pos":"NN","before":"","after":""},{"index":2,"word":"''","originalText":"\"","characterOffsetBegin":550,"characterOffsetEnd":551,"pos":"''","before":"","after":""},{"index":3,"word":",","originalText":",","characterOffsetBegin":551,"characterOffsetEnd":552,"pos":",","before":"","after":"\t"},{"index":4,"word":"XrmoptionSepArg","originalText":"XrmoptionSepArg","characterOffsetBegin":553,"characterOffsetEnd":568,"pos":"NNP","before":"\t","after":""},{"index":5,"word":",","originalText":",","characterOffsetBegin":568,"characterOffsetEnd":569,"pos":",","before":"","after":" "},{"index":6,"word":"-LRB-","originalText":"(","characterOffsetBegin":570,"characterOffsetEnd":571,"pos":"-LRB-","before":" ","after":""},{"index":7,"word":"XPointer","originalText":"XPointer","characterOffsetBegin":571,"characterOffsetEnd":579,"pos":"NN","before":"","after":""},{"index":8,"word":"-RRB-","originalText":")","characterOffsetBegin":579,"characterOffsetEnd":580,"pos":"-RRB-","before":"","after":""},{"index":9,"word":"NULL","originalText":"NULL","characterOffsetBegin":580,"characterOffsetEnd":584,"pos":"NN","before":"","after":""},{"index":10,"word":"-RCB-","originalText":"}","characterOffsetBegin":584,"characterOffsetEnd":585,"pos":"-RRB-","before":"","after":""},{"index":11,"word":"-RCB-","originalText":"}","characterOffsetBegin":585,"characterOffsetEnd":586,"pos":"-RRB-","before":"","after":""},{"index":12,"word":";","originalText":";","characterOffsetBegin":586,"characterOffsetEnd":587,"pos":":","before":"","after":""},{"index":13,"word":"#define","originalText":"#define","characterOffsetBegin":587,"characterOffsetEnd":594,"pos":"NN","before":"","after":" "},{"index":14,"word":"Number","originalText":"Number","characterOffsetBegin":595,"characterOffsetEnd":601,"pos":"NN","before":" ","after":""},{"index":15,"word":"-LRB-","originalText":"(","characterOffsetBegin":601,"characterOffsetEnd":602,"pos":"-LRB-","before":"","after":""},{"index":16,"word":"x","originalText":"x","characterOffsetBegin":602,"characterOffsetEnd":603,"pos":"NN","before":"","after":""},{"index":17,"word":"-RRB-","originalText":")","characterOffsetBegin":603,"characterOffsetEnd":604,"pos":"-RRB-","before":"","after":"\t"},{"index":18,"word":"-LRB-","originalText":"(","characterOffsetBegin":605,"characterOffsetEnd":606,"pos":"-LRB-","before":"\t","after":""},{"index":19,"word":"sizeof","originalText":"sizeof","characterOffsetBegin":606,"characterOffsetEnd":612,"pos":"NN","before":"","after":""},{"index":20,"word":"-LRB-","originalText":"(","characterOffsetBegin":612,"characterOffsetEnd":613,"pos":"-LRB-","before":"","after":""},{"index":21,"word":"x","originalText":"x","characterOffsetBegin":613,"characterOffsetEnd":614,"pos":"NN","before":"","after":""},{"index":22,"word":"-RRB-","originalText":")","characterOffsetBegin":614,"characterOffsetEnd":615,"pos":"-RRB-","before":"","after":""},{"index":23,"word":"/","originalText":"/","characterOffsetBegin":615,"characterOffsetEnd":616,"pos":":","before":"","after":""},{"index":24,"word":"sizeof","originalText":"sizeof","characterOffsetBegin":616,"characterOffsetEnd":622,"pos":"NN","before":"","after":""},{"index":25,"word":"-LRB-","originalText":"(","characterOffsetBegin":622,"characterOffsetEnd":623,"pos":"-LRB-","before":"","after":""},{"index":26,"word":"x","originalText":"x","characterOffsetBegin":623,"characterOffsetEnd":624,"pos":"NN","before":"","after":""},{"index":27,"word":"-LSB-","originalText":"[","characterOffsetBegin":624,"characterOffsetEnd":625,"pos":"-LRB-","before":"","after":""},{"index":28,"word":"0","originalText":"0","characterOffsetBegin":625,"characterOffsetEnd":626,"pos":"CD","before":"","after":""},{"index":29,"word":"-RSB-","originalText":"]","characterOffsetBegin":626,"characterOffsetEnd":627,"pos":"-RRB-","before":"","after":""},{"index":30,"word":"-RRB-","originalText":")","characterOffsetBegin":627,"characterOffsetEnd":628,"pos":"-RRB-","before":"","after":""},{"index":31,"word":"-RRB-","originalText":")","characterOffsetBegin":628,"characterOffsetEnd":629,"pos":"-RRB-","before":"","after":""},{"index":32,"word":"XrmParseCommand","originalText":"XrmParseCommand","characterOffsetBegin":629,"characterOffsetEnd":644,"pos":"NN","before":"","after":""},{"index":33,"word":"-LRB-","originalText":"(","characterOffsetBegin":644,"characterOffsetEnd":645,"pos":"-LRB-","before":"","after":""},{"index":34,"word":"db","originalText":"db","characterOffsetBegin":645,"characterOffsetEnd":647,"pos":"NN","before":"","after":""},{"index":35,"word":",","originalText":",","characterOffsetBegin":647,"characterOffsetEnd":648,"pos":",","before":"","after":" "},{"index":36,"word":"options","originalText":"options","characterOffsetBegin":649,"characterOffsetEnd":656,"pos":"NNS","before":" ","after":""},{"index":37,"word":",","originalText":",","characterOffsetBegin":656,"characterOffsetEnd":657,"pos":",","before":"","after":" "},{"index":38,"word":"Number","originalText":"Number","characterOffsetBegin":658,"characterOffsetEnd":664,"pos":"NNP","before":" ","after":""},{"index":39,"word":"-LRB-","originalText":"(","characterOffsetBegin":664,"characterOffsetEnd":665,"pos":"-LRB-","before":"","after":""},{"index":40,"word":"options","originalText":"options","characterOffsetBegin":665,"characterOffsetEnd":672,"pos":"NNS","before":"","after":""},{"index":41,"word":"-RRB-","originalText":")","characterOffsetBegin":672,"characterOffsetEnd":673,"pos":"-RRB-","before":"","after":""},{"index":42,"word":",","originalText":",","characterOffsetBegin":673,"characterOffsetEnd":674,"pos":",","before":"","after":" "},{"index":43,"word":"``","originalText":"\"","characterOffsetBegin":675,"characterOffsetEnd":676,"pos":"``","before":" ","after":""},{"index":44,"word":"MyApplication","originalText":"MyApplication","characterOffsetBegin":676,"characterOffsetEnd":689,"pos":"NN","before":"","after":""},{"index":45,"word":"''","originalText":"\"","characterOffsetBegin":689,"characterOffsetEnd":690,"pos":"''","before":"","after":""},{"index":46,"word":",","originalText":",","characterOffsetBegin":690,"characterOffsetEnd":691,"pos":",","before":"","after":" "},{"index":47,"word":"&","originalText":"&","characterOffsetBegin":692,"characterOffsetEnd":693,"pos":"CC","before":" ","after":""},{"index":48,"word":"argc","originalText":"argc","characterOffsetBegin":693,"characterOffsetEnd":697,"pos":"NN","before":"","after":""},{"index":49,"word":",","originalText":",","characterOffsetBegin":697,"characterOffsetEnd":698,"pos":",","before":"","after":" "},{"index":50,"word":"argv","originalText":"argv","characterOffsetBegin":699,"characterOffsetEnd":703,"pos":"NN","before":" ","after":""},{"index":51,"word":"-RRB-","originalText":")","characterOffsetBegin":703,"characterOffsetEnd":704,"pos":"-RRB-","before":"","after":""},{"index":52,"word":";","originalText":";","characterOffsetBegin":704,"characterOffsetEnd":705,"pos":":","before":"","after":""},{"index":53,"word":"Then","originalText":"Then","characterOffsetBegin":705,"characterOffsetEnd":709,"pos":"RB","before":"","after":" "},{"index":54,"word":"use","originalText":"use","characterOffsetBegin":710,"characterOffsetEnd":713,"pos":"VBP","before":" ","after":" "},{"index":55,"word":"XrmGetResource","originalText":"XrmGetResource","characterOffsetBegin":714,"characterOffsetEnd":728,"pos":"NN","before":" ","after":""},{"index":56,"word":"-LRB-","originalText":"(","characterOffsetBegin":728,"characterOffsetEnd":729,"pos":"-LRB-","before":"","after":""},{"index":57,"word":"-RRB-","originalText":")","characterOffsetBegin":729,"characterOffsetEnd":730,"pos":"-RRB-","before":"","after":" "},{"index":58,"word":"to","originalText":"to","characterOffsetBegin":731,"characterOffsetEnd":733,"pos":"TO","before":" ","after":" "},{"index":59,"word":"retrieve","originalText":"retrieve","characterOffsetBegin":734,"characterOffsetEnd":742,"pos":"VB","before":" ","after":" "},{"index":60,"word":"the","originalText":"the","characterOffsetBegin":743,"characterOffsetEnd":746,"pos":"DT","before":" ","after":" "},{"index":61,"word":"value","originalText":"value","characterOffsetBegin":747,"characterOffsetEnd":752,"pos":"NN","before":" ","after":" "},{"index":62,"word":"and","originalText":"and","characterOffsetBegin":753,"characterOffsetEnd":756,"pos":"CC","before":" ","after":" "},{"index":63,"word":"parse","originalText":"parse","characterOffsetBegin":757,"characterOffsetEnd":762,"pos":"VB","before":" ","after":" "},{"index":64,"word":"it","originalText":"it","characterOffsetBegin":763,"characterOffsetEnd":765,"pos":"PRP","before":" ","after":" "},{"index":65,"word":"usingXParseGeometry","originalText":"usingXParseGeometry","characterOffsetBegin":766,"characterOffsetEnd":785,"pos":"NN","before":" ","after":""},{"index":66,"word":"-LRB-","originalText":"(","characterOffsetBegin":785,"characterOffsetEnd":786,"pos":"-LRB-","before":"","after":""},{"index":67,"word":"-RRB-","originalText":")","characterOffsetBegin":786,"characterOffsetEnd":787,"pos":"-RRB-","before":"","after":""},{"index":68,"word":".","originalText":".","characterOffsetBegin":787,"characterOffsetEnd":788,"pos":".","before":"","after":""}]},{"index":5,"tokens":[{"index":1,"word":"It","originalText":"It","characterOffsetBegin":788,"characterOffsetEnd":790,"pos":"PRP","before":"","after":" "},{"index":2,"word":"is","originalText":"is","characterOffsetBegin":791,"characterOffsetEnd":793,"pos":"VBZ","before":" ","after":" "},{"index":3,"word":"probably","originalText":"probably","characterOffsetBegin":794,"characterOffsetEnd":802,"pos":"RB","before":" ","after":" "},{"index":4,"word":"quicker","originalText":"quicker","characterOffsetBegin":803,"characterOffsetEnd":810,"pos":"RBR","before":" ","after":" "},{"index":5,"word":"to","originalText":"to","characterOffsetBegin":811,"characterOffsetEnd":813,"pos":"TO","before":" ","after":" "},{"index":6,"word":"parse","originalText":"parse","characterOffsetBegin":814,"characterOffsetEnd":819,"pos":"VB","before":" ","after":" "},{"index":7,"word":"it","originalText":"it","characterOffsetBegin":820,"characterOffsetEnd":822,"pos":"PRP","before":" ","after":" "},{"index":8,"word":"yourself","originalText":"yourself","characterOffsetBegin":823,"characterOffsetEnd":831,"pos":"PRP","before":" ","after":" "},{"index":9,"word":"from","originalText":"from","characterOffsetBegin":832,"characterOffsetEnd":836,"pos":"IN","before":" ","after":" "},{"index":10,"word":"argv","originalText":"argv","characterOffsetBegin":837,"characterOffsetEnd":841,"pos":"NN","before":" ","after":""},{"index":11,"word":",","originalText":",","characterOffsetBegin":841,"characterOffsetEnd":842,"pos":",","before":"","after":" "},{"index":12,"word":"however","originalText":"however","characterOffsetBegin":843,"characterOffsetEnd":850,"pos":"RB","before":" ","after":""},{"index":13,"word":",","originalText":",","characterOffsetBegin":850,"characterOffsetEnd":851,"pos":",","before":"","after":" "},{"index":14,"word":"I","originalText":"I","characterOffsetBegin":852,"characterOffsetEnd":853,"pos":"PRP","before":" ","after":" "},{"index":15,"word":"much","originalText":"much","characterOffsetBegin":854,"characterOffsetEnd":858,"pos":"RB","before":" ","after":" "},{"index":16,"word":"preferusing","originalText":"preferusing","characterOffsetBegin":859,"characterOffsetEnd":870,"pos":"VBG","before":" ","after":" "},{"index":17,"word":"the","originalText":"the","characterOffsetBegin":871,"characterOffsetEnd":874,"pos":"DT","before":" ","after":" "},{"index":18,"word":"X","originalText":"X","characterOffsetBegin":875,"characterOffsetEnd":876,"pos":"NN","before":" ","after":" "},{"index":19,"word":"resource","originalText":"resource","characterOffsetBegin":877,"characterOffsetEnd":885,"pos":"NN","before":" ","after":" "},{"index":20,"word":"management","originalText":"management","characterOffsetBegin":886,"characterOffsetEnd":896,"pos":"NN","before":" ","after":" "},{"index":21,"word":"routines","originalText":"routines","characterOffsetBegin":897,"characterOffsetEnd":905,"pos":"NNS","before":" ","after":" "},{"index":22,"word":"to","originalText":"to","characterOffsetBegin":906,"characterOffsetEnd":908,"pos":"TO","before":" ","after":" "},{"index":23,"word":"do","originalText":"do","characterOffsetBegin":909,"characterOffsetEnd":911,"pos":"VB","before":" ","after":" "},{"index":24,"word":"this.Patrick","originalText":"this.Patrick","characterOffsetBegin":912,"characterOffsetEnd":924,"pos":"NNP","before":" ","after":" "},{"index":25,"word":"L.","originalText":"L.","characterOffsetBegin":925,"characterOffsetEnd":927,"pos":"NNP","before":" ","after":" "},{"index":26,"word":"Mahan","originalText":"Mahan","characterOffsetBegin":928,"characterOffsetEnd":933,"pos":"NNP","before":" ","after":""},{"index":27,"word":"--","originalText":"---","characterOffsetBegin":933,"characterOffsetEnd":936,"pos":":","before":"","after":" "},{"index":28,"word":"TGV","originalText":"TGV","characterOffsetBegin":937,"characterOffsetEnd":940,"pos":"NNP","before":" ","after":" "},{"index":29,"word":"Window","originalText":"Window","characterOffsetBegin":941,"characterOffsetEnd":947,"pos":"NNP","before":" ","after":" "},{"index":30,"word":"Washer","originalText":"Washer","characterOffsetBegin":948,"characterOffsetEnd":954,"pos":"NNP","before":" ","after":" "},{"index":31,"word":"-------------------------------","originalText":"-------------------------------","characterOffsetBegin":955,"characterOffsetEnd":986,"pos":"CD","before":" ","after":" "},{"index":32,"word":"Mahan@TGV.COM","originalText":"Mahan@TGV.COM","characterOffsetBegin":987,"characterOffsetEnd":1000,"pos":"NNP","before":" ","after":" "},{"index":33,"word":"---------","originalText":"---------","characterOffsetBegin":1001,"characterOffsetEnd":1010,"pos":"CD","before":" ","after":""},{"index":34,"word":"Waking","originalText":"Waking","characterOffsetBegin":1010,"characterOffsetEnd":1016,"pos":"VBG","before":"","after":" "},{"index":35,"word":"a","originalText":"a","characterOffsetBegin":1017,"characterOffsetEnd":1018,"pos":"DT","before":" ","after":" "},{"index":36,"word":"person","originalText":"person","characterOffsetBegin":1019,"characterOffsetEnd":1025,"pos":"NN","before":" ","after":" "},{"index":37,"word":"unnecessarily","originalText":"unnecessarily","characterOffsetBegin":1026,"characterOffsetEnd":1039,"pos":"RB","before":" ","after":" "},{"index":38,"word":"should","originalText":"should","characterOffsetBegin":1040,"characterOffsetEnd":1046,"pos":"MD","before":" ","after":" "},{"index":39,"word":"not","originalText":"not","characterOffsetBegin":1047,"characterOffsetEnd":1050,"pos":"RB","before":" ","after":" "},{"index":40,"word":"be","originalText":"be","characterOffsetBegin":1051,"characterOffsetEnd":1053,"pos":"VB","before":" ","after":" "},{"index":41,"word":"considered","originalText":"considered","characterOffsetBegin":1054,"characterOffsetEnd":1064,"pos":"VBN","before":" ","after":"  "},{"index":42,"word":"-","originalText":"-","characterOffsetBegin":1066,"characterOffsetEnd":1067,"pos":":","before":"  ","after":" "},{"index":43,"word":"Lazarus","originalText":"Lazarus","characterOffsetBegin":1068,"characterOffsetEnd":1075,"pos":"NNP","before":" ","after":" "},{"index":44,"word":"Longa","originalText":"Longa","characterOffsetBegin":1076,"characterOffsetEnd":1081,"pos":"NNP","before":" ","after":" "},{"index":45,"word":"capital","originalText":"capital","characterOffsetBegin":1082,"characterOffsetEnd":1089,"pos":"NN","before":" ","after":" "},{"index":46,"word":"crime","originalText":"crime","characterOffsetBegin":1090,"characterOffsetEnd":1095,"pos":"NN","before":" ","after":""},{"index":47,"word":".","originalText":".","characterOffsetBegin":1095,"characterOffsetEnd":1096,"pos":".","before":"","after":"  "}]},{"index":6,"tokens":[{"index":1,"word":"For","originalText":"For","characterOffsetBegin":1098,"characterOffsetEnd":1101,"pos":"IN","before":"  ","after":" "},{"index":2,"word":"a","originalText":"a","characterOffsetBegin":1102,"characterOffsetEnd":1103,"pos":"DT","before":" ","after":" "},{"index":3,"word":"first","originalText":"first","characterOffsetBegin":1104,"characterOffsetEnd":1109,"pos":"JJ","before":" ","after":" "},{"index":4,"word":"offense","originalText":"offense","characterOffsetBegin":1110,"characterOffsetEnd":1117,"pos":"NN","before":" ","after":""},{"index":5,"word":",","originalText":",","characterOffsetBegin":1117,"characterOffsetEnd":1118,"pos":",","before":"","after":" "},{"index":6,"word":"that","originalText":"that","characterOffsetBegin":1119,"characterOffsetEnd":1123,"pos":"WDT","before":" ","after":" "},{"index":7,"word":"is","originalText":"is","characterOffsetBegin":1124,"characterOffsetEnd":1126,"pos":"VBZ","before":" ","after":"            "},{"index":8,"word":"From","originalText":"From","characterOffsetBegin":1138,"characterOffsetEnd":1142,"pos":"IN","before":"            ","after":" "},{"index":9,"word":"the","originalText":"the","characterOffsetBegin":1143,"characterOffsetEnd":1146,"pos":"DT","before":" ","after":" "},{"index":10,"word":"Notebooks","originalText":"Notebooks","characterOffsetBegin":1147,"characterOffsetEnd":1156,"pos":"NNPS","before":" ","after":" "},{"index":11,"word":"of","originalText":"of","characterOffsetBegin":1157,"characterOffsetEnd":1159,"pos":"IN","before":" ","after":"\t\t\t\t\t\t\t  "},{"index":12,"word":"Lazarus","originalText":"Lazarus","characterOffsetBegin":1168,"characterOffsetEnd":1175,"pos":"NNP","before":"\t\t\t\t\t\t\t  ","after":" "},{"index":13,"word":"Long","originalText":"Long","characterOffsetBegin":1176,"characterOffsetEnd":1180,"pos":"NNP","before":" ","after":""}]}]}