{"sentences":[{"index":0,"tokens":[{"index":1,"word":"From","originalText":"From","characterOffsetBegin":0,"characterOffsetEnd":4,"pos":"IN","before":"","after":""},{"index":2,"word":":","originalText":":","characterOffsetBegin":4,"characterOffsetEnd":5,"pos":":","before":"","after":" "},{"index":3,"word":"neuralog@NeoSoft.com","originalText":"neuralog@NeoSoft.com","characterOffsetBegin":6,"characterOffsetEnd":26,"pos":"NNP","before":" ","after":" "},{"index":4,"word":"-LRB-","originalText":"(","characterOffsetBegin":27,"characterOffsetEnd":28,"pos":"-LRB-","before":" ","after":""},{"index":5,"word":"Neuralog","originalText":"Neuralog","characterOffsetBegin":28,"characterOffsetEnd":36,"pos":"NNP","before":"","after":""},{"index":6,"word":"-RRB-","originalText":")","characterOffsetBegin":36,"characterOffsetEnd":37,"pos":"-RRB-","before":"","after":""},{"index":7,"word":"Subject","originalText":"Subject","characterOffsetBegin":37,"characterOffsetEnd":44,"pos":"NNP","before":"","after":""},{"index":8,"word":":","originalText":":","characterOffsetBegin":44,"characterOffsetEnd":45,"pos":":","before":"","after":" "},{"index":9,"word":"Re","originalText":"Re","characterOffsetBegin":46,"characterOffsetEnd":48,"pos":"NNP","before":" ","after":""},{"index":10,"word":":","originalText":":","characterOffsetBegin":48,"characterOffsetEnd":49,"pos":":","before":"","after":" "},{"index":11,"word":"compiling","originalText":"compiling","characterOffsetBegin":50,"characterOffsetEnd":59,"pos":"VBG","before":" ","after":" "},{"index":12,"word":"on","originalText":"on","characterOffsetBegin":60,"characterOffsetEnd":62,"pos":"IN","before":" ","after":" "},{"index":13,"word":"sun4_411In","originalText":"sun4_411In","characterOffsetBegin":63,"characterOffsetEnd":73,"pos":"NN","before":" ","after":" "},{"index":14,"word":"article","originalText":"article","characterOffsetBegin":74,"characterOffsetEnd":81,"pos":"NN","before":" ","after":" "},{"index":15,"word":"<1993Apr20.132914.907@aio.jsc.nasa.gov>","originalText":"<1993Apr20.132914.907@aio.jsc.nasa.gov>","characterOffsetBegin":82,"characterOffsetEnd":121,"pos":"NN","before":" ","after":" "},{"index":16,"word":"mccoy@gothamcity.jsc.nasa.gov","originalText":"mccoy@gothamcity.jsc.nasa.gov","characterOffsetBegin":122,"characterOffsetEnd":151,"pos":"NN","before":" ","after":" "},{"index":17,"word":"writes","originalText":"writes","characterOffsetBegin":152,"characterOffsetEnd":158,"pos":"VBZ","before":" ","after":""},{"index":18,"word":":","originalText":":","characterOffsetBegin":158,"characterOffsetEnd":159,"pos":":","before":"","after":""},{"index":19,"word":">","originalText":">","characterOffsetBegin":159,"characterOffsetEnd":160,"pos":"JJR","before":"","after":""},{"index":20,"word":"In","originalText":"In","characterOffsetBegin":160,"characterOffsetEnd":162,"pos":"IN","before":"","after":" "},{"index":21,"word":"article","originalText":"article","characterOffsetBegin":163,"characterOffsetEnd":170,"pos":"NN","before":" ","after":" "},{"index":22,"word":"qfe00WB2QzZ7EZ@andrew.cmu.edu,","originalText":"qfe00WB2QzZ7EZ@andrew.cmu.edu,","characterOffsetBegin":171,"characterOffsetEnd":201,"pos":"NNP","before":" ","after":" "},{"index":23,"word":"Wilson","originalText":"Wilson","characterOffsetBegin":202,"characterOffsetEnd":208,"pos":"NNP","before":" ","after":" "},{"index":24,"word":"Swee","originalText":"Swee","characterOffsetBegin":209,"characterOffsetEnd":213,"pos":"NNP","before":" ","after":" "},{"index":25,"word":"<ws8n+@andrew.cmu.edu>","originalText":"<ws8n+@andrew.cmu.edu>","characterOffsetBegin":214,"characterOffsetEnd":236,"pos":"NN","before":" ","after":" "},{"index":26,"word":"-LRB-","originalText":"(","characterOffsetBegin":237,"characterOffsetEnd":238,"pos":"-LRB-","before":" ","after":""},{"index":27,"word":"-RRB-","originalText":")","characterOffsetBegin":238,"characterOffsetEnd":239,"pos":"-RRB-","before":"","after":" "},{"index":28,"word":"writes","originalText":"writes","characterOffsetBegin":240,"characterOffsetEnd":246,"pos":"VBZ","before":" ","after":""},{"index":29,"word":":","originalText":":","characterOffsetBegin":246,"characterOffsetEnd":247,"pos":":","before":"","after":""},{"index":30,"word":">","originalText":">","characterOffsetBegin":247,"characterOffsetEnd":248,"pos":"JJR","before":"","after":""},{"index":31,"word":"|","originalText":"|","characterOffsetBegin":248,"characterOffsetEnd":249,"pos":"CD","before":"","after":""},{"index":32,"word":">","originalText":">","characterOffsetBegin":249,"characterOffsetEnd":250,"pos":"JJR","before":"","after":"    "},{"index":33,"word":"I","originalText":"I","characterOffsetBegin":254,"characterOffsetEnd":255,"pos":"PRP","before":"    ","after":" "},{"index":34,"word":"have","originalText":"have","characterOffsetBegin":256,"characterOffsetEnd":260,"pos":"VBP","before":" ","after":" "},{"index":35,"word":"a","originalText":"a","characterOffsetBegin":261,"characterOffsetEnd":262,"pos":"DT","before":" ","after":" "},{"index":36,"word":"piece","originalText":"piece","characterOffsetBegin":263,"characterOffsetEnd":268,"pos":"NN","before":" ","after":" "},{"index":37,"word":"of","originalText":"of","characterOffsetBegin":269,"characterOffsetEnd":271,"pos":"IN","before":" ","after":" "},{"index":38,"word":"X","originalText":"X","characterOffsetBegin":272,"characterOffsetEnd":273,"pos":"NN","before":" ","after":" "},{"index":39,"word":"code","originalText":"code","characterOffsetBegin":274,"characterOffsetEnd":278,"pos":"NN","before":" ","after":" "},{"index":40,"word":"that","originalText":"that","characterOffsetBegin":279,"characterOffsetEnd":283,"pos":"WDT","before":" ","after":" "},{"index":41,"word":"compiles","originalText":"compiles","characterOffsetBegin":284,"characterOffsetEnd":292,"pos":"VBZ","before":" ","after":" "},{"index":42,"word":"fine","originalText":"fine","characterOffsetBegin":293,"characterOffsetEnd":297,"pos":"NN","before":" ","after":" "},{"index":43,"word":"on","originalText":"on","characterOffsetBegin":298,"characterOffsetEnd":300,"pos":"IN","before":" ","after":" "},{"index":44,"word":"pmax-ul4","originalText":"pmax-ul4","characterOffsetBegin":301,"characterOffsetEnd":309,"pos":"NN","before":" ","after":""},{"index":45,"word":",","originalText":",","characterOffsetBegin":309,"characterOffsetEnd":310,"pos":",","before":"","after":" "},{"index":46,"word":"pmax_mach","originalText":"pmax_mach","characterOffsetBegin":311,"characterOffsetEnd":320,"pos":"NN","before":" ","after":""},{"index":47,"word":",","originalText":",","characterOffsetBegin":320,"characterOffsetEnd":321,"pos":",","before":"","after":" "},{"index":48,"word":"as","originalText":"as","characterOffsetBegin":322,"characterOffsetEnd":324,"pos":"IN","before":" ","after":""},{"index":49,"word":">","originalText":">","characterOffsetBegin":324,"characterOffsetEnd":325,"pos":"JJR","before":"","after":""},{"index":50,"word":"|","originalText":"|","characterOffsetBegin":325,"characterOffsetEnd":326,"pos":"CD","before":"","after":""},{"index":51,"word":">","originalText":">","characterOffsetBegin":326,"characterOffsetEnd":327,"pos":"JJR","before":"","after":""},{"index":52,"word":"well","originalText":"well","characterOffsetBegin":327,"characterOffsetEnd":331,"pos":"RB","before":"","after":" "},{"index":53,"word":"as","originalText":"as","characterOffsetBegin":332,"characterOffsetEnd":334,"pos":"IN","before":" ","after":" "},{"index":54,"word":"sun4_mach","originalText":"sun4_mach","characterOffsetBegin":335,"characterOffsetEnd":344,"pos":"NN","before":" ","after":""},{"index":55,"word":",","originalText":",","characterOffsetBegin":344,"characterOffsetEnd":345,"pos":",","before":"","after":" "},{"index":56,"word":"but","originalText":"but","characterOffsetBegin":346,"characterOffsetEnd":349,"pos":"CC","before":" ","after":" "},{"index":57,"word":"whenever","originalText":"whenever","characterOffsetBegin":350,"characterOffsetEnd":358,"pos":"WRB","before":" ","after":" "},{"index":58,"word":"it","originalText":"it","characterOffsetBegin":359,"characterOffsetEnd":361,"pos":"PRP","before":" ","after":" "},{"index":59,"word":"compiles","originalText":"compiles","characterOffsetBegin":362,"characterOffsetEnd":370,"pos":"VBZ","before":" ","after":" "},{"index":60,"word":"on","originalText":"on","characterOffsetBegin":371,"characterOffsetEnd":373,"pos":"IN","before":" ","after":" "},{"index":61,"word":"sun4_411","originalText":"sun4_411","characterOffsetBegin":374,"characterOffsetEnd":382,"pos":"NN","before":" ","after":""},{"index":62,"word":",","originalText":",","characterOffsetBegin":382,"characterOffsetEnd":383,"pos":",","before":"","after":" "},{"index":63,"word":"it","originalText":"it","characterOffsetBegin":384,"characterOffsetEnd":386,"pos":"PRP","before":" ","after":" "},{"index":64,"word":"gives","originalText":"gives","characterOffsetBegin":387,"characterOffsetEnd":392,"pos":"VBZ","before":" ","after":" "},{"index":65,"word":"me","originalText":"me","characterOffsetBegin":393,"characterOffsetEnd":395,"pos":"PRP","before":" ","after":" "},{"index":66,"word":">","originalText":">","characterOffsetBegin":396,"characterOffsetEnd":397,"pos":"JJR","before":" ","after":""},{"index":67,"word":"|","originalText":"|","characterOffsetBegin":397,"characterOffsetEnd":398,"pos":"CD","before":"","after":""},{"index":68,"word":">","originalText":">","characterOffsetBegin":398,"characterOffsetEnd":399,"pos":"JJR","before":"","after":""},{"index":69,"word":"undefined","originalText":"undefined","characterOffsetBegin":399,"characterOffsetEnd":408,"pos":"JJ","before":"","after":" "},{"index":70,"word":"ld","originalText":"ld","characterOffsetBegin":409,"characterOffsetEnd":411,"pos":"NN","before":" ","after":" "},{"index":71,"word":"errors","originalText":"errors","characterOffsetBegin":412,"characterOffsetEnd":418,"pos":"NNS","before":" ","after":""},{"index":72,"word":":","originalText":":","characterOffsetBegin":418,"characterOffsetEnd":419,"pos":":","before":"","after":""},{"index":73,"word":">","originalText":">","characterOffsetBegin":419,"characterOffsetEnd":420,"pos":"JJR","before":"","after":""},{"index":74,"word":"|","originalText":"|","characterOffsetBegin":420,"characterOffsetEnd":421,"pos":"CD","before":"","after":""},{"index":75,"word":">","originalText":">","characterOffsetBegin":421,"characterOffsetEnd":422,"pos":"JJR","before":"","after":""},{"index":76,"word":"_","originalText":"_","characterOffsetBegin":422,"characterOffsetEnd":423,"pos":"CD","before":"","after":""},{"index":77,"word":"sin","originalText":"sin","characterOffsetBegin":423,"characterOffsetEnd":426,"pos":"NN","before":"","after":""},{"index":78,"word":">","originalText":">","characterOffsetBegin":426,"characterOffsetEnd":427,"pos":"JJR","before":"","after":""},{"index":79,"word":"|","originalText":"|","characterOffsetBegin":427,"characterOffsetEnd":428,"pos":"CD","before":"","after":""},{"index":80,"word":">","originalText":">","characterOffsetBegin":428,"characterOffsetEnd":429,"pos":"JJR","before":"","after":""},{"index":81,"word":"_","originalText":"_","characterOffsetBegin":429,"characterOffsetEnd":430,"pos":"CD","before":"","after":""},{"index":82,"word":"cos","originalText":"cos","characterOffsetBegin":430,"characterOffsetEnd":433,"pos":"NN","before":"","after":""},{"index":83,"word":">","originalText":">","characterOffsetBegin":433,"characterOffsetEnd":434,"pos":"JJR","before":"","after":""},{"index":84,"word":"|","originalText":"|","characterOffsetBegin":434,"characterOffsetEnd":435,"pos":"CD","before":"","after":""},{"index":85,"word":">","originalText":">","characterOffsetBegin":435,"characterOffsetEnd":436,"pos":"JJR","before":"","after":""},{"index":86,"word":"_","originalText":"_","characterOffsetBegin":436,"characterOffsetEnd":437,"pos":"CD","before":"","after":""},{"index":87,"word":"pow","originalText":"pow","characterOffsetBegin":437,"characterOffsetEnd":440,"pos":"NN","before":"","after":""},{"index":88,"word":">","originalText":">","characterOffsetBegin":440,"characterOffsetEnd":441,"pos":"JJR","before":"","after":""},{"index":89,"word":"|","originalText":"|","characterOffsetBegin":441,"characterOffsetEnd":442,"pos":"CD","before":"","after":""},{"index":90,"word":">","originalText":">","characterOffsetBegin":442,"characterOffsetEnd":443,"pos":"JJR","before":"","after":""},{"index":91,"word":"_","originalText":"_","characterOffsetBegin":443,"characterOffsetEnd":444,"pos":"CD","before":"","after":""},{"index":92,"word":"floor","originalText":"floor","characterOffsetBegin":444,"characterOffsetEnd":449,"pos":"NN","before":"","after":""},{"index":93,"word":">","originalText":">","characterOffsetBegin":449,"characterOffsetEnd":450,"pos":"JJR","before":"","after":""},{"index":94,"word":"|","originalText":"|","characterOffsetBegin":450,"characterOffsetEnd":451,"pos":"CD","before":"","after":""},{"index":95,"word":">","originalText":">","characterOffsetBegin":451,"characterOffsetEnd":452,"pos":"JJR","before":"","after":""},{"index":96,"word":"_","originalText":"_","characterOffsetBegin":452,"characterOffsetEnd":453,"pos":"CD","before":"","after":""},{"index":97,"word":"get_wmShellWidgetClass","originalText":"get_wmShellWidgetClass","characterOffsetBegin":453,"characterOffsetEnd":475,"pos":"NN","before":"","after":""},{"index":98,"word":">","originalText":">","characterOffsetBegin":475,"characterOffsetEnd":476,"pos":"JJR","before":"","after":""},{"index":99,"word":"|","originalText":"|","characterOffsetBegin":476,"characterOffsetEnd":477,"pos":"CD","before":"","after":""},{"index":100,"word":">","originalText":">","characterOffsetBegin":477,"characterOffsetEnd":478,"pos":"JJR","before":"","after":""},{"index":101,"word":"_","originalText":"_","characterOffsetBegin":478,"characterOffsetEnd":479,"pos":"CD","before":"","after":""},{"index":102,"word":"get_applicationShellWidgetClass","originalText":"get_applicationShellWidgetClass","characterOffsetBegin":479,"characterOffsetEnd":510,"pos":"NN","before":"","after":""},{"index":103,"word":">","originalText":">","characterOffsetBegin":510,"characterOffsetEnd":511,"pos":"JJR","before":"","after":""},{"index":104,"word":"|","originalText":"|","characterOffsetBegin":511,"characterOffsetEnd":512,"pos":"CD","before":"","after":""},{"index":105,"word":">>","originalText":">>","characterOffsetBegin":512,"characterOffsetEnd":514,"pos":"NN","before":"","after":""},{"index":106,"word":"|","originalText":"|","characterOffsetBegin":514,"characterOffsetEnd":515,"pos":"CD","before":"","after":""},{"index":107,"word":">","originalText":">","characterOffsetBegin":515,"characterOffsetEnd":516,"pos":"JJR","before":"","after":""},{"index":108,"word":"The","originalText":"The","characterOffsetBegin":516,"characterOffsetEnd":519,"pos":"DT","before":"","after":" "},{"index":109,"word":"following","originalText":"following","characterOffsetBegin":520,"characterOffsetEnd":529,"pos":"VBG","before":" ","after":" "},{"index":110,"word":"libraries","originalText":"libraries","characterOffsetBegin":530,"characterOffsetEnd":539,"pos":"NNS","before":" ","after":" "},{"index":111,"word":"that","originalText":"that","characterOffsetBegin":540,"characterOffsetEnd":544,"pos":"IN","before":" ","after":" "},{"index":112,"word":"I","originalText":"I","characterOffsetBegin":545,"characterOffsetEnd":546,"pos":"PRP","before":" ","after":" "},{"index":113,"word":"linked","originalText":"linked","characterOffsetBegin":547,"characterOffsetEnd":553,"pos":"VBD","before":" ","after":" "},{"index":114,"word":"it","originalText":"it","characterOffsetBegin":554,"characterOffsetEnd":556,"pos":"PRP","before":" ","after":" "},{"index":115,"word":"to","originalText":"to","characterOffsetBegin":557,"characterOffsetEnd":559,"pos":"TO","before":" ","after":" "},{"index":116,"word":"are","originalText":"are","characterOffsetBegin":560,"characterOffsetEnd":563,"pos":"VBP","before":" ","after":""},{"index":117,"word":":","originalText":":","characterOffsetBegin":563,"characterOffsetEnd":564,"pos":":","before":"","after":""},{"index":118,"word":">","originalText":">","characterOffsetBegin":564,"characterOffsetEnd":565,"pos":"JJR","before":"","after":""},{"index":119,"word":"|","originalText":"|","characterOffsetBegin":565,"characterOffsetEnd":566,"pos":"CD","before":"","after":""},{"index":120,"word":">","originalText":">","characterOffsetBegin":566,"characterOffsetEnd":567,"pos":"JJR","before":"","after":""},{"index":121,"word":"-","originalText":"-","characterOffsetBegin":567,"characterOffsetEnd":568,"pos":":","before":"","after":""},{"index":122,"word":"lXaw","originalText":"lXaw","characterOffsetBegin":568,"characterOffsetEnd":572,"pos":"NN","before":"","after":" "},{"index":123,"word":"-","originalText":"-","characterOffsetBegin":573,"characterOffsetEnd":574,"pos":":","before":" ","after":""},{"index":124,"word":"lXmu","originalText":"lXmu","characterOffsetBegin":574,"characterOffsetEnd":578,"pos":"NN","before":"","after":" "},{"index":125,"word":"-","originalText":"-","characterOffsetBegin":579,"characterOffsetEnd":580,"pos":":","before":" ","after":""},{"index":126,"word":"lXt","originalText":"lXt","characterOffsetBegin":580,"characterOffsetEnd":583,"pos":"SYM","before":"","after":" "},{"index":127,"word":"-","originalText":"-","characterOffsetBegin":584,"characterOffsetEnd":585,"pos":":","before":" ","after":""},{"index":128,"word":"lXext","originalText":"lXext","characterOffsetBegin":585,"characterOffsetEnd":590,"pos":"NN","before":"","after":" "},{"index":129,"word":"-","originalText":"-","characterOffsetBegin":591,"characterOffsetEnd":592,"pos":":","before":" ","after":""},{"index":130,"word":"lX11","originalText":"lX11","characterOffsetBegin":592,"characterOffsetEnd":596,"pos":"NN","before":"","after":""},{"index":131,"word":">","originalText":">","characterOffsetBegin":596,"characterOffsetEnd":597,"pos":"JJR","before":"","after":""},{"index":132,"word":"|","originalText":"|","characterOffsetBegin":597,"characterOffsetEnd":598,"pos":"CD","before":"","after":""},{"index":133,"word":">>","originalText":">>","characterOffsetBegin":598,"characterOffsetEnd":600,"pos":"NN","before":"","after":""},{"index":134,"word":"|","originalText":"|","characterOffsetBegin":600,"characterOffsetEnd":601,"pos":"CD","before":"","after":""},{"index":135,"word":">","originalText":">","characterOffsetBegin":601,"characterOffsetEnd":602,"pos":"JJR","before":"","after":""},{"index":136,"word":"The","originalText":"The","characterOffsetBegin":602,"characterOffsetEnd":605,"pos":"DT","before":"","after":" "},{"index":137,"word":"makefile","originalText":"makefile","characterOffsetBegin":606,"characterOffsetEnd":614,"pos":"NN","before":" ","after":" "},{"index":138,"word":"is","originalText":"is","characterOffsetBegin":615,"characterOffsetEnd":617,"pos":"VBZ","before":" ","after":" "},{"index":139,"word":"generated","originalText":"generated","characterOffsetBegin":618,"characterOffsetEnd":627,"pos":"VBN","before":" ","after":" "},{"index":140,"word":"off","originalText":"off","characterOffsetBegin":628,"characterOffsetEnd":631,"pos":"RP","before":" ","after":" "},{"index":141,"word":"an","originalText":"an","characterOffsetBegin":632,"characterOffsetEnd":634,"pos":"DT","before":" ","after":" "},{"index":142,"word":"imake","originalText":"imake","characterOffsetBegin":635,"characterOffsetEnd":640,"pos":"NN","before":" ","after":" "},{"index":143,"word":"template","originalText":"template","characterOffsetBegin":641,"characterOffsetEnd":649,"pos":"NN","before":" ","after":""},{"index":144,"word":".","originalText":".","characterOffsetBegin":649,"characterOffsetEnd":650,"pos":".","before":"","after":""},{"index":145,"word":">","originalText":">","characterOffsetBegin":650,"characterOffsetEnd":651,"pos":"JJR","before":"","after":""}]},{"index":1,"tokens":[{"index":1,"word":"|","originalText":"|","characterOffsetBegin":651,"characterOffsetEnd":652,"pos":"SYM","before":"","after":""},{"index":2,"word":">","originalText":">","characterOffsetBegin":652,"characterOffsetEnd":653,"pos":"JJR","before":"","after":""},{"index":3,"word":"Can","originalText":"Can","characterOffsetBegin":653,"characterOffsetEnd":656,"pos":"MD","before":"","after":" "},{"index":4,"word":"anyone","originalText":"anyone","characterOffsetBegin":657,"characterOffsetEnd":663,"pos":"NN","before":" ","after":" "},{"index":5,"word":"give","originalText":"give","characterOffsetBegin":664,"characterOffsetEnd":668,"pos":"VB","before":" ","after":" "},{"index":6,"word":"me","originalText":"me","characterOffsetBegin":669,"characterOffsetEnd":671,"pos":"PRP","before":" ","after":" "},{"index":7,"word":"pointers","originalText":"pointers","characterOffsetBegin":672,"characterOffsetEnd":680,"pos":"NNS","before":" ","after":" "},{"index":8,"word":"as","originalText":"as","characterOffsetBegin":681,"characterOffsetEnd":683,"pos":"IN","before":" ","after":" "},{"index":9,"word":"to","originalText":"to","characterOffsetBegin":684,"characterOffsetEnd":686,"pos":"TO","before":" ","after":" "},{"index":10,"word":"what","originalText":"what","characterOffsetBegin":687,"characterOffsetEnd":691,"pos":"WP","before":" ","after":" "},{"index":11,"word":"I","originalText":"I","characterOffsetBegin":692,"characterOffsetEnd":693,"pos":"PRP","before":" ","after":""},{"index":12,"word":"'m","originalText":"'m","characterOffsetBegin":693,"characterOffsetEnd":695,"pos":"VBP","before":"","after":" "},{"index":13,"word":"missing","originalText":"missing","characterOffsetBegin":696,"characterOffsetEnd":703,"pos":"VBG","before":" ","after":" "},{"index":14,"word":"out","originalText":"out","characterOffsetBegin":704,"characterOffsetEnd":707,"pos":"RP","before":" ","after":" "},{"index":15,"word":"to","originalText":"to","characterOffsetBegin":708,"characterOffsetEnd":710,"pos":"TO","before":" ","after":" "},{"index":16,"word":"compile","originalText":"compile","characterOffsetBegin":711,"characterOffsetEnd":718,"pos":"VB","before":" ","after":" "},{"index":17,"word":"on","originalText":"on","characterOffsetBegin":719,"characterOffsetEnd":721,"pos":"IN","before":" ","after":""},{"index":18,"word":">","originalText":">","characterOffsetBegin":721,"characterOffsetEnd":722,"pos":"JJR","before":"","after":""},{"index":19,"word":"|","originalText":"|","characterOffsetBegin":722,"characterOffsetEnd":723,"pos":"CD","before":"","after":""},{"index":20,"word":">","originalText":">","characterOffsetBegin":723,"characterOffsetEnd":724,"pos":"JJR","before":"","after":""},{"index":21,"word":"a","originalText":"a","characterOffsetBegin":724,"characterOffsetEnd":725,"pos":"DT","before":"","after":" "},{"index":22,"word":"sun4_411","originalText":"sun4_411","characterOffsetBegin":726,"characterOffsetEnd":734,"pos":"NN","before":" ","after":""},{"index":23,"word":"?","originalText":"?","characterOffsetBegin":734,"characterOffsetEnd":735,"pos":".","before":"","after":""}]},{"index":2,"tokens":[{"index":1,"word":">>","originalText":">>","characterOffsetBegin":735,"characterOffsetEnd":737,"pos":"NNP","before":"","after":""},{"index":2,"word":"Well","originalText":"Well","characterOffsetBegin":737,"characterOffsetEnd":741,"pos":"NNP","before":"","after":""},{"index":3,"word":",","originalText":",","characterOffsetBegin":741,"characterOffsetEnd":742,"pos":",","before":"","after":" "},{"index":4,"word":"the","originalText":"the","characterOffsetBegin":743,"characterOffsetEnd":746,"pos":"DT","before":" ","after":" "},{"index":5,"word":"first","originalText":"first","characterOffsetBegin":747,"characterOffsetEnd":752,"pos":"JJ","before":" ","after":" "},{"index":6,"word":"2","originalText":"2","characterOffsetBegin":753,"characterOffsetEnd":754,"pos":"CD","before":" ","after":" "},{"index":7,"word":"are","originalText":"are","characterOffsetBegin":755,"characterOffsetEnd":758,"pos":"VBP","before":" ","after":" "},{"index":8,"word":"easy","originalText":"easy","characterOffsetBegin":759,"characterOffsetEnd":763,"pos":"JJ","before":" ","after":""},{"index":9,"word":".","originalText":".","characterOffsetBegin":763,"characterOffsetEnd":764,"pos":".","before":"","after":"  "}]},{"index":3,"tokens":[{"index":1,"word":"You","originalText":"You","characterOffsetBegin":766,"characterOffsetEnd":769,"pos":"PRP","before":"  ","after":" "},{"index":2,"word":"need","originalText":"need","characterOffsetBegin":770,"characterOffsetEnd":774,"pos":"VBP","before":" ","after":" "},{"index":3,"word":"the","originalText":"the","characterOffsetBegin":775,"characterOffsetEnd":778,"pos":"DT","before":" ","after":" "},{"index":4,"word":"math","originalText":"math","characterOffsetBegin":779,"characterOffsetEnd":783,"pos":"NN","before":" ","after":" "},{"index":5,"word":"library","originalText":"library","characterOffsetBegin":784,"characterOffsetEnd":791,"pos":"NN","before":" ","after":""},{"index":6,"word":".","originalText":".","characterOffsetBegin":791,"characterOffsetEnd":792,"pos":".","before":"","after":"  "}]},{"index":4,"tokens":[{"index":1,"word":"Try","originalText":"Try","characterOffsetBegin":794,"characterOffsetEnd":797,"pos":"VB","before":"  ","after":" "},{"index":2,"word":"adding","originalText":"adding","characterOffsetBegin":798,"characterOffsetEnd":804,"pos":"VBG","before":" ","after":" "},{"index":3,"word":"-","originalText":"-","characterOffsetBegin":805,"characterOffsetEnd":806,"pos":":","before":" ","after":""},{"index":4,"word":"lm","originalText":"lm","characterOffsetBegin":806,"characterOffsetEnd":808,"pos":"NN","before":"","after":" "},{"index":5,"word":"after","originalText":"after","characterOffsetBegin":809,"characterOffsetEnd":814,"pos":"IN","before":" ","after":""},{"index":6,"word":">","originalText":">","characterOffsetBegin":814,"characterOffsetEnd":815,"pos":"JJR","before":"","after":""},{"index":7,"word":"-","originalText":"-","characterOffsetBegin":815,"characterOffsetEnd":816,"pos":":","before":"","after":""},{"index":8,"word":"lX11","originalText":"lX11","characterOffsetBegin":816,"characterOffsetEnd":820,"pos":"NN","before":"","after":""},{"index":9,"word":".","originalText":".","characterOffsetBegin":820,"characterOffsetEnd":821,"pos":".","before":"","after":"  "}]},{"index":5,"tokens":[{"index":1,"word":"Do","originalText":"Do","characterOffsetBegin":823,"characterOffsetEnd":825,"pos":"VBP","before":"  ","after":""},{"index":2,"word":"n't","originalText":"n't","characterOffsetBegin":825,"characterOffsetEnd":828,"pos":"RB","before":"","after":" "},{"index":3,"word":"know","originalText":"know","characterOffsetBegin":829,"characterOffsetEnd":833,"pos":"VB","before":" ","after":" "},{"index":4,"word":"if","originalText":"if","characterOffsetBegin":834,"characterOffsetEnd":836,"pos":"IN","before":" ","after":" "},{"index":5,"word":"that","originalText":"that","characterOffsetBegin":837,"characterOffsetEnd":841,"pos":"DT","before":" ","after":""},{"index":6,"word":"'s","originalText":"'s","characterOffsetBegin":841,"characterOffsetEnd":843,"pos":"VBZ","before":"","after":" "},{"index":7,"word":"the","originalText":"the","characterOffsetBegin":844,"characterOffsetEnd":847,"pos":"DT","before":" ","after":" "},{"index":8,"word":"whole","originalText":"whole","characterOffsetBegin":848,"characterOffsetEnd":853,"pos":"JJ","before":" ","after":" "},{"index":9,"word":"problem","originalText":"problem","characterOffsetBegin":854,"characterOffsetEnd":861,"pos":"NN","before":" ","after":" "},{"index":10,"word":"but","originalText":"but","characterOffsetBegin":862,"characterOffsetEnd":865,"pos":"CC","before":" ","after":" "},{"index":11,"word":"it","originalText":"it","characterOffsetBegin":866,"characterOffsetEnd":868,"pos":"PRP","before":" ","after":""},{"index":12,"word":"'s","originalText":"'s","characterOffsetBegin":868,"characterOffsetEnd":870,"pos":"VBZ","before":"","after":" "},{"index":13,"word":"a","originalText":"a","characterOffsetBegin":871,"characterOffsetEnd":872,"pos":"DT","before":" ","after":" "},{"index":14,"word":"start","originalText":"start","characterOffsetBegin":873,"characterOffsetEnd":878,"pos":"NN","before":" ","after":""},{"index":15,"word":".","originalText":".","characterOffsetBegin":878,"characterOffsetEnd":879,"pos":".","before":"","after":""}]},{"index":6,"tokens":[{"index":1,"word":">>","originalText":">>","characterOffsetBegin":879,"characterOffsetEnd":881,"pos":"NN","before":"","after":""},{"index":2,"word":"--","originalText":"---","characterOffsetBegin":881,"characterOffsetEnd":884,"pos":":","before":"","after":""},{"index":3,"word":"I","originalText":"I","characterOffsetBegin":884,"characterOffsetEnd":885,"pos":"PRP","before":"","after":" "},{"index":4,"word":"``","originalText":"\"","characterOffsetBegin":886,"characterOffsetEnd":887,"pos":"``","before":" ","after":""},{"index":5,"word":"think","originalText":"think","characterOffsetBegin":887,"characterOffsetEnd":892,"pos":"VB","before":"","after":""},{"index":6,"word":"''","originalText":"\"","characterOffsetBegin":892,"characterOffsetEnd":893,"pos":"''","before":"","after":" "},{"index":7,"word":"you","originalText":"you","characterOffsetBegin":894,"characterOffsetEnd":897,"pos":"PRP","before":" ","after":" "},{"index":8,"word":"should","originalText":"should","characterOffsetBegin":898,"characterOffsetEnd":904,"pos":"MD","before":" ","after":" "},{"index":9,"word":"try","originalText":"try","characterOffsetBegin":905,"characterOffsetEnd":908,"pos":"VB","before":" ","after":" "},{"index":10,"word":"linking","originalText":"linking","characterOffsetBegin":909,"characterOffsetEnd":916,"pos":"VBG","before":" ","after":" "},{"index":11,"word":"to","originalText":"to","characterOffsetBegin":917,"characterOffsetEnd":919,"pos":"TO","before":" ","after":" "},{"index":12,"word":"/","originalText":"/","characterOffsetBegin":920,"characterOffsetEnd":921,"pos":":","before":" ","after":""},{"index":13,"word":"usr/lib/libXmu","originalText":"usr/lib/libXmu","characterOffsetBegin":921,"characterOffsetEnd":935,"pos":"NN","before":"","after":""},{"index":14,"word":".","originalText":".","characterOffsetBegin":935,"characterOffsetEnd":936,"pos":".","before":"","after":""}]},{"index":7,"tokens":[{"index":1,"word":"a","originalText":"a","characterOffsetBegin":936,"characterOffsetEnd":937,"pos":"DT","before":"","after":" "},{"index":2,"word":"instead","originalText":"instead","characterOffsetBegin":938,"characterOffsetEnd":945,"pos":"RB","before":" ","after":" "},{"index":3,"word":"of","originalText":"of","characterOffsetBegin":946,"characterOffsetEnd":948,"pos":"IN","before":" ","after":" "},{"index":4,"word":"-","originalText":"-","characterOffsetBegin":949,"characterOffsetEnd":950,"pos":":","before":" ","after":""},{"index":5,"word":"lXmu","originalText":"lXmu","characterOffsetBegin":950,"characterOffsetEnd":954,"pos":"NN","before":"","after":""},{"index":6,"word":".","originalText":".","characterOffsetBegin":954,"characterOffsetEnd":955,"pos":".","before":"","after":" "}]},{"index":8,"tokens":[{"index":1,"word":"At","originalText":"At","characterOffsetBegin":956,"characterOffsetEnd":958,"pos":"IN","before":" ","after":" "},{"index":2,"word":"least","originalText":"least","characterOffsetBegin":959,"characterOffsetEnd":964,"pos":"JJS","before":" ","after":" "},{"index":3,"word":"that","originalText":"that","characterOffsetBegin":965,"characterOffsetEnd":969,"pos":"WDT","before":" ","after":" "},{"index":4,"word":"solved","originalText":"solved","characterOffsetBegin":970,"characterOffsetEnd":976,"pos":"VBD","before":" ","after":" "},{"index":5,"word":"the","originalText":"the","characterOffsetBegin":977,"characterOffsetEnd":980,"pos":"DT","before":" ","after":" "},{"index":6,"word":"problem","originalText":"problem","characterOffsetBegin":981,"characterOffsetEnd":988,"pos":"NN","before":" ","after":" "},{"index":7,"word":"for","originalText":"for","characterOffsetBegin":989,"characterOffsetEnd":992,"pos":"IN","before":" ","after":" "},{"index":8,"word":"me","originalText":"me","characterOffsetBegin":993,"characterOffsetEnd":995,"pos":"PRP","before":" ","after":""},{"index":9,"word":"!","originalText":"!","characterOffsetBegin":995,"characterOffsetEnd":996,"pos":".","before":"","after":""}]}]}