{"sentences":[{"index":0,"tokens":[{"index":1,"word":"From","originalText":"From","characterOffsetBegin":0,"characterOffsetEnd":4,"pos":"IN","before":"","after":""},{"index":2,"word":":","originalText":":","characterOffsetBegin":4,"characterOffsetEnd":5,"pos":":","before":"","after":" "},{"index":3,"word":"dla@se05.wg2.waii.com","originalText":"dla@se05.wg2.waii.com","characterOffsetBegin":6,"characterOffsetEnd":27,"pos":"NN","before":" ","after":" "},{"index":4,"word":"-LRB-","originalText":"(","characterOffsetBegin":28,"characterOffsetEnd":29,"pos":"-LRB-","before":" ","after":""},{"index":5,"word":"Doug","originalText":"Doug","characterOffsetBegin":29,"characterOffsetEnd":33,"pos":"NNP","before":"","after":" "},{"index":6,"word":"Acker","originalText":"Acker","characterOffsetBegin":34,"characterOffsetEnd":39,"pos":"NNP","before":" ","after":""},{"index":7,"word":"-RRB-","originalText":")","characterOffsetBegin":39,"characterOffsetEnd":40,"pos":"-RRB-","before":"","after":""},{"index":8,"word":"Subject","originalText":"Subject","characterOffsetBegin":40,"characterOffsetEnd":47,"pos":"NNP","before":"","after":""},{"index":9,"word":":","originalText":":","characterOffsetBegin":47,"characterOffsetEnd":48,"pos":":","before":"","after":" "},{"index":10,"word":"Re","originalText":"Re","characterOffsetBegin":49,"characterOffsetEnd":51,"pos":"NNP","before":" ","after":""},{"index":11,"word":":","originalText":":","characterOffsetBegin":51,"characterOffsetEnd":52,"pos":":","before":"","after":" "},{"index":12,"word":"build","originalText":"build","characterOffsetBegin":53,"characterOffsetEnd":58,"pos":"VB","before":" ","after":" "},{"index":13,"word":"X11R5","originalText":"X11R5","characterOffsetBegin":59,"characterOffsetEnd":64,"pos":"NN","before":" ","after":" "},{"index":14,"word":"with","originalText":"with","characterOffsetBegin":65,"characterOffsetEnd":69,"pos":"IN","before":" ","after":" "},{"index":15,"word":"xlc","originalText":"xlc","characterOffsetBegin":70,"characterOffsetEnd":73,"pos":"NN","before":" ","after":" "},{"index":16,"word":"1.2.1","originalText":"1.2.1","characterOffsetBegin":74,"characterOffsetEnd":79,"pos":"CD","before":" ","after":" "},{"index":17,"word":"-LRB-","originalText":"(","characterOffsetBegin":80,"characterOffsetEnd":81,"pos":"-LRB-","before":" ","after":""},{"index":18,"word":"Aix","originalText":"Aix","characterOffsetBegin":81,"characterOffsetEnd":84,"pos":"NNP","before":"","after":" "},{"index":19,"word":"3.2.3","originalText":"3.2.3","characterOffsetBegin":85,"characterOffsetEnd":90,"pos":"CD","before":" ","after":""},{"index":20,"word":"e","originalText":"e","characterOffsetBegin":90,"characterOffsetEnd":91,"pos":"LS","before":"","after":""},{"index":21,"word":"-RRB-","originalText":")","characterOffsetBegin":91,"characterOffsetEnd":92,"pos":"-RRB-","before":"","after":""},{"index":22,"word":">>","originalText":">>","characterOffsetBegin":92,"characterOffsetEnd":94,"pos":"CD","before":"","after":""},{"index":23,"word":">>","originalText":">>","characterOffsetBegin":94,"characterOffsetEnd":96,"pos":"CD","before":"","after":""},{"index":24,"word":">","originalText":">","characterOffsetBegin":96,"characterOffsetEnd":97,"pos":"JJR","before":"","after":" "},{"index":25,"word":"On","originalText":"On","characterOffsetBegin":98,"characterOffsetEnd":100,"pos":"IN","before":" ","after":" "},{"index":26,"word":"22","originalText":"22","characterOffsetBegin":101,"characterOffsetEnd":103,"pos":"CD","before":" ","after":" "},{"index":27,"word":"Apr","originalText":"Apr","characterOffsetBegin":104,"characterOffsetEnd":107,"pos":"NN","before":" ","after":" "},{"index":28,"word":"1993","originalText":"1993","characterOffsetBegin":108,"characterOffsetEnd":112,"pos":"CD","before":" ","after":" "},{"index":29,"word":"01:02:41","originalText":"01:02:41","characterOffsetBegin":113,"characterOffsetEnd":121,"pos":"CD","before":" ","after":" "},{"index":30,"word":"GMT","originalText":"GMT","characterOffsetBegin":122,"characterOffsetEnd":125,"pos":"NNP","before":" ","after":""},{"index":31,"word":",","originalText":",","characterOffsetBegin":125,"characterOffsetEnd":126,"pos":",","before":"","after":" "},{"index":32,"word":"dla@se05.wg2.waii.com","originalText":"dla@se05.wg2.waii.com","characterOffsetBegin":127,"characterOffsetEnd":148,"pos":"NNP","before":" ","after":" "},{"index":33,"word":"-LRB-","originalText":"(","characterOffsetBegin":149,"characterOffsetEnd":150,"pos":"-LRB-","before":" ","after":""},{"index":34,"word":"Doug","originalText":"Doug","characterOffsetBegin":150,"characterOffsetEnd":154,"pos":"NNP","before":"","after":" "},{"index":35,"word":"Acker","originalText":"Acker","characterOffsetBegin":155,"characterOffsetEnd":160,"pos":"NNP","before":" ","after":""},{"index":36,"word":"-RRB-","originalText":")","characterOffsetBegin":160,"characterOffsetEnd":161,"pos":"-RRB-","before":"","after":" "},{"index":37,"word":"said","originalText":"said","characterOffsetBegin":162,"characterOffsetEnd":166,"pos":"VBD","before":" ","after":""},{"index":38,"word":":","originalText":":","characterOffsetBegin":166,"characterOffsetEnd":167,"pos":":","before":"","after":"\t"},{"index":39,"word":"Doug","originalText":"Doug","characterOffsetBegin":168,"characterOffsetEnd":172,"pos":"NNP","before":"\t","after":""},{"index":40,"word":">","originalText":">","characterOffsetBegin":172,"characterOffsetEnd":173,"pos":"JJR","before":"","after":" "},{"index":41,"word":"NNTP-Posting-Host","originalText":"NNTP-Posting-Host","characterOffsetBegin":174,"characterOffsetEnd":191,"pos":"NN","before":" ","after":""},{"index":42,"word":":","originalText":":","characterOffsetBegin":191,"characterOffsetEnd":192,"pos":":","before":"","after":" "},{"index":43,"word":"se05.wg2.waii.com","originalText":"se05.wg2.waii.com","characterOffsetBegin":193,"characterOffsetEnd":210,"pos":"NN","before":" ","after":""},{"index":44,"word":">>","originalText":">>","characterOffsetBegin":210,"characterOffsetEnd":212,"pos":"CD","before":"","after":""},{"index":45,"word":">>","originalText":">>","characterOffsetBegin":212,"characterOffsetEnd":214,"pos":"CD","before":"","after":""},{"index":46,"word":">","originalText":">","characterOffsetBegin":214,"characterOffsetEnd":215,"pos":"JJR","before":"","after":" "},{"index":47,"word":"On","originalText":"On","characterOffsetBegin":216,"characterOffsetEnd":218,"pos":"IN","before":" ","after":" "},{"index":48,"word":"21","originalText":"21","characterOffsetBegin":219,"characterOffsetEnd":221,"pos":"CD","before":" ","after":" "},{"index":49,"word":"Apr","originalText":"Apr","characterOffsetBegin":222,"characterOffsetEnd":225,"pos":"NN","before":" ","after":" "},{"index":50,"word":"1993","originalText":"1993","characterOffsetBegin":226,"characterOffsetEnd":230,"pos":"CD","before":" ","after":" "},{"index":51,"word":"03:49:16","originalText":"03:49:16","characterOffsetBegin":231,"characterOffsetEnd":239,"pos":"CD","before":" ","after":" "},{"index":52,"word":"GMT","originalText":"GMT","characterOffsetBegin":240,"characterOffsetEnd":243,"pos":"NNP","before":" ","after":""},{"index":53,"word":",","originalText":",","characterOffsetBegin":243,"characterOffsetEnd":244,"pos":",","before":"","after":" "},{"index":54,"word":"dla@se05.wg2.waii.com","originalText":"dla@se05.wg2.waii.com","characterOffsetBegin":245,"characterOffsetEnd":266,"pos":"NNP","before":" ","after":" "},{"index":55,"word":"-LRB-","originalText":"(","characterOffsetBegin":267,"characterOffsetEnd":268,"pos":"-LRB-","before":" ","after":""},{"index":56,"word":"Doug","originalText":"Doug","characterOffsetBegin":268,"characterOffsetEnd":272,"pos":"NNP","before":"","after":" "},{"index":57,"word":"Acker","originalText":"Acker","characterOffsetBegin":273,"characterOffsetEnd":278,"pos":"NNP","before":" ","after":""},{"index":58,"word":"-RRB-","originalText":")","characterOffsetBegin":278,"characterOffsetEnd":279,"pos":"-RRB-","before":"","after":" "},{"index":59,"word":"said","originalText":"said","characterOffsetBegin":280,"characterOffsetEnd":284,"pos":"VBD","before":" ","after":""},{"index":60,"word":":","originalText":":","characterOffsetBegin":284,"characterOffsetEnd":285,"pos":":","before":"","after":"\t"},{"index":61,"word":"Doug","originalText":"Doug","characterOffsetBegin":286,"characterOffsetEnd":290,"pos":"NNP","before":"\t","after":""},{"index":62,"word":">","originalText":">","characterOffsetBegin":290,"characterOffsetEnd":291,"pos":"JJR","before":"","after":" "},{"index":63,"word":"NNTP-Posting-Host","originalText":"NNTP-Posting-Host","characterOffsetBegin":292,"characterOffsetEnd":309,"pos":"NN","before":" ","after":""},{"index":64,"word":":","originalText":":","characterOffsetBegin":309,"characterOffsetEnd":310,"pos":":","before":"","after":" "},{"index":65,"word":"se05.wg2.waii.com","originalText":"se05.wg2.waii.com","characterOffsetBegin":311,"characterOffsetEnd":328,"pos":"NN","before":" ","after":"\t"},{"index":66,"word":"Doug","originalText":"Doug","characterOffsetBegin":329,"characterOffsetEnd":333,"pos":"NNP","before":"\t","after":""},{"index":67,"word":">","originalText":">","characterOffsetBegin":333,"characterOffsetEnd":334,"pos":"JJR","before":"","after":" "},{"index":68,"word":"I","originalText":"I","characterOffsetBegin":335,"characterOffsetEnd":336,"pos":"PRP","before":" ","after":"  "},{"index":69,"word":"am","originalText":"am","characterOffsetBegin":338,"characterOffsetEnd":340,"pos":"VBP","before":"  ","after":"  "},{"index":70,"word":"having","originalText":"having","characterOffsetBegin":342,"characterOffsetEnd":348,"pos":"VBG","before":"  ","after":"  "},{"index":71,"word":"a","originalText":"a","characterOffsetBegin":350,"characterOffsetEnd":351,"pos":"DT","before":"  ","after":"  "},{"index":72,"word":"big","originalText":"big","characterOffsetBegin":353,"characterOffsetEnd":356,"pos":"JJ","before":"  ","after":" "},{"index":73,"word":"problem","originalText":"problem","characterOffsetBegin":357,"characterOffsetEnd":364,"pos":"NN","before":" ","after":" "},{"index":74,"word":"trying","originalText":"trying","characterOffsetBegin":365,"characterOffsetEnd":371,"pos":"VBG","before":" ","after":" "},{"index":75,"word":"to","originalText":"to","characterOffsetBegin":372,"characterOffsetEnd":374,"pos":"TO","before":" ","after":" "},{"index":76,"word":"build","originalText":"build","characterOffsetBegin":375,"characterOffsetEnd":380,"pos":"VB","before":" ","after":" "},{"index":77,"word":"MIT","originalText":"MIT","characterOffsetBegin":381,"characterOffsetEnd":384,"pos":"NNP","before":" ","after":" "},{"index":78,"word":"X11R5","originalText":"X11R5","characterOffsetBegin":385,"characterOffsetEnd":390,"pos":"NN","before":" ","after":" "},{"index":79,"word":"with","originalText":"with","characterOffsetBegin":391,"characterOffsetEnd":395,"pos":"IN","before":" ","after":" "},{"index":80,"word":"xlc","originalText":"xlc","characterOffsetBegin":396,"characterOffsetEnd":399,"pos":"NN","before":" ","after":" "},{"index":81,"word":"1.2.1","originalText":"1.2.1","characterOffsetBegin":400,"characterOffsetEnd":405,"pos":"CD","before":" ","after":"\t"},{"index":82,"word":"Doug","originalText":"Doug","characterOffsetBegin":406,"characterOffsetEnd":410,"pos":"NNP","before":"\t","after":""},{"index":83,"word":">","originalText":">","characterOffsetBegin":410,"characterOffsetEnd":411,"pos":"JJR","before":"","after":" "},{"index":84,"word":"-LRB-","originalText":"(","characterOffsetBegin":412,"characterOffsetEnd":413,"pos":"-LRB-","before":" ","after":""},{"index":85,"word":"the","originalText":"the","characterOffsetBegin":413,"characterOffsetEnd":416,"pos":"DT","before":"","after":"  "},{"index":86,"word":"one","originalText":"one","characterOffsetBegin":418,"characterOffsetEnd":421,"pos":"CD","before":"  ","after":"  "},{"index":87,"word":"bundled","originalText":"bundled","characterOffsetBegin":423,"characterOffsetEnd":430,"pos":"VBN","before":"  ","after":"  "},{"index":88,"word":"with","originalText":"with","characterOffsetBegin":432,"characterOffsetEnd":436,"pos":"IN","before":"  ","after":"  "},{"index":89,"word":"AIX","originalText":"AIX","characterOffsetBegin":438,"characterOffsetEnd":441,"pos":"NNP","before":"  ","after":"  "},{"index":90,"word":"3.2.3","originalText":"3.2.3","characterOffsetBegin":443,"characterOffsetEnd":448,"pos":"CD","before":"  ","after":""},{"index":91,"word":"e","originalText":"e","characterOffsetBegin":448,"characterOffsetEnd":449,"pos":"LS","before":"","after":""},{"index":92,"word":"-RRB-","originalText":")","characterOffsetBegin":449,"characterOffsetEnd":450,"pos":"-RRB-","before":"","after":""},{"index":93,"word":".","originalText":".","characterOffsetBegin":450,"characterOffsetEnd":451,"pos":".","before":"","after":"   "}]},{"index":1,"tokens":[{"index":1,"word":"Its","originalText":"Its","characterOffsetBegin":454,"characterOffsetEnd":457,"pos":"PRP$","before":"   ","after":" "},{"index":2,"word":"almost","originalText":"almost","characterOffsetBegin":458,"characterOffsetEnd":464,"pos":"RB","before":" ","after":" "},{"index":3,"word":"the","originalText":"the","characterOffsetBegin":465,"characterOffsetEnd":468,"pos":"DT","before":" ","after":" "},{"index":4,"word":"linker","originalText":"linker","characterOffsetBegin":469,"characterOffsetEnd":475,"pos":"NN","before":" ","after":" "},{"index":5,"word":"is","originalText":"is","characterOffsetBegin":476,"characterOffsetEnd":478,"pos":"VBZ","before":" ","after":" "},{"index":6,"word":"not","originalText":"not","characterOffsetBegin":479,"characterOffsetEnd":482,"pos":"RB","before":" ","after":"\t"},{"index":7,"word":"Doug","originalText":"Doug","characterOffsetBegin":483,"characterOffsetEnd":487,"pos":"NNP","before":"\t","after":""},{"index":8,"word":">","originalText":">","characterOffsetBegin":487,"characterOffsetEnd":488,"pos":"JJR","before":"","after":" "},{"index":9,"word":"working","originalText":"working","characterOffsetBegin":489,"characterOffsetEnd":496,"pos":"VBG","before":" ","after":" "},{"index":10,"word":"properly","originalText":"properly","characterOffsetBegin":497,"characterOffsetEnd":505,"pos":"RB","before":" ","after":" "},{"index":11,"word":"with","originalText":"with","characterOffsetBegin":506,"characterOffsetEnd":510,"pos":"IN","before":" ","after":" "},{"index":12,"word":"shared","originalText":"shared","characterOffsetBegin":511,"characterOffsetEnd":517,"pos":"JJ","before":" ","after":" "},{"index":13,"word":"libraries","originalText":"libraries","characterOffsetBegin":518,"characterOffsetEnd":527,"pos":"NNS","before":" ","after":""},{"index":14,"word":".","originalText":".","characterOffsetBegin":527,"characterOffsetEnd":528,"pos":".","before":"","after":"\t"}]},{"index":2,"tokens":[{"index":1,"word":"Doug","originalText":"Doug","characterOffsetBegin":529,"characterOffsetEnd":533,"pos":"NNP","before":"\t","after":""},{"index":2,"word":">","originalText":">","characterOffsetBegin":533,"characterOffsetEnd":534,"pos":"JJR","before":"","after":" "},{"index":3,"word":"I","originalText":"I","characterOffsetBegin":535,"characterOffsetEnd":536,"pos":"PRP","before":" ","after":""},{"index":4,"word":"'ve","originalText":"'ve","characterOffsetBegin":536,"characterOffsetEnd":539,"pos":"VBP","before":"","after":" "},{"index":5,"word":"built","originalText":"built","characterOffsetBegin":540,"characterOffsetEnd":545,"pos":"VBN","before":" ","after":" "},{"index":6,"word":"X11R5","originalText":"X11R5","characterOffsetBegin":546,"characterOffsetEnd":551,"pos":"NN","before":" ","after":" "},{"index":7,"word":"with","originalText":"with","characterOffsetBegin":552,"characterOffsetEnd":556,"pos":"IN","before":" ","after":" "},{"index":8,"word":"no","originalText":"no","characterOffsetBegin":557,"characterOffsetEnd":559,"pos":"DT","before":" ","after":" "},{"index":9,"word":"problem","originalText":"problem","characterOffsetBegin":560,"characterOffsetEnd":567,"pos":"NN","before":" ","after":" "},{"index":10,"word":"before","originalText":"before","characterOffsetBegin":568,"characterOffsetEnd":574,"pos":"IN","before":" ","after":" "},{"index":11,"word":".","originalText":".","characterOffsetBegin":575,"characterOffsetEnd":576,"pos":".","before":" ","after":""}]},{"index":3,"tokens":[{"index":1,"word":".","originalText":".","characterOffsetBegin":576,"characterOffsetEnd":577,"pos":".","before":"","after":" "}]},{"index":4,"tokens":[{"index":1,"word":"but","originalText":"but","characterOffsetBegin":578,"characterOffsetEnd":581,"pos":"CC","before":" ","after":" "},{"index":2,"word":"now","originalText":"now","characterOffsetBegin":582,"characterOffsetEnd":585,"pos":"RB","before":" ","after":" "},{"index":3,"word":"its","originalText":"its","characterOffsetBegin":586,"characterOffsetEnd":589,"pos":"PRP$","before":" ","after":" "},{"index":4,"word":"all","originalText":"all","characterOffsetBegin":590,"characterOffsetEnd":593,"pos":"DT","before":" ","after":"  "},{"index":5,"word":"headaches","originalText":"headaches","characterOffsetBegin":595,"characterOffsetEnd":604,"pos":"NNS","before":"  ","after":""},{"index":6,"word":".","originalText":".","characterOffsetBegin":604,"characterOffsetEnd":605,"pos":".","before":"","after":"\t"}]},{"index":5,"tokens":[{"index":1,"word":"Doug","originalText":"Doug","characterOffsetBegin":606,"characterOffsetEnd":610,"pos":"NNP","before":"\t","after":""},{"index":2,"word":">","originalText":">","characterOffsetBegin":610,"characterOffsetEnd":611,"pos":"JJR","before":"","after":" "},{"index":3,"word":"For","originalText":"For","characterOffsetBegin":612,"characterOffsetEnd":615,"pos":"IN","before":" ","after":" "},{"index":4,"word":"example","originalText":"example","characterOffsetBegin":616,"characterOffsetEnd":623,"pos":"NN","before":" ","after":""},{"index":5,"word":",","originalText":",","characterOffsetBegin":623,"characterOffsetEnd":624,"pos":",","before":"","after":" "},{"index":6,"word":"the","originalText":"the","characterOffsetBegin":625,"characterOffsetEnd":628,"pos":"DT","before":" ","after":" "},{"index":7,"word":"xset","originalText":"xset","characterOffsetBegin":629,"characterOffsetEnd":633,"pos":"NN","before":" ","after":" "},{"index":8,"word":"client","originalText":"client","characterOffsetBegin":634,"characterOffsetEnd":640,"pos":"NN","before":" ","after":" "},{"index":9,"word":"complains","originalText":"complains","characterOffsetBegin":641,"characterOffsetEnd":650,"pos":"VBZ","before":" ","after":" "},{"index":10,"word":"that","originalText":"that","characterOffsetBegin":651,"characterOffsetEnd":655,"pos":"IN","before":" ","after":" "},{"index":11,"word":"libXmu","originalText":"libXmu","characterOffsetBegin":656,"characterOffsetEnd":662,"pos":"NN","before":" ","after":" "},{"index":12,"word":"doesnt","originalText":"doesnt","characterOffsetBegin":663,"characterOffsetEnd":669,"pos":"NN","before":" ","after":" "},{"index":13,"word":"have","originalText":"have","characterOffsetBegin":670,"characterOffsetEnd":674,"pos":"VBP","before":" ","after":" "},{"index":14,"word":"a","originalText":"a","characterOffsetBegin":675,"characterOffsetEnd":676,"pos":"DT","before":" ","after":" "},{"index":15,"word":"bunch","originalText":"bunch","characterOffsetBegin":677,"characterOffsetEnd":682,"pos":"NN","before":" ","after":"\t"},{"index":16,"word":"Doug","originalText":"Doug","characterOffsetBegin":683,"characterOffsetEnd":687,"pos":"NNP","before":"\t","after":""},{"index":17,"word":">","originalText":">","characterOffsetBegin":687,"characterOffsetEnd":688,"pos":"JJR","before":"","after":" "},{"index":18,"word":"of","originalText":"of","characterOffsetBegin":689,"characterOffsetEnd":691,"pos":"IN","before":" ","after":" "},{"index":19,"word":"Xt","originalText":"Xt","characterOffsetBegin":692,"characterOffsetEnd":694,"pos":"NN","before":" ","after":" "},{"index":20,"word":"routines","originalText":"routines","characterOffsetBegin":695,"characterOffsetEnd":703,"pos":"NNS","before":" ","after":" "},{"index":21,"word":"and","originalText":"and","characterOffsetBegin":704,"characterOffsetEnd":707,"pos":"CC","before":" ","after":" "},{"index":22,"word":"shr.o","originalText":"shr.o","characterOffsetBegin":708,"characterOffsetEnd":713,"pos":"NN","before":" ","after":" "},{"index":23,"word":"is","originalText":"is","characterOffsetBegin":714,"characterOffsetEnd":716,"pos":"VBZ","before":" ","after":" "},{"index":24,"word":"missing","originalText":"missing","characterOffsetBegin":717,"characterOffsetEnd":724,"pos":"VBG","before":" ","after":" "},{"index":25,"word":"-LRB-","originalText":"(","characterOffsetBegin":725,"characterOffsetEnd":726,"pos":"-LRB-","before":" ","after":""},{"index":26,"word":"or","originalText":"or","characterOffsetBegin":726,"characterOffsetEnd":728,"pos":"CC","before":"","after":"  "},{"index":27,"word":"something","originalText":"something","characterOffsetBegin":730,"characterOffsetEnd":739,"pos":"NN","before":"  ","after":"  "},{"index":28,"word":"like","originalText":"like","characterOffsetBegin":741,"characterOffsetEnd":745,"pos":"IN","before":"  ","after":"  "},{"index":29,"word":"that","originalText":"that","characterOffsetBegin":747,"characterOffsetEnd":751,"pos":"DT","before":"  ","after":""},{"index":30,"word":"-RRB-","originalText":")","characterOffsetBegin":751,"characterOffsetEnd":752,"pos":"-RRB-","before":"","after":""},{"index":31,"word":".","originalText":".","characterOffsetBegin":752,"characterOffsetEnd":753,"pos":".","before":"","after":"   "}]},{"index":6,"tokens":[{"index":1,"word":"The","originalText":"The","characterOffsetBegin":756,"characterOffsetEnd":759,"pos":"DT","before":"   ","after":"\t"},{"index":2,"word":"Doug","originalText":"Doug","characterOffsetBegin":760,"characterOffsetEnd":764,"pos":"NNP","before":"\t","after":""},{"index":3,"word":">","originalText":">","characterOffsetBegin":764,"characterOffsetEnd":765,"pos":"JJR","before":"","after":" "},{"index":4,"word":"build","originalText":"build","characterOffsetBegin":766,"characterOffsetEnd":771,"pos":"VB","before":" ","after":" "},{"index":5,"word":"of","originalText":"of","characterOffsetBegin":772,"characterOffsetEnd":774,"pos":"IN","before":" ","after":" "},{"index":6,"word":"libXmu","originalText":"libXmu","characterOffsetBegin":775,"characterOffsetEnd":781,"pos":"NNP","before":" ","after":" "},{"index":7,"word":"DOES","originalText":"DOES","characterOffsetBegin":782,"characterOffsetEnd":786,"pos":"NNP","before":" ","after":" "},{"index":8,"word":"link","originalText":"link","characterOffsetBegin":787,"characterOffsetEnd":791,"pos":"NN","before":" ","after":" "},{"index":9,"word":"in","originalText":"in","characterOffsetBegin":792,"characterOffsetEnd":794,"pos":"IN","before":" ","after":" "},{"index":10,"word":"libXt","originalText":"libXt","characterOffsetBegin":795,"characterOffsetEnd":800,"pos":"NN","before":" ","after":"  "},{"index":11,"word":"so","originalText":"so","characterOffsetBegin":802,"characterOffsetEnd":804,"pos":"IN","before":"  ","after":" "},{"index":12,"word":"I","originalText":"I","characterOffsetBegin":805,"characterOffsetEnd":806,"pos":"PRP","before":" ","after":" "},{"index":13,"word":"am","originalText":"am","characterOffsetBegin":807,"characterOffsetEnd":809,"pos":"VBP","before":" ","after":" "},{"index":14,"word":"really","originalText":"really","characterOffsetBegin":810,"characterOffsetEnd":816,"pos":"RB","before":" ","after":" "},{"index":15,"word":"perplexed","originalText":"perplexed","characterOffsetBegin":817,"characterOffsetEnd":826,"pos":"JJ","before":" ","after":"  "},{"index":16,"word":"what","originalText":"what","characterOffsetBegin":828,"characterOffsetEnd":832,"pos":"WP","before":"  ","after":"  "},{"index":17,"word":"is","originalText":"is","characterOffsetBegin":834,"characterOffsetEnd":836,"pos":"VBZ","before":"  ","after":"\t"},{"index":18,"word":"Doug","originalText":"Doug","characterOffsetBegin":837,"characterOffsetEnd":841,"pos":"NNP","before":"\t","after":""},{"index":19,"word":">","originalText":">","characterOffsetBegin":841,"characterOffsetEnd":842,"pos":"JJR","before":"","after":" "},{"index":20,"word":"going","originalText":"going","characterOffsetBegin":843,"characterOffsetEnd":848,"pos":"VBG","before":" ","after":" "},{"index":21,"word":"on","originalText":"on","characterOffsetBegin":849,"characterOffsetEnd":851,"pos":"IN","before":" ","after":""},{"index":22,"word":".","originalText":".","characterOffsetBegin":851,"characterOffsetEnd":852,"pos":".","before":"","after":"\t"}]},{"index":7,"tokens":[{"index":1,"word":"Doug","originalText":"Doug","characterOffsetBegin":853,"characterOffsetEnd":857,"pos":"NNP","before":"\t","after":""},{"index":2,"word":">","originalText":">","characterOffsetBegin":857,"characterOffsetEnd":858,"pos":"JJR","before":"","after":" "},{"index":3,"word":"...","originalText":"....","characterOffsetBegin":859,"characterOffsetEnd":863,"pos":":","before":" ","after":""},{"index":4,"word":"following","originalText":"following","characterOffsetBegin":863,"characterOffsetEnd":872,"pos":"VBG","before":"","after":" "},{"index":5,"word":"up","originalText":"up","characterOffsetBegin":873,"characterOffsetEnd":875,"pos":"RP","before":" ","after":" "},{"index":6,"word":"on","originalText":"on","characterOffsetBegin":876,"characterOffsetEnd":878,"pos":"IN","before":" ","after":" "},{"index":7,"word":"this","originalText":"this","characterOffsetBegin":879,"characterOffsetEnd":883,"pos":"DT","before":" ","after":""},{"index":8,"word":",","originalText":",","characterOffsetBegin":883,"characterOffsetEnd":884,"pos":",","before":"","after":" "},{"index":9,"word":"the","originalText":"the","characterOffsetBegin":885,"characterOffsetEnd":888,"pos":"DT","before":" ","after":" "},{"index":10,"word":"specific","originalText":"specific","characterOffsetBegin":889,"characterOffsetEnd":897,"pos":"JJ","before":" ","after":" "},{"index":11,"word":"error","originalText":"error","characterOffsetBegin":898,"characterOffsetEnd":903,"pos":"NN","before":" ","after":" "},{"index":12,"word":"I","originalText":"I","characterOffsetBegin":904,"characterOffsetEnd":905,"pos":"PRP","before":" ","after":" "},{"index":13,"word":"get","originalText":"get","characterOffsetBegin":906,"characterOffsetEnd":909,"pos":"VBP","before":" ","after":" "},{"index":14,"word":"is","originalText":"is","characterOffsetBegin":910,"characterOffsetEnd":912,"pos":"VBZ","before":" ","after":""},{"index":15,"word":":","originalText":":","characterOffsetBegin":912,"characterOffsetEnd":913,"pos":":","before":"","after":"\t"},{"index":16,"word":"Doug","originalText":"Doug","characterOffsetBegin":914,"characterOffsetEnd":918,"pos":"NNP","before":"\t","after":""},{"index":17,"word":">","originalText":">","characterOffsetBegin":918,"characterOffsetEnd":919,"pos":"JJR","before":"","after":" "},{"index":18,"word":"Could","originalText":"Could","characterOffsetBegin":920,"characterOffsetEnd":925,"pos":"MD","before":" ","after":" "},{"index":19,"word":"not","originalText":"not","characterOffsetBegin":926,"characterOffsetEnd":929,"pos":"RB","before":" ","after":" "},{"index":20,"word":"load","originalText":"load","characterOffsetBegin":930,"characterOffsetEnd":934,"pos":"VB","before":" ","after":" "},{"index":21,"word":"program","originalText":"program","characterOffsetBegin":935,"characterOffsetEnd":942,"pos":"NN","before":" ","after":" "},{"index":22,"word":".","originalText":".","characterOffsetBegin":943,"characterOffsetEnd":944,"pos":".","before":" ","after":""}]},{"index":8,"tokens":[{"index":1,"word":"/","originalText":"/","characterOffsetBegin":944,"characterOffsetEnd":945,"pos":":","before":"","after":""},{"index":2,"word":"xset","originalText":"xset","characterOffsetBegin":945,"characterOffsetEnd":949,"pos":"NN","before":"","after":" \t"},{"index":3,"word":"Doug","originalText":"Doug","characterOffsetBegin":951,"characterOffsetEnd":955,"pos":"NNP","before":" \t","after":""},{"index":4,"word":">","originalText":">","characterOffsetBegin":955,"characterOffsetEnd":956,"pos":"JJR","before":"","after":" "},{"index":5,"word":"Symbol","originalText":"Symbol","characterOffsetBegin":957,"characterOffsetEnd":963,"pos":"NN","before":" ","after":" "},{"index":6,"word":"XtVaSetValues","originalText":"XtVaSetValues","characterOffsetBegin":964,"characterOffsetEnd":977,"pos":"NNS","before":" ","after":" "},{"index":7,"word":"in","originalText":"in","characterOffsetBegin":978,"characterOffsetEnd":980,"pos":"IN","before":" ","after":" "},{"index":8,"word":".","originalText":".","characterOffsetBegin":981,"characterOffsetEnd":982,"pos":".","before":" ","after":""}]},{"index":9,"tokens":[{"index":1,"word":".","originalText":".","characterOffsetBegin":982,"characterOffsetEnd":983,"pos":".","before":"","after":""}]},{"index":10,"tokens":[{"index":1,"word":"/","originalText":"/","characterOffsetBegin":983,"characterOffsetEnd":984,"pos":":","before":"","after":""},{"index":2,"word":".","originalText":".","characterOffsetBegin":984,"characterOffsetEnd":985,"pos":".","before":"","after":""}]},{"index":11,"tokens":[{"index":1,"word":".","originalText":".","characterOffsetBegin":985,"characterOffsetEnd":986,"pos":".","before":"","after":""}]},{"index":12,"tokens":[{"index":1,"word":"/","originalText":"/","characterOffsetBegin":986,"characterOffsetEnd":987,"pos":":","before":"","after":""},{"index":2,"word":".","originalText":".","characterOffsetBegin":987,"characterOffsetEnd":988,"pos":".","before":"","after":""}]},{"index":13,"tokens":[{"index":1,"word":"/","originalText":"/","characterOffsetBegin":988,"characterOffsetEnd":989,"pos":":","before":"","after":""},{"index":2,"word":"lib/Xmu/libXmu","originalText":"lib/Xmu/libXmu","characterOffsetBegin":989,"characterOffsetEnd":1003,"pos":"NN","before":"","after":""},{"index":3,"word":".","originalText":".","characterOffsetBegin":1003,"characterOffsetEnd":1004,"pos":".","before":"","after":""}]},{"index":14,"tokens":[{"index":1,"word":"a","originalText":"a","characterOffsetBegin":1004,"characterOffsetEnd":1005,"pos":"DT","before":"","after":" "},{"index":2,"word":"is","originalText":"is","characterOffsetBegin":1006,"characterOffsetEnd":1008,"pos":"VBZ","before":" ","after":" "},{"index":3,"word":"undefined","originalText":"undefined","characterOffsetBegin":1009,"characterOffsetEnd":1018,"pos":"JJ","before":" ","after":"\t"},{"index":4,"word":"Doug","originalText":"Doug","characterOffsetBegin":1019,"characterOffsetEnd":1023,"pos":"NNP","before":"\t","after":""},{"index":5,"word":">","originalText":">","characterOffsetBegin":1023,"characterOffsetEnd":1024,"pos":"JJR","before":"","after":" "},{"index":6,"word":"Symbol","originalText":"Symbol","characterOffsetBegin":1025,"characterOffsetEnd":1031,"pos":"NN","before":" ","after":" "},{"index":7,"word":"XtName","originalText":"XtName","characterOffsetBegin":1032,"characterOffsetEnd":1038,"pos":"NN","before":" ","after":" "},{"index":8,"word":"in","originalText":"in","characterOffsetBegin":1039,"characterOffsetEnd":1041,"pos":"IN","before":" ","after":" "},{"index":9,"word":".","originalText":".","characterOffsetBegin":1042,"characterOffsetEnd":1043,"pos":".","before":" ","after":""}]},{"index":15,"tokens":[{"index":1,"word":".","originalText":".","characterOffsetBegin":1043,"characterOffsetEnd":1044,"pos":".","before":"","after":""}]},{"index":16,"tokens":[{"index":1,"word":"/","originalText":"/","characterOffsetBegin":1044,"characterOffsetEnd":1045,"pos":":","before":"","after":""},{"index":2,"word":".","originalText":".","characterOffsetBegin":1045,"characterOffsetEnd":1046,"pos":".","before":"","after":""}]},{"index":17,"tokens":[{"index":1,"word":".","originalText":".","characterOffsetBegin":1046,"characterOffsetEnd":1047,"pos":".","before":"","after":""}]},{"index":18,"tokens":[{"index":1,"word":"/","originalText":"/","characterOffsetBegin":1047,"characterOffsetEnd":1048,"pos":":","before":"","after":""},{"index":2,"word":".","originalText":".","characterOffsetBegin":1048,"characterOffsetEnd":1049,"pos":".","before":"","after":""}]},{"index":19,"tokens":[{"index":1,"word":"/","originalText":"/","characterOffsetBegin":1049,"characterOffsetEnd":1050,"pos":":","before":"","after":""},{"index":2,"word":"lib/Xmu/libXmu","originalText":"lib/Xmu/libXmu","characterOffsetBegin":1050,"characterOffsetEnd":1064,"pos":"NN","before":"","after":""},{"index":3,"word":".","originalText":".","characterOffsetBegin":1064,"characterOffsetEnd":1065,"pos":".","before":"","after":""}]},{"index":20,"tokens":[{"index":1,"word":"a","originalText":"a","characterOffsetBegin":1065,"characterOffsetEnd":1066,"pos":"DT","before":"","after":" "},{"index":2,"word":"is","originalText":"is","characterOffsetBegin":1067,"characterOffsetEnd":1069,"pos":"VBZ","before":" ","after":" "},{"index":3,"word":"undefined","originalText":"undefined","characterOffsetBegin":1070,"characterOffsetEnd":1079,"pos":"JJ","before":" ","after":"\t"},{"index":4,"word":"Doug","originalText":"Doug","characterOffsetBegin":1080,"characterOffsetEnd":1084,"pos":"NNP","before":"\t","after":""},{"index":5,"word":">","originalText":">","characterOffsetBegin":1084,"characterOffsetEnd":1085,"pos":"JJR","before":"","after":" "},{"index":6,"word":"Symbol","originalText":"Symbol","characterOffsetBegin":1086,"characterOffsetEnd":1092,"pos":"NN","before":" ","after":" "},{"index":7,"word":"XtWindowOfObject","originalText":"XtWindowOfObject","characterOffsetBegin":1093,"characterOffsetEnd":1109,"pos":"NN","before":" ","after":" "},{"index":8,"word":"in","originalText":"in","characterOffsetBegin":1110,"characterOffsetEnd":1112,"pos":"IN","before":" ","after":" "},{"index":9,"word":".","originalText":".","characterOffsetBegin":1113,"characterOffsetEnd":1114,"pos":".","before":" ","after":""}]},{"index":21,"tokens":[{"index":1,"word":".","originalText":".","characterOffsetBegin":1114,"characterOffsetEnd":1115,"pos":".","before":"","after":""}]},{"index":22,"tokens":[{"index":1,"word":"/","originalText":"/","characterOffsetBegin":1115,"characterOffsetEnd":1116,"pos":":","before":"","after":""},{"index":2,"word":".","originalText":".","characterOffsetBegin":1116,"characterOffsetEnd":1117,"pos":".","before":"","after":""}]},{"index":23,"tokens":[{"index":1,"word":".","originalText":".","characterOffsetBegin":1117,"characterOffsetEnd":1118,"pos":".","before":"","after":""}]},{"index":24,"tokens":[{"index":1,"word":"/","originalText":"/","characterOffsetBegin":1118,"characterOffsetEnd":1119,"pos":":","before":"","after":""},{"index":2,"word":".","originalText":".","characterOffsetBegin":1119,"characterOffsetEnd":1120,"pos":".","before":"","after":""}]},{"index":25,"tokens":[{"index":1,"word":"/","originalText":"/","characterOffsetBegin":1120,"characterOffsetEnd":1121,"pos":":","before":"","after":""},{"index":2,"word":"lib/Xmu/libXmu","originalText":"lib/Xmu/libXmu","characterOffsetBegin":1121,"characterOffsetEnd":1135,"pos":"NN","before":"","after":""},{"index":3,"word":".","originalText":".","characterOffsetBegin":1135,"characterOffsetEnd":1136,"pos":".","before":"","after":""}]},{"index":26,"tokens":[{"index":1,"word":"a","originalText":"a","characterOffsetBegin":1136,"characterOffsetEnd":1137,"pos":"DT","before":"","after":" "},{"index":2,"word":"is","originalText":"is","characterOffsetBegin":1138,"characterOffsetEnd":1140,"pos":"VBZ","before":" ","after":" "},{"index":3,"word":"undefined","originalText":"undefined","characterOffsetBegin":1141,"characterOffsetEnd":1150,"pos":"JJ","before":" ","after":"\t"},{"index":4,"word":"Doug","originalText":"Doug","characterOffsetBegin":1151,"characterOffsetEnd":1155,"pos":"NNP","before":"\t","after":""},{"index":5,"word":">","originalText":">","characterOffsetBegin":1155,"characterOffsetEnd":1156,"pos":"JJR","before":"","after":" "},{"index":6,"word":"Symbol","originalText":"Symbol","characterOffsetBegin":1157,"characterOffsetEnd":1163,"pos":"NN","before":" ","after":" "},{"index":7,"word":"XtGetConstraintResourceList","originalText":"XtGetConstraintResourceList","characterOffsetBegin":1164,"characterOffsetEnd":1191,"pos":"NN","before":" ","after":" "},{"index":8,"word":"in","originalText":"in","characterOffsetBegin":1192,"characterOffsetEnd":1194,"pos":"IN","before":" ","after":" "},{"index":9,"word":".","originalText":".","characterOffsetBegin":1195,"characterOffsetEnd":1196,"pos":".","before":" ","after":""}]},{"index":27,"tokens":[{"index":1,"word":".","originalText":".","characterOffsetBegin":1196,"characterOffsetEnd":1197,"pos":".","before":"","after":""}]},{"index":28,"tokens":[{"index":1,"word":"/","originalText":"/","characterOffsetBegin":1197,"characterOffsetEnd":1198,"pos":":","before":"","after":""},{"index":2,"word":".","originalText":".","characterOffsetBegin":1198,"characterOffsetEnd":1199,"pos":".","before":"","after":""}]},{"index":29,"tokens":[{"index":1,"word":".","originalText":".","characterOffsetBegin":1199,"characterOffsetEnd":1200,"pos":".","before":"","after":""}]},{"index":30,"tokens":[{"index":1,"word":"/","originalText":"/","characterOffsetBegin":1200,"characterOffsetEnd":1201,"pos":":","before":"","after":""},{"index":2,"word":".","originalText":".","characterOffsetBegin":1201,"characterOffsetEnd":1202,"pos":".","before":"","after":""}]},{"index":31,"tokens":[{"index":1,"word":"/","originalText":"/","characterOffsetBegin":1202,"characterOffsetEnd":1203,"pos":":","before":"","after":""},{"index":2,"word":"lib/Xmu/libXmu","originalText":"lib/Xmu/libXmu","characterOffsetBegin":1203,"characterOffsetEnd":1217,"pos":"NN","before":"","after":""},{"index":3,"word":".","originalText":".","characterOffsetBegin":1217,"characterOffsetEnd":1218,"pos":".","before":"","after":""}]},{"index":32,"tokens":[{"index":1,"word":"a","originalText":"a","characterOffsetBegin":1218,"characterOffsetEnd":1219,"pos":"DT","before":"","after":" "},{"index":2,"word":"is","originalText":"is","characterOffsetBegin":1220,"characterOffsetEnd":1222,"pos":"VBZ","before":" ","after":" "},{"index":3,"word":"undefined","originalText":"undefined","characterOffsetBegin":1223,"characterOffsetEnd":1232,"pos":"JJ","before":" ","after":"\t"},{"index":4,"word":"Doug","originalText":"Doug","characterOffsetBegin":1233,"characterOffsetEnd":1237,"pos":"NNP","before":"\t","after":""},{"index":5,"word":">","originalText":">","characterOffsetBegin":1237,"characterOffsetEnd":1238,"pos":"JJR","before":"","after":" "},{"index":6,"word":"Symbol","originalText":"Symbol","characterOffsetBegin":1239,"characterOffsetEnd":1245,"pos":"NN","before":" ","after":" "},{"index":7,"word":"XtDisplayToApplicationContext","originalText":"XtDisplayToApplicationContext","characterOffsetBegin":1246,"characterOffsetEnd":1275,"pos":"NN","before":" ","after":" "},{"index":8,"word":"in","originalText":"in","characterOffsetBegin":1276,"characterOffsetEnd":1278,"pos":"IN","before":" ","after":" "},{"index":9,"word":".","originalText":".","characterOffsetBegin":1279,"characterOffsetEnd":1280,"pos":".","before":" ","after":""}]},{"index":33,"tokens":[{"index":1,"word":".","originalText":".","characterOffsetBegin":1280,"characterOffsetEnd":1281,"pos":".","before":"","after":""}]},{"index":34,"tokens":[{"index":1,"word":"/","originalText":"/","characterOffsetBegin":1281,"characterOffsetEnd":1282,"pos":":","before":"","after":""},{"index":2,"word":".","originalText":".","characterOffsetBegin":1282,"characterOffsetEnd":1283,"pos":".","before":"","after":""}]},{"index":35,"tokens":[{"index":1,"word":".","originalText":".","characterOffsetBegin":1283,"characterOffsetEnd":1284,"pos":".","before":"","after":""}]},{"index":36,"tokens":[{"index":1,"word":"/","originalText":"/","characterOffsetBegin":1284,"characterOffsetEnd":1285,"pos":":","before":"","after":""},{"index":2,"word":".","originalText":".","characterOffsetBegin":1285,"characterOffsetEnd":1286,"pos":".","before":"","after":""}]},{"index":37,"tokens":[{"index":1,"word":"/","originalText":"/","characterOffsetBegin":1286,"characterOffsetEnd":1287,"pos":":","before":"","after":""},{"index":2,"word":"lib/Xmu/libXmu","originalText":"lib/Xmu/libXmu","characterOffsetBegin":1287,"characterOffsetEnd":1301,"pos":"NN","before":"","after":""},{"index":3,"word":".","originalText":".","characterOffsetBegin":1301,"characterOffsetEnd":1302,"pos":".","before":"","after":""}]},{"index":38,"tokens":[{"index":1,"word":"a","originalText":"a","characterOffsetBegin":1302,"characterOffsetEnd":1303,"pos":"DT","before":"","after":" "},{"index":2,"word":"is","originalText":"is","characterOffsetBegin":1304,"characterOffsetEnd":1306,"pos":"VBZ","before":" ","after":" "},{"index":3,"word":"undefined","originalText":"undefined","characterOffsetBegin":1307,"characterOffsetEnd":1316,"pos":"JJ","before":" ","after":"\t"},{"index":4,"word":"Doug","originalText":"Doug","characterOffsetBegin":1317,"characterOffsetEnd":1321,"pos":"NNP","before":"\t","after":""},{"index":5,"word":">","originalText":">","characterOffsetBegin":1321,"characterOffsetEnd":1322,"pos":"JJR","before":"","after":" "},{"index":6,"word":"Symbol","originalText":"Symbol","characterOffsetBegin":1323,"characterOffsetEnd":1329,"pos":"NN","before":" ","after":" "},{"index":7,"word":"XtAppSetTypeConverter","originalText":"XtAppSetTypeConverter","characterOffsetBegin":1330,"characterOffsetEnd":1351,"pos":"NN","before":" ","after":" "},{"index":8,"word":"in","originalText":"in","characterOffsetBegin":1352,"characterOffsetEnd":1354,"pos":"IN","before":" ","after":" "},{"index":9,"word":".","originalText":".","characterOffsetBegin":1355,"characterOffsetEnd":1356,"pos":".","before":" ","after":""}]},{"index":39,"tokens":[{"index":1,"word":".","originalText":".","characterOffsetBegin":1356,"characterOffsetEnd":1357,"pos":".","before":"","after":""}]},{"index":40,"tokens":[{"index":1,"word":"/","originalText":"/","characterOffsetBegin":1357,"characterOffsetEnd":1358,"pos":":","before":"","after":""},{"index":2,"word":".","originalText":".","characterOffsetBegin":1358,"characterOffsetEnd":1359,"pos":".","before":"","after":""}]},{"index":41,"tokens":[{"index":1,"word":".","originalText":".","characterOffsetBegin":1359,"characterOffsetEnd":1360,"pos":".","before":"","after":""}]},{"index":42,"tokens":[{"index":1,"word":"/","originalText":"/","characterOffsetBegin":1360,"characterOffsetEnd":1361,"pos":":","before":"","after":""},{"index":2,"word":".","originalText":".","characterOffsetBegin":1361,"characterOffsetEnd":1362,"pos":".","before":"","after":""}]},{"index":43,"tokens":[{"index":1,"word":"/","originalText":"/","characterOffsetBegin":1362,"characterOffsetEnd":1363,"pos":":","before":"","after":""},{"index":2,"word":"lib/Xmu/libXmu","originalText":"lib/Xmu/libXmu","characterOffsetBegin":1363,"characterOffsetEnd":1377,"pos":"NN","before":"","after":""},{"index":3,"word":".","originalText":".","characterOffsetBegin":1377,"characterOffsetEnd":1378,"pos":".","before":"","after":""}]},{"index":44,"tokens":[{"index":1,"word":"a","originalText":"a","characterOffsetBegin":1378,"characterOffsetEnd":1379,"pos":"DT","before":"","after":" "},{"index":2,"word":"is","originalText":"is","characterOffsetBegin":1380,"characterOffsetEnd":1382,"pos":"VBZ","before":" ","after":" "},{"index":3,"word":"undefined","originalText":"undefined","characterOffsetBegin":1383,"characterOffsetEnd":1392,"pos":"JJ","before":" ","after":"\t"},{"index":4,"word":"Doug","originalText":"Doug","characterOffsetBegin":1393,"characterOffsetEnd":1397,"pos":"NNP","before":"\t","after":""},{"index":5,"word":">","originalText":">","characterOffsetBegin":1397,"characterOffsetEnd":1398,"pos":"JJR","before":"","after":" "},{"index":6,"word":"Symbol","originalText":"Symbol","characterOffsetBegin":1399,"characterOffsetEnd":1405,"pos":"NN","before":" ","after":" "},{"index":7,"word":"XtScreenDatabase","originalText":"XtScreenDatabase","characterOffsetBegin":1406,"characterOffsetEnd":1422,"pos":"NN","before":" ","after":" "},{"index":8,"word":"in","originalText":"in","characterOffsetBegin":1423,"characterOffsetEnd":1425,"pos":"IN","before":" ","after":" "},{"index":9,"word":".","originalText":".","characterOffsetBegin":1426,"characterOffsetEnd":1427,"pos":".","before":" ","after":""}]},{"index":45,"tokens":[{"index":1,"word":".","originalText":".","characterOffsetBegin":1427,"characterOffsetEnd":1428,"pos":".","before":"","after":""}]},{"index":46,"tokens":[{"index":1,"word":"/","originalText":"/","characterOffsetBegin":1428,"characterOffsetEnd":1429,"pos":":","before":"","after":""},{"index":2,"word":".","originalText":".","characterOffsetBegin":1429,"characterOffsetEnd":1430,"pos":".","before":"","after":""}]},{"index":47,"tokens":[{"index":1,"word":".","originalText":".","characterOffsetBegin":1430,"characterOffsetEnd":1431,"pos":".","before":"","after":""}]},{"index":48,"tokens":[{"index":1,"word":"/","originalText":"/","characterOffsetBegin":1431,"characterOffsetEnd":1432,"pos":":","before":"","after":""},{"index":2,"word":".","originalText":".","characterOffsetBegin":1432,"characterOffsetEnd":1433,"pos":".","before":"","after":""}]},{"index":49,"tokens":[{"index":1,"word":"/","originalText":"/","characterOffsetBegin":1433,"characterOffsetEnd":1434,"pos":":","before":"","after":""},{"index":2,"word":"lib/Xmu/libXmu","originalText":"lib/Xmu/libXmu","characterOffsetBegin":1434,"characterOffsetEnd":1448,"pos":"NN","before":"","after":""},{"index":3,"word":".","originalText":".","characterOffsetBegin":1448,"characterOffsetEnd":1449,"pos":".","before":"","after":""}]},{"index":50,"tokens":[{"index":1,"word":"a","originalText":"a","characterOffsetBegin":1449,"characterOffsetEnd":1450,"pos":"DT","before":"","after":" "},{"index":2,"word":"is","originalText":"is","characterOffsetBegin":1451,"characterOffsetEnd":1453,"pos":"VBZ","before":" ","after":" "},{"index":3,"word":"undefined","originalText":"undefined","characterOffsetBegin":1454,"characterOffsetEnd":1463,"pos":"JJ","before":" ","after":"\t"},{"index":4,"word":"Doug","originalText":"Doug","characterOffsetBegin":1464,"characterOffsetEnd":1468,"pos":"NNP","before":"\t","after":""},{"index":5,"word":">","originalText":">","characterOffsetBegin":1468,"characterOffsetEnd":1469,"pos":"JJR","before":"","after":" "},{"index":6,"word":"Symbol","originalText":"Symbol","characterOffsetBegin":1470,"characterOffsetEnd":1476,"pos":"NN","before":" ","after":" "},{"index":7,"word":"XtResolvePathname","originalText":"XtResolvePathname","characterOffsetBegin":1477,"characterOffsetEnd":1494,"pos":"NN","before":" ","after":" "},{"index":8,"word":"in","originalText":"in","characterOffsetBegin":1495,"characterOffsetEnd":1497,"pos":"IN","before":" ","after":" "},{"index":9,"word":".","originalText":".","characterOffsetBegin":1498,"characterOffsetEnd":1499,"pos":".","before":" ","after":""}]},{"index":51,"tokens":[{"index":1,"word":".","originalText":".","characterOffsetBegin":1499,"characterOffsetEnd":1500,"pos":".","before":"","after":""}]},{"index":52,"tokens":[{"index":1,"word":"/","originalText":"/","characterOffsetBegin":1500,"characterOffsetEnd":1501,"pos":":","before":"","after":""},{"index":2,"word":".","originalText":".","characterOffsetBegin":1501,"characterOffsetEnd":1502,"pos":".","before":"","after":""}]},{"index":53,"tokens":[{"index":1,"word":".","originalText":".","characterOffsetBegin":1502,"characterOffsetEnd":1503,"pos":".","before":"","after":""}]},{"index":54,"tokens":[{"index":1,"word":"/","originalText":"/","characterOffsetBegin":1503,"characterOffsetEnd":1504,"pos":":","before":"","after":""},{"index":2,"word":".","originalText":".","characterOffsetBegin":1504,"characterOffsetEnd":1505,"pos":".","before":"","after":""}]},{"index":55,"tokens":[{"index":1,"word":"/","originalText":"/","characterOffsetBegin":1505,"characterOffsetEnd":1506,"pos":":","before":"","after":""},{"index":2,"word":"lib/Xmu/libXmu","originalText":"lib/Xmu/libXmu","characterOffsetBegin":1506,"characterOffsetEnd":1520,"pos":"NN","before":"","after":""},{"index":3,"word":".","originalText":".","characterOffsetBegin":1520,"characterOffsetEnd":1521,"pos":".","before":"","after":""}]},{"index":56,"tokens":[{"index":1,"word":"a","originalText":"a","characterOffsetBegin":1521,"characterOffsetEnd":1522,"pos":"DT","before":"","after":" "},{"index":2,"word":"is","originalText":"is","characterOffsetBegin":1523,"characterOffsetEnd":1525,"pos":"VBZ","before":" ","after":" "},{"index":3,"word":"undefined","originalText":"undefined","characterOffsetBegin":1526,"characterOffsetEnd":1535,"pos":"JJ","before":" ","after":"\t"},{"index":4,"word":"Doug","originalText":"Doug","characterOffsetBegin":1536,"characterOffsetEnd":1540,"pos":"NNP","before":"\t","after":""},{"index":5,"word":">","originalText":">","characterOffsetBegin":1540,"characterOffsetEnd":1541,"pos":"JJR","before":"","after":" "},{"index":6,"word":"Symbol","originalText":"Symbol","characterOffsetBegin":1542,"characterOffsetEnd":1548,"pos":"NN","before":" ","after":" "},{"index":7,"word":"XtCvtStringToFont","originalText":"XtCvtStringToFont","characterOffsetBegin":1549,"characterOffsetEnd":1566,"pos":"NN","before":" ","after":" "},{"index":8,"word":"in","originalText":"in","characterOffsetBegin":1567,"characterOffsetEnd":1569,"pos":"IN","before":" ","after":" "},{"index":9,"word":".","originalText":".","characterOffsetBegin":1570,"characterOffsetEnd":1571,"pos":".","before":" ","after":""}]},{"index":57,"tokens":[{"index":1,"word":".","originalText":".","characterOffsetBegin":1571,"characterOffsetEnd":1572,"pos":".","before":"","after":""}]},{"index":58,"tokens":[{"index":1,"word":"/","originalText":"/","characterOffsetBegin":1572,"characterOffsetEnd":1573,"pos":":","before":"","after":""},{"index":2,"word":".","originalText":".","characterOffsetBegin":1573,"characterOffsetEnd":1574,"pos":".","before":"","after":""}]},{"index":59,"tokens":[{"index":1,"word":".","originalText":".","characterOffsetBegin":1574,"characterOffsetEnd":1575,"pos":".","before":"","after":""}]},{"index":60,"tokens":[{"index":1,"word":"/","originalText":"/","characterOffsetBegin":1575,"characterOffsetEnd":1576,"pos":":","before":"","after":""},{"index":2,"word":".","originalText":".","characterOffsetBegin":1576,"characterOffsetEnd":1577,"pos":".","before":"","after":""}]},{"index":61,"tokens":[{"index":1,"word":"/","originalText":"/","characterOffsetBegin":1577,"characterOffsetEnd":1578,"pos":":","before":"","after":""},{"index":2,"word":"lib/Xmu/libXmu","originalText":"lib/Xmu/libXmu","characterOffsetBegin":1578,"characterOffsetEnd":1592,"pos":"NN","before":"","after":""},{"index":3,"word":".","originalText":".","characterOffsetBegin":1592,"characterOffsetEnd":1593,"pos":".","before":"","after":""}]},{"index":62,"tokens":[{"index":1,"word":"a","originalText":"a","characterOffsetBegin":1593,"characterOffsetEnd":1594,"pos":"DT","before":"","after":" "},{"index":2,"word":"is","originalText":"is","characterOffsetBegin":1595,"characterOffsetEnd":1597,"pos":"VBZ","before":" ","after":" "},{"index":3,"word":"undefined","originalText":"undefined","characterOffsetBegin":1598,"characterOffsetEnd":1607,"pos":"JJ","before":" ","after":"\t"},{"index":4,"word":"Doug","originalText":"Doug","characterOffsetBegin":1608,"characterOffsetEnd":1612,"pos":"NNP","before":"\t","after":""},{"index":5,"word":">","originalText":">","characterOffsetBegin":1612,"characterOffsetEnd":1613,"pos":"JJR","before":"","after":" "},{"index":6,"word":"Symbol","originalText":"Symbol","characterOffsetBegin":1614,"characterOffsetEnd":1620,"pos":"NN","before":" ","after":" "},{"index":7,"word":"XtCallConverter","originalText":"XtCallConverter","characterOffsetBegin":1621,"characterOffsetEnd":1636,"pos":"NN","before":" ","after":" "},{"index":8,"word":"in","originalText":"in","characterOffsetBegin":1637,"characterOffsetEnd":1639,"pos":"IN","before":" ","after":" "},{"index":9,"word":".","originalText":".","characterOffsetBegin":1640,"characterOffsetEnd":1641,"pos":".","before":" ","after":""}]},{"index":63,"tokens":[{"index":1,"word":".","originalText":".","characterOffsetBegin":1641,"characterOffsetEnd":1642,"pos":".","before":"","after":""}]},{"index":64,"tokens":[{"index":1,"word":"/","originalText":"/","characterOffsetBegin":1642,"characterOffsetEnd":1643,"pos":":","before":"","after":""},{"index":2,"word":".","originalText":".","characterOffsetBegin":1643,"characterOffsetEnd":1644,"pos":".","before":"","after":""}]},{"index":65,"tokens":[{"index":1,"word":".","originalText":".","characterOffsetBegin":1644,"characterOffsetEnd":1645,"pos":".","before":"","after":""}]},{"index":66,"tokens":[{"index":1,"word":"/","originalText":"/","characterOffsetBegin":1645,"characterOffsetEnd":1646,"pos":":","before":"","after":""},{"index":2,"word":".","originalText":".","characterOffsetBegin":1646,"characterOffsetEnd":1647,"pos":".","before":"","after":""}]},{"index":67,"tokens":[{"index":1,"word":"/","originalText":"/","characterOffsetBegin":1647,"characterOffsetEnd":1648,"pos":":","before":"","after":""},{"index":2,"word":"lib/Xmu/libXmu","originalText":"lib/Xmu/libXmu","characterOffsetBegin":1648,"characterOffsetEnd":1662,"pos":"NN","before":"","after":""},{"index":3,"word":".","originalText":".","characterOffsetBegin":1662,"characterOffsetEnd":1663,"pos":".","before":"","after":""}]},{"index":68,"tokens":[{"index":1,"word":"a","originalText":"a","characterOffsetBegin":1663,"characterOffsetEnd":1664,"pos":"DT","before":"","after":" "},{"index":2,"word":"is","originalText":"is","characterOffsetBegin":1665,"characterOffsetEnd":1667,"pos":"VBZ","before":" ","after":" "},{"index":3,"word":"undefined","originalText":"undefined","characterOffsetBegin":1668,"characterOffsetEnd":1677,"pos":"JJ","before":" ","after":"\t"},{"index":4,"word":"Doug","originalText":"Doug","characterOffsetBegin":1678,"characterOffsetEnd":1682,"pos":"NNP","before":"\t","after":""},{"index":5,"word":">","originalText":">","characterOffsetBegin":1682,"characterOffsetEnd":1683,"pos":"JJR","before":"","after":" "},{"index":6,"word":"Symbol","originalText":"Symbol","characterOffsetBegin":1684,"characterOffsetEnd":1690,"pos":"NN","before":" ","after":" "},{"index":7,"word":"XtDisplayStringConversionWarning","originalText":"XtDisplayStringConversionWarning","characterOffsetBegin":1691,"characterOffsetEnd":1723,"pos":"NN","before":" ","after":" "},{"index":8,"word":"in","originalText":"in","characterOffsetBegin":1724,"characterOffsetEnd":1726,"pos":"IN","before":" ","after":" "},{"index":9,"word":".","originalText":".","characterOffsetBegin":1727,"characterOffsetEnd":1728,"pos":".","before":" ","after":""}]},{"index":69,"tokens":[{"index":1,"word":".","originalText":".","characterOffsetBegin":1728,"characterOffsetEnd":1729,"pos":".","before":"","after":""}]},{"index":70,"tokens":[{"index":1,"word":"/","originalText":"/","characterOffsetBegin":1729,"characterOffsetEnd":1730,"pos":":","before":"","after":""},{"index":2,"word":".","originalText":".","characterOffsetBegin":1730,"characterOffsetEnd":1731,"pos":".","before":"","after":""}]},{"index":71,"tokens":[{"index":1,"word":".","originalText":".","characterOffsetBegin":1731,"characterOffsetEnd":1732,"pos":".","before":"","after":""}]},{"index":72,"tokens":[{"index":1,"word":"/","originalText":"/","characterOffsetBegin":1732,"characterOffsetEnd":1733,"pos":":","before":"","after":""},{"index":2,"word":".","originalText":".","characterOffsetBegin":1733,"characterOffsetEnd":1734,"pos":".","before":"","after":""}]},{"index":73,"tokens":[{"index":1,"word":"/","originalText":"/","characterOffsetBegin":1734,"characterOffsetEnd":1735,"pos":":","before":"","after":""},{"index":2,"word":"lib/Xmu/libXmu","originalText":"lib/Xmu/libXmu","characterOffsetBegin":1735,"characterOffsetEnd":1749,"pos":"NN","before":"","after":""},{"index":3,"word":".","originalText":".","characterOffsetBegin":1749,"characterOffsetEnd":1750,"pos":".","before":"","after":""}]},{"index":74,"tokens":[{"index":1,"word":"a","originalText":"a","characterOffsetBegin":1750,"characterOffsetEnd":1751,"pos":"DT","before":"","after":" "},{"index":2,"word":"is","originalText":"is","characterOffsetBegin":1752,"characterOffsetEnd":1754,"pos":"VBZ","before":" ","after":" "},{"index":3,"word":"undefined","originalText":"undefined","characterOffsetBegin":1755,"characterOffsetEnd":1764,"pos":"JJ","before":" ","after":"\t"},{"index":4,"word":"Doug","originalText":"Doug","characterOffsetBegin":1765,"characterOffsetEnd":1769,"pos":"NNP","before":"\t","after":""},{"index":5,"word":">","originalText":">","characterOffsetBegin":1769,"characterOffsetEnd":1770,"pos":"JJR","before":"","after":" "},{"index":6,"word":"Could","originalText":"Could","characterOffsetBegin":1771,"characterOffsetEnd":1776,"pos":"MD","before":" ","after":" "},{"index":7,"word":"not","originalText":"not","characterOffsetBegin":1777,"characterOffsetEnd":1780,"pos":"RB","before":" ","after":" "},{"index":8,"word":"load","originalText":"load","characterOffsetBegin":1781,"characterOffsetEnd":1785,"pos":"VB","before":" ","after":" "},{"index":9,"word":"library","originalText":"library","characterOffsetBegin":1786,"characterOffsetEnd":1793,"pos":"NN","before":" ","after":" "},{"index":10,"word":"libXmu.a","originalText":"libXmu.a","characterOffsetBegin":1794,"characterOffsetEnd":1802,"pos":"NN","before":" ","after":""},{"index":11,"word":"-LSB-","originalText":"[","characterOffsetBegin":1802,"characterOffsetEnd":1803,"pos":"-LRB-","before":"","after":""},{"index":12,"word":"shr.o","originalText":"shr.o","characterOffsetBegin":1803,"characterOffsetEnd":1808,"pos":"NN","before":"","after":""},{"index":13,"word":"-RSB-","originalText":"]","characterOffsetBegin":1808,"characterOffsetEnd":1809,"pos":"-RRB-","before":"","after":"\t"},{"index":14,"word":"Doug","originalText":"Doug","characterOffsetBegin":1810,"characterOffsetEnd":1814,"pos":"NNP","before":"\t","after":""},{"index":15,"word":">","originalText":">","characterOffsetBegin":1814,"characterOffsetEnd":1815,"pos":"JJR","before":"","after":" "},{"index":16,"word":"Error","originalText":"Error","characterOffsetBegin":1816,"characterOffsetEnd":1821,"pos":"NN","before":" ","after":" "},{"index":17,"word":"was","originalText":"was","characterOffsetBegin":1822,"characterOffsetEnd":1825,"pos":"VBD","before":" ","after":""},{"index":18,"word":":","originalText":":","characterOffsetBegin":1825,"characterOffsetEnd":1826,"pos":":","before":"","after":" "},{"index":19,"word":"Exec","originalText":"Exec","characterOffsetBegin":1827,"characterOffsetEnd":1831,"pos":"NN","before":" ","after":" "},{"index":20,"word":"format","originalText":"format","characterOffsetBegin":1832,"characterOffsetEnd":1838,"pos":"NN","before":" ","after":" "},{"index":21,"word":"error","originalText":"error","characterOffsetBegin":1839,"characterOffsetEnd":1844,"pos":"NN","before":" ","after":""},{"index":22,"word":"...","originalText":"...","characterOffsetBegin":1844,"characterOffsetEnd":1847,"pos":":","before":"","after":""},{"index":23,"word":".","originalText":".","characterOffsetBegin":1847,"characterOffsetEnd":1848,"pos":".","before":"","after":"  "}]},{"index":75,"tokens":[{"index":1,"word":"a","originalText":"a","characterOffsetBegin":1850,"characterOffsetEnd":1851,"pos":"DT","before":"  ","after":"  "},{"index":2,"word":"search","originalText":"search","characterOffsetBegin":1853,"characterOffsetEnd":1859,"pos":"NN","before":"  ","after":"  "},{"index":3,"word":"on","originalText":"on","characterOffsetBegin":1861,"characterOffsetEnd":1863,"pos":"IN","before":"  ","after":"  "},{"index":4,"word":"IBMLINK","originalText":"IBMLINK","characterOffsetBegin":1865,"characterOffsetEnd":1872,"pos":"NNP","before":"  ","after":"  "},{"index":5,"word":"revealed","originalText":"revealed","characterOffsetBegin":1874,"characterOffsetEnd":1882,"pos":"VBD","before":"  ","after":" "},{"index":6,"word":"that","originalText":"that","characterOffsetBegin":1883,"characterOffsetEnd":1887,"pos":"IN","before":" ","after":" "},{"index":7,"word":"this","originalText":"this","characterOffsetBegin":1888,"characterOffsetEnd":1892,"pos":"DT","before":" ","after":" "},{"index":8,"word":"is","originalText":"is","characterOffsetBegin":1893,"characterOffsetEnd":1895,"pos":"VBZ","before":" ","after":" "},{"index":9,"word":"similar","originalText":"similar","characterOffsetBegin":1896,"characterOffsetEnd":1903,"pos":"JJ","before":" ","after":" "},{"index":10,"word":"to","originalText":"to","characterOffsetBegin":1904,"characterOffsetEnd":1906,"pos":"TO","before":" ","after":" "},{"index":11,"word":"IX33890","originalText":"IX33890","characterOffsetBegin":1907,"characterOffsetEnd":1914,"pos":"NN","before":" ","after":""},{"index":12,"word":"-LRB-","originalText":"(","characterOffsetBegin":1914,"characterOffsetEnd":1915,"pos":"-LRB-","before":"","after":""},{"index":13,"word":"howervre","originalText":"howervre","characterOffsetBegin":1915,"characterOffsetEnd":1923,"pos":"NN","before":"","after":" "},{"index":14,"word":"this","originalText":"this","characterOffsetBegin":1924,"characterOffsetEnd":1928,"pos":"DT","before":" ","after":" "},{"index":15,"word":"was","originalText":"was","characterOffsetBegin":1929,"characterOffsetEnd":1932,"pos":"VBD","before":" ","after":" "},{"index":16,"word":"closed","originalText":"closed","characterOffsetBegin":1933,"characterOffsetEnd":1939,"pos":"VBN","before":" ","after":" "},{"index":17,"word":"USE","originalText":"USE","characterOffsetBegin":1940,"characterOffsetEnd":1943,"pos":"NN","before":" ","after":""},{"index":18,"word":"-RRB-","originalText":")","characterOffsetBegin":1943,"characterOffsetEnd":1944,"pos":"-RRB-","before":"","after":""},{"index":19,"word":".","originalText":".","characterOffsetBegin":1944,"characterOffsetEnd":1945,"pos":".","before":"","after":""}]},{"index":76,"tokens":[{"index":1,"word":"--","originalText":"--","characterOffsetBegin":1945,"characterOffsetEnd":1947,"pos":":","before":"","after":""},{"index":2,"word":"Douglas","originalText":"Douglas","characterOffsetBegin":1947,"characterOffsetEnd":1954,"pos":"NNP","before":"","after":" "},{"index":3,"word":"L.Acker","originalText":"L.Acker","characterOffsetBegin":1955,"characterOffsetEnd":1962,"pos":"NNP","before":" ","after":"                "},{"index":4,"word":"Western","originalText":"Western","characterOffsetBegin":1978,"characterOffsetEnd":1985,"pos":"NNP","before":"                ","after":" "},{"index":5,"word":"Geophysical","originalText":"Geophysical","characterOffsetBegin":1986,"characterOffsetEnd":1997,"pos":"NNP","before":" ","after":" "},{"index":6,"word":"Exploration","originalText":"Exploration","characterOffsetBegin":1998,"characterOffsetEnd":2009,"pos":"NNP","before":" ","after":" "},{"index":7,"word":"Products","originalText":"Products","characterOffsetBegin":2010,"characterOffsetEnd":2018,"pos":"NNPS","before":" ","after":""},{"index":8,"word":"____","originalText":"____","characterOffsetBegin":2018,"characterOffsetEnd":2022,"pos":"CD","before":"","after":"    "},{"index":9,"word":"____","originalText":"____","characterOffsetBegin":2026,"characterOffsetEnd":2030,"pos":"CD","before":"    ","after":"     "},{"index":10,"word":"____","originalText":"____","characterOffsetBegin":2035,"characterOffsetEnd":2039,"pos":"CD","before":"     ","after":"          "},{"index":11,"word":"a","originalText":"a","characterOffsetBegin":2049,"characterOffsetEnd":2050,"pos":"DT","before":"          ","after":" "},{"index":12,"word":"division","originalText":"division","characterOffsetBegin":2051,"characterOffsetEnd":2059,"pos":"NN","before":" ","after":" "},{"index":13,"word":"of","originalText":"of","characterOffsetBegin":2060,"characterOffsetEnd":2062,"pos":"IN","before":" ","after":" "},{"index":14,"word":"Western","originalText":"Western","characterOffsetBegin":2063,"characterOffsetEnd":2070,"pos":"JJ","before":" ","after":" "},{"index":15,"word":"Atlas","originalText":"Atlas","characterOffsetBegin":2071,"characterOffsetEnd":2076,"pos":"NNP","before":" ","after":" "},{"index":16,"word":"International","originalText":"International","characterOffsetBegin":2077,"characterOffsetEnd":2090,"pos":"NNP","before":" ","after":" "},{"index":17,"word":"Inc.","originalText":"Inc.","characterOffsetBegin":2091,"characterOffsetEnd":2095,"pos":"NNP","before":" ","after":""},{"index":18,"word":"\\","originalText":"\\","characterOffsetBegin":2095,"characterOffsetEnd":2096,"pos":"VBD","before":"","after":"   "},{"index":19,"word":"\\","originalText":"\\","characterOffsetBegin":2099,"characterOffsetEnd":2100,"pos":"CD","before":"   ","after":"  "},{"index":20,"word":"/","originalText":"/","characterOffsetBegin":2102,"characterOffsetEnd":2103,"pos":":","before":"  ","after":"   "},{"index":21,"word":"/","originalText":"/","characterOffsetBegin":2106,"characterOffsetEnd":2107,"pos":":","before":"   ","after":""},{"index":22,"word":"\\","originalText":"\\","characterOffsetBegin":2107,"characterOffsetEnd":2108,"pos":"CD","before":"","after":"   "},{"index":23,"word":"/","originalText":"/","characterOffsetBegin":2111,"characterOffsetEnd":2112,"pos":":","before":"   ","after":"   "},{"index":24,"word":"/","originalText":"/","characterOffsetBegin":2115,"characterOffsetEnd":2116,"pos":":","before":"   ","after":""},{"index":25,"word":"\\","originalText":"\\","characterOffsetBegin":2116,"characterOffsetEnd":2117,"pos":"CD","before":"","after":"         "},{"index":26,"word":"A","originalText":"A","characterOffsetBegin":2126,"characterOffsetEnd":2127,"pos":"DT","before":"         ","after":" "},{"index":27,"word":"Litton","originalText":"Litton","characterOffsetBegin":2128,"characterOffsetEnd":2134,"pos":"NNP","before":" ","after":" "},{"index":28,"word":"/","originalText":"/","characterOffsetBegin":2135,"characterOffsetEnd":2136,"pos":":","before":" ","after":" "},{"index":29,"word":"Dresser","originalText":"Dresser","characterOffsetBegin":2137,"characterOffsetEnd":2144,"pos":"NNP","before":" ","after":" "},{"index":30,"word":"Company","originalText":"Company","characterOffsetBegin":2145,"characterOffsetEnd":2152,"pos":"NNP","before":" ","after":" "},{"index":31,"word":"\\","originalText":"\\","characterOffsetBegin":2153,"characterOffsetEnd":2154,"pos":"NNP","before":" ","after":"   "},{"index":32,"word":"\\","originalText":"\\","characterOffsetBegin":2157,"characterOffsetEnd":2158,"pos":"VBD","before":"   ","after":""},{"index":33,"word":"/","originalText":"/","characterOffsetBegin":2158,"characterOffsetEnd":2159,"pos":":","before":"","after":"   "},{"index":34,"word":"/","originalText":"/","characterOffsetBegin":2162,"characterOffsetEnd":2163,"pos":":","before":"   ","after":"  "},{"index":35,"word":"\\","originalText":"\\","characterOffsetBegin":2165,"characterOffsetEnd":2166,"pos":"CD","before":"  ","after":" "},{"index":36,"word":"/","originalText":"/","characterOffsetBegin":2167,"characterOffsetEnd":2168,"pos":":","before":" ","after":"   "},{"index":37,"word":"/","originalText":"/","characterOffsetBegin":2171,"characterOffsetEnd":2172,"pos":":","before":"   ","after":"  "},{"index":38,"word":"\\","originalText":"\\","characterOffsetBegin":2174,"characterOffsetEnd":2175,"pos":"CD","before":"  ","after":"        "},{"index":39,"word":"~","originalText":"~","characterOffsetBegin":2183,"characterOffsetEnd":2184,"pos":"FW","before":"        ","after":""},{"index":40,"word":"~","originalText":"~","characterOffsetBegin":2184,"characterOffsetEnd":2185,"pos":"FW","before":"","after":""},{"index":41,"word":"~","originalText":"~","characterOffsetBegin":2185,"characterOffsetEnd":2186,"pos":"FW","before":"","after":""},{"index":42,"word":"~","originalText":"~","characterOffsetBegin":2186,"characterOffsetEnd":2187,"pos":"FW","before":"","after":""},{"index":43,"word":"~","originalText":"~","characterOffsetBegin":2187,"characterOffsetEnd":2188,"pos":"FW","before":"","after":""},{"index":44,"word":"~","originalText":"~","characterOffsetBegin":2188,"characterOffsetEnd":2189,"pos":"FW","before":"","after":""},{"index":45,"word":"~","originalText":"~","characterOffsetBegin":2189,"characterOffsetEnd":2190,"pos":"FW","before":"","after":""},{"index":46,"word":"~","originalText":"~","characterOffsetBegin":2190,"characterOffsetEnd":2191,"pos":"FW","before":"","after":""},{"index":47,"word":"~","originalText":"~","characterOffsetBegin":2191,"characterOffsetEnd":2192,"pos":"FW","before":"","after":""},{"index":48,"word":"~","originalText":"~","characterOffsetBegin":2192,"characterOffsetEnd":2193,"pos":"FW","before":"","after":""},{"index":49,"word":"~","originalText":"~","characterOffsetBegin":2193,"characterOffsetEnd":2194,"pos":"FW","before":"","after":""},{"index":50,"word":"~","originalText":"~","characterOffsetBegin":2194,"characterOffsetEnd":2195,"pos":"FW","before":"","after":""},{"index":51,"word":"~","originalText":"~","characterOffsetBegin":2195,"characterOffsetEnd":2196,"pos":"FW","before":"","after":""},{"index":52,"word":"~","originalText":"~","characterOffsetBegin":2196,"characterOffsetEnd":2197,"pos":"FW","before":"","after":""},{"index":53,"word":"~","originalText":"~","characterOffsetBegin":2197,"characterOffsetEnd":2198,"pos":"FW","before":"","after":""},{"index":54,"word":"~","originalText":"~","characterOffsetBegin":2198,"characterOffsetEnd":2199,"pos":"FW","before":"","after":""},{"index":55,"word":"~","originalText":"~","characterOffsetBegin":2199,"characterOffsetEnd":2200,"pos":"FW","before":"","after":""},{"index":56,"word":"~","originalText":"~","characterOffsetBegin":2200,"characterOffsetEnd":2201,"pos":"FW","before":"","after":""},{"index":57,"word":"~","originalText":"~","characterOffsetBegin":2201,"characterOffsetEnd":2202,"pos":"FW","before":"","after":""},{"index":58,"word":"~","originalText":"~","characterOffsetBegin":2202,"characterOffsetEnd":2203,"pos":"FW","before":"","after":""},{"index":59,"word":"~","originalText":"~","characterOffsetBegin":2203,"characterOffsetEnd":2204,"pos":"FW","before":"","after":""},{"index":60,"word":"~","originalText":"~","characterOffsetBegin":2204,"characterOffsetEnd":2205,"pos":"FW","before":"","after":""},{"index":61,"word":"~","originalText":"~","characterOffsetBegin":2205,"characterOffsetEnd":2206,"pos":"FW","before":"","after":""},{"index":62,"word":"~","originalText":"~","characterOffsetBegin":2206,"characterOffsetEnd":2207,"pos":"FW","before":"","after":""},{"index":63,"word":"~","originalText":"~","characterOffsetBegin":2207,"characterOffsetEnd":2208,"pos":"FW","before":"","after":""},{"index":64,"word":"~","originalText":"~","characterOffsetBegin":2208,"characterOffsetEnd":2209,"pos":"FW","before":"","after":""},{"index":65,"word":"~","originalText":"~","characterOffsetBegin":2209,"characterOffsetEnd":2210,"pos":"FW","before":"","after":""},{"index":66,"word":"~","originalText":"~","characterOffsetBegin":2210,"characterOffsetEnd":2211,"pos":"FW","before":"","after":""},{"index":67,"word":"~","originalText":"~","characterOffsetBegin":2211,"characterOffsetEnd":2212,"pos":"FW","before":"","after":""},{"index":68,"word":"~","originalText":"~","characterOffsetBegin":2212,"characterOffsetEnd":2213,"pos":"FW","before":"","after":""},{"index":69,"word":"~","originalText":"~","characterOffsetBegin":2213,"characterOffsetEnd":2214,"pos":"FW","before":"","after":""},{"index":70,"word":"~","originalText":"~","characterOffsetBegin":2214,"characterOffsetEnd":2215,"pos":"FW","before":"","after":""},{"index":71,"word":"~","originalText":"~","characterOffsetBegin":2215,"characterOffsetEnd":2216,"pos":"FW","before":"","after":""},{"index":72,"word":"~","originalText":"~","characterOffsetBegin":2216,"characterOffsetEnd":2217,"pos":"FW","before":"","after":""},{"index":73,"word":"~","originalText":"~","characterOffsetBegin":2217,"characterOffsetEnd":2218,"pos":"FW","before":"","after":""},{"index":74,"word":"~","originalText":"~","characterOffsetBegin":2218,"characterOffsetEnd":2219,"pos":"FW","before":"","after":""},{"index":75,"word":"~","originalText":"~","characterOffsetBegin":2219,"characterOffsetEnd":2220,"pos":"FW","before":"","after":""},{"index":76,"word":"~","originalText":"~","characterOffsetBegin":2220,"characterOffsetEnd":2221,"pos":"FW","before":"","after":""},{"index":77,"word":"~","originalText":"~","characterOffsetBegin":2221,"characterOffsetEnd":2222,"pos":"FW","before":"","after":""},{"index":78,"word":"~","originalText":"~","characterOffsetBegin":2222,"characterOffsetEnd":2223,"pos":"FW","before":"","after":""},{"index":79,"word":"~","originalText":"~","characterOffsetBegin":2223,"characterOffsetEnd":2224,"pos":"FW","before":"","after":""},{"index":80,"word":"~","originalText":"~","characterOffsetBegin":2224,"characterOffsetEnd":2225,"pos":"FW","before":"","after":""},{"index":81,"word":"~","originalText":"~","characterOffsetBegin":2225,"characterOffsetEnd":2226,"pos":"FW","before":"","after":""},{"index":82,"word":"~","originalText":"~","characterOffsetBegin":2226,"characterOffsetEnd":2227,"pos":"FW","before":"","after":""},{"index":83,"word":"~","originalText":"~","characterOffsetBegin":2227,"characterOffsetEnd":2228,"pos":"FW","before":"","after":""},{"index":84,"word":"~","originalText":"~","characterOffsetBegin":2228,"characterOffsetEnd":2229,"pos":"FW","before":"","after":"  "},{"index":85,"word":"\\","originalText":"\\","characterOffsetBegin":2231,"characterOffsetEnd":2232,"pos":"FW","before":"  ","after":"  "},{"index":86,"word":"/","originalText":"/","characterOffsetBegin":2234,"characterOffsetEnd":2235,"pos":":","before":"  ","after":"   "},{"index":87,"word":"/","originalText":"/","characterOffsetBegin":2238,"characterOffsetEnd":2239,"pos":":","before":"   ","after":" "},{"index":88,"word":"\\","originalText":"\\","characterOffsetBegin":2240,"characterOffsetEnd":2241,"pos":"CD","before":" ","after":"  "},{"index":89,"word":"/","originalText":"/","characterOffsetBegin":2243,"characterOffsetEnd":2244,"pos":":","before":"  ","after":"   "},{"index":90,"word":"/","originalText":"/","characterOffsetBegin":2247,"characterOffsetEnd":2248,"pos":":","before":"   ","after":""},{"index":91,"word":"\\","originalText":"\\","characterOffsetBegin":2248,"characterOffsetEnd":2249,"pos":"CD","before":"","after":"   "},{"index":92,"word":"\\","originalText":"\\","characterOffsetBegin":2252,"characterOffsetEnd":2253,"pos":"NN","before":"   ","after":"       "},{"index":93,"word":"Internet","originalText":"Internet","characterOffsetBegin":2260,"characterOffsetEnd":2268,"pos":"NN","before":"       ","after":"  "},{"index":94,"word":":","originalText":":","characterOffsetBegin":2270,"characterOffsetEnd":2271,"pos":":","before":"  ","after":"  "},{"index":95,"word":"acker@wg2.waii.com","originalText":"acker@wg2.waii.com","characterOffsetBegin":2273,"characterOffsetEnd":2291,"pos":"NN","before":"  ","after":"   "},{"index":96,"word":"\\","originalText":"\\","characterOffsetBegin":2294,"characterOffsetEnd":2295,"pos":"CD","before":"   ","after":""},{"index":97,"word":"/","originalText":"/","characterOffsetBegin":2295,"characterOffsetEnd":2296,"pos":":","before":"","after":""},{"index":98,"word":"___","originalText":"___","characterOffsetBegin":2296,"characterOffsetEnd":2299,"pos":"CD","before":"","after":""},{"index":99,"word":"/","originalText":"/","characterOffsetBegin":2299,"characterOffsetEnd":2300,"pos":":","before":"","after":"   "},{"index":100,"word":"\\","originalText":"\\","characterOffsetBegin":2303,"characterOffsetEnd":2304,"pos":"CD","before":"   ","after":""},{"index":101,"word":"/","originalText":"/","characterOffsetBegin":2304,"characterOffsetEnd":2305,"pos":":","before":"","after":""},{"index":102,"word":"___","originalText":"___","characterOffsetBegin":2305,"characterOffsetEnd":2308,"pos":"CD","before":"","after":""},{"index":103,"word":"/","originalText":"/","characterOffsetBegin":2308,"characterOffsetEnd":2309,"pos":":","before":"","after":"  "},{"index":104,"word":"\\","originalText":"\\","characterOffsetBegin":2311,"characterOffsetEnd":2312,"pos":"CD","before":"  ","after":""},{"index":105,"word":"___","originalText":"___","characterOffsetBegin":2312,"characterOffsetEnd":2315,"pos":"CD","before":"","after":""},{"index":106,"word":"\\","originalText":"\\","characterOffsetBegin":2315,"characterOffsetEnd":2316,"pos":"CD","before":"","after":"      "},{"index":107,"word":"Voice","originalText":"Voice","characterOffsetBegin":2322,"characterOffsetEnd":2327,"pos":"NNP","before":"      ","after":"     "},{"index":108,"word":":","originalText":":","characterOffsetBegin":2332,"characterOffsetEnd":2333,"pos":":","before":"     ","after":"  "},{"index":109,"word":"-LRB-713-RRB- 964-6128","originalText":"(713) 964-6128","characterOffsetBegin":2335,"characterOffsetEnd":2349,"pos":"NN","before":"  ","after":""}]}]}