{"sentences":[{"index":0,"tokens":[{"index":1,"word":"From","originalText":"From","characterOffsetBegin":0,"characterOffsetEnd":4,"pos":"IN","before":"","after":""},{"index":2,"word":":","originalText":":","characterOffsetBegin":4,"characterOffsetEnd":5,"pos":":","before":"","after":" "},{"index":3,"word":"toml@boulder.parcplace.com","originalText":"toml@boulder.parcplace.com","characterOffsetBegin":6,"characterOffsetEnd":32,"pos":"NN","before":" ","after":" "},{"index":4,"word":"-LRB-","originalText":"(","characterOffsetBegin":33,"characterOffsetEnd":34,"pos":"-LRB-","before":" ","after":""},{"index":5,"word":"Tom","originalText":"Tom","characterOffsetBegin":34,"characterOffsetEnd":37,"pos":"NNP","before":"","after":" "},{"index":6,"word":"LaStrange","originalText":"LaStrange","characterOffsetBegin":38,"characterOffsetEnd":47,"pos":"NNP","before":" ","after":""},{"index":7,"word":"-RRB-","originalText":")","characterOffsetBegin":47,"characterOffsetEnd":48,"pos":"-RRB-","before":"","after":""},{"index":8,"word":"Subject","originalText":"Subject","characterOffsetBegin":48,"characterOffsetEnd":55,"pos":"NNP","before":"","after":""},{"index":9,"word":":","originalText":":","characterOffsetBegin":55,"characterOffsetEnd":56,"pos":":","before":"","after":" "},{"index":10,"word":"Re","originalText":"Re","characterOffsetBegin":57,"characterOffsetEnd":59,"pos":"NNP","before":" ","after":""},{"index":11,"word":":","originalText":":","characterOffsetBegin":59,"characterOffsetEnd":60,"pos":":","before":"","after":" "},{"index":12,"word":"Forcing","originalText":"Forcing","characterOffsetBegin":61,"characterOffsetEnd":68,"pos":"VBG","before":" ","after":" "},{"index":13,"word":"a","originalText":"a","characterOffsetBegin":69,"characterOffsetEnd":70,"pos":"DT","before":" ","after":" "},{"index":14,"word":"window","originalText":"window","characterOffsetBegin":71,"characterOffsetEnd":77,"pos":"NN","before":" ","after":" "},{"index":15,"word":"manager","originalText":"manager","characterOffsetBegin":78,"characterOffsetEnd":85,"pos":"NN","before":" ","after":" "},{"index":16,"word":"to","originalText":"to","characterOffsetBegin":86,"characterOffsetEnd":88,"pos":"TO","before":" ","after":" "},{"index":17,"word":"accept","originalText":"accept","characterOffsetBegin":89,"characterOffsetEnd":95,"pos":"VB","before":" ","after":" "},{"index":18,"word":"specific","originalText":"specific","characterOffsetBegin":96,"characterOffsetEnd":104,"pos":"JJ","before":" ","after":" "},{"index":19,"word":"coordinates","originalText":"coordinates","characterOffsetBegin":105,"characterOffsetEnd":116,"pos":"VBZ","before":" ","after":" "},{"index":20,"word":"for","originalText":"for","characterOffsetBegin":117,"characterOffsetEnd":120,"pos":"IN","before":" ","after":" "},{"index":21,"word":"a","originalText":"a","characterOffsetBegin":121,"characterOffsetEnd":122,"pos":"DT","before":" ","after":" "},{"index":22,"word":"windowIn","originalText":"windowIn","characterOffsetBegin":123,"characterOffsetEnd":131,"pos":"NN","before":" ","after":" "},{"index":23,"word":"article","originalText":"article","characterOffsetBegin":132,"characterOffsetEnd":139,"pos":"NN","before":" ","after":" "},{"index":24,"word":"<C5r25y.HFz@cs.columbia.edu>","originalText":"<C5r25y.HFz@cs.columbia.edu>","characterOffsetBegin":140,"characterOffsetEnd":168,"pos":"NN","before":" ","after":" "},{"index":25,"word":"ethan@cs.columbia.edu","originalText":"ethan@cs.columbia.edu","characterOffsetBegin":169,"characterOffsetEnd":190,"pos":"NN","before":" ","after":" "},{"index":26,"word":"-LRB-","originalText":"(","characterOffsetBegin":191,"characterOffsetEnd":192,"pos":"-LRB-","before":" ","after":""},{"index":27,"word":"Ethan","originalText":"Ethan","characterOffsetBegin":192,"characterOffsetEnd":197,"pos":"NNP","before":"","after":" "},{"index":28,"word":"Solomita","originalText":"Solomita","characterOffsetBegin":198,"characterOffsetEnd":206,"pos":"NNP","before":" ","after":""},{"index":29,"word":"-RRB-","originalText":")","characterOffsetBegin":206,"characterOffsetEnd":207,"pos":"-RRB-","before":"","after":" "},{"index":30,"word":"writes","originalText":"writes","characterOffsetBegin":208,"characterOffsetEnd":214,"pos":"VBZ","before":" ","after":""},{"index":31,"word":":|","originalText":":|","characterOffsetBegin":214,"characterOffsetEnd":216,"pos":"CD","before":"","after":""},{"index":32,"word":">","originalText":">","characterOffsetBegin":216,"characterOffsetEnd":217,"pos":"JJR","before":"","after":""},{"index":33,"word":"|","originalText":"|","characterOffsetBegin":217,"characterOffsetEnd":218,"pos":"CD","before":"","after":""},{"index":34,"word":">","originalText":">","characterOffsetBegin":218,"characterOffsetEnd":219,"pos":"JJR","before":"","after":"\t"},{"index":35,"word":"Hi","originalText":"Hi","characterOffsetBegin":220,"characterOffsetEnd":222,"pos":"NN","before":"\t","after":""},{"index":36,"word":".","originalText":".","characterOffsetBegin":222,"characterOffsetEnd":223,"pos":".","before":"","after":" "}]},{"index":1,"tokens":[{"index":1,"word":"I","originalText":"I","characterOffsetBegin":224,"characterOffsetEnd":225,"pos":"PRP","before":" ","after":""},{"index":2,"word":"'m","originalText":"'m","characterOffsetBegin":225,"characterOffsetEnd":227,"pos":"VBP","before":"","after":" "},{"index":3,"word":"trying","originalText":"trying","characterOffsetBegin":228,"characterOffsetEnd":234,"pos":"VBG","before":" ","after":" "},{"index":4,"word":"to","originalText":"to","characterOffsetBegin":235,"characterOffsetEnd":237,"pos":"TO","before":" ","after":" "},{"index":5,"word":"figure","originalText":"figure","characterOffsetBegin":238,"characterOffsetEnd":244,"pos":"VB","before":" ","after":" "},{"index":6,"word":"out","originalText":"out","characterOffsetBegin":245,"characterOffsetEnd":248,"pos":"RP","before":" ","after":" "},{"index":7,"word":"how","originalText":"how","characterOffsetBegin":249,"characterOffsetEnd":252,"pos":"WRB","before":" ","after":" "},{"index":8,"word":"to","originalText":"to","characterOffsetBegin":253,"characterOffsetEnd":255,"pos":"TO","before":" ","after":" "},{"index":9,"word":"make","originalText":"make","characterOffsetBegin":256,"characterOffsetEnd":260,"pos":"VB","before":" ","after":" "},{"index":10,"word":"a","originalText":"a","characterOffsetBegin":261,"characterOffsetEnd":262,"pos":"DT","before":" ","after":" "},{"index":11,"word":"window","originalText":"window","characterOffsetBegin":263,"characterOffsetEnd":269,"pos":"NN","before":" ","after":" "},{"index":12,"word":"manager","originalText":"manager","characterOffsetBegin":270,"characterOffsetEnd":277,"pos":"NN","before":" ","after":""},{"index":13,"word":"|","originalText":"|","characterOffsetBegin":277,"characterOffsetEnd":278,"pos":"CD","before":"","after":""},{"index":14,"word":">","originalText":">","characterOffsetBegin":278,"characterOffsetEnd":279,"pos":"JJR","before":"","after":""},{"index":15,"word":"place","originalText":"place","characterOffsetBegin":279,"characterOffsetEnd":284,"pos":"NN","before":"","after":" "},{"index":16,"word":"the","originalText":"the","characterOffsetBegin":285,"characterOffsetEnd":288,"pos":"DT","before":" ","after":" "},{"index":17,"word":"window","originalText":"window","characterOffsetBegin":289,"characterOffsetEnd":295,"pos":"NN","before":" ","after":" "},{"index":18,"word":"where","originalText":"where","characterOffsetBegin":296,"characterOffsetEnd":301,"pos":"WRB","before":" ","after":" "},{"index":19,"word":"the","originalText":"the","characterOffsetBegin":302,"characterOffsetEnd":305,"pos":"DT","before":" ","after":" "},{"index":20,"word":"create","originalText":"create","characterOffsetBegin":306,"characterOffsetEnd":312,"pos":"VB","before":" ","after":" "},{"index":21,"word":"window","originalText":"window","characterOffsetBegin":313,"characterOffsetEnd":319,"pos":"NN","before":" ","after":" "},{"index":22,"word":"command","originalText":"command","characterOffsetBegin":320,"characterOffsetEnd":327,"pos":"NN","before":" ","after":" "},{"index":23,"word":"tells","originalText":"tells","characterOffsetBegin":328,"characterOffsetEnd":333,"pos":"VBZ","before":" ","after":" "},{"index":24,"word":"it","originalText":"it","characterOffsetBegin":334,"characterOffsetEnd":336,"pos":"PRP","before":" ","after":""},{"index":25,"word":",","originalText":",","characterOffsetBegin":336,"characterOffsetEnd":337,"pos":",","before":"","after":""},{"index":26,"word":"|","originalText":"|","characterOffsetBegin":337,"characterOffsetEnd":338,"pos":"CD","before":"","after":""},{"index":27,"word":">","originalText":">","characterOffsetBegin":338,"characterOffsetEnd":339,"pos":"JJR","before":"","after":""},{"index":28,"word":"regardless","originalText":"regardless","characterOffsetBegin":339,"characterOffsetEnd":349,"pos":"RB","before":"","after":" "},{"index":29,"word":"of","originalText":"of","characterOffsetBegin":350,"characterOffsetEnd":352,"pos":"IN","before":" ","after":" "},{"index":30,"word":"what","originalText":"what","characterOffsetBegin":353,"characterOffsetEnd":357,"pos":"WP","before":" ","after":" "},{"index":31,"word":"it","originalText":"it","characterOffsetBegin":358,"characterOffsetEnd":360,"pos":"PRP","before":" ","after":" "},{"index":32,"word":"may","originalText":"may","characterOffsetBegin":361,"characterOffsetEnd":364,"pos":"MD","before":" ","after":" "},{"index":33,"word":"think","originalText":"think","characterOffsetBegin":365,"characterOffsetEnd":370,"pos":"VB","before":" ","after":" "},{"index":34,"word":"is","originalText":"is","characterOffsetBegin":371,"characterOffsetEnd":373,"pos":"VBZ","before":" ","after":" "},{"index":35,"word":"right","originalText":"right","characterOffsetBegin":374,"characterOffsetEnd":379,"pos":"RB","before":" ","after":""},{"index":36,"word":".","originalText":".","characterOffsetBegin":379,"characterOffsetEnd":380,"pos":".","before":"","after":" "}]},{"index":2,"tokens":[{"index":1,"word":"-LRB-","originalText":"(","characterOffsetBegin":381,"characterOffsetEnd":382,"pos":"-LRB-","before":" ","after":""},{"index":2,"word":"my","originalText":"my","characterOffsetBegin":382,"characterOffsetEnd":384,"pos":"PRP$","before":"","after":" "},{"index":3,"word":"application","originalText":"application","characterOffsetBegin":385,"characterOffsetEnd":396,"pos":"NN","before":" ","after":" "},{"index":4,"word":"has","originalText":"has","characterOffsetBegin":397,"characterOffsetEnd":400,"pos":"VBZ","before":" ","after":""},{"index":5,"word":"|","originalText":"|","characterOffsetBegin":400,"characterOffsetEnd":401,"pos":"CD","before":"","after":""},{"index":6,"word":">","originalText":">","characterOffsetBegin":401,"characterOffsetEnd":402,"pos":"JJR","before":"","after":""},{"index":7,"word":"reason","originalText":"reason","characterOffsetBegin":402,"characterOffsetEnd":408,"pos":"NN","before":"","after":" "},{"index":8,"word":"to","originalText":"to","characterOffsetBegin":409,"characterOffsetEnd":411,"pos":"TO","before":" ","after":" "},{"index":9,"word":"know","originalText":"know","characterOffsetBegin":412,"characterOffsetEnd":416,"pos":"VB","before":" ","after":" "},{"index":10,"word":"better","originalText":"better","characterOffsetBegin":417,"characterOffsetEnd":423,"pos":"JJR","before":" ","after":""},{"index":11,"word":"-RRB-","originalText":")","characterOffsetBegin":423,"characterOffsetEnd":424,"pos":"-RRB-","before":"","after":""},{"index":12,"word":"|","originalText":"|","characterOffsetBegin":424,"characterOffsetEnd":425,"pos":"CD","before":"","after":""},{"index":13,"word":">","originalText":">","characterOffsetBegin":425,"characterOffsetEnd":426,"pos":"JJR","before":"","after":""},{"index":14,"word":"|","originalText":"|","characterOffsetBegin":426,"characterOffsetEnd":427,"pos":"CD","before":"","after":""},{"index":15,"word":">","originalText":">","characterOffsetBegin":427,"characterOffsetEnd":428,"pos":"JJR","before":"","after":"\t"},{"index":16,"word":"I","originalText":"I","characterOffsetBegin":429,"characterOffsetEnd":430,"pos":"PRP","before":"\t","after":" "},{"index":17,"word":"do","originalText":"do","characterOffsetBegin":431,"characterOffsetEnd":433,"pos":"VBP","before":" ","after":""},{"index":18,"word":"n't","originalText":"n't","characterOffsetBegin":433,"characterOffsetEnd":436,"pos":"RB","before":"","after":" "},{"index":19,"word":"want","originalText":"want","characterOffsetBegin":437,"characterOffsetEnd":441,"pos":"VB","before":" ","after":" "},{"index":20,"word":"to","originalText":"to","characterOffsetBegin":442,"characterOffsetEnd":444,"pos":"TO","before":" ","after":" "},{"index":21,"word":"set","originalText":"set","characterOffsetBegin":445,"characterOffsetEnd":448,"pos":"VB","before":" ","after":" "},{"index":22,"word":"the","originalText":"the","characterOffsetBegin":449,"characterOffsetEnd":452,"pos":"DT","before":" ","after":" "},{"index":23,"word":"override-redirect","originalText":"override-redirect","characterOffsetBegin":453,"characterOffsetEnd":470,"pos":"NN","before":" ","after":" "},{"index":24,"word":"because","originalText":"because","characterOffsetBegin":471,"characterOffsetEnd":478,"pos":"IN","before":" ","after":" "},{"index":25,"word":"I","originalText":"I","characterOffsetBegin":479,"characterOffsetEnd":480,"pos":"PRP","before":" ","after":" "},{"index":26,"word":"do","originalText":"do","characterOffsetBegin":481,"characterOffsetEnd":483,"pos":"VBP","before":" ","after":""},{"index":27,"word":"|","originalText":"|","characterOffsetBegin":483,"characterOffsetEnd":484,"pos":"CD","before":"","after":""},{"index":28,"word":">","originalText":">","characterOffsetBegin":484,"characterOffsetEnd":485,"pos":"JJR","before":"","after":""},{"index":29,"word":"want","originalText":"want","characterOffsetBegin":485,"characterOffsetEnd":489,"pos":"VBP","before":"","after":" "},{"index":30,"word":"all","originalText":"all","characterOffsetBegin":490,"characterOffsetEnd":493,"pos":"PDT","before":" ","after":" "},{"index":31,"word":"the","originalText":"the","characterOffsetBegin":494,"characterOffsetEnd":497,"pos":"DT","before":" ","after":" "},{"index":32,"word":"embellishments","originalText":"embellishments","characterOffsetBegin":498,"characterOffsetEnd":512,"pos":"NNS","before":" ","after":" "},{"index":33,"word":"that","originalText":"that","characterOffsetBegin":513,"characterOffsetEnd":517,"pos":"IN","before":" ","after":" "},{"index":34,"word":"the","originalText":"the","characterOffsetBegin":518,"characterOffsetEnd":521,"pos":"DT","before":" ","after":" "},{"index":35,"word":"window","originalText":"window","characterOffsetBegin":522,"characterOffsetEnd":528,"pos":"NN","before":" ","after":" "},{"index":36,"word":"manager","originalText":"manager","characterOffsetBegin":529,"characterOffsetEnd":536,"pos":"NN","before":" ","after":" "},{"index":37,"word":"gives","originalText":"gives","characterOffsetBegin":537,"characterOffsetEnd":542,"pos":"VBZ","before":" ","after":""},{"index":38,"word":",","originalText":",","characterOffsetBegin":542,"characterOffsetEnd":543,"pos":",","before":"","after":" "},{"index":39,"word":"I","originalText":"I","characterOffsetBegin":544,"characterOffsetEnd":545,"pos":"PRP","before":" ","after":" "},{"index":40,"word":"just","originalText":"just","characterOffsetBegin":546,"characterOffsetEnd":550,"pos":"RB","before":" ","after":""},{"index":41,"word":"|","originalText":"|","characterOffsetBegin":550,"characterOffsetEnd":551,"pos":"VBP","before":"","after":""},{"index":42,"word":">","originalText":">","characterOffsetBegin":551,"characterOffsetEnd":552,"pos":"JJR","before":"","after":""},{"index":43,"word":"want","originalText":"want","characterOffsetBegin":552,"characterOffsetEnd":556,"pos":"VBP","before":"","after":" "},{"index":44,"word":"the","originalText":"the","characterOffsetBegin":557,"characterOffsetEnd":560,"pos":"DT","before":" ","after":" "},{"index":45,"word":"wm","originalText":"wm","characterOffsetBegin":561,"characterOffsetEnd":563,"pos":"NN","before":" ","after":" "},{"index":46,"word":"to","originalText":"to","characterOffsetBegin":564,"characterOffsetEnd":566,"pos":"TO","before":" ","after":" "},{"index":47,"word":"accept","originalText":"accept","characterOffsetBegin":567,"characterOffsetEnd":573,"pos":"VB","before":" ","after":" "},{"index":48,"word":"my","originalText":"my","characterOffsetBegin":574,"characterOffsetEnd":576,"pos":"PRP$","before":" ","after":" "},{"index":49,"word":"choice","originalText":"choice","characterOffsetBegin":577,"characterOffsetEnd":583,"pos":"NN","before":" ","after":" "},{"index":50,"word":"of","originalText":"of","characterOffsetBegin":584,"characterOffsetEnd":586,"pos":"IN","before":" ","after":" "},{"index":51,"word":"location.What","originalText":"location.What","characterOffsetBegin":587,"characterOffsetEnd":600,"pos":"NN","before":" ","after":" "},{"index":52,"word":"``","originalText":"\"","characterOffsetBegin":601,"characterOffsetEnd":602,"pos":"``","before":" ","after":""},{"index":53,"word":"it","originalText":"it","characterOffsetBegin":602,"characterOffsetEnd":604,"pos":"PRP","before":"","after":" "},{"index":54,"word":"may","originalText":"may","characterOffsetBegin":605,"characterOffsetEnd":608,"pos":"MD","before":" ","after":" "},{"index":55,"word":"think","originalText":"think","characterOffsetBegin":609,"characterOffsetEnd":614,"pos":"VB","before":" ","after":" "},{"index":56,"word":"is","originalText":"is","characterOffsetBegin":615,"characterOffsetEnd":617,"pos":"VBZ","before":" ","after":" "},{"index":57,"word":"right","originalText":"right","characterOffsetBegin":618,"characterOffsetEnd":623,"pos":"JJ","before":" ","after":""},{"index":58,"word":"''","originalText":"\"","characterOffsetBegin":623,"characterOffsetEnd":624,"pos":"''","before":"","after":" "},{"index":59,"word":"may","originalText":"may","characterOffsetBegin":625,"characterOffsetEnd":628,"pos":"MD","before":" ","after":" "},{"index":60,"word":"be","originalText":"be","characterOffsetBegin":629,"characterOffsetEnd":631,"pos":"VB","before":" ","after":" "},{"index":61,"word":"exactly","originalText":"exactly","characterOffsetBegin":632,"characterOffsetEnd":639,"pos":"RB","before":" ","after":" "},{"index":62,"word":"what","originalText":"what","characterOffsetBegin":640,"characterOffsetEnd":644,"pos":"WP","before":" ","after":" "},{"index":63,"word":"the","originalText":"the","characterOffsetBegin":645,"characterOffsetEnd":648,"pos":"DT","before":" ","after":" "},{"index":64,"word":"user","originalText":"user","characterOffsetBegin":649,"characterOffsetEnd":653,"pos":"NN","before":" ","after":" "},{"index":65,"word":"wants.Assuming","originalText":"wants.Assuming","characterOffsetBegin":654,"characterOffsetEnd":668,"pos":"NN","before":" ","after":" "},{"index":66,"word":"that","originalText":"that","characterOffsetBegin":669,"characterOffsetEnd":673,"pos":"WDT","before":" ","after":" "},{"index":67,"word":"your","originalText":"your","characterOffsetBegin":674,"characterOffsetEnd":678,"pos":"PRP$","before":" ","after":" "},{"index":68,"word":"application","originalText":"application","characterOffsetBegin":679,"characterOffsetEnd":690,"pos":"NN","before":" ","after":" "},{"index":69,"word":"``","originalText":"\"","characterOffsetBegin":691,"characterOffsetEnd":692,"pos":"``","before":" ","after":""},{"index":70,"word":"has","originalText":"has","characterOffsetBegin":692,"characterOffsetEnd":695,"pos":"VBZ","before":"","after":" "},{"index":71,"word":"reason","originalText":"reason","characterOffsetBegin":696,"characterOffsetEnd":702,"pos":"NN","before":" ","after":" "},{"index":72,"word":"to","originalText":"to","characterOffsetBegin":703,"characterOffsetEnd":705,"pos":"TO","before":" ","after":" "},{"index":73,"word":"know","originalText":"know","characterOffsetBegin":706,"characterOffsetEnd":710,"pos":"VB","before":" ","after":" "},{"index":74,"word":"better","originalText":"better","characterOffsetBegin":711,"characterOffsetEnd":717,"pos":"JJR","before":" ","after":""},{"index":75,"word":"''","originalText":"\"","characterOffsetBegin":717,"characterOffsetEnd":718,"pos":"''","before":"","after":" "},{"index":76,"word":"is","originalText":"is","characterOffsetBegin":719,"characterOffsetEnd":721,"pos":"VBZ","before":" ","after":""},{"index":77,"word":",","originalText":",","characterOffsetBegin":721,"characterOffsetEnd":722,"pos":",","before":"","after":" "},{"index":78,"word":"IMHO,anti-social","originalText":"IMHO,anti-social","characterOffsetBegin":723,"characterOffsetEnd":739,"pos":"JJ","before":" ","after":""},{"index":79,"word":".","originalText":".","characterOffsetBegin":739,"characterOffsetEnd":740,"pos":".","before":"","after":"  "}]},{"index":3,"tokens":[{"index":1,"word":"If","originalText":"If","characterOffsetBegin":742,"characterOffsetEnd":744,"pos":"IN","before":"  ","after":" "},{"index":2,"word":"I","originalText":"I","characterOffsetBegin":745,"characterOffsetEnd":746,"pos":"PRP","before":" ","after":" "},{"index":3,"word":"start","originalText":"start","characterOffsetBegin":747,"characterOffsetEnd":752,"pos":"VBP","before":" ","after":" "},{"index":4,"word":"your","originalText":"your","characterOffsetBegin":753,"characterOffsetEnd":757,"pos":"PRP$","before":" ","after":" "},{"index":5,"word":"application","originalText":"application","characterOffsetBegin":758,"characterOffsetEnd":769,"pos":"NN","before":" ","after":" "},{"index":6,"word":"with","originalText":"with","characterOffsetBegin":770,"characterOffsetEnd":774,"pos":"IN","before":" ","after":" "},{"index":7,"word":"a","originalText":"a","characterOffsetBegin":775,"characterOffsetEnd":776,"pos":"DT","before":" ","after":" "},{"index":8,"word":"-","originalText":"-","characterOffsetBegin":777,"characterOffsetEnd":778,"pos":":","before":" ","after":""},{"index":9,"word":"geometry","originalText":"geometry","characterOffsetBegin":778,"characterOffsetEnd":786,"pos":"NN","before":"","after":" "},{"index":10,"word":"option","originalText":"option","characterOffsetBegin":787,"characterOffsetEnd":793,"pos":"NN","before":" ","after":" "},{"index":11,"word":"areyou","originalText":"areyou","characterOffsetBegin":794,"characterOffsetEnd":800,"pos":"NN","before":" ","after":" "},{"index":12,"word":"going","originalText":"going","characterOffsetBegin":801,"characterOffsetEnd":806,"pos":"VBG","before":" ","after":" "},{"index":13,"word":"to","originalText":"to","characterOffsetBegin":807,"characterOffsetEnd":809,"pos":"TO","before":" ","after":" "},{"index":14,"word":"ignore","originalText":"ignore","characterOffsetBegin":810,"characterOffsetEnd":816,"pos":"VB","before":" ","after":" "},{"index":15,"word":"that","originalText":"that","characterOffsetBegin":817,"characterOffsetEnd":821,"pos":"IN","before":" ","after":" "},{"index":16,"word":"as","originalText":"as","characterOffsetBegin":822,"characterOffsetEnd":824,"pos":"IN","before":" ","after":" "},{"index":17,"word":"well?There","originalText":"well?There","characterOffsetBegin":825,"characterOffsetEnd":835,"pos":"NNP","before":" ","after":""},{"index":18,"word":"'s","originalText":"'s","characterOffsetBegin":835,"characterOffsetEnd":837,"pos":"POS","before":"","after":" "},{"index":19,"word":"really","originalText":"really","characterOffsetBegin":838,"characterOffsetEnd":844,"pos":"RB","before":" ","after":" "},{"index":20,"word":"no","originalText":"no","characterOffsetBegin":845,"characterOffsetEnd":847,"pos":"DT","before":" ","after":" "},{"index":21,"word":"way","originalText":"way","characterOffsetBegin":848,"characterOffsetEnd":851,"pos":"NN","before":" ","after":" "},{"index":22,"word":"to","originalText":"to","characterOffsetBegin":852,"characterOffsetEnd":854,"pos":"TO","before":" ","after":" "},{"index":23,"word":"force","originalText":"force","characterOffsetBegin":855,"characterOffsetEnd":860,"pos":"VB","before":" ","after":" "},{"index":24,"word":"a","originalText":"a","characterOffsetBegin":861,"characterOffsetEnd":862,"pos":"DT","before":" ","after":" "},{"index":25,"word":"window","originalText":"window","characterOffsetBegin":863,"characterOffsetEnd":869,"pos":"NN","before":" ","after":" "},{"index":26,"word":"manager","originalText":"manager","characterOffsetBegin":870,"characterOffsetEnd":877,"pos":"NN","before":" ","after":" "},{"index":27,"word":"to","originalText":"to","characterOffsetBegin":878,"characterOffsetEnd":880,"pos":"TO","before":" ","after":" "},{"index":28,"word":"do","originalText":"do","characterOffsetBegin":881,"characterOffsetEnd":883,"pos":"VB","before":" ","after":" "},{"index":29,"word":"much","originalText":"much","characterOffsetBegin":884,"characterOffsetEnd":888,"pos":"RB","before":" ","after":" "},{"index":30,"word":"of","originalText":"of","characterOffsetBegin":889,"characterOffsetEnd":891,"pos":"IN","before":" ","after":" "},{"index":31,"word":"anythingif","originalText":"anythingif","characterOffsetBegin":892,"characterOffsetEnd":902,"pos":"NN","before":" ","after":" "},{"index":32,"word":"it","originalText":"it","characterOffsetBegin":903,"characterOffsetEnd":905,"pos":"PRP","before":" ","after":""},{"index":33,"word":"'s","originalText":"'s","characterOffsetBegin":905,"characterOffsetEnd":907,"pos":"VBZ","before":"","after":" "},{"index":34,"word":"managing","originalText":"managing","characterOffsetBegin":908,"characterOffsetEnd":916,"pos":"VBG","before":" ","after":" "},{"index":35,"word":"your","originalText":"your","characterOffsetBegin":917,"characterOffsetEnd":921,"pos":"PRP$","before":" ","after":" "},{"index":36,"word":"window","originalText":"window","characterOffsetBegin":922,"characterOffsetEnd":928,"pos":"NN","before":" ","after":""},{"index":37,"word":".","originalText":".","characterOffsetBegin":928,"characterOffsetEnd":929,"pos":".","before":"","after":"  "}]},{"index":4,"tokens":[{"index":1,"word":"You","originalText":"You","characterOffsetBegin":931,"characterOffsetEnd":934,"pos":"PRP","before":"  ","after":" "},{"index":2,"word":"can","originalText":"can","characterOffsetBegin":935,"characterOffsetEnd":938,"pos":"MD","before":" ","after":" "},{"index":3,"word":"ask","originalText":"ask","characterOffsetBegin":939,"characterOffsetEnd":942,"pos":"VB","before":" ","after":""},{"index":4,"word":",","originalText":",","characterOffsetBegin":942,"characterOffsetEnd":943,"pos":",","before":"","after":" "},{"index":5,"word":"you","originalText":"you","characterOffsetBegin":944,"characterOffsetEnd":947,"pos":"PRP","before":" ","after":" "},{"index":6,"word":"can","originalText":"can","characterOffsetBegin":948,"characterOffsetEnd":951,"pos":"MD","before":" ","after":" "},{"index":7,"word":"hint","originalText":"hint","characterOffsetBegin":952,"characterOffsetEnd":956,"pos":"VB","before":" ","after":""},{"index":8,"word":",","originalText":",","characterOffsetBegin":956,"characterOffsetEnd":957,"pos":",","before":"","after":" "},{"index":9,"word":"but","originalText":"but","characterOffsetBegin":958,"characterOffsetEnd":961,"pos":"CC","before":" ","after":" "},{"index":10,"word":"there","originalText":"there","characterOffsetBegin":962,"characterOffsetEnd":967,"pos":"EX","before":" ","after":""},{"index":11,"word":"`","originalText":"'","characterOffsetBegin":967,"characterOffsetEnd":968,"pos":"``","before":"","after":""},{"index":12,"word":"sno","originalText":"sno","characterOffsetBegin":968,"characterOffsetEnd":971,"pos":"NN","before":"","after":" "},{"index":13,"word":"guarantee","originalText":"guarantee","characterOffsetBegin":972,"characterOffsetEnd":981,"pos":"NN","before":" ","after":" "},{"index":14,"word":"that","originalText":"that","characterOffsetBegin":982,"characterOffsetEnd":986,"pos":"IN","before":" ","after":" "},{"index":15,"word":"you","originalText":"you","characterOffsetBegin":987,"characterOffsetEnd":990,"pos":"PRP","before":" ","after":""},{"index":16,"word":"'re","originalText":"'re","characterOffsetBegin":990,"characterOffsetEnd":993,"pos":"VBP","before":"","after":" "},{"index":17,"word":"going","originalText":"going","characterOffsetBegin":994,"characterOffsetEnd":999,"pos":"VBG","before":" ","after":" "},{"index":18,"word":"to","originalText":"to","characterOffsetBegin":1000,"characterOffsetEnd":1002,"pos":"TO","before":" ","after":" "},{"index":19,"word":"get","originalText":"get","characterOffsetBegin":1003,"characterOffsetEnd":1006,"pos":"VB","before":" ","after":" "},{"index":20,"word":"what","originalText":"what","characterOffsetBegin":1007,"characterOffsetEnd":1011,"pos":"WP","before":" ","after":" "},{"index":21,"word":"you","originalText":"you","characterOffsetBegin":1012,"characterOffsetEnd":1015,"pos":"PRP","before":" ","after":" "},{"index":22,"word":"want","originalText":"want","characterOffsetBegin":1016,"characterOffsetEnd":1020,"pos":"VBP","before":" ","after":""},{"index":23,"word":".","originalText":".","characterOffsetBegin":1020,"characterOffsetEnd":1021,"pos":".","before":"","after":""}]},{"index":5,"tokens":[{"index":1,"word":"--","originalText":"--","characterOffsetBegin":1021,"characterOffsetEnd":1023,"pos":":","before":"","after":""},{"index":2,"word":"Tom","originalText":"Tom","characterOffsetBegin":1023,"characterOffsetEnd":1026,"pos":"NNP","before":"","after":" "},{"index":3,"word":"LaStrange","originalText":"LaStrange","characterOffsetBegin":1027,"characterOffsetEnd":1036,"pos":"NNP","before":" ","after":"        "},{"index":4,"word":"toml@boulder.ParcPlace.COM","originalText":"toml@boulder.ParcPlace.COM","characterOffsetBegin":1044,"characterOffsetEnd":1070,"pos":"NN","before":"        ","after":""}]}]}