{"sentences":[{"index":0,"tokens":[{"index":1,"word":"From","originalText":"From","characterOffsetBegin":0,"characterOffsetEnd":4,"pos":"IN","before":"","after":""},{"index":2,"word":":","originalText":":","characterOffsetBegin":4,"characterOffsetEnd":5,"pos":":","before":"","after":" "},{"index":3,"word":"gowen@jade.tufts.edu","originalText":"gowen@jade.tufts.edu","characterOffsetBegin":6,"characterOffsetEnd":26,"pos":"NN","before":" ","after":" "},{"index":4,"word":"-LRB-","originalText":"(","characterOffsetBegin":27,"characterOffsetEnd":28,"pos":"-LRB-","before":" ","after":""},{"index":5,"word":"G.","originalText":"G.","characterOffsetBegin":28,"characterOffsetEnd":30,"pos":"NNP","before":"","after":" "},{"index":6,"word":"Lee","originalText":"Lee","characterOffsetBegin":31,"characterOffsetEnd":34,"pos":"NNP","before":" ","after":" "},{"index":7,"word":"Owen","originalText":"Owen","characterOffsetBegin":35,"characterOffsetEnd":39,"pos":"NNP","before":" ","after":""},{"index":8,"word":"-RRB-","originalText":")","characterOffsetBegin":39,"characterOffsetEnd":40,"pos":"-RRB-","before":"","after":""},{"index":9,"word":"Subject","originalText":"Subject","characterOffsetBegin":40,"characterOffsetEnd":47,"pos":"NNP","before":"","after":""},{"index":10,"word":":","originalText":":","characterOffsetBegin":47,"characterOffsetEnd":48,"pos":":","before":"","after":" "},{"index":11,"word":"Re","originalText":"Re","characterOffsetBegin":49,"characterOffsetEnd":51,"pos":"NNP","before":" ","after":""},{"index":12,"word":":","originalText":":","characterOffsetBegin":51,"characterOffsetEnd":52,"pos":":","before":"","after":" "},{"index":13,"word":"WANTED","originalText":"WANTED","characterOffsetBegin":53,"characterOffsetEnd":59,"pos":"VBD","before":" ","after":""},{"index":14,"word":":","originalText":":","characterOffsetBegin":59,"characterOffsetEnd":60,"pos":":","before":"","after":" "},{"index":15,"word":"Info","originalText":"Info","characterOffsetBegin":61,"characterOffsetEnd":65,"pos":"NN","before":" ","after":" "},{"index":16,"word":"on","originalText":"on","characterOffsetBegin":66,"characterOffsetEnd":68,"pos":"IN","before":" ","after":" "},{"index":17,"word":"Dedicated","originalText":"Dedicated","characterOffsetBegin":69,"characterOffsetEnd":78,"pos":"VBN","before":" ","after":" "},{"index":18,"word":"X","originalText":"X","characterOffsetBegin":79,"characterOffsetEnd":80,"pos":"NN","before":" ","after":" "},{"index":19,"word":"Server","originalText":"Server","characterOffsetBegin":81,"characterOffsetEnd":87,"pos":"NN","before":" ","after":" "},{"index":20,"word":"Kernel","originalText":"Kernel","characterOffsetBegin":88,"characterOffsetEnd":94,"pos":"NNP","before":" ","after":" "},{"index":21,"word":"for","originalText":"for","characterOffsetBegin":95,"characterOffsetEnd":98,"pos":"IN","before":" ","after":" "},{"index":22,"word":"Sun3/100","originalText":"Sun3/100","characterOffsetBegin":99,"characterOffsetEnd":107,"pos":"NNP","before":" ","after":" "},{"index":23,"word":"Series","originalText":"Series","characterOffsetBegin":108,"characterOffsetEnd":114,"pos":"NNP","before":" ","after":""},{"index":24,"word":">","originalText":">","characterOffsetBegin":114,"characterOffsetEnd":115,"pos":"JJR","before":"","after":" "},{"index":25,"word":"If","originalText":"If","characterOffsetBegin":116,"characterOffsetEnd":118,"pos":"IN","before":" ","after":" "},{"index":26,"word":"anyone","originalText":"anyone","characterOffsetBegin":119,"characterOffsetEnd":125,"pos":"NN","before":" ","after":" "},{"index":27,"word":"has","originalText":"has","characterOffsetBegin":126,"characterOffsetEnd":129,"pos":"VBZ","before":" ","after":" "},{"index":28,"word":"any","originalText":"any","characterOffsetBegin":130,"characterOffsetEnd":133,"pos":"DT","before":" ","after":" "},{"index":29,"word":"information","originalText":"information","characterOffsetBegin":134,"characterOffsetEnd":145,"pos":"NN","before":" ","after":" "},{"index":30,"word":"about","originalText":"about","characterOffsetBegin":146,"characterOffsetEnd":151,"pos":"IN","before":" ","after":" "},{"index":31,"word":"the","originalText":"the","characterOffsetBegin":152,"characterOffsetEnd":155,"pos":"DT","before":" ","after":" "},{"index":32,"word":"existence","originalText":"existence","characterOffsetBegin":156,"characterOffsetEnd":165,"pos":"NN","before":" ","after":" "},{"index":33,"word":"or","originalText":"or","characterOffsetBegin":166,"characterOffsetEnd":168,"pos":"CC","before":" ","after":" "},{"index":34,"word":"location","originalText":"location","characterOffsetBegin":169,"characterOffsetEnd":177,"pos":"NN","before":" ","after":" "},{"index":35,"word":"of","originalText":"of","characterOffsetBegin":178,"characterOffsetEnd":180,"pos":"IN","before":" ","after":" "},{"index":36,"word":"a","originalText":"a","characterOffsetBegin":181,"characterOffsetEnd":182,"pos":"DT","before":" ","after":""},{"index":37,"word":">","originalText":">","characterOffsetBegin":182,"characterOffsetEnd":183,"pos":"JJR","before":"","after":" "},{"index":38,"word":"dedicated","originalText":"dedicated","characterOffsetBegin":184,"characterOffsetEnd":193,"pos":"JJ","before":" ","after":" "},{"index":39,"word":"X","originalText":"X","characterOffsetBegin":194,"characterOffsetEnd":195,"pos":"NN","before":" ","after":" "},{"index":40,"word":"server","originalText":"server","characterOffsetBegin":196,"characterOffsetEnd":202,"pos":"NN","before":" ","after":" "},{"index":41,"word":"kernel","originalText":"kernel","characterOffsetBegin":203,"characterOffsetEnd":209,"pos":"NN","before":" ","after":" "},{"index":42,"word":"for","originalText":"for","characterOffsetBegin":210,"characterOffsetEnd":213,"pos":"IN","before":" ","after":" "},{"index":43,"word":"the","originalText":"the","characterOffsetBegin":214,"characterOffsetEnd":217,"pos":"DT","before":" ","after":" "},{"index":44,"word":"Sun3","originalText":"Sun3","characterOffsetBegin":218,"characterOffsetEnd":222,"pos":"NN","before":" ","after":""},{"index":45,"word":",","originalText":",","characterOffsetBegin":222,"characterOffsetEnd":223,"pos":",","before":"","after":" "},{"index":46,"word":"please","originalText":"please","characterOffsetBegin":224,"characterOffsetEnd":230,"pos":"VB","before":" ","after":" "},{"index":47,"word":"send","originalText":"send","characterOffsetBegin":231,"characterOffsetEnd":235,"pos":"VB","before":" ","after":" "},{"index":48,"word":"email","originalText":"email","characterOffsetBegin":236,"characterOffsetEnd":241,"pos":"NN","before":" ","after":""},{"index":49,"word":".","originalText":".","characterOffsetBegin":241,"characterOffsetEnd":242,"pos":".","before":"","after":"  "}]},{"index":1,"tokens":[{"index":1,"word":"I","originalText":"I","characterOffsetBegin":244,"characterOffsetEnd":245,"pos":"PRP","before":"  ","after":" "},{"index":2,"word":"am","originalText":"am","characterOffsetBegin":246,"characterOffsetEnd":248,"pos":"VBP","before":" ","after":""},{"index":3,"word":">","originalText":">","characterOffsetBegin":248,"characterOffsetEnd":249,"pos":"JJR","before":"","after":" "},{"index":4,"word":"trying","originalText":"trying","characterOffsetBegin":250,"characterOffsetEnd":256,"pos":"VBG","before":" ","after":" "},{"index":5,"word":"to","originalText":"to","characterOffsetBegin":257,"characterOffsetEnd":259,"pos":"TO","before":" ","after":" "},{"index":6,"word":"put","originalText":"put","characterOffsetBegin":260,"characterOffsetEnd":263,"pos":"VB","before":" ","after":" "},{"index":7,"word":"some","originalText":"some","characterOffsetBegin":264,"characterOffsetEnd":268,"pos":"DT","before":" ","after":" "},{"index":8,"word":"neglected","originalText":"neglected","characterOffsetBegin":269,"characterOffsetEnd":278,"pos":"VBN","before":" ","after":" "},{"index":9,"word":"Sun3s","originalText":"Sun3s","characterOffsetBegin":279,"characterOffsetEnd":284,"pos":"NNS","before":" ","after":" "},{"index":10,"word":"to","originalText":"to","characterOffsetBegin":285,"characterOffsetEnd":287,"pos":"TO","before":" ","after":" "},{"index":11,"word":"good","originalText":"good","characterOffsetBegin":288,"characterOffsetEnd":292,"pos":"JJ","before":" ","after":" "},{"index":12,"word":"use","originalText":"use","characterOffsetBegin":293,"characterOffsetEnd":296,"pos":"NN","before":" ","after":" "},{"index":13,"word":"but","originalText":"but","characterOffsetBegin":297,"characterOffsetEnd":300,"pos":"CC","before":" ","after":" "},{"index":14,"word":"they","originalText":"they","characterOffsetBegin":301,"characterOffsetEnd":305,"pos":"PRP","before":" ","after":" "},{"index":15,"word":"do","originalText":"do","characterOffsetBegin":306,"characterOffsetEnd":308,"pos":"VBP","before":" ","after":""},{"index":16,"word":"n't","originalText":"n't","characterOffsetBegin":308,"characterOffsetEnd":311,"pos":"RB","before":"","after":" "},{"index":17,"word":"have","originalText":"have","characterOffsetBegin":312,"characterOffsetEnd":316,"pos":"VB","before":" ","after":""},{"index":18,"word":">","originalText":">","characterOffsetBegin":316,"characterOffsetEnd":317,"pos":"JJR","before":"","after":" "},{"index":19,"word":"enough","originalText":"enough","characterOffsetBegin":318,"characterOffsetEnd":324,"pos":"JJ","before":" ","after":" "},{"index":20,"word":"memory","originalText":"memory","characterOffsetBegin":325,"characterOffsetEnd":331,"pos":"NN","before":" ","after":" "},{"index":21,"word":"for","originalText":"for","characterOffsetBegin":332,"characterOffsetEnd":335,"pos":"IN","before":" ","after":" "},{"index":22,"word":"SunOS","originalText":"SunOS","characterOffsetBegin":336,"characterOffsetEnd":341,"pos":"NN","before":" ","after":" "},{"index":23,"word":"4.1.1","originalText":"4.1.1","characterOffsetBegin":342,"characterOffsetEnd":347,"pos":"CD","before":" ","after":""},{"index":24,"word":".","originalText":".","characterOffsetBegin":347,"characterOffsetEnd":348,"pos":".","before":"","after":"  "}]},{"index":2,"tokens":[{"index":1,"word":"Thanks","originalText":"Thanks","characterOffsetBegin":350,"characterOffsetEnd":356,"pos":"NNS","before":"  ","after":" "},{"index":2,"word":"in","originalText":"in","characterOffsetBegin":357,"characterOffsetEnd":359,"pos":"IN","before":" ","after":" "},{"index":3,"word":"advance","originalText":"advance","characterOffsetBegin":360,"characterOffsetEnd":367,"pos":"NN","before":" ","after":" "},{"index":4,"word":"for","originalText":"for","characterOffsetBegin":368,"characterOffsetEnd":371,"pos":"IN","before":" ","after":" "},{"index":5,"word":"any","originalText":"any","characterOffsetBegin":372,"characterOffsetEnd":375,"pos":"DT","before":" ","after":" "},{"index":6,"word":"help","originalText":"help","characterOffsetBegin":376,"characterOffsetEnd":380,"pos":"NN","before":" ","after":""},{"index":7,"word":".","originalText":".","characterOffsetBegin":380,"characterOffsetEnd":381,"pos":".","before":"","after":"\t"}]},{"index":3,"tokens":[{"index":1,"word":"There","originalText":"There","characterOffsetBegin":382,"characterOffsetEnd":387,"pos":"EX","before":"\t","after":" "},{"index":2,"word":"is","originalText":"is","characterOffsetBegin":388,"characterOffsetEnd":390,"pos":"VBZ","before":" ","after":" "},{"index":3,"word":"a","originalText":"a","characterOffsetBegin":391,"characterOffsetEnd":392,"pos":"DT","before":" ","after":" "},{"index":4,"word":"free","originalText":"free","characterOffsetBegin":393,"characterOffsetEnd":397,"pos":"JJ","before":" ","after":" "},{"index":5,"word":"program","originalText":"program","characterOffsetBegin":398,"characterOffsetEnd":405,"pos":"NN","before":" ","after":" "},{"index":6,"word":"called","originalText":"called","characterOffsetBegin":406,"characterOffsetEnd":412,"pos":"VBN","before":" ","after":" "},{"index":7,"word":"`","originalText":"'","characterOffsetBegin":413,"characterOffsetEnd":414,"pos":"``","before":" ","after":""},{"index":8,"word":"xkernel","originalText":"xkernel","characterOffsetBegin":414,"characterOffsetEnd":421,"pos":"NN","before":"","after":""},{"index":9,"word":"'","originalText":"'","characterOffsetBegin":421,"characterOffsetEnd":422,"pos":"''","before":"","after":" "},{"index":10,"word":"which","originalText":"which","characterOffsetBegin":423,"characterOffsetEnd":428,"pos":"WDT","before":" ","after":" "},{"index":11,"word":"does","originalText":"does","characterOffsetBegin":429,"characterOffsetEnd":433,"pos":"VBZ","before":" ","after":" "},{"index":12,"word":"just","originalText":"just","characterOffsetBegin":434,"characterOffsetEnd":438,"pos":"RB","before":" ","after":" "},{"index":13,"word":"that.It","originalText":"that.It","characterOffsetBegin":439,"characterOffsetEnd":446,"pos":"NN","before":" ","after":" "},{"index":14,"word":"is","originalText":"is","characterOffsetBegin":447,"characterOffsetEnd":449,"pos":"VBZ","before":" ","after":" "},{"index":15,"word":"by","originalText":"by","characterOffsetBegin":450,"characterOffsetEnd":452,"pos":"IN","before":" ","after":" "},{"index":16,"word":"Seth","originalText":"Seth","characterOffsetBegin":453,"characterOffsetEnd":457,"pos":"NNP","before":" ","after":" "},{"index":17,"word":"Robertson","originalText":"Robertson","characterOffsetBegin":458,"characterOffsetEnd":467,"pos":"NNP","before":" ","after":" "},{"index":18,"word":"-LRB-","originalText":"(","characterOffsetBegin":468,"characterOffsetEnd":469,"pos":"-LRB-","before":" ","after":""},{"index":19,"word":"seth@ctr.columbia.edu","originalText":"seth@ctr.columbia.edu","characterOffsetBegin":469,"characterOffsetEnd":490,"pos":"NN","before":"","after":""},{"index":20,"word":"-RRB-","originalText":")","characterOffsetBegin":490,"characterOffsetEnd":491,"pos":"-RRB-","before":"","after":""},{"index":21,"word":".","originalText":".","characterOffsetBegin":491,"characterOffsetEnd":492,"pos":".","before":"","after":"  "}]},{"index":4,"tokens":[{"index":1,"word":"It","originalText":"It","characterOffsetBegin":494,"characterOffsetEnd":496,"pos":"PRP","before":"  ","after":" "},{"index":2,"word":"takes","originalText":"takes","characterOffsetBegin":497,"characterOffsetEnd":502,"pos":"VBZ","before":" ","after":" "},{"index":3,"word":"a","originalText":"a","characterOffsetBegin":503,"characterOffsetEnd":504,"pos":"DT","before":" ","after":" "},{"index":4,"word":"sun","originalText":"sun","characterOffsetBegin":505,"characterOffsetEnd":508,"pos":"NN","before":" ","after":" "},{"index":5,"word":"3","originalText":"3","characterOffsetBegin":509,"characterOffsetEnd":510,"pos":"CD","before":" ","after":" "},{"index":6,"word":"andboots","originalText":"andboots","characterOffsetBegin":511,"characterOffsetEnd":519,"pos":"VBZ","before":" ","after":" "},{"index":7,"word":"a","originalText":"a","characterOffsetBegin":520,"characterOffsetEnd":521,"pos":"DT","before":" ","after":" "},{"index":8,"word":"limited","originalText":"limited","characterOffsetBegin":522,"characterOffsetEnd":529,"pos":"JJ","before":" ","after":" "},{"index":9,"word":"kernel","originalText":"kernel","characterOffsetBegin":530,"characterOffsetEnd":536,"pos":"NN","before":" ","after":" "},{"index":10,"word":"which","originalText":"which","characterOffsetBegin":537,"characterOffsetEnd":542,"pos":"WDT","before":" ","after":" "},{"index":11,"word":"allows","originalText":"allows","characterOffsetBegin":543,"characterOffsetEnd":549,"pos":"VBZ","before":" ","after":" "},{"index":12,"word":"you","originalText":"you","characterOffsetBegin":550,"characterOffsetEnd":553,"pos":"PRP","before":" ","after":" "},{"index":13,"word":"to","originalText":"to","characterOffsetBegin":554,"characterOffsetEnd":556,"pos":"TO","before":" ","after":" "},{"index":14,"word":"run","originalText":"run","characterOffsetBegin":557,"characterOffsetEnd":560,"pos":"VB","before":" ","after":" "},{"index":15,"word":"X","originalText":"X","characterOffsetBegin":561,"characterOffsetEnd":562,"pos":"NN","before":" ","after":""},{"index":16,"word":".","originalText":".","characterOffsetBegin":562,"characterOffsetEnd":563,"pos":".","before":"","after":"  "}]},{"index":5,"tokens":[{"index":1,"word":"We","originalText":"We","characterOffsetBegin":565,"characterOffsetEnd":567,"pos":"PRP","before":"  ","after":" "},{"index":2,"word":"converted","originalText":"converted","characterOffsetBegin":568,"characterOffsetEnd":577,"pos":"VBD","before":" ","after":" "},{"index":3,"word":"4machines","originalText":"4machines","characterOffsetBegin":578,"characterOffsetEnd":587,"pos":"NNS","before":" ","after":" "},{"index":4,"word":"over","originalText":"over","characterOffsetBegin":588,"characterOffsetEnd":592,"pos":"IN","before":" ","after":" "},{"index":5,"word":"this","originalText":"this","characterOffsetBegin":593,"characterOffsetEnd":597,"pos":"DT","before":" ","after":" "},{"index":6,"word":"semester","originalText":"semester","characterOffsetBegin":598,"characterOffsetEnd":606,"pos":"NN","before":" ","after":" "},{"index":7,"word":"and","originalText":"and","characterOffsetBegin":607,"characterOffsetEnd":610,"pos":"CC","before":" ","after":" "},{"index":8,"word":"the","originalText":"the","characterOffsetBegin":611,"characterOffsetEnd":614,"pos":"DT","before":" ","after":" "},{"index":9,"word":"speedup","originalText":"speedup","characterOffsetBegin":615,"characterOffsetEnd":622,"pos":"NN","before":" ","after":" "},{"index":10,"word":"is","originalText":"is","characterOffsetBegin":623,"characterOffsetEnd":625,"pos":"VBZ","before":" ","after":" "},{"index":11,"word":"enormously","originalText":"enormously","characterOffsetBegin":626,"characterOffsetEnd":636,"pos":"RB","before":" ","after":" "},{"index":12,"word":"appreciable","originalText":"appreciable","characterOffsetBegin":637,"characterOffsetEnd":648,"pos":"JJ","before":" ","after":""},{"index":13,"word":"--","originalText":"--","characterOffsetBegin":648,"characterOffsetEnd":650,"pos":":","before":"","after":" "},{"index":14,"word":"I","originalText":"I","characterOffsetBegin":651,"characterOffsetEnd":652,"pos":"PRP","before":" ","after":" "},{"index":15,"word":"find","originalText":"find","characterOffsetBegin":653,"characterOffsetEnd":657,"pos":"VBP","before":" ","after":" "},{"index":16,"word":"them","originalText":"them","characterOffsetBegin":658,"characterOffsetEnd":662,"pos":"PRP","before":" ","after":" "},{"index":17,"word":"faster","originalText":"faster","characterOffsetBegin":663,"characterOffsetEnd":669,"pos":"JJR","before":" ","after":" "},{"index":18,"word":"than","originalText":"than","characterOffsetBegin":670,"characterOffsetEnd":674,"pos":"IN","before":" ","after":" "},{"index":19,"word":"an","originalText":"an","characterOffsetBegin":675,"characterOffsetEnd":677,"pos":"DT","before":" ","after":" "},{"index":20,"word":"NCD","originalText":"NCD","characterOffsetBegin":678,"characterOffsetEnd":681,"pos":"NN","before":" ","after":" "},{"index":21,"word":"15inch","originalText":"15inch","characterOffsetBegin":682,"characterOffsetEnd":688,"pos":"JJ","before":" ","after":" "},{"index":22,"word":"black","originalText":"black","characterOffsetBegin":689,"characterOffsetEnd":694,"pos":"JJ","before":" ","after":""},{"index":23,"word":"&","originalText":"&","characterOffsetBegin":694,"characterOffsetEnd":695,"pos":"CC","before":"","after":""},{"index":24,"word":"white","originalText":"white","characterOffsetBegin":695,"characterOffsetEnd":700,"pos":"JJ","before":"","after":" "},{"index":25,"word":"XTerminal","originalText":"XTerminal","characterOffsetBegin":701,"characterOffsetEnd":710,"pos":"NN","before":" ","after":" "},{"index":26,"word":"that","originalText":"that","characterOffsetBegin":711,"characterOffsetEnd":715,"pos":"WDT","before":" ","after":" "},{"index":27,"word":"weare","originalText":"weare","characterOffsetBegin":716,"characterOffsetEnd":721,"pos":"VBP","before":" ","after":" "},{"index":28,"word":"playing","originalText":"playing","characterOffsetBegin":722,"characterOffsetEnd":729,"pos":"VBG","before":" ","after":" "},{"index":29,"word":"with","originalText":"with","characterOffsetBegin":730,"characterOffsetEnd":734,"pos":"IN","before":" ","after":""},{"index":30,"word":",","originalText":",","characterOffsetBegin":734,"characterOffsetEnd":735,"pos":",","before":"","after":" "},{"index":31,"word":"and","originalText":"and","characterOffsetBegin":736,"characterOffsetEnd":739,"pos":"CC","before":" ","after":" "},{"index":32,"word":"a","originalText":"a","characterOffsetBegin":740,"characterOffsetEnd":741,"pos":"DT","before":" ","after":" "},{"index":33,"word":"bigger","originalText":"bigger","characterOffsetBegin":742,"characterOffsetEnd":748,"pos":"JJR","before":" ","after":" "},{"index":34,"word":"screen","originalText":"screen","characterOffsetBegin":749,"characterOffsetEnd":755,"pos":"NN","before":" ","after":" "},{"index":35,"word":"to","originalText":"to","characterOffsetBegin":756,"characterOffsetEnd":758,"pos":"TO","before":" ","after":" "},{"index":36,"word":"boot","originalText":"boot","characterOffsetBegin":759,"characterOffsetEnd":763,"pos":"NN","before":" ","after":""},{"index":37,"word":"!","originalText":"!","characterOffsetBegin":763,"characterOffsetEnd":764,"pos":".","before":"","after":"  "}]},{"index":6,"tokens":[{"index":1,"word":"As","originalText":"As","characterOffsetBegin":766,"characterOffsetEnd":768,"pos":"IN","before":"  ","after":" "},{"index":2,"word":"a","originalText":"a","characterOffsetBegin":769,"characterOffsetEnd":770,"pos":"DT","before":" ","after":" "},{"index":3,"word":"matter","originalText":"matter","characterOffsetBegin":771,"characterOffsetEnd":777,"pos":"NN","before":" ","after":" "},{"index":4,"word":"of","originalText":"of","characterOffsetBegin":778,"characterOffsetEnd":780,"pos":"IN","before":" ","after":" "},{"index":5,"word":"fact","originalText":"fact","characterOffsetBegin":781,"characterOffsetEnd":785,"pos":"NN","before":" ","after":""},{"index":6,"word":",","originalText":",","characterOffsetBegin":785,"characterOffsetEnd":786,"pos":",","before":"","after":""},{"index":7,"word":"the","originalText":"the","characterOffsetBegin":786,"characterOffsetEnd":789,"pos":"DT","before":"","after":" "},{"index":8,"word":"department","originalText":"department","characterOffsetBegin":790,"characterOffsetEnd":800,"pos":"NN","before":" ","after":" "},{"index":9,"word":"just","originalText":"just","characterOffsetBegin":801,"characterOffsetEnd":805,"pos":"RB","before":" ","after":" "},{"index":10,"word":"bought","originalText":"bought","characterOffsetBegin":806,"characterOffsetEnd":812,"pos":"VBD","before":" ","after":" "},{"index":11,"word":"some","originalText":"some","characterOffsetBegin":813,"characterOffsetEnd":817,"pos":"DT","before":" ","after":" "},{"index":12,"word":"old","originalText":"old","characterOffsetBegin":818,"characterOffsetEnd":821,"pos":"JJ","before":" ","after":" "},{"index":13,"word":"sun3s","originalText":"sun3s","characterOffsetBegin":822,"characterOffsetEnd":827,"pos":"NNS","before":" ","after":" "},{"index":14,"word":"at","originalText":"at","characterOffsetBegin":828,"characterOffsetEnd":830,"pos":"IN","before":" ","after":" "},{"index":15,"word":"an","originalText":"an","characterOffsetBegin":831,"characterOffsetEnd":833,"pos":"DT","before":" ","after":" "},{"index":16,"word":"auction","originalText":"auction","characterOffsetBegin":834,"characterOffsetEnd":841,"pos":"NN","before":" ","after":" "},{"index":17,"word":"to","originalText":"to","characterOffsetBegin":842,"characterOffsetEnd":844,"pos":"TO","before":" ","after":" "},{"index":18,"word":"convert","originalText":"convert","characterOffsetBegin":845,"characterOffsetEnd":852,"pos":"VB","before":" ","after":""},{"index":19,"word":"!","originalText":"!","characterOffsetBegin":852,"characterOffsetEnd":853,"pos":".","before":"","after":""},{"index":20,"word":"-RCB-","originalText":"}","characterOffsetBegin":853,"characterOffsetEnd":854,"pos":"-RRB-","before":"","after":" "}]},{"index":7,"tokens":[{"index":1,"word":"Xkernel","originalText":"Xkernel","characterOffsetBegin":855,"characterOffsetEnd":862,"pos":"NNP","before":" ","after":" "},{"index":2,"word":"is","originalText":"is","characterOffsetBegin":863,"characterOffsetEnd":865,"pos":"VBZ","before":" ","after":" "},{"index":3,"word":"available","originalText":"available","characterOffsetBegin":866,"characterOffsetEnd":875,"pos":"JJ","before":" ","after":" "},{"index":4,"word":"for","originalText":"for","characterOffsetBegin":876,"characterOffsetEnd":879,"pos":"IN","before":" ","after":" "},{"index":5,"word":"anonymous","originalText":"anonymous","characterOffsetBegin":880,"characterOffsetEnd":889,"pos":"JJ","before":" ","after":" "},{"index":6,"word":"ftp","originalText":"ftp","characterOffsetBegin":890,"characterOffsetEnd":893,"pos":"NN","before":" ","after":" "},{"index":7,"word":"from","originalText":"from","characterOffsetBegin":894,"characterOffsetEnd":898,"pos":"IN","before":" ","after":" "},{"index":8,"word":"ftp.ctr.columbia.edu","originalText":"ftp.ctr.columbia.edu","characterOffsetBegin":899,"characterOffsetEnd":919,"pos":"NN","before":" ","after":""},{"index":9,"word":"-RCB-","originalText":"}","characterOffsetBegin":919,"characterOffsetEnd":920,"pos":"-RRB-","before":"","after":" "},{"index":10,"word":"-LSB-","originalText":"[","characterOffsetBegin":921,"characterOffsetEnd":922,"pos":"-LRB-","before":" ","after":""},{"index":11,"word":"128.59.64.40","originalText":"128.59.64.40","characterOffsetBegin":922,"characterOffsetEnd":934,"pos":"CD","before":"","after":""},{"index":12,"word":"-RSB-","originalText":"]","characterOffsetBegin":934,"characterOffsetEnd":935,"pos":"-RRB-","before":"","after":" "},{"index":13,"word":"in","originalText":"in","characterOffsetBegin":936,"characterOffsetEnd":938,"pos":"IN","before":" ","after":" "},{"index":14,"word":"/","originalText":"/","characterOffsetBegin":939,"characterOffsetEnd":940,"pos":":","before":" ","after":""},{"index":15,"word":"Xkernel/Xkernel","originalText":"Xkernel/Xkernel","characterOffsetBegin":940,"characterOffsetEnd":955,"pos":"NNP","before":"","after":""},{"index":16,"word":".","originalText":".","characterOffsetBegin":955,"characterOffsetEnd":956,"pos":".","before":"","after":""}]},{"index":8,"tokens":[{"index":1,"word":"shar","originalText":"shar","characterOffsetBegin":956,"characterOffsetEnd":960,"pos":"NN","before":"","after":" "},{"index":2,"word":"-LRB-","originalText":"(","characterOffsetBegin":961,"characterOffsetEnd":962,"pos":"-LRB-","before":" ","after":""},{"index":3,"word":"/","originalText":"/","characterOffsetBegin":962,"characterOffsetEnd":963,"pos":":","before":"","after":""},{"index":4,"word":"Xkernel","originalText":"Xkernel","characterOffsetBegin":963,"characterOffsetEnd":970,"pos":"NNP","before":"","after":" "},{"index":5,"word":"is","originalText":"is","characterOffsetBegin":971,"characterOffsetEnd":973,"pos":"VBZ","before":" ","after":" "},{"index":6,"word":"a","originalText":"a","characterOffsetBegin":974,"characterOffsetEnd":975,"pos":"DT","before":" ","after":" "},{"index":7,"word":"symlink","originalText":"symlink","characterOffsetBegin":976,"characterOffsetEnd":983,"pos":"NN","before":" ","after":" "},{"index":8,"word":"to","originalText":"to","characterOffsetBegin":984,"characterOffsetEnd":986,"pos":"TO","before":" ","after":" "},{"index":9,"word":"the","originalText":"the","characterOffsetBegin":987,"characterOffsetEnd":990,"pos":"DT","before":" ","after":""},{"index":10,"word":"-RCB-","originalText":"}","characterOffsetBegin":990,"characterOffsetEnd":991,"pos":"-RRB-","before":"","after":" "},{"index":11,"word":"latest","originalText":"latest","characterOffsetBegin":992,"characterOffsetEnd":998,"pos":"JJS","before":" ","after":" "},{"index":12,"word":"version","originalText":"version","characterOffsetBegin":999,"characterOffsetEnd":1006,"pos":"NN","before":" ","after":" "},{"index":13,"word":"of","originalText":"of","characterOffsetBegin":1007,"characterOffsetEnd":1009,"pos":"IN","before":" ","after":" "},{"index":14,"word":"Xkernel","originalText":"Xkernel","characterOffsetBegin":1010,"characterOffsetEnd":1017,"pos":"NN","before":" ","after":""},{"index":15,"word":"-RRB-","originalText":")","characterOffsetBegin":1017,"characterOffsetEnd":1018,"pos":"-RRB-","before":"","after":"\t"},{"index":16,"word":"Note","originalText":"Note","characterOffsetBegin":1019,"characterOffsetEnd":1023,"pos":"VBP","before":"\t","after":" "},{"index":17,"word":"that","originalText":"that","characterOffsetBegin":1024,"characterOffsetEnd":1028,"pos":"IN","before":" ","after":" "},{"index":18,"word":"the","originalText":"the","characterOffsetBegin":1029,"characterOffsetEnd":1032,"pos":"DT","before":" ","after":" "},{"index":19,"word":"compiled","originalText":"compiled","characterOffsetBegin":1033,"characterOffsetEnd":1041,"pos":"VBN","before":" ","after":" "},{"index":20,"word":"version","originalText":"version","characterOffsetBegin":1042,"characterOffsetEnd":1049,"pos":"NN","before":" ","after":" "},{"index":21,"word":"which","originalText":"which","characterOffsetBegin":1050,"characterOffsetEnd":1055,"pos":"WDT","before":" ","after":" "},{"index":22,"word":"is","originalText":"is","characterOffsetBegin":1056,"characterOffsetEnd":1058,"pos":"VBZ","before":" ","after":" "},{"index":23,"word":"available","originalText":"available","characterOffsetBegin":1059,"characterOffsetEnd":1068,"pos":"JJ","before":" ","after":" "},{"index":24,"word":"is","originalText":"is","characterOffsetBegin":1069,"characterOffsetEnd":1071,"pos":"VBZ","before":" ","after":" "},{"index":25,"word":"for","originalText":"for","characterOffsetBegin":1072,"characterOffsetEnd":1075,"pos":"IN","before":" ","after":" "},{"index":26,"word":"thesun","originalText":"thesun","characterOffsetBegin":1076,"characterOffsetEnd":1082,"pos":"NN","before":" ","after":" "},{"index":27,"word":"3/50","originalText":"3/50","characterOffsetBegin":1083,"characterOffsetEnd":1087,"pos":"CD","before":" ","after":""},{"index":28,"word":",","originalText":",","characterOffsetBegin":1087,"characterOffsetEnd":1088,"pos":",","before":"","after":" "},{"index":29,"word":"but","originalText":"but","characterOffsetBegin":1089,"characterOffsetEnd":1092,"pos":"CC","before":" ","after":" "},{"index":30,"word":"compiling","originalText":"compiling","characterOffsetBegin":1093,"characterOffsetEnd":1102,"pos":"VBG","before":" ","after":" "},{"index":31,"word":"to","originalText":"to","characterOffsetBegin":1103,"characterOffsetEnd":1105,"pos":"TO","before":" ","after":" "},{"index":32,"word":"work","originalText":"work","characterOffsetBegin":1106,"characterOffsetEnd":1110,"pos":"VB","before":" ","after":" "},{"index":33,"word":"for","originalText":"for","characterOffsetBegin":1111,"characterOffsetEnd":1114,"pos":"IN","before":" ","after":" "},{"index":34,"word":"a","originalText":"a","characterOffsetBegin":1115,"characterOffsetEnd":1116,"pos":"DT","before":" ","after":" "},{"index":35,"word":"sun","originalText":"sun","characterOffsetBegin":1117,"characterOffsetEnd":1120,"pos":"NN","before":" ","after":" "},{"index":36,"word":"3/1xx","originalText":"3/1xx","characterOffsetBegin":1121,"characterOffsetEnd":1126,"pos":"NN","before":" ","after":" "},{"index":37,"word":"should","originalText":"should","characterOffsetBegin":1127,"characterOffsetEnd":1133,"pos":"MD","before":" ","after":" "},{"index":38,"word":"be","originalText":"be","characterOffsetBegin":1134,"characterOffsetEnd":1136,"pos":"VB","before":" ","after":" "},{"index":39,"word":"quite","originalText":"quite","characterOffsetBegin":1137,"characterOffsetEnd":1142,"pos":"RB","before":" ","after":" "},{"index":40,"word":"easy","originalText":"easy","characterOffsetBegin":1143,"characterOffsetEnd":1147,"pos":"JJ","before":" ","after":""},{"index":41,"word":".","originalText":".","characterOffsetBegin":1147,"characterOffsetEnd":1148,"pos":".","before":"","after":"\t"}]},{"index":9,"tokens":[{"index":1,"word":"I","originalText":"I","characterOffsetBegin":1149,"characterOffsetEnd":1150,"pos":"PRP","before":"\t","after":" "},{"index":2,"word":"am","originalText":"am","characterOffsetBegin":1151,"characterOffsetEnd":1153,"pos":"VBP","before":" ","after":" "},{"index":3,"word":"not","originalText":"not","characterOffsetBegin":1154,"characterOffsetEnd":1157,"pos":"RB","before":" ","after":" "},{"index":4,"word":"connected","originalText":"connected","characterOffsetBegin":1158,"characterOffsetEnd":1167,"pos":"VBN","before":" ","after":" "},{"index":5,"word":"with","originalText":"with","characterOffsetBegin":1168,"characterOffsetEnd":1172,"pos":"IN","before":" ","after":" "},{"index":6,"word":"xkernel","originalText":"xkernel","characterOffsetBegin":1173,"characterOffsetEnd":1180,"pos":"NN","before":" ","after":" "},{"index":7,"word":"except","originalText":"except","characterOffsetBegin":1181,"characterOffsetEnd":1187,"pos":"IN","before":" ","after":" "},{"index":8,"word":"as","originalText":"as","characterOffsetBegin":1188,"characterOffsetEnd":1190,"pos":"IN","before":" ","after":" "},{"index":9,"word":"a","originalText":"a","characterOffsetBegin":1191,"characterOffsetEnd":1192,"pos":"DT","before":" ","after":" "},{"index":10,"word":"satisfiedinstaller","originalText":"satisfiedinstaller","characterOffsetBegin":1193,"characterOffsetEnd":1211,"pos":"NN","before":" ","after":" "},{"index":11,"word":"and","originalText":"and","characterOffsetBegin":1212,"characterOffsetEnd":1215,"pos":"CC","before":" ","after":" "},{"index":12,"word":"user","originalText":"user","characterOffsetBegin":1216,"characterOffsetEnd":1220,"pos":"NN","before":" ","after":" "},{"index":13,"word":"8","originalText":"8","characterOffsetBegin":1221,"characterOffsetEnd":1222,"pos":"CD","before":" ","after":""},{"index":14,"word":"-RRB-","originalText":")","characterOffsetBegin":1222,"characterOffsetEnd":1223,"pos":"-RRB-","before":"","after":""},{"index":15,"word":".","originalText":".","characterOffsetBegin":1223,"characterOffsetEnd":1224,"pos":".","before":"","after":"  "}]},{"index":10,"tokens":[{"index":1,"word":"I","originalText":"I","characterOffsetBegin":1226,"characterOffsetEnd":1227,"pos":"PRP","before":"  ","after":" "},{"index":2,"word":"may","originalText":"may","characterOffsetBegin":1228,"characterOffsetEnd":1231,"pos":"MD","before":" ","after":" "},{"index":3,"word":"be","originalText":"be","characterOffsetBegin":1232,"characterOffsetEnd":1234,"pos":"VB","before":" ","after":" "},{"index":4,"word":"able","originalText":"able","characterOffsetBegin":1235,"characterOffsetEnd":1239,"pos":"JJ","before":" ","after":" "},{"index":5,"word":"to","originalText":"to","characterOffsetBegin":1240,"characterOffsetEnd":1242,"pos":"TO","before":" ","after":" "},{"index":6,"word":"answer","originalText":"answer","characterOffsetBegin":1243,"characterOffsetEnd":1249,"pos":"VB","before":" ","after":" "},{"index":7,"word":"questions","originalText":"questions","characterOffsetBegin":1250,"characterOffsetEnd":1259,"pos":"NNS","before":" ","after":""},{"index":8,"word":";","originalText":";","characterOffsetBegin":1259,"characterOffsetEnd":1260,"pos":":","before":"","after":" "},{"index":9,"word":"feel","originalText":"feel","characterOffsetBegin":1261,"characterOffsetEnd":1265,"pos":"VB","before":" ","after":" "},{"index":10,"word":"freeto","originalText":"freeto","characterOffsetBegin":1266,"characterOffsetEnd":1272,"pos":"JJ","before":" ","after":" "},{"index":11,"word":"email","originalText":"email","characterOffsetBegin":1273,"characterOffsetEnd":1278,"pos":"NN","before":" ","after":" "},{"index":12,"word":"me","originalText":"me","characterOffsetBegin":1279,"characterOffsetEnd":1281,"pos":"PRP","before":" ","after":""},{"index":13,"word":".","originalText":".","characterOffsetBegin":1281,"characterOffsetEnd":1282,"pos":".","before":"","after":"  "}]},{"index":11,"tokens":[{"index":1,"word":"Greg","originalText":"Greg","characterOffsetBegin":1284,"characterOffsetEnd":1288,"pos":"NNP","before":"  ","after":" "},{"index":2,"word":"Owen","originalText":"Owen","characterOffsetBegin":1289,"characterOffsetEnd":1293,"pos":"NNP","before":" ","after":"  "},{"index":3,"word":"-LCB-","originalText":"{","characterOffsetBegin":1295,"characterOffsetEnd":1296,"pos":"-LRB-","before":"  ","after":" "},{"index":4,"word":"gowen@forte.cs.tufts.edu,","originalText":"gowen@forte.cs.tufts.edu,","characterOffsetBegin":1297,"characterOffsetEnd":1322,"pos":"NN","before":" ","after":" "},{"index":5,"word":"gowen@jade.tufts.edu","originalText":"gowen@jade.tufts.edu","characterOffsetBegin":1323,"characterOffsetEnd":1343,"pos":"NN","before":" ","after":" "},{"index":6,"word":"-RCB-","originalText":"}","characterOffsetBegin":1344,"characterOffsetEnd":1345,"pos":"-RRB-","before":" ","after":""},{"index":7,"word":"Systems","originalText":"Systems","characterOffsetBegin":1345,"characterOffsetEnd":1352,"pos":"NNPS","before":"","after":" "},{"index":8,"word":"Programmer","originalText":"Programmer","characterOffsetBegin":1353,"characterOffsetEnd":1363,"pos":"NNP","before":" ","after":" "},{"index":9,"word":"and","originalText":"and","characterOffsetBegin":1364,"characterOffsetEnd":1367,"pos":"CC","before":" ","after":" "},{"index":10,"word":"TA","originalText":"TA","characterOffsetBegin":1368,"characterOffsetEnd":1370,"pos":"NNP","before":" ","after":""},{"index":11,"word":",","originalText":",","characterOffsetBegin":1370,"characterOffsetEnd":1371,"pos":",","before":"","after":" "},{"index":12,"word":"Tufts","originalText":"Tufts","characterOffsetBegin":1372,"characterOffsetEnd":1377,"pos":"NNP","before":" ","after":" "},{"index":13,"word":"University","originalText":"University","characterOffsetBegin":1378,"characterOffsetEnd":1388,"pos":"NNP","before":" ","after":" "},{"index":14,"word":"Computer","originalText":"Computer","characterOffsetBegin":1389,"characterOffsetEnd":1397,"pos":"NNP","before":" ","after":" "},{"index":15,"word":"Science","originalText":"Science","characterOffsetBegin":1398,"characterOffsetEnd":1405,"pos":"NNP","before":" ","after":" "},{"index":16,"word":"Dept.","originalText":"Dept.","characterOffsetBegin":1406,"characterOffsetEnd":1411,"pos":"NNP","before":" ","after":"  "},{"index":17,"word":"230","originalText":"230","characterOffsetBegin":1413,"characterOffsetEnd":1416,"pos":"CD","before":"  ","after":""},{"index":18,"word":"-","originalText":"-","characterOffsetBegin":1416,"characterOffsetEnd":1417,"pos":":","before":"","after":"   "},{"index":19,"word":"All","originalText":"All","characterOffsetBegin":1420,"characterOffsetEnd":1423,"pos":"PDT","before":"   ","after":" "},{"index":20,"word":"transfers","originalText":"transfers","characterOffsetBegin":1424,"characterOffsetEnd":1433,"pos":"NNS","before":" ","after":" "},{"index":21,"word":"are","originalText":"are","characterOffsetBegin":1434,"characterOffsetEnd":1437,"pos":"VBP","before":" ","after":" "},{"index":22,"word":"disclaimed","originalText":"disclaimed","characterOffsetBegin":1438,"characterOffsetEnd":1448,"pos":"VBN","before":" ","after":" "},{"index":23,"word":"by","originalText":"by","characterOffsetBegin":1449,"characterOffsetEnd":1451,"pos":"IN","before":" ","after":" "},{"index":24,"word":"my","originalText":"my","characterOffsetBegin":1452,"characterOffsetEnd":1454,"pos":"PRP$","before":" ","after":" "},{"index":25,"word":"host","originalText":"host","characterOffsetBegin":1455,"characterOffsetEnd":1459,"pos":"NN","before":" ","after":" "},{"index":26,"word":"name","originalText":"name","characterOffsetBegin":1460,"characterOffsetEnd":1464,"pos":"NN","before":" ","after":" "},{"index":27,"word":"and","originalText":"and","characterOffsetBegin":1465,"characterOffsetEnd":1468,"pos":"CC","before":" ","after":" "},{"index":28,"word":"boss","originalText":"boss","characterOffsetBegin":1469,"characterOffsetEnd":1473,"pos":"NN","before":" ","after":""},{"index":29,"word":"'s","originalText":"'s","characterOffsetBegin":1473,"characterOffsetEnd":1475,"pos":"POS","before":"","after":" "},{"index":30,"word":"address","originalText":"address","characterOffsetBegin":1476,"characterOffsetEnd":1483,"pos":"NN","before":" ","after":""},{"index":31,"word":".","originalText":".","characterOffsetBegin":1483,"characterOffsetEnd":1484,"pos":".","before":"","after":"  "}]},{"index":12,"tokens":[{"index":1,"word":"230","originalText":"230","characterOffsetBegin":1486,"characterOffsetEnd":1489,"pos":"CD","before":"  ","after":""},{"index":2,"word":"-","originalText":"-","characterOffsetBegin":1489,"characterOffsetEnd":1490,"pos":":","before":"","after":"   "},{"index":3,"word":"If","originalText":"If","characterOffsetBegin":1493,"characterOffsetEnd":1495,"pos":"IN","before":"   ","after":" "},{"index":4,"word":"you","originalText":"you","characterOffsetBegin":1496,"characterOffsetEnd":1499,"pos":"PRP","before":" ","after":" "},{"index":5,"word":"do","originalText":"do","characterOffsetBegin":1500,"characterOffsetEnd":1502,"pos":"VBP","before":" ","after":""},{"index":6,"word":"n't","originalText":"n't","characterOffsetBegin":1502,"characterOffsetEnd":1505,"pos":"RB","before":"","after":" "},{"index":7,"word":"like","originalText":"like","characterOffsetBegin":1506,"characterOffsetEnd":1510,"pos":"VB","before":" ","after":" "},{"index":8,"word":"this","originalText":"this","characterOffsetBegin":1511,"characterOffsetEnd":1515,"pos":"DT","before":" ","after":" "},{"index":9,"word":"policy","originalText":"policy","characterOffsetBegin":1516,"characterOffsetEnd":1522,"pos":"NN","before":" ","after":""},{"index":10,"word":",","originalText":",","characterOffsetBegin":1522,"characterOffsetEnd":1523,"pos":",","before":"","after":" "},{"index":11,"word":"disconnect","originalText":"disconnect","characterOffsetBegin":1524,"characterOffsetEnd":1534,"pos":"VB","before":" ","after":" "},{"index":12,"word":"now","originalText":"now","characterOffsetBegin":1535,"characterOffsetEnd":1538,"pos":"RB","before":" ","after":""},{"index":13,"word":"!","originalText":"!","characterOffsetBegin":1538,"characterOffsetEnd":1539,"pos":".","before":"","after":""}]}]}