{"sentences":[{"index":0,"tokens":[{"index":1,"word":"From","originalText":"From","characterOffsetBegin":0,"characterOffsetEnd":4,"pos":"IN","before":"","after":""},{"index":2,"word":":","originalText":":","characterOffsetBegin":4,"characterOffsetEnd":5,"pos":":","before":"","after":" "},{"index":3,"word":"rcb5@wsinfo03.win.tue.nl","originalText":"rcb5@wsinfo03.win.tue.nl","characterOffsetBegin":6,"characterOffsetEnd":30,"pos":"NN","before":" ","after":" "},{"index":4,"word":"-LRB-","originalText":"(","characterOffsetBegin":31,"characterOffsetEnd":32,"pos":"-LRB-","before":" ","after":""},{"index":5,"word":"Richard","originalText":"Richard","characterOffsetBegin":32,"characterOffsetEnd":39,"pos":"NNP","before":"","after":" "},{"index":6,"word":"Verhoeven","originalText":"Verhoeven","characterOffsetBegin":40,"characterOffsetEnd":49,"pos":"NNP","before":" ","after":""},{"index":7,"word":"-RRB-","originalText":")","characterOffsetBegin":49,"characterOffsetEnd":50,"pos":"-RRB-","before":"","after":""},{"index":8,"word":"Subject","originalText":"Subject","characterOffsetBegin":50,"characterOffsetEnd":57,"pos":"NNP","before":"","after":""},{"index":9,"word":":","originalText":":","characterOffsetBegin":57,"characterOffsetEnd":58,"pos":":","before":"","after":" "},{"index":10,"word":"Re","originalText":"Re","characterOffsetBegin":59,"characterOffsetEnd":61,"pos":"NNP","before":" ","after":""},{"index":11,"word":":","originalText":":","characterOffsetBegin":61,"characterOffsetEnd":62,"pos":":","before":"","after":" "},{"index":12,"word":"Forcing","originalText":"Forcing","characterOffsetBegin":63,"characterOffsetEnd":70,"pos":"VBG","before":" ","after":" "},{"index":13,"word":"a","originalText":"a","characterOffsetBegin":71,"characterOffsetEnd":72,"pos":"DT","before":" ","after":" "},{"index":14,"word":"window","originalText":"window","characterOffsetBegin":73,"characterOffsetEnd":79,"pos":"NN","before":" ","after":" "},{"index":15,"word":"manager","originalText":"manager","characterOffsetBegin":80,"characterOffsetEnd":87,"pos":"NN","before":" ","after":" "},{"index":16,"word":"to","originalText":"to","characterOffsetBegin":88,"characterOffsetEnd":90,"pos":"TO","before":" ","after":" "},{"index":17,"word":"accept","originalText":"accept","characterOffsetBegin":91,"characterOffsetEnd":97,"pos":"VB","before":" ","after":" "},{"index":18,"word":"specific","originalText":"specific","characterOffsetBegin":98,"characterOffsetEnd":106,"pos":"JJ","before":" ","after":" "},{"index":19,"word":"coordinates","originalText":"coordinates","characterOffsetBegin":107,"characterOffsetEnd":118,"pos":"VBZ","before":" ","after":" "},{"index":20,"word":"for","originalText":"for","characterOffsetBegin":119,"characterOffsetEnd":122,"pos":"IN","before":" ","after":" "},{"index":21,"word":"a","originalText":"a","characterOffsetBegin":123,"characterOffsetEnd":124,"pos":"DT","before":" ","after":" "},{"index":22,"word":"windowbading@cs.tu-berlin.de","originalText":"windowbading@cs.tu-berlin.de","characterOffsetBegin":125,"characterOffsetEnd":153,"pos":"NN","before":" ","after":" "},{"index":23,"word":"-LRB-","originalText":"(","characterOffsetBegin":154,"characterOffsetEnd":155,"pos":"-LRB-","before":" ","after":""},{"index":24,"word":"Tobias","originalText":"Tobias","characterOffsetBegin":155,"characterOffsetEnd":161,"pos":"NNP","before":"","after":" "},{"index":25,"word":"`","originalText":"'","characterOffsetBegin":162,"characterOffsetEnd":163,"pos":"``","before":" ","after":""},{"index":26,"word":"Doping","originalText":"Doping","characterOffsetBegin":163,"characterOffsetEnd":169,"pos":"VBG","before":"","after":""},{"index":27,"word":"'","originalText":"'","characterOffsetBegin":169,"characterOffsetEnd":170,"pos":"''","before":"","after":" "},{"index":28,"word":"Bading","originalText":"Bading","characterOffsetBegin":171,"characterOffsetEnd":177,"pos":"JJ","before":" ","after":""},{"index":29,"word":"-RRB-","originalText":")","characterOffsetBegin":177,"characterOffsetEnd":178,"pos":"-RRB-","before":"","after":" "},{"index":30,"word":"writes","originalText":"writes","characterOffsetBegin":179,"characterOffsetEnd":185,"pos":"VBZ","before":" ","after":""},{"index":31,"word":":","originalText":":","characterOffsetBegin":185,"characterOffsetEnd":186,"pos":":","before":"","after":""},{"index":32,"word":">","originalText":">","characterOffsetBegin":186,"characterOffsetEnd":187,"pos":"JJR","before":"","after":" "},{"index":33,"word":">","originalText":">","characterOffsetBegin":188,"characterOffsetEnd":189,"pos":"JJR","before":" ","after":" "},{"index":34,"word":"try","originalText":"try","characterOffsetBegin":190,"characterOffsetEnd":193,"pos":"VB","before":" ","after":" "},{"index":35,"word":"this","originalText":"this","characterOffsetBegin":194,"characterOffsetEnd":198,"pos":"DT","before":" ","after":" "},{"index":36,"word":"after","originalText":"after","characterOffsetBegin":199,"characterOffsetEnd":204,"pos":"IN","before":" ","after":" "},{"index":37,"word":"XCreateWindow","originalText":"XCreateWindow","characterOffsetBegin":205,"characterOffsetEnd":218,"pos":"NN","before":" ","after":""},{"index":38,"word":":","originalText":":","characterOffsetBegin":218,"characterOffsetEnd":219,"pos":":","before":"","after":""},{"index":39,"word":">","originalText":">","characterOffsetBegin":219,"characterOffsetEnd":220,"pos":"JJR","before":"","after":" "},{"index":40,"word":"-----------------------------","originalText":"-----------------------------","characterOffsetBegin":221,"characterOffsetEnd":250,"pos":"CD","before":" ","after":""},{"index":41,"word":">","originalText":">","characterOffsetBegin":250,"characterOffsetEnd":251,"pos":"JJR","before":"","after":" "},{"index":42,"word":"...","originalText":"...","characterOffsetBegin":252,"characterOffsetEnd":255,"pos":":","before":" ","after":""},{"index":43,"word":">>","originalText":">>","characterOffsetBegin":255,"characterOffsetEnd":257,"pos":"NN","before":"","after":"   "},{"index":44,"word":"xsizehints","originalText":"xsizehints","characterOffsetBegin":260,"characterOffsetEnd":270,"pos":"NNS","before":"   ","after":""},{"index":45,"word":"-","originalText":"-","characterOffsetBegin":270,"characterOffsetEnd":271,"pos":":","before":"","after":""},{"index":46,"word":">","originalText":">","characterOffsetBegin":271,"characterOffsetEnd":272,"pos":"JJR","before":"","after":""},{"index":47,"word":"flags","originalText":"flags","characterOffsetBegin":272,"characterOffsetEnd":277,"pos":"NNS","before":"","after":" "},{"index":48,"word":"=","originalText":"=","characterOffsetBegin":278,"characterOffsetEnd":279,"pos":"JJ","before":" ","after":" "},{"index":49,"word":"USPosition","originalText":"USPosition","characterOffsetBegin":280,"characterOffsetEnd":290,"pos":"NN","before":" ","after":" "},{"index":50,"word":"|","originalText":"|","characterOffsetBegin":291,"characterOffsetEnd":292,"pos":"CD","before":" ","after":" "},{"index":51,"word":"USSize","originalText":"USSize","characterOffsetBegin":293,"characterOffsetEnd":299,"pos":"NN","before":" ","after":""},{"index":52,"word":";","originalText":";","characterOffsetBegin":299,"characterOffsetEnd":300,"pos":":","before":"","after":"\t"},{"index":53,"word":"/","originalText":"/","characterOffsetBegin":301,"characterOffsetEnd":302,"pos":":","before":"\t","after":""},{"index":54,"word":"*","originalText":"*","characterOffsetBegin":302,"characterOffsetEnd":303,"pos":"SYM","before":"","after":" "},{"index":55,"word":"or","originalText":"or","characterOffsetBegin":304,"characterOffsetEnd":306,"pos":"CC","before":" ","after":" "},{"index":56,"word":"=","originalText":"=","characterOffsetBegin":307,"characterOffsetEnd":308,"pos":"JJ","before":" ","after":" "},{"index":57,"word":"PPosition","originalText":"PPosition","characterOffsetBegin":309,"characterOffsetEnd":318,"pos":"NN","before":" ","after":" "},{"index":58,"word":"|","originalText":"|","characterOffsetBegin":319,"characterOffsetEnd":320,"pos":"CD","before":" ","after":" "},{"index":59,"word":"PSize","originalText":"PSize","characterOffsetBegin":321,"characterOffsetEnd":326,"pos":"NN","before":" ","after":" "},{"index":60,"word":"*","originalText":"*","characterOffsetBegin":327,"characterOffsetEnd":328,"pos":"SYM","before":" ","after":""},{"index":61,"word":"/","originalText":"/","characterOffsetBegin":328,"characterOffsetEnd":329,"pos":":","before":"","after":""},{"index":62,"word":">","originalText":">","characterOffsetBegin":329,"characterOffsetEnd":330,"pos":"JJR","before":"","after":"   "},{"index":63,"word":"...","originalText":"...","characterOffsetBegin":333,"characterOffsetEnd":336,"pos":":","before":"   ","after":""},{"index":64,"word":">","originalText":">","characterOffsetBegin":336,"characterOffsetEnd":337,"pos":"JJR","before":"","after":"   "},{"index":65,"word":"XSetWMNormalHints","originalText":"XSetWMNormalHints","characterOffsetBegin":340,"characterOffsetEnd":357,"pos":"NNS","before":"   ","after":" "},{"index":66,"word":"-LRB-","originalText":"(","characterOffsetBegin":358,"characterOffsetEnd":359,"pos":"-LRB-","before":" ","after":""},{"index":67,"word":"display","originalText":"display","characterOffsetBegin":359,"characterOffsetEnd":366,"pos":"NN","before":"","after":""},{"index":68,"word":",","originalText":",","characterOffsetBegin":366,"characterOffsetEnd":367,"pos":",","before":"","after":" "},{"index":69,"word":"window","originalText":"window","characterOffsetBegin":368,"characterOffsetEnd":374,"pos":"NN","before":" ","after":""},{"index":70,"word":",","originalText":",","characterOffsetBegin":374,"characterOffsetEnd":375,"pos":",","before":"","after":" "},{"index":71,"word":"xsizehints","originalText":"xsizehints","characterOffsetBegin":376,"characterOffsetEnd":386,"pos":"NNS","before":" ","after":""},{"index":72,"word":"-RRB-","originalText":")","characterOffsetBegin":386,"characterOffsetEnd":387,"pos":"-RRB-","before":"","after":""},{"index":73,"word":";","originalText":";","characterOffsetBegin":387,"characterOffsetEnd":388,"pos":":","before":"","after":""},{"index":74,"word":">","originalText":">","characterOffsetBegin":388,"characterOffsetEnd":389,"pos":"JJR","before":"","after":"   "},{"index":75,"word":"...","originalText":"...","characterOffsetBegin":392,"characterOffsetEnd":395,"pos":":","before":"   ","after":""},{"index":76,"word":">>","originalText":">>","characterOffsetBegin":395,"characterOffsetEnd":397,"pos":"NN","before":"","after":" "},{"index":77,"word":"These","originalText":"These","characterOffsetBegin":398,"characterOffsetEnd":403,"pos":"DT","before":" ","after":" "},{"index":78,"word":"hints","originalText":"hints","characterOffsetBegin":404,"characterOffsetEnd":409,"pos":"NNS","before":" ","after":" "},{"index":79,"word":"tell","originalText":"tell","characterOffsetBegin":410,"characterOffsetEnd":414,"pos":"VBP","before":" ","after":" "},{"index":80,"word":"the","originalText":"the","characterOffsetBegin":415,"characterOffsetEnd":418,"pos":"DT","before":" ","after":" "},{"index":81,"word":"window","originalText":"window","characterOffsetBegin":419,"characterOffsetEnd":425,"pos":"NN","before":" ","after":" "},{"index":82,"word":"manager","originalText":"manager","characterOffsetBegin":426,"characterOffsetEnd":433,"pos":"NN","before":" ","after":" "},{"index":83,"word":"that","originalText":"that","characterOffsetBegin":434,"characterOffsetEnd":438,"pos":"IN","before":" ","after":" "},{"index":84,"word":"the","originalText":"the","characterOffsetBegin":439,"characterOffsetEnd":442,"pos":"DT","before":" ","after":" "},{"index":85,"word":"position","originalText":"position","characterOffsetBegin":443,"characterOffsetEnd":451,"pos":"NN","before":" ","after":" "},{"index":86,"word":"and","originalText":"and","characterOffsetBegin":452,"characterOffsetEnd":455,"pos":"CC","before":" ","after":" "},{"index":87,"word":"size","originalText":"size","characterOffsetBegin":456,"characterOffsetEnd":460,"pos":"NN","before":" ","after":" "},{"index":88,"word":"of","originalText":"of","characterOffsetBegin":461,"characterOffsetEnd":463,"pos":"IN","before":" ","after":" "},{"index":89,"word":"the","originalText":"the","characterOffsetBegin":464,"characterOffsetEnd":467,"pos":"DT","before":" ","after":" "},{"index":90,"word":"window","originalText":"window","characterOffsetBegin":468,"characterOffsetEnd":474,"pos":"NN","before":" ","after":""},{"index":91,"word":">","originalText":">","characterOffsetBegin":474,"characterOffsetEnd":475,"pos":"JJR","before":"","after":" "},{"index":92,"word":"are","originalText":"are","characterOffsetBegin":476,"characterOffsetEnd":479,"pos":"VBP","before":" ","after":" "},{"index":93,"word":"specified","originalText":"specified","characterOffsetBegin":480,"characterOffsetEnd":489,"pos":"VBN","before":" ","after":" "},{"index":94,"word":"by","originalText":"by","characterOffsetBegin":490,"characterOffsetEnd":492,"pos":"IN","before":" ","after":" "},{"index":95,"word":"the","originalText":"the","characterOffsetBegin":493,"characterOffsetEnd":496,"pos":"DT","before":" ","after":" "},{"index":96,"word":"users","originalText":"users","characterOffsetBegin":497,"characterOffsetEnd":502,"pos":"NNS","before":" ","after":" "},{"index":97,"word":"and","originalText":"and","characterOffsetBegin":503,"characterOffsetEnd":506,"pos":"CC","before":" ","after":" "},{"index":98,"word":"that","originalText":"that","characterOffsetBegin":507,"characterOffsetEnd":511,"pos":"IN","before":" ","after":" "},{"index":99,"word":"the","originalText":"the","characterOffsetBegin":512,"characterOffsetEnd":515,"pos":"DT","before":" ","after":" "},{"index":100,"word":"window","originalText":"window","characterOffsetBegin":516,"characterOffsetEnd":522,"pos":"NN","before":" ","after":" "},{"index":101,"word":"manager","originalText":"manager","characterOffsetBegin":523,"characterOffsetEnd":530,"pos":"NN","before":" ","after":" "},{"index":102,"word":"should","originalText":"should","characterOffsetBegin":531,"characterOffsetEnd":537,"pos":"MD","before":" ","after":" "},{"index":103,"word":"accept","originalText":"accept","characterOffsetBegin":538,"characterOffsetEnd":544,"pos":"VB","before":" ","after":" "},{"index":104,"word":"these","originalText":"these","characterOffsetBegin":545,"characterOffsetEnd":550,"pos":"DT","before":" ","after":""},{"index":105,"word":">","originalText":">","characterOffsetBegin":550,"characterOffsetEnd":551,"pos":"JJR","before":"","after":" "},{"index":106,"word":"values","originalText":"values","characterOffsetBegin":552,"characterOffsetEnd":558,"pos":"NNS","before":" ","after":""},{"index":107,"word":".","originalText":".","characterOffsetBegin":558,"characterOffsetEnd":559,"pos":".","before":"","after":" "}]},{"index":1,"tokens":[{"index":1,"word":"If","originalText":"If","characterOffsetBegin":560,"characterOffsetEnd":562,"pos":"IN","before":" ","after":" "},{"index":2,"word":"you","originalText":"you","characterOffsetBegin":563,"characterOffsetEnd":566,"pos":"PRP","before":" ","after":" "},{"index":3,"word":"use","originalText":"use","characterOffsetBegin":567,"characterOffsetEnd":570,"pos":"VBP","before":" ","after":" "},{"index":4,"word":"xsizehints","originalText":"xsizehints","characterOffsetBegin":571,"characterOffsetEnd":581,"pos":"SYM","before":" ","after":""},{"index":5,"word":"-","originalText":"-","characterOffsetBegin":581,"characterOffsetEnd":582,"pos":":","before":"","after":""},{"index":6,"word":">","originalText":">","characterOffsetBegin":582,"characterOffsetEnd":583,"pos":"JJR","before":"","after":""},{"index":7,"word":"flags","originalText":"flags","characterOffsetBegin":583,"characterOffsetEnd":588,"pos":"NNS","before":"","after":" "},{"index":8,"word":"=","originalText":"=","characterOffsetBegin":589,"characterOffsetEnd":590,"pos":"JJ","before":" ","after":" "},{"index":9,"word":"PPosition","originalText":"PPosition","characterOffsetBegin":591,"characterOffsetEnd":600,"pos":"NN","before":" ","after":" "},{"index":10,"word":"|","originalText":"|","characterOffsetBegin":601,"characterOffsetEnd":602,"pos":"CD","before":" ","after":" "},{"index":11,"word":"PSize","originalText":"PSize","characterOffsetBegin":603,"characterOffsetEnd":608,"pos":"NN","before":" ","after":""},{"index":12,"word":",","originalText":",","characterOffsetBegin":608,"characterOffsetEnd":609,"pos":",","before":"","after":" "},{"index":13,"word":"this","originalText":"this","characterOffsetBegin":610,"characterOffsetEnd":614,"pos":"DT","before":" ","after":" "},{"index":14,"word":"tells","originalText":"tells","characterOffsetBegin":615,"characterOffsetEnd":620,"pos":"VBZ","before":" ","after":" "},{"index":15,"word":"the","originalText":"the","characterOffsetBegin":621,"characterOffsetEnd":624,"pos":"DT","before":" ","after":" "},{"index":16,"word":"window","originalText":"window","characterOffsetBegin":625,"characterOffsetEnd":631,"pos":"NN","before":" ","after":""},{"index":17,"word":">","originalText":">","characterOffsetBegin":631,"characterOffsetEnd":632,"pos":"JJR","before":"","after":" "},{"index":18,"word":"manager","originalText":"manager","characterOffsetBegin":633,"characterOffsetEnd":640,"pos":"NN","before":" ","after":" "},{"index":19,"word":"that","originalText":"that","characterOffsetBegin":641,"characterOffsetEnd":645,"pos":"IN","before":" ","after":" "},{"index":20,"word":"the","originalText":"the","characterOffsetBegin":646,"characterOffsetEnd":649,"pos":"DT","before":" ","after":" "},{"index":21,"word":"values","originalText":"values","characterOffsetBegin":650,"characterOffsetEnd":656,"pos":"NNS","before":" ","after":" "},{"index":22,"word":"are","originalText":"are","characterOffsetBegin":657,"characterOffsetEnd":660,"pos":"VBP","before":" ","after":" "},{"index":23,"word":"prefered","originalText":"prefered","characterOffsetBegin":661,"characterOffsetEnd":669,"pos":"JJ","before":" ","after":" "},{"index":24,"word":"values","originalText":"values","characterOffsetBegin":670,"characterOffsetEnd":676,"pos":"NNS","before":" ","after":" "},{"index":25,"word":"of","originalText":"of","characterOffsetBegin":677,"characterOffsetEnd":679,"pos":"IN","before":" ","after":" "},{"index":26,"word":"the","originalText":"the","characterOffsetBegin":680,"characterOffsetEnd":683,"pos":"DT","before":" ","after":" "},{"index":27,"word":"program","originalText":"program","characterOffsetBegin":684,"characterOffsetEnd":691,"pos":"NN","before":" ","after":""},{"index":28,"word":",","originalText":",","characterOffsetBegin":691,"characterOffsetEnd":692,"pos":",","before":"","after":" "},{"index":29,"word":"not","originalText":"not","characterOffsetBegin":693,"characterOffsetEnd":696,"pos":"RB","before":" ","after":" "},{"index":30,"word":"the","originalText":"the","characterOffsetBegin":697,"characterOffsetEnd":700,"pos":"DT","before":" ","after":" "},{"index":31,"word":"user","originalText":"user","characterOffsetBegin":701,"characterOffsetEnd":705,"pos":"NN","before":" ","after":""},{"index":32,"word":".","originalText":".","characterOffsetBegin":705,"characterOffsetEnd":706,"pos":".","before":"","after":""},{"index":33,"word":">","originalText":">","characterOffsetBegin":706,"characterOffsetEnd":707,"pos":"JJR","before":"","after":" "}]},{"index":2,"tokens":[{"index":1,"word":"I","originalText":"I","characterOffsetBegin":708,"characterOffsetEnd":709,"pos":"PRP","before":" ","after":" "},{"index":2,"word":"do","originalText":"do","characterOffsetBegin":710,"characterOffsetEnd":712,"pos":"VBP","before":" ","after":""},{"index":3,"word":"n't","originalText":"n't","characterOffsetBegin":712,"characterOffsetEnd":715,"pos":"RB","before":"","after":" "},{"index":4,"word":"know","originalText":"know","characterOffsetBegin":716,"characterOffsetEnd":720,"pos":"VB","before":" ","after":" "},{"index":5,"word":"a","originalText":"a","characterOffsetBegin":721,"characterOffsetEnd":722,"pos":"DT","before":" ","after":" "},{"index":6,"word":"window","originalText":"window","characterOffsetBegin":723,"characterOffsetEnd":729,"pos":"NN","before":" ","after":" "},{"index":7,"word":"manager","originalText":"manager","characterOffsetBegin":730,"characterOffsetEnd":737,"pos":"NN","before":" ","after":" "},{"index":8,"word":"that","originalText":"that","characterOffsetBegin":738,"characterOffsetEnd":742,"pos":"WDT","before":" ","after":" "},{"index":9,"word":"does","originalText":"does","characterOffsetBegin":743,"characterOffsetEnd":747,"pos":"VBZ","before":" ","after":""},{"index":10,"word":"n't","originalText":"n't","characterOffsetBegin":747,"characterOffsetEnd":750,"pos":"RB","before":"","after":" "},{"index":11,"word":"place","originalText":"place","characterOffsetBegin":751,"characterOffsetEnd":756,"pos":"VB","before":" ","after":" "},{"index":12,"word":"the","originalText":"the","characterOffsetBegin":757,"characterOffsetEnd":760,"pos":"DT","before":" ","after":" "},{"index":13,"word":"window","originalText":"window","characterOffsetBegin":761,"characterOffsetEnd":767,"pos":"NN","before":" ","after":" "},{"index":14,"word":"like","originalText":"like","characterOffsetBegin":768,"characterOffsetEnd":772,"pos":"IN","before":" ","after":" "},{"index":15,"word":"you","originalText":"you","characterOffsetBegin":773,"characterOffsetEnd":776,"pos":"PRP","before":" ","after":" "},{"index":16,"word":"prefer","originalText":"prefer","characterOffsetBegin":777,"characterOffsetEnd":783,"pos":"VBP","before":" ","after":""},{"index":17,"word":">","originalText":">","characterOffsetBegin":783,"characterOffsetEnd":784,"pos":"JJR","before":"","after":" "},{"index":18,"word":"if","originalText":"if","characterOffsetBegin":785,"characterOffsetEnd":787,"pos":"IN","before":" ","after":" "},{"index":19,"word":"you","originalText":"you","characterOffsetBegin":788,"characterOffsetEnd":791,"pos":"PRP","before":" ","after":" "},{"index":20,"word":"specify","originalText":"specify","characterOffsetBegin":792,"characterOffsetEnd":799,"pos":"VBP","before":" ","after":" "},{"index":21,"word":"the","originalText":"the","characterOffsetBegin":800,"characterOffsetEnd":803,"pos":"DT","before":" ","after":" "},{"index":22,"word":"position","originalText":"position","characterOffsetBegin":804,"characterOffsetEnd":812,"pos":"NN","before":" ","after":" "},{"index":23,"word":"and","originalText":"and","characterOffsetBegin":813,"characterOffsetEnd":816,"pos":"CC","before":" ","after":" "},{"index":24,"word":"size","originalText":"size","characterOffsetBegin":817,"characterOffsetEnd":821,"pos":"NN","before":" ","after":" "},{"index":25,"word":"like","originalText":"like","characterOffsetBegin":822,"characterOffsetEnd":826,"pos":"IN","before":" ","after":" "},{"index":26,"word":"above.Sorry","originalText":"above.Sorry","characterOffsetBegin":827,"characterOffsetEnd":838,"pos":"NN","before":" ","after":""},{"index":27,"word":",","originalText":",","characterOffsetBegin":838,"characterOffsetEnd":839,"pos":",","before":"","after":" "},{"index":28,"word":"but","originalText":"but","characterOffsetBegin":840,"characterOffsetEnd":843,"pos":"CC","before":" ","after":" "},{"index":29,"word":"olwm","originalText":"olwm","characterOffsetBegin":844,"characterOffsetEnd":848,"pos":"NN","before":" ","after":" "},{"index":30,"word":"and","originalText":"and","characterOffsetBegin":849,"characterOffsetEnd":852,"pos":"CC","before":" ","after":" "},{"index":31,"word":"tvtwm","originalText":"tvtwm","characterOffsetBegin":853,"characterOffsetEnd":858,"pos":"NN","before":" ","after":" "},{"index":32,"word":"do","originalText":"do","characterOffsetBegin":859,"characterOffsetEnd":861,"pos":"VBP","before":" ","after":""},{"index":33,"word":"n't","originalText":"n't","characterOffsetBegin":861,"characterOffsetEnd":864,"pos":"RB","before":"","after":" "},{"index":34,"word":"do","originalText":"do","characterOffsetBegin":865,"characterOffsetEnd":867,"pos":"VB","before":" ","after":" "},{"index":35,"word":"it","originalText":"it","characterOffsetBegin":868,"characterOffsetEnd":870,"pos":"PRP","before":" ","after":""},{"index":36,"word":".","originalText":".","characterOffsetBegin":870,"characterOffsetEnd":871,"pos":".","before":"","after":" "}]},{"index":3,"tokens":[{"index":1,"word":"They","originalText":"They","characterOffsetBegin":872,"characterOffsetEnd":876,"pos":"PRP","before":" ","after":" "},{"index":2,"word":"place","originalText":"place","characterOffsetBegin":877,"characterOffsetEnd":882,"pos":"VBP","before":" ","after":" "},{"index":3,"word":"the","originalText":"the","characterOffsetBegin":883,"characterOffsetEnd":886,"pos":"DT","before":" ","after":" "},{"index":4,"word":"title","originalText":"title","characterOffsetBegin":887,"characterOffsetEnd":892,"pos":"NN","before":" ","after":" "},{"index":5,"word":"at","originalText":"at","characterOffsetBegin":893,"characterOffsetEnd":895,"pos":"IN","before":" ","after":" "},{"index":6,"word":"that","originalText":"that","characterOffsetBegin":896,"characterOffsetEnd":900,"pos":"DT","before":" ","after":" "},{"index":7,"word":"positionand","originalText":"positionand","characterOffsetBegin":901,"characterOffsetEnd":912,"pos":"NN","before":" ","after":" "},{"index":8,"word":"the","originalText":"the","characterOffsetBegin":913,"characterOffsetEnd":916,"pos":"DT","before":" ","after":" "},{"index":9,"word":"window","originalText":"window","characterOffsetBegin":917,"characterOffsetEnd":923,"pos":"NN","before":" ","after":" "},{"index":10,"word":"at","originalText":"at","characterOffsetBegin":924,"characterOffsetEnd":926,"pos":"IN","before":" ","after":" "},{"index":11,"word":"a","originalText":"a","characterOffsetBegin":927,"characterOffsetEnd":928,"pos":"DT","before":" ","after":" "},{"index":12,"word":"position","originalText":"position","characterOffsetBegin":929,"characterOffsetEnd":937,"pos":"NN","before":" ","after":" "},{"index":13,"word":"below","originalText":"below","characterOffsetBegin":938,"characterOffsetEnd":943,"pos":"IN","before":" ","after":" "},{"index":14,"word":"it.This","originalText":"it.This","characterOffsetBegin":944,"characterOffsetEnd":951,"pos":"NNP","before":" ","after":" "},{"index":15,"word":"becomes","originalText":"becomes","characterOffsetBegin":952,"characterOffsetEnd":959,"pos":"VBZ","before":" ","after":" "},{"index":16,"word":"a","originalText":"a","characterOffsetBegin":960,"characterOffsetEnd":961,"pos":"DT","before":" ","after":" "},{"index":17,"word":"problem","originalText":"problem","characterOffsetBegin":962,"characterOffsetEnd":969,"pos":"NN","before":" ","after":" "},{"index":18,"word":"when","originalText":"when","characterOffsetBegin":970,"characterOffsetEnd":974,"pos":"WRB","before":" ","after":" "},{"index":19,"word":"you","originalText":"you","characterOffsetBegin":975,"characterOffsetEnd":978,"pos":"PRP","before":" ","after":" "},{"index":20,"word":"want","originalText":"want","characterOffsetBegin":979,"characterOffsetEnd":983,"pos":"VBP","before":" ","after":" "},{"index":21,"word":"a","originalText":"a","characterOffsetBegin":984,"characterOffsetEnd":985,"pos":"DT","before":" ","after":" "},{"index":22,"word":"program","originalText":"program","characterOffsetBegin":986,"characterOffsetEnd":993,"pos":"NN","before":" ","after":" "},{"index":23,"word":"to","originalText":"to","characterOffsetBegin":994,"characterOffsetEnd":996,"pos":"TO","before":" ","after":" "},{"index":24,"word":"be","originalText":"be","characterOffsetBegin":997,"characterOffsetEnd":999,"pos":"VB","before":" ","after":" "},{"index":25,"word":"able","originalText":"able","characterOffsetBegin":1000,"characterOffsetEnd":1004,"pos":"JJ","before":" ","after":" "},{"index":26,"word":"to","originalText":"to","characterOffsetBegin":1005,"characterOffsetEnd":1007,"pos":"TO","before":" ","after":" "},{"index":27,"word":"save","originalText":"save","characterOffsetBegin":1008,"characterOffsetEnd":1012,"pos":"VB","before":" ","after":" "},{"index":28,"word":"its","originalText":"its","characterOffsetBegin":1013,"characterOffsetEnd":1016,"pos":"PRP$","before":" ","after":" "},{"index":29,"word":"currentconfiguration","originalText":"currentconfiguration","characterOffsetBegin":1017,"characterOffsetEnd":1037,"pos":"NN","before":" ","after":" "},{"index":30,"word":"and","originalText":"and","characterOffsetBegin":1038,"characterOffsetEnd":1041,"pos":"CC","before":" ","after":" "},{"index":31,"word":"restore","originalText":"restore","characterOffsetBegin":1042,"characterOffsetEnd":1049,"pos":"VB","before":" ","after":" "},{"index":32,"word":"is","originalText":"is","characterOffsetBegin":1050,"characterOffsetEnd":1052,"pos":"VBZ","before":" ","after":" "},{"index":33,"word":"later.Currently","originalText":"later.Currently","characterOffsetBegin":1053,"characterOffsetEnd":1068,"pos":"RB","before":" ","after":""},{"index":34,"word":",","originalText":",","characterOffsetBegin":1068,"characterOffsetEnd":1069,"pos":",","before":"","after":" "},{"index":35,"word":"my","originalText":"my","characterOffsetBegin":1070,"characterOffsetEnd":1072,"pos":"PRP$","before":" ","after":" "},{"index":36,"word":"solution","originalText":"solution","characterOffsetBegin":1073,"characterOffsetEnd":1081,"pos":"NN","before":" ","after":" "},{"index":37,"word":"is","originalText":"is","characterOffsetBegin":1082,"characterOffsetEnd":1084,"pos":"VBZ","before":" ","after":""},{"index":38,"word":":","originalText":":","characterOffsetBegin":1084,"characterOffsetEnd":1085,"pos":":","before":"","after":"\t"},{"index":39,"word":"XCreateWindow","originalText":"XCreateWindow","characterOffsetBegin":1086,"characterOffsetEnd":1099,"pos":"NN","before":"\t","after":""},{"index":40,"word":"-LRB-","originalText":"(","characterOffsetBegin":1099,"characterOffsetEnd":1100,"pos":"-LRB-","before":"","after":""},{"index":41,"word":"...","originalText":"...","characterOffsetBegin":1100,"characterOffsetEnd":1103,"pos":":","before":"","after":""},{"index":42,"word":"-RRB-","originalText":")","characterOffsetBegin":1103,"characterOffsetEnd":1104,"pos":"-RRB-","before":"","after":""},{"index":43,"word":";","originalText":";","characterOffsetBegin":1104,"characterOffsetEnd":1105,"pos":":","before":"","after":"\t"},{"index":44,"word":"XSetWMProperties","originalText":"XSetWMProperties","characterOffsetBegin":1106,"characterOffsetEnd":1122,"pos":"NNS","before":"\t","after":""},{"index":45,"word":"-LRB-","originalText":"(","characterOffsetBegin":1122,"characterOffsetEnd":1123,"pos":"-LRB-","before":"","after":""},{"index":46,"word":".","originalText":".","characterOffsetBegin":1123,"characterOffsetEnd":1124,"pos":".","before":"","after":""}]},{"index":4,"tokens":[{"index":1,"word":".","originalText":".","characterOffsetBegin":1124,"characterOffsetEnd":1125,"pos":".","before":"","after":""},{"index":2,"word":"-RRB-","originalText":")","characterOffsetBegin":1125,"characterOffsetEnd":1126,"pos":"-RRB-","before":"","after":""}]},{"index":5,"tokens":[{"index":1,"word":";","originalText":";","characterOffsetBegin":1126,"characterOffsetEnd":1127,"pos":":","before":"","after":"\t"},{"index":2,"word":"XMapWindow","originalText":"XMapWindow","characterOffsetBegin":1128,"characterOffsetEnd":1138,"pos":"NN","before":"\t","after":""},{"index":3,"word":"-LRB-","originalText":"(","characterOffsetBegin":1138,"characterOffsetEnd":1139,"pos":"-LRB-","before":"","after":""},{"index":4,"word":"...","originalText":"...","characterOffsetBegin":1139,"characterOffsetEnd":1142,"pos":":","before":"","after":""},{"index":5,"word":"-RRB-","originalText":")","characterOffsetBegin":1142,"characterOffsetEnd":1143,"pos":"-RRB-","before":"","after":""},{"index":6,"word":";","originalText":";","characterOffsetBegin":1143,"characterOffsetEnd":1144,"pos":":","before":"","after":"\t"},{"index":7,"word":"XFlush","originalText":"XFlush","characterOffsetBegin":1145,"characterOffsetEnd":1151,"pos":"NN","before":"\t","after":""},{"index":8,"word":"-LRB-","originalText":"(","characterOffsetBegin":1151,"characterOffsetEnd":1152,"pos":"-LRB-","before":"","after":""},{"index":9,"word":"...","originalText":"...","characterOffsetBegin":1152,"characterOffsetEnd":1155,"pos":":","before":"","after":""},{"index":10,"word":"-RRB-","originalText":")","characterOffsetBegin":1155,"characterOffsetEnd":1156,"pos":"-RRB-","before":"","after":""},{"index":11,"word":";","originalText":";","characterOffsetBegin":1156,"characterOffsetEnd":1157,"pos":":","before":"","after":"\t"},{"index":12,"word":"XMoveWindow","originalText":"XMoveWindow","characterOffsetBegin":1158,"characterOffsetEnd":1169,"pos":"NN","before":"\t","after":""},{"index":13,"word":"-LRB-","originalText":"(","characterOffsetBegin":1169,"characterOffsetEnd":1170,"pos":"-LRB-","before":"","after":""},{"index":14,"word":"...","originalText":"...","characterOffsetBegin":1170,"characterOffsetEnd":1173,"pos":":","before":"","after":""},{"index":15,"word":"-RRB-","originalText":")","characterOffsetBegin":1173,"characterOffsetEnd":1174,"pos":"-RRB-","before":"","after":""},{"index":16,"word":";","originalText":";","characterOffsetBegin":1174,"characterOffsetEnd":1175,"pos":":","before":"","after":""},{"index":17,"word":"It","originalText":"It","characterOffsetBegin":1175,"characterOffsetEnd":1177,"pos":"PRP","before":"","after":" "},{"index":18,"word":"works","originalText":"works","characterOffsetBegin":1178,"characterOffsetEnd":1183,"pos":"VBZ","before":" ","after":" "},{"index":19,"word":"with","originalText":"with","characterOffsetBegin":1184,"characterOffsetEnd":1188,"pos":"IN","before":" ","after":" "},{"index":20,"word":"olwm","originalText":"olwm","characterOffsetBegin":1189,"characterOffsetEnd":1193,"pos":"NN","before":" ","after":""},{"index":21,"word":",","originalText":",","characterOffsetBegin":1193,"characterOffsetEnd":1194,"pos":",","before":"","after":" "},{"index":22,"word":"but","originalText":"but","characterOffsetBegin":1195,"characterOffsetEnd":1198,"pos":"CC","before":" ","after":" "},{"index":23,"word":"is","originalText":"is","characterOffsetBegin":1199,"characterOffsetEnd":1201,"pos":"VBZ","before":" ","after":" "},{"index":24,"word":"less","originalText":"less","characterOffsetBegin":1202,"characterOffsetEnd":1206,"pos":"RBR","before":" ","after":" "},{"index":25,"word":"than","originalText":"than","characterOffsetBegin":1207,"characterOffsetEnd":1211,"pos":"IN","before":" ","after":" "},{"index":26,"word":"elegant","originalText":"elegant","characterOffsetBegin":1212,"characterOffsetEnd":1219,"pos":"JJ","before":" ","after":""},{"index":27,"word":".","originalText":".","characterOffsetBegin":1219,"characterOffsetEnd":1220,"pos":".","before":"","after":" "}]},{"index":6,"tokens":[{"index":1,"word":"All","originalText":"All","characterOffsetBegin":1221,"characterOffsetEnd":1224,"pos":"PDT","before":" ","after":" "},{"index":2,"word":"this","originalText":"this","characterOffsetBegin":1225,"characterOffsetEnd":1229,"pos":"DT","before":" ","after":" "},{"index":3,"word":"leaves","originalText":"leaves","characterOffsetBegin":1230,"characterOffsetEnd":1236,"pos":"VBZ","before":" ","after":" "},{"index":4,"word":"me","originalText":"me","characterOffsetBegin":1237,"characterOffsetEnd":1239,"pos":"PRP","before":" ","after":" "},{"index":5,"word":"wonderingif","originalText":"wonderingif","characterOffsetBegin":1240,"characterOffsetEnd":1251,"pos":"NN","before":" ","after":" "},{"index":6,"word":"I","originalText":"I","characterOffsetBegin":1252,"characterOffsetEnd":1253,"pos":"PRP","before":" ","after":""},{"index":7,"word":"'m","originalText":"'m","characterOffsetBegin":1253,"characterOffsetEnd":1255,"pos":"VBP","before":"","after":" "},{"index":8,"word":"overlooking","originalText":"overlooking","characterOffsetBegin":1256,"characterOffsetEnd":1267,"pos":"VBG","before":" ","after":" "},{"index":9,"word":"something","originalText":"something","characterOffsetBegin":1268,"characterOffsetEnd":1277,"pos":"NN","before":" ","after":" "},{"index":10,"word":"obvious.Richard","originalText":"obvious.Richard","characterOffsetBegin":1278,"characterOffsetEnd":1293,"pos":"NN","before":" ","after":""},{"index":11,"word":".","originalText":".","characterOffsetBegin":1293,"characterOffsetEnd":1294,"pos":".","before":"","after":""}]}]}