{"sentences":[{"index":0,"tokens":[{"index":1,"word":"From","originalText":"From","characterOffsetBegin":0,"characterOffsetEnd":4,"pos":"IN","before":"","after":""},{"index":2,"word":":","originalText":":","characterOffsetBegin":4,"characterOffsetEnd":5,"pos":":","before":"","after":" "},{"index":3,"word":"dcr@mail.ast.CAm.ac.UK","originalText":"dcr@mail.ast.CAm.ac.UK","characterOffsetBegin":6,"characterOffsetEnd":28,"pos":"NN","before":" ","after":" "},{"index":4,"word":"-LRB-","originalText":"(","characterOffsetBegin":29,"characterOffsetEnd":30,"pos":"-LRB-","before":" ","after":""},{"index":5,"word":"Derek","originalText":"Derek","characterOffsetBegin":30,"characterOffsetEnd":35,"pos":"NNP","before":"","after":" "},{"index":6,"word":"C.","originalText":"C.","characterOffsetBegin":36,"characterOffsetEnd":38,"pos":"NNP","before":" ","after":" "},{"index":7,"word":"Richardson","originalText":"Richardson","characterOffsetBegin":39,"characterOffsetEnd":49,"pos":"NNP","before":" ","after":""},{"index":8,"word":"-RRB-","originalText":")","characterOffsetBegin":49,"characterOffsetEnd":50,"pos":"-RRB-","before":"","after":""},{"index":9,"word":"Subject","originalText":"Subject","characterOffsetBegin":50,"characterOffsetEnd":57,"pos":"NNP","before":"","after":""},{"index":10,"word":":","originalText":":","characterOffsetBegin":57,"characterOffsetEnd":58,"pos":":","before":"","after":" "},{"index":11,"word":"Re","originalText":"Re","characterOffsetBegin":59,"characterOffsetEnd":61,"pos":"NNP","before":" ","after":""},{"index":12,"word":":","originalText":":","characterOffsetBegin":61,"characterOffsetEnd":62,"pos":":","before":"","after":" "},{"index":13,"word":"AnimationI","originalText":"AnimationI","characterOffsetBegin":63,"characterOffsetEnd":73,"pos":"NNP","before":" ","after":" "},{"index":14,"word":"think","originalText":"think","characterOffsetBegin":74,"characterOffsetEnd":79,"pos":"VB","before":" ","after":" "},{"index":15,"word":"you","originalText":"you","characterOffsetBegin":80,"characterOffsetEnd":83,"pos":"PRP","before":" ","after":" "},{"index":16,"word":"tried","originalText":"tried","characterOffsetBegin":84,"characterOffsetEnd":89,"pos":"VBD","before":" ","after":" "},{"index":17,"word":"to","originalText":"to","characterOffsetBegin":90,"characterOffsetEnd":92,"pos":"TO","before":" ","after":" "},{"index":18,"word":"send","originalText":"send","characterOffsetBegin":93,"characterOffsetEnd":97,"pos":"VB","before":" ","after":" "},{"index":19,"word":"me","originalText":"me","characterOffsetBegin":98,"characterOffsetEnd":100,"pos":"PRP","before":" ","after":" "},{"index":20,"word":"a","originalText":"a","characterOffsetBegin":101,"characterOffsetEnd":102,"pos":"DT","before":" ","after":" "},{"index":21,"word":"message","originalText":"message","characterOffsetBegin":103,"characterOffsetEnd":110,"pos":"NN","before":" ","after":" "},{"index":22,"word":"re","originalText":"re","characterOffsetBegin":111,"characterOffsetEnd":113,"pos":"NN","before":" ","after":""},{"index":23,"word":":","originalText":":","characterOffsetBegin":113,"characterOffsetEnd":114,"pos":":","before":"","after":" "},{"index":24,"word":"the","originalText":"the","characterOffsetBegin":115,"characterOffsetEnd":118,"pos":"DT","before":" ","after":" "},{"index":25,"word":"animation","originalText":"animation","characterOffsetBegin":119,"characterOffsetEnd":128,"pos":"NN","before":" ","after":" "},{"index":26,"word":"queryI","originalText":"queryI","characterOffsetBegin":129,"characterOffsetEnd":135,"pos":"NN","before":" ","after":" "},{"index":27,"word":"posted","originalText":"posted","characterOffsetBegin":136,"characterOffsetEnd":142,"pos":"VBD","before":" ","after":" "},{"index":28,"word":"to","originalText":"to","characterOffsetBegin":143,"characterOffsetEnd":145,"pos":"TO","before":" ","after":" "},{"index":29,"word":"comp.windows.x","originalText":"comp.windows.x","characterOffsetBegin":146,"characterOffsetEnd":160,"pos":"NN","before":" ","after":""},{"index":30,"word":".","originalText":".","characterOffsetBegin":160,"characterOffsetEnd":161,"pos":".","before":"","after":" "}]},{"index":1,"tokens":[{"index":1,"word":"I","originalText":"I","characterOffsetBegin":162,"characterOffsetEnd":163,"pos":"PRP","before":" ","after":""},{"index":2,"word":"'ve","originalText":"'ve","characterOffsetBegin":163,"characterOffsetEnd":166,"pos":"VBP","before":"","after":" "},{"index":3,"word":"appended","originalText":"appended","characterOffsetBegin":167,"characterOffsetEnd":175,"pos":"VBN","before":" ","after":" "},{"index":4,"word":"what","originalText":"what","characterOffsetBegin":176,"characterOffsetEnd":180,"pos":"WP","before":" ","after":" "},{"index":5,"word":"I","originalText":"I","characterOffsetBegin":181,"characterOffsetEnd":182,"pos":"PRP","before":" ","after":" "},{"index":6,"word":"received","originalText":"received","characterOffsetBegin":183,"characterOffsetEnd":191,"pos":"VBD","before":" ","after":" "},{"index":7,"word":"below.If","originalText":"below.If","characterOffsetBegin":192,"characterOffsetEnd":200,"pos":"NNP","before":" ","after":" "},{"index":8,"word":"you","originalText":"you","characterOffsetBegin":201,"characterOffsetEnd":204,"pos":"PRP","before":" ","after":" "},{"index":9,"word":"can","originalText":"can","characterOffsetBegin":205,"characterOffsetEnd":208,"pos":"MD","before":" ","after":" "},{"index":10,"word":"remember","originalText":"remember","characterOffsetBegin":209,"characterOffsetEnd":217,"pos":"VB","before":" ","after":" "},{"index":11,"word":"what","originalText":"what","characterOffsetBegin":218,"characterOffsetEnd":222,"pos":"WP","before":" ","after":" "},{"index":12,"word":"you","originalText":"you","characterOffsetBegin":223,"characterOffsetEnd":226,"pos":"PRP","before":" ","after":" "},{"index":13,"word":"typed","originalText":"typed","characterOffsetBegin":227,"characterOffsetEnd":232,"pos":"VBD","before":" ","after":""},{"index":14,"word":",","originalText":",","characterOffsetBegin":232,"characterOffsetEnd":233,"pos":",","before":"","after":" "},{"index":15,"word":"I","originalText":"I","characterOffsetBegin":234,"characterOffsetEnd":235,"pos":"PRP","before":" ","after":""},{"index":16,"word":"'d","originalText":"'d","characterOffsetBegin":235,"characterOffsetEnd":237,"pos":"MD","before":"","after":" "},{"index":17,"word":"appreciate","originalText":"appreciate","characterOffsetBegin":238,"characterOffsetEnd":248,"pos":"VB","before":" ","after":" "},{"index":18,"word":"another","originalText":"another","characterOffsetBegin":249,"characterOffsetEnd":256,"pos":"DT","before":" ","after":" "},{"index":19,"word":"attempt!Derek","originalText":"attempt!Derek","characterOffsetBegin":257,"characterOffsetEnd":270,"pos":"NN","before":" ","after":""},{"index":20,"word":"-----------------------------------------------------------","originalText":"-----------------------------------------------------------","characterOffsetBegin":270,"characterOffsetEnd":329,"pos":"CD","before":"","after":""},{"index":21,"word":"|","originalText":"|","characterOffsetBegin":329,"characterOffsetEnd":330,"pos":"CD","before":"","after":" "},{"index":22,"word":"Derek","originalText":"Derek","characterOffsetBegin":331,"characterOffsetEnd":336,"pos":"NNP","before":" ","after":" "},{"index":23,"word":"C.","originalText":"C.","characterOffsetBegin":337,"characterOffsetEnd":339,"pos":"NNP","before":" ","after":" "},{"index":24,"word":"Richardson","originalText":"Richardson","characterOffsetBegin":340,"characterOffsetEnd":350,"pos":"NNP","before":" ","after":"    "},{"index":25,"word":"|","originalText":"|","characterOffsetBegin":354,"characterOffsetEnd":355,"pos":"NNP","before":"    ","after":" "},{"index":26,"word":"Tel","originalText":"Tel","characterOffsetBegin":356,"characterOffsetEnd":359,"pos":"NNP","before":" ","after":""},{"index":27,"word":":","originalText":":","characterOffsetBegin":359,"characterOffsetEnd":360,"pos":":","before":"","after":" "},{"index":28,"word":"-LRB-","originalText":"(","characterOffsetBegin":361,"characterOffsetEnd":362,"pos":"-LRB-","before":" ","after":""},{"index":29,"word":"0223","originalText":"0223","characterOffsetBegin":362,"characterOffsetEnd":366,"pos":"CD","before":"","after":""},{"index":30,"word":"-RRB-","originalText":")","characterOffsetBegin":366,"characterOffsetEnd":367,"pos":"-RRB-","before":"","after":" "},{"index":31,"word":"337548","originalText":"337548","characterOffsetBegin":368,"characterOffsetEnd":374,"pos":"CD","before":" ","after":" "},{"index":32,"word":"x","originalText":"x","characterOffsetBegin":375,"characterOffsetEnd":376,"pos":"CC","before":" ","after":" "},{"index":33,"word":"37501","originalText":"37501","characterOffsetBegin":377,"characterOffsetEnd":382,"pos":"CD","before":" ","after":"     "},{"index":34,"word":"|","originalText":"|","characterOffsetBegin":387,"characterOffsetEnd":388,"pos":"CD","before":"     ","after":""},{"index":35,"word":"|","originalText":"|","characterOffsetBegin":388,"characterOffsetEnd":389,"pos":"NNP","before":"","after":" "},{"index":36,"word":"Institute","originalText":"Institute","characterOffsetBegin":390,"characterOffsetEnd":399,"pos":"NNP","before":" ","after":" "},{"index":37,"word":"of","originalText":"of","characterOffsetBegin":400,"characterOffsetEnd":402,"pos":"IN","before":" ","after":" "},{"index":38,"word":"Astronomy","originalText":"Astronomy","characterOffsetBegin":403,"characterOffsetEnd":412,"pos":"NNP","before":" ","after":" "},{"index":39,"word":"|","originalText":"|","characterOffsetBegin":413,"characterOffsetEnd":414,"pos":"NNP","before":" ","after":" "},{"index":40,"word":"Fax","originalText":"Fax","characterOffsetBegin":415,"characterOffsetEnd":418,"pos":"NNP","before":" ","after":""},{"index":41,"word":":","originalText":":","characterOffsetBegin":418,"characterOffsetEnd":419,"pos":":","before":"","after":" "},{"index":42,"word":"-LRB-","originalText":"(","characterOffsetBegin":420,"characterOffsetEnd":421,"pos":"-LRB-","before":" ","after":""},{"index":43,"word":"0223","originalText":"0223","characterOffsetBegin":421,"characterOffsetEnd":425,"pos":"CD","before":"","after":""},{"index":44,"word":"-RRB-","originalText":")","characterOffsetBegin":425,"characterOffsetEnd":426,"pos":"-RRB-","before":"","after":" "},{"index":45,"word":"337523","originalText":"337523","characterOffsetBegin":427,"characterOffsetEnd":433,"pos":"CD","before":" ","after":"             "},{"index":46,"word":"|","originalText":"|","characterOffsetBegin":446,"characterOffsetEnd":447,"pos":"CD","before":"             ","after":""},{"index":47,"word":"|","originalText":"|","characterOffsetBegin":447,"characterOffsetEnd":448,"pos":"CD","before":"","after":" "},{"index":48,"word":"Cambridge","originalText":"Cambridge","characterOffsetBegin":449,"characterOffsetEnd":458,"pos":"NNP","before":" ","after":""},{"index":49,"word":",","originalText":",","characterOffsetBegin":458,"characterOffsetEnd":459,"pos":",","before":"","after":" "},{"index":50,"word":"U.K.","originalText":"U.K.","characterOffsetBegin":460,"characterOffsetEnd":464,"pos":"NNP","before":" ","after":"        "},{"index":51,"word":"|","originalText":"|","characterOffsetBegin":472,"characterOffsetEnd":473,"pos":"VBD","before":"        ","after":"                                "},{"index":52,"word":"|","originalText":"|","characterOffsetBegin":505,"characterOffsetEnd":506,"pos":"CD","before":"                                ","after":""},{"index":53,"word":"|","originalText":"|","characterOffsetBegin":506,"characterOffsetEnd":507,"pos":"CD","before":"","after":" "},{"index":54,"word":"CB3","originalText":"CB3","characterOffsetBegin":508,"characterOffsetEnd":511,"pos":"NN","before":" ","after":" "},{"index":55,"word":"0HA","originalText":"0HA","characterOffsetBegin":512,"characterOffsetEnd":515,"pos":"NN","before":" ","after":"                "},{"index":56,"word":"|","originalText":"|","characterOffsetBegin":531,"characterOffsetEnd":532,"pos":"CD","before":"                ","after":" "},{"index":57,"word":"E-mail","originalText":"E-mail","characterOffsetBegin":533,"characterOffsetEnd":539,"pos":"NN","before":" ","after":""},{"index":58,"word":":","originalText":":","characterOffsetBegin":539,"characterOffsetEnd":540,"pos":":","before":"","after":" "},{"index":59,"word":"dcr@mail.ast.cam.ac.uk","originalText":"dcr@mail.ast.cam.ac.uk","characterOffsetBegin":541,"characterOffsetEnd":563,"pos":"NN","before":" ","after":" "},{"index":60,"word":"|","originalText":"|","characterOffsetBegin":564,"characterOffsetEnd":565,"pos":"CD","before":" ","after":""},{"index":61,"word":"----------------------------------------------------------------","originalText":"----------------------------------------------------------------","characterOffsetBegin":565,"characterOffsetEnd":629,"pos":"CD","before":"","after":" "},{"index":62,"word":"Begin","originalText":"Begin","characterOffsetBegin":630,"characterOffsetEnd":635,"pos":"NNP","before":" ","after":" "},{"index":63,"word":"Included","originalText":"Included","characterOffsetBegin":636,"characterOffsetEnd":644,"pos":"VBD","before":" ","after":" "},{"index":64,"word":"Message","originalText":"Message","characterOffsetBegin":645,"characterOffsetEnd":652,"pos":"NN","before":" ","after":" "},{"index":65,"word":"-----","originalText":"-----","characterOffsetBegin":653,"characterOffsetEnd":658,"pos":"CD","before":" ","after":""},{"index":66,"word":"From","originalText":"From","characterOffsetBegin":658,"characterOffsetEnd":662,"pos":"IN","before":"","after":" "},{"index":67,"word":"aol.com!Postmaster","originalText":"aol.com!Postmaster","characterOffsetBegin":663,"characterOffsetEnd":681,"pos":"NNP","before":" ","after":" "},{"index":68,"word":"Thu","originalText":"Thu","characterOffsetBegin":682,"characterOffsetEnd":685,"pos":"NNP","before":" ","after":" "},{"index":69,"word":"Apr","originalText":"Apr","characterOffsetBegin":686,"characterOffsetEnd":689,"pos":"NNP","before":" ","after":" "},{"index":70,"word":"22","originalText":"22","characterOffsetBegin":690,"characterOffsetEnd":692,"pos":"CD","before":" ","after":" "},{"index":71,"word":"04:47:31","originalText":"04:47:31","characterOffsetBegin":693,"characterOffsetEnd":701,"pos":"CD","before":" ","after":" "},{"index":72,"word":"1993Received","originalText":"1993Received","characterOffsetBegin":702,"characterOffsetEnd":714,"pos":"VBN","before":" ","after":""},{"index":73,"word":":","originalText":":","characterOffsetBegin":714,"characterOffsetEnd":715,"pos":":","before":"","after":" "},{"index":74,"word":"by","originalText":"by","characterOffsetBegin":716,"characterOffsetEnd":718,"pos":"IN","before":" ","after":" "},{"index":75,"word":"cast0.ast.cam.ac.uk","originalText":"cast0.ast.cam.ac.uk","characterOffsetBegin":719,"characterOffsetEnd":738,"pos":"NN","before":" ","after":" "},{"index":76,"word":"-LRB-","originalText":"(","characterOffsetBegin":739,"characterOffsetEnd":740,"pos":"-LRB-","before":" ","after":""},{"index":77,"word":"UK-Smail","originalText":"UK-Smail","characterOffsetBegin":740,"characterOffsetEnd":748,"pos":"NN","before":"","after":" "},{"index":78,"word":"3.1.25.1","originalText":"3.1.25.1","characterOffsetBegin":749,"characterOffsetEnd":757,"pos":"CD","before":" ","after":""},{"index":79,"word":"/","originalText":"/","characterOffsetBegin":757,"characterOffsetEnd":758,"pos":":","before":"","after":""},{"index":80,"word":"2","originalText":"2","characterOffsetBegin":758,"characterOffsetEnd":759,"pos":"LS","before":"","after":""},{"index":81,"word":"-RRB-","originalText":")","characterOffsetBegin":759,"characterOffsetEnd":760,"pos":"-RRB-","before":"","after":"  "},{"index":82,"word":"id","originalText":"id","characterOffsetBegin":762,"characterOffsetEnd":764,"pos":"NN","before":"  ","after":" "},{"index":83,"word":"<m0nlsG0-0001MPC@cast0.ast.cam.ac.uk>","originalText":"<m0nlsG0-0001MPC@cast0.ast.cam.ac.uk>","characterOffsetBegin":765,"characterOffsetEnd":802,"pos":"NN","before":" ","after":""},{"index":84,"word":";","originalText":";","characterOffsetBegin":802,"characterOffsetEnd":803,"pos":":","before":"","after":" "},{"index":85,"word":"Thu","originalText":"Thu","characterOffsetBegin":804,"characterOffsetEnd":807,"pos":"NNP","before":" ","after":""},{"index":86,"word":",","originalText":",","characterOffsetBegin":807,"characterOffsetEnd":808,"pos":",","before":"","after":" "},{"index":87,"word":"22","originalText":"22","characterOffsetBegin":809,"characterOffsetEnd":811,"pos":"CD","before":" ","after":" "},{"index":88,"word":"Apr","originalText":"Apr","characterOffsetBegin":812,"characterOffsetEnd":815,"pos":"NN","before":" ","after":" "},{"index":89,"word":"93","originalText":"93","characterOffsetBegin":816,"characterOffsetEnd":818,"pos":"CD","before":" ","after":" "},{"index":90,"word":"04:47","originalText":"04:47","characterOffsetBegin":819,"characterOffsetEnd":824,"pos":"CD","before":" ","after":" "},{"index":91,"word":"BSTReceived","originalText":"BSTReceived","characterOffsetBegin":825,"characterOffsetEnd":836,"pos":"NNP","before":" ","after":""},{"index":92,"word":":","originalText":":","characterOffsetBegin":836,"characterOffsetEnd":837,"pos":":","before":"","after":" "},{"index":93,"word":"from","originalText":"from","characterOffsetBegin":838,"characterOffsetEnd":842,"pos":"IN","before":" ","after":" "},{"index":94,"word":"sco1.prod.aol.net","originalText":"sco1.prod.aol.net","characterOffsetBegin":843,"characterOffsetEnd":860,"pos":"NN","before":" ","after":" "},{"index":95,"word":"by","originalText":"by","characterOffsetBegin":861,"characterOffsetEnd":863,"pos":"IN","before":" ","after":" "},{"index":96,"word":"hp81.prod.aol.net","originalText":"hp81.prod.aol.net","characterOffsetBegin":864,"characterOffsetEnd":881,"pos":"NN","before":" ","after":" "},{"index":97,"word":"with","originalText":"with","characterOffsetBegin":882,"characterOffsetEnd":886,"pos":"IN","before":" ","after":" "},{"index":98,"word":"SMTP","originalText":"SMTP","characterOffsetBegin":887,"characterOffsetEnd":891,"pos":"NN","before":" ","after":"\t"},{"index":99,"word":"-LRB-","originalText":"(","characterOffsetBegin":892,"characterOffsetEnd":893,"pos":"-LRB-","before":"\t","after":""},{"index":100,"word":"1.37.109.4","originalText":"1.37.109.4","characterOffsetBegin":893,"characterOffsetEnd":903,"pos":"CD","before":"","after":""},{"index":101,"word":"/","originalText":"/","characterOffsetBegin":903,"characterOffsetEnd":904,"pos":":","before":"","after":""},{"index":102,"word":"16.2","originalText":"16.2","characterOffsetBegin":904,"characterOffsetEnd":908,"pos":"CD","before":"","after":""},{"index":103,"word":"-RRB-","originalText":")","characterOffsetBegin":908,"characterOffsetEnd":909,"pos":"-RRB-","before":"","after":" "},{"index":104,"word":"id","originalText":"id","characterOffsetBegin":910,"characterOffsetEnd":912,"pos":"NN","before":" ","after":" "},{"index":105,"word":"AA19251","originalText":"AA19251","characterOffsetBegin":913,"characterOffsetEnd":920,"pos":"NN","before":" ","after":""},{"index":106,"word":";","originalText":";","characterOffsetBegin":920,"characterOffsetEnd":921,"pos":":","before":"","after":" "},{"index":107,"word":"Wed","originalText":"Wed","characterOffsetBegin":922,"characterOffsetEnd":925,"pos":"VBN","before":" ","after":""},{"index":108,"word":",","originalText":",","characterOffsetBegin":925,"characterOffsetEnd":926,"pos":",","before":"","after":" "},{"index":109,"word":"21","originalText":"21","characterOffsetBegin":927,"characterOffsetEnd":929,"pos":"CD","before":" ","after":" "},{"index":110,"word":"Apr","originalText":"Apr","characterOffsetBegin":930,"characterOffsetEnd":933,"pos":"NN","before":" ","after":" "},{"index":111,"word":"93","originalText":"93","characterOffsetBegin":934,"characterOffsetEnd":936,"pos":"CD","before":" ","after":" "},{"index":112,"word":"23:49:16","originalText":"23:49:16","characterOffsetBegin":937,"characterOffsetEnd":945,"pos":"CD","before":" ","after":" "},{"index":113,"word":"-0400","originalText":"-0400","characterOffsetBegin":946,"characterOffsetEnd":951,"pos":"CD","before":" ","after":""},{"index":114,"word":"From","originalText":"From","characterOffsetBegin":951,"characterOffsetEnd":955,"pos":"IN","before":"","after":""},{"index":115,"word":":","originalText":":","characterOffsetBegin":955,"characterOffsetEnd":956,"pos":":","before":"","after":" "},{"index":116,"word":"Postmaster@aol.comX-Mailer:","originalText":"Postmaster@aol.comX-Mailer:","characterOffsetBegin":957,"characterOffsetEnd":984,"pos":"NNP","before":" ","after":" "},{"index":117,"word":"America","originalText":"America","characterOffsetBegin":985,"characterOffsetEnd":992,"pos":"NNP","before":" ","after":" "},{"index":118,"word":"Online","originalText":"Online","characterOffsetBegin":993,"characterOffsetEnd":999,"pos":"NNP","before":" ","after":" "},{"index":119,"word":"MailerTo","originalText":"MailerTo","characterOffsetBegin":1000,"characterOffsetEnd":1008,"pos":"NNP","before":" ","after":""},{"index":120,"word":":","originalText":":","characterOffsetBegin":1008,"characterOffsetEnd":1009,"pos":":","before":"","after":" "},{"index":121,"word":"dcr@mail.ast.cam.ac.ukSubject:","originalText":"dcr@mail.ast.cam.ac.ukSubject:","characterOffsetBegin":1010,"characterOffsetEnd":1040,"pos":"NNP","before":" ","after":" "},{"index":122,"word":"Returned","originalText":"Returned","characterOffsetBegin":1041,"characterOffsetEnd":1049,"pos":"VBD","before":" ","after":" "},{"index":123,"word":"Mail","originalText":"Mail","characterOffsetBegin":1050,"characterOffsetEnd":1054,"pos":"NNP","before":" ","after":" "},{"index":124,"word":"Unknown","originalText":"Unknown","characterOffsetBegin":1055,"characterOffsetEnd":1062,"pos":"JJ","before":" ","after":" "},{"index":125,"word":"Member","originalText":"Member","characterOffsetBegin":1063,"characterOffsetEnd":1069,"pos":"NNP","before":" ","after":" "},{"index":126,"word":"Date","originalText":"Date","characterOffsetBegin":1070,"characterOffsetEnd":1074,"pos":"NNP","before":" ","after":""},{"index":127,"word":":","originalText":":","characterOffsetBegin":1074,"characterOffsetEnd":1075,"pos":":","before":"","after":" "},{"index":128,"word":"Wed","originalText":"Wed","characterOffsetBegin":1076,"characterOffsetEnd":1079,"pos":"VBD","before":" ","after":""},{"index":129,"word":",","originalText":",","characterOffsetBegin":1079,"characterOffsetEnd":1080,"pos":",","before":"","after":" "},{"index":130,"word":"21","originalText":"21","characterOffsetBegin":1081,"characterOffsetEnd":1083,"pos":"CD","before":" ","after":" "},{"index":131,"word":"Apr","originalText":"Apr","characterOffsetBegin":1084,"characterOffsetEnd":1087,"pos":"NN","before":" ","after":" "},{"index":132,"word":"93","originalText":"93","characterOffsetBegin":1088,"characterOffsetEnd":1090,"pos":"CD","before":" ","after":" "},{"index":133,"word":"23:46:36","originalText":"23:46:36","characterOffsetBegin":1091,"characterOffsetEnd":1099,"pos":"CD","before":" ","after":" "},{"index":134,"word":"EDTMessage-Id","originalText":"EDTMessage-Id","characterOffsetBegin":1100,"characterOffsetEnd":1113,"pos":"NN","before":" ","after":""},{"index":135,"word":":","originalText":":","characterOffsetBegin":1113,"characterOffsetEnd":1114,"pos":":","before":"","after":" "},{"index":136,"word":"<9304212346.tn60988@aol.com>","originalText":"<9304212346.tn60988@aol.com>","characterOffsetBegin":1115,"characterOffsetEnd":1143,"pos":"NN","before":" ","after":""},{"index":137,"word":"Status","originalText":"Status","characterOffsetBegin":1143,"characterOffsetEnd":1149,"pos":"NN","before":"","after":""},{"index":138,"word":":","originalText":":","characterOffsetBegin":1149,"characterOffsetEnd":1150,"pos":":","before":"","after":" "},{"index":139,"word":"R","originalText":"R","characterOffsetBegin":1151,"characterOffsetEnd":1152,"pos":"NN","before":" ","after":" "},{"index":140,"word":"The","originalText":"The","characterOffsetBegin":1153,"characterOffsetEnd":1156,"pos":"DT","before":" ","after":" "},{"index":141,"word":"mail","originalText":"mail","characterOffsetBegin":1157,"characterOffsetEnd":1161,"pos":"NN","before":" ","after":" "},{"index":142,"word":"you","originalText":"you","characterOffsetBegin":1162,"characterOffsetEnd":1165,"pos":"PRP","before":" ","after":" "},{"index":143,"word":"sent","originalText":"sent","characterOffsetBegin":1166,"characterOffsetEnd":1170,"pos":"VBD","before":" ","after":" "},{"index":144,"word":"could","originalText":"could","characterOffsetBegin":1171,"characterOffsetEnd":1176,"pos":"MD","before":" ","after":" "},{"index":145,"word":"not","originalText":"not","characterOffsetBegin":1177,"characterOffsetEnd":1180,"pos":"RB","before":" ","after":" "},{"index":146,"word":"be","originalText":"be","characterOffsetBegin":1181,"characterOffsetEnd":1183,"pos":"VB","before":" ","after":" "},{"index":147,"word":"delivered","originalText":"delivered","characterOffsetBegin":1184,"characterOffsetEnd":1193,"pos":"VBN","before":" ","after":""},{"index":148,"word":";","originalText":";","characterOffsetBegin":1193,"characterOffsetEnd":1194,"pos":":","before":"","after":" "},{"index":149,"word":"it","originalText":"it","characterOffsetBegin":1195,"characterOffsetEnd":1197,"pos":"PRP","before":" ","after":" "},{"index":150,"word":"was","originalText":"was","characterOffsetBegin":1198,"characterOffsetEnd":1201,"pos":"VBD","before":" ","after":" "},{"index":151,"word":"addressed","originalText":"addressed","characterOffsetBegin":1202,"characterOffsetEnd":1211,"pos":"VBN","before":" ","after":" "},{"index":152,"word":"to","originalText":"to","characterOffsetBegin":1212,"characterOffsetEnd":1214,"pos":"TO","before":" ","after":" "},{"index":153,"word":"an","originalText":"an","characterOffsetBegin":1215,"characterOffsetEnd":1217,"pos":"DT","before":" ","after":" "},{"index":154,"word":"unknown","originalText":"unknown","characterOffsetBegin":1218,"characterOffsetEnd":1225,"pos":"JJ","before":" ","after":" "},{"index":155,"word":"user.The","originalText":"user.The","characterOffsetBegin":1226,"characterOffsetEnd":1234,"pos":"NN","before":" ","after":" "},{"index":156,"word":"text","originalText":"text","characterOffsetBegin":1235,"characterOffsetEnd":1239,"pos":"NN","before":" ","after":" "},{"index":157,"word":"you","originalText":"you","characterOffsetBegin":1240,"characterOffsetEnd":1243,"pos":"PRP","before":" ","after":" "},{"index":158,"word":"sent","originalText":"sent","characterOffsetBegin":1244,"characterOffsetEnd":1248,"pos":"VBD","before":" ","after":" "},{"index":159,"word":"follows","originalText":"follows","characterOffsetBegin":1249,"characterOffsetEnd":1256,"pos":"VBZ","before":" ","after":""},{"index":160,"word":"...","originalText":"...","characterOffsetBegin":1256,"characterOffsetEnd":1259,"pos":":","before":"","after":""},{"index":161,"word":"Hi","originalText":"Hi","characterOffsetBegin":1259,"characterOffsetEnd":1261,"pos":"NNP","before":"","after":""},{"index":162,"word":",","originalText":",","characterOffsetBegin":1261,"characterOffsetEnd":1262,"pos":",","before":"","after":" "},{"index":163,"word":"I","originalText":"I","characterOffsetBegin":1263,"characterOffsetEnd":1264,"pos":"PRP","before":" ","after":""},{"index":164,"word":"'m","originalText":"'m","characterOffsetBegin":1264,"characterOffsetEnd":1266,"pos":"VBP","before":"","after":" "},{"index":165,"word":"new","originalText":"new","characterOffsetBegin":1267,"characterOffsetEnd":1270,"pos":"JJ","before":" ","after":" "},{"index":166,"word":"to","originalText":"to","characterOffsetBegin":1271,"characterOffsetEnd":1273,"pos":"TO","before":" ","after":" "},{"index":167,"word":"this","originalText":"this","characterOffsetBegin":1274,"characterOffsetEnd":1278,"pos":"DT","before":" ","after":" "},{"index":168,"word":"group","originalText":"group","characterOffsetBegin":1279,"characterOffsetEnd":1284,"pos":"NN","before":" ","after":" "},{"index":169,"word":"so","originalText":"so","characterOffsetBegin":1285,"characterOffsetEnd":1287,"pos":"RB","before":" ","after":" "},{"index":170,"word":"please","originalText":"please","characterOffsetBegin":1288,"characterOffsetEnd":1294,"pos":"VB","before":" ","after":" "},{"index":171,"word":"bear","originalText":"bear","characterOffsetBegin":1295,"characterOffsetEnd":1299,"pos":"NN","before":" ","after":" "},{"index":172,"word":"with","originalText":"with","characterOffsetBegin":1300,"characterOffsetEnd":1304,"pos":"IN","before":" ","after":" "},{"index":173,"word":"me!Two","originalText":"me!Two","characterOffsetBegin":1305,"characterOffsetEnd":1311,"pos":"NN","before":" ","after":" "},{"index":174,"word":"years","originalText":"years","characterOffsetBegin":1312,"characterOffsetEnd":1317,"pos":"NNS","before":" ","after":" "},{"index":175,"word":"ago","originalText":"ago","characterOffsetBegin":1318,"characterOffsetEnd":1321,"pos":"IN","before":" ","after":" "},{"index":176,"word":"I","originalText":"I","characterOffsetBegin":1322,"characterOffsetEnd":1323,"pos":"PRP","before":" ","after":" "},{"index":177,"word":"wrote","originalText":"wrote","characterOffsetBegin":1324,"characterOffsetEnd":1329,"pos":"VBD","before":" ","after":" "},{"index":178,"word":"a","originalText":"a","characterOffsetBegin":1330,"characterOffsetEnd":1331,"pos":"DT","before":" ","after":" "},{"index":179,"word":"Sunview","originalText":"Sunview","characterOffsetBegin":1332,"characterOffsetEnd":1339,"pos":"NNP","before":" ","after":" "},{"index":180,"word":"application","originalText":"application","characterOffsetBegin":1340,"characterOffsetEnd":1351,"pos":"NN","before":" ","after":" "},{"index":181,"word":"for","originalText":"for","characterOffsetBegin":1352,"characterOffsetEnd":1355,"pos":"IN","before":" ","after":" "},{"index":182,"word":"fast","originalText":"fast","characterOffsetBegin":1356,"characterOffsetEnd":1360,"pos":"JJ","before":" ","after":" "},{"index":183,"word":"animationof","originalText":"animationof","characterOffsetBegin":1361,"characterOffsetEnd":1372,"pos":"NN","before":" ","after":" "},{"index":184,"word":"raster","originalText":"raster","characterOffsetBegin":1373,"characterOffsetEnd":1379,"pos":"NN","before":" ","after":" "},{"index":185,"word":"files","originalText":"files","characterOffsetBegin":1380,"characterOffsetEnd":1385,"pos":"NNS","before":" ","after":""},{"index":186,"word":".","originalText":".","characterOffsetBegin":1385,"characterOffsetEnd":1386,"pos":".","before":"","after":" "}]},{"index":2,"tokens":[{"index":1,"word":"With","originalText":"With","characterOffsetBegin":1387,"characterOffsetEnd":1391,"pos":"IN","before":" ","after":" "},{"index":2,"word":"Sunview","originalText":"Sunview","characterOffsetBegin":1392,"characterOffsetEnd":1399,"pos":"NNP","before":" ","after":" "},{"index":3,"word":"becoming","originalText":"becoming","characterOffsetBegin":1400,"characterOffsetEnd":1408,"pos":"VBG","before":" ","after":" "},{"index":4,"word":"rapidly","originalText":"rapidly","characterOffsetBegin":1409,"characterOffsetEnd":1416,"pos":"RB","before":" ","after":" "},{"index":5,"word":"obselete","originalText":"obselete","characterOffsetBegin":1417,"characterOffsetEnd":1425,"pos":"JJ","before":" ","after":""},{"index":6,"word":",","originalText":",","characterOffsetBegin":1425,"characterOffsetEnd":1426,"pos":",","before":"","after":" "},{"index":7,"word":"I","originalText":"I","characterOffsetBegin":1427,"characterOffsetEnd":1428,"pos":"PRP","before":" ","after":""},{"index":8,"word":"`","originalText":"'","characterOffsetBegin":1428,"characterOffsetEnd":1429,"pos":"``","before":"","after":""},{"index":9,"word":"vefinally","originalText":"vefinally","characterOffsetBegin":1429,"characterOffsetEnd":1438,"pos":"RB","before":"","after":" "},{"index":10,"word":"decided","originalText":"decided","characterOffsetBegin":1439,"characterOffsetEnd":1446,"pos":"VBN","before":" ","after":" "},{"index":11,"word":"to","originalText":"to","characterOffsetBegin":1447,"characterOffsetEnd":1449,"pos":"TO","before":" ","after":" "},{"index":12,"word":"rewrite","originalText":"rewrite","characterOffsetBegin":1450,"characterOffsetEnd":1457,"pos":"VB","before":" ","after":" "},{"index":13,"word":"everything","originalText":"everything","characterOffsetBegin":1458,"characterOffsetEnd":1468,"pos":"NN","before":" ","after":" "},{"index":14,"word":"from","originalText":"from","characterOffsetBegin":1469,"characterOffsetEnd":1473,"pos":"IN","before":" ","after":" "},{"index":15,"word":"scratch","originalText":"scratch","characterOffsetBegin":1474,"characterOffsetEnd":1481,"pos":"NN","before":" ","after":" "},{"index":16,"word":"in","originalText":"in","characterOffsetBegin":1482,"characterOffsetEnd":1484,"pos":"IN","before":" ","after":" "},{"index":17,"word":"XView.I","originalText":"XView.I","characterOffsetBegin":1485,"characterOffsetEnd":1492,"pos":"NNP","before":" ","after":" "},{"index":18,"word":"put","originalText":"put","characterOffsetBegin":1493,"characterOffsetEnd":1496,"pos":"VBN","before":" ","after":" "},{"index":19,"word":"together","originalText":"together","characterOffsetBegin":1497,"characterOffsetEnd":1505,"pos":"RB","before":" ","after":" "},{"index":20,"word":"a","originalText":"a","characterOffsetBegin":1506,"characterOffsetEnd":1507,"pos":"DT","before":" ","after":" "},{"index":21,"word":"quick","originalText":"quick","characterOffsetBegin":1508,"characterOffsetEnd":1513,"pos":"JJ","before":" ","after":" "},{"index":22,"word":"test","originalText":"test","characterOffsetBegin":1514,"characterOffsetEnd":1518,"pos":"NN","before":" ","after":""},{"index":23,"word":",","originalText":",","characterOffsetBegin":1518,"characterOffsetEnd":1519,"pos":",","before":"","after":" "},{"index":24,"word":"and","originalText":"and","characterOffsetBegin":1520,"characterOffsetEnd":1523,"pos":"CC","before":" ","after":" "},{"index":25,"word":"I","originalText":"I","characterOffsetBegin":1524,"characterOffsetEnd":1525,"pos":"PRP","before":" ","after":""},{"index":26,"word":"'ve","originalText":"'ve","characterOffsetBegin":1525,"characterOffsetEnd":1528,"pos":"VBP","before":"","after":" "},{"index":27,"word":"found","originalText":"found","characterOffsetBegin":1529,"characterOffsetEnd":1534,"pos":"VBN","before":" ","after":" "},{"index":28,"word":"that","originalText":"that","characterOffsetBegin":1535,"characterOffsetEnd":1539,"pos":"IN","before":" ","after":" "},{"index":29,"word":"XPutImage","originalText":"XPutImage","characterOffsetBegin":1540,"characterOffsetEnd":1549,"pos":"NN","before":" ","after":""},{"index":30,"word":"-LRB-","originalText":"(","characterOffsetBegin":1549,"characterOffsetEnd":1550,"pos":"-LRB-","before":"","after":""},{"index":31,"word":"-RRB-","originalText":")","characterOffsetBegin":1550,"characterOffsetEnd":1551,"pos":"-RRB-","before":"","after":""},{"index":32,"word":"is","originalText":"is","characterOffsetBegin":1551,"characterOffsetEnd":1553,"pos":"VBZ","before":"","after":" "},{"index":33,"word":"considerably","originalText":"considerably","characterOffsetBegin":1554,"characterOffsetEnd":1566,"pos":"RB","before":" ","after":" "},{"index":34,"word":"slower","originalText":"slower","characterOffsetBegin":1567,"characterOffsetEnd":1573,"pos":"JJR","before":" ","after":" "},{"index":35,"word":"-LRB-","originalText":"(","characterOffsetBegin":1574,"characterOffsetEnd":1575,"pos":"-LRB-","before":" ","after":""},{"index":36,"word":"factor","originalText":"factor","characterOffsetBegin":1575,"characterOffsetEnd":1581,"pos":"NN","before":"","after":" "},{"index":37,"word":"of","originalText":"of","characterOffsetBegin":1582,"characterOffsetEnd":1584,"pos":"IN","before":" ","after":" "},{"index":38,"word":"2","originalText":"2","characterOffsetBegin":1585,"characterOffsetEnd":1586,"pos":"CD","before":" ","after":" "},{"index":39,"word":"on","originalText":"on","characterOffsetBegin":1587,"characterOffsetEnd":1589,"pos":"IN","before":" ","after":" "},{"index":40,"word":"average","originalText":"average","characterOffsetBegin":1590,"characterOffsetEnd":1597,"pos":"NN","before":" ","after":""},{"index":41,"word":"?","originalText":"?","characterOffsetBegin":1597,"characterOffsetEnd":1598,"pos":".","before":"","after":""},{"index":42,"word":"-RRB-","originalText":")","characterOffsetBegin":1598,"characterOffsetEnd":1599,"pos":"-RRB-","before":"","after":" "}]},{"index":3,"tokens":[{"index":1,"word":"than","originalText":"than","characterOffsetBegin":1600,"characterOffsetEnd":1604,"pos":"IN","before":" ","after":" "},{"index":2,"word":"theSunview","originalText":"theSunview","characterOffsetBegin":1605,"characterOffsetEnd":1615,"pos":"JJ","before":" ","after":" "},{"index":3,"word":"command","originalText":"command","characterOffsetBegin":1616,"characterOffsetEnd":1623,"pos":"NN","before":" ","after":" "},{"index":4,"word":"pw_rop","originalText":"pw_rop","characterOffsetBegin":1624,"characterOffsetEnd":1630,"pos":"NN","before":" ","after":""},{"index":5,"word":"-LRB-","originalText":"(","characterOffsetBegin":1630,"characterOffsetEnd":1631,"pos":"-LRB-","before":"","after":""},{"index":6,"word":"-RRB-","originalText":")","characterOffsetBegin":1631,"characterOffsetEnd":1632,"pos":"-RRB-","before":"","after":" "},{"index":7,"word":"which","originalText":"which","characterOffsetBegin":1633,"characterOffsetEnd":1638,"pos":"WDT","before":" ","after":" "},{"index":8,"word":"moves","originalText":"moves","characterOffsetBegin":1639,"characterOffsetEnd":1644,"pos":"VBZ","before":" ","after":" "},{"index":9,"word":"image","originalText":"image","characterOffsetBegin":1645,"characterOffsetEnd":1650,"pos":"NN","before":" ","after":" "},{"index":10,"word":"data","originalText":"data","characterOffsetBegin":1651,"characterOffsetEnd":1655,"pos":"NNS","before":" ","after":" "},{"index":11,"word":"from","originalText":"from","characterOffsetBegin":1656,"characterOffsetEnd":1660,"pos":"IN","before":" ","after":" "},{"index":12,"word":"memorypixrects","originalText":"memorypixrects","characterOffsetBegin":1661,"characterOffsetEnd":1675,"pos":"NNS","before":" ","after":" "},{"index":13,"word":"to","originalText":"to","characterOffsetBegin":1676,"characterOffsetEnd":1678,"pos":"TO","before":" ","after":" "},{"index":14,"word":"a","originalText":"a","characterOffsetBegin":1679,"characterOffsetEnd":1680,"pos":"DT","before":" ","after":" "},{"index":15,"word":"canvas","originalText":"canvas","characterOffsetBegin":1681,"characterOffsetEnd":1687,"pos":"NN","before":" ","after":""},{"index":16,"word":".","originalText":".","characterOffsetBegin":1687,"characterOffsetEnd":1688,"pos":".","before":"","after":" "}]},{"index":4,"tokens":[{"index":1,"word":"This","originalText":"This","characterOffsetBegin":1689,"characterOffsetEnd":1693,"pos":"DT","before":" ","after":" "},{"index":2,"word":"was","originalText":"was","characterOffsetBegin":1694,"characterOffsetEnd":1697,"pos":"VBD","before":" ","after":" "},{"index":3,"word":"on","originalText":"on","characterOffsetBegin":1698,"characterOffsetEnd":1700,"pos":"IN","before":" ","after":" "},{"index":4,"word":"a","originalText":"a","characterOffsetBegin":1701,"characterOffsetEnd":1702,"pos":"DT","before":" ","after":" "},{"index":5,"word":"Sparc","originalText":"Sparc","characterOffsetBegin":1703,"characterOffsetEnd":1708,"pos":"NNP","before":" ","after":" "},{"index":6,"word":"IPX","originalText":"IPX","characterOffsetBegin":1709,"characterOffsetEnd":1712,"pos":"NNP","before":" ","after":""},{"index":7,"word":".","originalText":".","characterOffsetBegin":1712,"characterOffsetEnd":1713,"pos":".","before":"","after":" "}]},{"index":5,"tokens":[{"index":1,"word":"It","originalText":"It","characterOffsetBegin":1714,"characterOffsetEnd":1716,"pos":"PRP","before":" ","after":" "},{"index":2,"word":"seems","originalText":"seems","characterOffsetBegin":1717,"characterOffsetEnd":1722,"pos":"VBZ","before":" ","after":" "},{"index":3,"word":"that","originalText":"that","characterOffsetBegin":1723,"characterOffsetEnd":1727,"pos":"IN","before":" ","after":""},{"index":4,"word":":","originalText":":","characterOffsetBegin":1727,"characterOffsetEnd":1728,"pos":":","before":"","after":""},{"index":5,"word":"-LRB-","originalText":"(","characterOffsetBegin":1728,"characterOffsetEnd":1729,"pos":"-LRB-","before":"","after":""},{"index":6,"word":"1","originalText":"1","characterOffsetBegin":1729,"characterOffsetEnd":1730,"pos":"LS","before":"","after":""},{"index":7,"word":"-RRB-","originalText":")","characterOffsetBegin":1730,"characterOffsetEnd":1731,"pos":"-RRB-","before":"","after":" "},{"index":8,"word":"the","originalText":"the","characterOffsetBegin":1732,"characterOffsetEnd":1735,"pos":"DT","before":" ","after":" "},{"index":9,"word":"X","originalText":"X","characterOffsetBegin":1736,"characterOffsetEnd":1737,"pos":"NN","before":" ","after":" "},{"index":10,"word":"protocol","originalText":"protocol","characterOffsetBegin":1738,"characterOffsetEnd":1746,"pos":"NN","before":" ","after":" "},{"index":11,"word":"communication","originalText":"communication","characterOffsetBegin":1747,"characterOffsetEnd":1760,"pos":"NN","before":" ","after":" "},{"index":12,"word":"is","originalText":"is","characterOffsetBegin":1761,"characterOffsetEnd":1763,"pos":"VBZ","before":" ","after":" "},{"index":13,"word":"slowing","originalText":"slowing","characterOffsetBegin":1764,"characterOffsetEnd":1771,"pos":"VBG","before":" ","after":" "},{"index":14,"word":"things","originalText":"things","characterOffsetBegin":1772,"characterOffsetEnd":1778,"pos":"NNS","before":" ","after":" "},{"index":15,"word":"down","originalText":"down","characterOffsetBegin":1779,"characterOffsetEnd":1783,"pos":"RB","before":" ","after":""},{"index":16,"word":";","originalText":";","characterOffsetBegin":1783,"characterOffsetEnd":1784,"pos":":","before":"","after":" "},{"index":17,"word":"or","originalText":"or","characterOffsetBegin":1785,"characterOffsetEnd":1787,"pos":"CC","before":" ","after":""},{"index":18,"word":"-LRB-","originalText":"(","characterOffsetBegin":1787,"characterOffsetEnd":1788,"pos":"-LRB-","before":"","after":""},{"index":19,"word":"2","originalText":"2","characterOffsetBegin":1788,"characterOffsetEnd":1789,"pos":"LS","before":"","after":""},{"index":20,"word":"-RRB-","originalText":")","characterOffsetBegin":1789,"characterOffsetEnd":1790,"pos":"-RRB-","before":"","after":" "},{"index":21,"word":"XPutImage","originalText":"XPutImage","characterOffsetBegin":1791,"characterOffsetEnd":1800,"pos":"NN","before":" ","after":" "},{"index":22,"word":"is","originalText":"is","characterOffsetBegin":1801,"characterOffsetEnd":1803,"pos":"VBZ","before":" ","after":" "},{"index":23,"word":"inefficient","originalText":"inefficient","characterOffsetBegin":1804,"characterOffsetEnd":1815,"pos":"JJ","before":" ","after":""},{"index":24,"word":"...","originalText":"...","characterOffsetBegin":1815,"characterOffsetEnd":1818,"pos":":","before":"","after":""},{"index":25,"word":"or","originalText":"or","characterOffsetBegin":1818,"characterOffsetEnd":1820,"pos":"CC","before":"","after":" "},{"index":26,"word":"both","originalText":"both","characterOffsetBegin":1821,"characterOffsetEnd":1825,"pos":"DT","before":" ","after":""},{"index":27,"word":"!","originalText":"!","characterOffsetBegin":1825,"characterOffsetEnd":1826,"pos":".","before":"","after":" "}]},{"index":6,"tokens":[{"index":1,"word":"My","originalText":"My","characterOffsetBegin":1827,"characterOffsetEnd":1829,"pos":"PRP$","before":" ","after":" "},{"index":2,"word":"question","originalText":"question","characterOffsetBegin":1830,"characterOffsetEnd":1838,"pos":"NN","before":" ","after":" "},{"index":3,"word":"is","originalText":"is","characterOffsetBegin":1839,"characterOffsetEnd":1841,"pos":"VBZ","before":" ","after":""},{"index":4,"word":",","originalText":",","characterOffsetBegin":1841,"characterOffsetEnd":1842,"pos":",","before":"","after":" "},{"index":5,"word":"whatis","originalText":"whatis","characterOffsetBegin":1843,"characterOffsetEnd":1849,"pos":"VBZ","before":" ","after":" "},{"index":6,"word":"the","originalText":"the","characterOffsetBegin":1850,"characterOffsetEnd":1853,"pos":"DT","before":" ","after":" "},{"index":7,"word":"fastest","originalText":"fastest","characterOffsetBegin":1854,"characterOffsetEnd":1861,"pos":"JJS","before":" ","after":" "},{"index":8,"word":"way","originalText":"way","characterOffsetBegin":1862,"characterOffsetEnd":1865,"pos":"NN","before":" ","after":" "},{"index":9,"word":"in","originalText":"in","characterOffsetBegin":1866,"characterOffsetEnd":1868,"pos":"IN","before":" ","after":" "},{"index":10,"word":"X11R5","originalText":"X11R5","characterOffsetBegin":1869,"characterOffsetEnd":1874,"pos":"NN","before":" ","after":" "},{"index":11,"word":"to","originalText":"to","characterOffsetBegin":1875,"characterOffsetEnd":1877,"pos":"TO","before":" ","after":" "},{"index":12,"word":"dump","originalText":"dump","characterOffsetBegin":1878,"characterOffsetEnd":1882,"pos":"VB","before":" ","after":" "},{"index":13,"word":"8","originalText":"8","characterOffsetBegin":1883,"characterOffsetEnd":1884,"pos":"CD","before":" ","after":" "},{"index":14,"word":"plane","originalText":"plane","characterOffsetBegin":1885,"characterOffsetEnd":1890,"pos":"NN","before":" ","after":" "},{"index":15,"word":"image","originalText":"image","characterOffsetBegin":1891,"characterOffsetEnd":1896,"pos":"NN","before":" ","after":" "},{"index":16,"word":"data","originalText":"data","characterOffsetBegin":1897,"characterOffsetEnd":1901,"pos":"NNS","before":" ","after":" "},{"index":17,"word":"toa","originalText":"toa","characterOffsetBegin":1902,"characterOffsetEnd":1905,"pos":"NN","before":" ","after":" "},{"index":18,"word":"window","originalText":"window","characterOffsetBegin":1906,"characterOffsetEnd":1912,"pos":"NN","before":" ","after":""},{"index":19,"word":"?","originalText":"?","characterOffsetBegin":1912,"characterOffsetEnd":1913,"pos":".","before":"","after":" "}]},{"index":7,"tokens":[{"index":1,"word":"Can","originalText":"Can","characterOffsetBegin":1914,"characterOffsetEnd":1917,"pos":"MD","before":" ","after":" "},{"index":2,"word":"I","originalText":"I","characterOffsetBegin":1918,"characterOffsetEnd":1919,"pos":"PRP","before":" ","after":" "},{"index":3,"word":"take","originalText":"take","characterOffsetBegin":1920,"characterOffsetEnd":1924,"pos":"VB","before":" ","after":" "},{"index":4,"word":"advantage","originalText":"advantage","characterOffsetBegin":1925,"characterOffsetEnd":1934,"pos":"NN","before":" ","after":" "},{"index":5,"word":"of","originalText":"of","characterOffsetBegin":1935,"characterOffsetEnd":1937,"pos":"IN","before":" ","after":" "},{"index":6,"word":"the","originalText":"the","characterOffsetBegin":1938,"characterOffsetEnd":1941,"pos":"DT","before":" ","after":" "},{"index":7,"word":"fact","originalText":"fact","characterOffsetBegin":1942,"characterOffsetEnd":1946,"pos":"NN","before":" ","after":" "},{"index":8,"word":"that","originalText":"that","characterOffsetBegin":1947,"characterOffsetEnd":1951,"pos":"IN","before":" ","after":" "},{"index":9,"word":"the","originalText":"the","characterOffsetBegin":1952,"characterOffsetEnd":1955,"pos":"DT","before":" ","after":" "},{"index":10,"word":"client","originalText":"client","characterOffsetBegin":1956,"characterOffsetEnd":1962,"pos":"NN","before":" ","after":" "},{"index":11,"word":"isrunning","originalText":"isrunning","characterOffsetBegin":1963,"characterOffsetEnd":1972,"pos":"NN","before":" ","after":" "},{"index":12,"word":"on","originalText":"on","characterOffsetBegin":1973,"characterOffsetEnd":1975,"pos":"IN","before":" ","after":" "},{"index":13,"word":"the","originalText":"the","characterOffsetBegin":1976,"characterOffsetEnd":1979,"pos":"DT","before":" ","after":" "},{"index":14,"word":"same","originalText":"same","characterOffsetBegin":1980,"characterOffsetEnd":1984,"pos":"JJ","before":" ","after":" "},{"index":15,"word":"machine","originalText":"machine","characterOffsetBegin":1985,"characterOffsetEnd":1992,"pos":"NN","before":" ","after":" "},{"index":16,"word":"as","originalText":"as","characterOffsetBegin":1993,"characterOffsetEnd":1995,"pos":"IN","before":" ","after":" "},{"index":17,"word":"the","originalText":"the","characterOffsetBegin":1996,"characterOffsetEnd":1999,"pos":"DT","before":" ","after":" "},{"index":18,"word":"server","originalText":"server","characterOffsetBegin":2000,"characterOffsetEnd":2006,"pos":"NN","before":" ","after":""},{"index":19,"word":"?","originalText":"?","characterOffsetBegin":2006,"characterOffsetEnd":2007,"pos":".","before":"","after":" "}]},{"index":8,"tokens":[{"index":1,"word":"Or","originalText":"Or","characterOffsetBegin":2008,"characterOffsetEnd":2010,"pos":"CC","before":" ","after":" "},{"index":2,"word":"am","originalText":"am","characterOffsetBegin":2011,"characterOffsetEnd":2013,"pos":"VBP","before":" ","after":" "},{"index":3,"word":"I","originalText":"I","characterOffsetBegin":2014,"characterOffsetEnd":2015,"pos":"PRP","before":" ","after":" "},{"index":4,"word":"stuck","originalText":"stuck","characterOffsetBegin":2016,"characterOffsetEnd":2021,"pos":"VBD","before":" ","after":" "},{"index":5,"word":"withXPutImage","originalText":"withXPutImage","characterOffsetBegin":2022,"characterOffsetEnd":2035,"pos":"NN","before":" ","after":""},{"index":6,"word":"-LRB-","originalText":"(","characterOffsetBegin":2035,"characterOffsetEnd":2036,"pos":"-LRB-","before":"","after":""},{"index":7,"word":"-RRB-","originalText":")","characterOffsetBegin":2036,"characterOffsetEnd":2037,"pos":"-RRB-","before":"","after":" "},{"index":8,"word":"-LRB-","originalText":"(","characterOffsetBegin":2038,"characterOffsetEnd":2039,"pos":"-LRB-","before":" ","after":""},{"index":9,"word":"in","originalText":"in","characterOffsetBegin":2039,"characterOffsetEnd":2041,"pos":"IN","before":"","after":" "},{"index":10,"word":"which","originalText":"which","characterOffsetBegin":2042,"characterOffsetEnd":2047,"pos":"WDT","before":" ","after":" "},{"index":11,"word":"case","originalText":"case","characterOffsetBegin":2048,"characterOffsetEnd":2052,"pos":"NN","before":" ","after":" "},{"index":12,"word":"I","originalText":"I","characterOffsetBegin":2053,"characterOffsetEnd":2054,"pos":"PRP","before":" ","after":" "},{"index":13,"word":"might","originalText":"might","characterOffsetBegin":2055,"characterOffsetEnd":2060,"pos":"MD","before":" ","after":" "},{"index":14,"word":"as","originalText":"as","characterOffsetBegin":2061,"characterOffsetEnd":2063,"pos":"RB","before":" ","after":" "},{"index":15,"word":"well","originalText":"well","characterOffsetBegin":2064,"characterOffsetEnd":2068,"pos":"RB","before":" ","after":" "},{"index":16,"word":"give","originalText":"give","characterOffsetBegin":2069,"characterOffsetEnd":2073,"pos":"VB","before":" ","after":" "},{"index":17,"word":"up","originalText":"up","characterOffsetBegin":2074,"characterOffsetEnd":2076,"pos":"RP","before":" ","after":" "},{"index":18,"word":"now","originalText":"now","characterOffsetBegin":2077,"characterOffsetEnd":2080,"pos":"RB","before":" ","after":""},{"index":19,"word":"...","originalText":"...","characterOffsetBegin":2080,"characterOffsetEnd":2083,"pos":":","before":"","after":""},{"index":20,"word":"-RRB-","originalText":")","characterOffsetBegin":2083,"characterOffsetEnd":2084,"pos":"-RRB-","before":"","after":""},{"index":21,"word":"?","originalText":"?","characterOffsetBegin":2084,"characterOffsetEnd":2085,"pos":".","before":"","after":""}]},{"index":9,"tokens":[{"index":1,"word":"All","originalText":"All","characterOffsetBegin":2085,"characterOffsetEnd":2088,"pos":"DT","before":"","after":" "},{"index":2,"word":"help","originalText":"help","characterOffsetBegin":2089,"characterOffsetEnd":2093,"pos":"NN","before":" ","after":" "},{"index":3,"word":"appreciated","originalText":"appreciated","characterOffsetBegin":2094,"characterOffsetEnd":2105,"pos":"VBD","before":" ","after":""},{"index":4,"word":"...","originalText":"...","characterOffsetBegin":2105,"characterOffsetEnd":2108,"pos":":","before":"","after":""},{"index":5,"word":"thanks!Derek","originalText":"thanks!Derek","characterOffsetBegin":2108,"characterOffsetEnd":2120,"pos":"NNP","before":"","after":""},{"index":6,"word":"-----------------------------------------------------------","originalText":"-----------------------------------------------------------","characterOffsetBegin":2120,"characterOffsetEnd":2179,"pos":"CD","before":"","after":""},{"index":7,"word":"|","originalText":"|","characterOffsetBegin":2179,"characterOffsetEnd":2180,"pos":"CD","before":"","after":" "},{"index":8,"word":"Derek","originalText":"Derek","characterOffsetBegin":2181,"characterOffsetEnd":2186,"pos":"NNP","before":" ","after":" "},{"index":9,"word":"C.","originalText":"C.","characterOffsetBegin":2187,"characterOffsetEnd":2189,"pos":"NNP","before":" ","after":" "},{"index":10,"word":"Richardson","originalText":"Richardson","characterOffsetBegin":2190,"characterOffsetEnd":2200,"pos":"NNP","before":" ","after":"    "},{"index":11,"word":"|","originalText":"|","characterOffsetBegin":2204,"characterOffsetEnd":2205,"pos":"NNP","before":"    ","after":" "},{"index":12,"word":"Tel","originalText":"Tel","characterOffsetBegin":2206,"characterOffsetEnd":2209,"pos":"NNP","before":" ","after":""},{"index":13,"word":":","originalText":":","characterOffsetBegin":2209,"characterOffsetEnd":2210,"pos":":","before":"","after":" "},{"index":14,"word":"-LRB-","originalText":"(","characterOffsetBegin":2211,"characterOffsetEnd":2212,"pos":"-LRB-","before":" ","after":""},{"index":15,"word":"0223","originalText":"0223","characterOffsetBegin":2212,"characterOffsetEnd":2216,"pos":"CD","before":"","after":""},{"index":16,"word":"-RRB-","originalText":")","characterOffsetBegin":2216,"characterOffsetEnd":2217,"pos":"-RRB-","before":"","after":" "},{"index":17,"word":"337548","originalText":"337548","characterOffsetBegin":2218,"characterOffsetEnd":2224,"pos":"CD","before":" ","after":" "},{"index":18,"word":"x","originalText":"x","characterOffsetBegin":2225,"characterOffsetEnd":2226,"pos":"CC","before":" ","after":" "},{"index":19,"word":"37501","originalText":"37501","characterOffsetBegin":2227,"characterOffsetEnd":2232,"pos":"CD","before":" ","after":"     "},{"index":20,"word":"|","originalText":"|","characterOffsetBegin":2237,"characterOffsetEnd":2238,"pos":"CD","before":"     ","after":""},{"index":21,"word":"|","originalText":"|","characterOffsetBegin":2238,"characterOffsetEnd":2239,"pos":"NNP","before":"","after":" "},{"index":22,"word":"Institute","originalText":"Institute","characterOffsetBegin":2240,"characterOffsetEnd":2249,"pos":"NNP","before":" ","after":" "},{"index":23,"word":"of","originalText":"of","characterOffsetBegin":2250,"characterOffsetEnd":2252,"pos":"IN","before":" ","after":" "},{"index":24,"word":"Astronomy","originalText":"Astronomy","characterOffsetBegin":2253,"characterOffsetEnd":2262,"pos":"NNP","before":" ","after":" "},{"index":25,"word":"|","originalText":"|","characterOffsetBegin":2263,"characterOffsetEnd":2264,"pos":"NNP","before":" ","after":" "},{"index":26,"word":"Fax","originalText":"Fax","characterOffsetBegin":2265,"characterOffsetEnd":2268,"pos":"NNP","before":" ","after":""},{"index":27,"word":":","originalText":":","characterOffsetBegin":2268,"characterOffsetEnd":2269,"pos":":","before":"","after":" "},{"index":28,"word":"-LRB-","originalText":"(","characterOffsetBegin":2270,"characterOffsetEnd":2271,"pos":"-LRB-","before":" ","after":""},{"index":29,"word":"0223","originalText":"0223","characterOffsetBegin":2271,"characterOffsetEnd":2275,"pos":"CD","before":"","after":""},{"index":30,"word":"-RRB-","originalText":")","characterOffsetBegin":2275,"characterOffsetEnd":2276,"pos":"-RRB-","before":"","after":" "},{"index":31,"word":"337523","originalText":"337523","characterOffsetBegin":2277,"characterOffsetEnd":2283,"pos":"CD","before":" ","after":"             "},{"index":32,"word":"|","originalText":"|","characterOffsetBegin":2296,"characterOffsetEnd":2297,"pos":"CD","before":"             ","after":""},{"index":33,"word":"|","originalText":"|","characterOffsetBegin":2297,"characterOffsetEnd":2298,"pos":"CD","before":"","after":" "},{"index":34,"word":"Cambridge","originalText":"Cambridge","characterOffsetBegin":2299,"characterOffsetEnd":2308,"pos":"NNP","before":" ","after":""},{"index":35,"word":",","originalText":",","characterOffsetBegin":2308,"characterOffsetEnd":2309,"pos":",","before":"","after":" "},{"index":36,"word":"U.K.","originalText":"U.K.","characterOffsetBegin":2310,"characterOffsetEnd":2314,"pos":"NNP","before":" ","after":"        "},{"index":37,"word":"|","originalText":"|","characterOffsetBegin":2322,"characterOffsetEnd":2323,"pos":"VBD","before":"        ","after":"                                "},{"index":38,"word":"|","originalText":"|","characterOffsetBegin":2355,"characterOffsetEnd":2356,"pos":"CD","before":"                                ","after":""},{"index":39,"word":"|","originalText":"|","characterOffsetBegin":2356,"characterOffsetEnd":2357,"pos":"CD","before":"","after":" "},{"index":40,"word":"CB3","originalText":"CB3","characterOffsetBegin":2358,"characterOffsetEnd":2361,"pos":"NN","before":" ","after":" "},{"index":41,"word":"0HA","originalText":"0HA","characterOffsetBegin":2362,"characterOffsetEnd":2365,"pos":"NN","before":" ","after":"                "},{"index":42,"word":"|","originalText":"|","characterOffsetBegin":2381,"characterOffsetEnd":2382,"pos":"CD","before":"                ","after":" "},{"index":43,"word":"E-mail","originalText":"E-mail","characterOffsetBegin":2383,"characterOffsetEnd":2389,"pos":"NN","before":" ","after":""},{"index":44,"word":":","originalText":":","characterOffsetBegin":2389,"characterOffsetEnd":2390,"pos":":","before":"","after":" "},{"index":45,"word":"dcr@mail.ast.cam.ac.uk","originalText":"dcr@mail.ast.cam.ac.uk","characterOffsetBegin":2391,"characterOffsetEnd":2413,"pos":"NN","before":" ","after":" "},{"index":46,"word":"|","originalText":"|","characterOffsetBegin":2414,"characterOffsetEnd":2415,"pos":"CD","before":" ","after":""},{"index":47,"word":"----------------------------------------------------------------------------------","originalText":"----------------------------------------------------------------------------------","characterOffsetBegin":2415,"characterOffsetEnd":2497,"pos":"CD","before":"","after":" "},{"index":48,"word":"Headers","originalText":"Headers","characterOffsetBegin":2498,"characterOffsetEnd":2505,"pos":"NNS","before":" ","after":" "},{"index":49,"word":"------------------------","originalText":"------------------------","characterOffsetBegin":2506,"characterOffsetEnd":2530,"pos":"CD","before":" ","after":""},{"index":50,"word":">","originalText":">","characterOffsetBegin":2530,"characterOffsetEnd":2531,"pos":"JJR","before":"","after":""},{"index":51,"word":"From","originalText":"From","characterOffsetBegin":2531,"characterOffsetEnd":2535,"pos":"IN","before":"","after":" "},{"index":52,"word":"uupsi7!expo.lcs.mit.edu!xpert","originalText":"uupsi7!expo.lcs.mit.edu!xpert","characterOffsetBegin":2536,"characterOffsetEnd":2565,"pos":"NN","before":" ","after":""},{"index":53,"word":"-","originalText":"-","characterOffsetBegin":2565,"characterOffsetEnd":2566,"pos":":","before":"","after":""},{"index":54,"word":"mailer","originalText":"mailer","characterOffsetBegin":2566,"characterOffsetEnd":2572,"pos":"NN","before":"","after":" "},{"index":55,"word":"Wed","originalText":"Wed","characterOffsetBegin":2573,"characterOffsetEnd":2576,"pos":"VBD","before":" ","after":" "},{"index":56,"word":"Apr","originalText":"Apr","characterOffsetBegin":2577,"characterOffsetEnd":2580,"pos":"NN","before":" ","after":" "},{"index":57,"word":"21","originalText":"21","characterOffsetBegin":2581,"characterOffsetEnd":2583,"pos":"CD","before":" ","after":" "},{"index":58,"word":"23:46:29","originalText":"23:46:29","characterOffsetBegin":2584,"characterOffsetEnd":2592,"pos":"CD","before":" ","after":" "},{"index":59,"word":"1993","originalText":"1993","characterOffsetBegin":2593,"characterOffsetEnd":2597,"pos":"CD","before":" ","after":" "},{"index":60,"word":"remote","originalText":"remote","characterOffsetBegin":2598,"characterOffsetEnd":2604,"pos":"JJ","before":" ","after":" "},{"index":61,"word":"from","originalText":"from","characterOffsetBegin":2605,"characterOffsetEnd":2609,"pos":"IN","before":" ","after":" "},{"index":62,"word":"aolsysReceived","originalText":"aolsysReceived","characterOffsetBegin":2610,"characterOffsetEnd":2624,"pos":"NNP","before":" ","after":""},{"index":63,"word":":","originalText":":","characterOffsetBegin":2624,"characterOffsetEnd":2625,"pos":":","before":"","after":" "},{"index":64,"word":"from","originalText":"from","characterOffsetBegin":2626,"characterOffsetEnd":2630,"pos":"IN","before":" ","after":" "},{"index":65,"word":"uupsi7","originalText":"uupsi7","characterOffsetBegin":2631,"characterOffsetEnd":2637,"pos":"NN","before":" ","after":" "},{"index":66,"word":"by","originalText":"by","characterOffsetBegin":2638,"characterOffsetEnd":2640,"pos":"IN","before":" ","after":" "},{"index":67,"word":"aolsys.aol.com","originalText":"aolsys.aol.com","characterOffsetBegin":2641,"characterOffsetEnd":2655,"pos":"NNP","before":" ","after":" "},{"index":68,"word":"id","originalText":"id","characterOffsetBegin":2656,"characterOffsetEnd":2658,"pos":"VBD","before":" ","after":" "},{"index":69,"word":"aa23625","originalText":"aa23625","characterOffsetBegin":2659,"characterOffsetEnd":2666,"pos":"CD","before":" ","after":""},{"index":70,"word":";","originalText":";","characterOffsetBegin":2666,"characterOffsetEnd":2667,"pos":":","before":"","after":" "},{"index":71,"word":"Wed","originalText":"Wed","characterOffsetBegin":2668,"characterOffsetEnd":2671,"pos":"VBD","before":" ","after":""},{"index":72,"word":",","originalText":",","characterOffsetBegin":2671,"characterOffsetEnd":2672,"pos":",","before":"","after":" "},{"index":73,"word":"21","originalText":"21","characterOffsetBegin":2673,"characterOffsetEnd":2675,"pos":"CD","before":" ","after":" "},{"index":74,"word":"Apr","originalText":"Apr","characterOffsetBegin":2676,"characterOffsetEnd":2679,"pos":"NN","before":" ","after":" "},{"index":75,"word":"93","originalText":"93","characterOffsetBegin":2680,"characterOffsetEnd":2682,"pos":"CD","before":" ","after":" "},{"index":76,"word":"23:39:41","originalText":"23:39:41","characterOffsetBegin":2683,"characterOffsetEnd":2691,"pos":"CD","before":" ","after":" "},{"index":77,"word":"EDTReceived","originalText":"EDTReceived","characterOffsetBegin":2692,"characterOffsetEnd":2703,"pos":"NNP","before":" ","after":""},{"index":78,"word":":","originalText":":","characterOffsetBegin":2703,"characterOffsetEnd":2704,"pos":":","before":"","after":" "},{"index":79,"word":"from","originalText":"from","characterOffsetBegin":2705,"characterOffsetEnd":2709,"pos":"IN","before":" ","after":" "},{"index":80,"word":"EXPO.LCS.MIT.EDU","originalText":"EXPO.LCS.MIT.EDU","characterOffsetBegin":2710,"characterOffsetEnd":2726,"pos":"NN","before":" ","after":" "},{"index":81,"word":"by","originalText":"by","characterOffsetBegin":2727,"characterOffsetEnd":2729,"pos":"IN","before":" ","after":" "},{"index":82,"word":"uu7.psi.com","originalText":"uu7.psi.com","characterOffsetBegin":2730,"characterOffsetEnd":2741,"pos":"NN","before":" ","after":" "},{"index":83,"word":"-LRB-","originalText":"(","characterOffsetBegin":2742,"characterOffsetEnd":2743,"pos":"-LRB-","before":" ","after":""},{"index":84,"word":"5.65","originalText":"5.65","characterOffsetBegin":2743,"characterOffsetEnd":2747,"pos":"CD","before":"","after":""},{"index":85,"word":"b/4","originalText":"b/4","characterOffsetBegin":2747,"characterOffsetEnd":2750,"pos":"NN","before":"","after":""},{"index":86,"word":".0.071791","originalText":".0.071791","characterOffsetBegin":2750,"characterOffsetEnd":2759,"pos":"CD","before":"","after":""},{"index":87,"word":"-","originalText":"-","characterOffsetBegin":2759,"characterOffsetEnd":2760,"pos":":","before":"","after":""},{"index":88,"word":"PSI/PSINet","originalText":"PSI/PSINet","characterOffsetBegin":2760,"characterOffsetEnd":2770,"pos":"NN","before":"","after":""},{"index":89,"word":"-RRB-","originalText":")","characterOffsetBegin":2770,"characterOffsetEnd":2771,"pos":"-RRB-","before":"","after":" "},{"index":90,"word":"via","originalText":"via","characterOffsetBegin":2772,"characterOffsetEnd":2775,"pos":"IN","before":" ","after":" "},{"index":91,"word":"SMTP","originalText":"SMTP","characterOffsetBegin":2776,"characterOffsetEnd":2780,"pos":"NN","before":" ","after":""},{"index":92,"word":";","originalText":";","characterOffsetBegin":2780,"characterOffsetEnd":2781,"pos":":","before":"","after":"        "},{"index":93,"word":"id","originalText":"id","characterOffsetBegin":2789,"characterOffsetEnd":2791,"pos":"NN","before":"        ","after":" "},{"index":94,"word":"AA16562","originalText":"AA16562","characterOffsetBegin":2792,"characterOffsetEnd":2799,"pos":"NN","before":" ","after":" "},{"index":95,"word":"for","originalText":"for","characterOffsetBegin":2800,"characterOffsetEnd":2803,"pos":"IN","before":" ","after":" "},{"index":96,"word":";","originalText":";","characterOffsetBegin":2804,"characterOffsetEnd":2805,"pos":":","before":" ","after":" "},{"index":97,"word":"Wed","originalText":"Wed","characterOffsetBegin":2806,"characterOffsetEnd":2809,"pos":"VBD","before":" ","after":""},{"index":98,"word":",","originalText":",","characterOffsetBegin":2809,"characterOffsetEnd":2810,"pos":",","before":"","after":" "},{"index":99,"word":"21","originalText":"21","characterOffsetBegin":2811,"characterOffsetEnd":2813,"pos":"CD","before":" ","after":" "},{"index":100,"word":"Apr","originalText":"Apr","characterOffsetBegin":2814,"characterOffsetEnd":2817,"pos":"NN","before":" ","after":" "},{"index":101,"word":"93","originalText":"93","characterOffsetBegin":2818,"characterOffsetEnd":2820,"pos":"CD","before":" ","after":" "},{"index":102,"word":"19:44:00","originalText":"19:44:00","characterOffsetBegin":2821,"characterOffsetEnd":2829,"pos":"CD","before":" ","after":" "},{"index":103,"word":"-0400","originalText":"-0400","characterOffsetBegin":2830,"characterOffsetEnd":2835,"pos":"CD","before":" ","after":""},{"index":104,"word":"Received","originalText":"Received","characterOffsetBegin":2835,"characterOffsetEnd":2843,"pos":"VBN","before":"","after":""},{"index":105,"word":":","originalText":":","characterOffsetBegin":2843,"characterOffsetEnd":2844,"pos":":","before":"","after":" "},{"index":106,"word":"by","originalText":"by","characterOffsetBegin":2845,"characterOffsetEnd":2847,"pos":"IN","before":" ","after":" "},{"index":107,"word":"expo.lcs.mit.edu","originalText":"expo.lcs.mit.edu","characterOffsetBegin":2848,"characterOffsetEnd":2864,"pos":"NN","before":" ","after":""},{"index":108,"word":";","originalText":";","characterOffsetBegin":2864,"characterOffsetEnd":2865,"pos":":","before":"","after":" "},{"index":109,"word":"Wed","originalText":"Wed","characterOffsetBegin":2866,"characterOffsetEnd":2869,"pos":"VBN","before":" ","after":""},{"index":110,"word":",","originalText":",","characterOffsetBegin":2869,"characterOffsetEnd":2870,"pos":",","before":"","after":" "},{"index":111,"word":"21","originalText":"21","characterOffsetBegin":2871,"characterOffsetEnd":2873,"pos":"CD","before":" ","after":" "},{"index":112,"word":"Apr","originalText":"Apr","characterOffsetBegin":2874,"characterOffsetEnd":2877,"pos":"NN","before":" ","after":" "},{"index":113,"word":"93","originalText":"93","characterOffsetBegin":2878,"characterOffsetEnd":2880,"pos":"CD","before":" ","after":" "},{"index":114,"word":"13:58:06","originalText":"13:58:06","characterOffsetBegin":2881,"characterOffsetEnd":2889,"pos":"CD","before":" ","after":" "},{"index":115,"word":"-0400","originalText":"-0400","characterOffsetBegin":2890,"characterOffsetEnd":2895,"pos":"CD","before":" ","after":""},{"index":116,"word":"Received","originalText":"Received","characterOffsetBegin":2895,"characterOffsetEnd":2903,"pos":"VBN","before":"","after":""},{"index":117,"word":":","originalText":":","characterOffsetBegin":2903,"characterOffsetEnd":2904,"pos":":","before":"","after":" "},{"index":118,"word":"from","originalText":"from","characterOffsetBegin":2905,"characterOffsetEnd":2909,"pos":"IN","before":" ","after":" "},{"index":119,"word":"ENTERPOOP.MIT.EDU","originalText":"ENTERPOOP.MIT.EDU","characterOffsetBegin":2910,"characterOffsetEnd":2927,"pos":"NN","before":" ","after":" "},{"index":120,"word":"by","originalText":"by","characterOffsetBegin":2928,"characterOffsetEnd":2930,"pos":"IN","before":" ","after":" "},{"index":121,"word":"expo.lcs.mit.edu","originalText":"expo.lcs.mit.edu","characterOffsetBegin":2931,"characterOffsetEnd":2947,"pos":"NN","before":" ","after":""},{"index":122,"word":";","originalText":";","characterOffsetBegin":2947,"characterOffsetEnd":2948,"pos":":","before":"","after":" "},{"index":123,"word":"Wed","originalText":"Wed","characterOffsetBegin":2949,"characterOffsetEnd":2952,"pos":"VBN","before":" ","after":""},{"index":124,"word":",","originalText":",","characterOffsetBegin":2952,"characterOffsetEnd":2953,"pos":",","before":"","after":" "},{"index":125,"word":"21","originalText":"21","characterOffsetBegin":2954,"characterOffsetEnd":2956,"pos":"CD","before":" ","after":" "},{"index":126,"word":"Apr","originalText":"Apr","characterOffsetBegin":2957,"characterOffsetEnd":2960,"pos":"NN","before":" ","after":" "},{"index":127,"word":"93","originalText":"93","characterOffsetBegin":2961,"characterOffsetEnd":2963,"pos":"CD","before":" ","after":" "},{"index":128,"word":"13:58:05","originalText":"13:58:05","characterOffsetBegin":2964,"characterOffsetEnd":2972,"pos":"CD","before":" ","after":" "},{"index":129,"word":"-0400","originalText":"-0400","characterOffsetBegin":2973,"characterOffsetEnd":2978,"pos":"CD","before":" ","after":""},{"index":130,"word":"Received","originalText":"Received","characterOffsetBegin":2978,"characterOffsetEnd":2986,"pos":"VBN","before":"","after":""},{"index":131,"word":":","originalText":":","characterOffsetBegin":2986,"characterOffsetEnd":2987,"pos":":","before":"","after":" "},{"index":132,"word":"by","originalText":"by","characterOffsetBegin":2988,"characterOffsetEnd":2990,"pos":"IN","before":" ","after":" "},{"index":133,"word":"enterpoop.MIT.EDU","originalText":"enterpoop.MIT.EDU","characterOffsetBegin":2991,"characterOffsetEnd":3008,"pos":"NN","before":" ","after":" "},{"index":134,"word":"-LRB-","originalText":"(","characterOffsetBegin":3009,"characterOffsetEnd":3010,"pos":"-LRB-","before":" ","after":""},{"index":135,"word":"5.57","originalText":"5.57","characterOffsetBegin":3010,"characterOffsetEnd":3014,"pos":"CD","before":"","after":""},{"index":136,"word":"/","originalText":"/","characterOffsetBegin":3014,"characterOffsetEnd":3015,"pos":":","before":"","after":""},{"index":137,"word":"4.7","originalText":"4.7","characterOffsetBegin":3015,"characterOffsetEnd":3018,"pos":"CD","before":"","after":""},{"index":138,"word":"-RRB-","originalText":")","characterOffsetBegin":3018,"characterOffsetEnd":3019,"pos":"-RRB-","before":"","after":" "},{"index":139,"word":"id","originalText":"id","characterOffsetBegin":3020,"characterOffsetEnd":3022,"pos":"NN","before":" ","after":" "},{"index":140,"word":"AA15705","originalText":"AA15705","characterOffsetBegin":3023,"characterOffsetEnd":3030,"pos":"NN","before":" ","after":""},{"index":141,"word":";","originalText":";","characterOffsetBegin":3030,"characterOffsetEnd":3031,"pos":":","before":"","after":" "},{"index":142,"word":"Wed","originalText":"Wed","characterOffsetBegin":3032,"characterOffsetEnd":3035,"pos":"VBN","before":" ","after":""},{"index":143,"word":",","originalText":",","characterOffsetBegin":3035,"characterOffsetEnd":3036,"pos":",","before":"","after":" "},{"index":144,"word":"21","originalText":"21","characterOffsetBegin":3037,"characterOffsetEnd":3039,"pos":"CD","before":" ","after":" "},{"index":145,"word":"Apr","originalText":"Apr","characterOffsetBegin":3040,"characterOffsetEnd":3043,"pos":"NN","before":" ","after":" "},{"index":146,"word":"93","originalText":"93","characterOffsetBegin":3044,"characterOffsetEnd":3046,"pos":"CD","before":" ","after":" "},{"index":147,"word":"13:57:34","originalText":"13:57:34","characterOffsetBegin":3047,"characterOffsetEnd":3055,"pos":"CD","before":" ","after":" "},{"index":148,"word":"-0400","originalText":"-0400","characterOffsetBegin":3056,"characterOffsetEnd":3061,"pos":"CD","before":" ","after":""},{"index":149,"word":"Received","originalText":"Received","characterOffsetBegin":3061,"characterOffsetEnd":3069,"pos":"VBN","before":"","after":""},{"index":150,"word":":","originalText":":","characterOffsetBegin":3069,"characterOffsetEnd":3070,"pos":":","before":"","after":" "},{"index":151,"word":"from","originalText":"from","characterOffsetBegin":3071,"characterOffsetEnd":3075,"pos":"IN","before":" ","after":" "},{"index":152,"word":"USENET","originalText":"USENET","characterOffsetBegin":3076,"characterOffsetEnd":3082,"pos":"NNP","before":" ","after":" "},{"index":153,"word":"by","originalText":"by","characterOffsetBegin":3083,"characterOffsetEnd":3085,"pos":"IN","before":" ","after":" "},{"index":154,"word":"enterpoop","originalText":"enterpoop","characterOffsetBegin":3086,"characterOffsetEnd":3095,"pos":"NN","before":" ","after":" "},{"index":155,"word":"with","originalText":"with","characterOffsetBegin":3096,"characterOffsetEnd":3100,"pos":"IN","before":" ","after":" "},{"index":156,"word":"netnewsfor","originalText":"netnewsfor","characterOffsetBegin":3101,"characterOffsetEnd":3111,"pos":"NN","before":" ","after":" "},{"index":157,"word":"xpert@expo.lcs.mit.edu","originalText":"xpert@expo.lcs.mit.edu","characterOffsetBegin":3112,"characterOffsetEnd":3134,"pos":"NN","before":" ","after":" "},{"index":158,"word":"-LRB-","originalText":"(","characterOffsetBegin":3135,"characterOffsetEnd":3136,"pos":"-LRB-","before":" ","after":""},{"index":159,"word":"xpert@expo.lcs.mit.edu","originalText":"xpert@expo.lcs.mit.edu","characterOffsetBegin":3136,"characterOffsetEnd":3158,"pos":"NN","before":"","after":""},{"index":160,"word":"-RRB-","originalText":")","characterOffsetBegin":3158,"characterOffsetEnd":3159,"pos":"-RRB-","before":"","after":""},{"index":161,"word":";","originalText":";","characterOffsetBegin":3159,"characterOffsetEnd":3160,"pos":":","before":"","after":""},{"index":162,"word":"contact","originalText":"contact","characterOffsetBegin":3160,"characterOffsetEnd":3167,"pos":"NN","before":"","after":" "},{"index":163,"word":"usenet@enterpoop","originalText":"usenet@enterpoop","characterOffsetBegin":3168,"characterOffsetEnd":3184,"pos":"NN","before":" ","after":" "},{"index":164,"word":"if","originalText":"if","characterOffsetBegin":3185,"characterOffsetEnd":3187,"pos":"IN","before":" ","after":" "},{"index":165,"word":"you","originalText":"you","characterOffsetBegin":3188,"characterOffsetEnd":3191,"pos":"PRP","before":" ","after":" "},{"index":166,"word":"have","originalText":"have","characterOffsetBegin":3192,"characterOffsetEnd":3196,"pos":"VBP","before":" ","after":" "},{"index":167,"word":"questions.To","originalText":"questions.To","characterOffsetBegin":3197,"characterOffsetEnd":3209,"pos":"NNP","before":" ","after":""},{"index":168,"word":":","originalText":":","characterOffsetBegin":3209,"characterOffsetEnd":3210,"pos":":","before":"","after":" "},{"index":169,"word":"xpert@expo.lcs.mit.eduDate:","originalText":"xpert@expo.lcs.mit.eduDate:","characterOffsetBegin":3211,"characterOffsetEnd":3238,"pos":"NNP","before":" ","after":" "},{"index":170,"word":"Wed","originalText":"Wed","characterOffsetBegin":3239,"characterOffsetEnd":3242,"pos":"VBD","before":" ","after":""},{"index":171,"word":",","originalText":",","characterOffsetBegin":3242,"characterOffsetEnd":3243,"pos":",","before":"","after":" "},{"index":172,"word":"21","originalText":"21","characterOffsetBegin":3244,"characterOffsetEnd":3246,"pos":"CD","before":" ","after":" "},{"index":173,"word":"Apr","originalText":"Apr","characterOffsetBegin":3247,"characterOffsetEnd":3250,"pos":"NN","before":" ","after":" "},{"index":174,"word":"1993","originalText":"1993","characterOffsetBegin":3251,"characterOffsetEnd":3255,"pos":"CD","before":" ","after":" "},{"index":175,"word":"15:46:20","originalText":"15:46:20","characterOffsetBegin":3256,"characterOffsetEnd":3264,"pos":"CD","before":" ","after":" "},{"index":176,"word":"GMTFrom","originalText":"GMTFrom","characterOffsetBegin":3265,"characterOffsetEnd":3272,"pos":"NN","before":" ","after":""},{"index":177,"word":":","originalText":":","characterOffsetBegin":3272,"characterOffsetEnd":3273,"pos":":","before":"","after":" "},{"index":178,"word":"dcr@mail.ast.cam.ac.uk","originalText":"dcr@mail.ast.cam.ac.uk","characterOffsetBegin":3274,"characterOffsetEnd":3296,"pos":"NN","before":" ","after":" "},{"index":179,"word":"-LRB-","originalText":"(","characterOffsetBegin":3297,"characterOffsetEnd":3298,"pos":"-LRB-","before":" ","after":""},{"index":180,"word":"Derek","originalText":"Derek","characterOffsetBegin":3298,"characterOffsetEnd":3303,"pos":"NNP","before":"","after":" "},{"index":181,"word":"C.","originalText":"C.","characterOffsetBegin":3304,"characterOffsetEnd":3306,"pos":"NNP","before":" ","after":" "},{"index":182,"word":"Richardson","originalText":"Richardson","characterOffsetBegin":3307,"characterOffsetEnd":3317,"pos":"NNP","before":" ","after":""},{"index":183,"word":"-RRB-","originalText":")","characterOffsetBegin":3317,"characterOffsetEnd":3318,"pos":"-RRB-","before":"","after":""},{"index":184,"word":"Message-Id","originalText":"Message-Id","characterOffsetBegin":3318,"characterOffsetEnd":3328,"pos":"NN","before":"","after":""},{"index":185,"word":":","originalText":":","characterOffsetBegin":3328,"characterOffsetEnd":3329,"pos":":","before":"","after":" "},{"index":186,"word":"<1993Apr21.154620.16330@infodev.cam.ac.uk>","originalText":"<1993Apr21.154620.16330@infodev.cam.ac.uk>","characterOffsetBegin":3330,"characterOffsetEnd":3372,"pos":"NNP","before":" ","after":""},{"index":187,"word":"Organization","originalText":"Organization","characterOffsetBegin":3372,"characterOffsetEnd":3384,"pos":"NNP","before":"","after":""},{"index":188,"word":":","originalText":":","characterOffsetBegin":3384,"characterOffsetEnd":3385,"pos":":","before":"","after":" "},{"index":189,"word":"Institute","originalText":"Institute","characterOffsetBegin":3386,"characterOffsetEnd":3395,"pos":"NNP","before":" ","after":" "},{"index":190,"word":"of","originalText":"of","characterOffsetBegin":3396,"characterOffsetEnd":3398,"pos":"IN","before":" ","after":" "},{"index":191,"word":"Astronomy","originalText":"Astronomy","characterOffsetBegin":3399,"characterOffsetEnd":3408,"pos":"NNP","before":" ","after":""},{"index":192,"word":",","originalText":",","characterOffsetBegin":3408,"characterOffsetEnd":3409,"pos":",","before":"","after":" "},{"index":193,"word":"CambridgeReply-To","originalText":"CambridgeReply-To","characterOffsetBegin":3410,"characterOffsetEnd":3427,"pos":"NNP","before":" ","after":""},{"index":194,"word":":","originalText":":","characterOffsetBegin":3427,"characterOffsetEnd":3428,"pos":":","before":"","after":" "},{"index":195,"word":"dcr@mail.ast.cam.ac.ukSubject:","originalText":"dcr@mail.ast.cam.ac.ukSubject:","characterOffsetBegin":3429,"characterOffsetEnd":3459,"pos":"NNP","before":" ","after":" "},{"index":196,"word":"Animation","originalText":"Animation","characterOffsetBegin":3460,"characterOffsetEnd":3469,"pos":"NN","before":" ","after":" "},{"index":197,"word":"with","originalText":"with","characterOffsetBegin":3470,"characterOffsetEnd":3474,"pos":"IN","before":" ","after":" "},{"index":198,"word":"XPutImage","originalText":"XPutImage","characterOffsetBegin":3475,"characterOffsetEnd":3484,"pos":"NN","before":" ","after":""},{"index":199,"word":"-LRB-","originalText":"(","characterOffsetBegin":3484,"characterOffsetEnd":3485,"pos":"-LRB-","before":"","after":""},{"index":200,"word":"-RRB-","originalText":")","characterOffsetBegin":3485,"characterOffsetEnd":3486,"pos":"-RRB-","before":"","after":""},{"index":201,"word":"?","originalText":"?","characterOffsetBegin":3486,"characterOffsetEnd":3487,"pos":".","before":"","after":""}]},{"index":10,"tokens":[{"index":1,"word":"-----","originalText":"-----","characterOffsetBegin":3487,"characterOffsetEnd":3492,"pos":"CD","before":"","after":" "},{"index":2,"word":"End","originalText":"End","characterOffsetBegin":3493,"characterOffsetEnd":3496,"pos":"NN","before":" ","after":" "},{"index":3,"word":"Included","originalText":"Included","characterOffsetBegin":3497,"characterOffsetEnd":3505,"pos":"VBD","before":" ","after":" "},{"index":4,"word":"Message","originalText":"Message","characterOffsetBegin":3506,"characterOffsetEnd":3513,"pos":"NN","before":" ","after":" "},{"index":5,"word":"-----","originalText":"-----","characterOffsetBegin":3514,"characterOffsetEnd":3519,"pos":"CD","before":" ","after":""}]}]}