{"sentences":[{"index":0,"tokens":[{"index":1,"word":"From","originalText":"From","characterOffsetBegin":0,"characterOffsetEnd":4,"pos":"IN","before":"","after":""},{"index":2,"word":":","originalText":":","characterOffsetBegin":4,"characterOffsetEnd":5,"pos":":","before":"","after":" "},{"index":3,"word":"beck@irzr17.inf.tu-dresden.de","originalText":"beck@irzr17.inf.tu-dresden.de","characterOffsetBegin":6,"characterOffsetEnd":35,"pos":"NN","before":" ","after":" "},{"index":4,"word":"-LRB-","originalText":"(","characterOffsetBegin":36,"characterOffsetEnd":37,"pos":"-LRB-","before":" ","after":""},{"index":5,"word":"Andre","originalText":"Andre","characterOffsetBegin":37,"characterOffsetEnd":42,"pos":"NNP","before":"","after":" "},{"index":6,"word":"Beck","originalText":"Beck","characterOffsetBegin":43,"characterOffsetEnd":47,"pos":"NNP","before":" ","after":""},{"index":7,"word":"-RRB-","originalText":")","characterOffsetBegin":47,"characterOffsetEnd":48,"pos":"-RRB-","before":"","after":""},{"index":8,"word":"Subject","originalText":"Subject","characterOffsetBegin":48,"characterOffsetEnd":55,"pos":"NNP","before":"","after":""},{"index":9,"word":":","originalText":":","characterOffsetBegin":55,"characterOffsetEnd":56,"pos":":","before":"","after":" "},{"index":10,"word":"Re","originalText":"Re","characterOffsetBegin":57,"characterOffsetEnd":59,"pos":"NNP","before":" ","after":""},{"index":11,"word":":","originalText":":","characterOffsetBegin":59,"characterOffsetEnd":60,"pos":":","before":"","after":" "},{"index":12,"word":"Animation","originalText":"Animation","characterOffsetBegin":61,"characterOffsetEnd":70,"pos":"NN","before":" ","after":" "},{"index":13,"word":"with","originalText":"with","characterOffsetBegin":71,"characterOffsetEnd":75,"pos":"IN","before":" ","after":" "},{"index":14,"word":"XPutImage","originalText":"XPutImage","characterOffsetBegin":76,"characterOffsetEnd":85,"pos":"NN","before":" ","after":""},{"index":15,"word":"-LRB-","originalText":"(","characterOffsetBegin":85,"characterOffsetEnd":86,"pos":"-LRB-","before":"","after":""},{"index":16,"word":"-RRB-","originalText":")","characterOffsetBegin":86,"characterOffsetEnd":87,"pos":"-RRB-","before":"","after":""},{"index":17,"word":"?","originalText":"?","characterOffsetBegin":87,"characterOffsetEnd":88,"pos":".","before":"","after":""}]},{"index":1,"tokens":[{"index":1,"word":"In","originalText":"In","characterOffsetBegin":88,"characterOffsetEnd":90,"pos":"IN","before":"","after":" "},{"index":2,"word":"article","originalText":"article","characterOffsetBegin":91,"characterOffsetEnd":98,"pos":"NN","before":" ","after":" "},{"index":3,"word":"<1993Apr21.154620.16330@infodev.cam.ac.uk>","originalText":"<1993Apr21.154620.16330@infodev.cam.ac.uk>","characterOffsetBegin":99,"characterOffsetEnd":141,"pos":"NN","before":" ","after":""},{"index":4,"word":",","originalText":",","characterOffsetBegin":141,"characterOffsetEnd":142,"pos":",","before":"","after":" "},{"index":5,"word":"dcr@mail.ast.cam.ac.uk","originalText":"dcr@mail.ast.cam.ac.uk","characterOffsetBegin":143,"characterOffsetEnd":165,"pos":"NN","before":" ","after":" "},{"index":6,"word":"-LRB-","originalText":"(","characterOffsetBegin":166,"characterOffsetEnd":167,"pos":"-LRB-","before":" ","after":""},{"index":7,"word":"Derek","originalText":"Derek","characterOffsetBegin":167,"characterOffsetEnd":172,"pos":"NNP","before":"","after":" "},{"index":8,"word":"C.","originalText":"C.","characterOffsetBegin":173,"characterOffsetEnd":175,"pos":"NNP","before":" ","after":" "},{"index":9,"word":"Richardson","originalText":"Richardson","characterOffsetBegin":176,"characterOffsetEnd":186,"pos":"NNP","before":" ","after":""},{"index":10,"word":"-RRB-","originalText":")","characterOffsetBegin":186,"characterOffsetEnd":187,"pos":"-RRB-","before":"","after":" "},{"index":11,"word":"writes","originalText":"writes","characterOffsetBegin":188,"characterOffsetEnd":194,"pos":"VBZ","before":" ","after":""},{"index":12,"word":":|","originalText":":|","characterOffsetBegin":194,"characterOffsetEnd":196,"pos":"CD","before":"","after":""},{"index":13,"word":">","originalText":">","characterOffsetBegin":196,"characterOffsetEnd":197,"pos":"JJR","before":"","after":" "},{"index":14,"word":"Two","originalText":"Two","characterOffsetBegin":198,"characterOffsetEnd":201,"pos":"CD","before":" ","after":" "},{"index":15,"word":"years","originalText":"years","characterOffsetBegin":202,"characterOffsetEnd":207,"pos":"NNS","before":" ","after":" "},{"index":16,"word":"ago","originalText":"ago","characterOffsetBegin":208,"characterOffsetEnd":211,"pos":"IN","before":" ","after":" "},{"index":17,"word":"I","originalText":"I","characterOffsetBegin":212,"characterOffsetEnd":213,"pos":"PRP","before":" ","after":" "},{"index":18,"word":"wrote","originalText":"wrote","characterOffsetBegin":214,"characterOffsetEnd":219,"pos":"VBD","before":" ","after":" "},{"index":19,"word":"a","originalText":"a","characterOffsetBegin":220,"characterOffsetEnd":221,"pos":"DT","before":" ","after":" "},{"index":20,"word":"Sunview","originalText":"Sunview","characterOffsetBegin":222,"characterOffsetEnd":229,"pos":"NNP","before":" ","after":" "},{"index":21,"word":"application","originalText":"application","characterOffsetBegin":230,"characterOffsetEnd":241,"pos":"NN","before":" ","after":" "},{"index":22,"word":"for","originalText":"for","characterOffsetBegin":242,"characterOffsetEnd":245,"pos":"IN","before":" ","after":" "},{"index":23,"word":"fast","originalText":"fast","characterOffsetBegin":246,"characterOffsetEnd":250,"pos":"JJ","before":" ","after":" "},{"index":24,"word":"animation","originalText":"animation","characterOffsetBegin":251,"characterOffsetEnd":260,"pos":"NN","before":" ","after":""},{"index":25,"word":"|","originalText":"|","characterOffsetBegin":260,"characterOffsetEnd":261,"pos":"NN","before":"","after":""},{"index":26,"word":">","originalText":">","characterOffsetBegin":261,"characterOffsetEnd":262,"pos":"JJR","before":"","after":" "},{"index":27,"word":"of","originalText":"of","characterOffsetBegin":263,"characterOffsetEnd":265,"pos":"IN","before":" ","after":" "},{"index":28,"word":"raster","originalText":"raster","characterOffsetBegin":266,"characterOffsetEnd":272,"pos":"NN","before":" ","after":" "},{"index":29,"word":"files","originalText":"files","characterOffsetBegin":273,"characterOffsetEnd":278,"pos":"NNS","before":" ","after":""},{"index":30,"word":".","originalText":".","characterOffsetBegin":278,"characterOffsetEnd":279,"pos":".","before":"","after":" "}]},{"index":2,"tokens":[{"index":1,"word":"With","originalText":"With","characterOffsetBegin":280,"characterOffsetEnd":284,"pos":"IN","before":" ","after":" "},{"index":2,"word":"Sunview","originalText":"Sunview","characterOffsetBegin":285,"characterOffsetEnd":292,"pos":"NNP","before":" ","after":" "},{"index":3,"word":"becoming","originalText":"becoming","characterOffsetBegin":293,"characterOffsetEnd":301,"pos":"VBG","before":" ","after":" "},{"index":4,"word":"rapidly","originalText":"rapidly","characterOffsetBegin":302,"characterOffsetEnd":309,"pos":"RB","before":" ","after":" "},{"index":5,"word":"obselete","originalText":"obselete","characterOffsetBegin":310,"characterOffsetEnd":318,"pos":"JJ","before":" ","after":""},{"index":6,"word":",","originalText":",","characterOffsetBegin":318,"characterOffsetEnd":319,"pos":",","before":"","after":" "},{"index":7,"word":"I","originalText":"I","characterOffsetBegin":320,"characterOffsetEnd":321,"pos":"PRP","before":" ","after":""},{"index":8,"word":"'ve","originalText":"'ve","characterOffsetBegin":321,"characterOffsetEnd":324,"pos":"VBP","before":"","after":""},{"index":9,"word":"|","originalText":"|","characterOffsetBegin":324,"characterOffsetEnd":325,"pos":"CD","before":"","after":""},{"index":10,"word":">","originalText":">","characterOffsetBegin":325,"characterOffsetEnd":326,"pos":"JJR","before":"","after":" "},{"index":11,"word":"finally","originalText":"finally","characterOffsetBegin":327,"characterOffsetEnd":334,"pos":"RB","before":" ","after":" "},{"index":12,"word":"decided","originalText":"decided","characterOffsetBegin":335,"characterOffsetEnd":342,"pos":"VBN","before":" ","after":" "},{"index":13,"word":"to","originalText":"to","characterOffsetBegin":343,"characterOffsetEnd":345,"pos":"TO","before":" ","after":" "},{"index":14,"word":"rewrite","originalText":"rewrite","characterOffsetBegin":346,"characterOffsetEnd":353,"pos":"VB","before":" ","after":" "},{"index":15,"word":"everything","originalText":"everything","characterOffsetBegin":354,"characterOffsetEnd":364,"pos":"NN","before":" ","after":" "},{"index":16,"word":"from","originalText":"from","characterOffsetBegin":365,"characterOffsetEnd":369,"pos":"IN","before":" ","after":" "},{"index":17,"word":"scratch","originalText":"scratch","characterOffsetBegin":370,"characterOffsetEnd":377,"pos":"NN","before":" ","after":" "},{"index":18,"word":"in","originalText":"in","characterOffsetBegin":378,"characterOffsetEnd":380,"pos":"IN","before":" ","after":" "},{"index":19,"word":"XView","originalText":"XView","characterOffsetBegin":381,"characterOffsetEnd":386,"pos":"NN","before":" ","after":""},{"index":20,"word":".","originalText":".","characterOffsetBegin":386,"characterOffsetEnd":387,"pos":".","before":"","after":""}]},{"index":3,"tokens":[{"index":1,"word":"|","originalText":"|","characterOffsetBegin":387,"characterOffsetEnd":388,"pos":"SYM","before":"","after":""},{"index":2,"word":">","originalText":">","characterOffsetBegin":388,"characterOffsetEnd":389,"pos":"JJR","before":"","after":" "},{"index":3,"word":"I","originalText":"I","characterOffsetBegin":390,"characterOffsetEnd":391,"pos":"PRP","before":" ","after":" "},{"index":4,"word":"put","originalText":"put","characterOffsetBegin":392,"characterOffsetEnd":395,"pos":"VBP","before":" ","after":" "},{"index":5,"word":"together","originalText":"together","characterOffsetBegin":396,"characterOffsetEnd":404,"pos":"RB","before":" ","after":" "},{"index":6,"word":"a","originalText":"a","characterOffsetBegin":405,"characterOffsetEnd":406,"pos":"DT","before":" ","after":" "},{"index":7,"word":"quick","originalText":"quick","characterOffsetBegin":407,"characterOffsetEnd":412,"pos":"JJ","before":" ","after":" "},{"index":8,"word":"test","originalText":"test","characterOffsetBegin":413,"characterOffsetEnd":417,"pos":"NN","before":" ","after":""},{"index":9,"word":",","originalText":",","characterOffsetBegin":417,"characterOffsetEnd":418,"pos":",","before":"","after":" "},{"index":10,"word":"and","originalText":"and","characterOffsetBegin":419,"characterOffsetEnd":422,"pos":"CC","before":" ","after":" "},{"index":11,"word":"I","originalText":"I","characterOffsetBegin":423,"characterOffsetEnd":424,"pos":"PRP","before":" ","after":""},{"index":12,"word":"'ve","originalText":"'ve","characterOffsetBegin":424,"characterOffsetEnd":427,"pos":"VBP","before":"","after":" "},{"index":13,"word":"found","originalText":"found","characterOffsetBegin":428,"characterOffsetEnd":433,"pos":"VBN","before":" ","after":" "},{"index":14,"word":"that","originalText":"that","characterOffsetBegin":434,"characterOffsetEnd":438,"pos":"IN","before":" ","after":" "},{"index":15,"word":"XPutImage","originalText":"XPutImage","characterOffsetBegin":439,"characterOffsetEnd":448,"pos":"NN","before":" ","after":""},{"index":16,"word":"-LRB-","originalText":"(","characterOffsetBegin":448,"characterOffsetEnd":449,"pos":"-LRB-","before":"","after":""},{"index":17,"word":"-RRB-","originalText":")","characterOffsetBegin":449,"characterOffsetEnd":450,"pos":"-RRB-","before":"","after":""},{"index":18,"word":"|","originalText":"|","characterOffsetBegin":450,"characterOffsetEnd":451,"pos":"CD","before":"","after":""},{"index":19,"word":">","originalText":">","characterOffsetBegin":451,"characterOffsetEnd":452,"pos":"JJR","before":"","after":" "},{"index":20,"word":"is","originalText":"is","characterOffsetBegin":453,"characterOffsetEnd":455,"pos":"VBZ","before":" ","after":" "},{"index":21,"word":"considerably","originalText":"considerably","characterOffsetBegin":456,"characterOffsetEnd":468,"pos":"RB","before":" ","after":" "},{"index":22,"word":"slower","originalText":"slower","characterOffsetBegin":469,"characterOffsetEnd":475,"pos":"JJR","before":" ","after":" "},{"index":23,"word":"-LRB-","originalText":"(","characterOffsetBegin":476,"characterOffsetEnd":477,"pos":"-LRB-","before":" ","after":""},{"index":24,"word":"factor","originalText":"factor","characterOffsetBegin":477,"characterOffsetEnd":483,"pos":"NN","before":"","after":" "},{"index":25,"word":"of","originalText":"of","characterOffsetBegin":484,"characterOffsetEnd":486,"pos":"IN","before":" ","after":" "},{"index":26,"word":"2","originalText":"2","characterOffsetBegin":487,"characterOffsetEnd":488,"pos":"CD","before":" ","after":" "},{"index":27,"word":"on","originalText":"on","characterOffsetBegin":489,"characterOffsetEnd":491,"pos":"IN","before":" ","after":" "},{"index":28,"word":"average","originalText":"average","characterOffsetBegin":492,"characterOffsetEnd":499,"pos":"NN","before":" ","after":""},{"index":29,"word":"?","originalText":"?","characterOffsetBegin":499,"characterOffsetEnd":500,"pos":".","before":"","after":""},{"index":30,"word":"-RRB-","originalText":")","characterOffsetBegin":500,"characterOffsetEnd":501,"pos":"-RRB-","before":"","after":" "}]},{"index":4,"tokens":[{"index":1,"word":"than","originalText":"than","characterOffsetBegin":502,"characterOffsetEnd":506,"pos":"IN","before":" ","after":" "},{"index":2,"word":"the","originalText":"the","characterOffsetBegin":507,"characterOffsetEnd":510,"pos":"DT","before":" ","after":""},{"index":3,"word":"|","originalText":"|","characterOffsetBegin":510,"characterOffsetEnd":511,"pos":"CD","before":"","after":""},{"index":4,"word":">","originalText":">","characterOffsetBegin":511,"characterOffsetEnd":512,"pos":"JJR","before":"","after":" "},{"index":5,"word":"Sunview","originalText":"Sunview","characterOffsetBegin":513,"characterOffsetEnd":520,"pos":"NNP","before":" ","after":" "},{"index":6,"word":"command","originalText":"command","characterOffsetBegin":521,"characterOffsetEnd":528,"pos":"NN","before":" ","after":" "},{"index":7,"word":"pw_rop","originalText":"pw_rop","characterOffsetBegin":529,"characterOffsetEnd":535,"pos":"NN","before":" ","after":""},{"index":8,"word":"-LRB-","originalText":"(","characterOffsetBegin":535,"characterOffsetEnd":536,"pos":"-LRB-","before":"","after":""},{"index":9,"word":"-RRB-","originalText":")","characterOffsetBegin":536,"characterOffsetEnd":537,"pos":"-RRB-","before":"","after":" "},{"index":10,"word":"which","originalText":"which","characterOffsetBegin":538,"characterOffsetEnd":543,"pos":"WDT","before":" ","after":" "},{"index":11,"word":"moves","originalText":"moves","characterOffsetBegin":544,"characterOffsetEnd":549,"pos":"VBZ","before":" ","after":" "},{"index":12,"word":"image","originalText":"image","characterOffsetBegin":550,"characterOffsetEnd":555,"pos":"NN","before":" ","after":" "},{"index":13,"word":"data","originalText":"data","characterOffsetBegin":556,"characterOffsetEnd":560,"pos":"NNS","before":" ","after":" "},{"index":14,"word":"from","originalText":"from","characterOffsetBegin":561,"characterOffsetEnd":565,"pos":"IN","before":" ","after":" "},{"index":15,"word":"memory","originalText":"memory","characterOffsetBegin":566,"characterOffsetEnd":572,"pos":"NN","before":" ","after":""},{"index":16,"word":"|","originalText":"|","characterOffsetBegin":572,"characterOffsetEnd":573,"pos":"CD","before":"","after":""},{"index":17,"word":">","originalText":">","characterOffsetBegin":573,"characterOffsetEnd":574,"pos":"JJR","before":"","after":" "},{"index":18,"word":"pixrects","originalText":"pixrects","characterOffsetBegin":575,"characterOffsetEnd":583,"pos":"NNS","before":" ","after":" "},{"index":19,"word":"to","originalText":"to","characterOffsetBegin":584,"characterOffsetEnd":586,"pos":"TO","before":" ","after":" "},{"index":20,"word":"a","originalText":"a","characterOffsetBegin":587,"characterOffsetEnd":588,"pos":"DT","before":" ","after":" "},{"index":21,"word":"canvas","originalText":"canvas","characterOffsetBegin":589,"characterOffsetEnd":595,"pos":"NN","before":" ","after":""},{"index":22,"word":".","originalText":".","characterOffsetBegin":595,"characterOffsetEnd":596,"pos":".","before":"","after":" "}]},{"index":5,"tokens":[{"index":1,"word":"This","originalText":"This","characterOffsetBegin":597,"characterOffsetEnd":601,"pos":"DT","before":" ","after":" "},{"index":2,"word":"was","originalText":"was","characterOffsetBegin":602,"characterOffsetEnd":605,"pos":"VBD","before":" ","after":" "},{"index":3,"word":"on","originalText":"on","characterOffsetBegin":606,"characterOffsetEnd":608,"pos":"IN","before":" ","after":" "},{"index":4,"word":"a","originalText":"a","characterOffsetBegin":609,"characterOffsetEnd":610,"pos":"DT","before":" ","after":" "},{"index":5,"word":"Sparc","originalText":"Sparc","characterOffsetBegin":611,"characterOffsetEnd":616,"pos":"NNP","before":" ","after":" "},{"index":6,"word":"IPX","originalText":"IPX","characterOffsetBegin":617,"characterOffsetEnd":620,"pos":"NNP","before":" ","after":""},{"index":7,"word":".","originalText":".","characterOffsetBegin":620,"characterOffsetEnd":621,"pos":".","before":"","after":" "}]},{"index":6,"tokens":[{"index":1,"word":"It","originalText":"It","characterOffsetBegin":622,"characterOffsetEnd":624,"pos":"PRP","before":" ","after":" "},{"index":2,"word":"seems","originalText":"seems","characterOffsetBegin":625,"characterOffsetEnd":630,"pos":"VBZ","before":" ","after":" "},{"index":3,"word":"that","originalText":"that","characterOffsetBegin":631,"characterOffsetEnd":635,"pos":"IN","before":" ","after":""},{"index":4,"word":":|","originalText":":|","characterOffsetBegin":635,"characterOffsetEnd":637,"pos":"CD","before":"","after":""},{"index":5,"word":">","originalText":">","characterOffsetBegin":637,"characterOffsetEnd":638,"pos":"JJR","before":"","after":" "},{"index":6,"word":"-LRB-","originalText":"(","characterOffsetBegin":639,"characterOffsetEnd":640,"pos":"-LRB-","before":" ","after":""},{"index":7,"word":"1","originalText":"1","characterOffsetBegin":640,"characterOffsetEnd":641,"pos":"LS","before":"","after":""},{"index":8,"word":"-RRB-","originalText":")","characterOffsetBegin":641,"characterOffsetEnd":642,"pos":"-RRB-","before":"","after":" "},{"index":9,"word":"the","originalText":"the","characterOffsetBegin":643,"characterOffsetEnd":646,"pos":"DT","before":" ","after":" "},{"index":10,"word":"X","originalText":"X","characterOffsetBegin":647,"characterOffsetEnd":648,"pos":"NN","before":" ","after":" "},{"index":11,"word":"protocol","originalText":"protocol","characterOffsetBegin":649,"characterOffsetEnd":657,"pos":"NN","before":" ","after":" "},{"index":12,"word":"communication","originalText":"communication","characterOffsetBegin":658,"characterOffsetEnd":671,"pos":"NN","before":" ","after":" "},{"index":13,"word":"is","originalText":"is","characterOffsetBegin":672,"characterOffsetEnd":674,"pos":"VBZ","before":" ","after":" "},{"index":14,"word":"slowing","originalText":"slowing","characterOffsetBegin":675,"characterOffsetEnd":682,"pos":"VBG","before":" ","after":" "},{"index":15,"word":"things","originalText":"things","characterOffsetBegin":683,"characterOffsetEnd":689,"pos":"NNS","before":" ","after":" "},{"index":16,"word":"down","originalText":"down","characterOffsetBegin":690,"characterOffsetEnd":694,"pos":"RB","before":" ","after":""},{"index":17,"word":";","originalText":";","characterOffsetBegin":694,"characterOffsetEnd":695,"pos":":","before":"","after":" "},{"index":18,"word":"or","originalText":"or","characterOffsetBegin":696,"characterOffsetEnd":698,"pos":"CC","before":" ","after":""},{"index":19,"word":"|","originalText":"|","characterOffsetBegin":698,"characterOffsetEnd":699,"pos":"CD","before":"","after":""},{"index":20,"word":">","originalText":">","characterOffsetBegin":699,"characterOffsetEnd":700,"pos":"JJR","before":"","after":" "},{"index":21,"word":"-LRB-","originalText":"(","characterOffsetBegin":701,"characterOffsetEnd":702,"pos":"-LRB-","before":" ","after":""},{"index":22,"word":"2","originalText":"2","characterOffsetBegin":702,"characterOffsetEnd":703,"pos":"LS","before":"","after":""},{"index":23,"word":"-RRB-","originalText":")","characterOffsetBegin":703,"characterOffsetEnd":704,"pos":"-RRB-","before":"","after":" "},{"index":24,"word":"XPutImage","originalText":"XPutImage","characterOffsetBegin":705,"characterOffsetEnd":714,"pos":"NN","before":" ","after":" "},{"index":25,"word":"is","originalText":"is","characterOffsetBegin":715,"characterOffsetEnd":717,"pos":"VBZ","before":" ","after":" "},{"index":26,"word":"inefficient","originalText":"inefficient","characterOffsetBegin":718,"characterOffsetEnd":729,"pos":"JJ","before":" ","after":""},{"index":27,"word":"...","originalText":"...","characterOffsetBegin":729,"characterOffsetEnd":732,"pos":":","before":"","after":""},{"index":28,"word":"or","originalText":"or","characterOffsetBegin":732,"characterOffsetEnd":734,"pos":"CC","before":"","after":" "},{"index":29,"word":"both","originalText":"both","characterOffsetBegin":735,"characterOffsetEnd":739,"pos":"DT","before":" ","after":""},{"index":30,"word":"!","originalText":"!","characterOffsetBegin":739,"characterOffsetEnd":740,"pos":".","before":"","after":" "}]},{"index":7,"tokens":[{"index":1,"word":"My","originalText":"My","characterOffsetBegin":741,"characterOffsetEnd":743,"pos":"PRP$","before":" ","after":" "},{"index":2,"word":"question","originalText":"question","characterOffsetBegin":744,"characterOffsetEnd":752,"pos":"NN","before":" ","after":" "},{"index":3,"word":"is","originalText":"is","characterOffsetBegin":753,"characterOffsetEnd":755,"pos":"VBZ","before":" ","after":""},{"index":4,"word":",","originalText":",","characterOffsetBegin":755,"characterOffsetEnd":756,"pos":",","before":"","after":" "},{"index":5,"word":"whatThe","originalText":"whatThe","characterOffsetBegin":757,"characterOffsetEnd":764,"pos":"NN","before":" ","after":" "},{"index":6,"word":"protocol","originalText":"protocol","characterOffsetBegin":765,"characterOffsetEnd":773,"pos":"NN","before":" ","after":" "},{"index":7,"word":"has","originalText":"has","characterOffsetBegin":774,"characterOffsetEnd":777,"pos":"VBZ","before":" ","after":" "},{"index":8,"word":"to","originalText":"to","characterOffsetBegin":778,"characterOffsetEnd":780,"pos":"TO","before":" ","after":" "},{"index":9,"word":"move","originalText":"move","characterOffsetBegin":781,"characterOffsetEnd":785,"pos":"VB","before":" ","after":" "},{"index":10,"word":"the","originalText":"the","characterOffsetBegin":786,"characterOffsetEnd":789,"pos":"DT","before":" ","after":" "},{"index":11,"word":"whole","originalText":"whole","characterOffsetBegin":790,"characterOffsetEnd":795,"pos":"JJ","before":" ","after":" "},{"index":12,"word":"image","originalText":"image","characterOffsetBegin":796,"characterOffsetEnd":801,"pos":"NN","before":" ","after":" "},{"index":13,"word":"from","originalText":"from","characterOffsetBegin":802,"characterOffsetEnd":806,"pos":"IN","before":" ","after":" "},{"index":14,"word":"process","originalText":"process","characterOffsetBegin":807,"characterOffsetEnd":814,"pos":"NN","before":" ","after":" "},{"index":15,"word":"memory","originalText":"memory","characterOffsetBegin":815,"characterOffsetEnd":821,"pos":"NN","before":" ","after":" "},{"index":16,"word":"to","originalText":"to","characterOffsetBegin":822,"characterOffsetEnd":824,"pos":"TO","before":" ","after":" "},{"index":17,"word":"servermemory","originalText":"servermemory","characterOffsetBegin":825,"characterOffsetEnd":837,"pos":"NN","before":" ","after":""},{"index":18,"word":",","originalText":",","characterOffsetBegin":837,"characterOffsetEnd":838,"pos":",","before":"","after":" "},{"index":19,"word":"this","originalText":"this","characterOffsetBegin":839,"characterOffsetEnd":843,"pos":"DT","before":" ","after":" "},{"index":20,"word":"is","originalText":"is","characterOffsetBegin":844,"characterOffsetEnd":846,"pos":"VBZ","before":" ","after":" "},{"index":21,"word":"the","originalText":"the","characterOffsetBegin":847,"characterOffsetEnd":850,"pos":"DT","before":" ","after":" "},{"index":22,"word":"hog","originalText":"hog","characterOffsetBegin":851,"characterOffsetEnd":854,"pos":"NN","before":" ","after":""},{"index":23,"word":".","originalText":".","characterOffsetBegin":854,"characterOffsetEnd":855,"pos":".","before":"","after":" "}]},{"index":8,"tokens":[{"index":1,"word":"The","originalText":"The","characterOffsetBegin":856,"characterOffsetEnd":859,"pos":"DT","before":" ","after":" "},{"index":2,"word":"conversions","originalText":"conversions","characterOffsetBegin":860,"characterOffsetEnd":871,"pos":"NNS","before":" ","after":" "},{"index":3,"word":"in","originalText":"in","characterOffsetBegin":872,"characterOffsetEnd":874,"pos":"IN","before":" ","after":" "},{"index":4,"word":"the","originalText":"the","characterOffsetBegin":875,"characterOffsetEnd":878,"pos":"DT","before":" ","after":" "},{"index":5,"word":"XPutImage","originalText":"XPutImage","characterOffsetBegin":879,"characterOffsetEnd":888,"pos":"NN","before":" ","after":""},{"index":6,"word":"-LRB-","originalText":"(","characterOffsetBegin":888,"characterOffsetEnd":889,"pos":"-LRB-","before":"","after":""},{"index":7,"word":"-RRB-","originalText":")","characterOffsetBegin":889,"characterOffsetEnd":890,"pos":"-RRB-","before":"","after":" "},{"index":8,"word":"arefast","originalText":"arefast","characterOffsetBegin":891,"characterOffsetEnd":898,"pos":"NN","before":" ","after":""},{"index":9,"word":".","originalText":".","characterOffsetBegin":898,"characterOffsetEnd":899,"pos":".","before":"","after":""}]},{"index":9,"tokens":[{"index":1,"word":"|","originalText":"|","characterOffsetBegin":899,"characterOffsetEnd":900,"pos":"SYM","before":"","after":""},{"index":2,"word":">","originalText":">","characterOffsetBegin":900,"characterOffsetEnd":901,"pos":"JJR","before":"","after":" "},{"index":3,"word":"is","originalText":"is","characterOffsetBegin":902,"characterOffsetEnd":904,"pos":"VBZ","before":" ","after":" "},{"index":4,"word":"the","originalText":"the","characterOffsetBegin":905,"characterOffsetEnd":908,"pos":"DT","before":" ","after":" "},{"index":5,"word":"fastest","originalText":"fastest","characterOffsetBegin":909,"characterOffsetEnd":916,"pos":"JJS","before":" ","after":" "},{"index":6,"word":"way","originalText":"way","characterOffsetBegin":917,"characterOffsetEnd":920,"pos":"NN","before":" ","after":" "},{"index":7,"word":"in","originalText":"in","characterOffsetBegin":921,"characterOffsetEnd":923,"pos":"IN","before":" ","after":" "},{"index":8,"word":"X11R5","originalText":"X11R5","characterOffsetBegin":924,"characterOffsetEnd":929,"pos":"NN","before":" ","after":" "},{"index":9,"word":"to","originalText":"to","characterOffsetBegin":930,"characterOffsetEnd":932,"pos":"TO","before":" ","after":" "},{"index":10,"word":"dump","originalText":"dump","characterOffsetBegin":933,"characterOffsetEnd":937,"pos":"VB","before":" ","after":" "},{"index":11,"word":"8","originalText":"8","characterOffsetBegin":938,"characterOffsetEnd":939,"pos":"CD","before":" ","after":" "},{"index":12,"word":"plane","originalText":"plane","characterOffsetBegin":940,"characterOffsetEnd":945,"pos":"NN","before":" ","after":" "},{"index":13,"word":"image","originalText":"image","characterOffsetBegin":946,"characterOffsetEnd":951,"pos":"NN","before":" ","after":" "},{"index":14,"word":"data","originalText":"data","characterOffsetBegin":952,"characterOffsetEnd":956,"pos":"NNS","before":" ","after":" "},{"index":15,"word":"to","originalText":"to","characterOffsetBegin":957,"characterOffsetEnd":959,"pos":"TO","before":" ","after":""},{"index":16,"word":"|","originalText":"|","characterOffsetBegin":959,"characterOffsetEnd":960,"pos":"VB","before":"","after":""},{"index":17,"word":">","originalText":">","characterOffsetBegin":960,"characterOffsetEnd":961,"pos":"JJR","before":"","after":" "},{"index":18,"word":"a","originalText":"a","characterOffsetBegin":962,"characterOffsetEnd":963,"pos":"DT","before":" ","after":" "},{"index":19,"word":"window","originalText":"window","characterOffsetBegin":964,"characterOffsetEnd":970,"pos":"NN","before":" ","after":""},{"index":20,"word":"?","originalText":"?","characterOffsetBegin":970,"characterOffsetEnd":971,"pos":".","before":"","after":" "}]},{"index":10,"tokens":[{"index":1,"word":"Can","originalText":"Can","characterOffsetBegin":972,"characterOffsetEnd":975,"pos":"MD","before":" ","after":" "},{"index":2,"word":"I","originalText":"I","characterOffsetBegin":976,"characterOffsetEnd":977,"pos":"PRP","before":" ","after":" "},{"index":3,"word":"take","originalText":"take","characterOffsetBegin":978,"characterOffsetEnd":982,"pos":"VB","before":" ","after":" "},{"index":4,"word":"advantage","originalText":"advantage","characterOffsetBegin":983,"characterOffsetEnd":992,"pos":"NN","before":" ","after":" "},{"index":5,"word":"of","originalText":"of","characterOffsetBegin":993,"characterOffsetEnd":995,"pos":"IN","before":" ","after":" "},{"index":6,"word":"the","originalText":"the","characterOffsetBegin":996,"characterOffsetEnd":999,"pos":"DT","before":" ","after":" "},{"index":7,"word":"fact","originalText":"fact","characterOffsetBegin":1000,"characterOffsetEnd":1004,"pos":"NN","before":" ","after":" "},{"index":8,"word":"that","originalText":"that","characterOffsetBegin":1005,"characterOffsetEnd":1009,"pos":"IN","before":" ","after":" "},{"index":9,"word":"the","originalText":"the","characterOffsetBegin":1010,"characterOffsetEnd":1013,"pos":"DT","before":" ","after":" "},{"index":10,"word":"client","originalText":"client","characterOffsetBegin":1014,"characterOffsetEnd":1020,"pos":"NN","before":" ","after":" "},{"index":11,"word":"is","originalText":"is","characterOffsetBegin":1021,"characterOffsetEnd":1023,"pos":"VBZ","before":" ","after":""},{"index":12,"word":"|","originalText":"|","characterOffsetBegin":1023,"characterOffsetEnd":1024,"pos":"CD","before":"","after":""},{"index":13,"word":">","originalText":">","characterOffsetBegin":1024,"characterOffsetEnd":1025,"pos":"JJR","before":"","after":" "},{"index":14,"word":"running","originalText":"running","characterOffsetBegin":1026,"characterOffsetEnd":1033,"pos":"VBG","before":" ","after":" "},{"index":15,"word":"on","originalText":"on","characterOffsetBegin":1034,"characterOffsetEnd":1036,"pos":"IN","before":" ","after":" "},{"index":16,"word":"the","originalText":"the","characterOffsetBegin":1037,"characterOffsetEnd":1040,"pos":"DT","before":" ","after":" "},{"index":17,"word":"same","originalText":"same","characterOffsetBegin":1041,"characterOffsetEnd":1045,"pos":"JJ","before":" ","after":" "},{"index":18,"word":"machine","originalText":"machine","characterOffsetBegin":1046,"characterOffsetEnd":1053,"pos":"NN","before":" ","after":" "},{"index":19,"word":"as","originalText":"as","characterOffsetBegin":1054,"characterOffsetEnd":1056,"pos":"IN","before":" ","after":" "},{"index":20,"word":"the","originalText":"the","characterOffsetBegin":1057,"characterOffsetEnd":1060,"pos":"DT","before":" ","after":" "},{"index":21,"word":"server","originalText":"server","characterOffsetBegin":1061,"characterOffsetEnd":1067,"pos":"NN","before":" ","after":""},{"index":22,"word":"?","originalText":"?","characterOffsetBegin":1067,"characterOffsetEnd":1068,"pos":".","before":"","after":" "}]},{"index":11,"tokens":[{"index":1,"word":"Or","originalText":"Or","characterOffsetBegin":1069,"characterOffsetEnd":1071,"pos":"CC","before":" ","after":" "},{"index":2,"word":"am","originalText":"am","characterOffsetBegin":1072,"characterOffsetEnd":1074,"pos":"VBP","before":" ","after":" "},{"index":3,"word":"I","originalText":"I","characterOffsetBegin":1075,"characterOffsetEnd":1076,"pos":"PRP","before":" ","after":" "},{"index":4,"word":"stuck","originalText":"stuck","characterOffsetBegin":1077,"characterOffsetEnd":1082,"pos":"VBD","before":" ","after":" "},{"index":5,"word":"withYes","originalText":"withYes","characterOffsetBegin":1083,"characterOffsetEnd":1090,"pos":"NNS","before":" ","after":""},{"index":6,"word":",","originalText":",","characterOffsetBegin":1090,"characterOffsetEnd":1091,"pos":",","before":"","after":" "},{"index":7,"word":"by","originalText":"by","characterOffsetBegin":1092,"characterOffsetEnd":1094,"pos":"IN","before":" ","after":" "},{"index":8,"word":"utilizing","originalText":"utilizing","characterOffsetBegin":1095,"characterOffsetEnd":1104,"pos":"VBG","before":" ","after":" "},{"index":9,"word":"the","originalText":"the","characterOffsetBegin":1105,"characterOffsetEnd":1108,"pos":"DT","before":" ","after":" "},{"index":10,"word":"MIT-SHM","originalText":"MIT-SHM","characterOffsetBegin":1109,"characterOffsetEnd":1116,"pos":"NN","before":" ","after":" "},{"index":11,"word":"extension","originalText":"extension","characterOffsetBegin":1117,"characterOffsetEnd":1126,"pos":"NN","before":" ","after":""},{"index":12,"word":",","originalText":",","characterOffsetBegin":1126,"characterOffsetEnd":1127,"pos":",","before":"","after":" "},{"index":13,"word":"that","originalText":"that","characterOffsetBegin":1128,"characterOffsetEnd":1132,"pos":"WDT","before":" ","after":" "},{"index":14,"word":"provides","originalText":"provides","characterOffsetBegin":1133,"characterOffsetEnd":1141,"pos":"VBZ","before":" ","after":" "},{"index":15,"word":"an","originalText":"an","characterOffsetBegin":1142,"characterOffsetEnd":1144,"pos":"DT","before":" ","after":" "},{"index":16,"word":"XPutImagederivate","originalText":"XPutImagederivate","characterOffsetBegin":1145,"characterOffsetEnd":1162,"pos":"NN","before":" ","after":" "},{"index":17,"word":"that","originalText":"that","characterOffsetBegin":1163,"characterOffsetEnd":1167,"pos":"WDT","before":" ","after":" "},{"index":18,"word":"uses","originalText":"uses","characterOffsetBegin":1168,"characterOffsetEnd":1172,"pos":"VBZ","before":" ","after":" "},{"index":19,"word":"shared","originalText":"shared","characterOffsetBegin":1173,"characterOffsetEnd":1179,"pos":"VBN","before":" ","after":" "},{"index":20,"word":"memory","originalText":"memory","characterOffsetBegin":1180,"characterOffsetEnd":1186,"pos":"NN","before":" ","after":""},{"index":21,"word":".","originalText":".","characterOffsetBegin":1186,"characterOffsetEnd":1187,"pos":".","before":"","after":" "}]},{"index":12,"tokens":[{"index":1,"word":"Fine","originalText":"Fine","characterOffsetBegin":1188,"characterOffsetEnd":1192,"pos":"JJ","before":" ","after":" "},{"index":2,"word":"fast","originalText":"fast","characterOffsetBegin":1193,"characterOffsetEnd":1197,"pos":"JJ","before":" ","after":""},{"index":3,"word":".","originalText":".","characterOffsetBegin":1197,"characterOffsetEnd":1198,"pos":".","before":"","after":""}]},{"index":13,"tokens":[{"index":1,"word":"|","originalText":"|","characterOffsetBegin":1198,"characterOffsetEnd":1199,"pos":"SYM","before":"","after":""},{"index":2,"word":">","originalText":">","characterOffsetBegin":1199,"characterOffsetEnd":1200,"pos":"JJR","before":"","after":" "},{"index":3,"word":"XPutImage","originalText":"XPutImage","characterOffsetBegin":1201,"characterOffsetEnd":1210,"pos":"NN","before":" ","after":""},{"index":4,"word":"-LRB-","originalText":"(","characterOffsetBegin":1210,"characterOffsetEnd":1211,"pos":"-LRB-","before":"","after":""},{"index":5,"word":"-RRB-","originalText":")","characterOffsetBegin":1211,"characterOffsetEnd":1212,"pos":"-RRB-","before":"","after":" "},{"index":6,"word":"-LRB-","originalText":"(","characterOffsetBegin":1213,"characterOffsetEnd":1214,"pos":"-LRB-","before":" ","after":""},{"index":7,"word":"in","originalText":"in","characterOffsetBegin":1214,"characterOffsetEnd":1216,"pos":"IN","before":"","after":" "},{"index":8,"word":"which","originalText":"which","characterOffsetBegin":1217,"characterOffsetEnd":1222,"pos":"WDT","before":" ","after":" "},{"index":9,"word":"case","originalText":"case","characterOffsetBegin":1223,"characterOffsetEnd":1227,"pos":"NN","before":" ","after":" "},{"index":10,"word":"I","originalText":"I","characterOffsetBegin":1228,"characterOffsetEnd":1229,"pos":"PRP","before":" ","after":" "},{"index":11,"word":"might","originalText":"might","characterOffsetBegin":1230,"characterOffsetEnd":1235,"pos":"MD","before":" ","after":" "},{"index":12,"word":"as","originalText":"as","characterOffsetBegin":1236,"characterOffsetEnd":1238,"pos":"RB","before":" ","after":" "},{"index":13,"word":"well","originalText":"well","characterOffsetBegin":1239,"characterOffsetEnd":1243,"pos":"RB","before":" ","after":" "},{"index":14,"word":"give","originalText":"give","characterOffsetBegin":1244,"characterOffsetEnd":1248,"pos":"VB","before":" ","after":" "},{"index":15,"word":"up","originalText":"up","characterOffsetBegin":1249,"characterOffsetEnd":1251,"pos":"RP","before":" ","after":" "},{"index":16,"word":"now","originalText":"now","characterOffsetBegin":1252,"characterOffsetEnd":1255,"pos":"RB","before":" ","after":""},{"index":17,"word":"...","originalText":"...","characterOffsetBegin":1255,"characterOffsetEnd":1258,"pos":":","before":"","after":""},{"index":18,"word":"-RRB-","originalText":")","characterOffsetBegin":1258,"characterOffsetEnd":1259,"pos":"-RRB-","before":"","after":""},{"index":19,"word":"?","originalText":"?","characterOffsetBegin":1259,"characterOffsetEnd":1260,"pos":".","before":"","after":""}]},{"index":14,"tokens":[{"index":1,"word":"|","originalText":"|","characterOffsetBegin":1260,"characterOffsetEnd":1261,"pos":"SYM","before":"","after":""},{"index":2,"word":">","originalText":">","characterOffsetBegin":1261,"characterOffsetEnd":1262,"pos":"JJR","before":"","after":" "},{"index":3,"word":"No","originalText":"No","characterOffsetBegin":1263,"characterOffsetEnd":1265,"pos":"DT","before":" ","after":""},{"index":4,"word":".","originalText":".","characterOffsetBegin":1265,"characterOffsetEnd":1266,"pos":".","before":"","after":" "}]},{"index":15,"tokens":[{"index":1,"word":"You","originalText":"You","characterOffsetBegin":1267,"characterOffsetEnd":1270,"pos":"PRP","before":" ","after":" "},{"index":2,"word":"can","originalText":"can","characterOffsetBegin":1271,"characterOffsetEnd":1274,"pos":"MD","before":" ","after":" "},{"index":3,"word":"still","originalText":"still","characterOffsetBegin":1275,"characterOffsetEnd":1280,"pos":"RB","before":" ","after":" "},{"index":4,"word":"XPutImage","originalText":"XPutImage","characterOffsetBegin":1281,"characterOffsetEnd":1290,"pos":"VB","before":" ","after":" "},{"index":5,"word":"all","originalText":"all","characterOffsetBegin":1291,"characterOffsetEnd":1294,"pos":"DT","before":" ","after":" "},{"index":6,"word":"of","originalText":"of","characterOffsetBegin":1295,"characterOffsetEnd":1297,"pos":"IN","before":" ","after":" "},{"index":7,"word":"the","originalText":"the","characterOffsetBegin":1298,"characterOffsetEnd":1301,"pos":"DT","before":" ","after":" "},{"index":8,"word":"frames","originalText":"frames","characterOffsetBegin":1302,"characterOffsetEnd":1308,"pos":"NNS","before":" ","after":" "},{"index":9,"word":"onto","originalText":"onto","characterOffsetBegin":1309,"characterOffsetEnd":1313,"pos":"IN","before":" ","after":" "},{"index":10,"word":"pixmaps","originalText":"pixmaps","characterOffsetBegin":1314,"characterOffsetEnd":1321,"pos":"NNS","before":" ","after":" "},{"index":11,"word":"-LRB-","originalText":"(","characterOffsetBegin":1322,"characterOffsetEnd":1323,"pos":"-LRB-","before":" ","after":""},{"index":12,"word":"thus","originalText":"thus","characterOffsetBegin":1323,"characterOffsetEnd":1327,"pos":"RB","before":"","after":" "},{"index":13,"word":"movingthem","originalText":"movingthem","characterOffsetBegin":1328,"characterOffsetEnd":1338,"pos":"NN","before":" ","after":" "},{"index":14,"word":"to","originalText":"to","characterOffsetBegin":1339,"characterOffsetEnd":1341,"pos":"TO","before":" ","after":" "},{"index":15,"word":"server","originalText":"server","characterOffsetBegin":1342,"characterOffsetEnd":1348,"pos":"NN","before":" ","after":" "},{"index":16,"word":"memory","originalText":"memory","characterOffsetBegin":1349,"characterOffsetEnd":1355,"pos":"NN","before":" ","after":""},{"index":17,"word":"-RRB-","originalText":")","characterOffsetBegin":1355,"characterOffsetEnd":1356,"pos":"-RRB-","before":"","after":" "},{"index":18,"word":"and","originalText":"and","characterOffsetBegin":1357,"characterOffsetEnd":1360,"pos":"CC","before":" ","after":" "},{"index":19,"word":"then","originalText":"then","characterOffsetBegin":1361,"characterOffsetEnd":1365,"pos":"RB","before":" ","after":" "},{"index":20,"word":"replay","originalText":"replay","characterOffsetBegin":1366,"characterOffsetEnd":1372,"pos":"NN","before":" ","after":" "},{"index":21,"word":"them","originalText":"them","characterOffsetBegin":1373,"characterOffsetEnd":1377,"pos":"PRP","before":" ","after":" "},{"index":22,"word":"fastest","originalText":"fastest","characterOffsetBegin":1378,"characterOffsetEnd":1385,"pos":"JJS","before":" ","after":" "},{"index":23,"word":"using","originalText":"using","characterOffsetBegin":1386,"characterOffsetEnd":1391,"pos":"VBG","before":" ","after":" "},{"index":24,"word":"XCopyArea","originalText":"XCopyArea","characterOffsetBegin":1392,"characterOffsetEnd":1401,"pos":"NN","before":" ","after":""},{"index":25,"word":"-LRB-","originalText":"(","characterOffsetBegin":1401,"characterOffsetEnd":1402,"pos":"-LRB-","before":"","after":""},{"index":26,"word":"-RRB-","originalText":")","characterOffsetBegin":1402,"characterOffsetEnd":1403,"pos":"-RRB-","before":"","after":""},{"index":27,"word":"BUT","originalText":"BUT","characterOffsetBegin":1403,"characterOffsetEnd":1406,"pos":"NNP","before":"","after":" "},{"index":28,"word":"be","originalText":"be","characterOffsetBegin":1407,"characterOffsetEnd":1409,"pos":"VB","before":" ","after":" "},{"index":29,"word":"aware","originalText":"aware","characterOffsetBegin":1410,"characterOffsetEnd":1415,"pos":"JJ","before":" ","after":""},{"index":30,"word":",","originalText":",","characterOffsetBegin":1415,"characterOffsetEnd":1416,"pos":",","before":"","after":" "},{"index":31,"word":"this","originalText":"this","characterOffsetBegin":1417,"characterOffsetEnd":1421,"pos":"DT","before":" ","after":" "},{"index":32,"word":"is","originalText":"is","characterOffsetBegin":1422,"characterOffsetEnd":1424,"pos":"VBZ","before":" ","after":" "},{"index":33,"word":"a","originalText":"a","characterOffsetBegin":1425,"characterOffsetEnd":1426,"pos":"DT","before":" ","after":" "},{"index":34,"word":"major","originalText":"major","characterOffsetBegin":1427,"characterOffsetEnd":1432,"pos":"JJ","before":" ","after":" "},{"index":35,"word":"server","originalText":"server","characterOffsetBegin":1433,"characterOffsetEnd":1439,"pos":"NN","before":" ","after":" "},{"index":36,"word":"memory","originalText":"memory","characterOffsetBegin":1440,"characterOffsetEnd":1446,"pos":"NN","before":" ","after":" "},{"index":37,"word":"bummer","originalText":"bummer","characterOffsetBegin":1447,"characterOffsetEnd":1453,"pos":"NN","before":" ","after":" "},{"index":38,"word":"!","originalText":"!","characterOffsetBegin":1454,"characterOffsetEnd":1455,"pos":".","before":" ","after":""}]},{"index":16,"tokens":[{"index":1,"word":"--","originalText":"--","characterOffsetBegin":1455,"characterOffsetEnd":1457,"pos":":","before":"","after":""},{"index":2,"word":"+","originalText":"+","characterOffsetBegin":1457,"characterOffsetEnd":1458,"pos":"CC","before":"","after":""},{"index":3,"word":"-","originalText":"-","characterOffsetBegin":1458,"characterOffsetEnd":1459,"pos":":","before":"","after":""},{"index":4,"word":"o","originalText":"o","characterOffsetBegin":1459,"characterOffsetEnd":1460,"pos":"NN","before":"","after":""},{"index":5,"word":"-","originalText":"-","characterOffsetBegin":1460,"characterOffsetEnd":1461,"pos":":","before":"","after":""},{"index":6,"word":"+","originalText":"+","characterOffsetBegin":1461,"characterOffsetEnd":1462,"pos":"CC","before":"","after":""},{"index":7,"word":"--------------------------------------------------------------","originalText":"--------------------------------------------------------------","characterOffsetBegin":1462,"characterOffsetEnd":1524,"pos":"CD","before":"","after":""},{"index":8,"word":"+","originalText":"+","characterOffsetBegin":1524,"characterOffsetEnd":1525,"pos":"CC","before":"","after":""},{"index":9,"word":"-","originalText":"-","characterOffsetBegin":1525,"characterOffsetEnd":1526,"pos":":","before":"","after":""},{"index":10,"word":"o","originalText":"o","characterOffsetBegin":1526,"characterOffsetEnd":1527,"pos":"NN","before":"","after":""},{"index":11,"word":"-","originalText":"-","characterOffsetBegin":1527,"characterOffsetEnd":1528,"pos":":","before":"","after":""},{"index":12,"word":"+","originalText":"+","characterOffsetBegin":1528,"characterOffsetEnd":1529,"pos":"CC","before":"","after":""},{"index":13,"word":"|","originalText":"|","characterOffsetBegin":1529,"characterOffsetEnd":1530,"pos":"CD","before":"","after":" "},{"index":14,"word":"o","originalText":"o","characterOffsetBegin":1531,"characterOffsetEnd":1532,"pos":"NN","before":" ","after":" "},{"index":15,"word":"|","originalText":"|","characterOffsetBegin":1533,"characterOffsetEnd":1534,"pos":"CD","before":" ","after":"                "},{"index":16,"word":"\\","originalText":"\\","characterOffsetBegin":1550,"characterOffsetEnd":1551,"pos":"CD","before":"                ","after":""},{"index":17,"word":"\\","originalText":"\\","characterOffsetBegin":1551,"characterOffsetEnd":1552,"pos":"CD","before":"","after":""},{"index":18,"word":"\\","originalText":"\\","characterOffsetBegin":1552,"characterOffsetEnd":1553,"pos":"SYM","before":"","after":""},{"index":19,"word":"-","originalText":"-","characterOffsetBegin":1553,"characterOffsetEnd":1554,"pos":":","before":"","after":"  "},{"index":20,"word":"Brain","originalText":"Brain","characterOffsetBegin":1556,"characterOffsetEnd":1561,"pos":"NN","before":"  ","after":" "},{"index":21,"word":"Inside","originalText":"Inside","characterOffsetBegin":1562,"characterOffsetEnd":1568,"pos":"IN","before":" ","after":" "},{"index":22,"word":"-","originalText":"-","characterOffsetBegin":1569,"characterOffsetEnd":1570,"pos":":","before":" ","after":""},{"index":23,"word":"/","originalText":"/","characterOffsetBegin":1570,"characterOffsetEnd":1571,"pos":":","before":"","after":""},{"index":24,"word":"/","originalText":"/","characterOffsetBegin":1571,"characterOffsetEnd":1572,"pos":":","before":"","after":""},{"index":25,"word":"/","originalText":"/","characterOffsetBegin":1572,"characterOffsetEnd":1573,"pos":":","before":"","after":"                       "},{"index":26,"word":"|","originalText":"|","characterOffsetBegin":1596,"characterOffsetEnd":1597,"pos":"CD","before":"                       ","after":" "},{"index":27,"word":"o","originalText":"o","characterOffsetBegin":1598,"characterOffsetEnd":1599,"pos":"NN","before":" ","after":" "},{"index":28,"word":"|","originalText":"|","characterOffsetBegin":1600,"characterOffsetEnd":1601,"pos":"CD","before":" ","after":""},{"index":29,"word":"|","originalText":"|","characterOffsetBegin":1601,"characterOffsetEnd":1602,"pos":"CD","before":"","after":" "},{"index":30,"word":"o","originalText":"o","characterOffsetBegin":1603,"characterOffsetEnd":1604,"pos":"NN","before":" ","after":" "},{"index":31,"word":"|","originalText":"|","characterOffsetBegin":1605,"characterOffsetEnd":1606,"pos":"FW","before":" ","after":"                    "},{"index":32,"word":"^","originalText":"^","characterOffsetBegin":1626,"characterOffsetEnd":1627,"pos":"FW","before":"                    ","after":""},{"index":33,"word":"^","originalText":"^","characterOffsetBegin":1627,"characterOffsetEnd":1628,"pos":"FW","before":"","after":""},{"index":34,"word":"^","originalText":"^","characterOffsetBegin":1628,"characterOffsetEnd":1629,"pos":"FW","before":"","after":""},{"index":35,"word":"^","originalText":"^","characterOffsetBegin":1629,"characterOffsetEnd":1630,"pos":"FW","before":"","after":""},{"index":36,"word":"^","originalText":"^","characterOffsetBegin":1630,"characterOffsetEnd":1631,"pos":"FW","before":"","after":""},{"index":37,"word":"^","originalText":"^","characterOffsetBegin":1631,"characterOffsetEnd":1632,"pos":"FW","before":"","after":""},{"index":38,"word":"^","originalText":"^","characterOffsetBegin":1632,"characterOffsetEnd":1633,"pos":"FW","before":"","after":""},{"index":39,"word":"^","originalText":"^","characterOffsetBegin":1633,"characterOffsetEnd":1634,"pos":"FW","before":"","after":""},{"index":40,"word":"^","originalText":"^","characterOffsetBegin":1634,"characterOffsetEnd":1635,"pos":"FW","before":"","after":""},{"index":41,"word":"^","originalText":"^","characterOffsetBegin":1635,"characterOffsetEnd":1636,"pos":"FW","before":"","after":""},{"index":42,"word":"^","originalText":"^","characterOffsetBegin":1636,"characterOffsetEnd":1637,"pos":"FW","before":"","after":""},{"index":43,"word":"^","originalText":"^","characterOffsetBegin":1637,"characterOffsetEnd":1638,"pos":"FW","before":"","after":""},{"index":44,"word":"^","originalText":"^","characterOffsetBegin":1638,"characterOffsetEnd":1639,"pos":"FW","before":"","after":""},{"index":45,"word":"^","originalText":"^","characterOffsetBegin":1639,"characterOffsetEnd":1640,"pos":"FW","before":"","after":""},{"index":46,"word":"^","originalText":"^","characterOffsetBegin":1640,"characterOffsetEnd":1641,"pos":"FW","before":"","after":"                           "},{"index":47,"word":"|","originalText":"|","characterOffsetBegin":1668,"characterOffsetEnd":1669,"pos":"FW","before":"                           ","after":" "},{"index":48,"word":"o","originalText":"o","characterOffsetBegin":1670,"characterOffsetEnd":1671,"pos":"NN","before":" ","after":" "},{"index":49,"word":"|","originalText":"|","characterOffsetBegin":1672,"characterOffsetEnd":1673,"pos":"CD","before":" ","after":""},{"index":50,"word":"|","originalText":"|","characterOffsetBegin":1673,"characterOffsetEnd":1674,"pos":"CD","before":"","after":" "},{"index":51,"word":"o","originalText":"o","characterOffsetBegin":1675,"characterOffsetEnd":1676,"pos":"NN","before":" ","after":" "},{"index":52,"word":"|","originalText":"|","characterOffsetBegin":1677,"characterOffsetEnd":1678,"pos":"CD","before":" ","after":" "},{"index":53,"word":"Andre","originalText":"Andre","characterOffsetBegin":1679,"characterOffsetEnd":1684,"pos":"NNP","before":" ","after":""},{"index":54,"word":"'","originalText":"'","characterOffsetBegin":1684,"characterOffsetEnd":1685,"pos":"POS","before":"","after":" "},{"index":55,"word":"Beck","originalText":"Beck","characterOffsetBegin":1686,"characterOffsetEnd":1690,"pos":"NN","before":" ","after":" "},{"index":56,"word":"-LRB-","originalText":"(","characterOffsetBegin":1691,"characterOffsetEnd":1692,"pos":"-LRB-","before":" ","after":""},{"index":57,"word":"ABPSoft","originalText":"ABPSoft","characterOffsetBegin":1692,"characterOffsetEnd":1699,"pos":"NN","before":"","after":""},{"index":58,"word":"-RRB-","originalText":")","characterOffsetBegin":1699,"characterOffsetEnd":1700,"pos":"-RRB-","before":"","after":" "},{"index":59,"word":"mehl","originalText":"mehl","characterOffsetBegin":1701,"characterOffsetEnd":1705,"pos":"NN","before":" ","after":""},{"index":60,"word":":","originalText":":","characterOffsetBegin":1705,"characterOffsetEnd":1706,"pos":":","before":"","after":" "},{"index":61,"word":"Andre_Beck@IRS.Inf.TU-Dresden.de","originalText":"Andre_Beck@IRS.Inf.TU-Dresden.de","characterOffsetBegin":1707,"characterOffsetEnd":1739,"pos":"JJ","before":" ","after":" "},{"index":62,"word":"|","originalText":"|","characterOffsetBegin":1740,"characterOffsetEnd":1741,"pos":"NN","before":" ","after":" "},{"index":63,"word":"o","originalText":"o","characterOffsetBegin":1742,"characterOffsetEnd":1743,"pos":"NN","before":" ","after":" "},{"index":64,"word":"|","originalText":"|","characterOffsetBegin":1744,"characterOffsetEnd":1745,"pos":"NN","before":" ","after":""},{"index":65,"word":"+","originalText":"+","characterOffsetBegin":1745,"characterOffsetEnd":1746,"pos":"CC","before":"","after":""},{"index":66,"word":"-","originalText":"-","characterOffsetBegin":1746,"characterOffsetEnd":1747,"pos":":","before":"","after":""},{"index":67,"word":"o","originalText":"o","characterOffsetBegin":1747,"characterOffsetEnd":1748,"pos":"NN","before":"","after":""},{"index":68,"word":"-","originalText":"-","characterOffsetBegin":1748,"characterOffsetEnd":1749,"pos":":","before":"","after":""},{"index":69,"word":"+","originalText":"+","characterOffsetBegin":1749,"characterOffsetEnd":1750,"pos":"CC","before":"","after":""},{"index":70,"word":"--------------------------------------------------------------","originalText":"--------------------------------------------------------------","characterOffsetBegin":1750,"characterOffsetEnd":1812,"pos":"CD","before":"","after":""},{"index":71,"word":"+","originalText":"+","characterOffsetBegin":1812,"characterOffsetEnd":1813,"pos":"CC","before":"","after":""},{"index":72,"word":"-","originalText":"-","characterOffsetBegin":1813,"characterOffsetEnd":1814,"pos":":","before":"","after":""},{"index":73,"word":"o","originalText":"o","characterOffsetBegin":1814,"characterOffsetEnd":1815,"pos":"NN","before":"","after":""},{"index":74,"word":"-","originalText":"-","characterOffsetBegin":1815,"characterOffsetEnd":1816,"pos":":","before":"","after":""},{"index":75,"word":"+","originalText":"+","characterOffsetBegin":1816,"characterOffsetEnd":1817,"pos":"CC","before":"","after":""}]}]}