{"sentences":[{"index":0,"tokens":[{"index":1,"word":"From","originalText":"From","characterOffsetBegin":0,"characterOffsetEnd":4,"pos":"IN","before":"","after":""},{"index":2,"word":":","originalText":":","characterOffsetBegin":4,"characterOffsetEnd":5,"pos":":","before":"","after":" "},{"index":3,"word":"cwikla@morrison.wri.com","originalText":"cwikla@morrison.wri.com","characterOffsetBegin":6,"characterOffsetEnd":29,"pos":"NN","before":" ","after":" "},{"index":4,"word":"-LRB-","originalText":"(","characterOffsetBegin":30,"characterOffsetEnd":31,"pos":"-LRB-","before":" ","after":""},{"index":5,"word":"John","originalText":"John","characterOffsetBegin":31,"characterOffsetEnd":35,"pos":"NNP","before":"","after":" "},{"index":6,"word":"Cwikla","originalText":"Cwikla","characterOffsetBegin":36,"characterOffsetEnd":42,"pos":"NNP","before":" ","after":""},{"index":7,"word":"-RRB-","originalText":")","characterOffsetBegin":42,"characterOffsetEnd":43,"pos":"-RRB-","before":"","after":""},{"index":8,"word":"Subject","originalText":"Subject","characterOffsetBegin":43,"characterOffsetEnd":50,"pos":"NNP","before":"","after":""},{"index":9,"word":":","originalText":":","characterOffsetBegin":50,"characterOffsetEnd":51,"pos":":","before":"","after":" "},{"index":10,"word":"Pixmaps","originalText":"Pixmaps","characterOffsetBegin":52,"characterOffsetEnd":59,"pos":"NNP","before":" ","after":" "},{"index":11,"word":"and","originalText":"and","characterOffsetBegin":60,"characterOffsetEnd":63,"pos":"CC","before":" ","after":" "},{"index":12,"word":"colormaps","originalText":"colormaps","characterOffsetBegin":64,"characterOffsetEnd":73,"pos":"NNS","before":" ","after":" "},{"index":13,"word":"sent","originalText":"sent","characterOffsetBegin":74,"characterOffsetEnd":78,"pos":"VBN","before":" ","after":" "},{"index":14,"word":"through","originalText":"through","characterOffsetBegin":79,"characterOffsetEnd":86,"pos":"IN","before":" ","after":" "},{"index":15,"word":"selections","originalText":"selections","characterOffsetBegin":87,"characterOffsetEnd":97,"pos":"NNS","before":" ","after":""},{"index":16,"word":"...","originalText":"...","characterOffsetBegin":97,"characterOffsetEnd":100,"pos":":","before":"","after":"\t"},{"index":17,"word":"I","originalText":"I","characterOffsetBegin":101,"characterOffsetEnd":102,"pos":"PRP","before":"\t","after":" "},{"index":18,"word":"want","originalText":"want","characterOffsetBegin":103,"characterOffsetEnd":107,"pos":"VBP","before":" ","after":" "},{"index":19,"word":"to","originalText":"to","characterOffsetBegin":108,"characterOffsetEnd":110,"pos":"TO","before":" ","after":" "},{"index":20,"word":"be","originalText":"be","characterOffsetBegin":111,"characterOffsetEnd":113,"pos":"VB","before":" ","after":" "},{"index":21,"word":"able","originalText":"able","characterOffsetBegin":114,"characterOffsetEnd":118,"pos":"JJ","before":" ","after":" "},{"index":22,"word":"to","originalText":"to","characterOffsetBegin":119,"characterOffsetEnd":121,"pos":"TO","before":" ","after":" "},{"index":23,"word":"send","originalText":"send","characterOffsetBegin":122,"characterOffsetEnd":126,"pos":"VB","before":" ","after":" "},{"index":24,"word":"a","originalText":"a","characterOffsetBegin":127,"characterOffsetEnd":128,"pos":"DT","before":" ","after":" "},{"index":25,"word":"Pixmap","originalText":"Pixmap","characterOffsetBegin":129,"characterOffsetEnd":135,"pos":"NN","before":" ","after":" "},{"index":26,"word":"from","originalText":"from","characterOffsetBegin":136,"characterOffsetEnd":140,"pos":"IN","before":" ","after":" "},{"index":27,"word":"one","originalText":"one","characterOffsetBegin":141,"characterOffsetEnd":144,"pos":"CD","before":" ","after":" "},{"index":28,"word":"client","originalText":"client","characterOffsetBegin":145,"characterOffsetEnd":151,"pos":"NN","before":" ","after":" "},{"index":29,"word":"to","originalText":"to","characterOffsetBegin":152,"characterOffsetEnd":154,"pos":"TO","before":" ","after":" "},{"index":30,"word":"the","originalText":"the","characterOffsetBegin":155,"characterOffsetEnd":158,"pos":"DT","before":" ","after":" "},{"index":31,"word":"next.Along","originalText":"next.Along","characterOffsetBegin":159,"characterOffsetEnd":169,"pos":"NN","before":" ","after":" "},{"index":32,"word":"with","originalText":"with","characterOffsetBegin":170,"characterOffsetEnd":174,"pos":"IN","before":" ","after":" "},{"index":33,"word":"this","originalText":"this","characterOffsetBegin":175,"characterOffsetEnd":179,"pos":"DT","before":" ","after":" "},{"index":34,"word":"I","originalText":"I","characterOffsetBegin":180,"characterOffsetEnd":181,"pos":"PRP","before":" ","after":" "},{"index":35,"word":"want","originalText":"want","characterOffsetBegin":182,"characterOffsetEnd":186,"pos":"VBP","before":" ","after":" "},{"index":36,"word":"to","originalText":"to","characterOffsetBegin":187,"characterOffsetEnd":189,"pos":"TO","before":" ","after":" "},{"index":37,"word":"send","originalText":"send","characterOffsetBegin":190,"characterOffsetEnd":194,"pos":"VB","before":" ","after":" "},{"index":38,"word":"the","originalText":"the","characterOffsetBegin":195,"characterOffsetEnd":198,"pos":"DT","before":" ","after":" "},{"index":39,"word":"Colormap","originalText":"Colormap","characterOffsetBegin":199,"characterOffsetEnd":207,"pos":"NNP","before":" ","after":" "},{"index":40,"word":"and","originalText":"and","characterOffsetBegin":208,"characterOffsetEnd":211,"pos":"CC","before":" ","after":" "},{"index":41,"word":"foreground","originalText":"foreground","characterOffsetBegin":212,"characterOffsetEnd":222,"pos":"NN","before":" ","after":" "},{"index":42,"word":"andbackground","originalText":"andbackground","characterOffsetBegin":223,"characterOffsetEnd":236,"pos":"JJ","before":" ","after":" "},{"index":43,"word":"pixel","originalText":"pixel","characterOffsetBegin":237,"characterOffsetEnd":242,"pos":"NN","before":" ","after":" "},{"index":44,"word":"values","originalText":"values","characterOffsetBegin":243,"characterOffsetEnd":249,"pos":"NNS","before":" ","after":""},{"index":45,"word":".","originalText":".","characterOffsetBegin":249,"characterOffsetEnd":250,"pos":".","before":"","after":"  "}]},{"index":1,"tokens":[{"index":1,"word":"So","originalText":"So","characterOffsetBegin":252,"characterOffsetEnd":254,"pos":"RB","before":"  ","after":" "},{"index":2,"word":"far","originalText":"far","characterOffsetBegin":255,"characterOffsetEnd":258,"pos":"RB","before":" ","after":" "},{"index":3,"word":"not","originalText":"not","characterOffsetBegin":259,"characterOffsetEnd":262,"pos":"RB","before":" ","after":" "},{"index":4,"word":"a","originalText":"a","characterOffsetBegin":263,"characterOffsetEnd":264,"pos":"DT","before":" ","after":" "},{"index":5,"word":"problem","originalText":"problem","characterOffsetBegin":265,"characterOffsetEnd":272,"pos":"NN","before":" ","after":""},{"index":6,"word":",","originalText":",","characterOffsetBegin":272,"characterOffsetEnd":273,"pos":",","before":"","after":" "},{"index":7,"word":"I","originalText":"I","characterOffsetBegin":274,"characterOffsetEnd":275,"pos":"PRP","before":" ","after":" "},{"index":8,"word":"can","originalText":"can","characterOffsetBegin":276,"characterOffsetEnd":279,"pos":"MD","before":" ","after":" "},{"index":9,"word":"dothis","originalText":"dothis","characterOffsetBegin":280,"characterOffsetEnd":286,"pos":"VB","before":" ","after":" "},{"index":10,"word":"with","originalText":"with","characterOffsetBegin":287,"characterOffsetEnd":291,"pos":"IN","before":" ","after":" "},{"index":11,"word":"no","originalText":"no","characterOffsetBegin":292,"characterOffsetEnd":294,"pos":"DT","before":" ","after":" "},{"index":12,"word":"problem","originalText":"problem","characterOffsetBegin":295,"characterOffsetEnd":302,"pos":"NN","before":" ","after":""},{"index":13,"word":".","originalText":".","characterOffsetBegin":302,"characterOffsetEnd":303,"pos":".","before":"","after":"  "}]},{"index":2,"tokens":[{"index":1,"word":"However","originalText":"However","characterOffsetBegin":305,"characterOffsetEnd":312,"pos":"RB","before":"  ","after":""},{"index":2,"word":",","originalText":",","characterOffsetBegin":312,"characterOffsetEnd":313,"pos":",","before":"","after":" "},{"index":3,"word":"once","originalText":"once","characterOffsetBegin":314,"characterOffsetEnd":318,"pos":"RB","before":" ","after":" "},{"index":4,"word":"I","originalText":"I","characterOffsetBegin":319,"characterOffsetEnd":320,"pos":"PRP","before":" ","after":" "},{"index":5,"word":"have","originalText":"have","characterOffsetBegin":321,"characterOffsetEnd":325,"pos":"VBP","before":" ","after":" "},{"index":6,"word":"the","originalText":"the","characterOffsetBegin":326,"characterOffsetEnd":329,"pos":"DT","before":" ","after":" "},{"index":7,"word":"Pixmap","originalText":"Pixmap","characterOffsetBegin":330,"characterOffsetEnd":336,"pos":"NNP","before":" ","after":" "},{"index":8,"word":"id","originalText":"id","characterOffsetBegin":337,"characterOffsetEnd":339,"pos":"NN","before":" ","after":" "},{"index":9,"word":"and","originalText":"and","characterOffsetBegin":340,"characterOffsetEnd":343,"pos":"CC","before":" ","after":" "},{"index":10,"word":"the","originalText":"the","characterOffsetBegin":344,"characterOffsetEnd":347,"pos":"DT","before":" ","after":" "},{"index":11,"word":"Colormap","originalText":"Colormap","characterOffsetBegin":348,"characterOffsetEnd":356,"pos":"NNP","before":" ","after":" "},{"index":12,"word":"id","originalText":"id","characterOffsetBegin":357,"characterOffsetEnd":359,"pos":"NN","before":" ","after":""},{"index":13,"word":",","originalText":",","characterOffsetBegin":359,"characterOffsetEnd":360,"pos":",","before":"","after":" "},{"index":14,"word":"howdo","originalText":"howdo","characterOffsetBegin":361,"characterOffsetEnd":366,"pos":"NN","before":" ","after":" "},{"index":15,"word":"I","originalText":"I","characterOffsetBegin":367,"characterOffsetEnd":368,"pos":"PRP","before":" ","after":" "},{"index":16,"word":"go","originalText":"go","characterOffsetBegin":369,"characterOffsetEnd":371,"pos":"VBP","before":" ","after":" "},{"index":17,"word":"about","originalText":"about","characterOffsetBegin":372,"characterOffsetEnd":377,"pos":"RB","before":" ","after":" "},{"index":18,"word":"telling","originalText":"telling","characterOffsetBegin":378,"characterOffsetEnd":385,"pos":"VBG","before":" ","after":" "},{"index":19,"word":"the","originalText":"the","characterOffsetBegin":386,"characterOffsetEnd":389,"pos":"DT","before":" ","after":" "},{"index":20,"word":"server","originalText":"server","characterOffsetBegin":390,"characterOffsetEnd":396,"pos":"NN","before":" ","after":" "},{"index":21,"word":"that","originalText":"that","characterOffsetBegin":397,"characterOffsetEnd":401,"pos":"IN","before":" ","after":" "},{"index":22,"word":"the","originalText":"the","characterOffsetBegin":402,"characterOffsetEnd":405,"pos":"DT","before":" ","after":" "},{"index":23,"word":"second","originalText":"second","characterOffsetBegin":406,"characterOffsetEnd":412,"pos":"JJ","before":" ","after":" "},{"index":24,"word":"-LRB-","originalText":"(","characterOffsetBegin":413,"characterOffsetEnd":414,"pos":"-LRB-","before":" ","after":""},{"index":25,"word":"receiving","originalText":"receiving","characterOffsetBegin":414,"characterOffsetEnd":423,"pos":"VBG","before":"","after":""},{"index":26,"word":"-RRB-","originalText":")","characterOffsetBegin":423,"characterOffsetEnd":424,"pos":"-RRB-","before":"","after":""},{"index":27,"word":"client","originalText":"client","characterOffsetBegin":424,"characterOffsetEnd":430,"pos":"NN","before":"","after":" "},{"index":28,"word":"now","originalText":"now","characterOffsetBegin":431,"characterOffsetEnd":434,"pos":"RB","before":" ","after":" "},{"index":29,"word":"wants","originalText":"wants","characterOffsetBegin":435,"characterOffsetEnd":440,"pos":"VBZ","before":" ","after":" "},{"index":30,"word":"to","originalText":"to","characterOffsetBegin":441,"characterOffsetEnd":443,"pos":"TO","before":" ","after":" "},{"index":31,"word":"have","originalText":"have","characterOffsetBegin":444,"characterOffsetEnd":448,"pos":"VB","before":" ","after":" "},{"index":32,"word":"associations","originalText":"associations","characterOffsetBegin":449,"characterOffsetEnd":461,"pos":"NNS","before":" ","after":" "},{"index":33,"word":"with","originalText":"with","characterOffsetBegin":462,"characterOffsetEnd":466,"pos":"IN","before":" ","after":" "},{"index":34,"word":"the","originalText":"the","characterOffsetBegin":467,"characterOffsetEnd":470,"pos":"DT","before":" ","after":" "},{"index":35,"word":"two","originalText":"two","characterOffsetBegin":471,"characterOffsetEnd":474,"pos":"CD","before":" ","after":" "},{"index":36,"word":"id","originalText":"id","characterOffsetBegin":475,"characterOffsetEnd":477,"pos":"NN","before":" ","after":""},{"index":37,"word":"'s","originalText":"'s","characterOffsetBegin":477,"characterOffsetEnd":479,"pos":"POS","before":"","after":""},{"index":38,"word":"?","originalText":"?","characterOffsetBegin":479,"characterOffsetEnd":480,"pos":".","before":"","after":"\t"}]},{"index":3,"tokens":[{"index":1,"word":"TIA","originalText":"TIA","characterOffsetBegin":481,"characterOffsetEnd":484,"pos":"NNP","before":"\t","after":""},{"index":2,"word":",","originalText":",","characterOffsetBegin":484,"characterOffsetEnd":485,"pos":",","before":"","after":"\t"},{"index":3,"word":"John","originalText":"John","characterOffsetBegin":486,"characterOffsetEnd":490,"pos":"NNP","before":"\t","after":""},{"index":4,"word":"--","originalText":"--","characterOffsetBegin":490,"characterOffsetEnd":492,"pos":":","before":"","after":""},{"index":5,"word":"o","originalText":"o","characterOffsetBegin":492,"characterOffsetEnd":493,"pos":"NN","before":"","after":"  "},{"index":6,"word":"John","originalText":"John","characterOffsetBegin":495,"characterOffsetEnd":499,"pos":"NNP","before":"  ","after":" "},{"index":7,"word":"L.","originalText":"L.","characterOffsetBegin":500,"characterOffsetEnd":502,"pos":"NNP","before":" ","after":" "},{"index":8,"word":"Cwikla","originalText":"Cwikla","characterOffsetBegin":503,"characterOffsetEnd":509,"pos":"NNP","before":" ","after":"                       "},{"index":9,"word":"o","originalText":"o","characterOffsetBegin":532,"characterOffsetEnd":533,"pos":"NN","before":"                       ","after":"                            "},{"index":10,"word":"oo","originalText":"oo","characterOffsetBegin":561,"characterOffsetEnd":563,"pos":"NN","before":"                            ","after":"  "},{"index":11,"word":"X","originalText":"X","characterOffsetBegin":565,"characterOffsetEnd":566,"pos":"NN","before":"  ","after":" "},{"index":12,"word":"Programmer","originalText":"Programmer","characterOffsetBegin":567,"characterOffsetEnd":577,"pos":"NN","before":" ","after":"                         "},{"index":13,"word":"o","originalText":"o","characterOffsetBegin":602,"characterOffsetEnd":603,"pos":"NN","before":"                         ","after":"  "},{"index":14,"word":"X","originalText":"X","characterOffsetBegin":605,"characterOffsetEnd":606,"pos":"NN","before":"  ","after":" "},{"index":15,"word":"was","originalText":"was","characterOffsetBegin":607,"characterOffsetEnd":610,"pos":"VBD","before":" ","after":" "},{"index":16,"word":"never","originalText":"never","characterOffsetBegin":611,"characterOffsetEnd":616,"pos":"RB","before":" ","after":" "},{"index":17,"word":"the","originalText":"the","characterOffsetBegin":617,"characterOffsetEnd":620,"pos":"DT","before":" ","after":" "},{"index":18,"word":"first","originalText":"first","characterOffsetBegin":621,"characterOffsetEnd":626,"pos":"JJ","before":" ","after":"     "},{"index":19,"word":"oo","originalText":"oo","characterOffsetBegin":631,"characterOffsetEnd":633,"pos":"NN","before":"     ","after":"  "},{"index":20,"word":"Wolfram","originalText":"Wolfram","characterOffsetBegin":635,"characterOffsetEnd":642,"pos":"NNP","before":"  ","after":" "},{"index":21,"word":"Research","originalText":"Research","characterOffsetBegin":643,"characterOffsetEnd":651,"pos":"NNP","before":" ","after":""},{"index":22,"word":",","originalText":",","characterOffsetBegin":651,"characterOffsetEnd":652,"pos":",","before":"","after":" "},{"index":23,"word":"Inc.","originalText":"Inc","characterOffsetBegin":653,"characterOffsetEnd":656,"pos":"NNP","before":" ","after":""},{"index":24,"word":".","originalText":".","characterOffsetBegin":656,"characterOffsetEnd":657,"pos":".","before":"","after":"               "}]},{"index":4,"tokens":[{"index":1,"word":"o","originalText":"o","characterOffsetBegin":672,"characterOffsetEnd":673,"pos":"NN","before":"               ","after":"   "},{"index":2,"word":"letter","originalText":"letter","characterOffsetBegin":676,"characterOffsetEnd":682,"pos":"NN","before":"   ","after":" "},{"index":3,"word":"of","originalText":"of","characterOffsetBegin":683,"characterOffsetEnd":685,"pos":"IN","before":" ","after":" "},{"index":4,"word":"the","originalText":"the","characterOffsetBegin":686,"characterOffsetEnd":689,"pos":"DT","before":" ","after":" "},{"index":5,"word":"alphabet","originalText":"alphabet","characterOffsetBegin":690,"characterOffsetEnd":698,"pos":"NN","before":" ","after":"   "},{"index":6,"word":"oo","originalText":"oo","characterOffsetBegin":701,"characterOffsetEnd":703,"pos":"NN","before":"   ","after":"  "},{"index":7,"word":"cwikla@wri.com","originalText":"cwikla@wri.com","characterOffsetBegin":705,"characterOffsetEnd":719,"pos":"NN","before":"  ","after":"  "},{"index":8,"word":"-LRB-217-RRB- 398-0700","originalText":"(217) 398-0700","characterOffsetBegin":721,"characterOffsetEnd":735,"pos":"NN","before":"  ","after":"       "},{"index":9,"word":"o","originalText":"o","characterOffsetBegin":742,"characterOffsetEnd":743,"pos":"NN","before":"       ","after":"                            "},{"index":10,"word":"o","originalText":"o","characterOffsetBegin":771,"characterOffsetEnd":772,"pos":"NN","before":"                            ","after":""}]}]}