{"sentences":[{"index":0,"tokens":[{"index":1,"word":"From","originalText":"From","characterOffsetBegin":0,"characterOffsetEnd":4,"pos":"IN","before":"","after":""},{"index":2,"word":":","originalText":":","characterOffsetBegin":4,"characterOffsetEnd":5,"pos":":","before":"","after":" "},{"index":3,"word":"dcr@mail.ast.cam.ac.uk","originalText":"dcr@mail.ast.cam.ac.uk","characterOffsetBegin":6,"characterOffsetEnd":28,"pos":"NN","before":" ","after":" "},{"index":4,"word":"-LRB-","originalText":"(","characterOffsetBegin":29,"characterOffsetEnd":30,"pos":"-LRB-","before":" ","after":""},{"index":5,"word":"Derek","originalText":"Derek","characterOffsetBegin":30,"characterOffsetEnd":35,"pos":"NNP","before":"","after":" "},{"index":6,"word":"C.","originalText":"C.","characterOffsetBegin":36,"characterOffsetEnd":38,"pos":"NNP","before":" ","after":" "},{"index":7,"word":"Richardson","originalText":"Richardson","characterOffsetBegin":39,"characterOffsetEnd":49,"pos":"NNP","before":" ","after":""},{"index":8,"word":"-RRB-","originalText":")","characterOffsetBegin":49,"characterOffsetEnd":50,"pos":"-RRB-","before":"","after":""},{"index":9,"word":"Subject","originalText":"Subject","characterOffsetBegin":50,"characterOffsetEnd":57,"pos":"NNP","before":"","after":""},{"index":10,"word":":","originalText":":","characterOffsetBegin":57,"characterOffsetEnd":58,"pos":":","before":"","after":" "},{"index":11,"word":"Re","originalText":"Re","characterOffsetBegin":59,"characterOffsetEnd":61,"pos":"NNP","before":" ","after":""},{"index":12,"word":":","originalText":":","characterOffsetBegin":61,"characterOffsetEnd":62,"pos":":","before":"","after":" "},{"index":13,"word":"Animation","originalText":"Animation","characterOffsetBegin":63,"characterOffsetEnd":72,"pos":"NN","before":" ","after":" "},{"index":14,"word":"with","originalText":"with","characterOffsetBegin":73,"characterOffsetEnd":77,"pos":"IN","before":" ","after":" "},{"index":15,"word":"XPutImage","originalText":"XPutImage","characterOffsetBegin":78,"characterOffsetEnd":87,"pos":"NN","before":" ","after":""},{"index":16,"word":"-LRB-","originalText":"(","characterOffsetBegin":87,"characterOffsetEnd":88,"pos":"-LRB-","before":"","after":""},{"index":17,"word":"-RRB-","originalText":")","characterOffsetBegin":88,"characterOffsetEnd":89,"pos":"-RRB-","before":"","after":""},{"index":18,"word":"?","originalText":"?","characterOffsetBegin":89,"characterOffsetEnd":90,"pos":".","before":"","after":""}]},{"index":1,"tokens":[{"index":1,"word":"In","originalText":"In","characterOffsetBegin":90,"characterOffsetEnd":92,"pos":"IN","before":"","after":" "},{"index":2,"word":"article","originalText":"article","characterOffsetBegin":93,"characterOffsetEnd":100,"pos":"NN","before":" ","after":" "},{"index":3,"word":"17886@nrao.edu,","originalText":"17886@nrao.edu,","characterOffsetBegin":101,"characterOffsetEnd":116,"pos":"NN","before":" ","after":" "},{"index":4,"word":"rgooch@rp.CSIRO.AU","originalText":"rgooch@rp.CSIRO.AU","characterOffsetBegin":117,"characterOffsetEnd":135,"pos":"NN","before":" ","after":" "},{"index":5,"word":"-LRB-","originalText":"(","characterOffsetBegin":136,"characterOffsetEnd":137,"pos":"-LRB-","before":" ","after":""},{"index":6,"word":"Richard","originalText":"Richard","characterOffsetBegin":137,"characterOffsetEnd":144,"pos":"NNP","before":"","after":" "},{"index":7,"word":"Gooch","originalText":"Gooch","characterOffsetBegin":145,"characterOffsetEnd":150,"pos":"NNP","before":" ","after":""},{"index":8,"word":"-RRB-","originalText":")","characterOffsetBegin":150,"characterOffsetEnd":151,"pos":"-RRB-","before":"","after":" "},{"index":9,"word":"writes","originalText":"writes","characterOffsetBegin":152,"characterOffsetEnd":158,"pos":"VBZ","before":" ","after":""},{"index":10,"word":":","originalText":":","characterOffsetBegin":158,"characterOffsetEnd":159,"pos":":","before":"","after":""},{"index":11,"word":">","originalText":">","characterOffsetBegin":159,"characterOffsetEnd":160,"pos":"JJR","before":"","after":"   "},{"index":12,"word":"The","originalText":"The","characterOffsetBegin":163,"characterOffsetEnd":166,"pos":"DT","before":"   ","after":" "},{"index":13,"word":"MIT","originalText":"MIT","characterOffsetBegin":167,"characterOffsetEnd":170,"pos":"NNP","before":" ","after":" "},{"index":14,"word":"tapes","originalText":"tapes","characterOffsetBegin":171,"characterOffsetEnd":176,"pos":"NNS","before":" ","after":" "},{"index":15,"word":"come","originalText":"come","characterOffsetBegin":177,"characterOffsetEnd":181,"pos":"VBP","before":" ","after":" "},{"index":16,"word":"with","originalText":"with","characterOffsetBegin":182,"characterOffsetEnd":186,"pos":"IN","before":" ","after":" "},{"index":17,"word":"documentation","originalText":"documentation","characterOffsetBegin":187,"characterOffsetEnd":200,"pos":"NN","before":" ","after":" "},{"index":18,"word":"written","originalText":"written","characterOffsetBegin":201,"characterOffsetEnd":208,"pos":"VBN","before":" ","after":" "},{"index":19,"word":"by","originalText":"by","characterOffsetBegin":209,"characterOffsetEnd":211,"pos":"IN","before":" ","after":" "},{"index":20,"word":"Keith","originalText":"Keith","characterOffsetBegin":212,"characterOffsetEnd":217,"pos":"NNP","before":" ","after":" "},{"index":21,"word":"Packard","originalText":"Packard","characterOffsetBegin":218,"characterOffsetEnd":225,"pos":"NNP","before":" ","after":" "},{"index":22,"word":"on","originalText":"on","characterOffsetBegin":226,"characterOffsetEnd":228,"pos":"IN","before":" ","after":" "},{"index":23,"word":"the","originalText":"the","characterOffsetBegin":229,"characterOffsetEnd":232,"pos":"DT","before":" ","after":" "},{"index":24,"word":"Shared","originalText":"Shared","characterOffsetBegin":233,"characterOffsetEnd":239,"pos":"VBN","before":" ","after":""},{"index":25,"word":">","originalText":">","characterOffsetBegin":239,"characterOffsetEnd":240,"pos":"JJR","before":"","after":"   "},{"index":26,"word":"Memory","originalText":"Memory","characterOffsetBegin":243,"characterOffsetEnd":249,"pos":"NN","before":"   ","after":" "},{"index":27,"word":"Extension","originalText":"Extension","characterOffsetBegin":250,"characterOffsetEnd":259,"pos":"NNP","before":" ","after":" "},{"index":28,"word":"to","originalText":"to","characterOffsetBegin":260,"characterOffsetEnd":262,"pos":"TO","before":" ","after":" "},{"index":29,"word":"X.","originalText":"X.","characterOffsetBegin":263,"characterOffsetEnd":265,"pos":"NNP","before":" ","after":" "},{"index":30,"word":"Look","originalText":"Look","characterOffsetBegin":266,"characterOffsetEnd":270,"pos":"VB","before":" ","after":" "},{"index":31,"word":"in","originalText":"in","characterOffsetBegin":271,"characterOffsetEnd":273,"pos":"IN","before":" ","after":""},{"index":32,"word":":","originalText":":","characterOffsetBegin":273,"characterOffsetEnd":274,"pos":":","before":"","after":"  "},{"index":33,"word":"mit/doc/extensions","originalText":"mit/doc/extensions","characterOffsetBegin":276,"characterOffsetEnd":294,"pos":"NNS","before":"  ","after":""},{"index":34,"word":"/","originalText":"/","characterOffsetBegin":294,"characterOffsetEnd":295,"pos":":","before":"","after":""},{"index":35,"word":"mit-shm","originalText":"mit-shm","characterOffsetBegin":295,"characterOffsetEnd":302,"pos":"NN","before":"","after":""},{"index":36,"word":".","originalText":".","characterOffsetBegin":302,"characterOffsetEnd":303,"pos":".","before":"","after":""}]},{"index":2,"tokens":[{"index":1,"word":"ms","originalText":"ms","characterOffsetBegin":303,"characterOffsetEnd":305,"pos":"NN","before":"","after":""},{"index":2,"word":">","originalText":">","characterOffsetBegin":305,"characterOffsetEnd":306,"pos":"JJR","before":"","after":"   "},{"index":3,"word":"I","originalText":"I","characterOffsetBegin":309,"characterOffsetEnd":310,"pos":"PRP","before":"   ","after":" "},{"index":4,"word":"found","originalText":"found","characterOffsetBegin":311,"characterOffsetEnd":316,"pos":"VBD","before":" ","after":" "},{"index":5,"word":"this","originalText":"this","characterOffsetBegin":317,"characterOffsetEnd":321,"pos":"DT","before":" ","after":" "},{"index":6,"word":"invaluble","originalText":"invaluble","characterOffsetBegin":322,"characterOffsetEnd":331,"pos":"NN","before":" ","after":""},{"index":7,"word":".","originalText":".","characterOffsetBegin":331,"characterOffsetEnd":332,"pos":".","before":"","after":" "}]},{"index":3,"tokens":[{"index":1,"word":"Unfortunately","originalText":"Unfortunately","characterOffsetBegin":333,"characterOffsetEnd":346,"pos":"RB","before":" ","after":""},{"index":2,"word":",","originalText":",","characterOffsetBegin":346,"characterOffsetEnd":347,"pos":",","before":"","after":" "},{"index":3,"word":"there","originalText":"there","characterOffsetBegin":348,"characterOffsetEnd":353,"pos":"EX","before":" ","after":" "},{"index":4,"word":"is","originalText":"is","characterOffsetBegin":354,"characterOffsetEnd":356,"pos":"VBZ","before":" ","after":" "},{"index":5,"word":"a","originalText":"a","characterOffsetBegin":357,"characterOffsetEnd":358,"pos":"DT","before":" ","after":" "},{"index":6,"word":"bit","originalText":"bit","characterOffsetBegin":359,"characterOffsetEnd":362,"pos":"NN","before":" ","after":" "},{"index":7,"word":"of","originalText":"of","characterOffsetBegin":363,"characterOffsetEnd":365,"pos":"IN","before":" ","after":" "},{"index":8,"word":"work","originalText":"work","characterOffsetBegin":366,"characterOffsetEnd":370,"pos":"NN","before":" ","after":" "},{"index":9,"word":"to","originalText":"to","characterOffsetBegin":371,"characterOffsetEnd":373,"pos":"TO","before":" ","after":" "},{"index":10,"word":"set","originalText":"set","characterOffsetBegin":374,"characterOffsetEnd":377,"pos":"VB","before":" ","after":" "},{"index":11,"word":"up","originalText":"up","characterOffsetBegin":378,"characterOffsetEnd":380,"pos":"RP","before":" ","after":" "},{"index":12,"word":"the","originalText":"the","characterOffsetBegin":381,"characterOffsetEnd":384,"pos":"DT","before":" ","after":""},{"index":13,"word":">","originalText":">","characterOffsetBegin":384,"characterOffsetEnd":385,"pos":"JJR","before":"","after":"   "},{"index":14,"word":"shared","originalText":"shared","characterOffsetBegin":388,"characterOffsetEnd":394,"pos":"VBN","before":"   ","after":" "},{"index":15,"word":"memory","originalText":"memory","characterOffsetBegin":395,"characterOffsetEnd":401,"pos":"NN","before":" ","after":" "},{"index":16,"word":"segments","originalText":"segments","characterOffsetBegin":402,"characterOffsetEnd":410,"pos":"NNS","before":" ","after":""},{"index":17,"word":",","originalText":",","characterOffsetBegin":410,"characterOffsetEnd":411,"pos":",","before":"","after":" "},{"index":18,"word":"making","originalText":"making","characterOffsetBegin":412,"characterOffsetEnd":418,"pos":"VBG","before":" ","after":" "},{"index":19,"word":"an","originalText":"an","characterOffsetBegin":419,"characterOffsetEnd":421,"pos":"DT","before":" ","after":" "},{"index":20,"word":"XImage","originalText":"XImage","characterOffsetBegin":422,"characterOffsetEnd":428,"pos":"NN","before":" ","after":" "},{"index":21,"word":"from","originalText":"from","characterOffsetBegin":429,"characterOffsetEnd":433,"pos":"IN","before":" ","after":" "},{"index":22,"word":"it","originalText":"it","characterOffsetBegin":434,"characterOffsetEnd":436,"pos":"PRP","before":" ","after":""},{"index":23,"word":",","originalText":",","characterOffsetBegin":436,"characterOffsetEnd":437,"pos":",","before":"","after":" "},{"index":24,"word":"etc.","originalText":"etc","characterOffsetBegin":438,"characterOffsetEnd":441,"pos":"FW","before":" ","after":""},{"index":25,"word":".","originalText":".","characterOffsetBegin":441,"characterOffsetEnd":442,"pos":".","before":"","after":" "}]},{"index":4,"tokens":[{"index":1,"word":"Also","originalText":"Also","characterOffsetBegin":443,"characterOffsetEnd":447,"pos":"RB","before":" ","after":""},{"index":2,"word":",","originalText":",","characterOffsetBegin":447,"characterOffsetEnd":448,"pos":",","before":"","after":" "},{"index":3,"word":"there","originalText":"there","characterOffsetBegin":449,"characterOffsetEnd":454,"pos":"EX","before":" ","after":" "},{"index":4,"word":"is","originalText":"is","characterOffsetBegin":455,"characterOffsetEnd":457,"pos":"VBZ","before":" ","after":" "},{"index":5,"word":"an","originalText":"an","characterOffsetBegin":458,"characterOffsetEnd":460,"pos":"DT","before":" ","after":""},{"index":6,"word":">","originalText":">","characterOffsetBegin":460,"characterOffsetEnd":461,"pos":"JJR","before":"","after":"   "},{"index":7,"word":"extension","originalText":"extension","characterOffsetBegin":464,"characterOffsetEnd":473,"pos":"NN","before":"   ","after":" "},{"index":8,"word":"query","originalText":"query","characterOffsetBegin":474,"characterOffsetEnd":479,"pos":"NN","before":" ","after":" "},{"index":9,"word":"to","originalText":"to","characterOffsetBegin":480,"characterOffsetEnd":482,"pos":"TO","before":" ","after":" "},{"index":10,"word":"determine","originalText":"determine","characterOffsetBegin":483,"characterOffsetEnd":492,"pos":"VB","before":" ","after":" "},{"index":11,"word":"if","originalText":"if","characterOffsetBegin":493,"characterOffsetEnd":495,"pos":"IN","before":" ","after":" "},{"index":12,"word":"the","originalText":"the","characterOffsetBegin":496,"characterOffsetEnd":499,"pos":"DT","before":" ","after":" "},{"index":13,"word":"server","originalText":"server","characterOffsetBegin":500,"characterOffsetEnd":506,"pos":"NN","before":" ","after":" "},{"index":14,"word":"supports","originalText":"supports","characterOffsetBegin":507,"characterOffsetEnd":515,"pos":"VBZ","before":" ","after":" "},{"index":15,"word":"it","originalText":"it","characterOffsetBegin":516,"characterOffsetEnd":518,"pos":"PRP","before":" ","after":""},{"index":16,"word":",","originalText":",","characterOffsetBegin":518,"characterOffsetEnd":519,"pos":",","before":"","after":" "},{"index":17,"word":"but","originalText":"but","characterOffsetBegin":520,"characterOffsetEnd":523,"pos":"CC","before":" ","after":" "},{"index":18,"word":"you","originalText":"you","characterOffsetBegin":524,"characterOffsetEnd":527,"pos":"PRP","before":" ","after":" "},{"index":19,"word":"still","originalText":"still","characterOffsetBegin":528,"characterOffsetEnd":533,"pos":"RB","before":" ","after":" "},{"index":20,"word":"need","originalText":"need","characterOffsetBegin":534,"characterOffsetEnd":538,"pos":"VBP","before":" ","after":" "},{"index":21,"word":"to","originalText":"to","characterOffsetBegin":539,"characterOffsetEnd":541,"pos":"TO","before":" ","after":""},{"index":22,"word":">","originalText":">","characterOffsetBegin":541,"characterOffsetEnd":542,"pos":"JJR","before":"","after":"   "},{"index":23,"word":"test","originalText":"test","characterOffsetBegin":545,"characterOffsetEnd":549,"pos":"NN","before":"   ","after":" "},{"index":24,"word":"if","originalText":"if","characterOffsetBegin":550,"characterOffsetEnd":552,"pos":"IN","before":" ","after":" "},{"index":25,"word":"the","originalText":"the","characterOffsetBegin":553,"characterOffsetEnd":556,"pos":"DT","before":" ","after":" "},{"index":26,"word":"server","originalText":"server","characterOffsetBegin":557,"characterOffsetEnd":563,"pos":"NN","before":" ","after":" "},{"index":27,"word":"is","originalText":"is","characterOffsetBegin":564,"characterOffsetEnd":566,"pos":"VBZ","before":" ","after":" "},{"index":28,"word":"running","originalText":"running","characterOffsetBegin":567,"characterOffsetEnd":574,"pos":"VBG","before":" ","after":" "},{"index":29,"word":"on","originalText":"on","characterOffsetBegin":575,"characterOffsetEnd":577,"pos":"IN","before":" ","after":" "},{"index":30,"word":"the","originalText":"the","characterOffsetBegin":578,"characterOffsetEnd":581,"pos":"DT","before":" ","after":" "},{"index":31,"word":"same","originalText":"same","characterOffsetBegin":582,"characterOffsetEnd":586,"pos":"JJ","before":" ","after":" "},{"index":32,"word":"host","originalText":"host","characterOffsetBegin":587,"characterOffsetEnd":591,"pos":"NN","before":" ","after":" "},{"index":33,"word":"and","originalText":"and","characterOffsetBegin":592,"characterOffsetEnd":595,"pos":"CC","before":" ","after":" "},{"index":34,"word":"if","originalText":"if","characterOffsetBegin":596,"characterOffsetEnd":598,"pos":"IN","before":" ","after":" "},{"index":35,"word":"shared","originalText":"shared","characterOffsetBegin":599,"characterOffsetEnd":605,"pos":"VBN","before":" ","after":" "},{"index":36,"word":"memory","originalText":"memory","characterOffsetBegin":606,"characterOffsetEnd":612,"pos":"NN","before":" ","after":" "},{"index":37,"word":"is","originalText":"is","characterOffsetBegin":613,"characterOffsetEnd":615,"pos":"VBZ","before":" ","after":" "},{"index":38,"word":"enabled","originalText":"enabled","characterOffsetBegin":616,"characterOffsetEnd":623,"pos":"VBN","before":" ","after":""},{"index":39,"word":">","originalText":">","characterOffsetBegin":623,"characterOffsetEnd":624,"pos":"JJR","before":"","after":"   "},{"index":40,"word":"in","originalText":"in","characterOffsetBegin":627,"characterOffsetEnd":629,"pos":"IN","before":"   ","after":" "},{"index":41,"word":"the","originalText":"the","characterOffsetBegin":630,"characterOffsetEnd":633,"pos":"DT","before":" ","after":" "},{"index":42,"word":"kernel","originalText":"kernel","characterOffsetBegin":634,"characterOffsetEnd":640,"pos":"NN","before":" ","after":""},{"index":43,"word":".","originalText":".","characterOffsetBegin":640,"characterOffsetEnd":641,"pos":".","before":"","after":" "}]},{"index":5,"tokens":[{"index":1,"word":"I","originalText":"I","characterOffsetBegin":642,"characterOffsetEnd":643,"pos":"PRP","before":" ","after":" "},{"index":2,"word":"have","originalText":"have","characterOffsetBegin":644,"characterOffsetEnd":648,"pos":"VBP","before":" ","after":" "},{"index":3,"word":"written","originalText":"written","characterOffsetBegin":649,"characterOffsetEnd":656,"pos":"VBN","before":" ","after":" "},{"index":4,"word":"layers","originalText":"layers","characterOffsetBegin":657,"characterOffsetEnd":663,"pos":"NNS","before":" ","after":" "},{"index":5,"word":"of","originalText":"of","characterOffsetBegin":664,"characterOffsetEnd":666,"pos":"IN","before":" ","after":" "},{"index":6,"word":"convience","originalText":"convience","characterOffsetBegin":667,"characterOffsetEnd":676,"pos":"NN","before":" ","after":" "},{"index":7,"word":"routines","originalText":"routines","characterOffsetBegin":677,"characterOffsetEnd":685,"pos":"NNS","before":" ","after":" "},{"index":8,"word":"which","originalText":"which","characterOffsetBegin":686,"characterOffsetEnd":691,"pos":"WDT","before":" ","after":" "},{"index":9,"word":"make","originalText":"make","characterOffsetBegin":692,"characterOffsetEnd":696,"pos":"VBP","before":" ","after":" "},{"index":10,"word":"all","originalText":"all","characterOffsetBegin":697,"characterOffsetEnd":700,"pos":"PDT","before":" ","after":" "},{"index":11,"word":"this","originalText":"this","characterOffsetBegin":701,"characterOffsetEnd":705,"pos":"DT","before":" ","after":""},{"index":12,"word":">","originalText":">","characterOffsetBegin":705,"characterOffsetEnd":706,"pos":"JJR","before":"","after":"   "},{"index":13,"word":"transparent","originalText":"transparent","characterOffsetBegin":709,"characterOffsetEnd":720,"pos":"JJ","before":"   ","after":""},{"index":14,"word":".","originalText":".","characterOffsetBegin":720,"characterOffsetEnd":721,"pos":".","before":"","after":""},{"index":15,"word":">","originalText":">","characterOffsetBegin":721,"characterOffsetEnd":722,"pos":"JJR","before":"","after":"   "}]},{"index":6,"tokens":[{"index":1,"word":"As","originalText":"As","characterOffsetBegin":725,"characterOffsetEnd":727,"pos":"IN","before":"   ","after":" "},{"index":2,"word":"for","originalText":"for","characterOffsetBegin":728,"characterOffsetEnd":731,"pos":"IN","before":" ","after":" "},{"index":3,"word":"the","originalText":"the","characterOffsetBegin":732,"characterOffsetEnd":735,"pos":"DT","before":" ","after":" "},{"index":4,"word":"XView","originalText":"XView","characterOffsetBegin":736,"characterOffsetEnd":741,"pos":"NNP","before":" ","after":" "},{"index":5,"word":"code","originalText":"code","characterOffsetBegin":742,"characterOffsetEnd":746,"pos":"NN","before":" ","after":""},{"index":6,"word":",","originalText":",","characterOffsetBegin":746,"characterOffsetEnd":747,"pos":",","before":"","after":" "},{"index":7,"word":"well","originalText":"well","characterOffsetBegin":748,"characterOffsetEnd":752,"pos":"RB","before":" ","after":""},{"index":8,"word":",","originalText":",","characterOffsetBegin":752,"characterOffsetEnd":753,"pos":",","before":"","after":" "},{"index":9,"word":"I","originalText":"I","characterOffsetBegin":754,"characterOffsetEnd":755,"pos":"PRP","before":" ","after":" "},{"index":10,"word":"doubt","originalText":"doubt","characterOffsetBegin":756,"characterOffsetEnd":761,"pos":"VBP","before":" ","after":" "},{"index":11,"word":"that","originalText":"that","characterOffsetBegin":762,"characterOffsetEnd":766,"pos":"DT","before":" ","after":" "},{"index":12,"word":"would","originalText":"would","characterOffsetBegin":767,"characterOffsetEnd":772,"pos":"MD","before":" ","after":" "},{"index":13,"word":"be","originalText":"be","characterOffsetBegin":773,"characterOffsetEnd":775,"pos":"VB","before":" ","after":" "},{"index":14,"word":"considered","originalText":"considered","characterOffsetBegin":776,"characterOffsetEnd":786,"pos":"VBN","before":" ","after":" "},{"index":15,"word":"interesting","originalText":"interesting","characterOffsetBegin":787,"characterOffsetEnd":798,"pos":"JJ","before":" ","after":""},{"index":16,"word":".","originalText":".","characterOffsetBegin":798,"characterOffsetEnd":799,"pos":".","before":"","after":""},{"index":17,"word":">","originalText":">","characterOffsetBegin":799,"characterOffsetEnd":800,"pos":"JJR","before":"","after":"   "}]},{"index":7,"tokens":[{"index":1,"word":"The","originalText":"The","characterOffsetBegin":803,"characterOffsetEnd":806,"pos":"DT","before":"   ","after":" "},{"index":2,"word":"interesting","originalText":"interesting","characterOffsetBegin":807,"characterOffsetEnd":818,"pos":"JJ","before":" ","after":" "},{"index":3,"word":"stuff","originalText":"stuff","characterOffsetBegin":819,"characterOffsetEnd":824,"pos":"NN","before":" ","after":" "},{"index":4,"word":"is","originalText":"is","characterOffsetBegin":825,"characterOffsetEnd":827,"pos":"VBZ","before":" ","after":" "},{"index":5,"word":"done","originalText":"done","characterOffsetBegin":828,"characterOffsetEnd":832,"pos":"VBN","before":" ","after":" "},{"index":6,"word":"in","originalText":"in","characterOffsetBegin":833,"characterOffsetEnd":835,"pos":"IN","before":" ","after":" "},{"index":7,"word":"a","originalText":"a","characterOffsetBegin":836,"characterOffsetEnd":837,"pos":"DT","before":" ","after":" "},{"index":8,"word":"C","originalText":"C","characterOffsetBegin":838,"characterOffsetEnd":839,"pos":"NN","before":" ","after":" "},{"index":9,"word":"object","originalText":"object","characterOffsetBegin":840,"characterOffsetEnd":846,"pos":"NN","before":" ","after":" "},{"index":10,"word":"library","originalText":"library","characterOffsetBegin":847,"characterOffsetEnd":854,"pos":"NN","before":" ","after":""},{"index":11,"word":".","originalText":".","characterOffsetBegin":854,"characterOffsetEnd":855,"pos":".","before":"","after":" "}]},{"index":8,"tokens":[{"index":1,"word":"People","originalText":"People","characterOffsetBegin":856,"characterOffsetEnd":862,"pos":"NNS","before":" ","after":" "},{"index":2,"word":"interested","originalText":"interested","characterOffsetBegin":863,"characterOffsetEnd":873,"pos":"JJ","before":" ","after":" "},{"index":3,"word":"in","originalText":"in","characterOffsetBegin":874,"characterOffsetEnd":876,"pos":"IN","before":" ","after":" "},{"index":4,"word":"this","originalText":"this","characterOffsetBegin":877,"characterOffsetEnd":881,"pos":"DT","before":" ","after":""},{"index":5,"word":">","originalText":">","characterOffsetBegin":881,"characterOffsetEnd":882,"pos":"JJR","before":"","after":"   "},{"index":6,"word":"code","originalText":"code","characterOffsetBegin":885,"characterOffsetEnd":889,"pos":"NN","before":"   ","after":" "},{"index":7,"word":"can","originalText":"can","characterOffsetBegin":890,"characterOffsetEnd":893,"pos":"MD","before":" ","after":" "},{"index":8,"word":"Email","originalText":"Email","characterOffsetBegin":894,"characterOffsetEnd":899,"pos":"VB","before":" ","after":" "},{"index":9,"word":"me","originalText":"me","characterOffsetBegin":900,"characterOffsetEnd":902,"pos":"PRP","before":" ","after":""},{"index":10,"word":".","originalText":".","characterOffsetBegin":902,"characterOffsetEnd":903,"pos":".","before":"","after":""},{"index":11,"word":">","originalText":">","characterOffsetBegin":903,"characterOffsetEnd":904,"pos":"JJR","before":"","after":" "},{"index":12,"word":">","originalText":">","characterOffsetBegin":905,"characterOffsetEnd":906,"pos":"JJR","before":" ","after":" \t\t\t\t"}]},{"index":9,"tokens":[{"index":1,"word":"Regards","originalText":"Regards","characterOffsetBegin":911,"characterOffsetEnd":918,"pos":"NNS","before":" \t\t\t\t","after":""},{"index":2,"word":",","originalText":",","characterOffsetBegin":918,"characterOffsetEnd":919,"pos":",","before":"","after":""},{"index":3,"word":">","originalText":">","characterOffsetBegin":919,"characterOffsetEnd":920,"pos":"JJR","before":"","after":" "},{"index":4,"word":">","originalText":">","characterOffsetBegin":921,"characterOffsetEnd":922,"pos":"JJR","before":" ","after":" \t\t\t\t\t"},{"index":5,"word":"Richard","originalText":"Richard","characterOffsetBegin":928,"characterOffsetEnd":935,"pos":"NNP","before":" \t\t\t\t\t","after":" "},{"index":6,"word":"Gooch","originalText":"Gooch","characterOffsetBegin":936,"characterOffsetEnd":941,"pos":"NNP","before":" ","after":""},{"index":7,"word":",","originalText":",","characterOffsetBegin":941,"characterOffsetEnd":942,"pos":",","before":"","after":""},{"index":8,"word":">","originalText":">","characterOffsetBegin":942,"characterOffsetEnd":943,"pos":"JJR","before":"","after":" \t\t\t\t\t"},{"index":9,"word":"rgooch@atnf.csiro.auThanks","originalText":"rgooch@atnf.csiro.auThanks","characterOffsetBegin":949,"characterOffsetEnd":975,"pos":"NNS","before":" \t\t\t\t\t","after":" "},{"index":10,"word":"for","originalText":"for","characterOffsetBegin":976,"characterOffsetEnd":979,"pos":"IN","before":" ","after":" "},{"index":11,"word":"docs","originalText":"docs","characterOffsetBegin":980,"characterOffsetEnd":984,"pos":"NNS","before":" ","after":" "},{"index":12,"word":"info","originalText":"info","characterOffsetBegin":985,"characterOffsetEnd":989,"pos":"NN","before":" ","after":""},{"index":13,"word":".","originalText":".","characterOffsetBegin":989,"characterOffsetEnd":990,"pos":".","before":"","after":" "}]},{"index":10,"tokens":[{"index":1,"word":"It","originalText":"It","characterOffsetBegin":991,"characterOffsetEnd":993,"pos":"PRP","before":" ","after":" "},{"index":2,"word":"turns","originalText":"turns","characterOffsetBegin":994,"characterOffsetEnd":999,"pos":"VBZ","before":" ","after":" "},{"index":3,"word":"out","originalText":"out","characterOffsetBegin":1000,"characterOffsetEnd":1003,"pos":"RP","before":" ","after":" "},{"index":4,"word":"that","originalText":"that","characterOffsetBegin":1004,"characterOffsetEnd":1008,"pos":"IN","before":" ","after":" "},{"index":5,"word":"if","originalText":"if","characterOffsetBegin":1009,"characterOffsetEnd":1011,"pos":"IN","before":" ","after":" "},{"index":6,"word":"I","originalText":"I","characterOffsetBegin":1012,"characterOffsetEnd":1013,"pos":"PRP","before":" ","after":" "},{"index":7,"word":"leave","originalText":"leave","characterOffsetBegin":1014,"characterOffsetEnd":1019,"pos":"VBP","before":" ","after":" "},{"index":8,"word":"out","originalText":"out","characterOffsetBegin":1020,"characterOffsetEnd":1023,"pos":"RP","before":" ","after":" "},{"index":9,"word":"colormap","originalText":"colormap","characterOffsetBegin":1024,"characterOffsetEnd":1032,"pos":"NN","before":" ","after":" "},{"index":10,"word":"updates","originalText":"updates","characterOffsetBegin":1033,"characterOffsetEnd":1040,"pos":"NNS","before":" ","after":" "},{"index":11,"word":"betweenframes","originalText":"betweenframes","characterOffsetBegin":1041,"characterOffsetEnd":1054,"pos":"NNS","before":" ","after":" "},{"index":12,"word":"and","originalText":"and","characterOffsetBegin":1055,"characterOffsetEnd":1058,"pos":"CC","before":" ","after":" "},{"index":13,"word":"use","originalText":"use","characterOffsetBegin":1059,"characterOffsetEnd":1062,"pos":"VB","before":" ","after":" "},{"index":14,"word":"tvtwm","originalText":"tvtwm","characterOffsetBegin":1063,"characterOffsetEnd":1068,"pos":"NN","before":" ","after":""},{"index":15,"word":",","originalText":",","characterOffsetBegin":1068,"characterOffsetEnd":1069,"pos":",","before":"","after":" "},{"index":16,"word":"my","originalText":"my","characterOffsetBegin":1070,"characterOffsetEnd":1072,"pos":"PRP$","before":" ","after":" "},{"index":17,"word":"tests","originalText":"tests","characterOffsetBegin":1073,"characterOffsetEnd":1078,"pos":"NNS","before":" ","after":" "},{"index":18,"word":"with","originalText":"with","characterOffsetBegin":1079,"characterOffsetEnd":1083,"pos":"IN","before":" ","after":" "},{"index":19,"word":"100","originalText":"100","characterOffsetBegin":1084,"characterOffsetEnd":1087,"pos":"CD","before":" ","after":" "},{"index":20,"word":"400x400x8","originalText":"400x400x8","characterOffsetBegin":1088,"characterOffsetEnd":1097,"pos":"CD","before":" ","after":" "},{"index":21,"word":"frames","originalText":"frames","characterOffsetBegin":1098,"characterOffsetEnd":1104,"pos":"NNS","before":" ","after":" "},{"index":22,"word":"on","originalText":"on","characterOffsetBegin":1105,"characterOffsetEnd":1107,"pos":"IN","before":" ","after":" "},{"index":23,"word":"an","originalText":"an","characterOffsetBegin":1108,"characterOffsetEnd":1110,"pos":"DT","before":" ","after":" "},{"index":24,"word":"IPX","originalText":"IPX","characterOffsetBegin":1111,"characterOffsetEnd":1114,"pos":"NN","before":" ","after":" "},{"index":25,"word":"using","originalText":"using","characterOffsetBegin":1115,"characterOffsetEnd":1120,"pos":"VBG","before":" ","after":" "},{"index":26,"word":"theserver-resident","originalText":"theserver-resident","characterOffsetBegin":1121,"characterOffsetEnd":1139,"pos":"JJ","before":" ","after":" "},{"index":27,"word":"pixmap","originalText":"pixmap","characterOffsetBegin":1140,"characterOffsetEnd":1146,"pos":"NN","before":" ","after":" "},{"index":28,"word":"method","originalText":"method","characterOffsetBegin":1147,"characterOffsetEnd":1153,"pos":"NN","before":" ","after":" "},{"index":29,"word":"give","originalText":"give","characterOffsetBegin":1154,"characterOffsetEnd":1158,"pos":"VBP","before":" ","after":" "},{"index":30,"word":"an","originalText":"an","characterOffsetBegin":1159,"characterOffsetEnd":1161,"pos":"DT","before":" ","after":" "},{"index":31,"word":"astonishing","originalText":"astonishing","characterOffsetBegin":1162,"characterOffsetEnd":1173,"pos":"JJ","before":" ","after":" "},{"index":32,"word":"*","originalText":"*","characterOffsetBegin":1174,"characterOffsetEnd":1175,"pos":"SYM","before":" ","after":""},{"index":33,"word":"50","originalText":"50","characterOffsetBegin":1175,"characterOffsetEnd":1177,"pos":"CD","before":"","after":""},{"index":34,"word":"*","originalText":"*","characterOffsetBegin":1177,"characterOffsetEnd":1178,"pos":"SYM","before":"","after":" "},{"index":35,"word":"frames","originalText":"frames","characterOffsetBegin":1179,"characterOffsetEnd":1185,"pos":"NNS","before":" ","after":" "},{"index":36,"word":"per","originalText":"per","characterOffsetBegin":1186,"characterOffsetEnd":1189,"pos":"IN","before":" ","after":" "},{"index":37,"word":"second","originalText":"second","characterOffsetBegin":1190,"characterOffsetEnd":1196,"pos":"JJ","before":" ","after":""},{"index":38,"word":"!","originalText":"!","characterOffsetBegin":1196,"characterOffsetEnd":1197,"pos":".","before":"","after":" "}]},{"index":11,"tokens":[{"index":1,"word":"AndVERY","originalText":"AndVERY","characterOffsetBegin":1198,"characterOffsetEnd":1205,"pos":"NN","before":" ","after":" "},{"index":2,"word":"smooth","originalText":"smooth","characterOffsetBegin":1206,"characterOffsetEnd":1212,"pos":"NN","before":" ","after":""},{"index":3,"word":".","originalText":".","characterOffsetBegin":1212,"characterOffsetEnd":1213,"pos":".","before":"","after":" "}]},{"index":12,"tokens":[{"index":1,"word":"I","originalText":"I","characterOffsetBegin":1214,"characterOffsetEnd":1215,"pos":"PRP","before":" ","after":" "},{"index":2,"word":"think","originalText":"think","characterOffsetBegin":1216,"characterOffsetEnd":1221,"pos":"VBP","before":" ","after":" "},{"index":3,"word":"I","originalText":"I","characterOffsetBegin":1222,"characterOffsetEnd":1223,"pos":"PRP","before":" ","after":""},{"index":4,"word":"'ve","originalText":"'ve","characterOffsetBegin":1223,"characterOffsetEnd":1226,"pos":"VBP","before":"","after":" "},{"index":5,"word":"found","originalText":"found","characterOffsetBegin":1227,"characterOffsetEnd":1232,"pos":"VBN","before":" ","after":" "},{"index":6,"word":"the","originalText":"the","characterOffsetBegin":1233,"characterOffsetEnd":1236,"pos":"DT","before":" ","after":" "},{"index":7,"word":"best","originalText":"best","characterOffsetBegin":1237,"characterOffsetEnd":1241,"pos":"JJS","before":" ","after":" "},{"index":8,"word":"solution","originalText":"solution","characterOffsetBegin":1242,"characterOffsetEnd":1250,"pos":"NN","before":" ","after":" "},{"index":9,"word":"-LRB-","originalText":"(","characterOffsetBegin":1251,"characterOffsetEnd":1252,"pos":"-LRB-","before":" ","after":""},{"index":10,"word":"thanks","originalText":"thanks","characterOffsetBegin":1252,"characterOffsetEnd":1258,"pos":"NNS","before":"","after":" "},{"index":11,"word":"to","originalText":"to","characterOffsetBegin":1259,"characterOffsetEnd":1261,"pos":"TO","before":" ","after":" "},{"index":12,"word":"the","originalText":"the","characterOffsetBegin":1262,"characterOffsetEnd":1265,"pos":"DT","before":" ","after":" "},{"index":13,"word":"generous","originalText":"generous","characterOffsetBegin":1266,"characterOffsetEnd":1274,"pos":"JJ","before":" ","after":" "},{"index":14,"word":"helpon","originalText":"helpon","characterOffsetBegin":1275,"characterOffsetEnd":1281,"pos":"NN","before":" ","after":" "},{"index":15,"word":"this","originalText":"this","characterOffsetBegin":1282,"characterOffsetEnd":1286,"pos":"DT","before":" ","after":" "},{"index":16,"word":"group","originalText":"group","characterOffsetBegin":1287,"characterOffsetEnd":1292,"pos":"NN","before":" ","after":""},{"index":17,"word":"!","originalText":"!","characterOffsetBegin":1292,"characterOffsetEnd":1293,"pos":".","before":"","after":""},{"index":18,"word":"-RRB-","originalText":")","characterOffsetBegin":1293,"characterOffsetEnd":1294,"pos":"-RRB-","before":"","after":" "}]},{"index":13,"tokens":[{"index":1,"word":"However","originalText":"However","characterOffsetBegin":1295,"characterOffsetEnd":1302,"pos":"RB","before":" ","after":""},{"index":2,"word":",","originalText":",","characterOffsetBegin":1302,"characterOffsetEnd":1303,"pos":",","before":"","after":" "},{"index":3,"word":"I","originalText":"I","characterOffsetBegin":1304,"characterOffsetEnd":1305,"pos":"PRP","before":" ","after":" "},{"index":4,"word":"may","originalText":"may","characterOffsetBegin":1306,"characterOffsetEnd":1309,"pos":"MD","before":" ","after":" "},{"index":5,"word":"have","originalText":"have","characterOffsetBegin":1310,"characterOffsetEnd":1314,"pos":"VB","before":" ","after":" "},{"index":6,"word":"colormap","originalText":"colormap","characterOffsetBegin":1315,"characterOffsetEnd":1323,"pos":"NN","before":" ","after":" "},{"index":7,"word":"questions","originalText":"questions","characterOffsetBegin":1324,"characterOffsetEnd":1333,"pos":"NNS","before":" ","after":" "},{"index":8,"word":"later","originalText":"later","characterOffsetBegin":1334,"characterOffsetEnd":1339,"pos":"RB","before":" ","after":""},{"index":9,"word":"...","originalText":".....","characterOffsetBegin":1339,"characterOffsetEnd":1344,"pos":":","before":"","after":""},{"index":10,"word":"Derek","originalText":"Derek","characterOffsetBegin":1344,"characterOffsetEnd":1349,"pos":"NNP","before":"","after":""},{"index":11,"word":"-----------------------------------------------------------","originalText":"-----------------------------------------------------------","characterOffsetBegin":1349,"characterOffsetEnd":1408,"pos":"CD","before":"","after":""},{"index":12,"word":"|","originalText":"|","characterOffsetBegin":1408,"characterOffsetEnd":1409,"pos":"CD","before":"","after":" "},{"index":13,"word":"Derek","originalText":"Derek","characterOffsetBegin":1410,"characterOffsetEnd":1415,"pos":"NNP","before":" ","after":" "},{"index":14,"word":"C.","originalText":"C.","characterOffsetBegin":1416,"characterOffsetEnd":1418,"pos":"NNP","before":" ","after":" "},{"index":15,"word":"Richardson","originalText":"Richardson","characterOffsetBegin":1419,"characterOffsetEnd":1429,"pos":"NNP","before":" ","after":"    "},{"index":16,"word":"|","originalText":"|","characterOffsetBegin":1433,"characterOffsetEnd":1434,"pos":"NNP","before":"    ","after":" "},{"index":17,"word":"Tel","originalText":"Tel","characterOffsetBegin":1435,"characterOffsetEnd":1438,"pos":"NNP","before":" ","after":""},{"index":18,"word":":","originalText":":","characterOffsetBegin":1438,"characterOffsetEnd":1439,"pos":":","before":"","after":" "},{"index":19,"word":"-LRB-","originalText":"(","characterOffsetBegin":1440,"characterOffsetEnd":1441,"pos":"-LRB-","before":" ","after":""},{"index":20,"word":"0223","originalText":"0223","characterOffsetBegin":1441,"characterOffsetEnd":1445,"pos":"CD","before":"","after":""},{"index":21,"word":"-RRB-","originalText":")","characterOffsetBegin":1445,"characterOffsetEnd":1446,"pos":"-RRB-","before":"","after":" "},{"index":22,"word":"337548","originalText":"337548","characterOffsetBegin":1447,"characterOffsetEnd":1453,"pos":"CD","before":" ","after":" "},{"index":23,"word":"x","originalText":"x","characterOffsetBegin":1454,"characterOffsetEnd":1455,"pos":"CC","before":" ","after":" "},{"index":24,"word":"37501","originalText":"37501","characterOffsetBegin":1456,"characterOffsetEnd":1461,"pos":"CD","before":" ","after":"     "},{"index":25,"word":"|","originalText":"|","characterOffsetBegin":1466,"characterOffsetEnd":1467,"pos":"CD","before":"     ","after":""},{"index":26,"word":"|","originalText":"|","characterOffsetBegin":1467,"characterOffsetEnd":1468,"pos":"NNP","before":"","after":" "},{"index":27,"word":"Institute","originalText":"Institute","characterOffsetBegin":1469,"characterOffsetEnd":1478,"pos":"NNP","before":" ","after":" "},{"index":28,"word":"of","originalText":"of","characterOffsetBegin":1479,"characterOffsetEnd":1481,"pos":"IN","before":" ","after":" "},{"index":29,"word":"Astronomy","originalText":"Astronomy","characterOffsetBegin":1482,"characterOffsetEnd":1491,"pos":"NNP","before":" ","after":" "},{"index":30,"word":"|","originalText":"|","characterOffsetBegin":1492,"characterOffsetEnd":1493,"pos":"NNP","before":" ","after":" "},{"index":31,"word":"Fax","originalText":"Fax","characterOffsetBegin":1494,"characterOffsetEnd":1497,"pos":"NNP","before":" ","after":""},{"index":32,"word":":","originalText":":","characterOffsetBegin":1497,"characterOffsetEnd":1498,"pos":":","before":"","after":" "},{"index":33,"word":"-LRB-","originalText":"(","characterOffsetBegin":1499,"characterOffsetEnd":1500,"pos":"-LRB-","before":" ","after":""},{"index":34,"word":"0223","originalText":"0223","characterOffsetBegin":1500,"characterOffsetEnd":1504,"pos":"CD","before":"","after":""},{"index":35,"word":"-RRB-","originalText":")","characterOffsetBegin":1504,"characterOffsetEnd":1505,"pos":"-RRB-","before":"","after":" "},{"index":36,"word":"337523","originalText":"337523","characterOffsetBegin":1506,"characterOffsetEnd":1512,"pos":"CD","before":" ","after":"             "},{"index":37,"word":"|","originalText":"|","characterOffsetBegin":1525,"characterOffsetEnd":1526,"pos":"CD","before":"             ","after":""},{"index":38,"word":"|","originalText":"|","characterOffsetBegin":1526,"characterOffsetEnd":1527,"pos":"CD","before":"","after":" "},{"index":39,"word":"Cambridge","originalText":"Cambridge","characterOffsetBegin":1528,"characterOffsetEnd":1537,"pos":"NNP","before":" ","after":""},{"index":40,"word":",","originalText":",","characterOffsetBegin":1537,"characterOffsetEnd":1538,"pos":",","before":"","after":" "},{"index":41,"word":"U.K.","originalText":"U.K.","characterOffsetBegin":1539,"characterOffsetEnd":1543,"pos":"NNP","before":" ","after":"        "},{"index":42,"word":"|","originalText":"|","characterOffsetBegin":1551,"characterOffsetEnd":1552,"pos":"VBD","before":"        ","after":"                                "},{"index":43,"word":"|","originalText":"|","characterOffsetBegin":1584,"characterOffsetEnd":1585,"pos":"CD","before":"                                ","after":""},{"index":44,"word":"|","originalText":"|","characterOffsetBegin":1585,"characterOffsetEnd":1586,"pos":"CD","before":"","after":" "},{"index":45,"word":"CB3","originalText":"CB3","characterOffsetBegin":1587,"characterOffsetEnd":1590,"pos":"NN","before":" ","after":" "},{"index":46,"word":"0HA","originalText":"0HA","characterOffsetBegin":1591,"characterOffsetEnd":1594,"pos":"NN","before":" ","after":"                "},{"index":47,"word":"|","originalText":"|","characterOffsetBegin":1610,"characterOffsetEnd":1611,"pos":"CD","before":"                ","after":" "},{"index":48,"word":"E-mail","originalText":"E-mail","characterOffsetBegin":1612,"characterOffsetEnd":1618,"pos":"NN","before":" ","after":""},{"index":49,"word":":","originalText":":","characterOffsetBegin":1618,"characterOffsetEnd":1619,"pos":":","before":"","after":" "},{"index":50,"word":"dcr@mail.ast.cam.ac.uk","originalText":"dcr@mail.ast.cam.ac.uk","characterOffsetBegin":1620,"characterOffsetEnd":1642,"pos":"NN","before":" ","after":" "},{"index":51,"word":"|","originalText":"|","characterOffsetBegin":1643,"characterOffsetEnd":1644,"pos":"CD","before":" ","after":""},{"index":52,"word":"-----------------------------------------------------------","originalText":"-----------------------------------------------------------","characterOffsetBegin":1644,"characterOffsetEnd":1703,"pos":"CD","before":"","after":""}]}]}