{"sentences":[{"index":0,"tokens":[{"index":1,"word":"From","originalText":"From","characterOffsetBegin":0,"characterOffsetEnd":4,"pos":"IN","before":"","after":""},{"index":2,"word":":","originalText":":","characterOffsetBegin":4,"characterOffsetEnd":5,"pos":":","before":"","after":" "},{"index":3,"word":"egan@phony25.cc.utah.edu","originalText":"egan@phony25.cc.utah.edu","characterOffsetBegin":6,"characterOffsetEnd":30,"pos":"NN","before":" ","after":" "},{"index":4,"word":"-LRB-","originalText":"(","characterOffsetBegin":31,"characterOffsetEnd":32,"pos":"-LRB-","before":" ","after":""},{"index":5,"word":"Egan","originalText":"Egan","characterOffsetBegin":32,"characterOffsetEnd":36,"pos":"NNP","before":"","after":" "},{"index":6,"word":"F.","originalText":"F.","characterOffsetBegin":37,"characterOffsetEnd":39,"pos":"NNP","before":" ","after":" "},{"index":7,"word":"Ford","originalText":"Ford","characterOffsetBegin":40,"characterOffsetEnd":44,"pos":"NNP","before":" ","after":""},{"index":8,"word":"-RRB-","originalText":")","characterOffsetBegin":44,"characterOffsetEnd":45,"pos":"-RRB-","before":"","after":""},{"index":9,"word":"Subject","originalText":"Subject","characterOffsetBegin":45,"characterOffsetEnd":52,"pos":"NNP","before":"","after":""},{"index":10,"word":":","originalText":":","characterOffsetBegin":52,"characterOffsetEnd":53,"pos":":","before":"","after":" "},{"index":11,"word":"Need","originalText":"Need","characterOffsetBegin":54,"characterOffsetEnd":58,"pos":"VBD","before":" ","after":" "},{"index":12,"word":"Help","originalText":"Help","characterOffsetBegin":59,"characterOffsetEnd":63,"pos":"NN","before":" ","after":" "},{"index":13,"word":"with","originalText":"with","characterOffsetBegin":64,"characterOffsetEnd":68,"pos":"IN","before":" ","after":" "},{"index":14,"word":"key","originalText":"key","characterOffsetBegin":69,"characterOffsetEnd":72,"pos":"JJ","before":" ","after":" "},{"index":15,"word":"bindingsI","originalText":"bindingsI","characterOffsetBegin":73,"characterOffsetEnd":82,"pos":"NNP","before":" ","after":" "},{"index":16,"word":"need","originalText":"need","characterOffsetBegin":83,"characterOffsetEnd":87,"pos":"MD","before":" ","after":" "},{"index":17,"word":"help","originalText":"help","characterOffsetBegin":88,"characterOffsetEnd":92,"pos":"VB","before":" ","after":" "},{"index":18,"word":"binding","originalText":"binding","characterOffsetBegin":93,"characterOffsetEnd":100,"pos":"VBG","before":" ","after":" "},{"index":19,"word":"some","originalText":"some","characterOffsetBegin":101,"characterOffsetEnd":105,"pos":"DT","before":" ","after":" "},{"index":20,"word":"value","originalText":"value","characterOffsetBegin":106,"characterOffsetEnd":111,"pos":"NN","before":" ","after":" "},{"index":21,"word":"to","originalText":"to","characterOffsetBegin":112,"characterOffsetEnd":114,"pos":"TO","before":" ","after":" "},{"index":22,"word":"the","originalText":"the","characterOffsetBegin":115,"characterOffsetEnd":118,"pos":"DT","before":" ","after":" "},{"index":23,"word":"HOME","originalText":"HOME","characterOffsetBegin":119,"characterOffsetEnd":123,"pos":"NNP","before":" ","after":" "},{"index":24,"word":"and","originalText":"and","characterOffsetBegin":124,"characterOffsetEnd":127,"pos":"CC","before":" ","after":" "},{"index":25,"word":"END","originalText":"END","characterOffsetBegin":128,"characterOffsetEnd":131,"pos":"NNP","before":" ","after":" "},{"index":26,"word":"keys","originalText":"keys","characterOffsetBegin":132,"characterOffsetEnd":136,"pos":"NNS","before":" ","after":" "},{"index":27,"word":"on","originalText":"on","characterOffsetBegin":137,"characterOffsetEnd":139,"pos":"IN","before":" ","after":" "},{"index":28,"word":"my","originalText":"my","characterOffsetBegin":140,"characterOffsetEnd":142,"pos":"PRP$","before":" ","after":" "},{"index":29,"word":"keyboard","originalText":"keyboard","characterOffsetBegin":143,"characterOffsetEnd":151,"pos":"NN","before":" ","after":""},{"index":30,"word":".","originalText":".","characterOffsetBegin":151,"characterOffsetEnd":152,"pos":".","before":"","after":"  "}]},{"index":1,"tokens":[{"index":1,"word":"I","originalText":"I","characterOffsetBegin":154,"characterOffsetEnd":155,"pos":"PRP","before":"  ","after":" "},{"index":2,"word":"have","originalText":"have","characterOffsetBegin":156,"characterOffsetEnd":160,"pos":"VBP","before":" ","after":" "},{"index":3,"word":"anrs/6000","originalText":"anrs/6000","characterOffsetBegin":161,"characterOffsetEnd":170,"pos":"NN","before":" ","after":" "},{"index":4,"word":"w","originalText":"w","characterOffsetBegin":171,"characterOffsetEnd":172,"pos":"NN","before":" ","after":""},{"index":5,"word":"/","originalText":"/","characterOffsetBegin":172,"characterOffsetEnd":173,"pos":":","before":"","after":" "},{"index":6,"word":"aix3","originalText":"aix3","characterOffsetBegin":174,"characterOffsetEnd":178,"pos":"NN","before":" ","after":""},{"index":7,"word":".2.3","originalText":".2.3","characterOffsetBegin":178,"characterOffsetEnd":182,"pos":"CD","before":"","after":""},{"index":8,"word":"ext","originalText":"ext","characterOffsetBegin":182,"characterOffsetEnd":185,"pos":"NN","before":"","after":" "},{"index":9,"word":"running","originalText":"running","characterOffsetBegin":186,"characterOffsetEnd":193,"pos":"VBG","before":" ","after":" "},{"index":10,"word":"X11R5pl19","originalText":"X11R5pl19","characterOffsetBegin":194,"characterOffsetEnd":203,"pos":"NN","before":" ","after":" "},{"index":11,"word":"mit","originalText":"mit","characterOffsetBegin":204,"characterOffsetEnd":207,"pos":"NN","before":" ","after":" "},{"index":12,"word":"dist","originalText":"dist","characterOffsetBegin":208,"characterOffsetEnd":212,"pos":"NN","before":" ","after":""},{"index":13,"word":".","originalText":".","characterOffsetBegin":212,"characterOffsetEnd":213,"pos":".","before":"","after":"  "}]},{"index":2,"tokens":[{"index":1,"word":"I","originalText":"I","characterOffsetBegin":215,"characterOffsetEnd":216,"pos":"PRP","before":"  ","after":""},{"index":2,"word":"'m","originalText":"'m","characterOffsetBegin":216,"characterOffsetEnd":218,"pos":"VBP","before":"","after":" "},{"index":3,"word":"using","originalText":"using","characterOffsetBegin":219,"characterOffsetEnd":224,"pos":"VBG","before":" ","after":" "},{"index":4,"word":"a","originalText":"a","characterOffsetBegin":225,"characterOffsetEnd":226,"pos":"DT","before":" ","after":" "},{"index":5,"word":"PC","originalText":"PC","characterOffsetBegin":227,"characterOffsetEnd":229,"pos":"NN","before":" ","after":" "},{"index":6,"word":"running","originalText":"running","characterOffsetBegin":230,"characterOffsetEnd":237,"pos":"VBG","before":" ","after":" "},{"index":7,"word":"eXceedfor","originalText":"eXceedfor","characterOffsetBegin":238,"characterOffsetEnd":247,"pos":"NN","before":" ","after":" "},{"index":8,"word":"windows","originalText":"windows","characterOffsetBegin":248,"characterOffsetEnd":255,"pos":"NNS","before":" ","after":" "},{"index":9,"word":"as","originalText":"as","characterOffsetBegin":256,"characterOffsetEnd":258,"pos":"IN","before":" ","after":" "},{"index":10,"word":"my","originalText":"my","characterOffsetBegin":259,"characterOffsetEnd":261,"pos":"PRP$","before":" ","after":" "},{"index":11,"word":"xterminal","originalText":"xterminal","characterOffsetBegin":262,"characterOffsetEnd":271,"pos":"JJ","before":" ","after":""},{"index":12,"word":".","originalText":".","characterOffsetBegin":271,"characterOffsetEnd":272,"pos":".","before":"","after":"  "}]},{"index":3,"tokens":[{"index":1,"word":"The","originalText":"The","characterOffsetBegin":274,"characterOffsetEnd":277,"pos":"DT","before":"  ","after":" "},{"index":2,"word":"HOME","originalText":"HOME","characterOffsetBegin":278,"characterOffsetEnd":282,"pos":"NNP","before":" ","after":" "},{"index":3,"word":"and","originalText":"and","characterOffsetBegin":283,"characterOffsetEnd":286,"pos":"CC","before":" ","after":" "},{"index":4,"word":"END","originalText":"END","characterOffsetBegin":287,"characterOffsetEnd":290,"pos":"NNP","before":" ","after":" "},{"index":5,"word":"keys","originalText":"keys","characterOffsetBegin":291,"characterOffsetEnd":295,"pos":"NNS","before":" ","after":" "},{"index":6,"word":"do","originalText":"do","characterOffsetBegin":296,"characterOffsetEnd":298,"pos":"VBP","before":" ","after":" "},{"index":7,"word":"not","originalText":"not","characterOffsetBegin":299,"characterOffsetEnd":302,"pos":"RB","before":" ","after":" "},{"index":8,"word":"send","originalText":"send","characterOffsetBegin":303,"characterOffsetEnd":307,"pos":"VB","before":" ","after":" "},{"index":9,"word":"a","originalText":"a","characterOffsetBegin":308,"characterOffsetEnd":309,"pos":"DT","before":" ","after":" "},{"index":10,"word":"value","originalText":"value","characterOffsetBegin":310,"characterOffsetEnd":315,"pos":"NN","before":" ","after":""},{"index":11,"word":",","originalText":",","characterOffsetBegin":315,"characterOffsetEnd":316,"pos":",","before":"","after":" "},{"index":12,"word":"and","originalText":"and","characterOffsetBegin":317,"characterOffsetEnd":320,"pos":"CC","before":" ","after":" "},{"index":13,"word":"myapplication","originalText":"myapplication","characterOffsetBegin":321,"characterOffsetEnd":334,"pos":"NN","before":" ","after":" "},{"index":14,"word":"needs","originalText":"needs","characterOffsetBegin":335,"characterOffsetEnd":340,"pos":"VBZ","before":" ","after":" "},{"index":15,"word":"them","originalText":"them","characterOffsetBegin":341,"characterOffsetEnd":345,"pos":"PRP","before":" ","after":" "},{"index":16,"word":"to","originalText":"to","characterOffsetBegin":346,"characterOffsetEnd":348,"pos":"TO","before":" ","after":" "},{"index":17,"word":"be","originalText":"be","characterOffsetBegin":349,"characterOffsetEnd":351,"pos":"VB","before":" ","after":" "},{"index":18,"word":"defined","originalText":"defined","characterOffsetBegin":352,"characterOffsetEnd":359,"pos":"VBN","before":" ","after":""},{"index":19,"word":".","originalText":".","characterOffsetBegin":359,"characterOffsetEnd":360,"pos":".","before":"","after":"  "}]},{"index":4,"tokens":[{"index":1,"word":"I","originalText":"I","characterOffsetBegin":362,"characterOffsetEnd":363,"pos":"PRP","before":"  ","after":" "},{"index":2,"word":"used","originalText":"used","characterOffsetBegin":364,"characterOffsetEnd":368,"pos":"VBD","before":" ","after":" "},{"index":3,"word":"this","originalText":"this","characterOffsetBegin":369,"characterOffsetEnd":373,"pos":"DT","before":" ","after":" "},{"index":4,"word":"in","originalText":"in","characterOffsetBegin":374,"characterOffsetEnd":376,"pos":"IN","before":" ","after":" "},{"index":5,"word":"my","originalText":"my","characterOffsetBegin":377,"characterOffsetEnd":379,"pos":"PRP$","before":" ","after":" "},{"index":6,"word":"Xdefaults","originalText":"Xdefaults","characterOffsetBegin":380,"characterOffsetEnd":389,"pos":"NNS","before":" ","after":" "},{"index":7,"word":"to","originalText":"to","characterOffsetBegin":390,"characterOffsetEnd":392,"pos":"TO","before":" ","after":" "},{"index":8,"word":"define","originalText":"define","characterOffsetBegin":393,"characterOffsetEnd":399,"pos":"VB","before":" ","after":" "},{"index":9,"word":"thekeys","originalText":"thekeys","characterOffsetBegin":400,"characterOffsetEnd":407,"pos":"NNS","before":" ","after":""},{"index":10,"word":":","originalText":":","characterOffsetBegin":407,"characterOffsetEnd":408,"pos":":","before":"","after":""},{"index":11,"word":"varnet","originalText":"varnet","characterOffsetBegin":408,"characterOffsetEnd":414,"pos":"NN","before":"","after":""},{"index":12,"word":"*","originalText":"*","characterOffsetBegin":414,"characterOffsetEnd":415,"pos":"SYM","before":"","after":""},{"index":13,"word":"VT100.Translations","originalText":"VT100.Translations","characterOffsetBegin":415,"characterOffsetEnd":433,"pos":"NNS","before":"","after":""},{"index":14,"word":":","originalText":":","characterOffsetBegin":433,"characterOffsetEnd":434,"pos":":","before":"","after":" "},{"index":15,"word":"#override","originalText":"#override","characterOffsetBegin":435,"characterOffsetEnd":444,"pos":"VB","before":" ","after":" "},{"index":16,"word":"\\","originalText":"\\","characterOffsetBegin":445,"characterOffsetEnd":446,"pos":"CD","before":" ","after":"    "},{"index":17,"word":"<Key>","originalText":"<Key>","characterOffsetBegin":450,"characterOffsetEnd":455,"pos":"NNP","before":"    ","after":""},{"index":18,"word":"Home","originalText":"Home","characterOffsetBegin":455,"characterOffsetEnd":459,"pos":"NNP","before":"","after":""},{"index":19,"word":":","originalText":":","characterOffsetBegin":459,"characterOffsetEnd":460,"pos":":","before":"","after":" "},{"index":20,"word":"string","originalText":"string","characterOffsetBegin":461,"characterOffsetEnd":467,"pos":"NN","before":" ","after":""},{"index":21,"word":"-LRB-","originalText":"(","characterOffsetBegin":467,"characterOffsetEnd":468,"pos":"-LRB-","before":"","after":""},{"index":22,"word":"''","originalText":"\"","characterOffsetBegin":468,"characterOffsetEnd":469,"pos":"''","before":"","after":""},{"index":23,"word":"\\","originalText":"\\","characterOffsetBegin":469,"characterOffsetEnd":470,"pos":"NN","before":"","after":""},{"index":24,"word":"033","originalText":"033","characterOffsetBegin":470,"characterOffsetEnd":473,"pos":"CD","before":"","after":""},{"index":25,"word":"-LSB-","originalText":"[","characterOffsetBegin":473,"characterOffsetEnd":474,"pos":"-LRB-","before":"","after":""},{"index":26,"word":"8","originalText":"8","characterOffsetBegin":474,"characterOffsetEnd":475,"pos":"CD","before":"","after":""},{"index":27,"word":"~","originalText":"~","characterOffsetBegin":475,"characterOffsetEnd":476,"pos":"NN","before":"","after":""},{"index":28,"word":"''","originalText":"\"","characterOffsetBegin":476,"characterOffsetEnd":477,"pos":"''","before":"","after":""},{"index":29,"word":"-RRB-","originalText":")","characterOffsetBegin":477,"characterOffsetEnd":478,"pos":"-RRB-","before":"","after":" "},{"index":30,"word":"\\","originalText":"\\","characterOffsetBegin":479,"characterOffsetEnd":480,"pos":"CD","before":" ","after":""},{"index":31,"word":"n","originalText":"n","characterOffsetBegin":480,"characterOffsetEnd":481,"pos":"NN","before":"","after":""},{"index":32,"word":"\\","originalText":"\\","characterOffsetBegin":481,"characterOffsetEnd":482,"pos":"CD","before":"","after":"    "},{"index":33,"word":"<Key>","originalText":"<Key>","characterOffsetBegin":486,"characterOffsetEnd":491,"pos":"NNP","before":"    ","after":""},{"index":34,"word":"End","originalText":"End","characterOffsetBegin":491,"characterOffsetEnd":494,"pos":"NNP","before":"","after":""},{"index":35,"word":":","originalText":":","characterOffsetBegin":494,"characterOffsetEnd":495,"pos":":","before":"","after":" "},{"index":36,"word":"string","originalText":"string","characterOffsetBegin":496,"characterOffsetEnd":502,"pos":"NN","before":" ","after":""},{"index":37,"word":"-LRB-","originalText":"(","characterOffsetBegin":502,"characterOffsetEnd":503,"pos":"-LRB-","before":"","after":""},{"index":38,"word":"''","originalText":"\"","characterOffsetBegin":503,"characterOffsetEnd":504,"pos":"''","before":"","after":""},{"index":39,"word":"\\","originalText":"\\","characterOffsetBegin":504,"characterOffsetEnd":505,"pos":"NN","before":"","after":""},{"index":40,"word":"033","originalText":"033","characterOffsetBegin":505,"characterOffsetEnd":508,"pos":"CD","before":"","after":""},{"index":41,"word":"-LSB-","originalText":"[","characterOffsetBegin":508,"characterOffsetEnd":509,"pos":"-LRB-","before":"","after":""},{"index":42,"word":"7","originalText":"7","characterOffsetBegin":509,"characterOffsetEnd":510,"pos":"CD","before":"","after":""},{"index":43,"word":"~","originalText":"~","characterOffsetBegin":510,"characterOffsetEnd":511,"pos":"NN","before":"","after":""},{"index":44,"word":"''","originalText":"\"","characterOffsetBegin":511,"characterOffsetEnd":512,"pos":"''","before":"","after":""},{"index":45,"word":"-RRB-","originalText":")","characterOffsetBegin":512,"characterOffsetEnd":513,"pos":"-RRB-","before":"","after":""},{"index":46,"word":"Then","originalText":"Then","characterOffsetBegin":513,"characterOffsetEnd":517,"pos":"RB","before":"","after":" "},{"index":47,"word":"I","originalText":"I","characterOffsetBegin":518,"characterOffsetEnd":519,"pos":"PRP","before":" ","after":" "},{"index":48,"word":"xterm","originalText":"xterm","characterOffsetBegin":520,"characterOffsetEnd":525,"pos":"VBP","before":" ","after":" "},{"index":49,"word":"-","originalText":"-","characterOffsetBegin":526,"characterOffsetEnd":527,"pos":":","before":" ","after":""},{"index":50,"word":"name","originalText":"name","characterOffsetBegin":527,"characterOffsetEnd":531,"pos":"NN","before":"","after":" "},{"index":51,"word":"varnet","originalText":"varnet","characterOffsetBegin":532,"characterOffsetEnd":538,"pos":"NN","before":" ","after":""},{"index":52,"word":".","originalText":".","characterOffsetBegin":538,"characterOffsetEnd":539,"pos":".","before":"","after":"  "}]},{"index":5,"tokens":[{"index":1,"word":"This","originalText":"This","characterOffsetBegin":541,"characterOffsetEnd":545,"pos":"DT","before":"  ","after":" "},{"index":2,"word":"works","originalText":"works","characterOffsetBegin":546,"characterOffsetEnd":551,"pos":"VBZ","before":" ","after":" "},{"index":3,"word":"perfect","originalText":"perfect","characterOffsetBegin":552,"characterOffsetEnd":559,"pos":"JJ","before":" ","after":""},{"index":4,"word":",","originalText":",","characterOffsetBegin":559,"characterOffsetEnd":560,"pos":",","before":"","after":" "},{"index":5,"word":"however","originalText":"however","characterOffsetBegin":561,"characterOffsetEnd":568,"pos":"RB","before":" ","after":" "},{"index":6,"word":"the","originalText":"the","characterOffsetBegin":569,"characterOffsetEnd":572,"pos":"DT","before":" ","after":" "},{"index":7,"word":"7","originalText":"7","characterOffsetBegin":573,"characterOffsetEnd":574,"pos":"CD","before":" ","after":" "},{"index":8,"word":"and","originalText":"and","characterOffsetBegin":575,"characterOffsetEnd":578,"pos":"CC","before":" ","after":" "},{"index":9,"word":"the","originalText":"the","characterOffsetBegin":579,"characterOffsetEnd":582,"pos":"DT","before":" ","after":" "},{"index":10,"word":"1","originalText":"1","characterOffsetBegin":583,"characterOffsetEnd":584,"pos":"CD","before":" ","after":" "},{"index":11,"word":"key","originalText":"key","characterOffsetBegin":585,"characterOffsetEnd":588,"pos":"NN","before":" ","after":" "},{"index":12,"word":"on","originalText":"on","characterOffsetBegin":589,"characterOffsetEnd":591,"pos":"IN","before":" ","after":" "},{"index":13,"word":"mykeypad","originalText":"mykeypad","characterOffsetBegin":592,"characterOffsetEnd":600,"pos":"NN","before":" ","after":" "},{"index":14,"word":"are","originalText":"are","characterOffsetBegin":601,"characterOffsetEnd":604,"pos":"VBP","before":" ","after":" "},{"index":15,"word":"also","originalText":"also","characterOffsetBegin":605,"characterOffsetEnd":609,"pos":"RB","before":" ","after":" "},{"index":16,"word":"defined","originalText":"defined","characterOffsetBegin":610,"characterOffsetEnd":617,"pos":"VBN","before":" ","after":" "},{"index":17,"word":"as","originalText":"as","characterOffsetBegin":618,"characterOffsetEnd":620,"pos":"IN","before":" ","after":" "},{"index":18,"word":"\\","originalText":"\\","characterOffsetBegin":621,"characterOffsetEnd":622,"pos":"NN","before":" ","after":""},{"index":19,"word":"033","originalText":"033","characterOffsetBegin":622,"characterOffsetEnd":625,"pos":"CD","before":"","after":""},{"index":20,"word":"-LSB-","originalText":"[","characterOffsetBegin":625,"characterOffsetEnd":626,"pos":"-LRB-","before":"","after":""},{"index":21,"word":"8","originalText":"8","characterOffsetBegin":626,"characterOffsetEnd":627,"pos":"CD","before":"","after":""},{"index":22,"word":"~","originalText":"~","characterOffsetBegin":627,"characterOffsetEnd":628,"pos":"NN","before":"","after":" "},{"index":23,"word":"and","originalText":"and","characterOffsetBegin":629,"characterOffsetEnd":632,"pos":"CC","before":" ","after":" "},{"index":24,"word":"\\","originalText":"\\","characterOffsetBegin":633,"characterOffsetEnd":634,"pos":"NN","before":" ","after":""},{"index":25,"word":"033","originalText":"033","characterOffsetBegin":634,"characterOffsetEnd":637,"pos":"CD","before":"","after":""},{"index":26,"word":"-LSB-","originalText":"[","characterOffsetBegin":637,"characterOffsetEnd":638,"pos":"-LRB-","before":"","after":""},{"index":27,"word":"7","originalText":"7","characterOffsetBegin":638,"characterOffsetEnd":639,"pos":"CD","before":"","after":""},{"index":28,"word":"~","originalText":"~","characterOffsetBegin":639,"characterOffsetEnd":640,"pos":"NN","before":"","after":""},{"index":29,"word":".","originalText":".","characterOffsetBegin":640,"characterOffsetEnd":641,"pos":".","before":"","after":""}]},{"index":6,"tokens":[{"index":1,"word":"Any","originalText":"Any","characterOffsetBegin":641,"characterOffsetEnd":644,"pos":"DT","before":"","after":" "},{"index":2,"word":"ideas","originalText":"ideas","characterOffsetBegin":645,"characterOffsetEnd":650,"pos":"NNS","before":" ","after":""},{"index":3,"word":"?","originalText":"?","characterOffsetBegin":650,"characterOffsetEnd":651,"pos":".","before":"","after":"  "}]},{"index":7,"tokens":[{"index":1,"word":"Help","originalText":"Help","characterOffsetBegin":653,"characterOffsetEnd":657,"pos":"VB","before":"  ","after":" "},{"index":2,"word":"please.Thanks","originalText":"please.Thanks","characterOffsetBegin":658,"characterOffsetEnd":671,"pos":"NNS","before":" ","after":""},{"index":3,"word":".","originalText":".","characterOffsetBegin":671,"characterOffsetEnd":672,"pos":".","before":"","after":""}]},{"index":8,"tokens":[{"index":1,"word":"--","originalText":"--","characterOffsetBegin":672,"characterOffsetEnd":674,"pos":":","before":"","after":" "},{"index":2,"word":"Egan","originalText":"Egan","characterOffsetBegin":675,"characterOffsetEnd":679,"pos":"NNP","before":" ","after":" "},{"index":3,"word":"F.","originalText":"F.","characterOffsetBegin":680,"characterOffsetEnd":682,"pos":"NNP","before":" ","after":" "},{"index":4,"word":"Fordegan%phony25.cc.utah.edu@hellgate.utah.edu","originalText":"Fordegan%phony25.cc.utah.edu@hellgate.utah.edu","characterOffsetBegin":683,"characterOffsetEnd":729,"pos":"NNP","before":" ","after":""}]}]}