{"sentences":[{"index":0,"tokens":[{"index":1,"word":"From","originalText":"From","characterOffsetBegin":0,"characterOffsetEnd":4,"pos":"IN","before":"","after":""},{"index":2,"word":":","originalText":":","characterOffsetBegin":4,"characterOffsetEnd":5,"pos":":","before":"","after":" "},{"index":3,"word":"bgendler@opus.starlab.CSc.COM","originalText":"bgendler@opus.starlab.CSc.COM","characterOffsetBegin":6,"characterOffsetEnd":35,"pos":"NN","before":" ","after":" "},{"index":4,"word":"-LRB-","originalText":"(","characterOffsetBegin":36,"characterOffsetEnd":37,"pos":"-LRB-","before":" ","after":""},{"index":5,"word":"Bruce","originalText":"Bruce","characterOffsetBegin":37,"characterOffsetEnd":42,"pos":"NNP","before":"","after":" "},{"index":6,"word":"Gendler","originalText":"Gendler","characterOffsetBegin":43,"characterOffsetEnd":50,"pos":"NNP","before":" ","after":""},{"index":7,"word":"-RRB-","originalText":")","characterOffsetBegin":50,"characterOffsetEnd":51,"pos":"-RRB-","before":"","after":""},{"index":8,"word":"Subject","originalText":"Subject","characterOffsetBegin":51,"characterOffsetEnd":58,"pos":"NNP","before":"","after":""},{"index":9,"word":":","originalText":":","characterOffsetBegin":58,"characterOffsetEnd":59,"pos":":","before":"","after":" "},{"index":10,"word":"X/GL","originalText":"X/GL","characterOffsetBegin":60,"characterOffsetEnd":64,"pos":"NN","before":" ","after":" "},{"index":11,"word":"widget","originalText":"widget","characterOffsetBegin":65,"characterOffsetEnd":71,"pos":"NN","before":" ","after":" "},{"index":12,"word":"translation","originalText":"translation","characterOffsetBegin":72,"characterOffsetEnd":83,"pos":"NN","before":" ","after":" "},{"index":13,"word":"problemI","originalText":"problemI","characterOffsetBegin":84,"characterOffsetEnd":92,"pos":"NN","before":" ","after":" "},{"index":14,"word":"am","originalText":"am","characterOffsetBegin":93,"characterOffsetEnd":95,"pos":"VBP","before":" ","after":" "},{"index":15,"word":"writing","originalText":"writing","characterOffsetBegin":96,"characterOffsetEnd":103,"pos":"VBG","before":" ","after":" "},{"index":16,"word":"a","originalText":"a","characterOffsetBegin":104,"characterOffsetEnd":105,"pos":"DT","before":" ","after":" "},{"index":17,"word":"custom","originalText":"custom","characterOffsetBegin":106,"characterOffsetEnd":112,"pos":"NN","before":" ","after":" "},{"index":18,"word":"widget","originalText":"widget","characterOffsetBegin":113,"characterOffsetEnd":119,"pos":"NN","before":" ","after":" "},{"index":19,"word":"to","originalText":"to","characterOffsetBegin":120,"characterOffsetEnd":122,"pos":"TO","before":" ","after":" "},{"index":20,"word":"support","originalText":"support","characterOffsetBegin":123,"characterOffsetEnd":130,"pos":"VB","before":" ","after":" "},{"index":21,"word":"the","originalText":"the","characterOffsetBegin":131,"characterOffsetEnd":134,"pos":"DT","before":" ","after":" "},{"index":22,"word":"display","originalText":"display","characterOffsetBegin":135,"characterOffsetEnd":142,"pos":"NN","before":" ","after":" "},{"index":23,"word":"of","originalText":"of","characterOffsetBegin":143,"characterOffsetEnd":145,"pos":"IN","before":" ","after":" "},{"index":24,"word":"graphicsand","originalText":"graphicsand","characterOffsetBegin":146,"characterOffsetEnd":157,"pos":"NN","before":" ","after":" "},{"index":25,"word":"imagery","originalText":"imagery","characterOffsetBegin":158,"characterOffsetEnd":165,"pos":"NN","before":" ","after":""},{"index":26,"word":".","originalText":".","characterOffsetBegin":165,"characterOffsetEnd":166,"pos":".","before":"","after":"  "}]},{"index":1,"tokens":[{"index":1,"word":"The","originalText":"The","characterOffsetBegin":168,"characterOffsetEnd":171,"pos":"DT","before":"  ","after":" "},{"index":2,"word":"user","originalText":"user","characterOffsetBegin":172,"characterOffsetEnd":176,"pos":"NN","before":" ","after":" "},{"index":3,"word":"of","originalText":"of","characterOffsetBegin":177,"characterOffsetEnd":179,"pos":"IN","before":" ","after":" "},{"index":4,"word":"the","originalText":"the","characterOffsetBegin":180,"characterOffsetEnd":183,"pos":"DT","before":" ","after":" "},{"index":5,"word":"widget","originalText":"widget","characterOffsetBegin":184,"characterOffsetEnd":190,"pos":"NN","before":" ","after":" "},{"index":6,"word":"will","originalText":"will","characterOffsetBegin":191,"characterOffsetEnd":195,"pos":"MD","before":" ","after":" "},{"index":7,"word":"be","originalText":"be","characterOffsetBegin":196,"characterOffsetEnd":198,"pos":"VB","before":" ","after":" "},{"index":8,"word":"able","originalText":"able","characterOffsetBegin":199,"characterOffsetEnd":203,"pos":"JJ","before":" ","after":" "},{"index":9,"word":"to","originalText":"to","characterOffsetBegin":204,"characterOffsetEnd":206,"pos":"TO","before":" ","after":" "},{"index":10,"word":"specify","originalText":"specify","characterOffsetBegin":207,"characterOffsetEnd":214,"pos":"VB","before":" ","after":""},{"index":11,"word":",","originalText":",","characterOffsetBegin":214,"characterOffsetEnd":215,"pos":",","before":"","after":""},{"index":12,"word":"when","originalText":"when","characterOffsetBegin":215,"characterOffsetEnd":219,"pos":"WRB","before":"","after":" "},{"index":13,"word":"creating","originalText":"creating","characterOffsetBegin":220,"characterOffsetEnd":228,"pos":"VBG","before":" ","after":" "},{"index":14,"word":"it","originalText":"it","characterOffsetBegin":229,"characterOffsetEnd":231,"pos":"PRP","before":" ","after":""},{"index":15,"word":",","originalText":",","characterOffsetBegin":231,"characterOffsetEnd":232,"pos":",","before":"","after":" "},{"index":16,"word":"whether","originalText":"whether","characterOffsetBegin":233,"characterOffsetEnd":240,"pos":"IN","before":" ","after":" "},{"index":17,"word":"it","originalText":"it","characterOffsetBegin":241,"characterOffsetEnd":243,"pos":"PRP","before":" ","after":" "},{"index":18,"word":"is","originalText":"is","characterOffsetBegin":244,"characterOffsetEnd":246,"pos":"VBZ","before":" ","after":" "},{"index":19,"word":"to","originalText":"to","characterOffsetBegin":247,"characterOffsetEnd":249,"pos":"TO","before":" ","after":" "},{"index":20,"word":"operate","originalText":"operate","characterOffsetBegin":250,"characterOffsetEnd":257,"pos":"VB","before":" ","after":" "},{"index":21,"word":"in","originalText":"in","characterOffsetBegin":258,"characterOffsetEnd":260,"pos":"IN","before":" ","after":" "},{"index":22,"word":"X","originalText":"X","characterOffsetBegin":261,"characterOffsetEnd":262,"pos":"NN","before":" ","after":" "},{"index":23,"word":"or","originalText":"or","characterOffsetBegin":263,"characterOffsetEnd":265,"pos":"CC","before":" ","after":" "},{"index":24,"word":"GL","originalText":"GL","characterOffsetBegin":266,"characterOffsetEnd":268,"pos":"NN","before":" ","after":" "},{"index":25,"word":"mode.I","originalText":"mode.I","characterOffsetBegin":269,"characterOffsetEnd":275,"pos":"NN","before":" ","after":" "},{"index":26,"word":"have","originalText":"have","characterOffsetBegin":276,"characterOffsetEnd":280,"pos":"VBP","before":" ","after":" "},{"index":27,"word":"set","originalText":"set","characterOffsetBegin":281,"characterOffsetEnd":284,"pos":"VBN","before":" ","after":" "},{"index":28,"word":"up","originalText":"up","characterOffsetBegin":285,"characterOffsetEnd":287,"pos":"RP","before":" ","after":" "},{"index":29,"word":"translations","originalText":"translations","characterOffsetBegin":288,"characterOffsetEnd":300,"pos":"NNS","before":" ","after":" "},{"index":30,"word":"and","originalText":"and","characterOffsetBegin":301,"characterOffsetEnd":304,"pos":"CC","before":" ","after":" "},{"index":31,"word":"actions","originalText":"actions","characterOffsetBegin":305,"characterOffsetEnd":312,"pos":"NNS","before":" ","after":" "},{"index":32,"word":"to","originalText":"to","characterOffsetBegin":313,"characterOffsetEnd":315,"pos":"TO","before":" ","after":" "},{"index":33,"word":"handle","originalText":"handle","characterOffsetBegin":316,"characterOffsetEnd":322,"pos":"VB","before":" ","after":" "},{"index":34,"word":"mouse","originalText":"mouse","characterOffsetBegin":323,"characterOffsetEnd":328,"pos":"NN","before":" ","after":" "},{"index":35,"word":"buttonpresses","originalText":"buttonpresses","characterOffsetBegin":329,"characterOffsetEnd":342,"pos":"NNS","before":" ","after":""},{"index":36,"word":".","originalText":".","characterOffsetBegin":342,"characterOffsetEnd":343,"pos":".","before":"","after":"  "}]},{"index":2,"tokens":[{"index":1,"word":"They","originalText":"They","characterOffsetBegin":345,"characterOffsetEnd":349,"pos":"PRP","before":"  ","after":" "},{"index":2,"word":"work","originalText":"work","characterOffsetBegin":350,"characterOffsetEnd":354,"pos":"VBP","before":" ","after":" "},{"index":3,"word":"fine","originalText":"fine","characterOffsetBegin":355,"characterOffsetEnd":359,"pos":"JJ","before":" ","after":" "},{"index":4,"word":"when","originalText":"when","characterOffsetBegin":360,"characterOffsetEnd":364,"pos":"WRB","before":" ","after":" "},{"index":5,"word":"the","originalText":"the","characterOffsetBegin":365,"characterOffsetEnd":368,"pos":"DT","before":" ","after":" "},{"index":6,"word":"widget","originalText":"widget","characterOffsetBegin":369,"characterOffsetEnd":375,"pos":"NN","before":" ","after":" "},{"index":7,"word":"is","originalText":"is","characterOffsetBegin":376,"characterOffsetEnd":378,"pos":"VBZ","before":" ","after":" "},{"index":8,"word":"in","originalText":"in","characterOffsetBegin":379,"characterOffsetEnd":381,"pos":"IN","before":" ","after":" "},{"index":9,"word":"X","originalText":"X","characterOffsetBegin":382,"characterOffsetEnd":383,"pos":"NN","before":" ","after":" "},{"index":10,"word":"mode","originalText":"mode","characterOffsetBegin":384,"characterOffsetEnd":388,"pos":"NN","before":" ","after":""},{"index":11,"word":".","originalText":".","characterOffsetBegin":388,"characterOffsetEnd":389,"pos":".","before":"","after":"  "}]},{"index":3,"tokens":[{"index":1,"word":"In","originalText":"In","characterOffsetBegin":391,"characterOffsetEnd":393,"pos":"IN","before":"  ","after":" "},{"index":2,"word":"GL","originalText":"GL","characterOffsetBegin":394,"characterOffsetEnd":396,"pos":"NNP","before":" ","after":" "},{"index":3,"word":"mode","originalText":"mode","characterOffsetBegin":397,"characterOffsetEnd":401,"pos":"NN","before":" ","after":" "},{"index":4,"word":"they","originalText":"they","characterOffsetBegin":402,"characterOffsetEnd":406,"pos":"PRP","before":" ","after":" "},{"index":5,"word":"only","originalText":"only","characterOffsetBegin":407,"characterOffsetEnd":411,"pos":"RB","before":" ","after":" "},{"index":6,"word":"work","originalText":"work","characterOffsetBegin":412,"characterOffsetEnd":416,"pos":"VBP","before":" ","after":" "},{"index":7,"word":"when","originalText":"when","characterOffsetBegin":417,"characterOffsetEnd":421,"pos":"WRB","before":" ","after":" "},{"index":8,"word":"the","originalText":"the","characterOffsetBegin":422,"characterOffsetEnd":425,"pos":"DT","before":" ","after":" "},{"index":9,"word":"widget","originalText":"widget","characterOffsetBegin":426,"characterOffsetEnd":432,"pos":"NN","before":" ","after":" "},{"index":10,"word":"-LRB-","originalText":"(","characterOffsetBegin":433,"characterOffsetEnd":434,"pos":"-LRB-","before":" ","after":""},{"index":11,"word":"my","originalText":"my","characterOffsetBegin":434,"characterOffsetEnd":436,"pos":"PRP$","before":"","after":" "},{"index":12,"word":"GL/X","originalText":"GL/X","characterOffsetBegin":437,"characterOffsetEnd":441,"pos":"NN","before":" ","after":" "},{"index":13,"word":"widget","originalText":"widget","characterOffsetBegin":442,"characterOffsetEnd":448,"pos":"NN","before":" ","after":""},{"index":14,"word":"-RRB-","originalText":")","characterOffsetBegin":448,"characterOffsetEnd":449,"pos":"-RRB-","before":"","after":" "},{"index":15,"word":"is","originalText":"is","characterOffsetBegin":450,"characterOffsetEnd":452,"pos":"VBZ","before":" ","after":" "},{"index":16,"word":"a","originalText":"a","characterOffsetBegin":453,"characterOffsetEnd":454,"pos":"DT","before":" ","after":" "},{"index":17,"word":"childof","originalText":"childof","characterOffsetBegin":455,"characterOffsetEnd":462,"pos":"NN","before":" ","after":" "},{"index":18,"word":"a","originalText":"a","characterOffsetBegin":463,"characterOffsetEnd":464,"pos":"DT","before":" ","after":" "},{"index":19,"word":"manager","originalText":"manager","characterOffsetBegin":465,"characterOffsetEnd":472,"pos":"NN","before":" ","after":""},{"index":20,"word":".","originalText":".","characterOffsetBegin":472,"characterOffsetEnd":473,"pos":".","before":"","after":"  "}]},{"index":4,"tokens":[{"index":1,"word":"Put","originalText":"Put","characterOffsetBegin":475,"characterOffsetEnd":478,"pos":"VB","before":"  ","after":" "},{"index":2,"word":"another","originalText":"another","characterOffsetBegin":479,"characterOffsetEnd":486,"pos":"DT","before":" ","after":" "},{"index":3,"word":"way","originalText":"way","characterOffsetBegin":487,"characterOffsetEnd":490,"pos":"NN","before":" ","after":""},{"index":4,"word":",","originalText":",","characterOffsetBegin":490,"characterOffsetEnd":491,"pos":",","before":"","after":" "},{"index":5,"word":"the","originalText":"the","characterOffsetBegin":492,"characterOffsetEnd":495,"pos":"DT","before":" ","after":" "},{"index":6,"word":"translations","originalText":"translations","characterOffsetBegin":496,"characterOffsetEnd":508,"pos":"NNS","before":" ","after":" "},{"index":7,"word":"do","originalText":"do","characterOffsetBegin":509,"characterOffsetEnd":511,"pos":"VBP","before":" ","after":" "},{"index":8,"word":"not","originalText":"not","characterOffsetBegin":512,"characterOffsetEnd":515,"pos":"RB","before":" ","after":" "},{"index":9,"word":"work","originalText":"work","characterOffsetBegin":516,"characterOffsetEnd":520,"pos":"VB","before":" ","after":" "},{"index":10,"word":"when","originalText":"when","characterOffsetBegin":521,"characterOffsetEnd":525,"pos":"WRB","before":" ","after":" "},{"index":11,"word":"the","originalText":"the","characterOffsetBegin":526,"characterOffsetEnd":529,"pos":"DT","before":" ","after":" "},{"index":12,"word":"widget","originalText":"widget","characterOffsetBegin":530,"characterOffsetEnd":536,"pos":"NN","before":" ","after":" "},{"index":13,"word":"is","originalText":"is","characterOffsetBegin":537,"characterOffsetEnd":539,"pos":"VBZ","before":" ","after":" "},{"index":14,"word":"configured","originalText":"configured","characterOffsetBegin":540,"characterOffsetEnd":550,"pos":"VBN","before":" ","after":" "},{"index":15,"word":"in","originalText":"in","characterOffsetBegin":551,"characterOffsetEnd":553,"pos":"IN","before":" ","after":" "},{"index":16,"word":"GL","originalText":"GL","characterOffsetBegin":554,"characterOffsetEnd":556,"pos":"NNP","before":" ","after":" "},{"index":17,"word":"mode","originalText":"mode","characterOffsetBegin":557,"characterOffsetEnd":561,"pos":"NN","before":" ","after":" "},{"index":18,"word":"and","originalText":"and","characterOffsetBegin":562,"characterOffsetEnd":565,"pos":"CC","before":" ","after":" "},{"index":19,"word":"is","originalText":"is","characterOffsetBegin":566,"characterOffsetEnd":568,"pos":"VBZ","before":" ","after":" "},{"index":20,"word":"a","originalText":"a","characterOffsetBegin":569,"characterOffsetEnd":570,"pos":"DT","before":" ","after":" "},{"index":21,"word":"child","originalText":"child","characterOffsetBegin":571,"characterOffsetEnd":576,"pos":"NN","before":" ","after":" "},{"index":22,"word":"of","originalText":"of","characterOffsetBegin":577,"characterOffsetEnd":579,"pos":"IN","before":" ","after":" "},{"index":23,"word":"a","originalText":"a","characterOffsetBegin":580,"characterOffsetEnd":581,"pos":"DT","before":" ","after":" "},{"index":24,"word":"shell","originalText":"shell","characterOffsetBegin":582,"characterOffsetEnd":587,"pos":"NN","before":" ","after":""},{"index":25,"word":".","originalText":".","characterOffsetBegin":587,"characterOffsetEnd":588,"pos":".","before":"","after":"  "}]},{"index":5,"tokens":[{"index":1,"word":"Does","originalText":"Does","characterOffsetBegin":590,"characterOffsetEnd":594,"pos":"VBZ","before":"  ","after":" "},{"index":2,"word":"anyone","originalText":"anyone","characterOffsetBegin":595,"characterOffsetEnd":601,"pos":"NN","before":" ","after":" "},{"index":3,"word":"know","originalText":"know","characterOffsetBegin":602,"characterOffsetEnd":606,"pos":"VB","before":" ","after":" "},{"index":4,"word":"why","originalText":"why","characterOffsetBegin":607,"characterOffsetEnd":610,"pos":"WRB","before":" ","after":" "},{"index":5,"word":"this","originalText":"this","characterOffsetBegin":611,"characterOffsetEnd":615,"pos":"DT","before":" ","after":" "},{"index":6,"word":"is","originalText":"is","characterOffsetBegin":616,"characterOffsetEnd":618,"pos":"VBZ","before":" ","after":" "},{"index":7,"word":"happening?Thanks","originalText":"happening?Thanks","characterOffsetBegin":619,"characterOffsetEnd":635,"pos":"NNP","before":" ","after":" "},{"index":8,"word":"in","originalText":"in","characterOffsetBegin":636,"characterOffsetEnd":638,"pos":"IN","before":" ","after":" "},{"index":9,"word":"advance.Bruce","originalText":"advance.Bruce","characterOffsetBegin":639,"characterOffsetEnd":652,"pos":"NNP","before":" ","after":" "},{"index":10,"word":"Gendlerbgendler@csc.com","originalText":"Gendlerbgendler@csc.com","characterOffsetBegin":653,"characterOffsetEnd":676,"pos":"NNP","before":" ","after":""}]}]}