{"sentences":[{"index":0,"tokens":[{"index":1,"word":"From","originalText":"From","characterOffsetBegin":0,"characterOffsetEnd":4,"pos":"IN","before":"","after":""},{"index":2,"word":":","originalText":":","characterOffsetBegin":4,"characterOffsetEnd":5,"pos":":","before":"","after":" "},{"index":3,"word":"gowen@jade.tufts.edu","originalText":"gowen@jade.tufts.edu","characterOffsetBegin":6,"characterOffsetEnd":26,"pos":"NN","before":" ","after":" "},{"index":4,"word":"-LRB-","originalText":"(","characterOffsetBegin":27,"characterOffsetEnd":28,"pos":"-LRB-","before":" ","after":""},{"index":5,"word":"G.","originalText":"G.","characterOffsetBegin":28,"characterOffsetEnd":30,"pos":"NNP","before":"","after":" "},{"index":6,"word":"Lee","originalText":"Lee","characterOffsetBegin":31,"characterOffsetEnd":34,"pos":"NNP","before":" ","after":" "},{"index":7,"word":"Owen","originalText":"Owen","characterOffsetBegin":35,"characterOffsetEnd":39,"pos":"NNP","before":" ","after":""},{"index":8,"word":"-RRB-","originalText":")","characterOffsetBegin":39,"characterOffsetEnd":40,"pos":"-RRB-","before":"","after":""},{"index":9,"word":"Subject","originalText":"Subject","characterOffsetBegin":40,"characterOffsetEnd":47,"pos":"NNP","before":"","after":""},{"index":10,"word":":","originalText":":","characterOffsetBegin":47,"characterOffsetEnd":48,"pos":":","before":"","after":" "},{"index":11,"word":"Re","originalText":"Re","characterOffsetBegin":49,"characterOffsetEnd":51,"pos":"NNP","before":" ","after":""},{"index":12,"word":":","originalText":":","characterOffsetBegin":51,"characterOffsetEnd":52,"pos":":","before":"","after":" "},{"index":13,"word":"PostScript","originalText":"PostScript","characterOffsetBegin":53,"characterOffsetEnd":63,"pos":"NNP","before":" ","after":" "},{"index":14,"word":"on","originalText":"on","characterOffsetBegin":64,"characterOffsetEnd":66,"pos":"IN","before":" ","after":" "},{"index":15,"word":"X-terminal","originalText":"X-terminal","characterOffsetBegin":67,"characterOffsetEnd":77,"pos":"JJ","before":" ","after":""},{"index":16,"word":">","originalText":">","characterOffsetBegin":77,"characterOffsetEnd":78,"pos":"JJR","before":"","after":" "},{"index":17,"word":"I","originalText":"I","characterOffsetBegin":79,"characterOffsetEnd":80,"pos":"PRP","before":" ","after":" "},{"index":18,"word":"have","originalText":"have","characterOffsetBegin":81,"characterOffsetEnd":85,"pos":"VBP","before":" ","after":" "},{"index":19,"word":"a","originalText":"a","characterOffsetBegin":86,"characterOffsetEnd":87,"pos":"DT","before":" ","after":" "},{"index":20,"word":"problem","originalText":"problem","characterOffsetBegin":88,"characterOffsetEnd":95,"pos":"NN","before":" ","after":" "},{"index":21,"word":"when","originalText":"when","characterOffsetBegin":96,"characterOffsetEnd":100,"pos":"WRB","before":" ","after":" "},{"index":22,"word":"I","originalText":"I","characterOffsetBegin":101,"characterOffsetEnd":102,"pos":"PRP","before":" ","after":""},{"index":23,"word":"'m","originalText":"'m","characterOffsetBegin":102,"characterOffsetEnd":104,"pos":"VBP","before":"","after":" "},{"index":24,"word":"using","originalText":"using","characterOffsetBegin":105,"characterOffsetEnd":110,"pos":"VBG","before":" ","after":" "},{"index":25,"word":"PostScript","originalText":"PostScript","characterOffsetBegin":111,"characterOffsetEnd":121,"pos":"NNP","before":" ","after":""},{"index":26,"word":".","originalText":".","characterOffsetBegin":121,"characterOffsetEnd":122,"pos":".","before":"","after":" "}]},{"index":1,"tokens":[{"index":1,"word":"When","originalText":"When","characterOffsetBegin":123,"characterOffsetEnd":127,"pos":"WRB","before":" ","after":" "},{"index":2,"word":"I","originalText":"I","characterOffsetBegin":128,"characterOffsetEnd":129,"pos":"PRP","before":" ","after":" "},{"index":3,"word":"am","originalText":"am","characterOffsetBegin":130,"characterOffsetEnd":132,"pos":"VBP","before":" ","after":" "},{"index":4,"word":"working","originalText":"working","characterOffsetBegin":133,"characterOffsetEnd":140,"pos":"VBG","before":" ","after":" "},{"index":5,"word":"local","originalText":"local","characterOffsetBegin":141,"characterOffsetEnd":146,"pos":"JJ","before":" ","after":" "},{"index":6,"word":">","originalText":">","characterOffsetBegin":147,"characterOffsetEnd":148,"pos":"JJR","before":" ","after":" "},{"index":7,"word":"on","originalText":"on","characterOffsetBegin":149,"characterOffsetEnd":151,"pos":"IN","before":" ","after":" "},{"index":8,"word":"a","originalText":"a","characterOffsetBegin":152,"characterOffsetEnd":153,"pos":"DT","before":" ","after":" "},{"index":9,"word":"SUN","originalText":"SUN","characterOffsetBegin":154,"characterOffsetEnd":157,"pos":"NNP","before":" ","after":" "},{"index":10,"word":"SPARCstation","originalText":"SPARCstation","characterOffsetBegin":158,"characterOffsetEnd":170,"pos":"NNP","before":" ","after":" "},{"index":11,"word":"IPC","originalText":"IPC","characterOffsetBegin":171,"characterOffsetEnd":174,"pos":"NNP","before":" ","after":" "},{"index":12,"word":"the","originalText":"the","characterOffsetBegin":175,"characterOffsetEnd":178,"pos":"DT","before":" ","after":" "},{"index":13,"word":"PostScript","originalText":"PostScript","characterOffsetBegin":179,"characterOffsetEnd":189,"pos":"NNP","before":" ","after":" "},{"index":14,"word":"works","originalText":"works","characterOffsetBegin":190,"characterOffsetEnd":195,"pos":"VBZ","before":" ","after":" "},{"index":15,"word":"good","originalText":"good","characterOffsetBegin":196,"characterOffsetEnd":200,"pos":"JJ","before":" ","after":""},{"index":16,"word":",","originalText":",","characterOffsetBegin":200,"characterOffsetEnd":201,"pos":",","before":"","after":" "},{"index":17,"word":"but","originalText":"but","characterOffsetBegin":202,"characterOffsetEnd":205,"pos":"CC","before":" ","after":" "},{"index":18,"word":"when","originalText":"when","characterOffsetBegin":206,"characterOffsetEnd":210,"pos":"WRB","before":" ","after":" "},{"index":19,"word":"I","originalText":"I","characterOffsetBegin":211,"characterOffsetEnd":212,"pos":"PRP","before":" ","after":" "},{"index":20,"word":"connect","originalText":"connect","characterOffsetBegin":213,"characterOffsetEnd":220,"pos":"VBP","before":" ","after":""},{"index":21,"word":">","originalText":">","characterOffsetBegin":220,"characterOffsetEnd":221,"pos":"JJR","before":"","after":" "},{"index":22,"word":"to","originalText":"to","characterOffsetBegin":222,"characterOffsetEnd":224,"pos":"TO","before":" ","after":" "},{"index":23,"word":"the","originalText":"the","characterOffsetBegin":225,"characterOffsetEnd":228,"pos":"DT","before":" ","after":" "},{"index":24,"word":"SUN","originalText":"SUN","characterOffsetBegin":229,"characterOffsetEnd":232,"pos":"NNP","before":" ","after":" "},{"index":25,"word":"from","originalText":"from","characterOffsetBegin":233,"characterOffsetEnd":237,"pos":"IN","before":" ","after":" "},{"index":26,"word":"a","originalText":"a","characterOffsetBegin":238,"characterOffsetEnd":239,"pos":"DT","before":" ","after":" "},{"index":27,"word":"X-terminal","originalText":"X-terminal","characterOffsetBegin":240,"characterOffsetEnd":250,"pos":"JJ","before":" ","after":" "},{"index":28,"word":"I","originalText":"I","characterOffsetBegin":251,"characterOffsetEnd":252,"pos":"PRP","before":" ","after":" "},{"index":29,"word":"just","originalText":"just","characterOffsetBegin":253,"characterOffsetEnd":257,"pos":"RB","before":" ","after":" "},{"index":30,"word":"get","originalText":"get","characterOffsetBegin":258,"characterOffsetEnd":261,"pos":"VBP","before":" ","after":" "},{"index":31,"word":"error","originalText":"error","characterOffsetBegin":262,"characterOffsetEnd":267,"pos":"NN","before":" ","after":" "},{"index":32,"word":"messages","originalText":"messages","characterOffsetBegin":268,"characterOffsetEnd":276,"pos":"NNS","before":" ","after":" "},{"index":33,"word":"that","originalText":"that","characterOffsetBegin":277,"characterOffsetEnd":281,"pos":"IN","before":" ","after":" "},{"index":34,"word":"the","originalText":"the","characterOffsetBegin":282,"characterOffsetEnd":285,"pos":"DT","before":" ","after":""},{"index":35,"word":">","originalText":">","characterOffsetBegin":285,"characterOffsetEnd":286,"pos":"JJR","before":"","after":" "},{"index":36,"word":"PostScript","originalText":"PostScript","characterOffsetBegin":287,"characterOffsetEnd":297,"pos":"NN","before":" ","after":" "},{"index":37,"word":"can","originalText":"can","characterOffsetBegin":298,"characterOffsetEnd":301,"pos":"MD","before":" ","after":""},{"index":38,"word":"not","originalText":"not","characterOffsetBegin":301,"characterOffsetEnd":304,"pos":"RB","before":"","after":" "},{"index":39,"word":"connect","originalText":"connect","characterOffsetBegin":305,"characterOffsetEnd":312,"pos":"VB","before":" ","after":" "},{"index":40,"word":"to","originalText":"to","characterOffsetBegin":313,"characterOffsetEnd":315,"pos":"TO","before":" ","after":" "},{"index":41,"word":"the","originalText":"the","characterOffsetBegin":316,"characterOffsetEnd":319,"pos":"DT","before":" ","after":" "},{"index":42,"word":"news-display","originalText":"news-display","characterOffsetBegin":320,"characterOffsetEnd":332,"pos":"NN","before":" ","after":""},{"index":43,"word":".","originalText":".","characterOffsetBegin":332,"characterOffsetEnd":333,"pos":".","before":"","after":""},{"index":44,"word":">","originalText":">","characterOffsetBegin":333,"characterOffsetEnd":334,"pos":"JJR","before":"","after":"  "}]},{"index":2,"tokens":[{"index":1,"word":"Why","originalText":"Why","characterOffsetBegin":336,"characterOffsetEnd":339,"pos":"WRB","before":"  ","after":" "},{"index":2,"word":"does","originalText":"does","characterOffsetBegin":340,"characterOffsetEnd":344,"pos":"VBZ","before":" ","after":""},{"index":3,"word":"n't","originalText":"n't","characterOffsetBegin":344,"characterOffsetEnd":347,"pos":"RB","before":"","after":" "},{"index":4,"word":"PostScript","originalText":"PostScript","characterOffsetBegin":348,"characterOffsetEnd":358,"pos":"JJ","before":" ","after":" "},{"index":5,"word":"work","originalText":"work","characterOffsetBegin":359,"characterOffsetEnd":363,"pos":"NN","before":" ","after":" "},{"index":6,"word":"on","originalText":"on","characterOffsetBegin":364,"characterOffsetEnd":366,"pos":"IN","before":" ","after":" "},{"index":7,"word":"an","originalText":"an","characterOffsetBegin":367,"characterOffsetEnd":369,"pos":"DT","before":" ","after":" "},{"index":8,"word":"X-terminal","originalText":"X-terminal","characterOffsetBegin":370,"characterOffsetEnd":380,"pos":"JJ","before":" ","after":"\t"},{"index":9,"word":"Because","originalText":"Because","characterOffsetBegin":381,"characterOffsetEnd":388,"pos":"IN","before":"\t","after":" "},{"index":10,"word":"xterminals","originalText":"xterminals","characterOffsetBegin":389,"characterOffsetEnd":399,"pos":"NNS","before":" ","after":" "},{"index":11,"word":"do","originalText":"do","characterOffsetBegin":400,"characterOffsetEnd":402,"pos":"VBP","before":" ","after":" "},{"index":12,"word":"not","originalText":"not","characterOffsetBegin":403,"characterOffsetEnd":406,"pos":"RB","before":" ","after":" "},{"index":13,"word":"have","originalText":"have","characterOffsetBegin":407,"characterOffsetEnd":411,"pos":"VB","before":" ","after":" "},{"index":14,"word":"a","originalText":"a","characterOffsetBegin":412,"characterOffsetEnd":413,"pos":"DT","before":" ","after":" "},{"index":15,"word":"NeWS","originalText":"NeWS","characterOffsetBegin":414,"characterOffsetEnd":418,"pos":"NN","before":" ","after":" "},{"index":16,"word":"server","originalText":"server","characterOffsetBegin":419,"characterOffsetEnd":425,"pos":"NN","before":" ","after":""},{"index":17,"word":".","originalText":".","characterOffsetBegin":425,"characterOffsetEnd":426,"pos":".","before":"","after":"  "}]},{"index":3,"tokens":[{"index":1,"word":"xterminals","originalText":"xterminals","characterOffsetBegin":428,"characterOffsetEnd":438,"pos":"NNS","before":"  ","after":" "},{"index":2,"word":"havespeed","originalText":"havespeed","characterOffsetBegin":439,"characterOffsetEnd":448,"pos":"VBN","before":" ","after":" "},{"index":3,"word":"by","originalText":"by","characterOffsetBegin":449,"characterOffsetEnd":451,"pos":"IN","before":" ","after":" "},{"index":4,"word":"nature","originalText":"nature","characterOffsetBegin":452,"characterOffsetEnd":458,"pos":"NN","before":" ","after":" "},{"index":5,"word":"of","originalText":"of","characterOffsetBegin":459,"characterOffsetEnd":461,"pos":"IN","before":" ","after":" "},{"index":6,"word":"their","originalText":"their","characterOffsetBegin":462,"characterOffsetEnd":467,"pos":"PRP$","before":" ","after":" "},{"index":7,"word":"limited","originalText":"limited","characterOffsetBegin":468,"characterOffsetEnd":475,"pos":"JJ","before":" ","after":" "},{"index":8,"word":"functionality","originalText":"functionality","characterOffsetBegin":476,"characterOffsetEnd":489,"pos":"NN","before":" ","after":""},{"index":9,"word":":","originalText":":","characterOffsetBegin":489,"characterOffsetEnd":490,"pos":":","before":"","after":" "},{"index":10,"word":"once","originalText":"once","characterOffsetBegin":491,"characterOffsetEnd":495,"pos":"RB","before":" ","after":" "},{"index":11,"word":"you","originalText":"you","characterOffsetBegin":496,"characterOffsetEnd":499,"pos":"PRP","before":" ","after":" "},{"index":12,"word":"add","originalText":"add","characterOffsetBegin":500,"characterOffsetEnd":503,"pos":"VBP","before":" ","after":" "},{"index":13,"word":"NeWS","originalText":"NeWS","characterOffsetBegin":504,"characterOffsetEnd":508,"pos":"NN","before":" ","after":" "},{"index":14,"word":"andeverything","originalText":"andeverything","characterOffsetBegin":509,"characterOffsetEnd":522,"pos":"NN","before":" ","after":" "},{"index":15,"word":"else","originalText":"else","characterOffsetBegin":523,"characterOffsetEnd":527,"pos":"RB","before":" ","after":""},{"index":16,"word":",","originalText":",","characterOffsetBegin":527,"characterOffsetEnd":528,"pos":",","before":"","after":" "},{"index":17,"word":"you","originalText":"you","characterOffsetBegin":529,"characterOffsetEnd":532,"pos":"PRP","before":" ","after":" "},{"index":18,"word":"have","originalText":"have","characterOffsetBegin":533,"characterOffsetEnd":537,"pos":"VBP","before":" ","after":" "},{"index":19,"word":"a","originalText":"a","characterOffsetBegin":538,"characterOffsetEnd":539,"pos":"DT","before":" ","after":" "},{"index":20,"word":"workstation","originalText":"workstation","characterOffsetBegin":540,"characterOffsetEnd":551,"pos":"NN","before":" ","after":""},{"index":21,"word":".","originalText":".","characterOffsetBegin":551,"characterOffsetEnd":552,"pos":".","before":"","after":"  "}]},{"index":4,"tokens":[{"index":1,"word":"There","originalText":"There","characterOffsetBegin":554,"characterOffsetEnd":559,"pos":"EX","before":"  ","after":" "},{"index":2,"word":"are","originalText":"are","characterOffsetBegin":560,"characterOffsetEnd":563,"pos":"VBP","before":" ","after":" "},{"index":3,"word":"workarounds","originalText":"workarounds","characterOffsetBegin":564,"characterOffsetEnd":575,"pos":"NNS","before":" ","after":""},{"index":4,"word":",","originalText":",","characterOffsetBegin":575,"characterOffsetEnd":576,"pos":",","before":"","after":" "},{"index":5,"word":"I","originalText":"I","characterOffsetBegin":577,"characterOffsetEnd":578,"pos":"PRP","before":" ","after":""},{"index":6,"word":"`","originalText":"'","characterOffsetBegin":578,"characterOffsetEnd":579,"pos":"``","before":"","after":""},{"index":7,"word":"veheard","originalText":"veheard","characterOffsetBegin":579,"characterOffsetEnd":586,"pos":"NN","before":"","after":""},{"index":8,"word":",","originalText":",","characterOffsetBegin":586,"characterOffsetEnd":587,"pos":",","before":"","after":" "},{"index":9,"word":"one","originalText":"one","characterOffsetBegin":588,"characterOffsetEnd":591,"pos":"CD","before":" ","after":" "},{"index":10,"word":"involving","originalText":"involving","characterOffsetBegin":592,"characterOffsetEnd":601,"pos":"VBG","before":" ","after":" "},{"index":11,"word":"a","originalText":"a","characterOffsetBegin":602,"characterOffsetEnd":603,"pos":"DT","before":" ","after":" "},{"index":12,"word":"perl","originalText":"perl","characterOffsetBegin":604,"characterOffsetEnd":608,"pos":"NN","before":" ","after":" "},{"index":13,"word":"script","originalText":"script","characterOffsetBegin":609,"characterOffsetEnd":615,"pos":"NN","before":" ","after":""},{"index":14,"word":".","originalText":".","characterOffsetBegin":615,"characterOffsetEnd":616,"pos":".","before":"","after":"  "}]},{"index":5,"tokens":[{"index":1,"word":"What","originalText":"What","characterOffsetBegin":618,"characterOffsetEnd":622,"pos":"WP","before":"  ","after":" "},{"index":2,"word":"we","originalText":"we","characterOffsetBegin":623,"characterOffsetEnd":625,"pos":"PRP","before":" ","after":" "},{"index":3,"word":"are","originalText":"are","characterOffsetBegin":626,"characterOffsetEnd":629,"pos":"VBP","before":" ","after":" "},{"index":4,"word":"trying","originalText":"trying","characterOffsetBegin":630,"characterOffsetEnd":636,"pos":"VBG","before":" ","after":" "},{"index":5,"word":"to","originalText":"to","characterOffsetBegin":637,"characterOffsetEnd":639,"pos":"TO","before":" ","after":" "},{"index":6,"word":"do","originalText":"do","characterOffsetBegin":640,"characterOffsetEnd":642,"pos":"VB","before":" ","after":" "},{"index":7,"word":"isreplace","originalText":"isreplace","characterOffsetBegin":643,"characterOffsetEnd":652,"pos":"JJ","before":" ","after":" "},{"index":8,"word":"programs","originalText":"programs","characterOffsetBegin":653,"characterOffsetEnd":661,"pos":"NNS","before":" ","after":" "},{"index":9,"word":"that","originalText":"that","characterOffsetBegin":662,"characterOffsetEnd":666,"pos":"WDT","before":" ","after":" "},{"index":10,"word":"need","originalText":"need","characterOffsetBegin":667,"characterOffsetEnd":671,"pos":"VBP","before":" ","after":" "},{"index":11,"word":"NeWS","originalText":"NeWS","characterOffsetBegin":672,"characterOffsetEnd":676,"pos":"NN","before":" ","after":" "},{"index":12,"word":"-LRB-","originalText":"(","characterOffsetBegin":677,"characterOffsetEnd":678,"pos":"-LRB-","before":" ","after":""},{"index":13,"word":"like","originalText":"like","characterOffsetBegin":678,"characterOffsetEnd":682,"pos":"IN","before":"","after":" "},{"index":14,"word":"pageview","originalText":"pageview","characterOffsetBegin":683,"characterOffsetEnd":691,"pos":"NN","before":" ","after":""},{"index":15,"word":"-RRB-","originalText":")","characterOffsetBegin":691,"characterOffsetEnd":692,"pos":"-RRB-","before":"","after":" "},{"index":16,"word":"with","originalText":"with","characterOffsetBegin":693,"characterOffsetEnd":697,"pos":"IN","before":" ","after":" "},{"index":17,"word":"programs","originalText":"programs","characterOffsetBegin":698,"characterOffsetEnd":706,"pos":"NNS","before":" ","after":" "},{"index":18,"word":"thatdo","originalText":"thatdo","characterOffsetBegin":707,"characterOffsetEnd":713,"pos":"VBP","before":" ","after":""},{"index":19,"word":"n't","originalText":"n't","characterOffsetBegin":713,"characterOffsetEnd":716,"pos":"RB","before":"","after":" "},{"index":20,"word":"-LRB-","originalText":"(","characterOffsetBegin":717,"characterOffsetEnd":718,"pos":"-LRB-","before":" ","after":""},{"index":21,"word":"like","originalText":"like","characterOffsetBegin":718,"characterOffsetEnd":722,"pos":"IN","before":"","after":" "},{"index":22,"word":"ghostview","originalText":"ghostview","characterOffsetBegin":723,"characterOffsetEnd":732,"pos":"NN","before":" ","after":""},{"index":23,"word":"-RRB-","originalText":")","characterOffsetBegin":732,"characterOffsetEnd":733,"pos":"-RRB-","before":"","after":""},{"index":24,"word":".","originalText":".","characterOffsetBegin":733,"characterOffsetEnd":734,"pos":".","before":"","after":"\t"}]},{"index":6,"tokens":[{"index":1,"word":"Maybe","originalText":"Maybe","characterOffsetBegin":735,"characterOffsetEnd":740,"pos":"RB","before":"\t","after":" "},{"index":2,"word":"someone","originalText":"someone","characterOffsetBegin":741,"characterOffsetEnd":748,"pos":"NN","before":" ","after":" "},{"index":3,"word":"else","originalText":"else","characterOffsetBegin":749,"characterOffsetEnd":753,"pos":"RB","before":" ","after":" "},{"index":4,"word":"can","originalText":"can","characterOffsetBegin":754,"characterOffsetEnd":757,"pos":"MD","before":" ","after":" "},{"index":5,"word":"elaborate","originalText":"elaborate","characterOffsetBegin":758,"characterOffsetEnd":767,"pos":"VB","before":" ","after":" "},{"index":6,"word":"on","originalText":"on","characterOffsetBegin":768,"characterOffsetEnd":770,"pos":"IN","before":" ","after":" "},{"index":7,"word":"the","originalText":"the","characterOffsetBegin":771,"characterOffsetEnd":774,"pos":"DT","before":" ","after":" "},{"index":8,"word":"perl","originalText":"perl","characterOffsetBegin":775,"characterOffsetEnd":779,"pos":"NN","before":" ","after":" "},{"index":9,"word":"workaround","originalText":"workaround","characterOffsetBegin":780,"characterOffsetEnd":790,"pos":"NN","before":" ","after":""},{"index":10,"word":";","originalText":";","characterOffsetBegin":790,"characterOffsetEnd":791,"pos":":","before":"","after":" "},{"index":11,"word":"Ihave","originalText":"Ihave","characterOffsetBegin":792,"characterOffsetEnd":797,"pos":"NNP","before":" ","after":" "},{"index":12,"word":"no","originalText":"no","characterOffsetBegin":798,"characterOffsetEnd":800,"pos":"DT","before":" ","after":" "},{"index":13,"word":"personal","originalText":"personal","characterOffsetBegin":801,"characterOffsetEnd":809,"pos":"JJ","before":" ","after":" "},{"index":14,"word":"experience","originalText":"experience","characterOffsetBegin":810,"characterOffsetEnd":820,"pos":"NN","before":" ","after":" "},{"index":15,"word":"with","originalText":"with","characterOffsetBegin":821,"characterOffsetEnd":825,"pos":"IN","before":" ","after":" "},{"index":16,"word":"it","originalText":"it","characterOffsetBegin":826,"characterOffsetEnd":828,"pos":"PRP","before":" ","after":""},{"index":17,"word":".","originalText":".","characterOffsetBegin":828,"characterOffsetEnd":829,"pos":".","before":"","after":"  "}]},{"index":7,"tokens":[{"index":1,"word":"Greg","originalText":"Greg","characterOffsetBegin":831,"characterOffsetEnd":835,"pos":"NNP","before":"  ","after":" "},{"index":2,"word":"Owen","originalText":"Owen","characterOffsetBegin":836,"characterOffsetEnd":840,"pos":"NNP","before":" ","after":"  "},{"index":3,"word":"-LCB-","originalText":"{","characterOffsetBegin":842,"characterOffsetEnd":843,"pos":"-LRB-","before":"  ","after":" "},{"index":4,"word":"gowen@forte.cs.tufts.edu,","originalText":"gowen@forte.cs.tufts.edu,","characterOffsetBegin":844,"characterOffsetEnd":869,"pos":"NN","before":" ","after":" "},{"index":5,"word":"gowen@jade.tufts.edu","originalText":"gowen@jade.tufts.edu","characterOffsetBegin":870,"characterOffsetEnd":890,"pos":"NN","before":" ","after":" "},{"index":6,"word":"-RCB-","originalText":"}","characterOffsetBegin":891,"characterOffsetEnd":892,"pos":"-RRB-","before":" ","after":""},{"index":7,"word":"Systems","originalText":"Systems","characterOffsetBegin":892,"characterOffsetEnd":899,"pos":"NNPS","before":"","after":" "},{"index":8,"word":"Programmer","originalText":"Programmer","characterOffsetBegin":900,"characterOffsetEnd":910,"pos":"NNP","before":" ","after":" "},{"index":9,"word":"and","originalText":"and","characterOffsetBegin":911,"characterOffsetEnd":914,"pos":"CC","before":" ","after":" "},{"index":10,"word":"TA","originalText":"TA","characterOffsetBegin":915,"characterOffsetEnd":917,"pos":"NNP","before":" ","after":""},{"index":11,"word":",","originalText":",","characterOffsetBegin":917,"characterOffsetEnd":918,"pos":",","before":"","after":" "},{"index":12,"word":"Tufts","originalText":"Tufts","characterOffsetBegin":919,"characterOffsetEnd":924,"pos":"NNP","before":" ","after":" "},{"index":13,"word":"University","originalText":"University","characterOffsetBegin":925,"characterOffsetEnd":935,"pos":"NNP","before":" ","after":" "},{"index":14,"word":"Computer","originalText":"Computer","characterOffsetBegin":936,"characterOffsetEnd":944,"pos":"NNP","before":" ","after":" "},{"index":15,"word":"Science","originalText":"Science","characterOffsetBegin":945,"characterOffsetEnd":952,"pos":"NNP","before":" ","after":" "},{"index":16,"word":"Dept.","originalText":"Dept.","characterOffsetBegin":953,"characterOffsetEnd":958,"pos":"NNP","before":" ","after":"  "},{"index":17,"word":"230","originalText":"230","characterOffsetBegin":960,"characterOffsetEnd":963,"pos":"CD","before":"  ","after":""},{"index":18,"word":"-","originalText":"-","characterOffsetBegin":963,"characterOffsetEnd":964,"pos":":","before":"","after":"   "},{"index":19,"word":"All","originalText":"All","characterOffsetBegin":967,"characterOffsetEnd":970,"pos":"PDT","before":"   ","after":" "},{"index":20,"word":"transfers","originalText":"transfers","characterOffsetBegin":971,"characterOffsetEnd":980,"pos":"NNS","before":" ","after":" "},{"index":21,"word":"are","originalText":"are","characterOffsetBegin":981,"characterOffsetEnd":984,"pos":"VBP","before":" ","after":" "},{"index":22,"word":"disclaimed","originalText":"disclaimed","characterOffsetBegin":985,"characterOffsetEnd":995,"pos":"VBN","before":" ","after":" "},{"index":23,"word":"by","originalText":"by","characterOffsetBegin":996,"characterOffsetEnd":998,"pos":"IN","before":" ","after":" "},{"index":24,"word":"my","originalText":"my","characterOffsetBegin":999,"characterOffsetEnd":1001,"pos":"PRP$","before":" ","after":" "},{"index":25,"word":"host","originalText":"host","characterOffsetBegin":1002,"characterOffsetEnd":1006,"pos":"NN","before":" ","after":" "},{"index":26,"word":"name","originalText":"name","characterOffsetBegin":1007,"characterOffsetEnd":1011,"pos":"NN","before":" ","after":" "},{"index":27,"word":"and","originalText":"and","characterOffsetBegin":1012,"characterOffsetEnd":1015,"pos":"CC","before":" ","after":" "},{"index":28,"word":"boss","originalText":"boss","characterOffsetBegin":1016,"characterOffsetEnd":1020,"pos":"NN","before":" ","after":""},{"index":29,"word":"'s","originalText":"'s","characterOffsetBegin":1020,"characterOffsetEnd":1022,"pos":"POS","before":"","after":" "},{"index":30,"word":"address","originalText":"address","characterOffsetBegin":1023,"characterOffsetEnd":1030,"pos":"NN","before":" ","after":""},{"index":31,"word":".","originalText":".","characterOffsetBegin":1030,"characterOffsetEnd":1031,"pos":".","before":"","after":"  "}]},{"index":8,"tokens":[{"index":1,"word":"230","originalText":"230","characterOffsetBegin":1033,"characterOffsetEnd":1036,"pos":"CD","before":"  ","after":""},{"index":2,"word":"-","originalText":"-","characterOffsetBegin":1036,"characterOffsetEnd":1037,"pos":":","before":"","after":"   "},{"index":3,"word":"If","originalText":"If","characterOffsetBegin":1040,"characterOffsetEnd":1042,"pos":"IN","before":"   ","after":" "},{"index":4,"word":"you","originalText":"you","characterOffsetBegin":1043,"characterOffsetEnd":1046,"pos":"PRP","before":" ","after":" "},{"index":5,"word":"do","originalText":"do","characterOffsetBegin":1047,"characterOffsetEnd":1049,"pos":"VBP","before":" ","after":""},{"index":6,"word":"n't","originalText":"n't","characterOffsetBegin":1049,"characterOffsetEnd":1052,"pos":"RB","before":"","after":" "},{"index":7,"word":"like","originalText":"like","characterOffsetBegin":1053,"characterOffsetEnd":1057,"pos":"VB","before":" ","after":" "},{"index":8,"word":"this","originalText":"this","characterOffsetBegin":1058,"characterOffsetEnd":1062,"pos":"DT","before":" ","after":" "},{"index":9,"word":"policy","originalText":"policy","characterOffsetBegin":1063,"characterOffsetEnd":1069,"pos":"NN","before":" ","after":""},{"index":10,"word":",","originalText":",","characterOffsetBegin":1069,"characterOffsetEnd":1070,"pos":",","before":"","after":" "},{"index":11,"word":"disconnect","originalText":"disconnect","characterOffsetBegin":1071,"characterOffsetEnd":1081,"pos":"VB","before":" ","after":" "},{"index":12,"word":"now","originalText":"now","characterOffsetBegin":1082,"characterOffsetEnd":1085,"pos":"RB","before":" ","after":""},{"index":13,"word":"!","originalText":"!","characterOffsetBegin":1085,"characterOffsetEnd":1086,"pos":".","before":"","after":""}]}]}