{"sentences":[{"index":0,"tokens":[{"index":1,"word":"From","originalText":"From","characterOffsetBegin":0,"characterOffsetEnd":4,"pos":"IN","before":"","after":""},{"index":2,"word":":","originalText":":","characterOffsetBegin":4,"characterOffsetEnd":5,"pos":":","before":"","after":" "},{"index":3,"word":"toml@blade.Boulder.ParcPlace.COM","originalText":"toml@blade.Boulder.ParcPlace.COM","characterOffsetBegin":6,"characterOffsetEnd":38,"pos":"NN","before":" ","after":" "},{"index":4,"word":"-LRB-","originalText":"(","characterOffsetBegin":39,"characterOffsetEnd":40,"pos":"-LRB-","before":" ","after":""},{"index":5,"word":"Tom","originalText":"Tom","characterOffsetBegin":40,"characterOffsetEnd":43,"pos":"NNP","before":"","after":" "},{"index":6,"word":"LaStrange","originalText":"LaStrange","characterOffsetBegin":44,"characterOffsetEnd":53,"pos":"NNP","before":" ","after":""},{"index":7,"word":"-RRB-","originalText":")","characterOffsetBegin":53,"characterOffsetEnd":54,"pos":"-RRB-","before":"","after":""},{"index":8,"word":"Subject","originalText":"Subject","characterOffsetBegin":54,"characterOffsetEnd":61,"pos":"NNP","before":"","after":""},{"index":9,"word":":","originalText":":","characterOffsetBegin":61,"characterOffsetEnd":62,"pos":":","before":"","after":" "},{"index":10,"word":"Re","originalText":"Re","characterOffsetBegin":63,"characterOffsetEnd":65,"pos":"NNP","before":" ","after":""},{"index":11,"word":":","originalText":":","characterOffsetBegin":65,"characterOffsetEnd":66,"pos":":","before":"","after":" "},{"index":12,"word":"REPOST","originalText":"REPOST","characterOffsetBegin":67,"characterOffsetEnd":73,"pos":"NNP","before":" ","after":""},{"index":13,"word":":","originalText":":","characterOffsetBegin":73,"characterOffsetEnd":74,"pos":":","before":"","after":" "},{"index":14,"word":"Accelerators/TranslationsIn","originalText":"Accelerators/TranslationsIn","characterOffsetBegin":75,"characterOffsetEnd":102,"pos":"NN","before":" ","after":" "},{"index":15,"word":"article","originalText":"article","characterOffsetBegin":103,"characterOffsetEnd":110,"pos":"NN","before":" ","after":" "},{"index":16,"word":"<1993Apr22.162016.5923@telesoft.com>","originalText":"<1993Apr22.162016.5923@telesoft.com>","characterOffsetBegin":111,"characterOffsetEnd":147,"pos":"NN","before":" ","after":""},{"index":17,"word":",","originalText":",","characterOffsetBegin":147,"characterOffsetEnd":148,"pos":",","before":"","after":" "},{"index":18,"word":"trevor@telesoft.com","originalText":"trevor@telesoft.com","characterOffsetBegin":149,"characterOffsetEnd":168,"pos":"NN","before":" ","after":" "},{"index":19,"word":"-LRB-","originalText":"(","characterOffsetBegin":169,"characterOffsetEnd":170,"pos":"-LRB-","before":" ","after":""},{"index":20,"word":"Trevor","originalText":"Trevor","characterOffsetBegin":170,"characterOffsetEnd":176,"pos":"NNP","before":"","after":" "},{"index":21,"word":"Bourget","originalText":"Bourget","characterOffsetBegin":177,"characterOffsetEnd":184,"pos":"NNP","before":" ","after":" "},{"index":22,"word":"@ignite","originalText":"@ignite","characterOffsetBegin":185,"characterOffsetEnd":192,"pos":"NN","before":" ","after":""},{"index":23,"word":"-RRB-","originalText":")","characterOffsetBegin":192,"characterOffsetEnd":193,"pos":"-RRB-","before":"","after":" "},{"index":24,"word":"writes","originalText":"writes","characterOffsetBegin":194,"characterOffsetEnd":200,"pos":"VBZ","before":" ","after":""},{"index":25,"word":":|","originalText":":|","characterOffsetBegin":200,"characterOffsetEnd":202,"pos":"CD","before":"","after":""},{"index":26,"word":">","originalText":">","characterOffsetBegin":202,"characterOffsetEnd":203,"pos":"JJR","before":"","after":" "},{"index":27,"word":"In","originalText":"In","characterOffsetBegin":204,"characterOffsetEnd":206,"pos":"IN","before":" ","after":" "},{"index":28,"word":"<sdennis.735423404@aa.cad.slb.com>","originalText":"<sdennis.735423404@aa.cad.slb.com>","characterOffsetBegin":207,"characterOffsetEnd":241,"pos":"NN","before":" ","after":" "},{"index":29,"word":"sdennis@osf.org","originalText":"sdennis@osf.org","characterOffsetBegin":242,"characterOffsetEnd":257,"pos":"NN","before":" ","after":" "},{"index":30,"word":"writes","originalText":"writes","characterOffsetBegin":258,"characterOffsetEnd":264,"pos":"VBZ","before":" ","after":""},{"index":31,"word":":|","originalText":":|","characterOffsetBegin":264,"characterOffsetEnd":266,"pos":"CD","before":"","after":""},{"index":32,"word":">","originalText":">","characterOffsetBegin":266,"characterOffsetEnd":267,"pos":"JJR","before":"","after":" "},{"index":33,"word":"|","originalText":"|","characterOffsetBegin":268,"characterOffsetEnd":269,"pos":"CD","before":" ","after":""},{"index":34,"word":">","originalText":">","characterOffsetBegin":269,"characterOffsetEnd":270,"pos":"JJR","before":"","after":" "},{"index":35,"word":">","originalText":">","characterOffsetBegin":271,"characterOffsetEnd":272,"pos":"JJR","before":" ","after":""},{"index":36,"word":"I","originalText":"I","characterOffsetBegin":272,"characterOffsetEnd":273,"pos":"PRP","before":"","after":" "},{"index":37,"word":"posted","originalText":"posted","characterOffsetBegin":274,"characterOffsetEnd":280,"pos":"VBD","before":" ","after":" "},{"index":38,"word":"this","originalText":"this","characterOffsetBegin":281,"characterOffsetEnd":285,"pos":"DT","before":" ","after":" "},{"index":39,"word":"a","originalText":"a","characterOffsetBegin":286,"characterOffsetEnd":287,"pos":"DT","before":" ","after":" "},{"index":40,"word":"while","originalText":"while","characterOffsetBegin":288,"characterOffsetEnd":293,"pos":"NN","before":" ","after":" "},{"index":41,"word":"ago","originalText":"ago","characterOffsetBegin":294,"characterOffsetEnd":297,"pos":"RB","before":" ","after":" "},{"index":42,"word":"and","originalText":"and","characterOffsetBegin":298,"characterOffsetEnd":301,"pos":"CC","before":" ","after":" "},{"index":43,"word":"did","originalText":"did","characterOffsetBegin":302,"characterOffsetEnd":305,"pos":"VBD","before":" ","after":""},{"index":44,"word":"n't","originalText":"n't","characterOffsetBegin":305,"characterOffsetEnd":308,"pos":"RB","before":"","after":" "},{"index":45,"word":"receive","originalText":"receive","characterOffsetBegin":309,"characterOffsetEnd":316,"pos":"VB","before":" ","after":" "},{"index":46,"word":"one","originalText":"one","characterOffsetBegin":317,"characterOffsetEnd":320,"pos":"CD","before":" ","after":" "},{"index":47,"word":"reply","originalText":"reply","characterOffsetBegin":321,"characterOffsetEnd":326,"pos":"NN","before":" ","after":""},{"index":48,"word":",","originalText":",","characterOffsetBegin":326,"characterOffsetEnd":327,"pos":",","before":"","after":" "},{"index":49,"word":"and","originalText":"and","characterOffsetBegin":328,"characterOffsetEnd":331,"pos":"CC","before":" ","after":" "},{"index":50,"word":"now","originalText":"now","characterOffsetBegin":332,"characterOffsetEnd":335,"pos":"RB","before":" ","after":" "},{"index":51,"word":"we","originalText":"we","characterOffsetBegin":336,"characterOffsetEnd":338,"pos":"PRP","before":" ","after":""},{"index":52,"word":"|","originalText":"|","characterOffsetBegin":338,"characterOffsetEnd":339,"pos":"VBP","before":"","after":""},{"index":53,"word":">","originalText":">","characterOffsetBegin":339,"characterOffsetEnd":340,"pos":"JJR","before":"","after":" "},{"index":54,"word":">","originalText":">","characterOffsetBegin":341,"characterOffsetEnd":342,"pos":"JJR","before":" ","after":""},{"index":55,"word":"have","originalText":"have","characterOffsetBegin":342,"characterOffsetEnd":346,"pos":"VBP","before":"","after":" "},{"index":56,"word":"another","originalText":"another","characterOffsetBegin":347,"characterOffsetEnd":354,"pos":"DT","before":" ","after":" "},{"index":57,"word":"bug","originalText":"bug","characterOffsetBegin":355,"characterOffsetEnd":358,"pos":"NN","before":" ","after":" "},{"index":58,"word":"report","originalText":"report","characterOffsetBegin":359,"characterOffsetEnd":365,"pos":"NN","before":" ","after":" "},{"index":59,"word":"on","originalText":"on","characterOffsetBegin":366,"characterOffsetEnd":368,"pos":"IN","before":" ","after":" "},{"index":60,"word":"the","originalText":"the","characterOffsetBegin":369,"characterOffsetEnd":372,"pos":"DT","before":" ","after":" "},{"index":61,"word":"same","originalText":"same","characterOffsetBegin":373,"characterOffsetEnd":377,"pos":"JJ","before":" ","after":" "},{"index":62,"word":"subject","originalText":"subject","characterOffsetBegin":378,"characterOffsetEnd":385,"pos":"NN","before":" ","after":""},{"index":63,"word":".","originalText":".","characterOffsetBegin":385,"characterOffsetEnd":386,"pos":".","before":"","after":" "}]},{"index":1,"tokens":[{"index":1,"word":"Can","originalText":"Can","characterOffsetBegin":387,"characterOffsetEnd":390,"pos":"MD","before":" ","after":" "},{"index":2,"word":"anybody","originalText":"anybody","characterOffsetBegin":391,"characterOffsetEnd":398,"pos":"NN","before":" ","after":" "},{"index":3,"word":"help","originalText":"help","characterOffsetBegin":399,"characterOffsetEnd":403,"pos":"VB","before":" ","after":" "},{"index":4,"word":"me","originalText":"me","characterOffsetBegin":404,"characterOffsetEnd":406,"pos":"PRP","before":" ","after":" "},{"index":5,"word":"out","originalText":"out","characterOffsetBegin":407,"characterOffsetEnd":410,"pos":"RP","before":" ","after":""},{"index":6,"word":"?","originalText":"?","characterOffsetBegin":410,"characterOffsetEnd":411,"pos":".","before":"","after":""}]},{"index":2,"tokens":[{"index":1,"word":"|","originalText":"|","characterOffsetBegin":411,"characterOffsetEnd":412,"pos":"NN","before":"","after":""},{"index":2,"word":">","originalText":">","characterOffsetBegin":412,"characterOffsetEnd":413,"pos":"JJR","before":"","after":" "},{"index":3,"word":"|","originalText":"|","characterOffsetBegin":414,"characterOffsetEnd":415,"pos":"CD","before":" ","after":""},{"index":4,"word":">","originalText":">","characterOffsetBegin":415,"characterOffsetEnd":416,"pos":"JJR","before":"","after":" "},{"index":5,"word":"The","originalText":"The","characterOffsetBegin":417,"characterOffsetEnd":420,"pos":"DT","before":" ","after":" "},{"index":6,"word":"problem","originalText":"problem","characterOffsetBegin":421,"characterOffsetEnd":428,"pos":"NN","before":" ","after":" "},{"index":7,"word":"is","originalText":"is","characterOffsetBegin":429,"characterOffsetEnd":431,"pos":"VBZ","before":" ","after":" "},{"index":8,"word":"that","originalText":"that","characterOffsetBegin":432,"characterOffsetEnd":436,"pos":"IN","before":" ","after":" "},{"index":9,"word":"Motif","originalText":"Motif","characterOffsetBegin":437,"characterOffsetEnd":442,"pos":"NN","before":" ","after":" "},{"index":10,"word":"uses","originalText":"uses","characterOffsetBegin":443,"characterOffsetEnd":447,"pos":"VBZ","before":" ","after":" "},{"index":11,"word":"XGrabKey","originalText":"XGrabKey","characterOffsetBegin":448,"characterOffsetEnd":456,"pos":"NN","before":" ","after":" "},{"index":12,"word":"to","originalText":"to","characterOffsetBegin":457,"characterOffsetEnd":459,"pos":"TO","before":" ","after":" "},{"index":13,"word":"implement","originalText":"implement","characterOffsetBegin":460,"characterOffsetEnd":469,"pos":"VB","before":" ","after":" "},{"index":14,"word":"menu","originalText":"menu","characterOffsetBegin":470,"characterOffsetEnd":474,"pos":"NN","before":" ","after":" "},{"index":15,"word":"accelerators","originalText":"accelerators","characterOffsetBegin":475,"characterOffsetEnd":487,"pos":"NNS","before":" ","after":""},{"index":16,"word":",","originalText":",","characterOffsetBegin":487,"characterOffsetEnd":488,"pos":",","before":"","after":""},{"index":17,"word":"|","originalText":"|","characterOffsetBegin":488,"characterOffsetEnd":489,"pos":"VBP","before":"","after":""},{"index":18,"word":">","originalText":">","characterOffsetBegin":489,"characterOffsetEnd":490,"pos":"JJR","before":"","after":" "},{"index":19,"word":"and","originalText":"and","characterOffsetBegin":491,"characterOffsetEnd":494,"pos":"CC","before":" ","after":" "},{"index":20,"word":"these","originalText":"these","characterOffsetBegin":495,"characterOffsetEnd":500,"pos":"DT","before":" ","after":" "},{"index":21,"word":"grabs","originalText":"grabs","characterOffsetBegin":501,"characterOffsetEnd":506,"pos":"NNS","before":" ","after":" "},{"index":22,"word":"are","originalText":"are","characterOffsetBegin":507,"characterOffsetEnd":510,"pos":"VBP","before":" ","after":" "},{"index":23,"word":"specific","originalText":"specific","characterOffsetBegin":511,"characterOffsetEnd":519,"pos":"JJ","before":" ","after":" "},{"index":24,"word":"about","originalText":"about","characterOffsetBegin":520,"characterOffsetEnd":525,"pos":"IN","before":" ","after":" "},{"index":25,"word":"which","originalText":"which","characterOffsetBegin":526,"characterOffsetEnd":531,"pos":"WDT","before":" ","after":" "},{"index":26,"word":"modifiers","originalText":"modifiers","characterOffsetBegin":532,"characterOffsetEnd":541,"pos":"NNS","before":" ","after":" "},{"index":27,"word":"apply","originalText":"apply","characterOffsetBegin":542,"characterOffsetEnd":547,"pos":"VBP","before":" ","after":""},{"index":28,"word":".","originalText":".","characterOffsetBegin":547,"characterOffsetEnd":548,"pos":".","before":"","after":"  "}]},{"index":3,"tokens":[{"index":1,"word":"Unfortunately","originalText":"Unfortunately","characterOffsetBegin":550,"characterOffsetEnd":563,"pos":"RB","before":"  ","after":""},{"index":2,"word":",","originalText":",","characterOffsetBegin":563,"characterOffsetEnd":564,"pos":",","before":"","after":""},{"index":3,"word":"|","originalText":"|","characterOffsetBegin":564,"characterOffsetEnd":565,"pos":"CD","before":"","after":""},{"index":4,"word":">","originalText":">","characterOffsetBegin":565,"characterOffsetEnd":566,"pos":"JJR","before":"","after":" "},{"index":5,"word":"the","originalText":"the","characterOffsetBegin":567,"characterOffsetEnd":570,"pos":"DT","before":" ","after":" "},{"index":6,"word":"specification","originalText":"specification","characterOffsetBegin":571,"characterOffsetEnd":584,"pos":"NN","before":" ","after":" "},{"index":7,"word":"for","originalText":"for","characterOffsetBegin":585,"characterOffsetEnd":588,"pos":"IN","before":" ","after":" "},{"index":8,"word":"XGrabKey","originalText":"XGrabKey","characterOffsetBegin":589,"characterOffsetEnd":597,"pos":"NN","before":" ","after":" "},{"index":9,"word":"does","originalText":"does","characterOffsetBegin":598,"characterOffsetEnd":602,"pos":"VBZ","before":" ","after":""},{"index":10,"word":"n't","originalText":"n't","characterOffsetBegin":602,"characterOffsetEnd":605,"pos":"RB","before":"","after":" "},{"index":11,"word":"allow","originalText":"allow","characterOffsetBegin":606,"characterOffsetEnd":611,"pos":"VB","before":" ","after":" "},{"index":12,"word":"AnyModifier","originalText":"AnyModifier","characterOffsetBegin":612,"characterOffsetEnd":623,"pos":"NNP","before":" ","after":" "},{"index":13,"word":"to","originalText":"to","characterOffsetBegin":624,"characterOffsetEnd":626,"pos":"TO","before":" ","after":" "},{"index":14,"word":"be","originalText":"be","characterOffsetBegin":627,"characterOffsetEnd":629,"pos":"VB","before":" ","after":" "},{"index":15,"word":"combined","originalText":"combined","characterOffsetBegin":630,"characterOffsetEnd":638,"pos":"VBN","before":" ","after":""},{"index":16,"word":"|","originalText":"|","characterOffsetBegin":638,"characterOffsetEnd":639,"pos":"CD","before":"","after":""},{"index":17,"word":">","originalText":">","characterOffsetBegin":639,"characterOffsetEnd":640,"pos":"JJR","before":"","after":" "},{"index":18,"word":"with","originalText":"with","characterOffsetBegin":641,"characterOffsetEnd":645,"pos":"IN","before":" ","after":" "},{"index":19,"word":"other","originalText":"other","characterOffsetBegin":646,"characterOffsetEnd":651,"pos":"JJ","before":" ","after":" "},{"index":20,"word":"modifiers","originalText":"modifiers","characterOffsetBegin":652,"characterOffsetEnd":661,"pos":"NNS","before":" ","after":""},{"index":21,"word":",","originalText":",","characterOffsetBegin":661,"characterOffsetEnd":662,"pos":",","before":"","after":" "},{"index":22,"word":"which","originalText":"which","characterOffsetBegin":663,"characterOffsetEnd":668,"pos":"WDT","before":" ","after":" "},{"index":23,"word":"is","originalText":"is","characterOffsetBegin":669,"characterOffsetEnd":671,"pos":"VBZ","before":" ","after":" "},{"index":24,"word":"exactly","originalText":"exactly","characterOffsetBegin":672,"characterOffsetEnd":679,"pos":"RB","before":" ","after":" "},{"index":25,"word":"what","originalText":"what","characterOffsetBegin":680,"characterOffsetEnd":684,"pos":"WP","before":" ","after":" "},{"index":26,"word":"would","originalText":"would","characterOffsetBegin":685,"characterOffsetEnd":690,"pos":"MD","before":" ","after":" "},{"index":27,"word":"be","originalText":"be","characterOffsetBegin":691,"characterOffsetEnd":693,"pos":"VB","before":" ","after":" "},{"index":28,"word":"desired","originalText":"desired","characterOffsetBegin":694,"characterOffsetEnd":701,"pos":"VBN","before":" ","after":" "},{"index":29,"word":"in","originalText":"in","characterOffsetBegin":702,"characterOffsetEnd":704,"pos":"IN","before":" ","after":" "},{"index":30,"word":"this","originalText":"this","characterOffsetBegin":705,"characterOffsetEnd":709,"pos":"DT","before":" ","after":" "},{"index":31,"word":"case","originalText":"case","characterOffsetBegin":710,"characterOffsetEnd":714,"pos":"NN","before":" ","after":""},{"index":32,"word":":|","originalText":":|","characterOffsetBegin":714,"characterOffsetEnd":716,"pos":"CD","before":"","after":""},{"index":33,"word":">","originalText":">","characterOffsetBegin":716,"characterOffsetEnd":717,"pos":"JJR","before":"","after":" "},{"index":34,"word":"``","originalText":"\"","characterOffsetBegin":718,"characterOffsetEnd":719,"pos":"``","before":" ","after":""},{"index":35,"word":"Ctrl","originalText":"Ctrl","characterOffsetBegin":719,"characterOffsetEnd":723,"pos":"NNP","before":"","after":" "},{"index":36,"word":"Any","originalText":"Any","characterOffsetBegin":724,"characterOffsetEnd":727,"pos":"DT","before":" ","after":""},{"index":37,"word":"<Key>","originalText":"<Key>","characterOffsetBegin":727,"characterOffsetEnd":732,"pos":"NN","before":"","after":""},{"index":38,"word":"q","originalText":"q","characterOffsetBegin":732,"characterOffsetEnd":733,"pos":"NN","before":"","after":""},{"index":39,"word":"''","originalText":"\"","characterOffsetBegin":733,"characterOffsetEnd":734,"pos":"''","before":"","after":""},{"index":40,"word":".","originalText":".","characterOffsetBegin":734,"characterOffsetEnd":735,"pos":".","before":"","after":""}]},{"index":4,"tokens":[{"index":1,"word":"|","originalText":"|","characterOffsetBegin":735,"characterOffsetEnd":736,"pos":"NN","before":"","after":""},{"index":2,"word":">","originalText":">","characterOffsetBegin":736,"characterOffsetEnd":737,"pos":"JJR","before":"","after":" "},{"index":3,"word":"|","originalText":"|","characterOffsetBegin":738,"characterOffsetEnd":739,"pos":"CD","before":" ","after":""},{"index":4,"word":">","originalText":">","characterOffsetBegin":739,"characterOffsetEnd":740,"pos":"JJR","before":"","after":" "},{"index":5,"word":">","originalText":">","characterOffsetBegin":741,"characterOffsetEnd":742,"pos":"JJR","before":" ","after":""},{"index":6,"word":"In","originalText":"In","characterOffsetBegin":742,"characterOffsetEnd":744,"pos":"IN","before":"","after":" "},{"index":7,"word":"ORA","originalText":"ORA","characterOffsetBegin":745,"characterOffsetEnd":748,"pos":"NNP","before":" ","after":" "},{"index":8,"word":"Vol","originalText":"Vol","characterOffsetBegin":749,"characterOffsetEnd":752,"pos":"NNP","before":" ","after":""},{"index":9,"word":".","originalText":".","characterOffsetBegin":752,"characterOffsetEnd":753,"pos":".","before":"","after":" "}]},{"index":5,"tokens":[{"index":1,"word":"6","originalText":"6","characterOffsetBegin":754,"characterOffsetEnd":755,"pos":"CD","before":" ","after":""},{"index":2,"word":",","originalText":",","characterOffsetBegin":755,"characterOffsetEnd":756,"pos":",","before":"","after":" "},{"index":3,"word":"in","originalText":"in","characterOffsetBegin":757,"characterOffsetEnd":759,"pos":"IN","before":" ","after":" "},{"index":4,"word":"the","originalText":"the","characterOffsetBegin":760,"characterOffsetEnd":763,"pos":"DT","before":" ","after":" "},{"index":5,"word":"section","originalText":"section","characterOffsetBegin":764,"characterOffsetEnd":771,"pos":"NN","before":" ","after":" "},{"index":6,"word":"on","originalText":"on","characterOffsetBegin":772,"characterOffsetEnd":774,"pos":"IN","before":" ","after":" "},{"index":7,"word":"accelerators","originalText":"accelerators","characterOffsetBegin":775,"characterOffsetEnd":787,"pos":"NNS","before":" ","after":" "},{"index":8,"word":"it","originalText":"it","characterOffsetBegin":788,"characterOffsetEnd":790,"pos":"PRP","before":" ","after":" "},{"index":9,"word":"says","originalText":"says","characterOffsetBegin":791,"characterOffsetEnd":795,"pos":"VBZ","before":" ","after":" "},{"index":10,"word":"``","originalText":"\"","characterOffsetBegin":796,"characterOffsetEnd":797,"pos":"``","before":" ","after":""},{"index":11,"word":"For","originalText":"For","characterOffsetBegin":797,"characterOffsetEnd":800,"pos":"IN","before":"","after":" "},{"index":12,"word":"information","originalText":"information","characterOffsetBegin":801,"characterOffsetEnd":812,"pos":"NN","before":" ","after":""},{"index":13,"word":"|","originalText":"|","characterOffsetBegin":812,"characterOffsetEnd":813,"pos":"CD","before":"","after":""},{"index":14,"word":">","originalText":">","characterOffsetBegin":813,"characterOffsetEnd":814,"pos":"JJR","before":"","after":" "},{"index":15,"word":">","originalText":">","characterOffsetBegin":815,"characterOffsetEnd":816,"pos":"JJR","before":" ","after":""},{"index":16,"word":"on","originalText":"on","characterOffsetBegin":816,"characterOffsetEnd":818,"pos":"IN","before":"","after":" "},{"index":17,"word":"how","originalText":"how","characterOffsetBegin":819,"characterOffsetEnd":822,"pos":"WRB","before":" ","after":" "},{"index":18,"word":"to","originalText":"to","characterOffsetBegin":823,"characterOffsetEnd":825,"pos":"TO","before":" ","after":" "},{"index":19,"word":"specify","originalText":"specify","characterOffsetBegin":826,"characterOffsetEnd":833,"pos":"VB","before":" ","after":" "},{"index":20,"word":"translation","originalText":"translation","characterOffsetBegin":834,"characterOffsetEnd":845,"pos":"NN","before":" ","after":" "},{"index":21,"word":"tables","originalText":"tables","characterOffsetBegin":846,"characterOffsetEnd":852,"pos":"NNS","before":" ","after":" "},{"index":22,"word":"see","originalText":"see","characterOffsetBegin":853,"characterOffsetEnd":856,"pos":"VBP","before":" ","after":" "},{"index":23,"word":"Vol","originalText":"Vol","characterOffsetBegin":857,"characterOffsetEnd":860,"pos":"NNP","before":" ","after":""},{"index":24,"word":".","originalText":".","characterOffsetBegin":860,"characterOffsetEnd":861,"pos":".","before":"","after":" "}]},{"index":6,"tokens":[{"index":1,"word":"4","originalText":"4","characterOffsetBegin":862,"characterOffsetEnd":863,"pos":"CD","before":" ","after":""},{"index":2,"word":"...","originalText":"...","characterOffsetBegin":863,"characterOffsetEnd":866,"pos":":","before":"","after":""},{"index":3,"word":"''","originalText":"\"","characterOffsetBegin":866,"characterOffsetEnd":867,"pos":"''","before":"","after":""},{"index":4,"word":",","originalText":",","characterOffsetBegin":867,"characterOffsetEnd":868,"pos":",","before":"","after":" "},{"index":5,"word":"this","originalText":"this","characterOffsetBegin":869,"characterOffsetEnd":873,"pos":"DT","before":" ","after":" "},{"index":6,"word":"is","originalText":"is","characterOffsetBegin":874,"characterOffsetEnd":876,"pos":"VBZ","before":" ","after":" "},{"index":7,"word":"so","originalText":"so","characterOffsetBegin":877,"characterOffsetEnd":879,"pos":"RB","before":" ","after":" "},{"index":8,"word":"you","originalText":"you","characterOffsetBegin":880,"characterOffsetEnd":883,"pos":"PRP","before":" ","after":""},{"index":9,"word":"|","originalText":"|","characterOffsetBegin":883,"characterOffsetEnd":884,"pos":"VBP","before":"","after":""},{"index":10,"word":">","originalText":">","characterOffsetBegin":884,"characterOffsetEnd":885,"pos":"JJR","before":"","after":" "},{"index":11,"word":">","originalText":">","characterOffsetBegin":886,"characterOffsetEnd":887,"pos":"JJR","before":" ","after":""},{"index":12,"word":"know","originalText":"know","characterOffsetBegin":887,"characterOffsetEnd":891,"pos":"VB","before":"","after":" "},{"index":13,"word":"what","originalText":"what","characterOffsetBegin":892,"characterOffsetEnd":896,"pos":"WP","before":" ","after":" "},{"index":14,"word":"to","originalText":"to","characterOffsetBegin":897,"characterOffsetEnd":899,"pos":"TO","before":" ","after":" "},{"index":15,"word":"put","originalText":"put","characterOffsetBegin":900,"characterOffsetEnd":903,"pos":"VB","before":" ","after":" "},{"index":16,"word":"for","originalText":"for","characterOffsetBegin":904,"characterOffsetEnd":907,"pos":"IN","before":" ","after":" "},{"index":17,"word":"the","originalText":"the","characterOffsetBegin":908,"characterOffsetEnd":911,"pos":"DT","before":" ","after":" "},{"index":18,"word":"XmNaccelerator","originalText":"XmNaccelerator","characterOffsetBegin":912,"characterOffsetEnd":926,"pos":"NNP","before":" ","after":" "},{"index":19,"word":"resource","originalText":"resource","characterOffsetBegin":927,"characterOffsetEnd":935,"pos":"NN","before":" ","after":""},{"index":20,"word":".","originalText":".","characterOffsetBegin":935,"characterOffsetEnd":936,"pos":".","before":"","after":"  "}]},{"index":7,"tokens":[{"index":1,"word":"If","originalText":"If","characterOffsetBegin":938,"characterOffsetEnd":940,"pos":"IN","before":"  ","after":" "},{"index":2,"word":"you","originalText":"you","characterOffsetBegin":941,"characterOffsetEnd":944,"pos":"PRP","before":" ","after":" "},{"index":3,"word":"go","originalText":"go","characterOffsetBegin":945,"characterOffsetEnd":947,"pos":"VBP","before":" ","after":" "},{"index":4,"word":"to","originalText":"to","characterOffsetBegin":948,"characterOffsetEnd":950,"pos":"TO","before":" ","after":""},{"index":5,"word":"|","originalText":"|","characterOffsetBegin":950,"characterOffsetEnd":951,"pos":"VB","before":"","after":""},{"index":6,"word":">","originalText":">","characterOffsetBegin":951,"characterOffsetEnd":952,"pos":"JJR","before":"","after":" "},{"index":7,"word":">","originalText":">","characterOffsetBegin":953,"characterOffsetEnd":954,"pos":"JJR","before":" ","after":""},{"index":8,"word":"Vol","originalText":"Vol","characterOffsetBegin":954,"characterOffsetEnd":957,"pos":"NN","before":"","after":""},{"index":9,"word":".","originalText":".","characterOffsetBegin":957,"characterOffsetEnd":958,"pos":".","before":"","after":" "}]},{"index":8,"tokens":[{"index":1,"word":"4","originalText":"4","characterOffsetBegin":959,"characterOffsetEnd":960,"pos":"CD","before":" ","after":" "},{"index":2,"word":"it","originalText":"it","characterOffsetBegin":961,"characterOffsetEnd":963,"pos":"PRP","before":" ","after":" "},{"index":3,"word":"says","originalText":"says","characterOffsetBegin":964,"characterOffsetEnd":968,"pos":"VBZ","before":" ","after":""},{"index":4,"word":",","originalText":",","characterOffsetBegin":968,"characterOffsetEnd":969,"pos":",","before":"","after":" "},{"index":5,"word":"``","originalText":"\"","characterOffsetBegin":970,"characterOffsetEnd":971,"pos":"``","before":" ","after":""},{"index":6,"word":"Likewise","originalText":"Likewise","characterOffsetBegin":971,"characterOffsetEnd":979,"pos":"RB","before":"","after":""},{"index":7,"word":",","originalText":",","characterOffsetBegin":979,"characterOffsetEnd":980,"pos":",","before":"","after":" "},{"index":8,"word":"if","originalText":"if","characterOffsetBegin":981,"characterOffsetEnd":983,"pos":"IN","before":" ","after":" "},{"index":9,"word":"a","originalText":"a","characterOffsetBegin":984,"characterOffsetEnd":985,"pos":"DT","before":" ","after":" "},{"index":10,"word":"modifier","originalText":"modifier","characterOffsetBegin":986,"characterOffsetEnd":994,"pos":"NN","before":" ","after":" "},{"index":11,"word":"is","originalText":"is","characterOffsetBegin":995,"characterOffsetEnd":997,"pos":"VBZ","before":" ","after":" "},{"index":12,"word":"specified","originalText":"specified","characterOffsetBegin":998,"characterOffsetEnd":1007,"pos":"VBN","before":" ","after":""},{"index":13,"word":",","originalText":",","characterOffsetBegin":1007,"characterOffsetEnd":1008,"pos":",","before":"","after":" "},{"index":14,"word":"there","originalText":"there","characterOffsetBegin":1009,"characterOffsetEnd":1014,"pos":"EX","before":" ","after":" "},{"index":15,"word":"is","originalText":"is","characterOffsetBegin":1015,"characterOffsetEnd":1017,"pos":"VBZ","before":" ","after":""},{"index":16,"word":"|","originalText":"|","characterOffsetBegin":1017,"characterOffsetEnd":1018,"pos":"CD","before":"","after":""},{"index":17,"word":">","originalText":">","characterOffsetBegin":1018,"characterOffsetEnd":1019,"pos":"JJR","before":"","after":" "},{"index":18,"word":">","originalText":">","characterOffsetBegin":1020,"characterOffsetEnd":1021,"pos":"JJR","before":" ","after":""},{"index":19,"word":"nothing","originalText":"nothing","characterOffsetBegin":1021,"characterOffsetEnd":1028,"pos":"NN","before":"","after":" "},{"index":20,"word":"to","originalText":"to","characterOffsetBegin":1029,"characterOffsetEnd":1031,"pos":"TO","before":" ","after":" "},{"index":21,"word":"prohibit","originalText":"prohibit","characterOffsetBegin":1032,"characterOffsetEnd":1040,"pos":"VB","before":" ","after":" "},{"index":22,"word":"other","originalText":"other","characterOffsetBegin":1041,"characterOffsetEnd":1046,"pos":"JJ","before":" ","after":" "},{"index":23,"word":"modifiers","originalText":"modifiers","characterOffsetBegin":1047,"characterOffsetEnd":1056,"pos":"NNS","before":" ","after":" "},{"index":24,"word":"from","originalText":"from","characterOffsetBegin":1057,"characterOffsetEnd":1061,"pos":"IN","before":" ","after":" "},{"index":25,"word":"being","originalText":"being","characterOffsetBegin":1062,"characterOffsetEnd":1067,"pos":"VBG","before":" ","after":" "},{"index":26,"word":"present","originalText":"present","characterOffsetBegin":1068,"characterOffsetEnd":1075,"pos":"JJ","before":" ","after":" "},{"index":27,"word":"as","originalText":"as","characterOffsetBegin":1076,"characterOffsetEnd":1078,"pos":"RB","before":" ","after":" "},{"index":28,"word":"well","originalText":"well","characterOffsetBegin":1079,"characterOffsetEnd":1083,"pos":"RB","before":" ","after":""},{"index":29,"word":".","originalText":".","characterOffsetBegin":1083,"characterOffsetEnd":1084,"pos":".","before":"","after":" "}]},{"index":9,"tokens":[{"index":1,"word":"For","originalText":"For","characterOffsetBegin":1085,"characterOffsetEnd":1088,"pos":"IN","before":" ","after":""},{"index":2,"word":"|","originalText":"|","characterOffsetBegin":1088,"characterOffsetEnd":1089,"pos":"CD","before":"","after":""},{"index":3,"word":">","originalText":">","characterOffsetBegin":1089,"characterOffsetEnd":1090,"pos":"JJR","before":"","after":" "},{"index":4,"word":">","originalText":">","characterOffsetBegin":1091,"characterOffsetEnd":1092,"pos":"JJR","before":" ","after":""},{"index":5,"word":"example","originalText":"example","characterOffsetBegin":1092,"characterOffsetEnd":1099,"pos":"NN","before":"","after":""},{"index":6,"word":",","originalText":",","characterOffsetBegin":1099,"characterOffsetEnd":1100,"pos":",","before":"","after":" "},{"index":7,"word":"the","originalText":"the","characterOffsetBegin":1101,"characterOffsetEnd":1104,"pos":"DT","before":" ","after":" "},{"index":8,"word":"translation","originalText":"translation","characterOffsetBegin":1105,"characterOffsetEnd":1116,"pos":"NN","before":" ","after":""},{"index":9,"word":":|","originalText":":|","characterOffsetBegin":1116,"characterOffsetEnd":1118,"pos":"NN","before":"","after":""},{"index":10,"word":">","originalText":">","characterOffsetBegin":1118,"characterOffsetEnd":1119,"pos":"JJR","before":"","after":" "},{"index":11,"word":">","originalText":">","characterOffsetBegin":1120,"characterOffsetEnd":1121,"pos":"JJR","before":" ","after":"\t"},{"index":12,"word":"Shift","originalText":"Shift","characterOffsetBegin":1122,"characterOffsetEnd":1127,"pos":"NN","before":"\t","after":""},{"index":13,"word":"<Key>","originalText":"<Key>","characterOffsetBegin":1127,"characterOffsetEnd":1132,"pos":"NN","before":"","after":""},{"index":14,"word":"q","originalText":"q","characterOffsetBegin":1132,"characterOffsetEnd":1133,"pos":"NN","before":"","after":""},{"index":15,"word":":","originalText":":","characterOffsetBegin":1133,"characterOffsetEnd":1134,"pos":":","before":"","after":"\t"},{"index":16,"word":"quit","originalText":"quit","characterOffsetBegin":1135,"characterOffsetEnd":1139,"pos":"VB","before":"\t","after":""},{"index":17,"word":"-LRB-","originalText":"(","characterOffsetBegin":1139,"characterOffsetEnd":1140,"pos":"-LRB-","before":"","after":""},{"index":18,"word":"-RRB-","originalText":")","characterOffsetBegin":1140,"characterOffsetEnd":1141,"pos":"-RRB-","before":"","after":""},{"index":19,"word":"|","originalText":"|","characterOffsetBegin":1141,"characterOffsetEnd":1142,"pos":"CD","before":"","after":""},{"index":20,"word":">","originalText":">","characterOffsetBegin":1142,"characterOffsetEnd":1143,"pos":"JJR","before":"","after":" "},{"index":21,"word":">","originalText":">","characterOffsetBegin":1144,"characterOffsetEnd":1145,"pos":"JJR","before":" ","after":""},{"index":22,"word":"will","originalText":"will","characterOffsetBegin":1145,"characterOffsetEnd":1149,"pos":"MD","before":"","after":" "},{"index":23,"word":"take","originalText":"take","characterOffsetBegin":1150,"characterOffsetEnd":1154,"pos":"VB","before":" ","after":" "},{"index":24,"word":"effect","originalText":"effect","characterOffsetBegin":1155,"characterOffsetEnd":1161,"pos":"NN","before":" ","after":" "},{"index":25,"word":"even","originalText":"even","characterOffsetBegin":1162,"characterOffsetEnd":1166,"pos":"RB","before":" ","after":" "},{"index":26,"word":"if","originalText":"if","characterOffsetBegin":1167,"characterOffsetEnd":1169,"pos":"IN","before":" ","after":" "},{"index":27,"word":"the","originalText":"the","characterOffsetBegin":1170,"characterOffsetEnd":1173,"pos":"DT","before":" ","after":" "},{"index":28,"word":"Ctrl","originalText":"Ctrl","characterOffsetBegin":1174,"characterOffsetEnd":1178,"pos":"NNP","before":" ","after":" "},{"index":29,"word":"key","originalText":"key","characterOffsetBegin":1179,"characterOffsetEnd":1182,"pos":"NN","before":" ","after":" "},{"index":30,"word":"is","originalText":"is","characterOffsetBegin":1183,"characterOffsetEnd":1185,"pos":"VBZ","before":" ","after":" "},{"index":31,"word":"held","originalText":"held","characterOffsetBegin":1186,"characterOffsetEnd":1190,"pos":"VBN","before":" ","after":" "},{"index":32,"word":"down","originalText":"down","characterOffsetBegin":1191,"characterOffsetEnd":1195,"pos":"RP","before":" ","after":" "},{"index":33,"word":"at","originalText":"at","characterOffsetBegin":1196,"characterOffsetEnd":1198,"pos":"IN","before":" ","after":" "},{"index":34,"word":"the","originalText":"the","characterOffsetBegin":1199,"characterOffsetEnd":1202,"pos":"DT","before":" ","after":" "},{"index":35,"word":"same","originalText":"same","characterOffsetBegin":1203,"characterOffsetEnd":1207,"pos":"JJ","before":" ","after":" "},{"index":36,"word":"time","originalText":"time","characterOffsetBegin":1208,"characterOffsetEnd":1212,"pos":"NN","before":" ","after":" "},{"index":37,"word":"as","originalText":"as","characterOffsetBegin":1213,"characterOffsetEnd":1215,"pos":"IN","before":" ","after":""},{"index":38,"word":"|","originalText":"|","characterOffsetBegin":1215,"characterOffsetEnd":1216,"pos":"CD","before":"","after":""},{"index":39,"word":">","originalText":">","characterOffsetBegin":1216,"characterOffsetEnd":1217,"pos":"JJR","before":"","after":" "},{"index":40,"word":">","originalText":">","characterOffsetBegin":1218,"characterOffsetEnd":1219,"pos":"JJR","before":" ","after":""},{"index":41,"word":"the","originalText":"the","characterOffsetBegin":1219,"characterOffsetEnd":1222,"pos":"DT","before":"","after":" "},{"index":42,"word":"Shift","originalText":"Shift","characterOffsetBegin":1223,"characterOffsetEnd":1228,"pos":"NN","before":" ","after":" "},{"index":43,"word":"key","originalText":"key","characterOffsetBegin":1229,"characterOffsetEnd":1232,"pos":"NN","before":" ","after":" "},{"index":44,"word":"-LRB-","originalText":"(","characterOffsetBegin":1233,"characterOffsetEnd":1234,"pos":"-LRB-","before":" ","after":""},{"index":45,"word":"and","originalText":"and","characterOffsetBegin":1234,"characterOffsetEnd":1237,"pos":"CC","before":"","after":" "},{"index":46,"word":"the","originalText":"the","characterOffsetBegin":1238,"characterOffsetEnd":1241,"pos":"DT","before":" ","after":" "},{"index":47,"word":"q","originalText":"q","characterOffsetBegin":1242,"characterOffsetEnd":1243,"pos":"NN","before":" ","after":" "},{"index":48,"word":"key","originalText":"key","characterOffsetBegin":1244,"characterOffsetEnd":1247,"pos":"NN","before":" ","after":""},{"index":49,"word":"-RRB-","originalText":")","characterOffsetBegin":1247,"characterOffsetEnd":1248,"pos":"-RRB-","before":"","after":""},{"index":50,"word":".","originalText":".","characterOffsetBegin":1248,"characterOffsetEnd":1249,"pos":".","before":"","after":""}]},{"index":10,"tokens":[{"index":1,"word":"|","originalText":"|","characterOffsetBegin":1249,"characterOffsetEnd":1250,"pos":"NN","before":"","after":""},{"index":2,"word":">","originalText":">","characterOffsetBegin":1250,"characterOffsetEnd":1251,"pos":"JJR","before":"","after":" "},{"index":3,"word":"|","originalText":"|","characterOffsetBegin":1252,"characterOffsetEnd":1253,"pos":"CD","before":" ","after":""},{"index":4,"word":">","originalText":">","characterOffsetBegin":1253,"characterOffsetEnd":1254,"pos":"JJR","before":"","after":" "},{"index":5,"word":"This","originalText":"This","characterOffsetBegin":1255,"characterOffsetEnd":1259,"pos":"DT","before":" ","after":" "},{"index":6,"word":"is","originalText":"is","characterOffsetBegin":1260,"characterOffsetEnd":1262,"pos":"VBZ","before":" ","after":" "},{"index":7,"word":"true","originalText":"true","characterOffsetBegin":1263,"characterOffsetEnd":1267,"pos":"JJ","before":" ","after":" "},{"index":8,"word":"for","originalText":"for","characterOffsetBegin":1268,"characterOffsetEnd":1271,"pos":"IN","before":" ","after":" "},{"index":9,"word":"accelerators","originalText":"accelerators","characterOffsetBegin":1272,"characterOffsetEnd":1284,"pos":"NNS","before":" ","after":" "},{"index":10,"word":"and","originalText":"and","characterOffsetBegin":1285,"characterOffsetEnd":1288,"pos":"CC","before":" ","after":" "},{"index":11,"word":"mnemonics","originalText":"mnemonics","characterOffsetBegin":1289,"characterOffsetEnd":1298,"pos":"NNS","before":" ","after":""},{"index":12,"word":",","originalText":",","characterOffsetBegin":1298,"characterOffsetEnd":1299,"pos":",","before":"","after":" "},{"index":13,"word":"which","originalText":"which","characterOffsetBegin":1300,"characterOffsetEnd":1305,"pos":"WDT","before":" ","after":" "},{"index":14,"word":"are","originalText":"are","characterOffsetBegin":1306,"characterOffsetEnd":1309,"pos":"VBP","before":" ","after":" "},{"index":15,"word":"implemented","originalText":"implemented","characterOffsetBegin":1310,"characterOffsetEnd":1321,"pos":"VBN","before":" ","after":" "},{"index":16,"word":"using","originalText":"using","characterOffsetBegin":1322,"characterOffsetEnd":1327,"pos":"VBG","before":" ","after":""},{"index":17,"word":"|","originalText":"|","characterOffsetBegin":1327,"characterOffsetEnd":1328,"pos":"CD","before":"","after":""},{"index":18,"word":">","originalText":">","characterOffsetBegin":1328,"characterOffsetEnd":1329,"pos":"JJR","before":"","after":" "},{"index":19,"word":"event","originalText":"event","characterOffsetBegin":1330,"characterOffsetEnd":1335,"pos":"NN","before":" ","after":" "},{"index":20,"word":"handlers","originalText":"handlers","characterOffsetBegin":1336,"characterOffsetEnd":1344,"pos":"NNS","before":" ","after":" "},{"index":21,"word":"instead","originalText":"instead","characterOffsetBegin":1345,"characterOffsetEnd":1352,"pos":"RB","before":" ","after":" "},{"index":22,"word":"of","originalText":"of","characterOffsetBegin":1353,"characterOffsetEnd":1355,"pos":"IN","before":" ","after":" "},{"index":23,"word":"grabs","originalText":"grabs","characterOffsetBegin":1356,"characterOffsetEnd":1361,"pos":"NNS","before":" ","after":""},{"index":24,"word":";","originalText":";","characterOffsetBegin":1361,"characterOffsetEnd":1362,"pos":":","before":"","after":" "},{"index":25,"word":"it","originalText":"it","characterOffsetBegin":1363,"characterOffsetEnd":1365,"pos":"PRP","before":" ","after":""},{"index":26,"word":"'s","originalText":"'s","characterOffsetBegin":1365,"characterOffsetEnd":1367,"pos":"VBZ","before":"","after":" "},{"index":27,"word":"not","originalText":"not","characterOffsetBegin":1368,"characterOffsetEnd":1371,"pos":"RB","before":" ","after":" "},{"index":28,"word":"true","originalText":"true","characterOffsetBegin":1372,"characterOffsetEnd":1376,"pos":"JJ","before":" ","after":" "},{"index":29,"word":"for","originalText":"for","characterOffsetBegin":1377,"characterOffsetEnd":1380,"pos":"IN","before":" ","after":" "},{"index":30,"word":"menu","originalText":"menu","characterOffsetBegin":1381,"characterOffsetEnd":1385,"pos":"NN","before":" ","after":" "},{"index":31,"word":"accelerators","originalText":"accelerators","characterOffsetBegin":1386,"characterOffsetEnd":1398,"pos":"NNS","before":" ","after":""},{"index":32,"word":".","originalText":".","characterOffsetBegin":1398,"characterOffsetEnd":1399,"pos":".","before":"","after":"  "}]},{"index":11,"tokens":[{"index":1,"word":"If","originalText":"If","characterOffsetBegin":1401,"characterOffsetEnd":1403,"pos":"IN","before":"  ","after":""},{"index":2,"word":"|","originalText":"|","characterOffsetBegin":1403,"characterOffsetEnd":1404,"pos":"CD","before":"","after":""},{"index":3,"word":">","originalText":">","characterOffsetBegin":1404,"characterOffsetEnd":1405,"pos":"JJR","before":"","after":" "},{"index":4,"word":"you","originalText":"you","characterOffsetBegin":1406,"characterOffsetEnd":1409,"pos":"PRP","before":" ","after":""},{"index":5,"word":"'re","originalText":"'re","characterOffsetBegin":1409,"characterOffsetEnd":1412,"pos":"VBP","before":"","after":" "},{"index":6,"word":"a","originalText":"a","characterOffsetBegin":1413,"characterOffsetEnd":1414,"pos":"DT","before":" ","after":" "},{"index":7,"word":"Motif","originalText":"Motif","characterOffsetBegin":1415,"characterOffsetEnd":1420,"pos":"NN","before":" ","after":" "},{"index":8,"word":"implementor","originalText":"implementor","characterOffsetBegin":1421,"characterOffsetEnd":1432,"pos":"NN","before":" ","after":""},{"index":9,"word":",","originalText":",","characterOffsetBegin":1432,"characterOffsetEnd":1433,"pos":",","before":"","after":" "},{"index":10,"word":"I","originalText":"I","characterOffsetBegin":1434,"characterOffsetEnd":1435,"pos":"PRP","before":" ","after":""},{"index":11,"word":"'d","originalText":"'d","characterOffsetBegin":1435,"characterOffsetEnd":1437,"pos":"MD","before":"","after":" "},{"index":12,"word":"suggest","originalText":"suggest","characterOffsetBegin":1438,"characterOffsetEnd":1445,"pos":"VB","before":" ","after":" "},{"index":13,"word":"lobbying","originalText":"lobbying","characterOffsetBegin":1446,"characterOffsetEnd":1454,"pos":"VBG","before":" ","after":" "},{"index":14,"word":"to","originalText":"to","characterOffsetBegin":1455,"characterOffsetEnd":1457,"pos":"TO","before":" ","after":" "},{"index":15,"word":"get","originalText":"get","characterOffsetBegin":1458,"characterOffsetEnd":1461,"pos":"VB","before":" ","after":" "},{"index":16,"word":"the","originalText":"the","characterOffsetBegin":1462,"characterOffsetEnd":1465,"pos":"DT","before":" ","after":" "},{"index":17,"word":"Xlib","originalText":"Xlib","characterOffsetBegin":1466,"characterOffsetEnd":1470,"pos":"NNP","before":" ","after":" "},{"index":18,"word":"semantics","originalText":"semantics","characterOffsetBegin":1471,"characterOffsetEnd":1480,"pos":"NNS","before":" ","after":""},{"index":19,"word":"|","originalText":"|","characterOffsetBegin":1480,"characterOffsetEnd":1481,"pos":"VBP","before":"","after":""},{"index":20,"word":">","originalText":">","characterOffsetBegin":1481,"characterOffsetEnd":1482,"pos":"JJR","before":"","after":" "},{"index":21,"word":"changed","originalText":"changed","characterOffsetBegin":1483,"characterOffsetEnd":1490,"pos":"VBD","before":" ","after":" "},{"index":22,"word":"to","originalText":"to","characterOffsetBegin":1491,"characterOffsetEnd":1493,"pos":"TO","before":" ","after":" "},{"index":23,"word":"support","originalText":"support","characterOffsetBegin":1494,"characterOffsetEnd":1501,"pos":"VB","before":" ","after":" "},{"index":24,"word":"the","originalText":"the","characterOffsetBegin":1502,"characterOffsetEnd":1505,"pos":"DT","before":" ","after":" "},{"index":25,"word":"feature","originalText":"feature","characterOffsetBegin":1506,"characterOffsetEnd":1513,"pos":"NN","before":" ","after":" "},{"index":26,"word":"I","originalText":"I","characterOffsetBegin":1514,"characterOffsetEnd":1515,"pos":"PRP","before":" ","after":" "},{"index":27,"word":"described","originalText":"described","characterOffsetBegin":1516,"characterOffsetEnd":1525,"pos":"VBD","before":" ","after":" "},{"index":28,"word":"above","originalText":"above","characterOffsetBegin":1526,"characterOffsetEnd":1531,"pos":"IN","before":" ","after":""},{"index":29,"word":".","originalText":".","characterOffsetBegin":1531,"characterOffsetEnd":1532,"pos":".","before":"","after":"  "}]},{"index":12,"tokens":[{"index":1,"word":"Otherwise","originalText":"Otherwise","characterOffsetBegin":1534,"characterOffsetEnd":1543,"pos":"RB","before":"  ","after":""},{"index":2,"word":",","originalText":",","characterOffsetBegin":1543,"characterOffsetEnd":1544,"pos":",","before":"","after":" "},{"index":3,"word":"change","originalText":"change","characterOffsetBegin":1545,"characterOffsetEnd":1551,"pos":"VB","before":" ","after":" "},{"index":4,"word":"the","originalText":"the","characterOffsetBegin":1552,"characterOffsetEnd":1555,"pos":"DT","before":" ","after":""},{"index":5,"word":"|","originalText":"|","characterOffsetBegin":1555,"characterOffsetEnd":1556,"pos":"CD","before":"","after":""},{"index":6,"word":">","originalText":">","characterOffsetBegin":1556,"characterOffsetEnd":1557,"pos":"JJR","before":"","after":" "},{"index":7,"word":"documentation","originalText":"documentation","characterOffsetBegin":1558,"characterOffsetEnd":1571,"pos":"NN","before":" ","after":" "},{"index":8,"word":"for","originalText":"for","characterOffsetBegin":1572,"characterOffsetEnd":1575,"pos":"IN","before":" ","after":" "},{"index":9,"word":"menu","originalText":"menu","characterOffsetBegin":1576,"characterOffsetEnd":1580,"pos":"NN","before":" ","after":" "},{"index":10,"word":"accelerators","originalText":"accelerators","characterOffsetBegin":1581,"characterOffsetEnd":1593,"pos":"NNS","before":" ","after":" "},{"index":11,"word":"to","originalText":"to","characterOffsetBegin":1594,"characterOffsetEnd":1596,"pos":"TO","before":" ","after":" "},{"index":12,"word":"properly","originalText":"properly","characterOffsetBegin":1597,"characterOffsetEnd":1605,"pos":"RB","before":" ","after":" "},{"index":13,"word":"set","originalText":"set","characterOffsetBegin":1606,"characterOffsetEnd":1609,"pos":"VB","before":" ","after":" "},{"index":14,"word":"the","originalText":"the","characterOffsetBegin":1610,"characterOffsetEnd":1613,"pos":"DT","before":" ","after":" "},{"index":15,"word":"user","originalText":"user","characterOffsetBegin":1614,"characterOffsetEnd":1618,"pos":"NN","before":" ","after":""},{"index":16,"word":"'s","originalText":"'s","characterOffsetBegin":1618,"characterOffsetEnd":1620,"pos":"POS","before":"","after":""},{"index":17,"word":"|","originalText":"|","characterOffsetBegin":1620,"characterOffsetEnd":1621,"pos":"CD","before":"","after":""},{"index":18,"word":">","originalText":">","characterOffsetBegin":1621,"characterOffsetEnd":1622,"pos":"JJR","before":"","after":" "},{"index":19,"word":"expectations","originalText":"expectations","characterOffsetBegin":1623,"characterOffsetEnd":1635,"pos":"NNS","before":" ","after":""},{"index":20,"word":",","originalText":",","characterOffsetBegin":1635,"characterOffsetEnd":1636,"pos":",","before":"","after":" "},{"index":21,"word":"because","originalText":"because","characterOffsetBegin":1637,"characterOffsetEnd":1644,"pos":"IN","before":" ","after":" "},{"index":22,"word":"menu","originalText":"menu","characterOffsetBegin":1645,"characterOffsetEnd":1649,"pos":"NN","before":" ","after":" "},{"index":23,"word":"accelerators","originalText":"accelerators","characterOffsetBegin":1650,"characterOffsetEnd":1662,"pos":"NNS","before":" ","after":" "},{"index":24,"word":"are","originalText":"are","characterOffsetBegin":1663,"characterOffsetEnd":1666,"pos":"VBP","before":" ","after":" "},{"index":25,"word":"NOT","originalText":"NOT","characterOffsetBegin":1667,"characterOffsetEnd":1670,"pos":"RB","before":" ","after":" "},{"index":26,"word":"the","originalText":"the","characterOffsetBegin":1671,"characterOffsetEnd":1674,"pos":"DT","before":" ","after":" "},{"index":27,"word":"same","originalText":"same","characterOffsetBegin":1675,"characterOffsetEnd":1679,"pos":"JJ","before":" ","after":" "},{"index":28,"word":"thing","originalText":"thing","characterOffsetBegin":1680,"characterOffsetEnd":1685,"pos":"NN","before":" ","after":" "},{"index":29,"word":"as","originalText":"as","characterOffsetBegin":1686,"characterOffsetEnd":1688,"pos":"IN","before":" ","after":""},{"index":30,"word":"|","originalText":"|","characterOffsetBegin":1688,"characterOffsetEnd":1689,"pos":"CD","before":"","after":""},{"index":31,"word":">","originalText":">","characterOffsetBegin":1689,"characterOffsetEnd":1690,"pos":"JJR","before":"","after":" "},{"index":32,"word":"translations","originalText":"translations","characterOffsetBegin":1691,"characterOffsetEnd":1703,"pos":"NNS","before":" ","after":""},{"index":33,"word":".","originalText":".","characterOffsetBegin":1703,"characterOffsetEnd":1704,"pos":".","before":"","after":""}]},{"index":13,"tokens":[{"index":1,"word":"|","originalText":"|","characterOffsetBegin":1704,"characterOffsetEnd":1705,"pos":"NN","before":"","after":""},{"index":2,"word":">","originalText":">","characterOffsetBegin":1705,"characterOffsetEnd":1706,"pos":"JJR","before":"","after":" "},{"index":3,"word":"|","originalText":"|","characterOffsetBegin":1707,"characterOffsetEnd":1708,"pos":"CD","before":" ","after":""},{"index":4,"word":">","originalText":">","characterOffsetBegin":1708,"characterOffsetEnd":1709,"pos":"JJR","before":"","after":" "},{"index":5,"word":">","originalText":">","characterOffsetBegin":1710,"characterOffsetEnd":1711,"pos":"JJR","before":" ","after":""},{"index":6,"word":"Is","originalText":"Is","characterOffsetBegin":1711,"characterOffsetEnd":1713,"pos":"VBZ","before":"","after":" "},{"index":7,"word":"it","originalText":"it","characterOffsetBegin":1714,"characterOffsetEnd":1716,"pos":"PRP","before":" ","after":" "},{"index":8,"word":"possible","originalText":"possible","characterOffsetBegin":1717,"characterOffsetEnd":1725,"pos":"JJ","before":" ","after":" "},{"index":9,"word":"to","originalText":"to","characterOffsetBegin":1726,"characterOffsetEnd":1728,"pos":"TO","before":" ","after":" "},{"index":10,"word":"supply","originalText":"supply","characterOffsetBegin":1729,"characterOffsetEnd":1735,"pos":"VB","before":" ","after":" "},{"index":11,"word":">","originalText":">","characterOffsetBegin":1736,"characterOffsetEnd":1737,"pos":"JJR","before":" ","after":" "},{"index":12,"word":"1","originalText":"1","characterOffsetBegin":1738,"characterOffsetEnd":1739,"pos":"CD","before":" ","after":" "},{"index":13,"word":"accelerator","originalText":"accelerator","characterOffsetBegin":1740,"characterOffsetEnd":1751,"pos":"NN","before":" ","after":" "},{"index":14,"word":"for","originalText":"for","characterOffsetBegin":1752,"characterOffsetEnd":1755,"pos":"IN","before":" ","after":" "},{"index":15,"word":"a","originalText":"a","characterOffsetBegin":1756,"characterOffsetEnd":1757,"pos":"DT","before":" ","after":" "},{"index":16,"word":"menu","originalText":"menu","characterOffsetBegin":1758,"characterOffsetEnd":1762,"pos":"NN","before":" ","after":" "},{"index":17,"word":"entry","originalText":"entry","characterOffsetBegin":1763,"characterOffsetEnd":1768,"pos":"NN","before":" ","after":""},{"index":18,"word":"?","originalText":"?","characterOffsetBegin":1768,"characterOffsetEnd":1769,"pos":".","before":"","after":""}]},{"index":14,"tokens":[{"index":1,"word":"|","originalText":"|","characterOffsetBegin":1769,"characterOffsetEnd":1770,"pos":"NN","before":"","after":""},{"index":2,"word":">","originalText":">","characterOffsetBegin":1770,"characterOffsetEnd":1771,"pos":"JJR","before":"","after":" "},{"index":3,"word":"|","originalText":"|","characterOffsetBegin":1772,"characterOffsetEnd":1773,"pos":"CD","before":" ","after":""},{"index":4,"word":">","originalText":">","characterOffsetBegin":1773,"characterOffsetEnd":1774,"pos":"JJR","before":"","after":" "},{"index":5,"word":"If","originalText":"If","characterOffsetBegin":1775,"characterOffsetEnd":1777,"pos":"IN","before":" ","after":" "},{"index":6,"word":"you","originalText":"you","characterOffsetBegin":1778,"characterOffsetEnd":1781,"pos":"PRP","before":" ","after":" "},{"index":7,"word":"mean","originalText":"mean","characterOffsetBegin":1782,"characterOffsetEnd":1786,"pos":"VBP","before":" ","after":" "},{"index":8,"word":"``","originalText":"\"","characterOffsetBegin":1787,"characterOffsetEnd":1788,"pos":"``","before":" ","after":""},{"index":9,"word":"menu","originalText":"menu","characterOffsetBegin":1788,"characterOffsetEnd":1792,"pos":"NN","before":"","after":" "},{"index":10,"word":"accelerator","originalText":"accelerator","characterOffsetBegin":1793,"characterOffsetEnd":1804,"pos":"NN","before":" ","after":""},{"index":11,"word":"''","originalText":"\"","characterOffsetBegin":1804,"characterOffsetEnd":1805,"pos":"''","before":"","after":""},{"index":12,"word":",","originalText":",","characterOffsetBegin":1805,"characterOffsetEnd":1806,"pos":",","before":"","after":" "},{"index":13,"word":"no","originalText":"no","characterOffsetBegin":1807,"characterOffsetEnd":1809,"pos":"DT","before":" ","after":" "},{"index":14,"word":"it","originalText":"it","characterOffsetBegin":1810,"characterOffsetEnd":1812,"pos":"PRP","before":" ","after":""},{"index":15,"word":"'s","originalText":"'s","characterOffsetBegin":1812,"characterOffsetEnd":1814,"pos":"VBZ","before":"","after":" "},{"index":16,"word":"not","originalText":"not","characterOffsetBegin":1815,"characterOffsetEnd":1818,"pos":"RB","before":" ","after":" "},{"index":17,"word":"possible","originalText":"possible","characterOffsetBegin":1819,"characterOffsetEnd":1827,"pos":"JJ","before":" ","after":""},{"index":18,"word":".","originalText":".","characterOffsetBegin":1827,"characterOffsetEnd":1828,"pos":".","before":"","after":"  "}]},{"index":15,"tokens":[{"index":1,"word":"That","originalText":"That","characterOffsetBegin":1830,"characterOffsetEnd":1834,"pos":"DT","before":"  ","after":""},{"index":2,"word":"'s","originalText":"'s","characterOffsetBegin":1834,"characterOffsetEnd":1836,"pos":"VBZ","before":"","after":" "},{"index":3,"word":"according","originalText":"according","characterOffsetBegin":1837,"characterOffsetEnd":1846,"pos":"VBG","before":" ","after":" "},{"index":4,"word":"to","originalText":"to","characterOffsetBegin":1847,"characterOffsetEnd":1849,"pos":"TO","before":" ","after":""},{"index":5,"word":"|","originalText":"|","characterOffsetBegin":1849,"characterOffsetEnd":1850,"pos":"CD","before":"","after":""},{"index":6,"word":">","originalText":">","characterOffsetBegin":1850,"characterOffsetEnd":1851,"pos":"JJR","before":"","after":" "},{"index":7,"word":"the","originalText":"the","characterOffsetBegin":1852,"characterOffsetEnd":1855,"pos":"DT","before":" ","after":" "},{"index":8,"word":"definition","originalText":"definition","characterOffsetBegin":1856,"characterOffsetEnd":1866,"pos":"NN","before":" ","after":" "},{"index":9,"word":"of","originalText":"of","characterOffsetBegin":1867,"characterOffsetEnd":1869,"pos":"IN","before":" ","after":" "},{"index":10,"word":"the","originalText":"the","characterOffsetBegin":1870,"characterOffsetEnd":1873,"pos":"DT","before":" ","after":" "},{"index":11,"word":"XmNaccelerator","originalText":"XmNaccelerator","characterOffsetBegin":1874,"characterOffsetEnd":1888,"pos":"NNP","before":" ","after":" "},{"index":12,"word":"resource","originalText":"resource","characterOffsetBegin":1889,"characterOffsetEnd":1897,"pos":"NN","before":" ","after":" "},{"index":13,"word":"in","originalText":"in","characterOffsetBegin":1898,"characterOffsetEnd":1900,"pos":"IN","before":" ","after":" "},{"index":14,"word":"the","originalText":"the","characterOffsetBegin":1901,"characterOffsetEnd":1904,"pos":"DT","before":" ","after":" "},{"index":15,"word":"XmLabel","originalText":"XmLabel","characterOffsetBegin":1905,"characterOffsetEnd":1912,"pos":"NNP","before":" ","after":" "},{"index":16,"word":"manual","originalText":"manual","characterOffsetBegin":1913,"characterOffsetEnd":1919,"pos":"JJ","before":" ","after":" "},{"index":17,"word":"page","originalText":"page","characterOffsetBegin":1920,"characterOffsetEnd":1924,"pos":"NN","before":" ","after":""},{"index":18,"word":".","originalText":".","characterOffsetBegin":1924,"characterOffsetEnd":1925,"pos":".","before":"","after":""}]},{"index":16,"tokens":[{"index":1,"word":"|","originalText":"|","characterOffsetBegin":1925,"characterOffsetEnd":1926,"pos":"NN","before":"","after":""},{"index":2,"word":">","originalText":">","characterOffsetBegin":1926,"characterOffsetEnd":1927,"pos":"JJR","before":"","after":" "},{"index":3,"word":"|","originalText":"|","characterOffsetBegin":1928,"characterOffsetEnd":1929,"pos":"CD","before":" ","after":""},{"index":4,"word":">","originalText":">","characterOffsetBegin":1929,"characterOffsetEnd":1930,"pos":"JJR","before":"","after":" "},{"index":5,"word":">","originalText":">","characterOffsetBegin":1931,"characterOffsetEnd":1932,"pos":"JJR","before":" ","after":""},{"index":6,"word":"Keep","originalText":"Keep","characterOffsetBegin":1932,"characterOffsetEnd":1936,"pos":"VB","before":"","after":" "},{"index":7,"word":"in","originalText":"in","characterOffsetBegin":1937,"characterOffsetEnd":1939,"pos":"IN","before":" ","after":" "},{"index":8,"word":"mind","originalText":"mind","characterOffsetBegin":1940,"characterOffsetEnd":1944,"pos":"NN","before":" ","after":" "},{"index":9,"word":"when","originalText":"when","characterOffsetBegin":1945,"characterOffsetEnd":1949,"pos":"WRB","before":" ","after":" "},{"index":10,"word":"answering","originalText":"answering","characterOffsetBegin":1950,"characterOffsetEnd":1959,"pos":"VBG","before":" ","after":" "},{"index":11,"word":"this","originalText":"this","characterOffsetBegin":1960,"characterOffsetEnd":1964,"pos":"DT","before":" ","after":" "},{"index":12,"word":"question","originalText":"question","characterOffsetBegin":1965,"characterOffsetEnd":1973,"pos":"NN","before":" ","after":" "},{"index":13,"word":"that","originalText":"that","characterOffsetBegin":1974,"characterOffsetEnd":1978,"pos":"WDT","before":" ","after":" "},{"index":14,"word":"when","originalText":"when","characterOffsetBegin":1979,"characterOffsetEnd":1983,"pos":"WRB","before":" ","after":" "},{"index":15,"word":"using","originalText":"using","characterOffsetBegin":1984,"characterOffsetEnd":1989,"pos":"VBG","before":" ","after":" "},{"index":16,"word":"Motif","originalText":"Motif","characterOffsetBegin":1990,"characterOffsetEnd":1995,"pos":"NNP","before":" ","after":" "},{"index":17,"word":"you","originalText":"you","characterOffsetBegin":1996,"characterOffsetEnd":1999,"pos":"PRP","before":" ","after":""},{"index":18,"word":"|","originalText":"|","characterOffsetBegin":1999,"characterOffsetEnd":2000,"pos":"VBP","before":"","after":""},{"index":19,"word":">","originalText":">","characterOffsetBegin":2000,"characterOffsetEnd":2001,"pos":"JJR","before":"","after":" "},{"index":20,"word":">","originalText":">","characterOffsetBegin":2002,"characterOffsetEnd":2003,"pos":"JJR","before":" ","after":""},{"index":21,"word":"ca","originalText":"ca","characterOffsetBegin":2003,"characterOffsetEnd":2005,"pos":"MD","before":"","after":""},{"index":22,"word":"n't","originalText":"n't","characterOffsetBegin":2005,"characterOffsetEnd":2008,"pos":"RB","before":"","after":" "},{"index":23,"word":"use","originalText":"use","characterOffsetBegin":2009,"characterOffsetEnd":2012,"pos":"VB","before":" ","after":" "},{"index":24,"word":"XtInstallAccelerators","originalText":"XtInstallAccelerators","characterOffsetBegin":2013,"characterOffsetEnd":2034,"pos":"NNP","before":" ","after":""},{"index":25,"word":"-LRB-","originalText":"(","characterOffsetBegin":2034,"characterOffsetEnd":2035,"pos":"-LRB-","before":"","after":""},{"index":26,"word":"-RRB-","originalText":")","characterOffsetBegin":2035,"characterOffsetEnd":2036,"pos":"-RRB-","before":"","after":""},{"index":27,"word":".","originalText":".","characterOffsetBegin":2036,"characterOffsetEnd":2037,"pos":".","before":"","after":""}]},{"index":17,"tokens":[{"index":1,"word":"|","originalText":"|","characterOffsetBegin":2037,"characterOffsetEnd":2038,"pos":"NN","before":"","after":""},{"index":2,"word":">","originalText":">","characterOffsetBegin":2038,"characterOffsetEnd":2039,"pos":"JJR","before":"","after":" "},{"index":3,"word":"|","originalText":"|","characterOffsetBegin":2040,"characterOffsetEnd":2041,"pos":"CD","before":" ","after":""},{"index":4,"word":">","originalText":">","characterOffsetBegin":2041,"characterOffsetEnd":2042,"pos":"JJR","before":"","after":" "},{"index":5,"word":"I","originalText":"I","characterOffsetBegin":2043,"characterOffsetEnd":2044,"pos":"PRP","before":" ","after":" "},{"index":6,"word":"ca","originalText":"ca","characterOffsetBegin":2045,"characterOffsetEnd":2047,"pos":"MD","before":" ","after":""},{"index":7,"word":"n't","originalText":"n't","characterOffsetBegin":2047,"characterOffsetEnd":2050,"pos":"RB","before":"","after":" "},{"index":8,"word":"think","originalText":"think","characterOffsetBegin":2051,"characterOffsetEnd":2056,"pos":"VB","before":" ","after":" "},{"index":9,"word":"of","originalText":"of","characterOffsetBegin":2057,"characterOffsetEnd":2059,"pos":"IN","before":" ","after":" "},{"index":10,"word":"a","originalText":"a","characterOffsetBegin":2060,"characterOffsetEnd":2061,"pos":"DT","before":" ","after":" "},{"index":11,"word":"reason","originalText":"reason","characterOffsetBegin":2062,"characterOffsetEnd":2068,"pos":"NN","before":" ","after":" "},{"index":12,"word":"why","originalText":"why","characterOffsetBegin":2069,"characterOffsetEnd":2072,"pos":"WRB","before":" ","after":" "},{"index":13,"word":"not","originalText":"not","characterOffsetBegin":2073,"characterOffsetEnd":2076,"pos":"RB","before":" ","after":""},{"index":14,"word":".","originalText":".","characterOffsetBegin":2076,"characterOffsetEnd":2077,"pos":".","before":"","after":""}]},{"index":18,"tokens":[{"index":1,"word":"|","originalText":"|","characterOffsetBegin":2077,"characterOffsetEnd":2078,"pos":"NN","before":"","after":""},{"index":2,"word":">","originalText":">","characterOffsetBegin":2078,"characterOffsetEnd":2079,"pos":"JJR","before":"","after":" "},{"index":3,"word":"|","originalText":"|","characterOffsetBegin":2080,"characterOffsetEnd":2081,"pos":"CD","before":" ","after":""},{"index":4,"word":">","originalText":">","characterOffsetBegin":2081,"characterOffsetEnd":2082,"pos":"JJR","before":"","after":" "},{"index":5,"word":">","originalText":">","characterOffsetBegin":2083,"characterOffsetEnd":2084,"pos":"JJR","before":" ","after":""},{"index":6,"word":"How","originalText":"How","characterOffsetBegin":2084,"characterOffsetEnd":2087,"pos":"WRB","before":"","after":" "},{"index":7,"word":"can","originalText":"can","characterOffsetBegin":2088,"characterOffsetEnd":2091,"pos":"MD","before":" ","after":" "},{"index":8,"word":"you","originalText":"you","characterOffsetBegin":2092,"characterOffsetEnd":2095,"pos":"PRP","before":" ","after":" "},{"index":9,"word":"ensure","originalText":"ensure","characterOffsetBegin":2096,"characterOffsetEnd":2102,"pos":"VB","before":" ","after":" "},{"index":10,"word":"that","originalText":"that","characterOffsetBegin":2103,"characterOffsetEnd":2107,"pos":"IN","before":" ","after":" "},{"index":11,"word":"accelerators","originalText":"accelerators","characterOffsetBegin":2108,"characterOffsetEnd":2120,"pos":"NNS","before":" ","after":" "},{"index":12,"word":"work","originalText":"work","characterOffsetBegin":2121,"characterOffsetEnd":2125,"pos":"VBP","before":" ","after":" "},{"index":13,"word":"the","originalText":"the","characterOffsetBegin":2126,"characterOffsetEnd":2129,"pos":"DT","before":" ","after":" "},{"index":14,"word":"same","originalText":"same","characterOffsetBegin":2130,"characterOffsetEnd":2134,"pos":"JJ","before":" ","after":" "},{"index":15,"word":"independent","originalText":"independent","characterOffsetBegin":2135,"characterOffsetEnd":2146,"pos":"JJ","before":" ","after":" "},{"index":16,"word":"of","originalText":"of","characterOffsetBegin":2147,"characterOffsetEnd":2149,"pos":"IN","before":" ","after":""},{"index":17,"word":"|","originalText":"|","characterOffsetBegin":2149,"characterOffsetEnd":2150,"pos":"CD","before":"","after":""},{"index":18,"word":">","originalText":">","characterOffsetBegin":2150,"characterOffsetEnd":2151,"pos":"JJR","before":"","after":" "},{"index":19,"word":">","originalText":">","characterOffsetBegin":2152,"characterOffsetEnd":2153,"pos":"JJR","before":" ","after":""},{"index":20,"word":"case","originalText":"case","characterOffsetBegin":2153,"characterOffsetEnd":2157,"pos":"NN","before":"","after":""},{"index":21,"word":"?","originalText":"?","characterOffsetBegin":2157,"characterOffsetEnd":2158,"pos":".","before":"","after":"  "}]},{"index":19,"tokens":[{"index":1,"word":"What","originalText":"What","characterOffsetBegin":2160,"characterOffsetEnd":2164,"pos":"WP","before":"  ","after":" "},{"index":2,"word":"I","originalText":"I","characterOffsetBegin":2165,"characterOffsetEnd":2166,"pos":"PRP","before":" ","after":" "},{"index":3,"word":"want","originalText":"want","characterOffsetBegin":2167,"characterOffsetEnd":2171,"pos":"VBP","before":" ","after":" "},{"index":4,"word":"is","originalText":"is","characterOffsetBegin":2172,"characterOffsetEnd":2174,"pos":"VBZ","before":" ","after":" "},{"index":5,"word":"Ctrl","originalText":"Ctrl","characterOffsetBegin":2175,"characterOffsetEnd":2179,"pos":"NNP","before":" ","after":""},{"index":6,"word":"+","originalText":"+","characterOffsetBegin":2179,"characterOffsetEnd":2180,"pos":"CC","before":"","after":""},{"index":7,"word":"O","originalText":"O","characterOffsetBegin":2180,"characterOffsetEnd":2181,"pos":"NNP","before":"","after":" "},{"index":8,"word":"and","originalText":"and","characterOffsetBegin":2182,"characterOffsetEnd":2185,"pos":"CC","before":" ","after":" "},{"index":9,"word":"Ctrl","originalText":"Ctrl","characterOffsetBegin":2186,"characterOffsetEnd":2190,"pos":"NNP","before":" ","after":""},{"index":10,"word":"+","originalText":"+","characterOffsetBegin":2190,"characterOffsetEnd":2191,"pos":"CC","before":"","after":""},{"index":11,"word":"o","originalText":"o","characterOffsetBegin":2191,"characterOffsetEnd":2192,"pos":"NN","before":"","after":" "},{"index":12,"word":"to","originalText":"to","characterOffsetBegin":2193,"characterOffsetEnd":2195,"pos":"TO","before":" ","after":" "},{"index":13,"word":"both","originalText":"both","characterOffsetBegin":2196,"characterOffsetEnd":2200,"pos":"DT","before":" ","after":" "},{"index":14,"word":"be","originalText":"be","characterOffsetBegin":2201,"characterOffsetEnd":2203,"pos":"VB","before":" ","after":" "},{"index":15,"word":"accelerators","originalText":"accelerators","characterOffsetBegin":2204,"characterOffsetEnd":2216,"pos":"NNS","before":" ","after":" "},{"index":16,"word":"on","originalText":"on","characterOffsetBegin":2217,"characterOffsetEnd":2219,"pos":"IN","before":" ","after":" "},{"index":17,"word":"one","originalText":"one","characterOffsetBegin":2220,"characterOffsetEnd":2223,"pos":"CD","before":" ","after":""},{"index":18,"word":"|","originalText":"|","characterOffsetBegin":2223,"characterOffsetEnd":2224,"pos":"CD","before":"","after":""},{"index":19,"word":">","originalText":">","characterOffsetBegin":2224,"characterOffsetEnd":2225,"pos":"JJR","before":"","after":" "},{"index":20,"word":">","originalText":">","characterOffsetBegin":2226,"characterOffsetEnd":2227,"pos":"JJR","before":" ","after":""},{"index":21,"word":"menu","originalText":"menu","characterOffsetBegin":2227,"characterOffsetEnd":2231,"pos":"NN","before":"","after":" "},{"index":22,"word":"entry.I","originalText":"entry.I","characterOffsetBegin":2232,"characterOffsetEnd":2239,"pos":"NN","before":" ","after":" "},{"index":23,"word":"find","originalText":"find","characterOffsetBegin":2240,"characterOffsetEnd":2244,"pos":"VB","before":" ","after":" "},{"index":24,"word":"this","originalText":"this","characterOffsetBegin":2245,"characterOffsetEnd":2249,"pos":"DT","before":" ","after":" "},{"index":25,"word":"thread","originalText":"thread","characterOffsetBegin":2250,"characterOffsetEnd":2256,"pos":"NN","before":" ","after":" "},{"index":26,"word":"on","originalText":"on","characterOffsetBegin":2257,"characterOffsetEnd":2259,"pos":"IN","before":" ","after":" "},{"index":27,"word":"motif","originalText":"motif","characterOffsetBegin":2260,"characterOffsetEnd":2265,"pos":"NN","before":" ","after":" "},{"index":28,"word":"accelerators","originalText":"accelerators","characterOffsetBegin":2266,"characterOffsetEnd":2278,"pos":"NNS","before":" ","after":" "},{"index":29,"word":"absoultly","originalText":"absoultly","characterOffsetBegin":2279,"characterOffsetEnd":2288,"pos":"RB","before":" ","after":" "},{"index":30,"word":"amazing","originalText":"amazing","characterOffsetBegin":2289,"characterOffsetEnd":2296,"pos":"JJ","before":" ","after":""},{"index":31,"word":".","originalText":".","characterOffsetBegin":2296,"characterOffsetEnd":2297,"pos":".","before":"","after":"  "}]},{"index":20,"tokens":[{"index":1,"word":"If","originalText":"If","characterOffsetBegin":2299,"characterOffsetEnd":2301,"pos":"IN","before":"  ","after":" "},{"index":2,"word":"I","originalText":"I","characterOffsetBegin":2302,"characterOffsetEnd":2303,"pos":"PRP","before":" ","after":" "},{"index":3,"word":"werewriting","originalText":"werewriting","characterOffsetBegin":2304,"characterOffsetEnd":2315,"pos":"VBG","before":" ","after":" "},{"index":4,"word":"an","originalText":"an","characterOffsetBegin":2316,"characterOffsetEnd":2318,"pos":"DT","before":" ","after":" "},{"index":5,"word":"interface","originalText":"interface","characterOffsetBegin":2319,"characterOffsetEnd":2328,"pos":"NN","before":" ","after":" "},{"index":6,"word":"to","originalText":"to","characterOffsetBegin":2329,"characterOffsetEnd":2331,"pos":"TO","before":" ","after":" "},{"index":7,"word":"keyboard","originalText":"keyboard","characterOffsetBegin":2332,"characterOffsetEnd":2340,"pos":"NN","before":" ","after":" "},{"index":8,"word":"accelerators","originalText":"accelerators","characterOffsetBegin":2341,"characterOffsetEnd":2353,"pos":"NNS","before":" ","after":""},{"index":9,"word":",","originalText":",","characterOffsetBegin":2353,"characterOffsetEnd":2354,"pos":",","before":"","after":" "},{"index":10,"word":"I","originalText":"I","characterOffsetBegin":2355,"characterOffsetEnd":2356,"pos":"PRP","before":" ","after":" "},{"index":11,"word":"would","originalText":"would","characterOffsetBegin":2357,"characterOffsetEnd":2362,"pos":"MD","before":" ","after":" "},{"index":12,"word":"have","originalText":"have","characterOffsetBegin":2363,"characterOffsetEnd":2367,"pos":"VB","before":" ","after":" "},{"index":13,"word":"oneresource","originalText":"oneresource","characterOffsetBegin":2368,"characterOffsetEnd":2379,"pos":"NN","before":" ","after":" "},{"index":14,"word":"called","originalText":"called","characterOffsetBegin":2380,"characterOffsetEnd":2386,"pos":"VBN","before":" ","after":" "},{"index":15,"word":"``","originalText":"\"","characterOffsetBegin":2387,"characterOffsetEnd":2388,"pos":"``","before":" ","after":""},{"index":16,"word":"accelerators","originalText":"accelerators","characterOffsetBegin":2388,"characterOffsetEnd":2400,"pos":"NNS","before":"","after":""},{"index":17,"word":"''","originalText":"\"","characterOffsetBegin":2400,"characterOffsetEnd":2401,"pos":"''","before":"","after":" "},{"index":18,"word":"that","originalText":"that","characterOffsetBegin":2402,"characterOffsetEnd":2406,"pos":"WDT","before":" ","after":" "},{"index":19,"word":"took","originalText":"took","characterOffsetBegin":2407,"characterOffsetEnd":2411,"pos":"VBD","before":" ","after":" "},{"index":20,"word":"a","originalText":"a","characterOffsetBegin":2412,"characterOffsetEnd":2413,"pos":"DT","before":" ","after":" "},{"index":21,"word":"translation","originalText":"translation","characterOffsetBegin":2414,"characterOffsetEnd":2425,"pos":"NN","before":" ","after":" "},{"index":22,"word":"table","originalText":"table","characterOffsetBegin":2426,"characterOffsetEnd":2431,"pos":"NN","before":" ","after":""},{"index":23,"word":",","originalText":",","characterOffsetBegin":2431,"characterOffsetEnd":2432,"pos":",","before":"","after":" "},{"index":24,"word":"period.I","originalText":"period.I","characterOffsetBegin":2433,"characterOffsetEnd":2441,"pos":"NN","before":" ","after":" "},{"index":25,"word":"would","originalText":"would","characterOffsetBegin":2442,"characterOffsetEnd":2447,"pos":"MD","before":" ","after":" "},{"index":26,"word":"also","originalText":"also","characterOffsetBegin":2448,"characterOffsetEnd":2452,"pos":"RB","before":" ","after":" "},{"index":27,"word":"implement","originalText":"implement","characterOffsetBegin":2453,"characterOffsetEnd":2462,"pos":"VB","before":" ","after":" "},{"index":28,"word":"it","originalText":"it","characterOffsetBegin":2463,"characterOffsetEnd":2465,"pos":"PRP","before":" ","after":" "},{"index":29,"word":"so","originalText":"so","characterOffsetBegin":2466,"characterOffsetEnd":2468,"pos":"IN","before":" ","after":" "},{"index":30,"word":"that","originalText":"that","characterOffsetBegin":2469,"characterOffsetEnd":2473,"pos":"IN","before":" ","after":" "},{"index":31,"word":"programmer","originalText":"programmer","characterOffsetBegin":2474,"characterOffsetEnd":2484,"pos":"NN","before":" ","after":" "},{"index":32,"word":"never","originalText":"never","characterOffsetBegin":2485,"characterOffsetEnd":2490,"pos":"RB","before":" ","after":" "},{"index":33,"word":"has","originalText":"has","characterOffsetBegin":2491,"characterOffsetEnd":2494,"pos":"VBZ","before":" ","after":" "},{"index":34,"word":"to","originalText":"to","characterOffsetBegin":2495,"characterOffsetEnd":2497,"pos":"TO","before":" ","after":" "},{"index":35,"word":"do","originalText":"do","characterOffsetBegin":2498,"characterOffsetEnd":2500,"pos":"VB","before":" ","after":" "},{"index":36,"word":"any","originalText":"any","characterOffsetBegin":2501,"characterOffsetEnd":2504,"pos":"DT","before":" ","after":" "},{"index":37,"word":"workto","originalText":"workto","characterOffsetBegin":2505,"characterOffsetEnd":2511,"pos":"NN","before":" ","after":" "},{"index":38,"word":"get","originalText":"get","characterOffsetBegin":2512,"characterOffsetEnd":2515,"pos":"VB","before":" ","after":" "},{"index":39,"word":"the","originalText":"the","characterOffsetBegin":2516,"characterOffsetEnd":2519,"pos":"DT","before":" ","after":" "},{"index":40,"word":"accelerators","originalText":"accelerators","characterOffsetBegin":2520,"characterOffsetEnd":2532,"pos":"NNS","before":" ","after":" "},{"index":41,"word":"installed","originalText":"installed","characterOffsetBegin":2533,"characterOffsetEnd":2542,"pos":"VBN","before":" ","after":""},{"index":42,"word":".","originalText":".","characterOffsetBegin":2542,"characterOffsetEnd":2543,"pos":".","before":"","after":"  "}]},{"index":21,"tokens":[{"index":1,"word":"As","originalText":"As","characterOffsetBegin":2545,"characterOffsetEnd":2547,"pos":"RB","before":"  ","after":" "},{"index":2,"word":"soon","originalText":"soon","characterOffsetBegin":2548,"characterOffsetEnd":2552,"pos":"RB","before":" ","after":" "},{"index":3,"word":"as","originalText":"as","characterOffsetBegin":2553,"characterOffsetEnd":2555,"pos":"IN","before":" ","after":" "},{"index":4,"word":"the","originalText":"the","characterOffsetBegin":2556,"characterOffsetEnd":2559,"pos":"DT","before":" ","after":" "},{"index":5,"word":"end-user","originalText":"end-user","characterOffsetBegin":2560,"characterOffsetEnd":2568,"pos":"NN","before":" ","after":" "},{"index":6,"word":"specifiedone","originalText":"specifiedone","characterOffsetBegin":2569,"characterOffsetEnd":2581,"pos":"NN","before":" ","after":""},{"index":7,"word":",","originalText":",","characterOffsetBegin":2581,"characterOffsetEnd":2582,"pos":",","before":"","after":" "},{"index":8,"word":"it","originalText":"it","characterOffsetBegin":2583,"characterOffsetEnd":2585,"pos":"PRP","before":" ","after":" "},{"index":9,"word":"would","originalText":"would","characterOffsetBegin":2586,"characterOffsetEnd":2591,"pos":"MD","before":" ","after":" "},{"index":10,"word":"be","originalText":"be","characterOffsetBegin":2592,"characterOffsetEnd":2594,"pos":"VB","before":" ","after":" "},{"index":11,"word":"active","originalText":"active","characterOffsetBegin":2595,"characterOffsetEnd":2601,"pos":"JJ","before":" ","after":" "},{"index":12,"word":"and","originalText":"and","characterOffsetBegin":2602,"characterOffsetEnd":2605,"pos":"CC","before":" ","after":" "},{"index":13,"word":"automatically","originalText":"automatically","characterOffsetBegin":2606,"characterOffsetEnd":2619,"pos":"RB","before":" ","after":" "},{"index":14,"word":"installed.To","originalText":"installed.To","characterOffsetBegin":2620,"characterOffsetEnd":2632,"pos":"NNP","before":" ","after":" "},{"index":15,"word":"get","originalText":"get","characterOffsetBegin":2633,"characterOffsetEnd":2636,"pos":"VB","before":" ","after":" "},{"index":16,"word":"multiple","originalText":"multiple","characterOffsetBegin":2637,"characterOffsetEnd":2645,"pos":"JJ","before":" ","after":" "},{"index":17,"word":"accelerators","originalText":"accelerators","characterOffsetBegin":2646,"characterOffsetEnd":2658,"pos":"NNS","before":" ","after":" "},{"index":18,"word":"on","originalText":"on","characterOffsetBegin":2659,"characterOffsetEnd":2661,"pos":"IN","before":" ","after":" "},{"index":19,"word":"a","originalText":"a","characterOffsetBegin":2662,"characterOffsetEnd":2663,"pos":"DT","before":" ","after":" "},{"index":20,"word":"single","originalText":"single","characterOffsetBegin":2664,"characterOffsetEnd":2670,"pos":"JJ","before":" ","after":" "},{"index":21,"word":"menu","originalText":"menu","characterOffsetBegin":2671,"characterOffsetEnd":2675,"pos":"NN","before":" ","after":" "},{"index":22,"word":"item","originalText":"item","characterOffsetBegin":2676,"characterOffsetEnd":2680,"pos":"NN","before":" ","after":" "},{"index":23,"word":"I","originalText":"I","characterOffsetBegin":2681,"characterOffsetEnd":2682,"pos":"PRP","before":" ","after":""},{"index":24,"word":"'d","originalText":"'d","characterOffsetBegin":2682,"characterOffsetEnd":2684,"pos":"MD","before":"","after":" "},{"index":25,"word":"do","originalText":"do","characterOffsetBegin":2685,"characterOffsetEnd":2687,"pos":"VB","before":" ","after":" "},{"index":26,"word":"something","originalText":"something","characterOffsetBegin":2688,"characterOffsetEnd":2697,"pos":"NN","before":" ","after":" "},{"index":27,"word":"like","originalText":"like","characterOffsetBegin":2698,"characterOffsetEnd":2702,"pos":"IN","before":" ","after":""},{"index":28,"word":":","originalText":":","characterOffsetBegin":2702,"characterOffsetEnd":2703,"pos":":","before":"","after":"\t"},{"index":29,"word":"*","originalText":"*","characterOffsetBegin":2704,"characterOffsetEnd":2705,"pos":"SYM","before":"\t","after":""},{"index":30,"word":"menuItem.accelerators","originalText":"menuItem.accelerators","characterOffsetBegin":2705,"characterOffsetEnd":2726,"pos":"NNS","before":"","after":""},{"index":31,"word":":","originalText":":","characterOffsetBegin":2726,"characterOffsetEnd":2727,"pos":":","before":"","after":" "},{"index":32,"word":"#override","originalText":"#override","characterOffsetBegin":2728,"characterOffsetEnd":2737,"pos":"VB","before":" ","after":" "},{"index":33,"word":"\\","originalText":"\\","characterOffsetBegin":2738,"characterOffsetEnd":2739,"pos":"NN","before":" ","after":""},{"index":34,"word":"n","originalText":"n","characterOffsetBegin":2739,"characterOffsetEnd":2740,"pos":"NN","before":"","after":""},{"index":35,"word":"\\","originalText":"\\","characterOffsetBegin":2740,"characterOffsetEnd":2741,"pos":"VBG","before":"","after":"\t\t"},{"index":36,"word":"Ctrl","originalText":"Ctrl","characterOffsetBegin":2743,"characterOffsetEnd":2747,"pos":"NN","before":"\t\t","after":""},{"index":37,"word":"<Key>","originalText":"<Key>","characterOffsetBegin":2747,"characterOffsetEnd":2752,"pos":"NN","before":"","after":""},{"index":38,"word":"M","originalText":"M","characterOffsetBegin":2752,"characterOffsetEnd":2753,"pos":"NN","before":"","after":""},{"index":39,"word":":","originalText":":","characterOffsetBegin":2753,"characterOffsetEnd":2754,"pos":":","before":"","after":"\t"},{"index":40,"word":"fire","originalText":"fire","characterOffsetBegin":2755,"characterOffsetEnd":2759,"pos":"NN","before":"\t","after":""},{"index":41,"word":"-LRB-","originalText":"(","characterOffsetBegin":2759,"characterOffsetEnd":2760,"pos":"-LRB-","before":"","after":""},{"index":42,"word":"-RRB-","originalText":")","characterOffsetBegin":2760,"characterOffsetEnd":2761,"pos":"-RRB-","before":"","after":" "},{"index":43,"word":"\\","originalText":"\\","characterOffsetBegin":2762,"characterOffsetEnd":2763,"pos":"CD","before":" ","after":""},{"index":44,"word":"n","originalText":"n","characterOffsetBegin":2763,"characterOffsetEnd":2764,"pos":"NN","before":"","after":""},{"index":45,"word":"\\","originalText":"\\","characterOffsetBegin":2764,"characterOffsetEnd":2765,"pos":"CD","before":"","after":"\t\t"},{"index":46,"word":"Shift","originalText":"Shift","characterOffsetBegin":2767,"characterOffsetEnd":2772,"pos":"NN","before":"\t\t","after":""},{"index":47,"word":"<Key>","originalText":"<Key>","characterOffsetBegin":2772,"characterOffsetEnd":2777,"pos":"NN","before":"","after":""},{"index":48,"word":"L","originalText":"L","characterOffsetBegin":2777,"characterOffsetEnd":2778,"pos":"NN","before":"","after":""},{"index":49,"word":":","originalText":":","characterOffsetBegin":2778,"characterOffsetEnd":2779,"pos":":","before":"","after":"\t"},{"index":50,"word":"fire","originalText":"fire","characterOffsetBegin":2780,"characterOffsetEnd":2784,"pos":"NN","before":"\t","after":""},{"index":51,"word":"-LRB-","originalText":"(","characterOffsetBegin":2784,"characterOffsetEnd":2785,"pos":"-LRB-","before":"","after":""},{"index":52,"word":"-RRB-","originalText":")","characterOffsetBegin":2785,"characterOffsetEnd":2786,"pos":"-RRB-","before":"","after":" "},{"index":53,"word":"\\","originalText":"\\","characterOffsetBegin":2787,"characterOffsetEnd":2788,"pos":"CD","before":" ","after":""},{"index":54,"word":"nThe","originalText":"nThe","characterOffsetBegin":2788,"characterOffsetEnd":2792,"pos":"NN","before":"","after":" "},{"index":55,"word":"accelerators","originalText":"accelerators","characterOffsetBegin":2793,"characterOffsetEnd":2805,"pos":"NNS","before":" ","after":" "},{"index":56,"word":"would","originalText":"would","characterOffsetBegin":2806,"characterOffsetEnd":2811,"pos":"MD","before":" ","after":" "},{"index":57,"word":"work","originalText":"work","characterOffsetBegin":2812,"characterOffsetEnd":2816,"pos":"VB","before":" ","after":" "},{"index":58,"word":"exactly","originalText":"exactly","characterOffsetBegin":2817,"characterOffsetEnd":2824,"pos":"RB","before":" ","after":" "},{"index":59,"word":"like","originalText":"like","characterOffsetBegin":2825,"characterOffsetEnd":2829,"pos":"IN","before":" ","after":" "},{"index":60,"word":"translations","originalText":"translations","characterOffsetBegin":2830,"characterOffsetEnd":2842,"pos":"NNS","before":" ","after":" "},{"index":61,"word":"and","originalText":"and","characterOffsetBegin":2843,"characterOffsetEnd":2846,"pos":"CC","before":" ","after":" "},{"index":62,"word":"you","originalText":"you","characterOffsetBegin":2847,"characterOffsetEnd":2850,"pos":"PRP","before":" ","after":" "},{"index":63,"word":"wouldautomatically","originalText":"wouldautomatically","characterOffsetBegin":2851,"characterOffsetEnd":2869,"pos":"RB","before":" ","after":" "},{"index":64,"word":"see","originalText":"see","characterOffsetBegin":2870,"characterOffsetEnd":2873,"pos":"VBP","before":" ","after":" "},{"index":65,"word":"a","originalText":"a","characterOffsetBegin":2874,"characterOffsetEnd":2875,"pos":"DT","before":" ","after":" "},{"index":66,"word":"``","originalText":"\"","characterOffsetBegin":2876,"characterOffsetEnd":2877,"pos":"``","before":" ","after":""},{"index":67,"word":"Ctrl","originalText":"Ctrl","characterOffsetBegin":2877,"characterOffsetEnd":2881,"pos":"NN","before":"","after":" "},{"index":68,"word":"M","originalText":"M","characterOffsetBegin":2882,"characterOffsetEnd":2883,"pos":"NN","before":" ","after":""},{"index":69,"word":"''","originalText":"\"","characterOffsetBegin":2883,"characterOffsetEnd":2884,"pos":"''","before":"","after":" "},{"index":70,"word":"show","originalText":"show","characterOffsetBegin":2885,"characterOffsetEnd":2889,"pos":"VB","before":" ","after":" "},{"index":71,"word":"up","originalText":"up","characterOffsetBegin":2890,"characterOffsetEnd":2892,"pos":"RP","before":" ","after":" "},{"index":72,"word":"in","originalText":"in","characterOffsetBegin":2893,"characterOffsetEnd":2895,"pos":"IN","before":" ","after":" "},{"index":73,"word":"your","originalText":"your","characterOffsetBegin":2896,"characterOffsetEnd":2900,"pos":"PRP$","before":" ","after":" "},{"index":74,"word":"menuItem","originalText":"menuItem","characterOffsetBegin":2901,"characterOffsetEnd":2909,"pos":"NN","before":" ","after":" "},{"index":75,"word":"object.Why","originalText":"object.Why","characterOffsetBegin":2910,"characterOffsetEnd":2920,"pos":"NN","before":" ","after":" "},{"index":76,"word":"in","originalText":"in","characterOffsetBegin":2921,"characterOffsetEnd":2923,"pos":"IN","before":" ","after":" "},{"index":77,"word":"the","originalText":"the","characterOffsetBegin":2924,"characterOffsetEnd":2927,"pos":"DT","before":" ","after":" "},{"index":78,"word":"world","originalText":"world","characterOffsetBegin":2928,"characterOffsetEnd":2933,"pos":"NN","before":" ","after":" "},{"index":79,"word":"is","originalText":"is","characterOffsetBegin":2934,"characterOffsetEnd":2936,"pos":"VBZ","before":" ","after":" "},{"index":80,"word":"the","originalText":"the","characterOffsetBegin":2937,"characterOffsetEnd":2940,"pos":"DT","before":" ","after":" "},{"index":81,"word":"motif","originalText":"motif","characterOffsetBegin":2941,"characterOffsetEnd":2946,"pos":"NN","before":" ","after":" "},{"index":82,"word":"stuff","originalText":"stuff","characterOffsetBegin":2947,"characterOffsetEnd":2952,"pos":"NN","before":" ","after":" "},{"index":83,"word":"so","originalText":"so","characterOffsetBegin":2953,"characterOffsetEnd":2955,"pos":"RB","before":" ","after":" "},{"index":84,"word":"complicated","originalText":"complicated","characterOffsetBegin":2956,"characterOffsetEnd":2967,"pos":"JJ","before":" ","after":" "},{"index":85,"word":"with","originalText":"with","characterOffsetBegin":2968,"characterOffsetEnd":2972,"pos":"IN","before":" ","after":" "},{"index":86,"word":"so","originalText":"so","characterOffsetBegin":2973,"characterOffsetEnd":2975,"pos":"RB","before":" ","after":" "},{"index":87,"word":"many","originalText":"many","characterOffsetBegin":2976,"characterOffsetEnd":2980,"pos":"JJ","before":" ","after":" "},{"index":88,"word":"differentspecial","originalText":"differentspecial","characterOffsetBegin":2981,"characterOffsetEnd":2997,"pos":"JJ","before":" ","after":" "},{"index":89,"word":"cases","originalText":"cases","characterOffsetBegin":2998,"characterOffsetEnd":3003,"pos":"NNS","before":" ","after":" "},{"index":90,"word":"depending","originalText":"depending","characterOffsetBegin":3004,"characterOffsetEnd":3013,"pos":"VBG","before":" ","after":" "},{"index":91,"word":"on","originalText":"on","characterOffsetBegin":3014,"characterOffsetEnd":3016,"pos":"IN","before":" ","after":" "},{"index":92,"word":"what","originalText":"what","characterOffsetBegin":3017,"characterOffsetEnd":3021,"pos":"WP","before":" ","after":" "},{"index":93,"word":"type","originalText":"type","characterOffsetBegin":3022,"characterOffsetEnd":3026,"pos":"NN","before":" ","after":" "},{"index":94,"word":"of","originalText":"of","characterOffsetBegin":3027,"characterOffsetEnd":3029,"pos":"IN","before":" ","after":" "},{"index":95,"word":"widget","originalText":"widget","characterOffsetBegin":3030,"characterOffsetEnd":3036,"pos":"NN","before":" ","after":" "},{"index":96,"word":"you","originalText":"you","characterOffsetBegin":3037,"characterOffsetEnd":3040,"pos":"PRP","before":" ","after":""},{"index":97,"word":"'re","originalText":"'re","characterOffsetBegin":3040,"characterOffsetEnd":3043,"pos":"VBP","before":"","after":" "},{"index":98,"word":"dealing","originalText":"dealing","characterOffsetBegin":3044,"characterOffsetEnd":3051,"pos":"VBG","before":" ","after":" "},{"index":99,"word":"with","originalText":"with","characterOffsetBegin":3052,"characterOffsetEnd":3056,"pos":"IN","before":" ","after":""},{"index":100,"word":"?","originalText":"?","characterOffsetBegin":3056,"characterOffsetEnd":3057,"pos":".","before":"","after":"  "}]},{"index":22,"tokens":[{"index":1,"word":"Therehas","originalText":"Therehas","characterOffsetBegin":3059,"characterOffsetEnd":3067,"pos":"NNP","before":"  ","after":" "},{"index":2,"word":"to","originalText":"to","characterOffsetBegin":3068,"characterOffsetEnd":3070,"pos":"TO","before":" ","after":" "},{"index":3,"word":"be","originalText":"be","characterOffsetBegin":3071,"characterOffsetEnd":3073,"pos":"VB","before":" ","after":" "},{"index":4,"word":"some","originalText":"some","characterOffsetBegin":3074,"characterOffsetEnd":3078,"pos":"DT","before":" ","after":" "},{"index":5,"word":"reason.Sorry","originalText":"reason.Sorry","characterOffsetBegin":3079,"characterOffsetEnd":3091,"pos":"NN","before":" ","after":" "},{"index":6,"word":"for","originalText":"for","characterOffsetBegin":3092,"characterOffsetEnd":3095,"pos":"IN","before":" ","after":" "},{"index":7,"word":"the","originalText":"the","characterOffsetBegin":3096,"characterOffsetEnd":3099,"pos":"DT","before":" ","after":" "},{"index":8,"word":"political","originalText":"political","characterOffsetBegin":3100,"characterOffsetEnd":3109,"pos":"JJ","before":" ","after":" "},{"index":9,"word":"tone","originalText":"tone","characterOffsetBegin":3110,"characterOffsetEnd":3114,"pos":"NN","before":" ","after":" "},{"index":10,"word":"of","originalText":"of","characterOffsetBegin":3115,"characterOffsetEnd":3117,"pos":"IN","before":" ","after":" "},{"index":11,"word":"this","originalText":"this","characterOffsetBegin":3118,"characterOffsetEnd":3122,"pos":"DT","before":" ","after":" "},{"index":12,"word":"message","originalText":"message","characterOffsetBegin":3123,"characterOffsetEnd":3130,"pos":"NN","before":" ","after":""},{"index":13,"word":"...","originalText":"...","characterOffsetBegin":3130,"characterOffsetEnd":3133,"pos":":","before":"","after":""},{"index":14,"word":"--","originalText":"--","characterOffsetBegin":3133,"characterOffsetEnd":3135,"pos":":","before":"","after":""},{"index":15,"word":"Tom","originalText":"Tom","characterOffsetBegin":3135,"characterOffsetEnd":3138,"pos":"NNP","before":"","after":" "},{"index":16,"word":"LaStrange","originalText":"LaStrange","characterOffsetBegin":3139,"characterOffsetEnd":3148,"pos":"NNP","before":" ","after":"        "},{"index":17,"word":"toml@boulder.ParcPlace.COM","originalText":"toml@boulder.ParcPlace.COM","characterOffsetBegin":3156,"characterOffsetEnd":3182,"pos":"NN","before":"        ","after":""}]}]}