{"sentences":[{"index":0,"tokens":[{"index":1,"word":"From","originalText":"From","characterOffsetBegin":0,"characterOffsetEnd":4,"pos":"IN","before":"","after":""},{"index":2,"word":":","originalText":":","characterOffsetBegin":4,"characterOffsetEnd":5,"pos":":","before":"","after":" "},{"index":3,"word":"wcl@risc.sps.mot.com","originalText":"wcl@risc.sps.mot.com","characterOffsetBegin":6,"characterOffsetEnd":26,"pos":"NN","before":" ","after":" "},{"index":4,"word":"-LRB-","originalText":"(","characterOffsetBegin":27,"characterOffsetEnd":28,"pos":"-LRB-","before":" ","after":""},{"index":5,"word":"Wayne","originalText":"Wayne","characterOffsetBegin":28,"characterOffsetEnd":33,"pos":"NNP","before":"","after":" "},{"index":6,"word":"Long","originalText":"Long","characterOffsetBegin":34,"characterOffsetEnd":38,"pos":"NNP","before":" ","after":""},{"index":7,"word":"-RRB-","originalText":")","characterOffsetBegin":38,"characterOffsetEnd":39,"pos":"-RRB-","before":"","after":""},{"index":8,"word":"Subject","originalText":"Subject","characterOffsetBegin":39,"characterOffsetEnd":46,"pos":"NNP","before":"","after":""},{"index":9,"word":":","originalText":":","characterOffsetBegin":46,"characterOffsetEnd":47,"pos":":","before":"","after":" "},{"index":10,"word":"PROBLEM","originalText":"PROBLEM","characterOffsetBegin":48,"characterOffsetEnd":55,"pos":"NN","before":" ","after":""},{"index":11,"word":":","originalText":":","characterOffsetBegin":55,"characterOffsetEnd":56,"pos":":","before":"","after":"  "},{"index":12,"word":"Running","originalText":"Running","characterOffsetBegin":58,"characterOffsetEnd":65,"pos":"VBG","before":"  ","after":" "},{"index":13,"word":"AIX","originalText":"AIX","characterOffsetBegin":66,"characterOffsetEnd":69,"pos":"NNP","before":" ","after":" "},{"index":14,"word":"info","originalText":"info","characterOffsetBegin":70,"characterOffsetEnd":74,"pos":"NN","before":" ","after":" "},{"index":15,"word":"from","originalText":"from","characterOffsetBegin":75,"characterOffsetEnd":79,"pos":"IN","before":" ","after":" "},{"index":16,"word":"a","originalText":"a","characterOffsetBegin":80,"characterOffsetEnd":81,"pos":"DT","before":" ","after":" "},{"index":17,"word":"Sun","originalText":"Sun","characterOffsetBegin":82,"characterOffsetEnd":85,"pos":"NNP","before":" ","after":" "},{"index":18,"word":"rlogin","originalText":"rlogin","characterOffsetBegin":86,"characterOffsetEnd":92,"pos":"NN","before":" ","after":" "},{"index":19,"word":"shell","originalText":"shell","characterOffsetBegin":93,"characterOffsetEnd":98,"pos":"NN","before":" ","after":""},{"index":20,"word":".","originalText":".","characterOffsetBegin":98,"characterOffsetEnd":99,"pos":".","before":"","after":"  "}]},{"index":1,"tokens":[{"index":1,"word":"When","originalText":"When","characterOffsetBegin":101,"characterOffsetEnd":105,"pos":"WRB","before":"  ","after":" "},{"index":2,"word":"I","originalText":"I","characterOffsetBegin":106,"characterOffsetEnd":107,"pos":"PRP","before":" ","after":" "},{"index":3,"word":"run","originalText":"run","characterOffsetBegin":108,"characterOffsetEnd":111,"pos":"VBP","before":" ","after":" "},{"index":4,"word":"our","originalText":"our","characterOffsetBegin":112,"characterOffsetEnd":115,"pos":"PRP$","before":" ","after":" "},{"index":5,"word":"RS6000","originalText":"RS6000","characterOffsetBegin":116,"characterOffsetEnd":122,"pos":"NN","before":" ","after":""},{"index":6,"word":"'s","originalText":"'s","characterOffsetBegin":122,"characterOffsetEnd":124,"pos":"POS","before":"","after":" "},{"index":7,"word":"``","originalText":"\"","characterOffsetBegin":125,"characterOffsetEnd":126,"pos":"``","before":" ","after":""},{"index":8,"word":"info","originalText":"info","characterOffsetBegin":126,"characterOffsetEnd":130,"pos":"NN","before":"","after":""},{"index":9,"word":"''","originalText":"\"","characterOffsetBegin":130,"characterOffsetEnd":131,"pos":"''","before":"","after":" "},{"index":10,"word":"utility","originalText":"utility","characterOffsetBegin":132,"characterOffsetEnd":139,"pos":"NN","before":" ","after":" "},{"index":11,"word":"through","originalText":"through","characterOffsetBegin":140,"characterOffsetEnd":147,"pos":"IN","before":" ","after":" "},{"index":12,"word":"a","originalText":"a","characterOffsetBegin":148,"characterOffsetEnd":149,"pos":"DT","before":" ","after":" "},{"index":13,"word":"remote","originalText":"remote","characterOffsetBegin":150,"characterOffsetEnd":156,"pos":"JJ","before":" ","after":" "},{"index":14,"word":"login","originalText":"login","characterOffsetBegin":157,"characterOffsetEnd":162,"pos":"NN","before":" ","after":"  "},{"index":15,"word":"shell","originalText":"shell","characterOffsetBegin":164,"characterOffsetEnd":169,"pos":"NN","before":"  ","after":" "},{"index":16,"word":"-LRB-","originalText":"(","characterOffsetBegin":170,"characterOffsetEnd":171,"pos":"-LRB-","before":" ","after":""},{"index":17,"word":"rlogin","originalText":"rlogin","characterOffsetBegin":171,"characterOffsetEnd":177,"pos":"NN","before":"","after":""},{"index":18,"word":"-RRB-","originalText":")","characterOffsetBegin":177,"characterOffsetEnd":178,"pos":"-RRB-","before":"","after":" "},{"index":19,"word":"from","originalText":"from","characterOffsetBegin":179,"characterOffsetEnd":183,"pos":"IN","before":" ","after":" "},{"index":20,"word":"my","originalText":"my","characterOffsetBegin":184,"characterOffsetEnd":186,"pos":"PRP$","before":" ","after":" "},{"index":21,"word":"Sun","originalText":"Sun","characterOffsetBegin":187,"characterOffsetEnd":190,"pos":"NNP","before":" ","after":" "},{"index":22,"word":"Sparc","originalText":"Sparc","characterOffsetBegin":191,"characterOffsetEnd":196,"pos":"NNP","before":" ","after":" "},{"index":23,"word":"1","originalText":"1","characterOffsetBegin":197,"characterOffsetEnd":198,"pos":"CD","before":" ","after":""},{"index":24,"word":"+","originalText":"+","characterOffsetBegin":198,"characterOffsetEnd":199,"pos":"CC","before":"","after":""},{"index":25,"word":",","originalText":",","characterOffsetBegin":199,"characterOffsetEnd":200,"pos":",","before":"","after":" "},{"index":26,"word":"I","originalText":"I","characterOffsetBegin":201,"characterOffsetEnd":202,"pos":"PRP","before":" ","after":" "},{"index":27,"word":"can","originalText":"can","characterOffsetBegin":203,"characterOffsetEnd":206,"pos":"MD","before":" ","after":" "},{"index":28,"word":"no","originalText":"no","characterOffsetBegin":207,"characterOffsetEnd":209,"pos":"RB","before":" ","after":" "},{"index":29,"word":"longer","originalText":"longer","characterOffsetBegin":210,"characterOffsetEnd":216,"pos":"RB","before":" ","after":" "},{"index":30,"word":"type","originalText":"type","characterOffsetBegin":217,"characterOffsetEnd":221,"pos":"NN","before":" ","after":"  "},{"index":31,"word":"lower","originalText":"lower","characterOffsetBegin":223,"characterOffsetEnd":228,"pos":"JJR","before":"  ","after":" "},{"index":32,"word":"case","originalText":"case","characterOffsetBegin":229,"characterOffsetEnd":233,"pos":"NN","before":" ","after":" "},{"index":33,"word":"in","originalText":"in","characterOffsetBegin":234,"characterOffsetEnd":236,"pos":"IN","before":" ","after":" "},{"index":34,"word":"any","originalText":"any","characterOffsetBegin":237,"characterOffsetEnd":240,"pos":"DT","before":" ","after":" "},{"index":35,"word":"of","originalText":"of","characterOffsetBegin":241,"characterOffsetEnd":243,"pos":"IN","before":" ","after":" "},{"index":36,"word":"info","originalText":"info","characterOffsetBegin":244,"characterOffsetEnd":248,"pos":"NN","before":" ","after":""},{"index":37,"word":"'s","originalText":"'s","characterOffsetBegin":248,"characterOffsetEnd":250,"pos":"POS","before":"","after":" "},{"index":38,"word":"window","originalText":"window","characterOffsetBegin":251,"characterOffsetEnd":257,"pos":"NN","before":" ","after":" "},{"index":39,"word":"prompt","originalText":"prompt","characterOffsetBegin":258,"characterOffsetEnd":264,"pos":"VBP","before":" ","after":""},{"index":40,"word":"'s","originalText":"'s","characterOffsetBegin":264,"characterOffsetEnd":266,"pos":"POS","before":"","after":""},{"index":41,"word":".","originalText":".","characterOffsetBegin":266,"characterOffsetEnd":267,"pos":".","before":"","after":"  "}]},{"index":2,"tokens":[{"index":1,"word":"I","originalText":"I","characterOffsetBegin":269,"characterOffsetEnd":270,"pos":"PRP","before":"  ","after":" "},{"index":2,"word":"thought","originalText":"thought","characterOffsetBegin":271,"characterOffsetEnd":278,"pos":"VBD","before":" ","after":" "},{"index":3,"word":"the","originalText":"the","characterOffsetBegin":279,"characterOffsetEnd":282,"pos":"DT","before":" ","after":" "},{"index":4,"word":"prob","originalText":"prob","characterOffsetBegin":283,"characterOffsetEnd":287,"pos":"NN","before":" ","after":""},{"index":5,"word":".","originalText":".","characterOffsetBegin":287,"characterOffsetEnd":288,"pos":".","before":"","after":" "}]},{"index":3,"tokens":[{"index":1,"word":"may","originalText":"may","characterOffsetBegin":289,"characterOffsetEnd":292,"pos":"MD","before":" ","after":" "},{"index":2,"word":"have","originalText":"have","characterOffsetBegin":293,"characterOffsetEnd":297,"pos":"VB","before":" ","after":" "},{"index":3,"word":"been","originalText":"been","characterOffsetBegin":298,"characterOffsetEnd":302,"pos":"VBN","before":" ","after":" "},{"index":4,"word":"due","originalText":"due","characterOffsetBegin":303,"characterOffsetEnd":306,"pos":"JJ","before":" ","after":" "},{"index":5,"word":"to","originalText":"to","characterOffsetBegin":307,"characterOffsetEnd":309,"pos":"TO","before":" ","after":" "},{"index":6,"word":"my","originalText":"my","characterOffsetBegin":310,"characterOffsetEnd":312,"pos":"PRP$","before":" ","after":" "},{"index":7,"word":"Sun","originalText":"Sun","characterOffsetBegin":313,"characterOffsetEnd":316,"pos":"NNP","before":" ","after":" "},{"index":8,"word":"window","originalText":"window","characterOffsetBegin":317,"characterOffsetEnd":323,"pos":"NN","before":" ","after":" "},{"index":9,"word":"mgr","originalText":"mgr","characterOffsetBegin":324,"characterOffsetEnd":327,"pos":"NN","before":" ","after":""},{"index":10,"word":".","originalText":".","characterOffsetBegin":327,"characterOffsetEnd":328,"pos":".","before":"","after":"   "}]},{"index":4,"tokens":[{"index":1,"word":"-LRB-","originalText":"(","characterOffsetBegin":331,"characterOffsetEnd":332,"pos":"-LRB-","before":"   ","after":""},{"index":2,"word":"Openlook","originalText":"Openlook","characterOffsetBegin":332,"characterOffsetEnd":340,"pos":"NN","before":"","after":""},{"index":3,"word":"-RRB-","originalText":")","characterOffsetBegin":340,"characterOffsetEnd":341,"pos":"-RRB-","before":"","after":" "},{"index":4,"word":"being","originalText":"being","characterOffsetBegin":342,"characterOffsetEnd":347,"pos":"VBG","before":" ","after":" "},{"index":5,"word":"incompatible","originalText":"incompatible","characterOffsetBegin":348,"characterOffsetEnd":360,"pos":"JJ","before":" ","after":" "},{"index":6,"word":"with","originalText":"with","characterOffsetBegin":361,"characterOffsetEnd":365,"pos":"IN","before":" ","after":" "},{"index":7,"word":"the","originalText":"the","characterOffsetBegin":366,"characterOffsetEnd":369,"pos":"DT","before":" ","after":" "},{"index":8,"word":"AIX","originalText":"AIX","characterOffsetBegin":370,"characterOffsetEnd":373,"pos":"NNP","before":" ","after":" "},{"index":9,"word":"Motif","originalText":"Motif","characterOffsetBegin":374,"characterOffsetEnd":379,"pos":"NN","before":" ","after":" "},{"index":10,"word":"application","originalText":"application","characterOffsetBegin":380,"characterOffsetEnd":391,"pos":"NN","before":" ","after":"  "},{"index":11,"word":"but","originalText":"but","characterOffsetBegin":393,"characterOffsetEnd":396,"pos":"CC","before":"  ","after":" "},{"index":12,"word":"I","originalText":"I","characterOffsetBegin":397,"characterOffsetEnd":398,"pos":"PRP","before":" ","after":" "},{"index":13,"word":"tried","originalText":"tried","characterOffsetBegin":399,"characterOffsetEnd":404,"pos":"VBD","before":" ","after":" "},{"index":14,"word":"it","originalText":"it","characterOffsetBegin":405,"characterOffsetEnd":407,"pos":"PRP","before":" ","after":" "},{"index":15,"word":"under","originalText":"under","characterOffsetBegin":408,"characterOffsetEnd":413,"pos":"IN","before":" ","after":" "},{"index":16,"word":"TVTWM","originalText":"TVTWM","characterOffsetBegin":414,"characterOffsetEnd":419,"pos":"NNP","before":" ","after":" "},{"index":17,"word":"also","originalText":"also","characterOffsetBegin":420,"characterOffsetEnd":424,"pos":"RB","before":" ","after":""},{"index":18,"word":".","originalText":".","characterOffsetBegin":424,"characterOffsetEnd":425,"pos":".","before":"","after":"  "}]},{"index":5,"tokens":[{"index":1,"word":"Same","originalText":"Same","characterOffsetBegin":427,"characterOffsetEnd":431,"pos":"JJ","before":"  ","after":" "},{"index":2,"word":"result","originalText":"result","characterOffsetBegin":432,"characterOffsetEnd":438,"pos":"NN","before":" ","after":""},{"index":3,"word":".","originalText":".","characterOffsetBegin":438,"characterOffsetEnd":439,"pos":".","before":"","after":"    "}]},{"index":6,"tokens":[{"index":1,"word":"So","originalText":"So","characterOffsetBegin":443,"characterOffsetEnd":445,"pos":"RB","before":"    ","after":" "},{"index":2,"word":"this","originalText":"this","characterOffsetBegin":446,"characterOffsetEnd":450,"pos":"DT","before":" ","after":" "},{"index":3,"word":"is","originalText":"is","characterOffsetBegin":451,"characterOffsetEnd":453,"pos":"VBZ","before":" ","after":" "},{"index":4,"word":"presumably","originalText":"presumably","characterOffsetBegin":454,"characterOffsetEnd":464,"pos":"RB","before":" ","after":" "},{"index":5,"word":"an","originalText":"an","characterOffsetBegin":465,"characterOffsetEnd":467,"pos":"DT","before":" ","after":" "},{"index":6,"word":"X11","originalText":"X11","characterOffsetBegin":468,"characterOffsetEnd":471,"pos":"NN","before":" ","after":" "},{"index":7,"word":"key","originalText":"key","characterOffsetBegin":472,"characterOffsetEnd":475,"pos":"JJ","before":" ","after":" "},{"index":8,"word":"definition","originalText":"definition","characterOffsetBegin":476,"characterOffsetEnd":486,"pos":"NN","before":" ","after":" "},{"index":9,"word":"problem","originalText":"problem","characterOffsetBegin":487,"characterOffsetEnd":494,"pos":"NN","before":" ","after":" "},{"index":10,"word":"between","originalText":"between","characterOffsetBegin":495,"characterOffsetEnd":502,"pos":"IN","before":" ","after":"   "},{"index":11,"word":"workstations","originalText":"workstations","characterOffsetBegin":505,"characterOffsetEnd":517,"pos":"NNS","before":"   ","after":" "},{"index":12,"word":"-","originalText":"-","characterOffsetBegin":518,"characterOffsetEnd":519,"pos":":","before":" ","after":" "},{"index":13,"word":"but","originalText":"but","characterOffsetBegin":520,"characterOffsetEnd":523,"pos":"CC","before":" ","after":" "},{"index":14,"word":"my","originalText":"my","characterOffsetBegin":524,"characterOffsetEnd":526,"pos":"PRP$","before":" ","after":" "},{"index":15,"word":"system","originalText":"system","characterOffsetBegin":527,"characterOffsetEnd":533,"pos":"NN","before":" ","after":" "},{"index":16,"word":"admins","originalText":"admins","characterOffsetBegin":534,"characterOffsetEnd":540,"pos":"NNS","before":" ","after":""},{"index":17,"word":".","originalText":".","characterOffsetBegin":540,"characterOffsetEnd":541,"pos":".","before":"","after":" "}]},{"index":7,"tokens":[{"index":1,"word":"feign","originalText":"feign","characterOffsetBegin":542,"characterOffsetEnd":547,"pos":"VB","before":" ","after":" "},{"index":2,"word":"ignorance","originalText":"ignorance","characterOffsetBegin":548,"characterOffsetEnd":557,"pos":"NN","before":" ","after":""},{"index":3,"word":".","originalText":".","characterOffsetBegin":557,"characterOffsetEnd":558,"pos":".","before":"","after":"    "}]},{"index":8,"tokens":[{"index":1,"word":"What","originalText":"What","characterOffsetBegin":562,"characterOffsetEnd":566,"pos":"WP","before":"    ","after":" "},{"index":2,"word":"do","originalText":"do","characterOffsetBegin":567,"characterOffsetEnd":569,"pos":"VBP","before":" ","after":" "},{"index":3,"word":"I","originalText":"I","characterOffsetBegin":570,"characterOffsetEnd":571,"pos":"PRP","before":" ","after":" "},{"index":4,"word":"need","originalText":"need","characterOffsetBegin":572,"characterOffsetEnd":576,"pos":"VB","before":" ","after":" "},{"index":5,"word":"to","originalText":"to","characterOffsetBegin":577,"characterOffsetEnd":579,"pos":"TO","before":" ","after":" "},{"index":6,"word":"do","originalText":"do","characterOffsetBegin":580,"characterOffsetEnd":582,"pos":"VB","before":" ","after":" "},{"index":7,"word":"the","originalText":"the","characterOffsetBegin":583,"characterOffsetEnd":586,"pos":"DT","before":" ","after":" "},{"index":8,"word":"be","originalText":"be","characterOffsetBegin":587,"characterOffsetEnd":589,"pos":"VB","before":" ","after":" "},{"index":9,"word":"able","originalText":"able","characterOffsetBegin":590,"characterOffsetEnd":594,"pos":"JJ","before":" ","after":" "},{"index":10,"word":"to","originalText":"to","characterOffsetBegin":595,"characterOffsetEnd":597,"pos":"TO","before":" ","after":" "},{"index":11,"word":"type","originalText":"type","characterOffsetBegin":598,"characterOffsetEnd":602,"pos":"NN","before":" ","after":" "},{"index":12,"word":"lower","originalText":"lower","characterOffsetBegin":603,"characterOffsetEnd":608,"pos":"JJR","before":" ","after":" "},{"index":13,"word":"case","originalText":"case","characterOffsetBegin":609,"characterOffsetEnd":613,"pos":"NN","before":" ","after":" "},{"index":14,"word":"into","originalText":"into","characterOffsetBegin":614,"characterOffsetEnd":618,"pos":"IN","before":" ","after":"   "},{"index":15,"word":"this","originalText":"this","characterOffsetBegin":621,"characterOffsetEnd":625,"pos":"DT","before":"   ","after":" "},{"index":16,"word":"remote","originalText":"remote","characterOffsetBegin":626,"characterOffsetEnd":632,"pos":"JJ","before":" ","after":" "},{"index":17,"word":"AIX","originalText":"AIX","characterOffsetBegin":633,"characterOffsetEnd":636,"pos":"NNP","before":" ","after":" "},{"index":18,"word":"motif","originalText":"motif","characterOffsetBegin":637,"characterOffsetEnd":642,"pos":"NN","before":" ","after":" "},{"index":19,"word":"app","originalText":"app","characterOffsetBegin":643,"characterOffsetEnd":646,"pos":"NN","before":" ","after":""},{"index":20,"word":".","originalText":".","characterOffsetBegin":646,"characterOffsetEnd":647,"pos":".","before":"","after":" "}]},{"index":9,"tokens":[{"index":1,"word":"from","originalText":"from","characterOffsetBegin":648,"characterOffsetEnd":652,"pos":"IN","before":" ","after":" "},{"index":2,"word":"within","originalText":"within","characterOffsetBegin":653,"characterOffsetEnd":659,"pos":"IN","before":" ","after":" "},{"index":3,"word":"my","originalText":"my","characterOffsetBegin":660,"characterOffsetEnd":662,"pos":"PRP$","before":" ","after":" "},{"index":4,"word":"local","originalText":"local","characterOffsetBegin":663,"characterOffsetEnd":668,"pos":"JJ","before":" ","after":" "},{"index":5,"word":"Openlook","originalText":"Openlook","characterOffsetBegin":669,"characterOffsetEnd":677,"pos":"NNP","before":" ","after":"  "},{"index":6,"word":"window","originalText":"window","characterOffsetBegin":679,"characterOffsetEnd":685,"pos":"NN","before":"  ","after":" "},{"index":7,"word":"manager","originalText":"manager","characterOffsetBegin":686,"characterOffsetEnd":693,"pos":"NN","before":" ","after":""},{"index":8,"word":"?","originalText":"?","characterOffsetBegin":693,"characterOffsetEnd":694,"pos":".","before":"","after":"    "}]},{"index":10,"tokens":[{"index":1,"word":"--","originalText":"--","characterOffsetBegin":698,"characterOffsetEnd":700,"pos":":","before":"    ","after":" "},{"index":2,"word":"-------------------------------------------------------------------","originalText":"-------------------------------------------------------------------","characterOffsetBegin":701,"characterOffsetEnd":768,"pos":"CD","before":" ","after":""},{"index":3,"word":"Wayne","originalText":"Wayne","characterOffsetBegin":768,"characterOffsetEnd":773,"pos":"NNP","before":"","after":" "},{"index":4,"word":"Long","originalText":"Long","characterOffsetBegin":774,"characterOffsetEnd":778,"pos":"NNP","before":" ","after":" "},{"index":5,"word":"-","originalText":"-","characterOffsetBegin":779,"characterOffsetEnd":780,"pos":":","before":" ","after":" "},{"index":6,"word":"OE215","originalText":"OE215","characterOffsetBegin":781,"characterOffsetEnd":786,"pos":"NNP","before":" ","after":"              "},{"index":7,"word":"Internet","originalText":"Internet","characterOffsetBegin":800,"characterOffsetEnd":808,"pos":"NNP","before":"              ","after":""},{"index":8,"word":":","originalText":":","characterOffsetBegin":808,"characterOffsetEnd":809,"pos":":","before":"","after":" "},{"index":9,"word":"wcl@risc.sps.mot.com6501","originalText":"wcl@risc.sps.mot.com6501","characterOffsetBegin":810,"characterOffsetEnd":834,"pos":"NN","before":" ","after":" "},{"index":10,"word":"William","originalText":"William","characterOffsetBegin":835,"characterOffsetEnd":842,"pos":"NNP","before":" ","after":" "},{"index":11,"word":"Cannon","originalText":"Cannon","characterOffsetBegin":843,"characterOffsetEnd":849,"pos":"NNP","before":" ","after":" "},{"index":12,"word":"Drive","originalText":"Drive","characterOffsetBegin":850,"characterOffsetEnd":855,"pos":"NNP","before":" ","after":" "},{"index":13,"word":"West","originalText":"West","characterOffsetBegin":856,"characterOffsetEnd":860,"pos":"NNP","before":" ","after":"  "},{"index":14,"word":"UUCP","originalText":"UUCP","characterOffsetBegin":862,"characterOffsetEnd":866,"pos":"NNP","before":"  ","after":""},{"index":15,"word":":","originalText":":","characterOffsetBegin":866,"characterOffsetEnd":867,"pos":":","before":"","after":" "},{"index":16,"word":"cs.texas.edu!oakhill!risc!wclAustin","originalText":"cs.texas.edu!oakhill!risc!wclAustin","characterOffsetBegin":868,"characterOffsetEnd":903,"pos":"NN","before":" ","after":""},{"index":17,"word":",","originalText":",","characterOffsetBegin":903,"characterOffsetEnd":904,"pos":",","before":"","after":" "},{"index":18,"word":"Texas","originalText":"Texas","characterOffsetBegin":905,"characterOffsetEnd":910,"pos":"NNP","before":" ","after":" "},{"index":19,"word":"78735-8598","originalText":"78735-8598","characterOffsetBegin":911,"characterOffsetEnd":921,"pos":"CD","before":" ","after":"        "},{"index":20,"word":"Phone","originalText":"Phone","characterOffsetBegin":929,"characterOffsetEnd":934,"pos":"NNP","before":"        ","after":" "},{"index":21,"word":"-LRB-512-RRB- 891-4649","originalText":"(512) 891-4649","characterOffsetBegin":935,"characterOffsetEnd":949,"pos":"NNP","before":" ","after":"  "},{"index":22,"word":"FAX","originalText":"FAX","characterOffsetBegin":951,"characterOffsetEnd":954,"pos":"NNP","before":"  ","after":""},{"index":23,"word":":","originalText":":","characterOffsetBegin":954,"characterOffsetEnd":955,"pos":":","before":"","after":" "},{"index":24,"word":"891-3818","originalText":"891-3818","characterOffsetBegin":956,"characterOffsetEnd":964,"pos":"CD","before":" ","after":""}]}]}