{"sentences":[{"index":0,"tokens":[{"index":1,"word":"From","originalText":"From","characterOffsetBegin":0,"characterOffsetEnd":4,"pos":"IN","before":"","after":""},{"index":2,"word":":","originalText":":","characterOffsetBegin":4,"characterOffsetEnd":5,"pos":":","before":"","after":" "},{"index":3,"word":"osyjm@cs.montana.edu","originalText":"osyjm@cs.montana.edu","characterOffsetBegin":6,"characterOffsetEnd":26,"pos":"NN","before":" ","after":" "},{"index":4,"word":"-LRB-","originalText":"(","characterOffsetBegin":27,"characterOffsetEnd":28,"pos":"-LRB-","before":" ","after":""},{"index":5,"word":"Jaye","originalText":"Jaye","characterOffsetBegin":28,"characterOffsetEnd":32,"pos":"NNP","before":"","after":" "},{"index":6,"word":"Mathisen","originalText":"Mathisen","characterOffsetBegin":33,"characterOffsetEnd":41,"pos":"NNP","before":" ","after":""},{"index":7,"word":"-RRB-","originalText":")","characterOffsetBegin":41,"characterOffsetEnd":42,"pos":"-RRB-","before":"","after":""},{"index":8,"word":"Subject","originalText":"Subject","characterOffsetBegin":42,"characterOffsetEnd":49,"pos":"NNP","before":"","after":""},{"index":9,"word":":","originalText":":","characterOffsetBegin":49,"characterOffsetEnd":50,"pos":":","before":"","after":" "},{"index":10,"word":"XTERM","originalText":"XTERM","characterOffsetBegin":51,"characterOffsetEnd":56,"pos":"NNP","before":" ","after":" "},{"index":11,"word":"patches","originalText":"patches","characterOffsetBegin":57,"characterOffsetEnd":64,"pos":"NNS","before":" ","after":" "},{"index":12,"word":"for","originalText":"for","characterOffsetBegin":65,"characterOffsetEnd":68,"pos":"IN","before":" ","after":" "},{"index":13,"word":"Alpha","originalText":"Alpha","characterOffsetBegin":69,"characterOffsetEnd":74,"pos":"NNP","before":" ","after":" "},{"index":14,"word":"OSF","originalText":"OSF","characterOffsetBegin":75,"characterOffsetEnd":78,"pos":"NNP","before":" ","after":" "},{"index":15,"word":"1.2","originalText":"1.2","characterOffsetBegin":79,"characterOffsetEnd":82,"pos":"CD","before":" ","after":""},{"index":16,"word":"?","originalText":"?","characterOffsetBegin":82,"characterOffsetEnd":83,"pos":".","before":"","after":""}]},{"index":1,"tokens":[{"index":1,"word":"Well","originalText":"Well","characterOffsetBegin":83,"characterOffsetEnd":87,"pos":"RB","before":"","after":""},{"index":2,"word":",","originalText":",","characterOffsetBegin":87,"characterOffsetEnd":88,"pos":",","before":"","after":" "},{"index":3,"word":"after","originalText":"after","characterOffsetBegin":89,"characterOffsetEnd":94,"pos":"IN","before":" ","after":" "},{"index":4,"word":"massaging","originalText":"massaging","characterOffsetBegin":95,"characterOffsetEnd":104,"pos":"VBG","before":" ","after":" "},{"index":5,"word":"the","originalText":"the","characterOffsetBegin":105,"characterOffsetEnd":108,"pos":"DT","before":" ","after":" "},{"index":6,"word":"Dec.cf","originalText":"Dec.cf","characterOffsetBegin":109,"characterOffsetEnd":115,"pos":"NN","before":" ","after":""},{"index":7,"word":",","originalText":",","characterOffsetBegin":115,"characterOffsetEnd":116,"pos":",","before":"","after":" "},{"index":8,"word":"osf.def","originalText":"osf.def","characterOffsetBegin":117,"characterOffsetEnd":124,"pos":"NN","before":" ","after":""},{"index":9,"word":",","originalText":",","characterOffsetBegin":124,"characterOffsetEnd":125,"pos":",","before":"","after":" "},{"index":10,"word":"-LRB-","originalText":"(","characterOffsetBegin":126,"characterOffsetEnd":127,"pos":"-LRB-","before":" ","after":""},{"index":11,"word":"ca","originalText":"ca","characterOffsetBegin":127,"characterOffsetEnd":129,"pos":"MD","before":"","after":""},{"index":12,"word":"n't","originalText":"n't","characterOffsetBegin":129,"characterOffsetEnd":132,"pos":"RB","before":"","after":" "},{"index":13,"word":"remember","originalText":"remember","characterOffsetBegin":133,"characterOffsetEnd":141,"pos":"VB","before":" ","after":" "},{"index":14,"word":"the","originalText":"the","characterOffsetBegin":142,"characterOffsetEnd":145,"pos":"DT","before":" ","after":" "},{"index":15,"word":"exact","originalText":"exact","characterOffsetBegin":146,"characterOffsetEnd":151,"pos":"JJ","before":" ","after":" "},{"index":16,"word":"names","originalText":"names","characterOffsetBegin":152,"characterOffsetEnd":157,"pos":"NNS","before":" ","after":""},{"index":17,"word":"-RRB-","originalText":")","characterOffsetBegin":157,"characterOffsetEnd":158,"pos":"-RRB-","before":"","after":""},{"index":18,"word":"from","originalText":"from","characterOffsetBegin":158,"characterOffsetEnd":162,"pos":"IN","before":"","after":" "},{"index":19,"word":"OSF","originalText":"OSF","characterOffsetBegin":163,"characterOffsetEnd":166,"pos":"NNP","before":" ","after":" "},{"index":20,"word":"into","originalText":"into","characterOffsetBegin":167,"characterOffsetEnd":171,"pos":"IN","before":" ","after":" "},{"index":21,"word":"my","originalText":"my","characterOffsetBegin":172,"characterOffsetEnd":174,"pos":"PRP$","before":" ","after":" "},{"index":22,"word":"normal","originalText":"normal","characterOffsetBegin":175,"characterOffsetEnd":181,"pos":"JJ","before":" ","after":" "},{"index":23,"word":"X11R5","originalText":"X11R5","characterOffsetBegin":182,"characterOffsetEnd":187,"pos":"NN","before":" ","after":" "},{"index":24,"word":"distribution","originalText":"distribution","characterOffsetBegin":188,"characterOffsetEnd":200,"pos":"NN","before":" ","after":""},{"index":25,"word":",","originalText":",","characterOffsetBegin":200,"characterOffsetEnd":201,"pos":",","before":"","after":" "},{"index":26,"word":"everything","originalText":"everything","characterOffsetBegin":202,"characterOffsetEnd":212,"pos":"NN","before":" ","after":" "},{"index":27,"word":"compiles","originalText":"compiles","characterOffsetBegin":213,"characterOffsetEnd":221,"pos":"VBZ","before":" ","after":" "},{"index":28,"word":"and","originalText":"and","characterOffsetBegin":222,"characterOffsetEnd":225,"pos":"CC","before":" ","after":" "},{"index":29,"word":"linksfine","originalText":"linksfine","characterOffsetBegin":226,"characterOffsetEnd":235,"pos":"NN","before":" ","after":""},{"index":30,"word":",","originalText":",","characterOffsetBegin":235,"characterOffsetEnd":236,"pos":",","before":"","after":" "},{"index":31,"word":"but","originalText":"but","characterOffsetBegin":237,"characterOffsetEnd":240,"pos":"CC","before":" ","after":" "},{"index":32,"word":"xterm","originalText":"xterm","characterOffsetBegin":241,"characterOffsetEnd":246,"pos":"NN","before":" ","after":" "},{"index":33,"word":"does","originalText":"does","characterOffsetBegin":247,"characterOffsetEnd":251,"pos":"VBZ","before":" ","after":""},{"index":34,"word":"n't","originalText":"n't","characterOffsetBegin":251,"characterOffsetEnd":254,"pos":"RB","before":"","after":" "},{"index":35,"word":"run.Warning","originalText":"run.Warning","characterOffsetBegin":255,"characterOffsetEnd":266,"pos":"NN","before":" ","after":""},{"index":36,"word":":","originalText":":","characterOffsetBegin":266,"characterOffsetEnd":267,"pos":":","before":"","after":" "},{"index":37,"word":"Representation","originalText":"Representation","characterOffsetBegin":268,"characterOffsetEnd":282,"pos":"NN","before":" ","after":" "},{"index":38,"word":"size","originalText":"size","characterOffsetBegin":283,"characterOffsetEnd":287,"pos":"NN","before":" ","after":" "},{"index":39,"word":"8","originalText":"8","characterOffsetBegin":288,"characterOffsetEnd":289,"pos":"CD","before":" ","after":" "},{"index":40,"word":"must","originalText":"must","characterOffsetBegin":290,"characterOffsetEnd":294,"pos":"MD","before":" ","after":" "},{"index":41,"word":"match","originalText":"match","characterOffsetBegin":295,"characterOffsetEnd":300,"pos":"VB","before":" ","after":" "},{"index":42,"word":"superclass","originalText":"superclass","characterOffsetBegin":301,"characterOffsetEnd":311,"pos":"NN","before":" ","after":""},{"index":43,"word":"'s","originalText":"'s","characterOffsetBegin":311,"characterOffsetEnd":313,"pos":"POS","before":"","after":" "},{"index":44,"word":"to","originalText":"to","characterOffsetBegin":314,"characterOffsetEnd":316,"pos":"TO","before":" ","after":" "},{"index":45,"word":"override","originalText":"override","characterOffsetBegin":317,"characterOffsetEnd":325,"pos":"VB","before":" ","after":" "},{"index":46,"word":"backgroundWarning","originalText":"backgroundWarning","characterOffsetBegin":326,"characterOffsetEnd":343,"pos":"NN","before":" ","after":""},{"index":47,"word":":","originalText":":","characterOffsetBegin":343,"characterOffsetEnd":344,"pos":":","before":"","after":" "},{"index":48,"word":"translation","originalText":"translation","characterOffsetBegin":345,"characterOffsetEnd":356,"pos":"NN","before":" ","after":" "},{"index":49,"word":"table","originalText":"table","characterOffsetBegin":357,"characterOffsetEnd":362,"pos":"NN","before":" ","after":" "},{"index":50,"word":"syntax","originalText":"syntax","characterOffsetBegin":363,"characterOffsetEnd":369,"pos":"NN","before":" ","after":" "},{"index":51,"word":"error","originalText":"error","characterOffsetBegin":370,"characterOffsetEnd":375,"pos":"NN","before":" ","after":""},{"index":52,"word":":","originalText":":","characterOffsetBegin":375,"characterOffsetEnd":376,"pos":":","before":"","after":" "},{"index":53,"word":"Modifier","originalText":"Modifier","characterOffsetBegin":377,"characterOffsetEnd":385,"pos":"NNP","before":" ","after":" "},{"index":54,"word":"or","originalText":"or","characterOffsetBegin":386,"characterOffsetEnd":388,"pos":"CC","before":" ","after":" "},{"index":55,"word":"'","originalText":"'","characterOffsetBegin":389,"characterOffsetEnd":390,"pos":"''","before":" ","after":""},{"index":56,"word":"<","originalText":"<","characterOffsetBegin":390,"characterOffsetEnd":391,"pos":"JJR","before":"","after":""},{"index":57,"word":"'","originalText":"'","characterOffsetBegin":391,"characterOffsetEnd":392,"pos":"''","before":"","after":" "},{"index":58,"word":"expectedWarning","originalText":"expectedWarning","characterOffsetBegin":393,"characterOffsetEnd":408,"pos":"NN","before":" ","after":""},{"index":59,"word":":","originalText":":","characterOffsetBegin":408,"characterOffsetEnd":409,"pos":":","before":"","after":" "},{"index":60,"word":"...","originalText":"...","characterOffsetBegin":410,"characterOffsetEnd":413,"pos":":","before":" ","after":" "},{"index":61,"word":"found","originalText":"found","characterOffsetBegin":414,"characterOffsetEnd":419,"pos":"VBN","before":" ","after":" "},{"index":62,"word":"while","originalText":"while","characterOffsetBegin":420,"characterOffsetEnd":425,"pos":"IN","before":" ","after":" "},{"index":63,"word":"parsing","originalText":"parsing","characterOffsetBegin":426,"characterOffsetEnd":433,"pos":"VBG","before":" ","after":" "},{"index":64,"word":"`","originalText":"'","characterOffsetBegin":434,"characterOffsetEnd":435,"pos":"``","before":" ","after":""},{"index":65,"word":"p","originalText":"p","characterOffsetBegin":435,"characterOffsetEnd":436,"pos":"NN","before":"","after":""},{"index":66,"word":"^","originalText":"^","characterOffsetBegin":436,"characterOffsetEnd":437,"pos":"NN","before":"","after":""},{"index":67,"word":"#","originalText":"#","characterOffsetBegin":437,"characterOffsetEnd":438,"pos":"#","before":"","after":""},{"index":68,"word":"j","originalText":"j","characterOffsetBegin":438,"characterOffsetEnd":439,"pos":"FW","before":"","after":""},{"index":69,"word":"?","originalText":"?","characterOffsetBegin":439,"characterOffsetEnd":440,"pos":".","before":"","after":""}]},{"index":2,"tokens":[{"index":1,"word":";'P","originalText":";'P","characterOffsetBegin":440,"characterOffsetEnd":443,"pos":"NN","before":"","after":""},{"index":2,"word":"-RRB-","originalText":")","characterOffsetBegin":443,"characterOffsetEnd":444,"pos":"-RRB-","before":"","after":""},{"index":3,"word":"=","originalText":"=","characterOffsetBegin":444,"characterOffsetEnd":445,"pos":"JJ","before":"","after":""},{"index":4,"word":"#","originalText":"#","characterOffsetBegin":445,"characterOffsetEnd":446,"pos":"#","before":"","after":""},{"index":5,"word":"'","originalText":"'","characterOffsetBegin":446,"characterOffsetEnd":447,"pos":"''","before":"","after":""},{"index":6,"word":"X","originalText":"X","characterOffsetBegin":447,"characterOffsetEnd":448,"pos":"NN","before":"","after":" "},{"index":7,"word":"Error","originalText":"Error","characterOffsetBegin":449,"characterOffsetEnd":454,"pos":"NN","before":" ","after":" "},{"index":8,"word":"of","originalText":"of","characterOffsetBegin":455,"characterOffsetEnd":457,"pos":"IN","before":" ","after":" "},{"index":9,"word":"failed","originalText":"failed","characterOffsetBegin":458,"characterOffsetEnd":464,"pos":"VBN","before":" ","after":" "},{"index":10,"word":"request","originalText":"request","characterOffsetBegin":465,"characterOffsetEnd":472,"pos":"NN","before":" ","after":""},{"index":11,"word":":","originalText":":","characterOffsetBegin":472,"characterOffsetEnd":473,"pos":":","before":"","after":"  "},{"index":12,"word":"BadColor","originalText":"BadColor","characterOffsetBegin":475,"characterOffsetEnd":483,"pos":"NNP","before":"  ","after":" "},{"index":13,"word":"-LRB-","originalText":"(","characterOffsetBegin":484,"characterOffsetEnd":485,"pos":"-LRB-","before":" ","after":""},{"index":14,"word":"invalid","originalText":"invalid","characterOffsetBegin":485,"characterOffsetEnd":492,"pos":"JJ","before":"","after":" "},{"index":15,"word":"Colormap","originalText":"Colormap","characterOffsetBegin":493,"characterOffsetEnd":501,"pos":"NNP","before":" ","after":" "},{"index":16,"word":"parameter","originalText":"parameter","characterOffsetBegin":502,"characterOffsetEnd":511,"pos":"NN","before":" ","after":""},{"index":17,"word":"-RRB-","originalText":")","characterOffsetBegin":511,"characterOffsetEnd":512,"pos":"-RRB-","before":"","after":"  "},{"index":18,"word":"Major","originalText":"Major","characterOffsetBegin":514,"characterOffsetEnd":519,"pos":"JJ","before":"  ","after":" "},{"index":19,"word":"opcode","originalText":"opcode","characterOffsetBegin":520,"characterOffsetEnd":526,"pos":"NN","before":" ","after":" "},{"index":20,"word":"of","originalText":"of","characterOffsetBegin":527,"characterOffsetEnd":529,"pos":"IN","before":" ","after":" "},{"index":21,"word":"failed","originalText":"failed","characterOffsetBegin":530,"characterOffsetEnd":536,"pos":"VBN","before":" ","after":" "},{"index":22,"word":"request","originalText":"request","characterOffsetBegin":537,"characterOffsetEnd":544,"pos":"NN","before":" ","after":""},{"index":23,"word":":","originalText":":","characterOffsetBegin":544,"characterOffsetEnd":545,"pos":":","before":"","after":"  "},{"index":24,"word":"85","originalText":"85","characterOffsetBegin":547,"characterOffsetEnd":549,"pos":"CD","before":"  ","after":" "},{"index":25,"word":"-LRB-","originalText":"(","characterOffsetBegin":550,"characterOffsetEnd":551,"pos":"-LRB-","before":" ","after":""},{"index":26,"word":"X_AllocNamedColor","originalText":"X_AllocNamedColor","characterOffsetBegin":551,"characterOffsetEnd":568,"pos":"NN","before":"","after":""},{"index":27,"word":"-RRB-","originalText":")","characterOffsetBegin":568,"characterOffsetEnd":569,"pos":"-RRB-","before":"","after":"  "},{"index":28,"word":"Resource","originalText":"Resource","characterOffsetBegin":571,"characterOffsetEnd":579,"pos":"NNP","before":"  ","after":" "},{"index":29,"word":"id","originalText":"id","characterOffsetBegin":580,"characterOffsetEnd":582,"pos":"NN","before":" ","after":" "},{"index":30,"word":"in","originalText":"in","characterOffsetBegin":583,"characterOffsetEnd":585,"pos":"IN","before":" ","after":" "},{"index":31,"word":"failed","originalText":"failed","characterOffsetBegin":586,"characterOffsetEnd":592,"pos":"VBN","before":" ","after":" "},{"index":32,"word":"request","originalText":"request","characterOffsetBegin":593,"characterOffsetEnd":600,"pos":"NN","before":" ","after":""},{"index":33,"word":":","originalText":":","characterOffsetBegin":600,"characterOffsetEnd":601,"pos":":","before":"","after":"  "},{"index":34,"word":"0x0","originalText":"0x0","characterOffsetBegin":603,"characterOffsetEnd":606,"pos":"CD","before":"  ","after":"  "},{"index":35,"word":"Serial","originalText":"Serial","characterOffsetBegin":608,"characterOffsetEnd":614,"pos":"JJ","before":"  ","after":" "},{"index":36,"word":"number","originalText":"number","characterOffsetBegin":615,"characterOffsetEnd":621,"pos":"NN","before":" ","after":" "},{"index":37,"word":"of","originalText":"of","characterOffsetBegin":622,"characterOffsetEnd":624,"pos":"IN","before":" ","after":" "},{"index":38,"word":"failed","originalText":"failed","characterOffsetBegin":625,"characterOffsetEnd":631,"pos":"VBN","before":" ","after":" "},{"index":39,"word":"request","originalText":"request","characterOffsetBegin":632,"characterOffsetEnd":639,"pos":"NN","before":" ","after":""},{"index":40,"word":":","originalText":":","characterOffsetBegin":639,"characterOffsetEnd":640,"pos":":","before":"","after":"  "},{"index":41,"word":"18","originalText":"18","characterOffsetBegin":642,"characterOffsetEnd":644,"pos":"CD","before":"  ","after":"  "},{"index":42,"word":"Current","originalText":"Current","characterOffsetBegin":646,"characterOffsetEnd":653,"pos":"JJ","before":"  ","after":" "},{"index":43,"word":"serial","originalText":"serial","characterOffsetBegin":654,"characterOffsetEnd":660,"pos":"NN","before":" ","after":" "},{"index":44,"word":"number","originalText":"number","characterOffsetBegin":661,"characterOffsetEnd":667,"pos":"NN","before":" ","after":" "},{"index":45,"word":"in","originalText":"in","characterOffsetBegin":668,"characterOffsetEnd":670,"pos":"IN","before":" ","after":" "},{"index":46,"word":"output","originalText":"output","characterOffsetBegin":671,"characterOffsetEnd":677,"pos":"NN","before":" ","after":" "},{"index":47,"word":"stream","originalText":"stream","characterOffsetBegin":678,"characterOffsetEnd":684,"pos":"NN","before":" ","after":""},{"index":48,"word":":","originalText":":","characterOffsetBegin":684,"characterOffsetEnd":685,"pos":":","before":"","after":"  "},{"index":49,"word":"18Other","originalText":"18Other","characterOffsetBegin":687,"characterOffsetEnd":694,"pos":"NN","before":"  ","after":" "},{"index":50,"word":"than","originalText":"than","characterOffsetBegin":695,"characterOffsetEnd":699,"pos":"IN","before":" ","after":" "},{"index":51,"word":"this","originalText":"this","characterOffsetBegin":700,"characterOffsetEnd":704,"pos":"DT","before":" ","after":""},{"index":52,"word":",","originalText":",","characterOffsetBegin":704,"characterOffsetEnd":705,"pos":",","before":"","after":" "},{"index":53,"word":"all","originalText":"all","characterOffsetBegin":706,"characterOffsetEnd":709,"pos":"PDT","before":" ","after":" "},{"index":54,"word":"the","originalText":"the","characterOffsetBegin":710,"characterOffsetEnd":713,"pos":"DT","before":" ","after":" "},{"index":55,"word":"other","originalText":"other","characterOffsetBegin":714,"characterOffsetEnd":719,"pos":"JJ","before":" ","after":" "},{"index":56,"word":"core","originalText":"core","characterOffsetBegin":720,"characterOffsetEnd":724,"pos":"NN","before":" ","after":" "},{"index":57,"word":"X","originalText":"X","characterOffsetBegin":725,"characterOffsetEnd":726,"pos":"NN","before":" ","after":" "},{"index":58,"word":"stuff","originalText":"stuff","characterOffsetBegin":727,"characterOffsetEnd":732,"pos":"NN","before":" ","after":" "},{"index":59,"word":"seems","originalText":"seems","characterOffsetBegin":733,"characterOffsetEnd":738,"pos":"VBZ","before":" ","after":" "},{"index":60,"word":"to","originalText":"to","characterOffsetBegin":739,"characterOffsetEnd":741,"pos":"TO","before":" ","after":" "},{"index":61,"word":"be","originalText":"be","characterOffsetBegin":742,"characterOffsetEnd":744,"pos":"VB","before":" ","after":" "},{"index":62,"word":"working","originalText":"working","characterOffsetBegin":745,"characterOffsetEnd":752,"pos":"VBG","before":" ","after":" "},{"index":63,"word":"OK","originalText":"OK","characterOffsetBegin":753,"characterOffsetEnd":755,"pos":"UH","before":" ","after":""},{"index":64,"word":".","originalText":".","characterOffsetBegin":755,"characterOffsetEnd":756,"pos":".","before":"","after":"  "}]},{"index":3,"tokens":[{"index":1,"word":"Anyhints/tips","originalText":"Anyhints/tips","characterOffsetBegin":758,"characterOffsetEnd":771,"pos":"NNS","before":"  ","after":" "},{"index":2,"word":"appreciated","originalText":"appreciated","characterOffsetBegin":772,"characterOffsetEnd":783,"pos":"VBD","before":" ","after":""},{"index":3,"word":",","originalText":",","characterOffsetBegin":783,"characterOffsetEnd":784,"pos":",","before":"","after":" "},{"index":4,"word":"patches","originalText":"patches","characterOffsetBegin":785,"characterOffsetEnd":792,"pos":"NNS","before":" ","after":" "},{"index":5,"word":"would","originalText":"would","characterOffsetBegin":793,"characterOffsetEnd":798,"pos":"MD","before":" ","after":" "},{"index":6,"word":"be","originalText":"be","characterOffsetBegin":799,"characterOffsetEnd":801,"pos":"VB","before":" ","after":" "},{"index":7,"word":"primo.Thanks","originalText":"primo.Thanks","characterOffsetBegin":802,"characterOffsetEnd":814,"pos":"NNPS","before":" ","after":""},{"index":8,"word":".","originalText":".","characterOffsetBegin":814,"characterOffsetEnd":815,"pos":".","before":"","after":""}]},{"index":4,"tokens":[{"index":1,"word":"--","originalText":"--","characterOffsetBegin":815,"characterOffsetEnd":817,"pos":":","before":"","after":"  "},{"index":2,"word":"Jaye","originalText":"Jaye","characterOffsetBegin":819,"characterOffsetEnd":823,"pos":"NNP","before":"  ","after":" "},{"index":3,"word":"Mathisen","originalText":"Mathisen","characterOffsetBegin":824,"characterOffsetEnd":832,"pos":"NNP","before":" ","after":""},{"index":4,"word":",","originalText":",","characterOffsetBegin":832,"characterOffsetEnd":833,"pos":",","before":"","after":" "},{"index":5,"word":"COE","originalText":"COE","characterOffsetBegin":834,"characterOffsetEnd":837,"pos":"NNP","before":" ","after":" "},{"index":6,"word":"Systems","originalText":"Systems","characterOffsetBegin":838,"characterOffsetEnd":845,"pos":"NNPS","before":" ","after":" "},{"index":7,"word":"Manager","originalText":"Manager","characterOffsetBegin":846,"characterOffsetEnd":853,"pos":"NNP","before":" ","after":"                "},{"index":8,"word":"-LRB-406-RRB- 994-4780","originalText":"(406) 994-4780","characterOffsetBegin":869,"characterOffsetEnd":883,"pos":"NN","before":"                ","after":" "},{"index":9,"word":"410","originalText":"410","characterOffsetBegin":884,"characterOffsetEnd":887,"pos":"CD","before":" ","after":" "},{"index":10,"word":"Roberts","originalText":"Roberts","characterOffsetBegin":888,"characterOffsetEnd":895,"pos":"NNP","before":" ","after":" "},{"index":11,"word":"Hall","originalText":"Hall","characterOffsetBegin":896,"characterOffsetEnd":900,"pos":"NNP","before":" ","after":""},{"index":12,"word":",","originalText":",","characterOffsetBegin":900,"characterOffsetEnd":901,"pos":",","before":"","after":""},{"index":13,"word":"Dept.","originalText":"Dept.","characterOffsetBegin":901,"characterOffsetEnd":906,"pos":"NNP","before":"","after":" "},{"index":14,"word":"of","originalText":"of","characterOffsetBegin":907,"characterOffsetEnd":909,"pos":"IN","before":" ","after":" "},{"index":15,"word":"Computer","originalText":"Computer","characterOffsetBegin":910,"characterOffsetEnd":918,"pos":"NNP","before":" ","after":" "},{"index":16,"word":"Science","originalText":"Science","characterOffsetBegin":919,"characterOffsetEnd":926,"pos":"NNP","before":" ","after":" "},{"index":17,"word":"Montana","originalText":"Montana","characterOffsetBegin":927,"characterOffsetEnd":934,"pos":"NNP","before":" ","after":" "},{"index":18,"word":"State","originalText":"State","characterOffsetBegin":935,"characterOffsetEnd":940,"pos":"NNP","before":" ","after":" "},{"index":19,"word":"University","originalText":"University","characterOffsetBegin":941,"characterOffsetEnd":951,"pos":"NNP","before":" ","after":""},{"index":20,"word":",","originalText":",","characterOffsetBegin":951,"characterOffsetEnd":952,"pos":",","before":"","after":""},{"index":21,"word":"Bozeman","originalText":"Bozeman","characterOffsetBegin":952,"characterOffsetEnd":959,"pos":"NNP","before":"","after":" "},{"index":22,"word":"MT","originalText":"MT","characterOffsetBegin":960,"characterOffsetEnd":962,"pos":"NNP","before":" ","after":" "},{"index":23,"word":"59717","originalText":"59717","characterOffsetBegin":963,"characterOffsetEnd":968,"pos":"CD","before":" ","after":"\t"},{"index":24,"word":"osyjm@cs.montana.edu","originalText":"osyjm@cs.montana.edu","characterOffsetBegin":969,"characterOffsetEnd":989,"pos":"NN","before":"\t","after":""}]}]}