{"sentences":[{"index":0,"tokens":[{"index":1,"word":"From","originalText":"From","characterOffsetBegin":0,"characterOffsetEnd":4,"pos":"IN","before":"","after":""},{"index":2,"word":":","originalText":":","characterOffsetBegin":4,"characterOffsetEnd":5,"pos":":","before":"","after":" "},{"index":3,"word":"davesimp@soda.berkeley.edu","originalText":"davesimp@soda.berkeley.edu","characterOffsetBegin":6,"characterOffsetEnd":32,"pos":"NN","before":" ","after":" "},{"index":4,"word":"-LRB-","originalText":"(","characterOffsetBegin":33,"characterOffsetEnd":34,"pos":"-LRB-","before":" ","after":""},{"index":5,"word":"David","originalText":"David","characterOffsetBegin":34,"characterOffsetEnd":39,"pos":"NNP","before":"","after":" "},{"index":6,"word":"Simpson","originalText":"Simpson","characterOffsetBegin":40,"characterOffsetEnd":47,"pos":"NNP","before":" ","after":""},{"index":7,"word":"-RRB-","originalText":")","characterOffsetBegin":47,"characterOffsetEnd":48,"pos":"-RRB-","before":"","after":""},{"index":8,"word":"Subject","originalText":"Subject","characterOffsetBegin":48,"characterOffsetEnd":55,"pos":"NNP","before":"","after":""},{"index":9,"word":":","originalText":":","characterOffsetBegin":55,"characterOffsetEnd":56,"pos":":","before":"","after":" "},{"index":10,"word":"Trying","originalText":"Trying","characterOffsetBegin":57,"characterOffsetEnd":63,"pos":"VBG","before":" ","after":" "},{"index":11,"word":"to","originalText":"to","characterOffsetBegin":64,"characterOffsetEnd":66,"pos":"TO","before":" ","after":" "},{"index":12,"word":"find","originalText":"find","characterOffsetBegin":67,"characterOffsetEnd":71,"pos":"VB","before":" ","after":" "},{"index":13,"word":"papers","originalText":"papers","characterOffsetBegin":72,"characterOffsetEnd":78,"pos":"NNS","before":" ","after":" "},{"index":14,"word":"by","originalText":"by","characterOffsetBegin":79,"characterOffsetEnd":81,"pos":"IN","before":" ","after":" "},{"index":15,"word":"RosenthalI","originalText":"RosenthalI","characterOffsetBegin":82,"characterOffsetEnd":92,"pos":"NN","before":" ","after":" "},{"index":16,"word":"have","originalText":"have","characterOffsetBegin":93,"characterOffsetEnd":97,"pos":"VBP","before":" ","after":" "},{"index":17,"word":"the","originalText":"the","characterOffsetBegin":98,"characterOffsetEnd":101,"pos":"DT","before":" ","after":" "},{"index":18,"word":"March/April","originalText":"March/April","characterOffsetBegin":102,"characterOffsetEnd":113,"pos":"NNP","before":" ","after":" "},{"index":19,"word":"version","originalText":"version","characterOffsetBegin":114,"characterOffsetEnd":121,"pos":"NN","before":" ","after":" "},{"index":20,"word":"of","originalText":"of","characterOffsetBegin":122,"characterOffsetEnd":124,"pos":"IN","before":" ","after":" "},{"index":21,"word":"the","originalText":"the","characterOffsetBegin":125,"characterOffsetEnd":128,"pos":"DT","before":" ","after":" "},{"index":22,"word":"X","originalText":"X","characterOffsetBegin":129,"characterOffsetEnd":130,"pos":"NN","before":" ","after":" "},{"index":23,"word":"Journal","originalText":"Journal","characterOffsetBegin":131,"characterOffsetEnd":138,"pos":"NNP","before":" ","after":" "},{"index":24,"word":"open","originalText":"open","characterOffsetBegin":139,"characterOffsetEnd":143,"pos":"JJ","before":" ","after":" "},{"index":25,"word":"in","originalText":"in","characterOffsetBegin":144,"characterOffsetEnd":146,"pos":"IN","before":" ","after":" "},{"index":26,"word":"front","originalText":"front","characterOffsetBegin":147,"characterOffsetEnd":152,"pos":"NN","before":" ","after":" "},{"index":27,"word":"of","originalText":"of","characterOffsetBegin":153,"characterOffsetEnd":155,"pos":"IN","before":" ","after":" "},{"index":28,"word":"me.I","originalText":"me.I","characterOffsetBegin":156,"characterOffsetEnd":160,"pos":"NNP","before":" ","after":""},{"index":29,"word":"'ll","originalText":"'ll","characterOffsetBegin":160,"characterOffsetEnd":163,"pos":"MD","before":"","after":" "},{"index":30,"word":"be","originalText":"be","characterOffsetBegin":164,"characterOffsetEnd":166,"pos":"VB","before":" ","after":" "},{"index":31,"word":"working","originalText":"working","characterOffsetBegin":167,"characterOffsetEnd":174,"pos":"VBG","before":" ","after":" "},{"index":32,"word":"on","originalText":"on","characterOffsetBegin":175,"characterOffsetEnd":177,"pos":"IN","before":" ","after":" "},{"index":33,"word":"programming","originalText":"programming","characterOffsetBegin":178,"characterOffsetEnd":189,"pos":"NN","before":" ","after":" "},{"index":34,"word":"x-clients","originalText":"x-clients","characterOffsetBegin":190,"characterOffsetEnd":199,"pos":"NNS","before":" ","after":" "},{"index":35,"word":"this","originalText":"this","characterOffsetBegin":200,"characterOffsetEnd":204,"pos":"DT","before":" ","after":" "},{"index":36,"word":"summer","originalText":"summer","characterOffsetBegin":205,"characterOffsetEnd":211,"pos":"NN","before":" ","after":""},{"index":37,"word":",","originalText":",","characterOffsetBegin":211,"characterOffsetEnd":212,"pos":",","before":"","after":" "},{"index":38,"word":"and","originalText":"and","characterOffsetBegin":213,"characterOffsetEnd":216,"pos":"CC","before":" ","after":" "},{"index":39,"word":"since","originalText":"since","characterOffsetBegin":217,"characterOffsetEnd":222,"pos":"IN","before":" ","after":" "},{"index":40,"word":"I","originalText":"I","characterOffsetBegin":223,"characterOffsetEnd":224,"pos":"PRP","before":" ","after":" "},{"index":41,"word":"do","originalText":"do","characterOffsetBegin":225,"characterOffsetEnd":227,"pos":"VBP","before":" ","after":""},{"index":42,"word":"n't","originalText":"n't","characterOffsetBegin":227,"characterOffsetEnd":230,"pos":"RB","before":"","after":" "},{"index":43,"word":"havemuch","originalText":"havemuch","characterOffsetBegin":231,"characterOffsetEnd":239,"pos":"JJ","before":" ","after":" "},{"index":44,"word":"experience","originalText":"experience","characterOffsetBegin":240,"characterOffsetEnd":250,"pos":"NN","before":" ","after":" "},{"index":45,"word":"with","originalText":"with","characterOffsetBegin":251,"characterOffsetEnd":255,"pos":"IN","before":" ","after":" "},{"index":46,"word":"programming","originalText":"programming","characterOffsetBegin":256,"characterOffsetEnd":267,"pos":"NN","before":" ","after":" "},{"index":47,"word":"X","originalText":"X","characterOffsetBegin":268,"characterOffsetEnd":269,"pos":"NN","before":" ","after":""},{"index":48,"word":",","originalText":",","characterOffsetBegin":269,"characterOffsetEnd":270,"pos":",","before":"","after":" "},{"index":49,"word":"I","originalText":"I","characterOffsetBegin":271,"characterOffsetEnd":272,"pos":"PRP","before":" ","after":" "},{"index":50,"word":"thought","originalText":"thought","characterOffsetBegin":273,"characterOffsetEnd":280,"pos":"VBD","before":" ","after":" "},{"index":51,"word":"this","originalText":"this","characterOffsetBegin":281,"characterOffsetEnd":285,"pos":"DT","before":" ","after":" "},{"index":52,"word":"issue","originalText":"issue","characterOffsetBegin":286,"characterOffsetEnd":291,"pos":"NN","before":" ","after":" "},{"index":53,"word":"might","originalText":"might","characterOffsetBegin":292,"characterOffsetEnd":297,"pos":"MD","before":" ","after":" "},{"index":54,"word":"be","originalText":"be","characterOffsetBegin":298,"characterOffsetEnd":300,"pos":"VB","before":" ","after":" "},{"index":55,"word":"helpfulas","originalText":"helpfulas","characterOffsetBegin":301,"characterOffsetEnd":310,"pos":"NNS","before":" ","after":" "},{"index":56,"word":"it","originalText":"it","characterOffsetBegin":311,"characterOffsetEnd":313,"pos":"PRP","before":" ","after":" "},{"index":57,"word":"has","originalText":"has","characterOffsetBegin":314,"characterOffsetEnd":317,"pos":"VBZ","before":" ","after":" "},{"index":58,"word":"a","originalText":"a","characterOffsetBegin":318,"characterOffsetEnd":319,"pos":"DT","before":" ","after":" "},{"index":59,"word":"section","originalText":"section","characterOffsetBegin":320,"characterOffsetEnd":327,"pos":"NN","before":" ","after":" "},{"index":60,"word":"on","originalText":"on","characterOffsetBegin":328,"characterOffsetEnd":330,"pos":"IN","before":" ","after":" "},{"index":61,"word":"debugging","originalText":"debugging","characterOffsetBegin":331,"characterOffsetEnd":340,"pos":"NN","before":" ","after":""},{"index":62,"word":",","originalText":",","characterOffsetBegin":340,"characterOffsetEnd":341,"pos":",","before":"","after":" "},{"index":63,"word":"and","originalText":"and","characterOffsetBegin":342,"characterOffsetEnd":345,"pos":"CC","before":" ","after":" "},{"index":64,"word":"a","originalText":"a","characterOffsetBegin":346,"characterOffsetEnd":347,"pos":"DT","before":" ","after":" "},{"index":65,"word":"section","originalText":"section","characterOffsetBegin":348,"characterOffsetEnd":355,"pos":"NN","before":" ","after":" "},{"index":66,"word":"on","originalText":"on","characterOffsetBegin":356,"characterOffsetEnd":358,"pos":"IN","before":" ","after":" "},{"index":67,"word":"the","originalText":"the","characterOffsetBegin":359,"characterOffsetEnd":362,"pos":"DT","before":" ","after":" "},{"index":68,"word":"40","originalText":"40","characterOffsetBegin":363,"characterOffsetEnd":365,"pos":"CD","before":" ","after":" "},{"index":69,"word":"most","originalText":"most","characterOffsetBegin":366,"characterOffsetEnd":370,"pos":"RBS","before":" ","after":" "},{"index":70,"word":"common","originalText":"common","characterOffsetBegin":371,"characterOffsetEnd":377,"pos":"JJ","before":" ","after":" "},{"index":71,"word":"errorsin","originalText":"errorsin","characterOffsetBegin":378,"characterOffsetEnd":386,"pos":"NN","before":" ","after":" "},{"index":72,"word":"programming","originalText":"programming","characterOffsetBegin":387,"characterOffsetEnd":398,"pos":"NN","before":" ","after":" "},{"index":73,"word":"X.At","originalText":"X.At","characterOffsetBegin":399,"characterOffsetEnd":403,"pos":"NN","before":" ","after":" "},{"index":74,"word":"the","originalText":"the","characterOffsetBegin":404,"characterOffsetEnd":407,"pos":"DT","before":" ","after":" "},{"index":75,"word":"end","originalText":"end","characterOffsetBegin":408,"characterOffsetEnd":411,"pos":"NN","before":" ","after":" "},{"index":76,"word":"of","originalText":"of","characterOffsetBegin":412,"characterOffsetEnd":414,"pos":"IN","before":" ","after":" "},{"index":77,"word":"the","originalText":"the","characterOffsetBegin":415,"characterOffsetEnd":418,"pos":"DT","before":" ","after":" "},{"index":78,"word":"errors","originalText":"errors","characterOffsetBegin":419,"characterOffsetEnd":425,"pos":"NNS","before":" ","after":" "},{"index":79,"word":"section","originalText":"section","characterOffsetBegin":426,"characterOffsetEnd":433,"pos":"NN","before":" ","after":""},{"index":80,"word":",","originalText":",","characterOffsetBegin":433,"characterOffsetEnd":434,"pos":",","before":"","after":" "},{"index":81,"word":"there","originalText":"there","characterOffsetBegin":435,"characterOffsetEnd":440,"pos":"EX","before":" ","after":" "},{"index":82,"word":"are","originalText":"are","characterOffsetBegin":441,"characterOffsetEnd":444,"pos":"VBP","before":" ","after":" "},{"index":83,"word":"the","originalText":"the","characterOffsetBegin":445,"characterOffsetEnd":448,"pos":"DT","before":" ","after":" "},{"index":84,"word":"following","originalText":"following","characterOffsetBegin":449,"characterOffsetEnd":458,"pos":"VBG","before":" ","after":" "},{"index":85,"word":"references","originalText":"references","characterOffsetBegin":459,"characterOffsetEnd":469,"pos":"NNS","before":" ","after":" "},{"index":86,"word":"fortutorials","originalText":"fortutorials","characterOffsetBegin":470,"characterOffsetEnd":482,"pos":"NNS","before":" ","after":" "},{"index":87,"word":"on","originalText":"on","characterOffsetBegin":483,"characterOffsetEnd":485,"pos":"IN","before":" ","after":" "},{"index":88,"word":"X","originalText":"X","characterOffsetBegin":486,"characterOffsetEnd":487,"pos":"NN","before":" ","after":" "},{"index":89,"word":"programming","originalText":"programming","characterOffsetBegin":488,"characterOffsetEnd":499,"pos":"NN","before":" ","after":" "},{"index":90,"word":"style","originalText":"style","characterOffsetBegin":500,"characterOffsetEnd":505,"pos":"NN","before":" ","after":""},{"index":91,"word":".","originalText":".","characterOffsetBegin":505,"characterOffsetEnd":506,"pos":".","before":"","after":"  "}]},{"index":1,"tokens":[{"index":1,"word":"They","originalText":"They","characterOffsetBegin":508,"characterOffsetEnd":512,"pos":"PRP","before":"  ","after":" "},{"index":2,"word":"are","originalText":"are","characterOffsetBegin":513,"characterOffsetEnd":516,"pos":"VBP","before":" ","after":""},{"index":3,"word":":","originalText":":","characterOffsetBegin":516,"characterOffsetEnd":517,"pos":":","before":"","after":""},{"index":4,"word":"Rosenthal","originalText":"Rosenthal","characterOffsetBegin":517,"characterOffsetEnd":526,"pos":"NNP","before":"","after":""},{"index":5,"word":",","originalText":",","characterOffsetBegin":526,"characterOffsetEnd":527,"pos":",","before":"","after":" "},{"index":6,"word":"David","originalText":"David","characterOffsetBegin":528,"characterOffsetEnd":533,"pos":"NNP","before":" ","after":" "},{"index":7,"word":"-","originalText":"-","characterOffsetBegin":534,"characterOffsetEnd":535,"pos":":","before":" ","after":"   "},{"index":8,"word":"A","originalText":"A","characterOffsetBegin":538,"characterOffsetEnd":539,"pos":"NN","before":"   ","after":" "},{"index":9,"word":"simple","originalText":"simple","characterOffsetBegin":540,"characterOffsetEnd":546,"pos":"JJ","before":" ","after":" "},{"index":10,"word":"X11","originalText":"X11","characterOffsetBegin":547,"characterOffsetEnd":550,"pos":"NN","before":" ","after":" "},{"index":11,"word":"client","originalText":"client","characterOffsetBegin":551,"characterOffsetEnd":557,"pos":"NN","before":" ","after":" "},{"index":12,"word":"program","originalText":"program","characterOffsetBegin":558,"characterOffsetEnd":565,"pos":"NN","before":" ","after":"  "},{"index":13,"word":"Proceedings","originalText":"Proceedings","characterOffsetBegin":567,"characterOffsetEnd":578,"pos":"NNP","before":"  ","after":" "},{"index":14,"word":"of","originalText":"of","characterOffsetBegin":579,"characterOffsetEnd":581,"pos":"IN","before":" ","after":" "},{"index":15,"word":"the","originalText":"the","characterOffsetBegin":582,"characterOffsetEnd":585,"pos":"DT","before":" ","after":" "},{"index":16,"word":"Winter","originalText":"Winter","characterOffsetBegin":586,"characterOffsetEnd":592,"pos":"NNP","before":" ","after":" "},{"index":17,"word":"1988","originalText":"1988","characterOffsetBegin":593,"characterOffsetEnd":597,"pos":"CD","before":" ","after":" "},{"index":18,"word":"Usenix","originalText":"Usenix","characterOffsetBegin":598,"characterOffsetEnd":604,"pos":"NNP","before":" ","after":" "},{"index":19,"word":"Conference","originalText":"Conference","characterOffsetBegin":605,"characterOffsetEnd":615,"pos":"NNP","before":" ","after":""},{"index":20,"word":",","originalText":",","characterOffsetBegin":615,"characterOffsetEnd":616,"pos":",","before":"","after":" "},{"index":21,"word":"1988","originalText":"1988","characterOffsetBegin":617,"characterOffsetEnd":621,"pos":"CD","before":" ","after":""},{"index":22,"word":".","originalText":".","characterOffsetBegin":621,"characterOffsetEnd":622,"pos":".","before":"","after":""}]},{"index":2,"tokens":[{"index":1,"word":"Lemke","originalText":"Lemke","characterOffsetBegin":622,"characterOffsetEnd":627,"pos":"NNP","before":"","after":""},{"index":2,"word":",","originalText":",","characterOffsetBegin":627,"characterOffsetEnd":628,"pos":",","before":"","after":" "},{"index":3,"word":"D.","originalText":"D.","characterOffsetBegin":629,"characterOffsetEnd":631,"pos":"NNP","before":" ","after":""},{"index":4,"word":",","originalText":",","characterOffsetBegin":631,"characterOffsetEnd":632,"pos":",","before":"","after":" "},{"index":5,"word":"and","originalText":"and","characterOffsetBegin":633,"characterOffsetEnd":636,"pos":"CC","before":" ","after":" "},{"index":6,"word":"Rosenthal","originalText":"Rosenthal","characterOffsetBegin":637,"characterOffsetEnd":646,"pos":"NNP","before":" ","after":""},{"index":7,"word":",","originalText":",","characterOffsetBegin":646,"characterOffsetEnd":647,"pos":",","before":"","after":" "},{"index":8,"word":"D.","originalText":"D.","characterOffsetBegin":648,"characterOffsetEnd":650,"pos":"NNP","before":" ","after":" "},{"index":9,"word":"-","originalText":"-","characterOffsetBegin":651,"characterOffsetEnd":652,"pos":":","before":" ","after":"  "},{"index":10,"word":"Visualizing","originalText":"Visualizing","characterOffsetBegin":654,"characterOffsetEnd":665,"pos":"VBG","before":"  ","after":" "},{"index":11,"word":"X11","originalText":"X11","characterOffsetBegin":666,"characterOffsetEnd":669,"pos":"NN","before":" ","after":" "},{"index":12,"word":"clients","originalText":"clients","characterOffsetBegin":670,"characterOffsetEnd":677,"pos":"NNS","before":" ","after":"  "},{"index":13,"word":"Proceedings","originalText":"Proceedings","characterOffsetBegin":679,"characterOffsetEnd":690,"pos":"NNP","before":"  ","after":" "},{"index":14,"word":"of","originalText":"of","characterOffsetBegin":691,"characterOffsetEnd":693,"pos":"IN","before":" ","after":" "},{"index":15,"word":"the","originalText":"the","characterOffsetBegin":694,"characterOffsetEnd":697,"pos":"DT","before":" ","after":" "},{"index":16,"word":"Winter","originalText":"Winter","characterOffsetBegin":698,"characterOffsetEnd":704,"pos":"NNP","before":" ","after":" "},{"index":17,"word":"1989","originalText":"1989","characterOffsetBegin":705,"characterOffsetEnd":709,"pos":"CD","before":" ","after":" "},{"index":18,"word":"Usenix","originalText":"Usenix","characterOffsetBegin":710,"characterOffsetEnd":716,"pos":"NNP","before":" ","after":" "},{"index":19,"word":"Conference","originalText":"Conference","characterOffsetBegin":717,"characterOffsetEnd":727,"pos":"NNP","before":" ","after":""},{"index":20,"word":",","originalText":",","characterOffsetBegin":727,"characterOffsetEnd":728,"pos":",","before":"","after":" "},{"index":21,"word":"1989","originalText":"1989","characterOffsetBegin":729,"characterOffsetEnd":733,"pos":"CD","before":" ","after":""},{"index":22,"word":".","originalText":".","characterOffsetBegin":733,"characterOffsetEnd":734,"pos":".","before":"","after":""}]},{"index":3,"tokens":[{"index":1,"word":"Does","originalText":"Does","characterOffsetBegin":734,"characterOffsetEnd":738,"pos":"VBZ","before":"","after":" "},{"index":2,"word":"anyone","originalText":"anyone","characterOffsetBegin":739,"characterOffsetEnd":745,"pos":"NN","before":" ","after":" "},{"index":3,"word":"know","originalText":"know","characterOffsetBegin":746,"characterOffsetEnd":750,"pos":"VB","before":" ","after":" "},{"index":4,"word":"where","originalText":"where","characterOffsetBegin":751,"characterOffsetEnd":756,"pos":"WRB","before":" ","after":" "},{"index":5,"word":"I","originalText":"I","characterOffsetBegin":757,"characterOffsetEnd":758,"pos":"PRP","before":" ","after":" "},{"index":6,"word":"could","originalText":"could","characterOffsetBegin":759,"characterOffsetEnd":764,"pos":"MD","before":" ","after":" "},{"index":7,"word":"find","originalText":"find","characterOffsetBegin":765,"characterOffsetEnd":769,"pos":"VB","before":" ","after":" "},{"index":8,"word":"these","originalText":"these","characterOffsetBegin":770,"characterOffsetEnd":775,"pos":"DT","before":" ","after":" "},{"index":9,"word":"in","originalText":"in","characterOffsetBegin":776,"characterOffsetEnd":778,"pos":"IN","before":" ","after":" "},{"index":10,"word":"printed","originalText":"printed","characterOffsetBegin":779,"characterOffsetEnd":786,"pos":"VBN","before":" ","after":" "},{"index":11,"word":"or","originalText":"or","characterOffsetBegin":787,"characterOffsetEnd":789,"pos":"CC","before":" ","after":" "},{"index":12,"word":"-LRB-","originalText":"(","characterOffsetBegin":790,"characterOffsetEnd":791,"pos":"-LRB-","before":" ","after":""},{"index":13,"word":"preferably","originalText":"preferably","characterOffsetBegin":791,"characterOffsetEnd":801,"pos":"RB","before":"","after":""},{"index":14,"word":"-RRB-","originalText":")","characterOffsetBegin":801,"characterOffsetEnd":802,"pos":"-RRB-","before":"","after":""},{"index":15,"word":"electronic","originalText":"electronic","characterOffsetBegin":802,"characterOffsetEnd":812,"pos":"JJ","before":"","after":" "},{"index":16,"word":"form?Or","originalText":"form?Or","characterOffsetBegin":813,"characterOffsetEnd":820,"pos":"NN","before":" ","after":" "},{"index":17,"word":"can","originalText":"can","characterOffsetBegin":821,"characterOffsetEnd":824,"pos":"MD","before":" ","after":" "},{"index":18,"word":"you","originalText":"you","characterOffsetBegin":825,"characterOffsetEnd":828,"pos":"PRP","before":" ","after":" "},{"index":19,"word":"suggest","originalText":"suggest","characterOffsetBegin":829,"characterOffsetEnd":836,"pos":"VB","before":" ","after":" "},{"index":20,"word":"any","originalText":"any","characterOffsetBegin":837,"characterOffsetEnd":840,"pos":"DT","before":" ","after":" "},{"index":21,"word":"net","originalText":"net","characterOffsetBegin":841,"characterOffsetEnd":844,"pos":"JJ","before":" ","after":" "},{"index":22,"word":"resources","originalText":"resources","characterOffsetBegin":845,"characterOffsetEnd":854,"pos":"NNS","before":" ","after":" "},{"index":23,"word":"devoted","originalText":"devoted","characterOffsetBegin":855,"characterOffsetEnd":862,"pos":"VBN","before":" ","after":" "},{"index":24,"word":"to","originalText":"to","characterOffsetBegin":863,"characterOffsetEnd":865,"pos":"TO","before":" ","after":" "},{"index":25,"word":"the","originalText":"the","characterOffsetBegin":866,"characterOffsetEnd":869,"pos":"DT","before":" ","after":" "},{"index":26,"word":"introduction","originalText":"introduction","characterOffsetBegin":870,"characterOffsetEnd":882,"pos":"NN","before":" ","after":" "},{"index":27,"word":"toprogramming","originalText":"toprogramming","characterOffsetBegin":883,"characterOffsetEnd":896,"pos":"NN","before":" ","after":" "},{"index":28,"word":"X","originalText":"X","characterOffsetBegin":897,"characterOffsetEnd":898,"pos":"NN","before":" ","after":" "},{"index":29,"word":"-LRB-","originalText":"(","characterOffsetBegin":899,"characterOffsetEnd":900,"pos":"-LRB-","before":" ","after":""},{"index":30,"word":"I","originalText":"I","characterOffsetBegin":900,"characterOffsetEnd":901,"pos":"PRP","before":"","after":""},{"index":31,"word":"'ll","originalText":"'ll","characterOffsetBegin":901,"characterOffsetEnd":904,"pos":"MD","before":"","after":" "},{"index":32,"word":"be","originalText":"be","characterOffsetBegin":905,"characterOffsetEnd":907,"pos":"VB","before":" ","after":" "},{"index":33,"word":"looking","originalText":"looking","characterOffsetBegin":908,"characterOffsetEnd":915,"pos":"VBG","before":" ","after":" "},{"index":34,"word":"at","originalText":"at","characterOffsetBegin":916,"characterOffsetEnd":918,"pos":"IN","before":" ","after":" "},{"index":35,"word":"the","originalText":"the","characterOffsetBegin":919,"characterOffsetEnd":922,"pos":"DT","before":" ","after":" "},{"index":36,"word":"bookstore","originalText":"bookstore","characterOffsetBegin":923,"characterOffsetEnd":932,"pos":"NN","before":" ","after":" "},{"index":37,"word":"for","originalText":"for","characterOffsetBegin":933,"characterOffsetEnd":936,"pos":"IN","before":" ","after":" "},{"index":38,"word":"books","originalText":"books","characterOffsetBegin":937,"characterOffsetEnd":942,"pos":"NNS","before":" ","after":""},{"index":39,"word":",","originalText":",","characterOffsetBegin":942,"characterOffsetEnd":943,"pos":",","before":"","after":" "},{"index":40,"word":"so","originalText":"so","characterOffsetBegin":944,"characterOffsetEnd":946,"pos":"IN","before":" ","after":" "},{"index":41,"word":"I","originalText":"I","characterOffsetBegin":947,"characterOffsetEnd":948,"pos":"PRP","before":" ","after":" "},{"index":42,"word":"am","originalText":"am","characterOffsetBegin":949,"characterOffsetEnd":951,"pos":"VBP","before":" ","after":" "},{"index":43,"word":"reallyonly","originalText":"reallyonly","characterOffsetBegin":952,"characterOffsetEnd":962,"pos":"RB","before":" ","after":" "},{"index":44,"word":"asking","originalText":"asking","characterOffsetBegin":963,"characterOffsetEnd":969,"pos":"VBG","before":" ","after":" "},{"index":45,"word":"about","originalText":"about","characterOffsetBegin":970,"characterOffsetEnd":975,"pos":"IN","before":" ","after":" "},{"index":46,"word":"what","originalText":"what","characterOffsetBegin":976,"characterOffsetEnd":980,"pos":"WP","before":" ","after":" "},{"index":47,"word":"I","originalText":"I","characterOffsetBegin":981,"characterOffsetEnd":982,"pos":"PRP","before":" ","after":" "},{"index":48,"word":"can","originalText":"can","characterOffsetBegin":983,"characterOffsetEnd":986,"pos":"MD","before":" ","after":" "},{"index":49,"word":"find","originalText":"find","characterOffsetBegin":987,"characterOffsetEnd":991,"pos":"VB","before":" ","after":" "},{"index":50,"word":"on","originalText":"on","characterOffsetBegin":992,"characterOffsetEnd":994,"pos":"IN","before":" ","after":" "},{"index":51,"word":"the","originalText":"the","characterOffsetBegin":995,"characterOffsetEnd":998,"pos":"DT","before":" ","after":" "},{"index":52,"word":"net","originalText":"net","characterOffsetBegin":999,"characterOffsetEnd":1002,"pos":"NN","before":" ","after":""},{"index":53,"word":".","originalText":".","characterOffsetBegin":1002,"characterOffsetEnd":1003,"pos":".","before":"","after":""},{"index":54,"word":"-RRB-","originalText":")","characterOffsetBegin":1003,"characterOffsetEnd":1004,"pos":"-RRB-","before":"","after":""}]},{"index":4,"tokens":[{"index":1,"word":"Thanks","originalText":"Thanks","characterOffsetBegin":1004,"characterOffsetEnd":1010,"pos":"NNS","before":"","after":""},{"index":2,"word":",","originalText":",","characterOffsetBegin":1010,"characterOffsetEnd":1011,"pos":",","before":"","after":""},{"index":3,"word":"David","originalText":"David","characterOffsetBegin":1011,"characterOffsetEnd":1016,"pos":"NNP","before":"","after":" "},{"index":4,"word":"Simpsondavesimp@soda.berkeley.edu","originalText":"Simpsondavesimp@soda.berkeley.edu","characterOffsetBegin":1017,"characterOffsetEnd":1050,"pos":"NNP","before":" ","after":""}]}]}