{"sentences":[{"index":0,"tokens":[{"index":1,"word":"From","originalText":"From","characterOffsetBegin":0,"characterOffsetEnd":4,"pos":"IN","before":"","after":""},{"index":2,"word":":","originalText":":","characterOffsetBegin":4,"characterOffsetEnd":5,"pos":":","before":"","after":" "},{"index":3,"word":"kriss@frec.bull.fr","originalText":"kriss@frec.bull.fr","characterOffsetBegin":6,"characterOffsetEnd":24,"pos":"NN","before":" ","after":" "},{"index":4,"word":"-LRB-","originalText":"(","characterOffsetBegin":25,"characterOffsetEnd":26,"pos":"-LRB-","before":" ","after":""},{"index":5,"word":"Christian","originalText":"Christian","characterOffsetBegin":26,"characterOffsetEnd":35,"pos":"JJ","before":"","after":" "},{"index":6,"word":"Mollard","originalText":"Mollard","characterOffsetBegin":36,"characterOffsetEnd":43,"pos":"NNP","before":" ","after":""},{"index":7,"word":"-RRB-","originalText":")","characterOffsetBegin":43,"characterOffsetEnd":44,"pos":"-RRB-","before":"","after":""},{"index":8,"word":"Subject","originalText":"Subject","characterOffsetBegin":44,"characterOffsetEnd":51,"pos":"NNP","before":"","after":""},{"index":9,"word":":","originalText":":","characterOffsetBegin":51,"characterOffsetEnd":52,"pos":":","before":"","after":" "},{"index":10,"word":"Re","originalText":"Re","characterOffsetBegin":53,"characterOffsetEnd":55,"pos":"NNP","before":" ","after":""},{"index":11,"word":":","originalText":":","characterOffsetBegin":55,"characterOffsetEnd":56,"pos":":","before":"","after":" "},{"index":12,"word":"Looking","originalText":"Looking","characterOffsetBegin":57,"characterOffsetEnd":64,"pos":"VBG","before":" ","after":" "},{"index":13,"word":"For","originalText":"For","characterOffsetBegin":65,"characterOffsetEnd":68,"pos":"IN","before":" ","after":" "},{"index":14,"word":"David","originalText":"David","characterOffsetBegin":69,"characterOffsetEnd":74,"pos":"NNP","before":" ","after":" "},{"index":15,"word":"E.","originalText":"E.","characterOffsetBegin":75,"characterOffsetEnd":77,"pos":"NNP","before":" ","after":" "},{"index":16,"word":"SmythIn","originalText":"SmythIn","characterOffsetBegin":78,"characterOffsetEnd":85,"pos":"NNP","before":" ","after":" "},{"index":17,"word":"article","originalText":"article","characterOffsetBegin":86,"characterOffsetEnd":93,"pos":"NN","before":" ","after":" "},{"index":18,"word":"<1993Apr9.144859.10535@nynexst.com>","originalText":"<1993Apr9.144859.10535@nynexst.com>","characterOffsetBegin":94,"characterOffsetEnd":129,"pos":"NN","before":" ","after":""},{"index":19,"word":",","originalText":",","characterOffsetBegin":129,"characterOffsetEnd":130,"pos":",","before":"","after":" "},{"index":20,"word":"zvi@nynexst.com","originalText":"zvi@nynexst.com","characterOffsetBegin":131,"characterOffsetEnd":146,"pos":"NN","before":" ","after":" "},{"index":21,"word":"-LRB-","originalText":"(","characterOffsetBegin":147,"characterOffsetEnd":148,"pos":"-LRB-","before":" ","after":""},{"index":22,"word":"Zvi","originalText":"Zvi","characterOffsetBegin":148,"characterOffsetEnd":151,"pos":"NNP","before":"","after":" "},{"index":23,"word":"Guter","originalText":"Guter","characterOffsetBegin":152,"characterOffsetEnd":157,"pos":"NNP","before":" ","after":""},{"index":24,"word":"-RRB-","originalText":")","characterOffsetBegin":157,"characterOffsetEnd":158,"pos":"-RRB-","before":"","after":" "},{"index":25,"word":"writes","originalText":"writes","characterOffsetBegin":159,"characterOffsetEnd":165,"pos":"VBZ","before":" ","after":""},{"index":26,"word":":","originalText":":","characterOffsetBegin":165,"characterOffsetEnd":166,"pos":":","before":"","after":""},{"index":27,"word":"The","originalText":"The","characterOffsetBegin":166,"characterOffsetEnd":169,"pos":"DT","before":"","after":" "},{"index":28,"word":"author","originalText":"author","characterOffsetBegin":170,"characterOffsetEnd":176,"pos":"NN","before":" ","after":" "},{"index":29,"word":"of","originalText":"of","characterOffsetBegin":177,"characterOffsetEnd":179,"pos":"IN","before":" ","after":" "},{"index":30,"word":"Wcl","originalText":"Wcl","characterOffsetBegin":180,"characterOffsetEnd":183,"pos":"NN","before":" ","after":" "},{"index":31,"word":"-LRB-","originalText":"(","characterOffsetBegin":184,"characterOffsetEnd":185,"pos":"-LRB-","before":" ","after":""},{"index":32,"word":"or","originalText":"or","characterOffsetBegin":185,"characterOffsetEnd":187,"pos":"CC","before":"","after":" "},{"index":33,"word":"the","originalText":"the","characterOffsetBegin":188,"characterOffsetEnd":191,"pos":"DT","before":" ","after":" "},{"index":34,"word":"current","originalText":"current","characterOffsetBegin":192,"characterOffsetEnd":199,"pos":"JJ","before":" ","after":" "},{"index":35,"word":"care","originalText":"care","characterOffsetBegin":200,"characterOffsetEnd":204,"pos":"NN","before":" ","after":" "},{"index":36,"word":"taker","originalText":"taker","characterOffsetBegin":205,"characterOffsetEnd":210,"pos":"NN","before":" ","after":""},{"index":37,"word":"-RRB-","originalText":")","characterOffsetBegin":210,"characterOffsetEnd":211,"pos":"-RRB-","before":"","after":""},{"index":38,"word":".","originalText":".","characterOffsetBegin":211,"characterOffsetEnd":212,"pos":".","before":"","after":" "}]},{"index":1,"tokens":[{"index":1,"word":"His","originalText":"His","characterOffsetBegin":213,"characterOffsetEnd":216,"pos":"PRP$","before":" ","after":" "},{"index":2,"word":"is","originalText":"is","characterOffsetBegin":217,"characterOffsetEnd":219,"pos":"VBZ","before":" ","after":" "},{"index":3,"word":"the","originalText":"the","characterOffsetBegin":220,"characterOffsetEnd":223,"pos":"DT","before":" ","after":" "},{"index":4,"word":"only","originalText":"only","characterOffsetBegin":224,"characterOffsetEnd":228,"pos":"JJ","before":" ","after":" "},{"index":5,"word":"name","originalText":"name","characterOffsetBegin":229,"characterOffsetEnd":233,"pos":"NN","before":" ","after":" "},{"index":6,"word":"I","originalText":"I","characterOffsetBegin":234,"characterOffsetEnd":235,"pos":"PRP","before":" ","after":" "},{"index":7,"word":"foundin","originalText":"foundin","characterOffsetBegin":236,"characterOffsetEnd":243,"pos":"VBP","before":" ","after":" "},{"index":8,"word":"the","originalText":"the","characterOffsetBegin":244,"characterOffsetEnd":247,"pos":"DT","before":" ","after":" "},{"index":9,"word":"dist","originalText":"dist","characterOffsetBegin":248,"characterOffsetEnd":252,"pos":"JJ","before":" ","after":" "},{"index":10,"word":"tree","originalText":"tree","characterOffsetBegin":253,"characterOffsetEnd":257,"pos":"NN","before":" ","after":""},{"index":11,"word":".","originalText":".","characterOffsetBegin":257,"characterOffsetEnd":258,"pos":".","before":"","after":" "}]},{"index":2,"tokens":[{"index":1,"word":"I","originalText":"I","characterOffsetBegin":259,"characterOffsetEnd":260,"pos":"PRP","before":" ","after":" "},{"index":2,"word":"have","originalText":"have","characterOffsetBegin":261,"characterOffsetEnd":265,"pos":"VBP","before":" ","after":" "},{"index":3,"word":"tried","originalText":"tried","characterOffsetBegin":266,"characterOffsetEnd":271,"pos":"VBN","before":" ","after":" "},{"index":4,"word":"to","originalText":"to","characterOffsetBegin":272,"characterOffsetEnd":274,"pos":"TO","before":" ","after":" "},{"index":5,"word":"mail","originalText":"mail","characterOffsetBegin":275,"characterOffsetEnd":279,"pos":"VB","before":" ","after":" "},{"index":6,"word":"him","originalText":"him","characterOffsetBegin":280,"characterOffsetEnd":283,"pos":"PRP","before":" ","after":" "},{"index":7,"word":"at","originalText":"at","characterOffsetBegin":284,"characterOffsetEnd":286,"pos":"IN","before":" ","after":""},{"index":8,"word":":","originalText":":","characterOffsetBegin":286,"characterOffsetEnd":287,"pos":":","before":"","after":" "},{"index":9,"word":"David.Smyth@ap.mchp.sni.de,but","originalText":"David.Smyth@ap.mchp.sni.de,but","characterOffsetBegin":288,"characterOffsetEnd":318,"pos":"NN","before":" ","after":" "},{"index":10,"word":"the","originalText":"the","characterOffsetBegin":319,"characterOffsetEnd":322,"pos":"DT","before":" ","after":" "},{"index":11,"word":"mail","originalText":"mail","characterOffsetBegin":323,"characterOffsetEnd":327,"pos":"NN","before":" ","after":" "},{"index":12,"word":"bounced","originalText":"bounced","characterOffsetBegin":328,"characterOffsetEnd":335,"pos":"VBD","before":" ","after":" "},{"index":13,"word":"back.Any","originalText":"back.Any","characterOffsetBegin":336,"characterOffsetEnd":344,"pos":"NNP","before":" ","after":" "},{"index":14,"word":"help","originalText":"help","characterOffsetBegin":345,"characterOffsetEnd":349,"pos":"VB","before":" ","after":" "},{"index":15,"word":"in","originalText":"in","characterOffsetBegin":350,"characterOffsetEnd":352,"pos":"IN","before":" ","after":" "},{"index":16,"word":"finding","originalText":"finding","characterOffsetBegin":353,"characterOffsetEnd":360,"pos":"VBG","before":" ","after":" "},{"index":17,"word":"him","originalText":"him","characterOffsetBegin":361,"characterOffsetEnd":364,"pos":"PRP","before":" ","after":" "},{"index":18,"word":"will","originalText":"will","characterOffsetBegin":365,"characterOffsetEnd":369,"pos":"MD","before":" ","after":" "},{"index":19,"word":"be","originalText":"be","characterOffsetBegin":370,"characterOffsetEnd":372,"pos":"VB","before":" ","after":" "},{"index":20,"word":"greatly","originalText":"greatly","characterOffsetBegin":373,"characterOffsetEnd":380,"pos":"RB","before":" ","after":" "},{"index":21,"word":"appreciated.Try","originalText":"appreciated.Try","characterOffsetBegin":381,"characterOffsetEnd":396,"pos":"JJ","before":" ","after":"\t"},{"index":22,"word":"david@ap542.uucp","originalText":"david@ap542.uucp","characterOffsetBegin":397,"characterOffsetEnd":413,"pos":"NN","before":"\t","after":"\t"},{"index":23,"word":"david%ap542@ztivax.siemens.comXtian","originalText":"david%ap542@ztivax.siemens.comXtian","characterOffsetBegin":414,"characterOffsetEnd":449,"pos":"NN","before":"\t","after":""},{"index":24,"word":".","originalText":".","characterOffsetBegin":449,"characterOffsetEnd":450,"pos":".","before":"","after":"      "}]},{"index":3,"tokens":[{"index":1,"word":"/","originalText":"/","characterOffsetBegin":456,"characterOffsetEnd":457,"pos":":","before":"      ","after":"     "},{"index":2,"word":"/","originalText":"/","characterOffsetBegin":462,"characterOffsetEnd":463,"pos":":","before":"     ","after":"                              "},{"index":3,"word":"Name","originalText":"Name","characterOffsetBegin":493,"characterOffsetEnd":497,"pos":"VB","before":"                              ","after":""},{"index":4,"word":":","originalText":":","characterOffsetBegin":497,"characterOffsetEnd":498,"pos":":","before":"","after":"    "},{"index":5,"word":"Christian","originalText":"Christian","characterOffsetBegin":502,"characterOffsetEnd":511,"pos":"NNP","before":"    ","after":" "},{"index":6,"word":"Mollard","originalText":"Mollard","characterOffsetBegin":512,"characterOffsetEnd":519,"pos":"NNP","before":" ","after":"      "},{"index":7,"word":"/","originalText":"/","characterOffsetBegin":525,"characterOffsetEnd":526,"pos":":","before":"      ","after":"     "},{"index":8,"word":"/","originalText":"/","characterOffsetBegin":531,"characterOffsetEnd":532,"pos":":","before":"     ","after":"   "},{"index":9,"word":"/","originalText":"/","characterOffsetBegin":535,"characterOffsetEnd":536,"pos":":","before":"   ","after":"        "},{"index":10,"word":"__","originalText":"__","characterOffsetBegin":544,"characterOffsetEnd":546,"pos":"CD","before":"        ","after":""},{"index":11,"word":"/","originalText":"/","characterOffsetBegin":546,"characterOffsetEnd":547,"pos":":","before":"","after":"                     "},{"index":12,"word":"Email","originalText":"Email","characterOffsetBegin":568,"characterOffsetEnd":573,"pos":"VB","before":"                     ","after":""},{"index":13,"word":":","originalText":":","characterOffsetBegin":573,"characterOffsetEnd":574,"pos":":","before":"","after":"   "},{"index":14,"word":"C.Mollard@frec.bull.fr","originalText":"C.Mollard@frec.bull.fr","characterOffsetBegin":577,"characterOffsetEnd":599,"pos":"NN","before":"   ","after":" "},{"index":15,"word":"/","originalText":"/","characterOffsetBegin":600,"characterOffsetEnd":601,"pos":":","before":" ","after":"       "},{"index":16,"word":"/","originalText":"/","characterOffsetBegin":608,"characterOffsetEnd":609,"pos":":","before":"       ","after":"     "},{"index":17,"word":"__","originalText":"__","characterOffsetBegin":614,"characterOffsetEnd":616,"pos":"CD","before":"     ","after":""},{"index":18,"word":"/","originalText":"/","characterOffsetBegin":616,"characterOffsetEnd":617,"pos":":","before":"","after":"   "},{"index":19,"word":"/","originalText":"/","characterOffsetBegin":620,"characterOffsetEnd":621,"pos":":","before":"   ","after":"    "},{"index":20,"word":"__","originalText":"__","characterOffsetBegin":625,"characterOffsetEnd":627,"pos":"CD","before":"    ","after":""},{"index":21,"word":"/","originalText":"/","characterOffsetBegin":627,"characterOffsetEnd":628,"pos":":","before":"","after":"     "},{"index":22,"word":"__","originalText":"__","characterOffsetBegin":633,"characterOffsetEnd":635,"pos":"CD","before":"     ","after":""},{"index":23,"word":"/","originalText":"/","characterOffsetBegin":635,"characterOffsetEnd":636,"pos":":","before":"","after":"      "},{"index":24,"word":"Phone","originalText":"Phone","characterOffsetBegin":642,"characterOffsetEnd":647,"pos":"NNP","before":"      ","after":""},{"index":25,"word":":","originalText":":","characterOffsetBegin":647,"characterOffsetEnd":648,"pos":":","before":"","after":"   "},{"index":26,"word":"-LRB-","originalText":"(","characterOffsetBegin":651,"characterOffsetEnd":652,"pos":"-LRB-","before":"   ","after":""},{"index":27,"word":"33","originalText":"33","characterOffsetBegin":652,"characterOffsetEnd":654,"pos":"CD","before":"","after":""},{"index":28,"word":"-RRB-","originalText":")","characterOffsetBegin":654,"characterOffsetEnd":655,"pos":"-RRB-","before":"","after":" "},{"index":29,"word":"76","originalText":"76","characterOffsetBegin":656,"characterOffsetEnd":658,"pos":"CD","before":" ","after":" "},{"index":30,"word":"39","originalText":"39","characterOffsetBegin":659,"characterOffsetEnd":661,"pos":"CD","before":" ","after":" "},{"index":31,"word":"78","originalText":"78","characterOffsetBegin":662,"characterOffsetEnd":664,"pos":"CD","before":" ","after":" "},{"index":32,"word":"92","originalText":"92","characterOffsetBegin":665,"characterOffsetEnd":667,"pos":"CD","before":" ","after":"       "},{"index":33,"word":"/","originalText":"/","characterOffsetBegin":674,"characterOffsetEnd":675,"pos":":","before":"       ","after":"   "},{"index":34,"word":"/","originalText":"/","characterOffsetBegin":678,"characterOffsetEnd":679,"pos":":","before":"   ","after":"        "},{"index":35,"word":"/","originalText":"/","characterOffsetBegin":687,"characterOffsetEnd":688,"pos":":","before":"        ","after":"     "},{"index":36,"word":"/","originalText":"/","characterOffsetBegin":693,"characterOffsetEnd":694,"pos":":","before":"     ","after":"  "},{"index":37,"word":"__","originalText":"__","characterOffsetBegin":696,"characterOffsetEnd":698,"pos":"CD","before":"  ","after":"  "},{"index":38,"word":"/","originalText":"/","characterOffsetBegin":700,"characterOffsetEnd":701,"pos":":","before":"  ","after":"   "},{"index":39,"word":"__","originalText":"__","characterOffsetBegin":704,"characterOffsetEnd":706,"pos":"CD","before":"   ","after":"  "},{"index":40,"word":"/","originalText":"/","characterOffsetBegin":708,"characterOffsetEnd":709,"pos":":","before":"  ","after":"      "},{"index":41,"word":"Bull","originalText":"Bull","characterOffsetBegin":715,"characterOffsetEnd":719,"pos":"NNP","before":"      ","after":""},{"index":42,"word":":","originalText":":","characterOffsetBegin":719,"characterOffsetEnd":720,"pos":":","before":"","after":"    "},{"index":43,"word":"229","originalText":"229","characterOffsetBegin":724,"characterOffsetEnd":727,"pos":"CD","before":"    ","after":" "},{"index":44,"word":"78","originalText":"78","characterOffsetBegin":728,"characterOffsetEnd":730,"pos":"CD","before":" ","after":" "},{"index":45,"word":"92","originalText":"92","characterOffsetBegin":731,"characterOffsetEnd":733,"pos":"CD","before":" ","after":"              "},{"index":46,"word":"/","originalText":"/","characterOffsetBegin":747,"characterOffsetEnd":748,"pos":":","before":"              ","after":""},{"index":47,"word":"__","originalText":"__","characterOffsetBegin":748,"characterOffsetEnd":750,"pos":"CD","before":"","after":""},{"index":48,"word":"/","originalText":"/","characterOffsetBegin":750,"characterOffsetEnd":751,"pos":":","before":"","after":"  "},{"index":49,"word":"__","originalText":"__","characterOffsetBegin":753,"characterOffsetEnd":755,"pos":"CD","before":"  ","after":""},{"index":50,"word":"/","originalText":"/","characterOffsetBegin":755,"characterOffsetEnd":756,"pos":":","before":"","after":" "},{"index":51,"word":"__","originalText":"__","characterOffsetBegin":757,"characterOffsetEnd":759,"pos":"CD","before":" ","after":""},{"index":52,"word":"/","originalText":"/","characterOffsetBegin":759,"characterOffsetEnd":760,"pos":":","before":"","after":"   "},{"index":53,"word":"__","originalText":"__","characterOffsetBegin":763,"characterOffsetEnd":765,"pos":"CD","before":"   ","after":""},{"index":54,"word":"/","originalText":"/","characterOffsetBegin":765,"characterOffsetEnd":766,"pos":":","before":"","after":" "},{"index":55,"word":"_____","originalText":"_____","characterOffsetBegin":767,"characterOffsetEnd":772,"pos":"CD","before":" ","after":""},{"index":56,"word":"/","originalText":"/","characterOffsetBegin":772,"characterOffsetEnd":773,"pos":":","before":"","after":"  "},{"index":57,"word":"_____","originalText":"_____","characterOffsetBegin":775,"characterOffsetEnd":780,"pos":"CD","before":"  ","after":""},{"index":58,"word":"/","originalText":"/","characterOffsetBegin":780,"characterOffsetEnd":781,"pos":":","before":"","after":"      "},{"index":59,"word":"Fax","originalText":"Fax","characterOffsetBegin":787,"characterOffsetEnd":790,"pos":"NNP","before":"      ","after":""},{"index":60,"word":":","originalText":":","characterOffsetBegin":790,"characterOffsetEnd":791,"pos":":","before":"","after":"     "},{"index":61,"word":"-LRB-","originalText":"(","characterOffsetBegin":796,"characterOffsetEnd":797,"pos":"-LRB-","before":"     ","after":""},{"index":62,"word":"33","originalText":"33","characterOffsetBegin":797,"characterOffsetEnd":799,"pos":"CD","before":"","after":""},{"index":63,"word":"-RRB-","originalText":")","characterOffsetBegin":799,"characterOffsetEnd":800,"pos":"-RRB-","before":"","after":" "},{"index":64,"word":"76","originalText":"76","characterOffsetBegin":801,"characterOffsetEnd":803,"pos":"CD","before":" ","after":" "},{"index":65,"word":"39","originalText":"39","characterOffsetBegin":804,"characterOffsetEnd":806,"pos":"CD","before":" ","after":" "},{"index":66,"word":"76","originalText":"76","characterOffsetBegin":807,"characterOffsetEnd":809,"pos":"CD","before":" ","after":" "},{"index":67,"word":"00","originalText":"00","characterOffsetBegin":810,"characterOffsetEnd":812,"pos":"CD","before":" ","after":"       "},{"index":68,"word":"/","originalText":"/","characterOffsetBegin":819,"characterOffsetEnd":820,"pos":":","before":"       ","after":"                                                                      "},{"index":69,"word":"/","originalText":"/","characterOffsetBegin":890,"characterOffsetEnd":891,"pos":":","before":"                                                                      ","after":""},{"index":70,"word":"Address","originalText":"Address","characterOffsetBegin":891,"characterOffsetEnd":898,"pos":"NNP","before":"","after":""},{"index":71,"word":":","originalText":":","characterOffsetBegin":898,"characterOffsetEnd":899,"pos":":","before":"","after":"\t"},{"index":72,"word":"BULL","originalText":"BULL","characterOffsetBegin":900,"characterOffsetEnd":904,"pos":"NNP","before":"\t","after":" "},{"index":73,"word":"S.A.","originalText":"S.A.","characterOffsetBegin":905,"characterOffsetEnd":909,"pos":"NNP","before":" ","after":""},{"index":74,"word":",","originalText":",","characterOffsetBegin":909,"characterOffsetEnd":910,"pos":",","before":"","after":" "},{"index":75,"word":"B.P.","originalText":"B.P.","characterOffsetBegin":911,"characterOffsetEnd":915,"pos":"NNP","before":" ","after":" "},{"index":76,"word":"208","originalText":"208","characterOffsetBegin":916,"characterOffsetEnd":919,"pos":"CD","before":" ","after":""},{"index":77,"word":",","originalText":",","characterOffsetBegin":919,"characterOffsetEnd":920,"pos":",","before":"","after":" "},{"index":78,"word":"38432","originalText":"38432","characterOffsetBegin":921,"characterOffsetEnd":926,"pos":"CD","before":" ","after":" "},{"index":79,"word":"Echirolles","originalText":"Echirolles","characterOffsetBegin":927,"characterOffsetEnd":937,"pos":"NNP","before":" ","after":" "},{"index":80,"word":"Cedex","originalText":"Cedex","characterOffsetBegin":938,"characterOffsetEnd":943,"pos":"NNP","before":" ","after":""},{"index":81,"word":",","originalText":",","characterOffsetBegin":943,"characterOffsetEnd":944,"pos":",","before":"","after":" "},{"index":82,"word":"France","originalText":"France","characterOffsetBegin":945,"characterOffsetEnd":951,"pos":"NNP","before":" ","after":"  "},{"index":83,"word":"/","originalText":"/","characterOffsetBegin":953,"characterOffsetEnd":954,"pos":":","before":"  ","after":""},{"index":84,"word":"____________________________________________________________________","originalText":"____________________________________________________________________","characterOffsetBegin":954,"characterOffsetEnd":1022,"pos":"CD","before":"","after":""},{"index":85,"word":"/","originalText":"/","characterOffsetBegin":1022,"characterOffsetEnd":1023,"pos":":","before":"","after":""}]}]}