{"sentences":[{"index":0,"tokens":[{"index":1,"word":"From","originalText":"From","characterOffsetBegin":0,"characterOffsetEnd":4,"pos":"IN","before":"","after":""},{"index":2,"word":":","originalText":":","characterOffsetBegin":4,"characterOffsetEnd":5,"pos":":","before":"","after":" "},{"index":3,"word":"bading@cs.tu-berlin.de","originalText":"bading@cs.tu-berlin.de","characterOffsetBegin":6,"characterOffsetEnd":28,"pos":"NN","before":" ","after":" "},{"index":4,"word":"-LRB-","originalText":"(","characterOffsetBegin":29,"characterOffsetEnd":30,"pos":"-LRB-","before":" ","after":""},{"index":5,"word":"Tobias","originalText":"Tobias","characterOffsetBegin":30,"characterOffsetEnd":36,"pos":"NNP","before":"","after":" "},{"index":6,"word":"`","originalText":"'","characterOffsetBegin":37,"characterOffsetEnd":38,"pos":"``","before":" ","after":""},{"index":7,"word":"Doping","originalText":"Doping","characterOffsetBegin":38,"characterOffsetEnd":44,"pos":"VBG","before":"","after":""},{"index":8,"word":"'","originalText":"'","characterOffsetBegin":44,"characterOffsetEnd":45,"pos":"''","before":"","after":" "},{"index":9,"word":"Bading","originalText":"Bading","characterOffsetBegin":46,"characterOffsetEnd":52,"pos":"JJ","before":" ","after":""},{"index":10,"word":"-RRB-","originalText":")","characterOffsetBegin":52,"characterOffsetEnd":53,"pos":"-RRB-","before":"","after":""},{"index":11,"word":"Subject","originalText":"Subject","characterOffsetBegin":53,"characterOffsetEnd":60,"pos":"NNP","before":"","after":""},{"index":12,"word":":","originalText":":","characterOffsetBegin":60,"characterOffsetEnd":61,"pos":":","before":"","after":" "},{"index":13,"word":"Re","originalText":"Re","characterOffsetBegin":62,"characterOffsetEnd":64,"pos":"NNP","before":" ","after":""},{"index":14,"word":":","originalText":":","characterOffsetBegin":64,"characterOffsetEnd":65,"pos":":","before":"","after":" "},{"index":15,"word":"Forcing","originalText":"Forcing","characterOffsetBegin":66,"characterOffsetEnd":73,"pos":"VBG","before":" ","after":" "},{"index":16,"word":"a","originalText":"a","characterOffsetBegin":74,"characterOffsetEnd":75,"pos":"DT","before":" ","after":" "},{"index":17,"word":"window","originalText":"window","characterOffsetBegin":76,"characterOffsetEnd":82,"pos":"NN","before":" ","after":" "},{"index":18,"word":"manager","originalText":"manager","characterOffsetBegin":83,"characterOffsetEnd":90,"pos":"NN","before":" ","after":" "},{"index":19,"word":"to","originalText":"to","characterOffsetBegin":91,"characterOffsetEnd":93,"pos":"TO","before":" ","after":" "},{"index":20,"word":"accept","originalText":"accept","characterOffsetBegin":94,"characterOffsetEnd":100,"pos":"VB","before":" ","after":" "},{"index":21,"word":"specific","originalText":"specific","characterOffsetBegin":101,"characterOffsetEnd":109,"pos":"JJ","before":" ","after":" "},{"index":22,"word":"coordinates","originalText":"coordinates","characterOffsetBegin":110,"characterOffsetEnd":121,"pos":"VBZ","before":" ","after":" "},{"index":23,"word":"for","originalText":"for","characterOffsetBegin":122,"characterOffsetEnd":125,"pos":"IN","before":" ","after":" "},{"index":24,"word":"a","originalText":"a","characterOffsetBegin":126,"characterOffsetEnd":127,"pos":"DT","before":" ","after":" "},{"index":25,"word":"windowIn","originalText":"windowIn","characterOffsetBegin":128,"characterOffsetEnd":136,"pos":"NN","before":" ","after":" "},{"index":26,"word":"article","originalText":"article","characterOffsetBegin":137,"characterOffsetEnd":144,"pos":"NN","before":" ","after":" "},{"index":27,"word":"<1r5l8g$bub@wsinfo03.win.tue.nl>","originalText":"<1r5l8g$bub@wsinfo03.win.tue.nl>","characterOffsetBegin":145,"characterOffsetEnd":177,"pos":"NN","before":" ","after":" "},{"index":28,"word":"rcb5@wsinfo03.win.tue.nl","originalText":"rcb5@wsinfo03.win.tue.nl","characterOffsetBegin":178,"characterOffsetEnd":202,"pos":"NN","before":" ","after":" "},{"index":29,"word":"-LRB-","originalText":"(","characterOffsetBegin":203,"characterOffsetEnd":204,"pos":"-LRB-","before":" ","after":""},{"index":30,"word":"Richard","originalText":"Richard","characterOffsetBegin":204,"characterOffsetEnd":211,"pos":"NNP","before":"","after":" "},{"index":31,"word":"Verhoeven","originalText":"Verhoeven","characterOffsetBegin":212,"characterOffsetEnd":221,"pos":"NNP","before":" ","after":""},{"index":32,"word":"-RRB-","originalText":")","characterOffsetBegin":221,"characterOffsetEnd":222,"pos":"-RRB-","before":"","after":" "},{"index":33,"word":"writes","originalText":"writes","characterOffsetBegin":223,"characterOffsetEnd":229,"pos":"VBZ","before":" ","after":""},{"index":34,"word":":","originalText":":","characterOffsetBegin":229,"characterOffsetEnd":230,"pos":":","before":"","after":"   "},{"index":35,"word":"Sorry","originalText":"Sorry","characterOffsetBegin":233,"characterOffsetEnd":238,"pos":"NNP","before":"   ","after":""},{"index":36,"word":",","originalText":",","characterOffsetBegin":238,"characterOffsetEnd":239,"pos":",","before":"","after":" "},{"index":37,"word":"but","originalText":"but","characterOffsetBegin":240,"characterOffsetEnd":243,"pos":"CC","before":" ","after":" "},{"index":38,"word":"olwm","originalText":"olwm","characterOffsetBegin":244,"characterOffsetEnd":248,"pos":"NN","before":" ","after":" "},{"index":39,"word":"and","originalText":"and","characterOffsetBegin":249,"characterOffsetEnd":252,"pos":"CC","before":" ","after":" "},{"index":40,"word":"tvtwm","originalText":"tvtwm","characterOffsetBegin":253,"characterOffsetEnd":258,"pos":"NN","before":" ","after":" "},{"index":41,"word":"do","originalText":"do","characterOffsetBegin":259,"characterOffsetEnd":261,"pos":"VBP","before":" ","after":""},{"index":42,"word":"n't","originalText":"n't","characterOffsetBegin":261,"characterOffsetEnd":264,"pos":"RB","before":"","after":" "},{"index":43,"word":"do","originalText":"do","characterOffsetBegin":265,"characterOffsetEnd":267,"pos":"VB","before":" ","after":" "},{"index":44,"word":"it","originalText":"it","characterOffsetBegin":268,"characterOffsetEnd":270,"pos":"PRP","before":" ","after":""},{"index":45,"word":".","originalText":".","characterOffsetBegin":270,"characterOffsetEnd":271,"pos":".","before":"","after":" "}]},{"index":1,"tokens":[{"index":1,"word":"They","originalText":"They","characterOffsetBegin":272,"characterOffsetEnd":276,"pos":"PRP","before":" ","after":" "},{"index":2,"word":"place","originalText":"place","characterOffsetBegin":277,"characterOffsetEnd":282,"pos":"VBP","before":" ","after":" "},{"index":3,"word":"the","originalText":"the","characterOffsetBegin":283,"characterOffsetEnd":286,"pos":"DT","before":" ","after":" "},{"index":4,"word":"title","originalText":"title","characterOffsetBegin":287,"characterOffsetEnd":292,"pos":"NN","before":" ","after":" "},{"index":5,"word":"at","originalText":"at","characterOffsetBegin":293,"characterOffsetEnd":295,"pos":"IN","before":" ","after":" "},{"index":6,"word":"that","originalText":"that","characterOffsetBegin":296,"characterOffsetEnd":300,"pos":"DT","before":" ","after":" "},{"index":7,"word":"position","originalText":"position","characterOffsetBegin":301,"characterOffsetEnd":309,"pos":"NN","before":" ","after":"   "},{"index":8,"word":"and","originalText":"and","characterOffsetBegin":312,"characterOffsetEnd":315,"pos":"CC","before":"   ","after":" "},{"index":9,"word":"the","originalText":"the","characterOffsetBegin":316,"characterOffsetEnd":319,"pos":"DT","before":" ","after":" "},{"index":10,"word":"window","originalText":"window","characterOffsetBegin":320,"characterOffsetEnd":326,"pos":"NN","before":" ","after":" "},{"index":11,"word":"at","originalText":"at","characterOffsetBegin":327,"characterOffsetEnd":329,"pos":"IN","before":" ","after":" "},{"index":12,"word":"a","originalText":"a","characterOffsetBegin":330,"characterOffsetEnd":331,"pos":"DT","before":" ","after":" "},{"index":13,"word":"position","originalText":"position","characterOffsetBegin":332,"characterOffsetEnd":340,"pos":"NN","before":" ","after":" "},{"index":14,"word":"below","originalText":"below","characterOffsetBegin":341,"characterOffsetEnd":346,"pos":"IN","before":" ","after":" "},{"index":15,"word":"it","originalText":"it","characterOffsetBegin":347,"characterOffsetEnd":349,"pos":"PRP","before":" ","after":""},{"index":16,"word":".","originalText":".","characterOffsetBegin":349,"characterOffsetEnd":350,"pos":".","before":"","after":"   "}]},{"index":2,"tokens":[{"index":1,"word":"This","originalText":"This","characterOffsetBegin":353,"characterOffsetEnd":357,"pos":"DT","before":"   ","after":" "},{"index":2,"word":"becomes","originalText":"becomes","characterOffsetBegin":358,"characterOffsetEnd":365,"pos":"VBZ","before":" ","after":" "},{"index":3,"word":"a","originalText":"a","characterOffsetBegin":366,"characterOffsetEnd":367,"pos":"DT","before":" ","after":" "},{"index":4,"word":"problem","originalText":"problem","characterOffsetBegin":368,"characterOffsetEnd":375,"pos":"NN","before":" ","after":" "},{"index":5,"word":"when","originalText":"when","characterOffsetBegin":376,"characterOffsetEnd":380,"pos":"WRB","before":" ","after":" "},{"index":6,"word":"you","originalText":"you","characterOffsetBegin":381,"characterOffsetEnd":384,"pos":"PRP","before":" ","after":" "},{"index":7,"word":"want","originalText":"want","characterOffsetBegin":385,"characterOffsetEnd":389,"pos":"VBP","before":" ","after":" "},{"index":8,"word":"a","originalText":"a","characterOffsetBegin":390,"characterOffsetEnd":391,"pos":"DT","before":" ","after":" "},{"index":9,"word":"program","originalText":"program","characterOffsetBegin":392,"characterOffsetEnd":399,"pos":"NN","before":" ","after":" "},{"index":10,"word":"to","originalText":"to","characterOffsetBegin":400,"characterOffsetEnd":402,"pos":"TO","before":" ","after":" "},{"index":11,"word":"be","originalText":"be","characterOffsetBegin":403,"characterOffsetEnd":405,"pos":"VB","before":" ","after":" "},{"index":12,"word":"able","originalText":"able","characterOffsetBegin":406,"characterOffsetEnd":410,"pos":"JJ","before":" ","after":" "},{"index":13,"word":"to","originalText":"to","characterOffsetBegin":411,"characterOffsetEnd":413,"pos":"TO","before":" ","after":" "},{"index":14,"word":"save","originalText":"save","characterOffsetBegin":414,"characterOffsetEnd":418,"pos":"VB","before":" ","after":" "},{"index":15,"word":"its","originalText":"its","characterOffsetBegin":419,"characterOffsetEnd":422,"pos":"PRP$","before":" ","after":" "},{"index":16,"word":"current","originalText":"current","characterOffsetBegin":423,"characterOffsetEnd":430,"pos":"JJ","before":" ","after":"   "},{"index":17,"word":"configuration","originalText":"configuration","characterOffsetBegin":433,"characterOffsetEnd":446,"pos":"NN","before":"   ","after":" "},{"index":18,"word":"and","originalText":"and","characterOffsetBegin":447,"characterOffsetEnd":450,"pos":"CC","before":" ","after":" "},{"index":19,"word":"restore","originalText":"restore","characterOffsetBegin":451,"characterOffsetEnd":458,"pos":"VB","before":" ","after":" "},{"index":20,"word":"is","originalText":"is","characterOffsetBegin":459,"characterOffsetEnd":461,"pos":"VBZ","before":" ","after":" "},{"index":21,"word":"later","originalText":"later","characterOffsetBegin":462,"characterOffsetEnd":467,"pos":"RB","before":" ","after":""},{"index":22,"word":".","originalText":".","characterOffsetBegin":467,"characterOffsetEnd":468,"pos":".","before":"","after":"   "}]},{"index":3,"tokens":[{"index":1,"word":"Currently","originalText":"Currently","characterOffsetBegin":471,"characterOffsetEnd":480,"pos":"RB","before":"   ","after":""},{"index":2,"word":",","originalText":",","characterOffsetBegin":480,"characterOffsetEnd":481,"pos":",","before":"","after":" "},{"index":3,"word":"my","originalText":"my","characterOffsetBegin":482,"characterOffsetEnd":484,"pos":"PRP$","before":" ","after":" "},{"index":4,"word":"solution","originalText":"solution","characterOffsetBegin":485,"characterOffsetEnd":493,"pos":"NN","before":" ","after":" "},{"index":5,"word":"is","originalText":"is","characterOffsetBegin":494,"characterOffsetEnd":496,"pos":"VBZ","before":" ","after":""},{"index":6,"word":":","originalText":":","characterOffsetBegin":496,"characterOffsetEnd":497,"pos":":","before":"","after":"\t   "},{"index":7,"word":"XCreateWindow","originalText":"XCreateWindow","characterOffsetBegin":501,"characterOffsetEnd":514,"pos":"NN","before":"\t   ","after":""},{"index":8,"word":"-LRB-","originalText":"(","characterOffsetBegin":514,"characterOffsetEnd":515,"pos":"-LRB-","before":"","after":""},{"index":9,"word":"...","originalText":"...","characterOffsetBegin":515,"characterOffsetEnd":518,"pos":":","before":"","after":""},{"index":10,"word":"-RRB-","originalText":")","characterOffsetBegin":518,"characterOffsetEnd":519,"pos":"-RRB-","before":"","after":""},{"index":11,"word":";","originalText":";","characterOffsetBegin":519,"characterOffsetEnd":520,"pos":":","before":"","after":"\t   "},{"index":12,"word":"XSetWMProperties","originalText":"XSetWMProperties","characterOffsetBegin":524,"characterOffsetEnd":540,"pos":"NNS","before":"\t   ","after":""},{"index":13,"word":"-LRB-","originalText":"(","characterOffsetBegin":540,"characterOffsetEnd":541,"pos":"-LRB-","before":"","after":""},{"index":14,"word":".","originalText":".","characterOffsetBegin":541,"characterOffsetEnd":542,"pos":".","before":"","after":""}]},{"index":4,"tokens":[{"index":1,"word":".","originalText":".","characterOffsetBegin":542,"characterOffsetEnd":543,"pos":".","before":"","after":""},{"index":2,"word":"-RRB-","originalText":")","characterOffsetBegin":543,"characterOffsetEnd":544,"pos":"-RRB-","before":"","after":""}]},{"index":5,"tokens":[{"index":1,"word":";","originalText":";","characterOffsetBegin":544,"characterOffsetEnd":545,"pos":":","before":"","after":"\t   "},{"index":2,"word":"XMapWindow","originalText":"XMapWindow","characterOffsetBegin":549,"characterOffsetEnd":559,"pos":"NN","before":"\t   ","after":""},{"index":3,"word":"-LRB-","originalText":"(","characterOffsetBegin":559,"characterOffsetEnd":560,"pos":"-LRB-","before":"","after":""},{"index":4,"word":"...","originalText":"...","characterOffsetBegin":560,"characterOffsetEnd":563,"pos":":","before":"","after":""},{"index":5,"word":"-RRB-","originalText":")","characterOffsetBegin":563,"characterOffsetEnd":564,"pos":"-RRB-","before":"","after":""},{"index":6,"word":";","originalText":";","characterOffsetBegin":564,"characterOffsetEnd":565,"pos":":","before":"","after":"\t   "},{"index":7,"word":"XFlush","originalText":"XFlush","characterOffsetBegin":569,"characterOffsetEnd":575,"pos":"NN","before":"\t   ","after":""},{"index":8,"word":"-LRB-","originalText":"(","characterOffsetBegin":575,"characterOffsetEnd":576,"pos":"-LRB-","before":"","after":""},{"index":9,"word":"...","originalText":"...","characterOffsetBegin":576,"characterOffsetEnd":579,"pos":":","before":"","after":""},{"index":10,"word":"-RRB-","originalText":")","characterOffsetBegin":579,"characterOffsetEnd":580,"pos":"-RRB-","before":"","after":""},{"index":11,"word":";","originalText":";","characterOffsetBegin":580,"characterOffsetEnd":581,"pos":":","before":"","after":"\t   "},{"index":12,"word":"XMoveWindow","originalText":"XMoveWindow","characterOffsetBegin":585,"characterOffsetEnd":596,"pos":"NN","before":"\t   ","after":""},{"index":13,"word":"-LRB-","originalText":"(","characterOffsetBegin":596,"characterOffsetEnd":597,"pos":"-LRB-","before":"","after":""},{"index":14,"word":"...","originalText":"...","characterOffsetBegin":597,"characterOffsetEnd":600,"pos":":","before":"","after":""},{"index":15,"word":"-RRB-","originalText":")","characterOffsetBegin":600,"characterOffsetEnd":601,"pos":"-RRB-","before":"","after":""},{"index":16,"word":";","originalText":";","characterOffsetBegin":601,"characterOffsetEnd":602,"pos":":","before":"","after":"   "},{"index":17,"word":"It","originalText":"It","characterOffsetBegin":605,"characterOffsetEnd":607,"pos":"PRP","before":"   ","after":" "},{"index":18,"word":"works","originalText":"works","characterOffsetBegin":608,"characterOffsetEnd":613,"pos":"VBZ","before":" ","after":" "},{"index":19,"word":"with","originalText":"with","characterOffsetBegin":614,"characterOffsetEnd":618,"pos":"IN","before":" ","after":" "},{"index":20,"word":"olwm","originalText":"olwm","characterOffsetBegin":619,"characterOffsetEnd":623,"pos":"NN","before":" ","after":""},{"index":21,"word":",","originalText":",","characterOffsetBegin":623,"characterOffsetEnd":624,"pos":",","before":"","after":" "},{"index":22,"word":"but","originalText":"but","characterOffsetBegin":625,"characterOffsetEnd":628,"pos":"CC","before":" ","after":" "},{"index":23,"word":"is","originalText":"is","characterOffsetBegin":629,"characterOffsetEnd":631,"pos":"VBZ","before":" ","after":" "},{"index":24,"word":"less","originalText":"less","characterOffsetBegin":632,"characterOffsetEnd":636,"pos":"RBR","before":" ","after":" "},{"index":25,"word":"than","originalText":"than","characterOffsetBegin":637,"characterOffsetEnd":641,"pos":"IN","before":" ","after":" "},{"index":26,"word":"elegant","originalText":"elegant","characterOffsetBegin":642,"characterOffsetEnd":649,"pos":"JJ","before":" ","after":""},{"index":27,"word":".","originalText":".","characterOffsetBegin":649,"characterOffsetEnd":650,"pos":".","before":"","after":" "}]},{"index":6,"tokens":[{"index":1,"word":"All","originalText":"All","characterOffsetBegin":651,"characterOffsetEnd":654,"pos":"PDT","before":" ","after":" "},{"index":2,"word":"this","originalText":"this","characterOffsetBegin":655,"characterOffsetEnd":659,"pos":"DT","before":" ","after":" "},{"index":3,"word":"leaves","originalText":"leaves","characterOffsetBegin":660,"characterOffsetEnd":666,"pos":"VBZ","before":" ","after":" "},{"index":4,"word":"me","originalText":"me","characterOffsetBegin":667,"characterOffsetEnd":669,"pos":"PRP","before":" ","after":" "},{"index":5,"word":"wondering","originalText":"wondering","characterOffsetBegin":670,"characterOffsetEnd":679,"pos":"VBG","before":" ","after":"   "},{"index":6,"word":"if","originalText":"if","characterOffsetBegin":682,"characterOffsetEnd":684,"pos":"IN","before":"   ","after":" "},{"index":7,"word":"I","originalText":"I","characterOffsetBegin":685,"characterOffsetEnd":686,"pos":"PRP","before":" ","after":""},{"index":8,"word":"'m","originalText":"'m","characterOffsetBegin":686,"characterOffsetEnd":688,"pos":"VBP","before":"","after":" "},{"index":9,"word":"overlooking","originalText":"overlooking","characterOffsetBegin":689,"characterOffsetEnd":700,"pos":"VBG","before":" ","after":" "},{"index":10,"word":"something","originalText":"something","characterOffsetBegin":701,"characterOffsetEnd":710,"pos":"NN","before":" ","after":" "},{"index":11,"word":"obvious","originalText":"obvious","characterOffsetBegin":711,"characterOffsetEnd":718,"pos":"JJ","before":" ","after":""},{"index":12,"word":".","originalText":".","characterOffsetBegin":718,"characterOffsetEnd":719,"pos":".","before":"","after":"   "}]},{"index":7,"tokens":[{"index":1,"word":"Richard.I","originalText":"Richard.I","characterOffsetBegin":722,"characterOffsetEnd":731,"pos":"NN","before":"   ","after":" "},{"index":2,"word":"know","originalText":"know","characterOffsetBegin":732,"characterOffsetEnd":736,"pos":"VBP","before":" ","after":" "},{"index":3,"word":"that","originalText":"that","characterOffsetBegin":737,"characterOffsetEnd":741,"pos":"IN","before":" ","after":" "},{"index":4,"word":"the","originalText":"the","characterOffsetBegin":742,"characterOffsetEnd":745,"pos":"DT","before":" ","after":" "},{"index":5,"word":"mwm","originalText":"mwm","characterOffsetBegin":746,"characterOffsetEnd":749,"pos":"NN","before":" ","after":" "},{"index":6,"word":"has","originalText":"has","characterOffsetBegin":750,"characterOffsetEnd":753,"pos":"VBZ","before":" ","after":" "},{"index":7,"word":"an","originalText":"an","characterOffsetBegin":754,"characterOffsetEnd":756,"pos":"DT","before":" ","after":" "},{"index":8,"word":"resource","originalText":"resource","characterOffsetBegin":757,"characterOffsetEnd":765,"pos":"NN","before":" ","after":" "},{"index":9,"word":"to","originalText":"to","characterOffsetBegin":766,"characterOffsetEnd":768,"pos":"TO","before":" ","after":" "},{"index":10,"word":"specify","originalText":"specify","characterOffsetBegin":769,"characterOffsetEnd":776,"pos":"VB","before":" ","after":" "},{"index":11,"word":"if","originalText":"if","characterOffsetBegin":777,"characterOffsetEnd":779,"pos":"IN","before":" ","after":" "},{"index":12,"word":"positions","originalText":"positions","characterOffsetBegin":780,"characterOffsetEnd":789,"pos":"NNS","before":" ","after":" "},{"index":13,"word":"are","originalText":"are","characterOffsetBegin":790,"characterOffsetEnd":793,"pos":"VBP","before":" ","after":" "},{"index":14,"word":"to","originalText":"to","characterOffsetBegin":794,"characterOffsetEnd":796,"pos":"TO","before":" ","after":" "},{"index":15,"word":"be","originalText":"be","characterOffsetBegin":797,"characterOffsetEnd":799,"pos":"VB","before":" ","after":" "},{"index":16,"word":"used","originalText":"used","characterOffsetBegin":800,"characterOffsetEnd":804,"pos":"VBN","before":" ","after":" "},{"index":17,"word":"forthe","originalText":"forthe","characterOffsetBegin":805,"characterOffsetEnd":811,"pos":"JJ","before":" ","after":" "},{"index":18,"word":"border","originalText":"border","characterOffsetBegin":812,"characterOffsetEnd":818,"pos":"NN","before":" ","after":" "},{"index":19,"word":"of","originalText":"of","characterOffsetBegin":819,"characterOffsetEnd":821,"pos":"IN","before":" ","after":" "},{"index":20,"word":"a","originalText":"a","characterOffsetBegin":822,"characterOffsetEnd":823,"pos":"DT","before":" ","after":" "},{"index":21,"word":"window","originalText":"window","characterOffsetBegin":824,"characterOffsetEnd":830,"pos":"NN","before":" ","after":" "},{"index":22,"word":"or","originalText":"or","characterOffsetBegin":831,"characterOffsetEnd":833,"pos":"CC","before":" ","after":" "},{"index":23,"word":"for","originalText":"for","characterOffsetBegin":834,"characterOffsetEnd":837,"pos":"IN","before":" ","after":" "},{"index":24,"word":"the","originalText":"the","characterOffsetBegin":838,"characterOffsetEnd":841,"pos":"DT","before":" ","after":" "},{"index":25,"word":"``","originalText":"\"","characterOffsetBegin":842,"characterOffsetEnd":843,"pos":"``","before":" ","after":""},{"index":26,"word":"user","originalText":"user","characterOffsetBegin":843,"characterOffsetEnd":847,"pos":"NN","before":"","after":""},{"index":27,"word":"''","originalText":"\"","characterOffsetBegin":847,"characterOffsetEnd":848,"pos":"''","before":"","after":" "},{"index":28,"word":"window","originalText":"window","characterOffsetBegin":849,"characterOffsetEnd":855,"pos":"NN","before":" ","after":""},{"index":29,"word":".","originalText":".","characterOffsetBegin":855,"characterOffsetEnd":856,"pos":".","before":"","after":" "}]},{"index":8,"tokens":[{"index":1,"word":"Maybe","originalText":"Maybe","characterOffsetBegin":857,"characterOffsetEnd":862,"pos":"RB","before":" ","after":" "},{"index":2,"word":"other","originalText":"other","characterOffsetBegin":863,"characterOffsetEnd":868,"pos":"JJ","before":" ","after":" "},{"index":3,"word":"window","originalText":"window","characterOffsetBegin":869,"characterOffsetEnd":875,"pos":"NN","before":" ","after":" "},{"index":4,"word":"managershave","originalText":"managershave","characterOffsetBegin":876,"characterOffsetEnd":888,"pos":"NN","before":" ","after":" "},{"index":5,"word":"similar","originalText":"similar","characterOffsetBegin":889,"characterOffsetEnd":896,"pos":"JJ","before":" ","after":" "},{"index":6,"word":"options.Another","originalText":"options.Another","characterOffsetBegin":897,"characterOffsetEnd":912,"pos":"NN","before":" ","after":" "},{"index":7,"word":"way","originalText":"way","characterOffsetBegin":913,"characterOffsetEnd":916,"pos":"NN","before":" ","after":" "},{"index":8,"word":"to","originalText":"to","characterOffsetBegin":917,"characterOffsetEnd":919,"pos":"TO","before":" ","after":" "},{"index":9,"word":"figure","originalText":"figure","characterOffsetBegin":920,"characterOffsetEnd":926,"pos":"VB","before":" ","after":" "},{"index":10,"word":"out","originalText":"out","characterOffsetBegin":927,"characterOffsetEnd":930,"pos":"RP","before":" ","after":" "},{"index":11,"word":"the","originalText":"the","characterOffsetBegin":931,"characterOffsetEnd":934,"pos":"DT","before":" ","after":" "},{"index":12,"word":"difference","originalText":"difference","characterOffsetBegin":935,"characterOffsetEnd":945,"pos":"NN","before":" ","after":" "},{"index":13,"word":"between","originalText":"between","characterOffsetBegin":946,"characterOffsetEnd":953,"pos":"IN","before":" ","after":" "},{"index":14,"word":"the","originalText":"the","characterOffsetBegin":954,"characterOffsetEnd":957,"pos":"DT","before":" ","after":" "},{"index":15,"word":"``","originalText":"\"","characterOffsetBegin":958,"characterOffsetEnd":959,"pos":"``","before":" ","after":""},{"index":16,"word":"user","originalText":"user","characterOffsetBegin":959,"characterOffsetEnd":963,"pos":"NN","before":"","after":""},{"index":17,"word":"''","originalText":"\"","characterOffsetBegin":963,"characterOffsetEnd":964,"pos":"''","before":"","after":" "},{"index":18,"word":"window","originalText":"window","characterOffsetBegin":965,"characterOffsetEnd":971,"pos":"NN","before":" ","after":" "},{"index":19,"word":"positionand","originalText":"positionand","characterOffsetBegin":972,"characterOffsetEnd":983,"pos":"VBD","before":" ","after":" "},{"index":20,"word":"the","originalText":"the","characterOffsetBegin":984,"characterOffsetEnd":987,"pos":"DT","before":" ","after":" "},{"index":21,"word":"window","originalText":"window","characterOffsetBegin":988,"characterOffsetEnd":994,"pos":"NN","before":" ","after":" "},{"index":22,"word":"manager","originalText":"manager","characterOffsetBegin":995,"characterOffsetEnd":1002,"pos":"NN","before":" ","after":" "},{"index":23,"word":"decoration","originalText":"decoration","characterOffsetBegin":1003,"characterOffsetEnd":1013,"pos":"NN","before":" ","after":" "},{"index":24,"word":"window","originalText":"window","characterOffsetBegin":1014,"characterOffsetEnd":1020,"pos":"NN","before":" ","after":" "},{"index":25,"word":"position","originalText":"position","characterOffsetBegin":1021,"characterOffsetEnd":1029,"pos":"NN","before":" ","after":" "},{"index":26,"word":"is","originalText":"is","characterOffsetBegin":1030,"characterOffsetEnd":1032,"pos":"VBZ","before":" ","after":" "},{"index":27,"word":"to","originalText":"to","characterOffsetBegin":1033,"characterOffsetEnd":1035,"pos":"TO","before":" ","after":" "},{"index":28,"word":"subtract","originalText":"subtract","characterOffsetBegin":1036,"characterOffsetEnd":1044,"pos":"VB","before":" ","after":" "},{"index":29,"word":"theirpositions","originalText":"theirpositions","characterOffsetBegin":1045,"characterOffsetEnd":1059,"pos":"NNS","before":" ","after":""},{"index":30,"word":".","originalText":".","characterOffsetBegin":1059,"characterOffsetEnd":1060,"pos":".","before":"","after":" "}]},{"index":9,"tokens":[{"index":1,"word":"You","originalText":"You","characterOffsetBegin":1061,"characterOffsetEnd":1064,"pos":"PRP","before":" ","after":" "},{"index":2,"word":"just","originalText":"just","characterOffsetBegin":1065,"characterOffsetEnd":1069,"pos":"RB","before":" ","after":" "},{"index":3,"word":"have","originalText":"have","characterOffsetBegin":1070,"characterOffsetEnd":1074,"pos":"VBP","before":" ","after":" "},{"index":4,"word":"to","originalText":"to","characterOffsetBegin":1075,"characterOffsetEnd":1077,"pos":"TO","before":" ","after":" "},{"index":5,"word":"use","originalText":"use","characterOffsetBegin":1078,"characterOffsetEnd":1081,"pos":"VB","before":" ","after":" "},{"index":6,"word":"XQueryTree","originalText":"XQueryTree","characterOffsetBegin":1082,"characterOffsetEnd":1092,"pos":"NN","before":" ","after":" "},{"index":7,"word":"and","originalText":"and","characterOffsetBegin":1093,"characterOffsetEnd":1096,"pos":"CC","before":" ","after":" "},{"index":8,"word":"remember","originalText":"remember","characterOffsetBegin":1097,"characterOffsetEnd":1105,"pos":"VBP","before":" ","after":" "},{"index":9,"word":"that","originalText":"that","characterOffsetBegin":1106,"characterOffsetEnd":1110,"pos":"IN","before":" ","after":" "},{"index":10,"word":"the","originalText":"the","characterOffsetBegin":1111,"characterOffsetEnd":1114,"pos":"DT","before":" ","after":" "},{"index":11,"word":"window","originalText":"window","characterOffsetBegin":1115,"characterOffsetEnd":1121,"pos":"NN","before":" ","after":" "},{"index":12,"word":"managerdecorations","originalText":"managerdecorations","characterOffsetBegin":1122,"characterOffsetEnd":1140,"pos":"NNS","before":" ","after":" "},{"index":13,"word":"window","originalText":"window","characterOffsetBegin":1141,"characterOffsetEnd":1147,"pos":"NN","before":" ","after":" "},{"index":14,"word":"is","originalText":"is","characterOffsetBegin":1148,"characterOffsetEnd":1150,"pos":"VBZ","before":" ","after":" "},{"index":15,"word":"the","originalText":"the","characterOffsetBegin":1151,"characterOffsetEnd":1154,"pos":"DT","before":" ","after":" "},{"index":16,"word":"parent","originalText":"parent","characterOffsetBegin":1155,"characterOffsetEnd":1161,"pos":"NN","before":" ","after":" "},{"index":17,"word":"of","originalText":"of","characterOffsetBegin":1162,"characterOffsetEnd":1164,"pos":"IN","before":" ","after":" "},{"index":18,"word":"your","originalText":"your","characterOffsetBegin":1165,"characterOffsetEnd":1169,"pos":"PRP$","before":" ","after":" "},{"index":19,"word":"window","originalText":"window","characterOffsetBegin":1170,"characterOffsetEnd":1176,"pos":"NN","before":" ","after":""},{"index":20,"word":".","originalText":".","characterOffsetBegin":1176,"characterOffsetEnd":1177,"pos":".","before":"","after":" "}]},{"index":10,"tokens":[{"index":1,"word":"Unfortunately","originalText":"Unfortunately","characterOffsetBegin":1178,"characterOffsetEnd":1191,"pos":"RB","before":" ","after":""},{"index":2,"word":",","originalText":",","characterOffsetBegin":1191,"characterOffsetEnd":1192,"pos":",","before":"","after":" "},{"index":3,"word":"you","originalText":"you","characterOffsetBegin":1193,"characterOffsetEnd":1196,"pos":"PRP","before":" ","after":" "},{"index":4,"word":"can","originalText":"can","characterOffsetBegin":1197,"characterOffsetEnd":1200,"pos":"MD","before":" ","after":" "},{"index":5,"word":"onlyfigure","originalText":"onlyfigure","characterOffsetBegin":1201,"characterOffsetEnd":1211,"pos":"VB","before":" ","after":" "},{"index":6,"word":"out","originalText":"out","characterOffsetBegin":1212,"characterOffsetEnd":1215,"pos":"RP","before":" ","after":" "},{"index":7,"word":"the","originalText":"the","characterOffsetBegin":1216,"characterOffsetEnd":1219,"pos":"DT","before":" ","after":" "},{"index":8,"word":"decoration","originalText":"decoration","characterOffsetBegin":1220,"characterOffsetEnd":1230,"pos":"NN","before":" ","after":" "},{"index":9,"word":"width","originalText":"width","characterOffsetBegin":1231,"characterOffsetEnd":1236,"pos":"NN","before":" ","after":" "},{"index":10,"word":"and","originalText":"and","characterOffsetBegin":1237,"characterOffsetEnd":1240,"pos":"CC","before":" ","after":" "},{"index":11,"word":"height","originalText":"height","characterOffsetBegin":1241,"characterOffsetEnd":1247,"pos":"NN","before":" ","after":" "},{"index":12,"word":"after","originalText":"after","characterOffsetBegin":1248,"characterOffsetEnd":1253,"pos":"IN","before":" ","after":" "},{"index":13,"word":"the","originalText":"the","characterOffsetBegin":1254,"characterOffsetEnd":1257,"pos":"DT","before":" ","after":" "},{"index":14,"word":"window","originalText":"window","characterOffsetBegin":1258,"characterOffsetEnd":1264,"pos":"NN","before":" ","after":" "},{"index":15,"word":"has","originalText":"has","characterOffsetBegin":1265,"characterOffsetEnd":1268,"pos":"VBZ","before":" ","after":" "},{"index":16,"word":"been","originalText":"been","characterOffsetBegin":1269,"characterOffsetEnd":1273,"pos":"VBN","before":" ","after":" "},{"index":17,"word":"mappedthis","originalText":"mappedthis","characterOffsetBegin":1274,"characterOffsetEnd":1284,"pos":"JJ","before":" ","after":" "},{"index":18,"word":"way.Greeting","originalText":"way.Greeting","characterOffsetBegin":1285,"characterOffsetEnd":1297,"pos":"NN","before":" ","after":""},{"index":19,"word":",","originalText":",","characterOffsetBegin":1297,"characterOffsetEnd":1298,"pos":",","before":"","after":"          "},{"index":20,"word":"Tobias","originalText":"Tobias","characterOffsetBegin":1308,"characterOffsetEnd":1314,"pos":"NNP","before":"          ","after":" "},{"index":21,"word":"-LRB-","originalText":"(","characterOffsetBegin":1315,"characterOffsetEnd":1316,"pos":"-LRB-","before":" ","after":""},{"index":22,"word":"bading@cs.tu-berlin.de","originalText":"bading@cs.tu-berlin.de","characterOffsetBegin":1316,"characterOffsetEnd":1338,"pos":"JJ","before":"","after":""},{"index":23,"word":"-RRB-","originalText":")","characterOffsetBegin":1338,"characterOffsetEnd":1339,"pos":"-RRB-","before":"","after":""}]}]}