{"sentences":[{"index":0,"tokens":[{"index":1,"word":"From","originalText":"From","characterOffsetBegin":0,"characterOffsetEnd":4,"pos":"IN","before":"","after":""},{"index":2,"word":":","originalText":":","characterOffsetBegin":4,"characterOffsetEnd":5,"pos":":","before":"","after":" "},{"index":3,"word":"mitch@unidata.ucar.edu","originalText":"mitch@unidata.ucar.edu","characterOffsetBegin":6,"characterOffsetEnd":28,"pos":"NN","before":" ","after":" "},{"index":4,"word":"-LRB-","originalText":"(","characterOffsetBegin":29,"characterOffsetEnd":30,"pos":"-LRB-","before":" ","after":""},{"index":5,"word":"Mitch","originalText":"Mitch","characterOffsetBegin":30,"characterOffsetEnd":35,"pos":"NNP","before":"","after":" "},{"index":6,"word":"Baltuch","originalText":"Baltuch","characterOffsetBegin":36,"characterOffsetEnd":43,"pos":"NNP","before":" ","after":""},{"index":7,"word":"-RRB-","originalText":")","characterOffsetBegin":43,"characterOffsetEnd":44,"pos":"-RRB-","before":"","after":""},{"index":8,"word":"Subject","originalText":"Subject","characterOffsetBegin":44,"characterOffsetEnd":51,"pos":"NNP","before":"","after":""},{"index":9,"word":":","originalText":":","characterOffsetBegin":51,"characterOffsetEnd":52,"pos":":","before":"","after":" "},{"index":10,"word":"motif","originalText":"motif","characterOffsetBegin":53,"characterOffsetEnd":58,"pos":"NN","before":" ","after":" "},{"index":11,"word":"based","originalText":"based","characterOffsetBegin":59,"characterOffsetEnd":64,"pos":"VBN","before":" ","after":" "},{"index":12,"word":"graphing","originalText":"graphing","characterOffsetBegin":65,"characterOffsetEnd":73,"pos":"VBG","before":" ","after":" "},{"index":13,"word":"packagei","originalText":"packagei","characterOffsetBegin":74,"characterOffsetEnd":82,"pos":"NN","before":" ","after":" "},{"index":14,"word":"am","originalText":"am","characterOffsetBegin":83,"characterOffsetEnd":85,"pos":"VBP","before":" ","after":" "},{"index":15,"word":"in","originalText":"in","characterOffsetBegin":86,"characterOffsetEnd":88,"pos":"IN","before":" ","after":" "},{"index":16,"word":"need","originalText":"need","characterOffsetBegin":89,"characterOffsetEnd":93,"pos":"NN","before":" ","after":" "},{"index":17,"word":"of","originalText":"of","characterOffsetBegin":94,"characterOffsetEnd":96,"pos":"IN","before":" ","after":" "},{"index":18,"word":"a","originalText":"a","characterOffsetBegin":97,"characterOffsetEnd":98,"pos":"DT","before":" ","after":" "},{"index":19,"word":"motif-based","originalText":"motif-based","characterOffsetBegin":99,"characterOffsetEnd":110,"pos":"JJ","before":" ","after":" "},{"index":20,"word":"graphing","originalText":"graphing","characterOffsetBegin":111,"characterOffsetEnd":119,"pos":"NN","before":" ","after":" "},{"index":21,"word":"package","originalText":"package","characterOffsetBegin":120,"characterOffsetEnd":127,"pos":"NN","before":" ","after":" "},{"index":22,"word":"to","originalText":"to","characterOffsetBegin":128,"characterOffsetEnd":130,"pos":"TO","before":" ","after":" "},{"index":23,"word":"integrate","originalText":"integrate","characterOffsetBegin":131,"characterOffsetEnd":140,"pos":"VB","before":" ","after":" "},{"index":24,"word":"into","originalText":"into","characterOffsetBegin":141,"characterOffsetEnd":145,"pos":"IN","before":" ","after":" "},{"index":25,"word":"a","originalText":"a","characterOffsetBegin":146,"characterOffsetEnd":147,"pos":"DT","before":" ","after":" "},{"index":26,"word":"largesoftware","originalText":"largesoftware","characterOffsetBegin":148,"characterOffsetEnd":161,"pos":"JJ","before":" ","after":" "},{"index":27,"word":"package","originalText":"package","characterOffsetBegin":162,"characterOffsetEnd":169,"pos":"NN","before":" ","after":" "},{"index":28,"word":"under","originalText":"under","characterOffsetBegin":170,"characterOffsetEnd":175,"pos":"IN","before":" ","after":" "},{"index":29,"word":"development","originalText":"development","characterOffsetBegin":176,"characterOffsetEnd":187,"pos":"NN","before":" ","after":" "},{"index":30,"word":"for","originalText":"for","characterOffsetBegin":188,"characterOffsetEnd":191,"pos":"IN","before":" ","after":" "},{"index":31,"word":"distribution","originalText":"distribution","characterOffsetBegin":192,"characterOffsetEnd":204,"pos":"NN","before":" ","after":" "},{"index":32,"word":"to","originalText":"to","characterOffsetBegin":205,"characterOffsetEnd":207,"pos":"TO","before":" ","after":" "},{"index":33,"word":"universities","originalText":"universities","characterOffsetBegin":208,"characterOffsetEnd":220,"pos":"NNS","before":" ","after":""},{"index":34,"word":".","originalText":".","characterOffsetBegin":220,"characterOffsetEnd":221,"pos":".","before":"","after":"  "}]},{"index":1,"tokens":[{"index":1,"word":"itcan","originalText":"itcan","characterOffsetBegin":223,"characterOffsetEnd":228,"pos":"NN","before":"  ","after":" "},{"index":2,"word":"be","originalText":"be","characterOffsetBegin":229,"characterOffsetEnd":231,"pos":"VB","before":" ","after":" "},{"index":3,"word":"either","originalText":"either","characterOffsetBegin":232,"characterOffsetEnd":238,"pos":"CC","before":" ","after":" "},{"index":4,"word":"public","originalText":"public","characterOffsetBegin":239,"characterOffsetEnd":245,"pos":"JJ","before":" ","after":" "},{"index":5,"word":"domain","originalText":"domain","characterOffsetBegin":246,"characterOffsetEnd":252,"pos":"NN","before":" ","after":" "},{"index":6,"word":"or","originalText":"or","characterOffsetBegin":253,"characterOffsetEnd":255,"pos":"CC","before":" ","after":" "},{"index":7,"word":"commercial","originalText":"commercial","characterOffsetBegin":256,"characterOffsetEnd":266,"pos":"JJ","before":" ","after":""},{"index":8,"word":",","originalText":",","characterOffsetBegin":266,"characterOffsetEnd":267,"pos":",","before":"","after":" "},{"index":9,"word":"although","originalText":"although","characterOffsetBegin":268,"characterOffsetEnd":276,"pos":"IN","before":" ","after":" "},{"index":10,"word":"a","originalText":"a","characterOffsetBegin":277,"characterOffsetEnd":278,"pos":"DT","before":" ","after":" "},{"index":11,"word":"commercial","originalText":"commercial","characterOffsetBegin":279,"characterOffsetEnd":289,"pos":"JJ","before":" ","after":" "},{"index":12,"word":"packageca","originalText":"packageca","characterOffsetBegin":290,"characterOffsetEnd":299,"pos":"NN","before":" ","after":""},{"index":13,"word":"n't","originalText":"n't","characterOffsetBegin":299,"characterOffsetEnd":302,"pos":"RB","before":"","after":" "},{"index":14,"word":"have","originalText":"have","characterOffsetBegin":303,"characterOffsetEnd":307,"pos":"VB","before":" ","after":" "},{"index":15,"word":"royalties","originalText":"royalties","characterOffsetBegin":308,"characterOffsetEnd":317,"pos":"NNS","before":" ","after":" "},{"index":16,"word":"required","originalText":"required","characterOffsetBegin":318,"characterOffsetEnd":326,"pos":"VBN","before":" ","after":" "},{"index":17,"word":"for","originalText":"for","characterOffsetBegin":327,"characterOffsetEnd":330,"pos":"IN","before":" ","after":" "},{"index":18,"word":"binary","originalText":"binary","characterOffsetBegin":331,"characterOffsetEnd":337,"pos":"JJ","before":" ","after":" "},{"index":19,"word":"only","originalText":"only","characterOffsetBegin":338,"characterOffsetEnd":342,"pos":"JJ","before":" ","after":" "},{"index":20,"word":"distribution","originalText":"distribution","characterOffsetBegin":343,"characterOffsetEnd":355,"pos":"NN","before":" ","after":""},{"index":21,"word":".","originalText":".","characterOffsetBegin":355,"characterOffsetEnd":356,"pos":".","before":"","after":"  "}]},{"index":2,"tokens":[{"index":1,"word":"we","originalText":"we","characterOffsetBegin":358,"characterOffsetEnd":360,"pos":"PRP","before":"  ","after":" "},{"index":2,"word":"need","originalText":"need","characterOffsetBegin":361,"characterOffsetEnd":365,"pos":"VBP","before":" ","after":" "},{"index":3,"word":"2-dgraphing","originalText":"2-dgraphing","characterOffsetBegin":366,"characterOffsetEnd":377,"pos":"JJ","before":" ","after":" "},{"index":4,"word":"capabilities","originalText":"capabilities","characterOffsetBegin":378,"characterOffsetEnd":390,"pos":"NNS","before":" ","after":" "},{"index":5,"word":"at","originalText":"at","characterOffsetBegin":391,"characterOffsetEnd":393,"pos":"IN","before":" ","after":" "},{"index":6,"word":"a","originalText":"a","characterOffsetBegin":394,"characterOffsetEnd":395,"pos":"DT","before":" ","after":" "},{"index":7,"word":"minimum","originalText":"minimum","characterOffsetBegin":396,"characterOffsetEnd":403,"pos":"NN","before":" ","after":""},{"index":8,"word":",","originalText":",","characterOffsetBegin":403,"characterOffsetEnd":404,"pos":",","before":"","after":" "},{"index":9,"word":"but","originalText":"but","characterOffsetBegin":405,"characterOffsetEnd":408,"pos":"CC","before":" ","after":" "},{"index":10,"word":"3-d","originalText":"3-d","characterOffsetBegin":409,"characterOffsetEnd":412,"pos":"JJ","before":" ","after":"  "},{"index":11,"word":"would","originalText":"would","characterOffsetBegin":414,"characterOffsetEnd":419,"pos":"MD","before":"  ","after":" "},{"index":12,"word":"be","originalText":"be","characterOffsetBegin":420,"characterOffsetEnd":422,"pos":"VB","before":" ","after":" "},{"index":13,"word":"nice","originalText":"nice","characterOffsetBegin":423,"characterOffsetEnd":427,"pos":"JJ","before":" ","after":""},{"index":14,"word":".","originalText":".","characterOffsetBegin":427,"characterOffsetEnd":428,"pos":".","before":"","after":"  "}]},{"index":3,"tokens":[{"index":1,"word":"any","originalText":"any","characterOffsetBegin":430,"characterOffsetEnd":433,"pos":"DT","before":"  ","after":" "},{"index":2,"word":"info","originalText":"info","characterOffsetBegin":434,"characterOffsetEnd":438,"pos":"NN","before":" ","after":" "},{"index":3,"word":"wouldbe","originalText":"wouldbe","characterOffsetBegin":439,"characterOffsetEnd":446,"pos":"NN","before":" ","after":" "},{"index":4,"word":"appreciated","originalText":"appreciated","characterOffsetBegin":447,"characterOffsetEnd":458,"pos":"VBN","before":" ","after":" "},{"index":5,"word":"and","originalText":"and","characterOffsetBegin":459,"characterOffsetEnd":462,"pos":"CC","before":" ","after":" "},{"index":6,"word":"i","originalText":"i","characterOffsetBegin":463,"characterOffsetEnd":464,"pos":"FW","before":" ","after":" "},{"index":7,"word":"will","originalText":"will","characterOffsetBegin":465,"characterOffsetEnd":469,"pos":"MD","before":" ","after":" "},{"index":8,"word":"summarize","originalText":"summarize","characterOffsetBegin":470,"characterOffsetEnd":479,"pos":"VB","before":" ","after":" "},{"index":9,"word":"if","originalText":"if","characterOffsetBegin":480,"characterOffsetEnd":482,"pos":"IN","before":" ","after":" "},{"index":10,"word":"there","originalText":"there","characterOffsetBegin":483,"characterOffsetEnd":488,"pos":"EX","before":" ","after":" "},{"index":11,"word":"is","originalText":"is","characterOffsetBegin":489,"characterOffsetEnd":491,"pos":"VBZ","before":" ","after":" "},{"index":12,"word":"interest.thanks","originalText":"interest.thanks","characterOffsetBegin":492,"characterOffsetEnd":507,"pos":"NN","before":" ","after":""},{"index":13,"word":",","originalText":",","characterOffsetBegin":507,"characterOffsetEnd":508,"pos":",","before":"","after":""},{"index":14,"word":"mitch","originalText":"mitch","characterOffsetBegin":508,"characterOffsetEnd":513,"pos":"NN","before":"","after":""},{"index":15,"word":"--","originalText":"--","characterOffsetBegin":513,"characterOffsetEnd":515,"pos":":","before":"","after":""},{"index":16,"word":"_______________________________________________________________________________","originalText":"_______________________________________________________________________________","characterOffsetBegin":515,"characterOffsetEnd":594,"pos":"CD","before":"","after":""},{"index":17,"word":"Mitchell","originalText":"Mitchell","characterOffsetBegin":594,"characterOffsetEnd":602,"pos":"NNP","before":"","after":" "},{"index":18,"word":"S.","originalText":"S.","characterOffsetBegin":603,"characterOffsetEnd":605,"pos":"NNP","before":" ","after":" "},{"index":19,"word":"Baltuch","originalText":"Baltuch","characterOffsetBegin":606,"characterOffsetEnd":613,"pos":"NNP","before":" ","after":"\t\t\t\t\t"},{"index":20,"word":"Unidata","originalText":"Unidata","characterOffsetBegin":618,"characterOffsetEnd":625,"pos":"NNP","before":"\t\t\t\t\t","after":" "},{"index":21,"word":"Program","originalText":"Program","characterOffsetBegin":626,"characterOffsetEnd":633,"pos":"NNP","before":" ","after":" "},{"index":22,"word":"Centermitch@unidata.ucar.edu","originalText":"Centermitch@unidata.ucar.edu","characterOffsetBegin":634,"characterOffsetEnd":662,"pos":"NNP","before":" ","after":"\t\t\t\t\t"},{"index":23,"word":"UCAR","originalText":"UCAR","characterOffsetBegin":667,"characterOffsetEnd":671,"pos":"NNP","before":"\t\t\t\t\t","after":""},{"index":24,"word":",","originalText":",","characterOffsetBegin":671,"characterOffsetEnd":672,"pos":",","before":"","after":" "},{"index":25,"word":"PO","originalText":"PO","characterOffsetBegin":673,"characterOffsetEnd":675,"pos":"NNP","before":" ","after":" "},{"index":26,"word":"Box","originalText":"Box","characterOffsetBegin":676,"characterOffsetEnd":679,"pos":"NNP","before":" ","after":" "},{"index":27,"word":"3000303/497","originalText":"3000303/497","characterOffsetBegin":680,"characterOffsetEnd":691,"pos":"CD","before":" ","after":""},{"index":28,"word":"-8652","originalText":"-8652","characterOffsetBegin":691,"characterOffsetEnd":696,"pos":"CD","before":"","after":"\t\t\t\t\t\t"},{"index":29,"word":"Boulder","originalText":"Boulder","characterOffsetBegin":702,"characterOffsetEnd":709,"pos":"NNP","before":"\t\t\t\t\t\t","after":""},{"index":30,"word":",","originalText":",","characterOffsetBegin":709,"characterOffsetEnd":710,"pos":",","before":"","after":" "},{"index":31,"word":"CO","originalText":"CO","characterOffsetBegin":711,"characterOffsetEnd":713,"pos":"NNP","before":" ","after":" "},{"index":32,"word":"80307-3000","originalText":"80307-3000","characterOffsetBegin":714,"characterOffsetEnd":724,"pos":"CD","before":" ","after":""}]}]}