{"sentences":[{"index":0,"tokens":[{"index":1,"word":"From","originalText":"From","characterOffsetBegin":0,"characterOffsetEnd":4,"pos":"IN","before":"","after":""},{"index":2,"word":":","originalText":":","characterOffsetBegin":4,"characterOffsetEnd":5,"pos":":","before":"","after":" "},{"index":3,"word":"queloz@bernina.ethz.ch","originalText":"queloz@bernina.ethz.ch","characterOffsetBegin":6,"characterOffsetEnd":28,"pos":"NN","before":" ","after":" "},{"index":4,"word":"-LRB-","originalText":"(","characterOffsetBegin":29,"characterOffsetEnd":30,"pos":"-LRB-","before":" ","after":""},{"index":5,"word":"Ronald","originalText":"Ronald","characterOffsetBegin":30,"characterOffsetEnd":36,"pos":"NNP","before":"","after":" "},{"index":6,"word":"Queloz","originalText":"Queloz","characterOffsetBegin":37,"characterOffsetEnd":43,"pos":"NNP","before":" ","after":""},{"index":7,"word":"-RRB-","originalText":")","characterOffsetBegin":43,"characterOffsetEnd":44,"pos":"-RRB-","before":"","after":""},{"index":8,"word":"Subject","originalText":"Subject","characterOffsetBegin":44,"characterOffsetEnd":51,"pos":"NNP","before":"","after":""},{"index":9,"word":":","originalText":":","characterOffsetBegin":51,"characterOffsetEnd":52,"pos":":","before":"","after":" "},{"index":10,"word":"Hypercard","originalText":"Hypercard","characterOffsetBegin":53,"characterOffsetEnd":62,"pos":"NNP","before":" ","after":" "},{"index":11,"word":"for","originalText":"for","characterOffsetBegin":63,"characterOffsetEnd":66,"pos":"IN","before":" ","after":" "},{"index":12,"word":"UNIXHi","originalText":"UNIXHi","characterOffsetBegin":67,"characterOffsetEnd":73,"pos":"NNP","before":" ","after":" "},{"index":13,"word":"netlanders","originalText":"netlanders","characterOffsetBegin":74,"characterOffsetEnd":84,"pos":"NNS","before":" ","after":""},{"index":14,"word":",","originalText":",","characterOffsetBegin":84,"characterOffsetEnd":85,"pos":",","before":"","after":""},{"index":15,"word":"Does","originalText":"Does","characterOffsetBegin":85,"characterOffsetEnd":89,"pos":"VBZ","before":"","after":" "},{"index":16,"word":"anybody","originalText":"anybody","characterOffsetBegin":90,"characterOffsetEnd":97,"pos":"NN","before":" ","after":" "},{"index":17,"word":"know","originalText":"know","characterOffsetBegin":98,"characterOffsetEnd":102,"pos":"VB","before":" ","after":" "},{"index":18,"word":"if","originalText":"if","characterOffsetBegin":103,"characterOffsetEnd":105,"pos":"IN","before":" ","after":" "},{"index":19,"word":"there","originalText":"there","characterOffsetBegin":106,"characterOffsetEnd":111,"pos":"EX","before":" ","after":" "},{"index":20,"word":"is","originalText":"is","characterOffsetBegin":112,"characterOffsetEnd":114,"pos":"VBZ","before":" ","after":" "},{"index":21,"word":"something","originalText":"something","characterOffsetBegin":115,"characterOffsetEnd":124,"pos":"NN","before":" ","after":" "},{"index":22,"word":"like","originalText":"like","characterOffsetBegin":125,"characterOffsetEnd":129,"pos":"IN","before":" ","after":" "},{"index":23,"word":"Macintosh","originalText":"Macintosh","characterOffsetBegin":130,"characterOffsetEnd":139,"pos":"NNP","before":" ","after":" "},{"index":24,"word":"Hypercard","originalText":"Hypercard","characterOffsetBegin":140,"characterOffsetEnd":149,"pos":"NNP","before":" ","after":" "},{"index":25,"word":"for","originalText":"for","characterOffsetBegin":150,"characterOffsetEnd":153,"pos":"IN","before":" ","after":" "},{"index":26,"word":"any","originalText":"any","characterOffsetBegin":154,"characterOffsetEnd":157,"pos":"DT","before":" ","after":" "},{"index":27,"word":"UNIX","originalText":"UNIX","characterOffsetBegin":158,"characterOffsetEnd":162,"pos":"NNP","before":" ","after":" "},{"index":28,"word":"platform?Thanks","originalText":"platform?Thanks","characterOffsetBegin":163,"characterOffsetEnd":178,"pos":"NNPS","before":" ","after":" "},{"index":29,"word":"in","originalText":"in","characterOffsetBegin":179,"characterOffsetEnd":181,"pos":"IN","before":" ","after":" "},{"index":30,"word":"advanceRon","originalText":"advanceRon","characterOffsetBegin":182,"characterOffsetEnd":192,"pos":"NNP","before":" ","after":""},{"index":31,"word":".","originalText":".","characterOffsetBegin":192,"characterOffsetEnd":193,"pos":".","before":"","after":""}]}]}