{"sentences":[{"index":0,"tokens":[{"index":1,"word":"From","originalText":"From","characterOffsetBegin":0,"characterOffsetEnd":4,"pos":"IN","before":"","after":""},{"index":2,"word":":","originalText":":","characterOffsetBegin":4,"characterOffsetEnd":5,"pos":":","before":"","after":" "},{"index":3,"word":"ethan@cs.columbia.edu","originalText":"ethan@cs.columbia.edu","characterOffsetBegin":6,"characterOffsetEnd":27,"pos":"NN","before":" ","after":" "},{"index":4,"word":"-LRB-","originalText":"(","characterOffsetBegin":28,"characterOffsetEnd":29,"pos":"-LRB-","before":" ","after":""},{"index":5,"word":"Ethan","originalText":"Ethan","characterOffsetBegin":29,"characterOffsetEnd":34,"pos":"NNP","before":"","after":" "},{"index":6,"word":"Solomita","originalText":"Solomita","characterOffsetBegin":35,"characterOffsetEnd":43,"pos":"NNP","before":" ","after":""},{"index":7,"word":"-RRB-","originalText":")","characterOffsetBegin":43,"characterOffsetEnd":44,"pos":"-RRB-","before":"","after":""},{"index":8,"word":"Subject","originalText":"Subject","characterOffsetBegin":44,"characterOffsetEnd":51,"pos":"NNP","before":"","after":""},{"index":9,"word":":","originalText":":","characterOffsetBegin":51,"characterOffsetEnd":52,"pos":":","before":"","after":" "},{"index":10,"word":"Re","originalText":"Re","characterOffsetBegin":53,"characterOffsetEnd":55,"pos":"NNP","before":" ","after":""},{"index":11,"word":":","originalText":":","characterOffsetBegin":55,"characterOffsetEnd":56,"pos":":","before":"","after":" "},{"index":12,"word":"Forcing","originalText":"Forcing","characterOffsetBegin":57,"characterOffsetEnd":64,"pos":"VBG","before":" ","after":" "},{"index":13,"word":"a","originalText":"a","characterOffsetBegin":65,"characterOffsetEnd":66,"pos":"DT","before":" ","after":" "},{"index":14,"word":"window","originalText":"window","characterOffsetBegin":67,"characterOffsetEnd":73,"pos":"NN","before":" ","after":" "},{"index":15,"word":"manager","originalText":"manager","characterOffsetBegin":74,"characterOffsetEnd":81,"pos":"NN","before":" ","after":" "},{"index":16,"word":"to","originalText":"to","characterOffsetBegin":82,"characterOffsetEnd":84,"pos":"TO","before":" ","after":" "},{"index":17,"word":"accept","originalText":"accept","characterOffsetBegin":85,"characterOffsetEnd":91,"pos":"VB","before":" ","after":" "},{"index":18,"word":"specific","originalText":"specific","characterOffsetBegin":92,"characterOffsetEnd":100,"pos":"JJ","before":" ","after":" "},{"index":19,"word":"coordinates","originalText":"coordinates","characterOffsetBegin":101,"characterOffsetEnd":112,"pos":"VBZ","before":" ","after":" "},{"index":20,"word":"for","originalText":"for","characterOffsetBegin":113,"characterOffsetEnd":116,"pos":"IN","before":" ","after":" "},{"index":21,"word":"a","originalText":"a","characterOffsetBegin":117,"characterOffsetEnd":118,"pos":"DT","before":" ","after":" "},{"index":22,"word":"windowIn","originalText":"windowIn","characterOffsetBegin":119,"characterOffsetEnd":127,"pos":"NN","before":" ","after":" "},{"index":23,"word":"article","originalText":"article","characterOffsetBegin":128,"characterOffsetEnd":135,"pos":"NN","before":" ","after":" "},{"index":24,"word":"<BADING.93Apr23105229@athene.cs.tu-berlin.de>","originalText":"<BADING.93Apr23105229@athene.cs.tu-berlin.de>","characterOffsetBegin":136,"characterOffsetEnd":181,"pos":"NN","before":" ","after":" "},{"index":25,"word":"bading@cs.tu-berlin.de","originalText":"bading@cs.tu-berlin.de","characterOffsetBegin":182,"characterOffsetEnd":204,"pos":"NN","before":" ","after":" "},{"index":26,"word":"-LRB-","originalText":"(","characterOffsetBegin":205,"characterOffsetEnd":206,"pos":"-LRB-","before":" ","after":""},{"index":27,"word":"Tobias","originalText":"Tobias","characterOffsetBegin":206,"characterOffsetEnd":212,"pos":"NNP","before":"","after":" "},{"index":28,"word":"`","originalText":"'","characterOffsetBegin":213,"characterOffsetEnd":214,"pos":"``","before":" ","after":""},{"index":29,"word":"Doping","originalText":"Doping","characterOffsetBegin":214,"characterOffsetEnd":220,"pos":"VBG","before":"","after":""},{"index":30,"word":"'","originalText":"'","characterOffsetBegin":220,"characterOffsetEnd":221,"pos":"''","before":"","after":" "},{"index":31,"word":"Bading","originalText":"Bading","characterOffsetBegin":222,"characterOffsetEnd":228,"pos":"JJ","before":" ","after":""},{"index":32,"word":"-RRB-","originalText":")","characterOffsetBegin":228,"characterOffsetEnd":229,"pos":"-RRB-","before":"","after":" "},{"index":33,"word":"writes","originalText":"writes","characterOffsetBegin":230,"characterOffsetEnd":236,"pos":"VBZ","before":" ","after":""},{"index":34,"word":":","originalText":":","characterOffsetBegin":236,"characterOffsetEnd":237,"pos":":","before":"","after":""},{"index":35,"word":">>","originalText":">>","characterOffsetBegin":237,"characterOffsetEnd":239,"pos":"CD","before":"","after":""},{"index":36,"word":"I","originalText":"I","characterOffsetBegin":239,"characterOffsetEnd":240,"pos":"PRP","before":"","after":" "},{"index":37,"word":"know","originalText":"know","characterOffsetBegin":241,"characterOffsetEnd":245,"pos":"VBP","before":" ","after":" "},{"index":38,"word":"that","originalText":"that","characterOffsetBegin":246,"characterOffsetEnd":250,"pos":"IN","before":" ","after":" "},{"index":39,"word":"the","originalText":"the","characterOffsetBegin":251,"characterOffsetEnd":254,"pos":"DT","before":" ","after":" "},{"index":40,"word":"mwm","originalText":"mwm","characterOffsetBegin":255,"characterOffsetEnd":258,"pos":"NN","before":" ","after":" "},{"index":41,"word":"has","originalText":"has","characterOffsetBegin":259,"characterOffsetEnd":262,"pos":"VBZ","before":" ","after":" "},{"index":42,"word":"an","originalText":"an","characterOffsetBegin":263,"characterOffsetEnd":265,"pos":"DT","before":" ","after":" "},{"index":43,"word":"resource","originalText":"resource","characterOffsetBegin":266,"characterOffsetEnd":274,"pos":"NN","before":" ","after":" "},{"index":44,"word":"to","originalText":"to","characterOffsetBegin":275,"characterOffsetEnd":277,"pos":"TO","before":" ","after":" "},{"index":45,"word":"specify","originalText":"specify","characterOffsetBegin":278,"characterOffsetEnd":285,"pos":"VB","before":" ","after":" "},{"index":46,"word":"if","originalText":"if","characterOffsetBegin":286,"characterOffsetEnd":288,"pos":"IN","before":" ","after":" "},{"index":47,"word":"positions","originalText":"positions","characterOffsetBegin":289,"characterOffsetEnd":298,"pos":"NNS","before":" ","after":" "},{"index":48,"word":"are","originalText":"are","characterOffsetBegin":299,"characterOffsetEnd":302,"pos":"VBP","before":" ","after":" "},{"index":49,"word":"to","originalText":"to","characterOffsetBegin":303,"characterOffsetEnd":305,"pos":"TO","before":" ","after":" "},{"index":50,"word":"be","originalText":"be","characterOffsetBegin":306,"characterOffsetEnd":308,"pos":"VB","before":" ","after":" "},{"index":51,"word":"used","originalText":"used","characterOffsetBegin":309,"characterOffsetEnd":313,"pos":"VBN","before":" ","after":" "},{"index":52,"word":"for","originalText":"for","characterOffsetBegin":314,"characterOffsetEnd":317,"pos":"IN","before":" ","after":""},{"index":53,"word":">","originalText":">","characterOffsetBegin":317,"characterOffsetEnd":318,"pos":"JJR","before":"","after":""},{"index":54,"word":"the","originalText":"the","characterOffsetBegin":318,"characterOffsetEnd":321,"pos":"DT","before":"","after":" "},{"index":55,"word":"border","originalText":"border","characterOffsetBegin":322,"characterOffsetEnd":328,"pos":"NN","before":" ","after":" "},{"index":56,"word":"of","originalText":"of","characterOffsetBegin":329,"characterOffsetEnd":331,"pos":"IN","before":" ","after":" "},{"index":57,"word":"a","originalText":"a","characterOffsetBegin":332,"characterOffsetEnd":333,"pos":"DT","before":" ","after":" "},{"index":58,"word":"window","originalText":"window","characterOffsetBegin":334,"characterOffsetEnd":340,"pos":"NN","before":" ","after":" "},{"index":59,"word":"or","originalText":"or","characterOffsetBegin":341,"characterOffsetEnd":343,"pos":"CC","before":" ","after":" "},{"index":60,"word":"for","originalText":"for","characterOffsetBegin":344,"characterOffsetEnd":347,"pos":"IN","before":" ","after":" "},{"index":61,"word":"the","originalText":"the","characterOffsetBegin":348,"characterOffsetEnd":351,"pos":"DT","before":" ","after":" "},{"index":62,"word":"``","originalText":"\"","characterOffsetBegin":352,"characterOffsetEnd":353,"pos":"``","before":" ","after":""},{"index":63,"word":"user","originalText":"user","characterOffsetBegin":353,"characterOffsetEnd":357,"pos":"NN","before":"","after":""},{"index":64,"word":"''","originalText":"\"","characterOffsetBegin":357,"characterOffsetEnd":358,"pos":"''","before":"","after":" "},{"index":65,"word":"window","originalText":"window","characterOffsetBegin":359,"characterOffsetEnd":365,"pos":"NN","before":" ","after":""},{"index":66,"word":".","originalText":".","characterOffsetBegin":365,"characterOffsetEnd":366,"pos":".","before":"","after":" "}]},{"index":1,"tokens":[{"index":1,"word":"Maybe","originalText":"Maybe","characterOffsetBegin":367,"characterOffsetEnd":372,"pos":"RB","before":" ","after":" "},{"index":2,"word":"other","originalText":"other","characterOffsetBegin":373,"characterOffsetEnd":378,"pos":"JJ","before":" ","after":" "},{"index":3,"word":"window","originalText":"window","characterOffsetBegin":379,"characterOffsetEnd":385,"pos":"NN","before":" ","after":" "},{"index":4,"word":"managers","originalText":"managers","characterOffsetBegin":386,"characterOffsetEnd":394,"pos":"NNS","before":" ","after":""},{"index":5,"word":">","originalText":">","characterOffsetBegin":394,"characterOffsetEnd":395,"pos":"JJR","before":"","after":""},{"index":6,"word":"have","originalText":"have","characterOffsetBegin":395,"characterOffsetEnd":399,"pos":"VBP","before":"","after":" "},{"index":7,"word":"similar","originalText":"similar","characterOffsetBegin":400,"characterOffsetEnd":407,"pos":"JJ","before":" ","after":" "},{"index":8,"word":"options","originalText":"options","characterOffsetBegin":408,"characterOffsetEnd":415,"pos":"NNS","before":" ","after":""},{"index":9,"word":".","originalText":".","characterOffsetBegin":415,"characterOffsetEnd":416,"pos":".","before":"","after":""},{"index":10,"word":">","originalText":">","characterOffsetBegin":416,"characterOffsetEnd":417,"pos":"JJR","before":"","after":""}]},{"index":2,"tokens":[{"index":1,"word":"Another","originalText":"Another","characterOffsetBegin":417,"characterOffsetEnd":424,"pos":"DT","before":"","after":" "},{"index":2,"word":"way","originalText":"way","characterOffsetBegin":425,"characterOffsetEnd":428,"pos":"NN","before":" ","after":" "},{"index":3,"word":"to","originalText":"to","characterOffsetBegin":429,"characterOffsetEnd":431,"pos":"TO","before":" ","after":" "},{"index":4,"word":"figure","originalText":"figure","characterOffsetBegin":432,"characterOffsetEnd":438,"pos":"VB","before":" ","after":" "},{"index":5,"word":"out","originalText":"out","characterOffsetBegin":439,"characterOffsetEnd":442,"pos":"RP","before":" ","after":" "},{"index":6,"word":"the","originalText":"the","characterOffsetBegin":443,"characterOffsetEnd":446,"pos":"DT","before":" ","after":" "},{"index":7,"word":"difference","originalText":"difference","characterOffsetBegin":447,"characterOffsetEnd":457,"pos":"NN","before":" ","after":" "},{"index":8,"word":"between","originalText":"between","characterOffsetBegin":458,"characterOffsetEnd":465,"pos":"IN","before":" ","after":" "},{"index":9,"word":"the","originalText":"the","characterOffsetBegin":466,"characterOffsetEnd":469,"pos":"DT","before":" ","after":" "},{"index":10,"word":"``","originalText":"\"","characterOffsetBegin":470,"characterOffsetEnd":471,"pos":"``","before":" ","after":""},{"index":11,"word":"user","originalText":"user","characterOffsetBegin":471,"characterOffsetEnd":475,"pos":"NN","before":"","after":""},{"index":12,"word":"''","originalText":"\"","characterOffsetBegin":475,"characterOffsetEnd":476,"pos":"''","before":"","after":" "},{"index":13,"word":"window","originalText":"window","characterOffsetBegin":477,"characterOffsetEnd":483,"pos":"NN","before":" ","after":" "},{"index":14,"word":"position","originalText":"position","characterOffsetBegin":484,"characterOffsetEnd":492,"pos":"NN","before":" ","after":""},{"index":15,"word":">","originalText":">","characterOffsetBegin":492,"characterOffsetEnd":493,"pos":"JJR","before":"","after":""},{"index":16,"word":"and","originalText":"and","characterOffsetBegin":493,"characterOffsetEnd":496,"pos":"CC","before":"","after":" "},{"index":17,"word":"the","originalText":"the","characterOffsetBegin":497,"characterOffsetEnd":500,"pos":"DT","before":" ","after":" "},{"index":18,"word":"window","originalText":"window","characterOffsetBegin":501,"characterOffsetEnd":507,"pos":"NN","before":" ","after":" "},{"index":19,"word":"manager","originalText":"manager","characterOffsetBegin":508,"characterOffsetEnd":515,"pos":"NN","before":" ","after":" "},{"index":20,"word":"decoration","originalText":"decoration","characterOffsetBegin":516,"characterOffsetEnd":526,"pos":"NN","before":" ","after":" "},{"index":21,"word":"window","originalText":"window","characterOffsetBegin":527,"characterOffsetEnd":533,"pos":"NN","before":" ","after":" "},{"index":22,"word":"position","originalText":"position","characterOffsetBegin":534,"characterOffsetEnd":542,"pos":"NN","before":" ","after":" "},{"index":23,"word":"is","originalText":"is","characterOffsetBegin":543,"characterOffsetEnd":545,"pos":"VBZ","before":" ","after":" "},{"index":24,"word":"to","originalText":"to","characterOffsetBegin":546,"characterOffsetEnd":548,"pos":"TO","before":" ","after":" "},{"index":25,"word":"subtract","originalText":"subtract","characterOffsetBegin":549,"characterOffsetEnd":557,"pos":"VB","before":" ","after":" "},{"index":26,"word":"their","originalText":"their","characterOffsetBegin":558,"characterOffsetEnd":563,"pos":"PRP$","before":" ","after":""},{"index":27,"word":">","originalText":">","characterOffsetBegin":563,"characterOffsetEnd":564,"pos":"JJR","before":"","after":""},{"index":28,"word":"positions","originalText":"positions","characterOffsetBegin":564,"characterOffsetEnd":573,"pos":"NNS","before":"","after":""},{"index":29,"word":".","originalText":".","characterOffsetBegin":573,"characterOffsetEnd":574,"pos":".","before":"","after":" "}]},{"index":3,"tokens":[{"index":1,"word":"You","originalText":"You","characterOffsetBegin":575,"characterOffsetEnd":578,"pos":"PRP","before":" ","after":" "},{"index":2,"word":"just","originalText":"just","characterOffsetBegin":579,"characterOffsetEnd":583,"pos":"RB","before":" ","after":" "},{"index":3,"word":"have","originalText":"have","characterOffsetBegin":584,"characterOffsetEnd":588,"pos":"VBP","before":" ","after":" "},{"index":4,"word":"to","originalText":"to","characterOffsetBegin":589,"characterOffsetEnd":591,"pos":"TO","before":" ","after":" "},{"index":5,"word":"use","originalText":"use","characterOffsetBegin":592,"characterOffsetEnd":595,"pos":"VB","before":" ","after":" "},{"index":6,"word":"XQueryTree","originalText":"XQueryTree","characterOffsetBegin":596,"characterOffsetEnd":606,"pos":"NN","before":" ","after":" "},{"index":7,"word":"and","originalText":"and","characterOffsetBegin":607,"characterOffsetEnd":610,"pos":"CC","before":" ","after":" "},{"index":8,"word":"remember","originalText":"remember","characterOffsetBegin":611,"characterOffsetEnd":619,"pos":"VBP","before":" ","after":" "},{"index":9,"word":"that","originalText":"that","characterOffsetBegin":620,"characterOffsetEnd":624,"pos":"IN","before":" ","after":" "},{"index":10,"word":"the","originalText":"the","characterOffsetBegin":625,"characterOffsetEnd":628,"pos":"DT","before":" ","after":" "},{"index":11,"word":"window","originalText":"window","characterOffsetBegin":629,"characterOffsetEnd":635,"pos":"NN","before":" ","after":" "},{"index":12,"word":"manager","originalText":"manager","characterOffsetBegin":636,"characterOffsetEnd":643,"pos":"NN","before":" ","after":""},{"index":13,"word":">","originalText":">","characterOffsetBegin":643,"characterOffsetEnd":644,"pos":"JJR","before":"","after":""},{"index":14,"word":"decorations","originalText":"decorations","characterOffsetBegin":644,"characterOffsetEnd":655,"pos":"NNS","before":"","after":" "},{"index":15,"word":"window","originalText":"window","characterOffsetBegin":656,"characterOffsetEnd":662,"pos":"NN","before":" ","after":" "},{"index":16,"word":"is","originalText":"is","characterOffsetBegin":663,"characterOffsetEnd":665,"pos":"VBZ","before":" ","after":" "},{"index":17,"word":"the","originalText":"the","characterOffsetBegin":666,"characterOffsetEnd":669,"pos":"DT","before":" ","after":" "},{"index":18,"word":"parent","originalText":"parent","characterOffsetBegin":670,"characterOffsetEnd":676,"pos":"NN","before":" ","after":" "},{"index":19,"word":"of","originalText":"of","characterOffsetBegin":677,"characterOffsetEnd":679,"pos":"IN","before":" ","after":" "},{"index":20,"word":"your","originalText":"your","characterOffsetBegin":680,"characterOffsetEnd":684,"pos":"PRP$","before":" ","after":" "},{"index":21,"word":"window","originalText":"window","characterOffsetBegin":685,"characterOffsetEnd":691,"pos":"NN","before":" ","after":""},{"index":22,"word":".","originalText":".","characterOffsetBegin":691,"characterOffsetEnd":692,"pos":".","before":"","after":" "}]},{"index":4,"tokens":[{"index":1,"word":"Unfortunately","originalText":"Unfortunately","characterOffsetBegin":693,"characterOffsetEnd":706,"pos":"RB","before":" ","after":""},{"index":2,"word":",","originalText":",","characterOffsetBegin":706,"characterOffsetEnd":707,"pos":",","before":"","after":" "},{"index":3,"word":"you","originalText":"you","characterOffsetBegin":708,"characterOffsetEnd":711,"pos":"PRP","before":" ","after":" "},{"index":4,"word":"can","originalText":"can","characterOffsetBegin":712,"characterOffsetEnd":715,"pos":"MD","before":" ","after":" "},{"index":5,"word":"only","originalText":"only","characterOffsetBegin":716,"characterOffsetEnd":720,"pos":"RB","before":" ","after":""},{"index":6,"word":">","originalText":">","characterOffsetBegin":720,"characterOffsetEnd":721,"pos":"JJR","before":"","after":""},{"index":7,"word":"figure","originalText":"figure","characterOffsetBegin":721,"characterOffsetEnd":727,"pos":"NN","before":"","after":" "},{"index":8,"word":"out","originalText":"out","characterOffsetBegin":728,"characterOffsetEnd":731,"pos":"IN","before":" ","after":" "},{"index":9,"word":"the","originalText":"the","characterOffsetBegin":732,"characterOffsetEnd":735,"pos":"DT","before":" ","after":" "},{"index":10,"word":"decoration","originalText":"decoration","characterOffsetBegin":736,"characterOffsetEnd":746,"pos":"NN","before":" ","after":" "},{"index":11,"word":"width","originalText":"width","characterOffsetBegin":747,"characterOffsetEnd":752,"pos":"NN","before":" ","after":" "},{"index":12,"word":"and","originalText":"and","characterOffsetBegin":753,"characterOffsetEnd":756,"pos":"CC","before":" ","after":" "},{"index":13,"word":"height","originalText":"height","characterOffsetBegin":757,"characterOffsetEnd":763,"pos":"NN","before":" ","after":" "},{"index":14,"word":"after","originalText":"after","characterOffsetBegin":764,"characterOffsetEnd":769,"pos":"IN","before":" ","after":" "},{"index":15,"word":"the","originalText":"the","characterOffsetBegin":770,"characterOffsetEnd":773,"pos":"DT","before":" ","after":" "},{"index":16,"word":"window","originalText":"window","characterOffsetBegin":774,"characterOffsetEnd":780,"pos":"NN","before":" ","after":" "},{"index":17,"word":"has","originalText":"has","characterOffsetBegin":781,"characterOffsetEnd":784,"pos":"VBZ","before":" ","after":" "},{"index":18,"word":"been","originalText":"been","characterOffsetBegin":785,"characterOffsetEnd":789,"pos":"VBN","before":" ","after":" "},{"index":19,"word":"mapped","originalText":"mapped","characterOffsetBegin":790,"characterOffsetEnd":796,"pos":"VBN","before":" ","after":""},{"index":20,"word":">","originalText":">","characterOffsetBegin":796,"characterOffsetEnd":797,"pos":"RBR","before":"","after":""},{"index":21,"word":"this","originalText":"this","characterOffsetBegin":797,"characterOffsetEnd":801,"pos":"DT","before":"","after":" "},{"index":22,"word":"way","originalText":"way","characterOffsetBegin":802,"characterOffsetEnd":805,"pos":"NN","before":" ","after":""},{"index":23,"word":".","originalText":".","characterOffsetBegin":805,"characterOffsetEnd":806,"pos":".","before":"","after":""},{"index":24,"word":">","originalText":">","characterOffsetBegin":806,"characterOffsetEnd":807,"pos":"JJR","before":"","after":"\t"}]},{"index":5,"tokens":[{"index":1,"word":"Another","originalText":"Another","characterOffsetBegin":808,"characterOffsetEnd":815,"pos":"DT","before":"\t","after":" "},{"index":2,"word":"way","originalText":"way","characterOffsetBegin":816,"characterOffsetEnd":819,"pos":"NN","before":" ","after":" "},{"index":3,"word":"would","originalText":"would","characterOffsetBegin":820,"characterOffsetEnd":825,"pos":"MD","before":" ","after":" "},{"index":4,"word":"be","originalText":"be","characterOffsetBegin":826,"characterOffsetEnd":828,"pos":"VB","before":" ","after":" "},{"index":5,"word":"to","originalText":"to","characterOffsetBegin":829,"characterOffsetEnd":831,"pos":"TO","before":" ","after":" "},{"index":6,"word":"use","originalText":"use","characterOffsetBegin":832,"characterOffsetEnd":835,"pos":"VB","before":" ","after":" "},{"index":7,"word":"GetGeometry","originalText":"GetGeometry","characterOffsetBegin":836,"characterOffsetEnd":847,"pos":"NNP","before":" ","after":" "},{"index":8,"word":"to","originalText":"to","characterOffsetBegin":848,"characterOffsetEnd":850,"pos":"TO","before":" ","after":" "},{"index":9,"word":"find","originalText":"find","characterOffsetBegin":851,"characterOffsetEnd":855,"pos":"VB","before":" ","after":" "},{"index":10,"word":"out","originalText":"out","characterOffsetBegin":856,"characterOffsetEnd":859,"pos":"RP","before":" ","after":" "},{"index":11,"word":"whereyou","originalText":"whereyou","characterOffsetBegin":860,"characterOffsetEnd":868,"pos":"NN","before":" ","after":" "},{"index":12,"word":"are","originalText":"are","characterOffsetBegin":869,"characterOffsetEnd":872,"pos":"VBP","before":" ","after":" "},{"index":13,"word":"relative","originalText":"relative","characterOffsetBegin":873,"characterOffsetEnd":881,"pos":"JJ","before":" ","after":" "},{"index":14,"word":"to","originalText":"to","characterOffsetBegin":882,"characterOffsetEnd":884,"pos":"TO","before":" ","after":" "},{"index":15,"word":"the","originalText":"the","characterOffsetBegin":885,"characterOffsetEnd":888,"pos":"DT","before":" ","after":" "},{"index":16,"word":"frame","originalText":"frame","characterOffsetBegin":889,"characterOffsetEnd":894,"pos":"NN","before":" ","after":""},{"index":17,"word":",","originalText":",","characterOffsetBegin":894,"characterOffsetEnd":895,"pos":",","before":"","after":" "},{"index":18,"word":"and","originalText":"and","characterOffsetBegin":896,"characterOffsetEnd":899,"pos":"CC","before":" ","after":" "},{"index":19,"word":"TranslateCoordinates","originalText":"TranslateCoordinates","characterOffsetBegin":900,"characterOffsetEnd":920,"pos":"NNP","before":" ","after":" "},{"index":20,"word":"to","originalText":"to","characterOffsetBegin":921,"characterOffsetEnd":923,"pos":"TO","before":" ","after":" "},{"index":21,"word":"findout","originalText":"findout","characterOffsetBegin":924,"characterOffsetEnd":931,"pos":"VB","before":" ","after":" "},{"index":22,"word":"where","originalText":"where","characterOffsetBegin":932,"characterOffsetEnd":937,"pos":"WRB","before":" ","after":" "},{"index":23,"word":"your","originalText":"your","characterOffsetBegin":938,"characterOffsetEnd":942,"pos":"PRP$","before":" ","after":" "},{"index":24,"word":"window","originalText":"window","characterOffsetBegin":943,"characterOffsetEnd":949,"pos":"NN","before":" ","after":""},{"index":25,"word":"'s","originalText":"'s","characterOffsetBegin":949,"characterOffsetEnd":951,"pos":"POS","before":"","after":" "},{"index":26,"word":"upperleft","originalText":"upperleft","characterOffsetBegin":952,"characterOffsetEnd":961,"pos":"NN","before":" ","after":" "},{"index":27,"word":"corner","originalText":"corner","characterOffsetBegin":962,"characterOffsetEnd":968,"pos":"NN","before":" ","after":" "},{"index":28,"word":"really","originalText":"really","characterOffsetBegin":969,"characterOffsetEnd":975,"pos":"RB","before":" ","after":" "},{"index":29,"word":"is","originalText":"is","characterOffsetBegin":976,"characterOffsetEnd":978,"pos":"VBZ","before":" ","after":""},{"index":30,"word":".","originalText":".","characterOffsetBegin":978,"characterOffsetEnd":979,"pos":".","before":"","after":"\t"}]},{"index":6,"tokens":[{"index":1,"word":"--","originalText":"--","characterOffsetBegin":980,"characterOffsetEnd":982,"pos":":","before":"\t","after":" "},{"index":2,"word":"Ethan","originalText":"Ethan","characterOffsetBegin":983,"characterOffsetEnd":988,"pos":"NNP","before":" ","after":""}]}]}