{"sentences":[{"index":0,"tokens":[{"index":1,"word":"From","originalText":"From","characterOffsetBegin":0,"characterOffsetEnd":4,"pos":"IN","before":"","after":""},{"index":2,"word":":","originalText":":","characterOffsetBegin":4,"characterOffsetEnd":5,"pos":":","before":"","after":" "},{"index":3,"word":"bshaw@spdc.ti.com","originalText":"bshaw@spdc.ti.com","characterOffsetBegin":6,"characterOffsetEnd":23,"pos":"NN","before":" ","after":" "},{"index":4,"word":"-LRB-","originalText":"(","characterOffsetBegin":24,"characterOffsetEnd":25,"pos":"-LRB-","before":" ","after":""},{"index":5,"word":"Bob","originalText":"Bob","characterOffsetBegin":25,"characterOffsetEnd":28,"pos":"NNP","before":"","after":" "},{"index":6,"word":"Shaw","originalText":"Shaw","characterOffsetBegin":29,"characterOffsetEnd":33,"pos":"NNP","before":" ","after":""},{"index":7,"word":"-RRB-","originalText":")","characterOffsetBegin":33,"characterOffsetEnd":34,"pos":"-RRB-","before":"","after":""},{"index":8,"word":"Subject","originalText":"Subject","characterOffsetBegin":34,"characterOffsetEnd":41,"pos":"NNP","before":"","after":""},{"index":9,"word":":","originalText":":","characterOffsetBegin":41,"characterOffsetEnd":42,"pos":":","before":"","after":" "},{"index":10,"word":"SUMMARY","originalText":"SUMMARY","characterOffsetBegin":43,"characterOffsetEnd":50,"pos":"NN","before":" ","after":"  "},{"index":11,"word":"xon","originalText":"xon","characterOffsetBegin":52,"characterOffsetEnd":55,"pos":"NN","before":"  ","after":" "},{"index":12,"word":"and","originalText":"and","characterOffsetBegin":56,"characterOffsetEnd":59,"pos":"CC","before":" ","after":" "},{"index":13,"word":"X11R5Hi","originalText":"X11R5Hi","characterOffsetBegin":60,"characterOffsetEnd":67,"pos":"NN","before":" ","after":" "},{"index":14,"word":"folksThanks","originalText":"folksThanks","characterOffsetBegin":68,"characterOffsetEnd":79,"pos":"NNS","before":" ","after":" "},{"index":15,"word":"to","originalText":"to","characterOffsetBegin":80,"characterOffsetEnd":82,"pos":"TO","before":" ","after":" "},{"index":16,"word":"the","originalText":"the","characterOffsetBegin":83,"characterOffsetEnd":86,"pos":"DT","before":" ","after":" "},{"index":17,"word":"ones","originalText":"ones","characterOffsetBegin":87,"characterOffsetEnd":91,"pos":"NNS","before":" ","after":" "},{"index":18,"word":"that","originalText":"that","characterOffsetBegin":92,"characterOffsetEnd":96,"pos":"WDT","before":" ","after":" "},{"index":19,"word":"replied","originalText":"replied","characterOffsetBegin":97,"characterOffsetEnd":104,"pos":"VBD","before":" ","after":""},{"index":20,"word":",","originalText":",","characterOffsetBegin":104,"characterOffsetEnd":105,"pos":",","before":"","after":" "},{"index":21,"word":"however","originalText":"however","characterOffsetBegin":106,"characterOffsetEnd":113,"pos":"RB","before":" ","after":""},{"index":22,"word":",","originalText":",","characterOffsetBegin":113,"characterOffsetEnd":114,"pos":",","before":"","after":" "},{"index":23,"word":"my","originalText":"my","characterOffsetBegin":115,"characterOffsetEnd":117,"pos":"PRP$","before":" ","after":" "},{"index":24,"word":"problem","originalText":"problem","characterOffsetBegin":118,"characterOffsetEnd":125,"pos":"NN","before":" ","after":" "},{"index":25,"word":"turned","originalText":"turned","characterOffsetBegin":126,"characterOffsetEnd":132,"pos":"VBD","before":" ","after":" "},{"index":26,"word":"outto","originalText":"outto","characterOffsetBegin":133,"characterOffsetEnd":138,"pos":"NN","before":" ","after":" "},{"index":27,"word":"be","originalText":"be","characterOffsetBegin":139,"characterOffsetEnd":141,"pos":"VB","before":" ","after":" "},{"index":28,"word":"very","originalText":"very","characterOffsetBegin":142,"characterOffsetEnd":146,"pos":"RB","before":" ","after":" "},{"index":29,"word":"simple.In","originalText":"simple.In","characterOffsetBegin":147,"characterOffsetEnd":156,"pos":"JJ","before":" ","after":" "},{"index":30,"word":"my","originalText":"my","characterOffsetBegin":157,"characterOffsetEnd":159,"pos":"PRP$","before":" ","after":" "},{"index":31,"word":".","originalText":".","characterOffsetBegin":160,"characterOffsetEnd":161,"pos":".","before":" ","after":""}]},{"index":1,"tokens":[{"index":1,"word":"Xresources","originalText":"Xresources","characterOffsetBegin":161,"characterOffsetEnd":171,"pos":"NNS","before":"","after":" "},{"index":2,"word":"I","originalText":"I","characterOffsetBegin":172,"characterOffsetEnd":173,"pos":"PRP","before":" ","after":" "},{"index":3,"word":"had","originalText":"had","characterOffsetBegin":174,"characterOffsetEnd":177,"pos":"VBD","before":" ","after":" "},{"index":4,"word":"a","originalText":"a","characterOffsetBegin":178,"characterOffsetEnd":179,"pos":"DT","before":" ","after":" "},{"index":5,"word":"space","originalText":"space","characterOffsetBegin":180,"characterOffsetEnd":185,"pos":"NN","before":" ","after":" "},{"index":6,"word":"after","originalText":"after","characterOffsetBegin":186,"characterOffsetEnd":191,"pos":"IN","before":" ","after":" "},{"index":7,"word":"XTerm","originalText":"XTerm","characterOffsetBegin":192,"characterOffsetEnd":197,"pos":"NN","before":" ","after":""},{"index":8,"word":"*","originalText":"*","characterOffsetBegin":197,"characterOffsetEnd":198,"pos":"SYM","before":"","after":""},{"index":9,"word":"font","originalText":"font","characterOffsetBegin":198,"characterOffsetEnd":202,"pos":"NN","before":"","after":""},{"index":10,"word":":","originalText":":","characterOffsetBegin":202,"characterOffsetEnd":203,"pos":":","before":"","after":"   "},{"index":11,"word":"10x20","originalText":"10x20","characterOffsetBegin":206,"characterOffsetEnd":211,"pos":"NN","before":"   ","after":""},{"index":12,"word":".","originalText":".","characterOffsetBegin":211,"characterOffsetEnd":212,"pos":".","before":"","after":""}]},{"index":2,"tokens":[{"index":1,"word":"Removing","originalText":"Removing","characterOffsetBegin":212,"characterOffsetEnd":220,"pos":"VBG","before":"","after":" "},{"index":2,"word":"this","originalText":"this","characterOffsetBegin":221,"characterOffsetEnd":225,"pos":"DT","before":" ","after":" "},{"index":3,"word":"and","originalText":"and","characterOffsetBegin":226,"characterOffsetEnd":229,"pos":"CC","before":" ","after":" "},{"index":4,"word":"xrdb","originalText":"xrdb","characterOffsetBegin":230,"characterOffsetEnd":234,"pos":"NN","before":" ","after":" "},{"index":5,"word":"fixed","originalText":"fixed","characterOffsetBegin":235,"characterOffsetEnd":240,"pos":"VBN","before":" ","after":" "},{"index":6,"word":"my","originalText":"my","characterOffsetBegin":241,"characterOffsetEnd":243,"pos":"PRP$","before":" ","after":" "},{"index":7,"word":"problem.Also","originalText":"problem.Also","characterOffsetBegin":244,"characterOffsetEnd":256,"pos":"NN","before":" ","after":""},{"index":8,"word":",","originalText":",","characterOffsetBegin":256,"characterOffsetEnd":257,"pos":",","before":"","after":" "},{"index":9,"word":"same","originalText":"same","characterOffsetBegin":258,"characterOffsetEnd":262,"pos":"JJ","before":" ","after":" "},{"index":10,"word":"symptom","originalText":"symptom","characterOffsetBegin":263,"characterOffsetEnd":270,"pos":"NN","before":" ","after":""},{"index":11,"word":",","originalText":",","characterOffsetBegin":270,"characterOffsetEnd":271,"pos":",","before":"","after":" "},{"index":12,"word":"was","originalText":"was","characterOffsetBegin":272,"characterOffsetEnd":275,"pos":"VBD","before":" ","after":" "},{"index":13,"word":"that","originalText":"that","characterOffsetBegin":276,"characterOffsetEnd":280,"pos":"IN","before":" ","after":" "},{"index":14,"word":"some","originalText":"some","characterOffsetBegin":281,"characterOffsetEnd":285,"pos":"DT","before":" ","after":" "},{"index":15,"word":"of","originalText":"of","characterOffsetBegin":286,"characterOffsetEnd":288,"pos":"IN","before":" ","after":" "},{"index":16,"word":"my","originalText":"my","characterOffsetBegin":289,"characterOffsetEnd":291,"pos":"PRP$","before":" ","after":" "},{"index":17,"word":"users","originalText":"users","characterOffsetBegin":292,"characterOffsetEnd":297,"pos":"NNS","before":" ","after":" "},{"index":18,"word":"did","originalText":"did","characterOffsetBegin":298,"characterOffsetEnd":301,"pos":"VBD","before":" ","after":" "},{"index":19,"word":"not","originalText":"not","characterOffsetBegin":302,"characterOffsetEnd":305,"pos":"RB","before":" ","after":" "},{"index":20,"word":"have","originalText":"have","characterOffsetBegin":306,"characterOffsetEnd":310,"pos":"VB","before":" ","after":" "},{"index":21,"word":"theproper","originalText":"theproper","characterOffsetBegin":311,"characterOffsetEnd":320,"pos":"NN","before":" ","after":" "},{"index":22,"word":"capitals","originalText":"capitals","characterOffsetBegin":321,"characterOffsetEnd":329,"pos":"NNS","before":" ","after":" "},{"index":23,"word":"for","originalText":"for","characterOffsetBegin":330,"characterOffsetEnd":333,"pos":"IN","before":" ","after":" "},{"index":24,"word":"XTerm","originalText":"XTerm","characterOffsetBegin":334,"characterOffsetEnd":339,"pos":"NN","before":" ","after":""},{"index":25,"word":"*","originalText":"*","characterOffsetBegin":339,"characterOffsetEnd":340,"pos":"SYM","before":"","after":""},{"index":26,"word":"font.Thanks","originalText":"font.Thanks","characterOffsetBegin":340,"characterOffsetEnd":351,"pos":"NNPS","before":"","after":" "},{"index":27,"word":"againBob","originalText":"againBob","characterOffsetBegin":352,"characterOffsetEnd":360,"pos":"NNP","before":" ","after":""}]}]}