{"sentences":[{"index":0,"tokens":[{"index":1,"word":"From","originalText":"From","characterOffsetBegin":0,"characterOffsetEnd":4,"pos":"IN","before":"","after":""},{"index":2,"word":":","originalText":":","characterOffsetBegin":4,"characterOffsetEnd":5,"pos":":","before":"","after":" "},{"index":3,"word":"garym@ie.utoronto.ca","originalText":"garym@ie.utoronto.ca","characterOffsetBegin":6,"characterOffsetEnd":26,"pos":"NN","before":" ","after":" "},{"index":4,"word":"-LRB-","originalText":"(","characterOffsetBegin":27,"characterOffsetEnd":28,"pos":"-LRB-","before":" ","after":""},{"index":5,"word":"Gary","originalText":"Gary","characterOffsetBegin":28,"characterOffsetEnd":32,"pos":"NNP","before":"","after":" "},{"index":6,"word":"Murphy","originalText":"Murphy","characterOffsetBegin":33,"characterOffsetEnd":39,"pos":"NNP","before":" ","after":""},{"index":7,"word":"-RRB-","originalText":")","characterOffsetBegin":39,"characterOffsetEnd":40,"pos":"-RRB-","before":"","after":""},{"index":8,"word":"Subject","originalText":"Subject","characterOffsetBegin":40,"characterOffsetEnd":47,"pos":"NNP","before":"","after":""},{"index":9,"word":":","originalText":":","characterOffsetBegin":47,"characterOffsetEnd":48,"pos":":","before":"","after":" "},{"index":10,"word":"X","originalText":"X","characterOffsetBegin":49,"characterOffsetEnd":50,"pos":"NN","before":" ","after":" "},{"index":11,"word":"on","originalText":"on","characterOffsetBegin":51,"characterOffsetEnd":53,"pos":"IN","before":" ","after":" "},{"index":12,"word":"Amiga","originalText":"Amiga","characterOffsetBegin":54,"characterOffsetEnd":59,"pos":"NNP","before":" ","after":" "},{"index":13,"word":"4000","originalText":"4000","characterOffsetBegin":60,"characterOffsetEnd":64,"pos":"CD","before":" ","after":""},{"index":14,"word":"?","originalText":"?","characterOffsetBegin":64,"characterOffsetEnd":65,"pos":".","before":"","after":""}]},{"index":1,"tokens":[{"index":1,"word":"I","originalText":"I","characterOffsetBegin":65,"characterOffsetEnd":66,"pos":"PRP","before":"","after":""},{"index":2,"word":"'m","originalText":"'m","characterOffsetBegin":66,"characterOffsetEnd":68,"pos":"VBP","before":"","after":" "},{"index":3,"word":"new","originalText":"new","characterOffsetBegin":69,"characterOffsetEnd":72,"pos":"JJ","before":" ","after":" "},{"index":4,"word":"to","originalText":"to","characterOffsetBegin":73,"characterOffsetEnd":75,"pos":"TO","before":" ","after":" "},{"index":5,"word":"the","originalText":"the","characterOffsetBegin":76,"characterOffsetEnd":79,"pos":"DT","before":" ","after":" "},{"index":6,"word":"hardware","originalText":"hardware","characterOffsetBegin":80,"characterOffsetEnd":88,"pos":"NN","before":" ","after":" "},{"index":7,"word":"and","originalText":"and","characterOffsetBegin":89,"characterOffsetEnd":92,"pos":"CC","before":" ","after":" "},{"index":8,"word":"with","originalText":"with","characterOffsetBegin":93,"characterOffsetEnd":97,"pos":"IN","before":" ","after":" "},{"index":9,"word":"a","originalText":"a","characterOffsetBegin":98,"characterOffsetEnd":99,"pos":"DT","before":" ","after":" "},{"index":10,"word":"mandate","originalText":"mandate","characterOffsetBegin":100,"characterOffsetEnd":107,"pos":"NN","before":" ","after":" "},{"index":11,"word":"to","originalText":"to","characterOffsetBegin":108,"characterOffsetEnd":110,"pos":"TO","before":" ","after":" "},{"index":12,"word":"port","originalText":"port","characterOffsetBegin":111,"characterOffsetEnd":115,"pos":"NN","before":" ","after":" "},{"index":13,"word":"some","originalText":"some","characterOffsetBegin":116,"characterOffsetEnd":120,"pos":"DT","before":" ","after":" "},{"index":14,"word":"X-basedstereo-video","originalText":"X-basedstereo-video","characterOffsetBegin":121,"characterOffsetEnd":140,"pos":"NN","before":" ","after":" "},{"index":15,"word":"software","originalText":"software","characterOffsetBegin":141,"characterOffsetEnd":149,"pos":"NN","before":" ","after":" "},{"index":16,"word":"--","originalText":"---","characterOffsetBegin":150,"characterOffsetEnd":153,"pos":":","before":" ","after":" "},{"index":17,"word":"does","originalText":"does","characterOffsetBegin":154,"characterOffsetEnd":158,"pos":"VBZ","before":" ","after":" "},{"index":18,"word":"anyone","originalText":"anyone","characterOffsetBegin":159,"characterOffsetEnd":165,"pos":"NN","before":" ","after":" "},{"index":19,"word":"know","originalText":"know","characterOffsetBegin":166,"characterOffsetEnd":170,"pos":"VB","before":" ","after":" "},{"index":20,"word":"of","originalText":"of","characterOffsetBegin":171,"characterOffsetEnd":173,"pos":"IN","before":" ","after":" "},{"index":21,"word":"or","originalText":"or","characterOffsetBegin":174,"characterOffsetEnd":176,"pos":"CC","before":" ","after":" "},{"index":22,"word":"have","originalText":"have","characterOffsetBegin":177,"characterOffsetEnd":181,"pos":"VB","before":" ","after":" "},{"index":23,"word":"experience","originalText":"experience","characterOffsetBegin":182,"characterOffsetEnd":192,"pos":"NN","before":" ","after":" "},{"index":24,"word":"withX","originalText":"withX","characterOffsetBegin":193,"characterOffsetEnd":198,"pos":"NN","before":" ","after":" "},{"index":25,"word":"on","originalText":"on","characterOffsetBegin":199,"characterOffsetEnd":201,"pos":"IN","before":" ","after":" "},{"index":26,"word":"Amiga","originalText":"Amiga","characterOffsetBegin":202,"characterOffsetEnd":207,"pos":"NNP","before":" ","after":" "},{"index":27,"word":"machines","originalText":"machines","characterOffsetBegin":208,"characterOffsetEnd":216,"pos":"NNS","before":" ","after":""},{"index":28,"word":"?","originalText":"?","characterOffsetBegin":216,"characterOffsetEnd":217,"pos":".","before":"","after":"  "}]},{"index":2,"tokens":[{"index":1,"word":"If","originalText":"If","characterOffsetBegin":219,"characterOffsetEnd":221,"pos":"IN","before":"  ","after":" "},{"index":2,"word":"I","originalText":"I","characterOffsetBegin":222,"characterOffsetEnd":223,"pos":"PRP","before":" ","after":" "},{"index":3,"word":"can","originalText":"can","characterOffsetBegin":224,"characterOffsetEnd":227,"pos":"MD","before":" ","after":" "},{"index":4,"word":"retain","originalText":"retain","characterOffsetBegin":228,"characterOffsetEnd":234,"pos":"VB","before":" ","after":" "},{"index":5,"word":"the","originalText":"the","characterOffsetBegin":235,"characterOffsetEnd":238,"pos":"DT","before":" ","after":" "},{"index":6,"word":"X","originalText":"X","characterOffsetBegin":239,"characterOffsetEnd":240,"pos":"NN","before":" ","after":" "},{"index":7,"word":"event","originalText":"event","characterOffsetBegin":241,"characterOffsetEnd":246,"pos":"NN","before":" ","after":" "},{"index":8,"word":"handling","originalText":"handling","characterOffsetBegin":247,"characterOffsetEnd":255,"pos":"NN","before":" ","after":""},{"index":9,"word":",","originalText":",","characterOffsetBegin":255,"characterOffsetEnd":256,"pos":",","before":"","after":" "},{"index":10,"word":"it","originalText":"it","characterOffsetBegin":257,"characterOffsetEnd":259,"pos":"PRP","before":" ","after":" "},{"index":11,"word":"wouldease","originalText":"wouldease","characterOffsetBegin":260,"characterOffsetEnd":269,"pos":"VBD","before":" ","after":" "},{"index":12,"word":"my","originalText":"my","characterOffsetBegin":270,"characterOffsetEnd":272,"pos":"PRP$","before":" ","after":" "},{"index":13,"word":"plight","originalText":"plight","characterOffsetBegin":273,"characterOffsetEnd":279,"pos":"NN","before":" ","after":" "},{"index":14,"word":"considerably","originalText":"considerably","characterOffsetBegin":280,"characterOffsetEnd":292,"pos":"RB","before":" ","after":""},{"index":15,"word":",","originalText":",","characterOffsetBegin":292,"characterOffsetEnd":293,"pos":",","before":"","after":" "},{"index":16,"word":"and","originalText":"and","characterOffsetBegin":294,"characterOffsetEnd":297,"pos":"CC","before":" ","after":" "},{"index":17,"word":"if","originalText":"if","characterOffsetBegin":298,"characterOffsetEnd":300,"pos":"IN","before":" ","after":" "},{"index":18,"word":"I","originalText":"I","characterOffsetBegin":301,"characterOffsetEnd":302,"pos":"PRP","before":" ","after":" "},{"index":19,"word":"can","originalText":"can","characterOffsetBegin":303,"characterOffsetEnd":306,"pos":"MD","before":" ","after":" "},{"index":20,"word":"keep","originalText":"keep","characterOffsetBegin":307,"characterOffsetEnd":311,"pos":"VB","before":" ","after":" "},{"index":21,"word":"all","originalText":"all","characterOffsetBegin":312,"characterOffsetEnd":315,"pos":"PDT","before":" ","after":" "},{"index":22,"word":"the","originalText":"the","characterOffsetBegin":316,"characterOffsetEnd":319,"pos":"DT","before":" ","after":" "},{"index":23,"word":"Motif","originalText":"Motif","characterOffsetBegin":320,"characterOffsetEnd":325,"pos":"NN","before":" ","after":" "},{"index":24,"word":"bits","originalText":"bits","characterOffsetBegin":326,"characterOffsetEnd":330,"pos":"NNS","before":" ","after":""},{"index":25,"word":",","originalText":",","characterOffsetBegin":330,"characterOffsetEnd":331,"pos":",","before":"","after":" "},{"index":26,"word":"somuch","originalText":"somuch","characterOffsetBegin":332,"characterOffsetEnd":338,"pos":"VBP","before":" ","after":" "},{"index":27,"word":"the","originalText":"the","characterOffsetBegin":339,"characterOffsetEnd":342,"pos":"DT","before":" ","after":" "},{"index":28,"word":"better","originalText":"better","characterOffsetBegin":343,"characterOffsetEnd":349,"pos":"JJR","before":" ","after":""},{"index":29,"word":"!","originalText":"!","characterOffsetBegin":349,"characterOffsetEnd":350,"pos":".","before":"","after":""}]},{"index":3,"tokens":[{"index":1,"word":"--","originalText":"--","characterOffsetBegin":350,"characterOffsetEnd":352,"pos":":","before":"","after":" "},{"index":2,"word":"Gary","originalText":"Gary","characterOffsetBegin":353,"characterOffsetEnd":357,"pos":"NNP","before":" ","after":" "},{"index":3,"word":"Lawrence","originalText":"Lawrence","characterOffsetBegin":358,"characterOffsetEnd":366,"pos":"NNP","before":" ","after":" "},{"index":4,"word":"Murphy","originalText":"Murphy","characterOffsetBegin":367,"characterOffsetEnd":373,"pos":"NNP","before":" ","after":" "},{"index":5,"word":"----------------","originalText":"----------------","characterOffsetBegin":374,"characterOffsetEnd":390,"pos":"CD","before":" ","after":" "},{"index":6,"word":"garym@virtual.rose.utoronto.caUniversity","originalText":"garym@virtual.rose.utoronto.caUniversity","characterOffsetBegin":391,"characterOffsetEnd":431,"pos":"NN","before":" ","after":" "},{"index":7,"word":"of","originalText":"of","characterOffsetBegin":432,"characterOffsetEnd":434,"pos":"IN","before":" ","after":" "},{"index":8,"word":"Toronto","originalText":"Toronto","characterOffsetBegin":435,"characterOffsetEnd":442,"pos":"NNP","before":" ","after":""},{"index":9,"word":",","originalText":",","characterOffsetBegin":442,"characterOffsetEnd":443,"pos":",","before":"","after":" "},{"index":10,"word":"Industrial","originalText":"Industrial","characterOffsetBegin":444,"characterOffsetEnd":454,"pos":"NNP","before":" ","after":" "},{"index":11,"word":"Eng","originalText":"Eng","characterOffsetBegin":455,"characterOffsetEnd":458,"pos":"NNP","before":" ","after":" "},{"index":12,"word":"Dept","originalText":"Dept","characterOffsetBegin":459,"characterOffsetEnd":463,"pos":"NNP","before":" ","after":"    "},{"index":13,"word":"fax","originalText":"fax","characterOffsetBegin":467,"characterOffsetEnd":470,"pos":"NN","before":"    ","after":""},{"index":14,"word":":","originalText":":","characterOffsetBegin":470,"characterOffsetEnd":471,"pos":":","before":"","after":"    "},{"index":15,"word":"-LRB-416-RRB- 971-13734","originalText":"(416) 971-13734","characterOffsetBegin":475,"characterOffsetEnd":490,"pos":"NN","before":"    ","after":" "},{"index":16,"word":"Taddle","originalText":"Taddle","characterOffsetBegin":491,"characterOffsetEnd":497,"pos":"NNP","before":" ","after":" "},{"index":17,"word":"Creek","originalText":"Creek","characterOffsetBegin":498,"characterOffsetEnd":503,"pos":"NNP","before":" ","after":" "},{"index":18,"word":"Rd","originalText":"Rd","characterOffsetBegin":504,"characterOffsetEnd":506,"pos":"NNP","before":" ","after":""},{"index":19,"word":",","originalText":",","characterOffsetBegin":506,"characterOffsetEnd":507,"pos":",","before":"","after":" "},{"index":20,"word":"Toronto","originalText":"Toronto","characterOffsetBegin":508,"characterOffsetEnd":515,"pos":"NNP","before":" ","after":""},{"index":21,"word":",","originalText":",","characterOffsetBegin":515,"characterOffsetEnd":516,"pos":",","before":"","after":" "},{"index":22,"word":"Ont","originalText":"Ont","characterOffsetBegin":517,"characterOffsetEnd":520,"pos":"NNP","before":" ","after":" "},{"index":23,"word":"M5S","originalText":"M5S","characterOffsetBegin":521,"characterOffsetEnd":524,"pos":"NNP","before":" ","after":" "},{"index":24,"word":"1A4","originalText":"1A4","characterOffsetBegin":525,"characterOffsetEnd":528,"pos":"NN","before":" ","after":"       "},{"index":25,"word":"voice","originalText":"voice","characterOffsetBegin":535,"characterOffsetEnd":540,"pos":"NN","before":"       ","after":""},{"index":26,"word":":","originalText":":","characterOffsetBegin":540,"characterOffsetEnd":541,"pos":":","before":"","after":"  "},{"index":27,"word":"-LRB-416-RRB- 978-3776","originalText":"(416) 978-3776","characterOffsetBegin":543,"characterOffsetEnd":557,"pos":"NN","before":"  ","after":""},{"index":28,"word":"The","originalText":"The","characterOffsetBegin":557,"characterOffsetEnd":560,"pos":"DT","before":"","after":" "},{"index":29,"word":"true","originalText":"true","characterOffsetBegin":561,"characterOffsetEnd":565,"pos":"JJ","before":" ","after":" "},{"index":30,"word":"destination","originalText":"destination","characterOffsetBegin":566,"characterOffsetEnd":577,"pos":"NN","before":" ","after":" "},{"index":31,"word":"is","originalText":"is","characterOffsetBegin":578,"characterOffsetEnd":580,"pos":"VBZ","before":" ","after":" "},{"index":32,"word":"always","originalText":"always","characterOffsetBegin":581,"characterOffsetEnd":587,"pos":"RB","before":" ","after":" "},{"index":33,"word":"just","originalText":"just","characterOffsetBegin":588,"characterOffsetEnd":592,"pos":"RB","before":" ","after":" "},{"index":34,"word":"here","originalText":"here","characterOffsetBegin":593,"characterOffsetEnd":597,"pos":"RB","before":" ","after":""},{"index":35,"word":",","originalText":",","characterOffsetBegin":597,"characterOffsetEnd":598,"pos":",","before":"","after":" "},{"index":36,"word":"now","originalText":"now","characterOffsetBegin":599,"characterOffsetEnd":602,"pos":"RB","before":" ","after":" "},{"index":37,"word":"----------------------","originalText":"----------------------","characterOffsetBegin":603,"characterOffsetEnd":625,"pos":"CD","before":" ","after":""}]}]}