{"sentences":[{"index":0,"tokens":[{"index":1,"word":"From","originalText":"From","characterOffsetBegin":0,"characterOffsetEnd":4,"pos":"IN","before":"","after":""},{"index":2,"word":":","originalText":":","characterOffsetBegin":4,"characterOffsetEnd":5,"pos":":","before":"","after":" "},{"index":3,"word":"min@stella.skku.ac.KR","originalText":"min@stella.skku.ac.KR","characterOffsetBegin":6,"characterOffsetEnd":27,"pos":"NN","before":" ","after":" "},{"index":4,"word":"-LRB-","originalText":"(","characterOffsetBegin":28,"characterOffsetEnd":29,"pos":"-LRB-","before":" ","after":""},{"index":5,"word":"Hyoung","originalText":"Hyoung","characterOffsetBegin":29,"characterOffsetEnd":35,"pos":"NNP","before":"","after":" "},{"index":6,"word":"Bok","originalText":"Bok","characterOffsetBegin":36,"characterOffsetEnd":39,"pos":"NNP","before":" ","after":" "},{"index":7,"word":"Min","originalText":"Min","characterOffsetBegin":40,"characterOffsetEnd":43,"pos":"NNP","before":" ","after":""},{"index":8,"word":"-RRB-","originalText":")","characterOffsetBegin":43,"characterOffsetEnd":44,"pos":"-RRB-","before":"","after":""},{"index":9,"word":"Subject","originalText":"Subject","characterOffsetBegin":44,"characterOffsetEnd":51,"pos":"NNP","before":"","after":""},{"index":10,"word":":","originalText":":","characterOffsetBegin":51,"characterOffsetEnd":52,"pos":":","before":"","after":" "},{"index":11,"word":"subscribesubscribe","originalText":"subscribesubscribe","characterOffsetBegin":53,"characterOffsetEnd":71,"pos":"NN","before":" ","after":" "},{"index":12,"word":"min@stella.skku.ac.kr","originalText":"min@stella.skku.ac.kr","characterOffsetBegin":72,"characterOffsetEnd":93,"pos":"NN","before":" ","after":""}]}]}