{"sentences":[{"index":0,"tokens":[{"index":1,"word":"From","originalText":"From","characterOffsetBegin":0,"characterOffsetEnd":4,"pos":"IN","before":"","after":""},{"index":2,"word":":","originalText":":","characterOffsetBegin":4,"characterOffsetEnd":5,"pos":":","before":"","after":" "},{"index":3,"word":"andre@bae.bellcore.com","originalText":"andre@bae.bellcore.com","characterOffsetBegin":6,"characterOffsetEnd":28,"pos":"NN","before":" ","after":" "},{"index":4,"word":"-LRB-","originalText":"(","characterOffsetBegin":29,"characterOffsetEnd":30,"pos":"-LRB-","before":" ","after":""},{"index":5,"word":"Andre","originalText":"Andre","characterOffsetBegin":30,"characterOffsetEnd":35,"pos":"NNP","before":"","after":" "},{"index":6,"word":"Cosma","originalText":"Cosma","characterOffsetBegin":36,"characterOffsetEnd":41,"pos":"NNP","before":" ","after":""},{"index":7,"word":"-RRB-","originalText":")","characterOffsetBegin":41,"characterOffsetEnd":42,"pos":"-RRB-","before":"","after":""},{"index":8,"word":"Subject","originalText":"Subject","characterOffsetBegin":42,"characterOffsetEnd":49,"pos":"NNP","before":"","after":""},{"index":9,"word":":","originalText":":","characterOffsetBegin":49,"characterOffsetEnd":50,"pos":":","before":"","after":" "},{"index":10,"word":"Is","originalText":"Is","characterOffsetBegin":51,"characterOffsetEnd":53,"pos":"VBZ","before":" ","after":" "},{"index":11,"word":"authentication","originalText":"authentication","characterOffsetBegin":54,"characterOffsetEnd":68,"pos":"NN","before":" ","after":" "},{"index":12,"word":"a","originalText":"a","characterOffsetBegin":69,"characterOffsetEnd":70,"pos":"DT","before":" ","after":" "},{"index":13,"word":"planned","originalText":"planned","characterOffsetBegin":71,"characterOffsetEnd":78,"pos":"VBN","before":" ","after":" "},{"index":14,"word":"feature","originalText":"feature","characterOffsetBegin":79,"characterOffsetEnd":86,"pos":"NN","before":" ","after":" "},{"index":15,"word":"for","originalText":"for","characterOffsetBegin":87,"characterOffsetEnd":90,"pos":"IN","before":" ","after":" "},{"index":16,"word":"X11R6?Greetings","originalText":"X11R6?Greetings","characterOffsetBegin":91,"characterOffsetEnd":106,"pos":"NNS","before":" ","after":""},{"index":17,"word":",","originalText":",","characterOffsetBegin":106,"characterOffsetEnd":107,"pos":",","before":"","after":""},{"index":18,"word":"My","originalText":"My","characterOffsetBegin":107,"characterOffsetEnd":109,"pos":"PRP$","before":"","after":" "},{"index":19,"word":"question","originalText":"question","characterOffsetBegin":110,"characterOffsetEnd":118,"pos":"NN","before":" ","after":" "},{"index":20,"word":"is","originalText":"is","characterOffsetBegin":119,"characterOffsetEnd":121,"pos":"VBZ","before":" ","after":" "},{"index":21,"word":"whether","originalText":"whether","characterOffsetBegin":122,"characterOffsetEnd":129,"pos":"IN","before":" ","after":" "},{"index":22,"word":"the","originalText":"the","characterOffsetBegin":130,"characterOffsetEnd":133,"pos":"DT","before":" ","after":" "},{"index":23,"word":"upcoming","originalText":"upcoming","characterOffsetBegin":134,"characterOffsetEnd":142,"pos":"VBG","before":" ","after":" "},{"index":24,"word":"release","originalText":"release","characterOffsetBegin":143,"characterOffsetEnd":150,"pos":"NN","before":" ","after":" "},{"index":25,"word":"of","originalText":"of","characterOffsetBegin":151,"characterOffsetEnd":153,"pos":"IN","before":" ","after":" "},{"index":26,"word":"X11R6","originalText":"X11R6","characterOffsetBegin":154,"characterOffsetEnd":159,"pos":"NN","before":" ","after":" "},{"index":27,"word":"will","originalText":"will","characterOffsetBegin":160,"characterOffsetEnd":164,"pos":"MD","before":" ","after":" "},{"index":28,"word":"provide","originalText":"provide","characterOffsetBegin":165,"characterOffsetEnd":172,"pos":"VB","before":" ","after":""},{"index":29,"word":"-LRB-","originalText":"(","characterOffsetBegin":172,"characterOffsetEnd":173,"pos":"-LRB-","before":"","after":""},{"index":30,"word":"strong","originalText":"strong","characterOffsetBegin":173,"characterOffsetEnd":179,"pos":"JJ","before":"","after":""},{"index":31,"word":"-RRB-","originalText":")","characterOffsetBegin":179,"characterOffsetEnd":180,"pos":"-RRB-","before":"","after":" "},{"index":32,"word":"authentication","originalText":"authentication","characterOffsetBegin":181,"characterOffsetEnd":195,"pos":"NN","before":" ","after":" "},{"index":33,"word":"between","originalText":"between","characterOffsetBegin":196,"characterOffsetEnd":203,"pos":"IN","before":" ","after":" "},{"index":34,"word":"the","originalText":"the","characterOffsetBegin":204,"characterOffsetEnd":207,"pos":"DT","before":" ","after":" "},{"index":35,"word":"X","originalText":"X","characterOffsetBegin":208,"characterOffsetEnd":209,"pos":"NN","before":" ","after":" "},{"index":36,"word":"clients","originalText":"clients","characterOffsetBegin":210,"characterOffsetEnd":217,"pos":"NNS","before":" ","after":" "},{"index":37,"word":"and","originalText":"and","characterOffsetBegin":218,"characterOffsetEnd":221,"pos":"CC","before":" ","after":" "},{"index":38,"word":"server","originalText":"server","characterOffsetBegin":222,"characterOffsetEnd":228,"pos":"NN","before":" ","after":""},{"index":39,"word":"-LRB-","originalText":"(","characterOffsetBegin":228,"characterOffsetEnd":229,"pos":"-LRB-","before":"","after":""},{"index":40,"word":"s","originalText":"s","characterOffsetBegin":229,"characterOffsetEnd":230,"pos":"NNS","before":"","after":""},{"index":41,"word":"-RRB-","originalText":")","characterOffsetBegin":230,"characterOffsetEnd":231,"pos":"-RRB-","before":"","after":""},{"index":42,"word":".","originalText":".","characterOffsetBegin":231,"characterOffsetEnd":232,"pos":".","before":"","after":" "}]},{"index":1,"tokens":[{"index":1,"word":"If","originalText":"If","characterOffsetBegin":233,"characterOffsetEnd":235,"pos":"IN","before":" ","after":" "},{"index":2,"word":"so","originalText":"so","characterOffsetBegin":236,"characterOffsetEnd":238,"pos":"RB","before":" ","after":""},{"index":3,"word":",","originalText":",","characterOffsetBegin":238,"characterOffsetEnd":239,"pos":",","before":"","after":""},{"index":4,"word":"will","originalText":"will","characterOffsetBegin":239,"characterOffsetEnd":243,"pos":"MD","before":"","after":" "},{"index":5,"word":"this","originalText":"this","characterOffsetBegin":244,"characterOffsetEnd":248,"pos":"DT","before":" ","after":" "},{"index":6,"word":"feature","originalText":"feature","characterOffsetBegin":249,"characterOffsetEnd":256,"pos":"NN","before":" ","after":" "},{"index":7,"word":"be","originalText":"be","characterOffsetBegin":257,"characterOffsetEnd":259,"pos":"VB","before":" ","after":" "},{"index":8,"word":"based","originalText":"based","characterOffsetBegin":260,"characterOffsetEnd":265,"pos":"VBN","before":" ","after":" "},{"index":9,"word":"on","originalText":"on","characterOffsetBegin":266,"characterOffsetEnd":268,"pos":"IN","before":" ","after":" "},{"index":10,"word":"the","originalText":"the","characterOffsetBegin":269,"characterOffsetEnd":272,"pos":"DT","before":" ","after":" "},{"index":11,"word":"Kerberos","originalText":"Kerberos","characterOffsetBegin":273,"characterOffsetEnd":281,"pos":"NNP","before":" ","after":" "},{"index":12,"word":"authentication","originalText":"authentication","characterOffsetBegin":282,"characterOffsetEnd":296,"pos":"NN","before":" ","after":" "},{"index":13,"word":"mechanism","originalText":"mechanism","characterOffsetBegin":297,"characterOffsetEnd":306,"pos":"NN","before":" ","after":""},{"index":14,"word":"-LRB-","originalText":"(","characterOffsetBegin":306,"characterOffsetEnd":307,"pos":"-LRB-","before":"","after":""},{"index":15,"word":"and","originalText":"and","characterOffsetBegin":307,"characterOffsetEnd":310,"pos":"CC","before":"","after":""},{"index":16,"word":",","originalText":",","characterOffsetBegin":310,"characterOffsetEnd":311,"pos":",","before":"","after":" "},{"index":17,"word":"if","originalText":"if","characterOffsetBegin":312,"characterOffsetEnd":314,"pos":"IN","before":" ","after":" "},{"index":18,"word":"so","originalText":"so","characterOffsetBegin":315,"characterOffsetEnd":317,"pos":"RB","before":" ","after":""},{"index":19,"word":",","originalText":",","characterOffsetBegin":317,"characterOffsetEnd":318,"pos":",","before":"","after":" "},{"index":20,"word":"will","originalText":"will","characterOffsetBegin":319,"characterOffsetEnd":323,"pos":"MD","before":" ","after":" "},{"index":21,"word":"Kerberos","originalText":"Kerberos","characterOffsetBegin":324,"characterOffsetEnd":332,"pos":"NNP","before":" ","after":" "},{"index":22,"word":"Version","originalText":"Version","characterOffsetBegin":333,"characterOffsetEnd":340,"pos":"NNP","before":" ","after":" "},{"index":23,"word":"5","originalText":"5","characterOffsetBegin":341,"characterOffsetEnd":342,"pos":"CD","before":" ","after":" "},{"index":24,"word":"be","originalText":"be","characterOffsetBegin":343,"characterOffsetEnd":345,"pos":"VB","before":" ","after":" "},{"index":25,"word":"used","originalText":"used","characterOffsetBegin":346,"characterOffsetEnd":350,"pos":"VBN","before":" ","after":""},{"index":26,"word":"-RRB-","originalText":")","characterOffsetBegin":350,"characterOffsetEnd":351,"pos":"-RRB-","before":"","after":""},{"index":27,"word":"?","originalText":"?","characterOffsetBegin":351,"characterOffsetEnd":352,"pos":".","before":"","after":" "}]},{"index":2,"tokens":[{"index":1,"word":"Please","originalText":"Please","characterOffsetBegin":353,"characterOffsetEnd":359,"pos":"VB","before":" ","after":" "},{"index":2,"word":"reply","originalText":"reply","characterOffsetBegin":360,"characterOffsetEnd":365,"pos":"VB","before":" ","after":" "},{"index":3,"word":"via","originalText":"via","characterOffsetBegin":366,"characterOffsetEnd":369,"pos":"IN","before":" ","after":" "},{"index":4,"word":"email.Thanks","originalText":"email.Thanks","characterOffsetBegin":370,"characterOffsetEnd":382,"pos":"NNS","before":" ","after":""},{"index":5,"word":",","originalText":",","characterOffsetBegin":382,"characterOffsetEnd":383,"pos":",","before":"","after":""},{"index":6,"word":"--","originalText":"--","characterOffsetBegin":383,"characterOffsetEnd":385,"pos":":","before":"","after":""},{"index":7,"word":"Andre","originalText":"Andre","characterOffsetBegin":385,"characterOffsetEnd":390,"pos":"NNP","before":"","after":""},{"index":8,"word":"--","originalText":"--","characterOffsetBegin":390,"characterOffsetEnd":392,"pos":":","before":"","after":" "},{"index":9,"word":"Andre","originalText":"Andre","characterOffsetBegin":393,"characterOffsetEnd":398,"pos":"NNP","before":" ","after":" "},{"index":10,"word":"S.","originalText":"S.","characterOffsetBegin":399,"characterOffsetEnd":401,"pos":"NNP","before":" ","after":" "},{"index":11,"word":"Cosma","originalText":"Cosma","characterOffsetBegin":402,"characterOffsetEnd":407,"pos":"NNP","before":" ","after":"         "},{"index":12,"word":"|","originalText":"|","characterOffsetBegin":416,"characterOffsetEnd":417,"pos":"NNP","before":"         ","after":" "},{"index":13,"word":"RRC","originalText":"RRC","characterOffsetBegin":418,"characterOffsetEnd":421,"pos":"NNP","before":" ","after":" "},{"index":14,"word":"1N-215","originalText":"1N-215","characterOffsetBegin":422,"characterOffsetEnd":428,"pos":"NNP","before":" ","after":"          "},{"index":15,"word":"|","originalText":"|","characterOffsetBegin":438,"characterOffsetEnd":439,"pos":"NNP","before":"          ","after":"  "},{"index":16,"word":"Bellcore","originalText":"Bellcore","characterOffsetBegin":441,"characterOffsetEnd":449,"pos":"NNP","before":"  ","after":" "},{"index":17,"word":"-","originalText":"-","characterOffsetBegin":450,"characterOffsetEnd":451,"pos":":","before":" ","after":" "},{"index":18,"word":"Security","originalText":"Security","characterOffsetBegin":452,"characterOffsetEnd":460,"pos":"NNP","before":" ","after":" "},{"index":19,"word":"andandre@bae.bellcore.com","originalText":"andandre@bae.bellcore.com","characterOffsetBegin":461,"characterOffsetEnd":486,"pos":"NNP","before":" ","after":" "},{"index":20,"word":"|","originalText":"|","characterOffsetBegin":487,"characterOffsetEnd":488,"pos":"NN","before":" ","after":" "},{"index":21,"word":"444","originalText":"444","characterOffsetBegin":489,"characterOffsetEnd":492,"pos":"CD","before":" ","after":" "},{"index":22,"word":"Hoes","originalText":"Hoes","characterOffsetBegin":493,"characterOffsetEnd":497,"pos":"NNP","before":" ","after":" "},{"index":23,"word":"Lane","originalText":"Lane","characterOffsetBegin":498,"characterOffsetEnd":502,"pos":"NNP","before":" ","after":"       "},{"index":24,"word":"|","originalText":"|","characterOffsetBegin":509,"characterOffsetEnd":510,"pos":"NNP","before":"       ","after":"       "},{"index":25,"word":"Data","originalText":"Data","characterOffsetBegin":517,"characterOffsetEnd":521,"pos":"NNP","before":"       ","after":" "},{"index":26,"word":"Services","originalText":"Services","characterOffsetBegin":522,"characterOffsetEnd":530,"pos":"NNPS","before":" ","after":""},{"index":27,"word":"-LRB-908-RRB- 699-8441","originalText":"(908) 699-8441","characterOffsetBegin":530,"characterOffsetEnd":544,"pos":"NN","before":"","after":"         "},{"index":28,"word":"|","originalText":"|","characterOffsetBegin":553,"characterOffsetEnd":554,"pos":"CD","before":"         ","after":" "},{"index":29,"word":"Piscataway","originalText":"Piscataway","characterOffsetBegin":555,"characterOffsetEnd":565,"pos":"NNP","before":" ","after":""},{"index":30,"word":",","originalText":",","characterOffsetBegin":565,"characterOffsetEnd":566,"pos":",","before":"","after":" "},{"index":31,"word":"NJ","originalText":"NJ","characterOffsetBegin":567,"characterOffsetEnd":569,"pos":"NNP","before":" ","after":" "},{"index":32,"word":"08854","originalText":"08854","characterOffsetBegin":570,"characterOffsetEnd":575,"pos":"CD","before":" ","after":""},{"index":33,"word":"|","originalText":"|","characterOffsetBegin":575,"characterOffsetEnd":576,"pos":"CD","before":"","after":""},{"index":34,"word":"----------------------------------------------------------------------","originalText":"----------------------------------------------------------------------","characterOffsetBegin":576,"characterOffsetEnd":646,"pos":"CD","before":"","after":""}]}]}