{"sentences":[{"index":0,"tokens":[{"index":1,"word":"From","originalText":"From","characterOffsetBegin":0,"characterOffsetEnd":4,"pos":"IN","before":"","after":""},{"index":2,"word":":","originalText":":","characterOffsetBegin":4,"characterOffsetEnd":5,"pos":":","before":"","after":" "},{"index":3,"word":"ge!severy%severy@uunet.UU.NET","originalText":"ge!severy%severy@uunet.UU.NET","characterOffsetBegin":6,"characterOffsetEnd":35,"pos":"NN","before":" ","after":" "},{"index":4,"word":"-LRB-","originalText":"(","characterOffsetBegin":36,"characterOffsetEnd":37,"pos":"-LRB-","before":" ","after":""},{"index":5,"word":"severy","originalText":"severy","characterOffsetBegin":37,"characterOffsetEnd":43,"pos":"NN","before":"","after":""},{"index":6,"word":"-RRB-","originalText":")","characterOffsetBegin":43,"characterOffsetEnd":44,"pos":"-RRB-","before":"","after":""},{"index":7,"word":"Subject","originalText":"Subject","characterOffsetBegin":44,"characterOffsetEnd":51,"pos":"NN","before":"","after":""},{"index":8,"word":":","originalText":":","characterOffsetBegin":51,"characterOffsetEnd":52,"pos":":","before":"","after":" "},{"index":9,"word":"Overriding","originalText":"Overriding","characterOffsetBegin":53,"characterOffsetEnd":63,"pos":"VBG","before":" ","after":" "},{"index":10,"word":"window","originalText":"window","characterOffsetBegin":64,"characterOffsetEnd":70,"pos":"NN","before":" ","after":" "},{"index":11,"word":"manager","originalText":"manager","characterOffsetBegin":71,"characterOffsetEnd":78,"pos":"NN","before":" ","after":" "},{"index":12,"word":"focus","originalText":"focus","characterOffsetBegin":79,"characterOffsetEnd":84,"pos":"NN","before":" ","after":" "},{"index":13,"word":"processing","originalText":"processing","characterOffsetBegin":85,"characterOffsetEnd":95,"pos":"NN","before":" ","after":"     "},{"index":14,"word":"I","originalText":"I","characterOffsetBegin":100,"characterOffsetEnd":101,"pos":"PRP","before":"     ","after":" "},{"index":15,"word":"am","originalText":"am","characterOffsetBegin":102,"characterOffsetEnd":104,"pos":"VBP","before":" ","after":" "},{"index":16,"word":"working","originalText":"working","characterOffsetBegin":105,"characterOffsetEnd":112,"pos":"VBG","before":" ","after":" "},{"index":17,"word":"on","originalText":"on","characterOffsetBegin":113,"characterOffsetEnd":115,"pos":"IN","before":" ","after":" "},{"index":18,"word":"an","originalText":"an","characterOffsetBegin":116,"characterOffsetEnd":118,"pos":"DT","before":" ","after":" "},{"index":19,"word":"X-Window","originalText":"X-Window","characterOffsetBegin":119,"characterOffsetEnd":127,"pos":"NN","before":" ","after":" "},{"index":20,"word":"based","originalText":"based","characterOffsetBegin":128,"characterOffsetEnd":133,"pos":"VBN","before":" ","after":" "},{"index":21,"word":"application","originalText":"application","characterOffsetBegin":134,"characterOffsetEnd":145,"pos":"NN","before":" ","after":" "},{"index":22,"word":"that","originalText":"that","characterOffsetBegin":146,"characterOffsetEnd":150,"pos":"WDT","before":" ","after":" "},{"index":23,"word":"needs","originalText":"needs","characterOffsetBegin":151,"characterOffsetEnd":156,"pos":"VBZ","before":" ","after":" "},{"index":24,"word":"to","originalText":"to","characterOffsetBegin":157,"characterOffsetEnd":159,"pos":"TO","before":" ","after":" "},{"index":25,"word":"override","originalText":"override","characterOffsetBegin":160,"characterOffsetEnd":168,"pos":"VB","before":" ","after":" "},{"index":26,"word":"some","originalText":"some","characterOffsetBegin":169,"characterOffsetEnd":173,"pos":"DT","before":" ","after":" "},{"index":27,"word":"of","originalText":"of","characterOffsetBegin":174,"characterOffsetEnd":176,"pos":"IN","before":" ","after":" "},{"index":28,"word":"the","originalText":"the","characterOffsetBegin":177,"characterOffsetEnd":180,"pos":"DT","before":" ","after":" "},{"index":29,"word":"window","originalText":"window","characterOffsetBegin":181,"characterOffsetEnd":187,"pos":"NN","before":" ","after":" "},{"index":30,"word":"manager","originalText":"manager","characterOffsetBegin":188,"characterOffsetEnd":195,"pos":"NN","before":" ","after":" "},{"index":31,"word":"focus","originalText":"focus","characterOffsetBegin":196,"characterOffsetEnd":201,"pos":"NN","before":" ","after":" "},{"index":32,"word":"processing","originalText":"processing","characterOffsetBegin":202,"characterOffsetEnd":212,"pos":"NN","before":" ","after":""},{"index":33,"word":".","originalText":".","characterOffsetBegin":212,"characterOffsetEnd":213,"pos":".","before":"","after":"  "}]},{"index":1,"tokens":[{"index":1,"word":"I","originalText":"I","characterOffsetBegin":215,"characterOffsetEnd":216,"pos":"PRP","before":"  ","after":" "},{"index":2,"word":"am","originalText":"am","characterOffsetBegin":217,"characterOffsetEnd":219,"pos":"VBP","before":" ","after":" "},{"index":3,"word":"using","originalText":"using","characterOffsetBegin":220,"characterOffsetEnd":225,"pos":"VBG","before":" ","after":" "},{"index":4,"word":"X11R4","originalText":"X11R4","characterOffsetBegin":226,"characterOffsetEnd":231,"pos":"NN","before":" ","after":" "},{"index":5,"word":"and","originalText":"and","characterOffsetBegin":232,"characterOffsetEnd":235,"pos":"CC","before":" ","after":" "},{"index":6,"word":"Motif","originalText":"Motif","characterOffsetBegin":236,"characterOffsetEnd":241,"pos":"NN","before":" ","after":" "},{"index":7,"word":"1.1","originalText":"1.1","characterOffsetBegin":242,"characterOffsetEnd":245,"pos":"CD","before":" ","after":" "},{"index":8,"word":"currently","originalText":"currently","characterOffsetBegin":246,"characterOffsetEnd":255,"pos":"RB","before":" ","after":""},{"index":9,"word":",","originalText":",","characterOffsetBegin":255,"characterOffsetEnd":256,"pos":",","before":"","after":" "},{"index":10,"word":"although","originalText":"although","characterOffsetBegin":257,"characterOffsetEnd":265,"pos":"IN","before":" ","after":" "},{"index":11,"word":"I","originalText":"I","characterOffsetBegin":266,"characterOffsetEnd":267,"pos":"PRP","before":" ","after":" "},{"index":12,"word":"will","originalText":"will","characterOffsetBegin":268,"characterOffsetEnd":272,"pos":"MD","before":" ","after":" "},{"index":13,"word":"also","originalText":"also","characterOffsetBegin":273,"characterOffsetEnd":277,"pos":"RB","before":" ","after":" "},{"index":14,"word":"be","originalText":"be","characterOffsetBegin":278,"characterOffsetEnd":280,"pos":"VB","before":" ","after":" "},{"index":15,"word":"working","originalText":"working","characterOffsetBegin":281,"characterOffsetEnd":288,"pos":"VBG","before":" ","after":" "},{"index":16,"word":"with","originalText":"with","characterOffsetBegin":289,"characterOffsetEnd":293,"pos":"IN","before":" ","after":" "},{"index":17,"word":"Open","originalText":"Open","characterOffsetBegin":294,"characterOffsetEnd":298,"pos":"NNP","before":" ","after":" "},{"index":18,"word":"Look","originalText":"Look","characterOffsetBegin":299,"characterOffsetEnd":303,"pos":"VB","before":" ","after":" "},{"index":19,"word":"in","originalText":"in","characterOffsetBegin":304,"characterOffsetEnd":306,"pos":"IN","before":" ","after":" "},{"index":20,"word":"the","originalText":"the","characterOffsetBegin":307,"characterOffsetEnd":310,"pos":"DT","before":" ","after":" "},{"index":21,"word":"future","originalText":"future","characterOffsetBegin":311,"characterOffsetEnd":317,"pos":"NN","before":" ","after":""},{"index":22,"word":".","originalText":".","characterOffsetBegin":317,"characterOffsetEnd":318,"pos":".","before":"","after":"     "}]},{"index":2,"tokens":[{"index":1,"word":"What","originalText":"What","characterOffsetBegin":323,"characterOffsetEnd":327,"pos":"WP","before":"     ","after":" "},{"index":2,"word":"I","originalText":"I","characterOffsetBegin":328,"characterOffsetEnd":329,"pos":"PRP","before":" ","after":" "},{"index":3,"word":"need","originalText":"need","characterOffsetBegin":330,"characterOffsetEnd":334,"pos":"VBP","before":" ","after":" "},{"index":4,"word":"to","originalText":"to","characterOffsetBegin":335,"characterOffsetEnd":337,"pos":"TO","before":" ","after":" "},{"index":5,"word":"do","originalText":"do","characterOffsetBegin":338,"characterOffsetEnd":340,"pos":"VB","before":" ","after":" "},{"index":6,"word":"is","originalText":"is","characterOffsetBegin":341,"characterOffsetEnd":343,"pos":"VBZ","before":" ","after":" "},{"index":7,"word":"under","originalText":"under","characterOffsetBegin":344,"characterOffsetEnd":349,"pos":"IN","before":" ","after":" "},{"index":8,"word":"certain","originalText":"certain","characterOffsetBegin":350,"characterOffsetEnd":357,"pos":"JJ","before":" ","after":" "},{"index":9,"word":"circumstances","originalText":"circumstances","characterOffsetBegin":358,"characterOffsetEnd":371,"pos":"NNS","before":" ","after":" "},{"index":10,"word":"prevent","originalText":"prevent","characterOffsetBegin":372,"characterOffsetEnd":379,"pos":"VBP","before":" ","after":" "},{"index":11,"word":"the","originalText":"the","characterOffsetBegin":380,"characterOffsetEnd":383,"pos":"DT","before":" ","after":" "},{"index":12,"word":"user","originalText":"user","characterOffsetBegin":384,"characterOffsetEnd":388,"pos":"NN","before":" ","after":" "},{"index":13,"word":"from","originalText":"from","characterOffsetBegin":389,"characterOffsetEnd":393,"pos":"IN","before":" ","after":" "},{"index":14,"word":"switching","originalText":"switching","characterOffsetBegin":394,"characterOffsetEnd":403,"pos":"NN","before":" ","after":" "},{"index":15,"word":"from","originalText":"from","characterOffsetBegin":404,"characterOffsetEnd":408,"pos":"IN","before":" ","after":" "},{"index":16,"word":"one","originalText":"one","characterOffsetBegin":409,"characterOffsetEnd":412,"pos":"CD","before":" ","after":" "},{"index":17,"word":"window","originalText":"window","characterOffsetBegin":413,"characterOffsetEnd":419,"pos":"NN","before":" ","after":" "},{"index":18,"word":"of","originalText":"of","characterOffsetBegin":420,"characterOffsetEnd":422,"pos":"IN","before":" ","after":" "},{"index":19,"word":"the","originalText":"the","characterOffsetBegin":423,"characterOffsetEnd":426,"pos":"DT","before":" ","after":" "},{"index":20,"word":"application","originalText":"application","characterOffsetBegin":427,"characterOffsetEnd":438,"pos":"NN","before":" ","after":" "},{"index":21,"word":"to","originalText":"to","characterOffsetBegin":439,"characterOffsetEnd":441,"pos":"TO","before":" ","after":" "},{"index":22,"word":"another","originalText":"another","characterOffsetBegin":442,"characterOffsetEnd":449,"pos":"DT","before":" ","after":" "},{"index":23,"word":"window","originalText":"window","characterOffsetBegin":450,"characterOffsetEnd":456,"pos":"NN","before":" ","after":""},{"index":24,"word":".","originalText":".","characterOffsetBegin":456,"characterOffsetEnd":457,"pos":".","before":"","after":"  "}]},{"index":3,"tokens":[{"index":1,"word":"Let","originalText":"Let","characterOffsetBegin":459,"characterOffsetEnd":462,"pos":"VB","before":"  ","after":""},{"index":2,"word":"'s","originalText":"'s","characterOffsetBegin":462,"characterOffsetEnd":464,"pos":"PRP","before":"","after":" "},{"index":3,"word":"say","originalText":"say","characterOffsetBegin":465,"characterOffsetEnd":468,"pos":"VB","before":" ","after":""},{"index":4,"word":",","originalText":",","characterOffsetBegin":468,"characterOffsetEnd":469,"pos":",","before":"","after":" "},{"index":5,"word":"for","originalText":"for","characterOffsetBegin":470,"characterOffsetEnd":473,"pos":"IN","before":" ","after":" "},{"index":6,"word":"example","originalText":"example","characterOffsetBegin":474,"characterOffsetEnd":481,"pos":"NN","before":" ","after":""},{"index":7,"word":",","originalText":",","characterOffsetBegin":481,"characterOffsetEnd":482,"pos":",","before":"","after":" "},{"index":8,"word":"that","originalText":"that","characterOffsetBegin":483,"characterOffsetEnd":487,"pos":"WDT","before":" ","after":" "},{"index":9,"word":"Window","originalText":"Window","characterOffsetBegin":488,"characterOffsetEnd":494,"pos":"NNP","before":" ","after":" "},{"index":10,"word":"A","originalText":"A","characterOffsetBegin":495,"characterOffsetEnd":496,"pos":"NN","before":" ","after":" "},{"index":11,"word":"is","originalText":"is","characterOffsetBegin":497,"characterOffsetEnd":499,"pos":"VBZ","before":" ","after":" "},{"index":12,"word":"on","originalText":"on","characterOffsetBegin":500,"characterOffsetEnd":502,"pos":"IN","before":" ","after":" "},{"index":13,"word":"top","originalText":"top","characterOffsetBegin":503,"characterOffsetEnd":506,"pos":"NN","before":" ","after":" "},{"index":14,"word":"of","originalText":"of","characterOffsetBegin":507,"characterOffsetEnd":509,"pos":"IN","before":" ","after":" "},{"index":15,"word":"Window","originalText":"Window","characterOffsetBegin":510,"characterOffsetEnd":516,"pos":"NN","before":" ","after":" "},{"index":16,"word":"B","originalText":"B","characterOffsetBegin":517,"characterOffsetEnd":518,"pos":"NN","before":" ","after":" "},{"index":17,"word":"in","originalText":"in","characterOffsetBegin":519,"characterOffsetEnd":521,"pos":"IN","before":" ","after":" "},{"index":18,"word":"the","originalText":"the","characterOffsetBegin":522,"characterOffsetEnd":525,"pos":"DT","before":" ","after":" "},{"index":19,"word":"window","originalText":"window","characterOffsetBegin":526,"characterOffsetEnd":532,"pos":"NN","before":" ","after":" "},{"index":20,"word":"hierarchy","originalText":"hierarchy","characterOffsetBegin":533,"characterOffsetEnd":542,"pos":"NN","before":" ","after":""},{"index":21,"word":".","originalText":".","characterOffsetBegin":542,"characterOffsetEnd":543,"pos":".","before":"","after":"  "}]},{"index":4,"tokens":[{"index":1,"word":"Normally","originalText":"Normally","characterOffsetBegin":545,"characterOffsetEnd":553,"pos":"RB","before":"  ","after":""},{"index":2,"word":",","originalText":",","characterOffsetBegin":553,"characterOffsetEnd":554,"pos":",","before":"","after":" "},{"index":3,"word":"if","originalText":"if","characterOffsetBegin":555,"characterOffsetEnd":557,"pos":"IN","before":" ","after":" "},{"index":4,"word":"the","originalText":"the","characterOffsetBegin":558,"characterOffsetEnd":561,"pos":"DT","before":" ","after":" "},{"index":5,"word":"user","originalText":"user","characterOffsetBegin":562,"characterOffsetEnd":566,"pos":"NN","before":" ","after":" "},{"index":6,"word":"clicks","originalText":"clicks","characterOffsetBegin":567,"characterOffsetEnd":573,"pos":"VBZ","before":" ","after":" "},{"index":7,"word":"the","originalText":"the","characterOffsetBegin":574,"characterOffsetEnd":577,"pos":"DT","before":" ","after":" "},{"index":8,"word":"mouse","originalText":"mouse","characterOffsetBegin":578,"characterOffsetEnd":583,"pos":"NN","before":" ","after":" "},{"index":9,"word":"in","originalText":"in","characterOffsetBegin":584,"characterOffsetEnd":586,"pos":"IN","before":" ","after":" "},{"index":10,"word":"Window","originalText":"Window","characterOffsetBegin":587,"characterOffsetEnd":593,"pos":"NN","before":" ","after":" "},{"index":11,"word":"B","originalText":"B","characterOffsetBegin":594,"characterOffsetEnd":595,"pos":"NN","before":" ","after":" "},{"index":12,"word":"it","originalText":"it","characterOffsetBegin":596,"characterOffsetEnd":598,"pos":"PRP","before":" ","after":" "},{"index":13,"word":"will","originalText":"will","characterOffsetBegin":599,"characterOffsetEnd":603,"pos":"MD","before":" ","after":" "},{"index":14,"word":"be","originalText":"be","characterOffsetBegin":604,"characterOffsetEnd":606,"pos":"VB","before":" ","after":" "},{"index":15,"word":"brought","originalText":"brought","characterOffsetBegin":607,"characterOffsetEnd":614,"pos":"VBN","before":" ","after":" "},{"index":16,"word":"to","originalText":"to","characterOffsetBegin":615,"characterOffsetEnd":617,"pos":"TO","before":" ","after":" "},{"index":17,"word":"the","originalText":"the","characterOffsetBegin":618,"characterOffsetEnd":621,"pos":"DT","before":" ","after":" "},{"index":18,"word":"top","originalText":"top","characterOffsetBegin":622,"characterOffsetEnd":625,"pos":"NN","before":" ","after":" "},{"index":19,"word":"of","originalText":"of","characterOffsetBegin":626,"characterOffsetEnd":628,"pos":"IN","before":" ","after":" "},{"index":20,"word":"the","originalText":"the","characterOffsetBegin":629,"characterOffsetEnd":632,"pos":"DT","before":" ","after":" "},{"index":21,"word":"window","originalText":"window","characterOffsetBegin":633,"characterOffsetEnd":639,"pos":"NN","before":" ","after":" "},{"index":22,"word":"hierarchy","originalText":"hierarchy","characterOffsetBegin":640,"characterOffsetEnd":649,"pos":"NN","before":" ","after":" "},{"index":23,"word":"and","originalText":"and","characterOffsetBegin":650,"characterOffsetEnd":653,"pos":"CC","before":" ","after":" "},{"index":24,"word":"placed","originalText":"placed","characterOffsetBegin":654,"characterOffsetEnd":660,"pos":"VBN","before":" ","after":" "},{"index":25,"word":"on","originalText":"on","characterOffsetBegin":661,"characterOffsetEnd":663,"pos":"IN","before":" ","after":" "},{"index":26,"word":"top","originalText":"top","characterOffsetBegin":664,"characterOffsetEnd":667,"pos":"NN","before":" ","after":" "},{"index":27,"word":"of","originalText":"of","characterOffsetBegin":668,"characterOffsetEnd":670,"pos":"IN","before":" ","after":" "},{"index":28,"word":"Window","originalText":"Window","characterOffsetBegin":671,"characterOffsetEnd":677,"pos":"NNP","before":" ","after":" "},{"index":29,"word":"A.","originalText":"A.","characterOffsetBegin":678,"characterOffsetEnd":680,"pos":"NNP","before":" ","after":"  "},{"index":30,"word":"Under","originalText":"Under","characterOffsetBegin":682,"characterOffsetEnd":687,"pos":"IN","before":"  ","after":" "},{"index":31,"word":"certain","originalText":"certain","characterOffsetBegin":688,"characterOffsetEnd":695,"pos":"JJ","before":" ","after":" "},{"index":32,"word":"circumstances","originalText":"circumstances","characterOffsetBegin":696,"characterOffsetEnd":709,"pos":"NNS","before":" ","after":" "},{"index":33,"word":"if","originalText":"if","characterOffsetBegin":710,"characterOffsetEnd":712,"pos":"IN","before":" ","after":" "},{"index":34,"word":"the","originalText":"the","characterOffsetBegin":713,"characterOffsetEnd":716,"pos":"DT","before":" ","after":" "},{"index":35,"word":"user","originalText":"user","characterOffsetBegin":717,"characterOffsetEnd":721,"pos":"NN","before":" ","after":" "},{"index":36,"word":"clicks","originalText":"clicks","characterOffsetBegin":722,"characterOffsetEnd":728,"pos":"VBZ","before":" ","after":" "},{"index":37,"word":"the","originalText":"the","characterOffsetBegin":729,"characterOffsetEnd":732,"pos":"DT","before":" ","after":" "},{"index":38,"word":"mouse","originalText":"mouse","characterOffsetBegin":733,"characterOffsetEnd":738,"pos":"NN","before":" ","after":" "},{"index":39,"word":"in","originalText":"in","characterOffsetBegin":739,"characterOffsetEnd":741,"pos":"IN","before":" ","after":" "},{"index":40,"word":"Window","originalText":"Window","characterOffsetBegin":742,"characterOffsetEnd":748,"pos":"NN","before":" ","after":" "},{"index":41,"word":"B","originalText":"B","characterOffsetBegin":749,"characterOffsetEnd":750,"pos":"NN","before":" ","after":" "},{"index":42,"word":"I","originalText":"I","characterOffsetBegin":751,"characterOffsetEnd":752,"pos":"PRP","before":" ","after":" "},{"index":43,"word":"need","originalText":"need","characterOffsetBegin":753,"characterOffsetEnd":757,"pos":"VBP","before":" ","after":" "},{"index":44,"word":"to","originalText":"to","characterOffsetBegin":758,"characterOffsetEnd":760,"pos":"TO","before":" ","after":" "},{"index":45,"word":"beep","originalText":"beep","characterOffsetBegin":761,"characterOffsetEnd":765,"pos":"NN","before":" ","after":" "},{"index":46,"word":"and","originalText":"and","characterOffsetBegin":766,"characterOffsetEnd":769,"pos":"CC","before":" ","after":" "},{"index":47,"word":"prevent","originalText":"prevent","characterOffsetBegin":770,"characterOffsetEnd":777,"pos":"VB","before":" ","after":" "},{"index":48,"word":"Window","originalText":"Window","characterOffsetBegin":778,"characterOffsetEnd":784,"pos":"NN","before":" ","after":" "},{"index":49,"word":"B","originalText":"B","characterOffsetBegin":785,"characterOffsetEnd":786,"pos":"NN","before":" ","after":" "},{"index":50,"word":"from","originalText":"from","characterOffsetBegin":787,"characterOffsetEnd":791,"pos":"IN","before":" ","after":" "},{"index":51,"word":"being","originalText":"being","characterOffsetBegin":792,"characterOffsetEnd":797,"pos":"VBG","before":" ","after":" "},{"index":52,"word":"raised","originalText":"raised","characterOffsetBegin":798,"characterOffsetEnd":804,"pos":"VBN","before":" ","after":" "},{"index":53,"word":"on","originalText":"on","characterOffsetBegin":805,"characterOffsetEnd":807,"pos":"IN","before":" ","after":" "},{"index":54,"word":"top","originalText":"top","characterOffsetBegin":808,"characterOffsetEnd":811,"pos":"NN","before":" ","after":" "},{"index":55,"word":"of","originalText":"of","characterOffsetBegin":812,"characterOffsetEnd":814,"pos":"IN","before":" ","after":" "},{"index":56,"word":"Window","originalText":"Window","characterOffsetBegin":815,"characterOffsetEnd":821,"pos":"NNP","before":" ","after":" "},{"index":57,"word":"A.","originalText":"A.","characterOffsetBegin":822,"characterOffsetEnd":824,"pos":"NNP","before":" ","after":"      "},{"index":58,"word":"From","originalText":"From","characterOffsetBegin":830,"characterOffsetEnd":834,"pos":"IN","before":"      ","after":" "},{"index":59,"word":"the","originalText":"the","characterOffsetBegin":835,"characterOffsetEnd":838,"pos":"DT","before":" ","after":" "},{"index":60,"word":"research","originalText":"research","characterOffsetBegin":839,"characterOffsetEnd":847,"pos":"NN","before":" ","after":" "},{"index":61,"word":"and","originalText":"and","characterOffsetBegin":848,"characterOffsetEnd":851,"pos":"CC","before":" ","after":" "},{"index":62,"word":"testing","originalText":"testing","characterOffsetBegin":852,"characterOffsetEnd":859,"pos":"NN","before":" ","after":" "},{"index":63,"word":"I","originalText":"I","characterOffsetBegin":860,"characterOffsetEnd":861,"pos":"PRP","before":" ","after":""},{"index":64,"word":"'ve","originalText":"'ve","characterOffsetBegin":861,"characterOffsetEnd":864,"pos":"VBP","before":"","after":" "},{"index":65,"word":"done","originalText":"done","characterOffsetBegin":865,"characterOffsetEnd":869,"pos":"VBN","before":" ","after":" "},{"index":66,"word":"so","originalText":"so","characterOffsetBegin":870,"characterOffsetEnd":872,"pos":"RB","before":" ","after":" "},{"index":67,"word":"far","originalText":"far","characterOffsetBegin":873,"characterOffsetEnd":876,"pos":"RB","before":" ","after":""},{"index":68,"word":",","originalText":",","characterOffsetBegin":876,"characterOffsetEnd":877,"pos":",","before":"","after":" "},{"index":69,"word":"it","originalText":"it","characterOffsetBegin":878,"characterOffsetEnd":880,"pos":"PRP","before":" ","after":" "},{"index":70,"word":"appears","originalText":"appears","characterOffsetBegin":881,"characterOffsetEnd":888,"pos":"VBZ","before":" ","after":" "},{"index":71,"word":"that","originalText":"that","characterOffsetBegin":889,"characterOffsetEnd":893,"pos":"IN","before":" ","after":" "},{"index":72,"word":"this","originalText":"this","characterOffsetBegin":894,"characterOffsetEnd":898,"pos":"DT","before":" ","after":" "},{"index":73,"word":"window","originalText":"window","characterOffsetBegin":899,"characterOffsetEnd":905,"pos":"NN","before":" ","after":" "},{"index":74,"word":"ordering","originalText":"ordering","characterOffsetBegin":906,"characterOffsetEnd":914,"pos":"VBG","before":" ","after":" "},{"index":75,"word":"is","originalText":"is","characterOffsetBegin":915,"characterOffsetEnd":917,"pos":"VBZ","before":" ","after":" "},{"index":76,"word":"handled","originalText":"handled","characterOffsetBegin":918,"characterOffsetEnd":925,"pos":"VBN","before":" ","after":" "},{"index":77,"word":"by","originalText":"by","characterOffsetBegin":926,"characterOffsetEnd":928,"pos":"IN","before":" ","after":" "},{"index":78,"word":"the","originalText":"the","characterOffsetBegin":929,"characterOffsetEnd":932,"pos":"DT","before":" ","after":" "},{"index":79,"word":"window","originalText":"window","characterOffsetBegin":933,"characterOffsetEnd":939,"pos":"NN","before":" ","after":" "},{"index":80,"word":"manager","originalText":"manager","characterOffsetBegin":940,"characterOffsetEnd":947,"pos":"NN","before":" ","after":""},{"index":81,"word":",","originalText":",","characterOffsetBegin":947,"characterOffsetEnd":948,"pos":",","before":"","after":" "},{"index":82,"word":"in","originalText":"in","characterOffsetBegin":949,"characterOffsetEnd":951,"pos":"IN","before":" ","after":" "},{"index":83,"word":"this","originalText":"this","characterOffsetBegin":952,"characterOffsetEnd":956,"pos":"DT","before":" ","after":" "},{"index":84,"word":"case","originalText":"case","characterOffsetBegin":957,"characterOffsetEnd":961,"pos":"NN","before":" ","after":" "},{"index":85,"word":"Motif","originalText":"Motif","characterOffsetBegin":962,"characterOffsetEnd":967,"pos":"NN","before":" ","after":""},{"index":86,"word":".","originalText":".","characterOffsetBegin":967,"characterOffsetEnd":968,"pos":".","before":"","after":"  "}]},{"index":5,"tokens":[{"index":1,"word":"I","originalText":"I","characterOffsetBegin":970,"characterOffsetEnd":971,"pos":"PRP","before":"  ","after":" "},{"index":2,"word":"have","originalText":"have","characterOffsetBegin":972,"characterOffsetEnd":976,"pos":"VBP","before":" ","after":""},{"index":3,"word":"n't","originalText":"n't","characterOffsetBegin":976,"characterOffsetEnd":979,"pos":"RB","before":"","after":" "},{"index":4,"word":"found","originalText":"found","characterOffsetBegin":980,"characterOffsetEnd":985,"pos":"VBN","before":" ","after":" "},{"index":5,"word":"any","originalText":"any","characterOffsetBegin":986,"characterOffsetEnd":989,"pos":"DT","before":" ","after":" "},{"index":6,"word":"way","originalText":"way","characterOffsetBegin":990,"characterOffsetEnd":993,"pos":"NN","before":" ","after":" "},{"index":7,"word":"to","originalText":"to","characterOffsetBegin":994,"characterOffsetEnd":996,"pos":"TO","before":" ","after":" "},{"index":8,"word":"override","originalText":"override","characterOffsetBegin":997,"characterOffsetEnd":1005,"pos":"VB","before":" ","after":" "},{"index":9,"word":"this","originalText":"this","characterOffsetBegin":1006,"characterOffsetEnd":1010,"pos":"DT","before":" ","after":" "},{"index":10,"word":"default","originalText":"default","characterOffsetBegin":1011,"characterOffsetEnd":1018,"pos":"NN","before":" ","after":" "},{"index":11,"word":"processing","originalText":"processing","characterOffsetBegin":1019,"characterOffsetEnd":1029,"pos":"NN","before":" ","after":" "},{"index":12,"word":"through","originalText":"through","characterOffsetBegin":1030,"characterOffsetEnd":1037,"pos":"IN","before":" ","after":" "},{"index":13,"word":"standard","originalText":"standard","characterOffsetBegin":1038,"characterOffsetEnd":1046,"pos":"NN","before":" ","after":" "},{"index":14,"word":"X","originalText":"X","characterOffsetBegin":1047,"characterOffsetEnd":1048,"pos":"NN","before":" ","after":" "},{"index":15,"word":"Window","originalText":"Window","characterOffsetBegin":1049,"characterOffsetEnd":1055,"pos":"NN","before":" ","after":" "},{"index":16,"word":"functions","originalText":"functions","characterOffsetBegin":1056,"characterOffsetEnd":1065,"pos":"NNS","before":" ","after":""},{"index":17,"word":".","originalText":".","characterOffsetBegin":1065,"characterOffsetEnd":1066,"pos":".","before":"","after":"  "}]},{"index":6,"tokens":[{"index":1,"word":"I","originalText":"I","characterOffsetBegin":1068,"characterOffsetEnd":1069,"pos":"PRP","before":"  ","after":" "},{"index":2,"word":"can","originalText":"can","characterOffsetBegin":1070,"characterOffsetEnd":1073,"pos":"MD","before":" ","after":" "},{"index":3,"word":"tell","originalText":"tell","characterOffsetBegin":1074,"characterOffsetEnd":1078,"pos":"VB","before":" ","after":" "},{"index":4,"word":"when","originalText":"when","characterOffsetBegin":1079,"characterOffsetEnd":1083,"pos":"WRB","before":" ","after":" "},{"index":5,"word":"this","originalText":"this","characterOffsetBegin":1084,"characterOffsetEnd":1088,"pos":"DT","before":" ","after":" "},{"index":6,"word":"switching","originalText":"switching","characterOffsetBegin":1089,"characterOffsetEnd":1098,"pos":"NN","before":" ","after":" "},{"index":7,"word":"occurs","originalText":"occurs","characterOffsetBegin":1099,"characterOffsetEnd":1105,"pos":"VBZ","before":" ","after":" "},{"index":8,"word":"through","originalText":"through","characterOffsetBegin":1106,"characterOffsetEnd":1113,"pos":"IN","before":" ","after":" "},{"index":9,"word":"focus","originalText":"focus","characterOffsetBegin":1114,"characterOffsetEnd":1119,"pos":"NN","before":" ","after":" "},{"index":10,"word":"change","originalText":"change","characterOffsetBegin":1120,"characterOffsetEnd":1126,"pos":"NN","before":" ","after":" "},{"index":11,"word":"and","originalText":"and","characterOffsetBegin":1127,"characterOffsetEnd":1130,"pos":"CC","before":" ","after":" "},{"index":12,"word":"mapping","originalText":"mapping","characterOffsetBegin":1131,"characterOffsetEnd":1138,"pos":"NN","before":" ","after":" "},{"index":13,"word":"notify","originalText":"notify","characterOffsetBegin":1139,"characterOffsetEnd":1145,"pos":"VBP","before":" ","after":" "},{"index":14,"word":"events","originalText":"events","characterOffsetBegin":1146,"characterOffsetEnd":1152,"pos":"NNS","before":" ","after":""},{"index":15,"word":",","originalText":",","characterOffsetBegin":1152,"characterOffsetEnd":1153,"pos":",","before":"","after":" "},{"index":16,"word":"but","originalText":"but","characterOffsetBegin":1154,"characterOffsetEnd":1157,"pos":"CC","before":" ","after":" "},{"index":17,"word":"I","originalText":"I","characterOffsetBegin":1158,"characterOffsetEnd":1159,"pos":"PRP","before":" ","after":" "},{"index":18,"word":"ca","originalText":"ca","characterOffsetBegin":1160,"characterOffsetEnd":1162,"pos":"MD","before":" ","after":""},{"index":19,"word":"n't","originalText":"n't","characterOffsetBegin":1162,"characterOffsetEnd":1165,"pos":"RB","before":"","after":" "},{"index":20,"word":"find","originalText":"find","characterOffsetBegin":1166,"characterOffsetEnd":1170,"pos":"VB","before":" ","after":" "},{"index":21,"word":"any","originalText":"any","characterOffsetBegin":1171,"characterOffsetEnd":1174,"pos":"DT","before":" ","after":" "},{"index":22,"word":"way","originalText":"way","characterOffsetBegin":1175,"characterOffsetEnd":1178,"pos":"NN","before":" ","after":" "},{"index":23,"word":"to","originalText":"to","characterOffsetBegin":1179,"characterOffsetEnd":1181,"pos":"TO","before":" ","after":" "},{"index":24,"word":"tell","originalText":"tell","characterOffsetBegin":1182,"characterOffsetEnd":1186,"pos":"VB","before":" ","after":" "},{"index":25,"word":"Motif","originalText":"Motif","characterOffsetBegin":1187,"characterOffsetEnd":1192,"pos":"NNP","before":" ","after":" "},{"index":26,"word":"not","originalText":"not","characterOffsetBegin":1193,"characterOffsetEnd":1196,"pos":"RB","before":" ","after":" "},{"index":27,"word":"to","originalText":"to","characterOffsetBegin":1197,"characterOffsetEnd":1199,"pos":"TO","before":" ","after":" "},{"index":28,"word":"make","originalText":"make","characterOffsetBegin":1200,"characterOffsetEnd":1204,"pos":"VB","before":" ","after":" "},{"index":29,"word":"the","originalText":"the","characterOffsetBegin":1205,"characterOffsetEnd":1208,"pos":"DT","before":" ","after":" "},{"index":30,"word":"switch","originalText":"switch","characterOffsetBegin":1209,"characterOffsetEnd":1215,"pos":"NN","before":" ","after":""},{"index":31,"word":".","originalText":".","characterOffsetBegin":1215,"characterOffsetEnd":1216,"pos":".","before":"","after":"      "}]},{"index":7,"tokens":[{"index":1,"word":"The","originalText":"The","characterOffsetBegin":1222,"characterOffsetEnd":1225,"pos":"DT","before":"      ","after":" "},{"index":2,"word":"temporary","originalText":"temporary","characterOffsetBegin":1226,"characterOffsetEnd":1235,"pos":"JJ","before":" ","after":" "},{"index":3,"word":"solution","originalText":"solution","characterOffsetBegin":1236,"characterOffsetEnd":1244,"pos":"NN","before":" ","after":" "},{"index":4,"word":"I","originalText":"I","characterOffsetBegin":1245,"characterOffsetEnd":1246,"pos":"PRP","before":" ","after":""},{"index":5,"word":"'ve","originalText":"'ve","characterOffsetBegin":1246,"characterOffsetEnd":1249,"pos":"VBP","before":"","after":" "},{"index":6,"word":"currently","originalText":"currently","characterOffsetBegin":1250,"characterOffsetEnd":1259,"pos":"RB","before":" ","after":" "},{"index":7,"word":"come","originalText":"come","characterOffsetBegin":1260,"characterOffsetEnd":1264,"pos":"VBN","before":" ","after":" "},{"index":8,"word":"up","originalText":"up","characterOffsetBegin":1265,"characterOffsetEnd":1267,"pos":"RP","before":" ","after":" "},{"index":9,"word":"with","originalText":"with","characterOffsetBegin":1268,"characterOffsetEnd":1272,"pos":"IN","before":" ","after":" "},{"index":10,"word":"is","originalText":"is","characterOffsetBegin":1273,"characterOffsetEnd":1275,"pos":"VBZ","before":" ","after":" "},{"index":11,"word":"very","originalText":"very","characterOffsetBegin":1276,"characterOffsetEnd":1280,"pos":"RB","before":" ","after":" "},{"index":12,"word":"kludgy","originalText":"kludgy","characterOffsetBegin":1281,"characterOffsetEnd":1287,"pos":"JJ","before":" ","after":" "},{"index":13,"word":"but","originalText":"but","characterOffsetBegin":1288,"characterOffsetEnd":1291,"pos":"CC","before":" ","after":" "},{"index":14,"word":"it","originalText":"it","characterOffsetBegin":1292,"characterOffsetEnd":1294,"pos":"PRP","before":" ","after":" "},{"index":15,"word":"partially","originalText":"partially","characterOffsetBegin":1295,"characterOffsetEnd":1304,"pos":"RB","before":" ","after":" "},{"index":16,"word":"works","originalText":"works","characterOffsetBegin":1305,"characterOffsetEnd":1310,"pos":"VBZ","before":" ","after":""},{"index":17,"word":".","originalText":".","characterOffsetBegin":1310,"characterOffsetEnd":1311,"pos":".","before":"","after":"  "}]},{"index":8,"tokens":[{"index":1,"word":"When","originalText":"When","characterOffsetBegin":1313,"characterOffsetEnd":1317,"pos":"WRB","before":"  ","after":" "},{"index":2,"word":"I","originalText":"I","characterOffsetBegin":1318,"characterOffsetEnd":1319,"pos":"PRP","before":" ","after":" "},{"index":3,"word":"detect","originalText":"detect","characterOffsetBegin":1320,"characterOffsetEnd":1326,"pos":"VBP","before":" ","after":" "},{"index":4,"word":"such","originalText":"such","characterOffsetBegin":1327,"characterOffsetEnd":1331,"pos":"JJ","before":" ","after":" "},{"index":5,"word":"a","originalText":"a","characterOffsetBegin":1332,"characterOffsetEnd":1333,"pos":"DT","before":" ","after":" "},{"index":6,"word":"window","originalText":"window","characterOffsetBegin":1334,"characterOffsetEnd":1340,"pos":"NN","before":" ","after":" "},{"index":7,"word":"switch","originalText":"switch","characterOffsetBegin":1341,"characterOffsetEnd":1347,"pos":"NN","before":" ","after":" "},{"index":8,"word":"in","originalText":"in","characterOffsetBegin":1348,"characterOffsetEnd":1350,"pos":"IN","before":" ","after":" "},{"index":9,"word":"those","originalText":"those","characterOffsetBegin":1351,"characterOffsetEnd":1356,"pos":"DT","before":" ","after":" "},{"index":10,"word":"cases","originalText":"cases","characterOffsetBegin":1357,"characterOffsetEnd":1362,"pos":"NNS","before":" ","after":" "},{"index":11,"word":"when","originalText":"when","characterOffsetBegin":1363,"characterOffsetEnd":1367,"pos":"WRB","before":" ","after":" "},{"index":12,"word":"the","originalText":"the","characterOffsetBegin":1368,"characterOffsetEnd":1371,"pos":"DT","before":" ","after":" "},{"index":13,"word":"switch","originalText":"switch","characterOffsetBegin":1372,"characterOffsetEnd":1378,"pos":"NN","before":" ","after":" "},{"index":14,"word":"is","originalText":"is","characterOffsetBegin":1379,"characterOffsetEnd":1381,"pos":"VBZ","before":" ","after":" "},{"index":15,"word":"not","originalText":"not","characterOffsetBegin":1382,"characterOffsetEnd":1385,"pos":"RB","before":" ","after":" "},{"index":16,"word":"allowed","originalText":"allowed","characterOffsetBegin":1386,"characterOffsetEnd":1393,"pos":"VBN","before":" ","after":""},{"index":17,"word":",","originalText":",","characterOffsetBegin":1393,"characterOffsetEnd":1394,"pos":",","before":"","after":" "},{"index":18,"word":"I","originalText":"I","characterOffsetBegin":1395,"characterOffsetEnd":1396,"pos":"PRP","before":" ","after":" "},{"index":19,"word":"manually","originalText":"manually","characterOffsetBegin":1397,"characterOffsetEnd":1405,"pos":"RB","before":" ","after":" "},{"index":20,"word":"force","originalText":"force","characterOffsetBegin":1406,"characterOffsetEnd":1411,"pos":"VBP","before":" ","after":" "},{"index":21,"word":"the","originalText":"the","characterOffsetBegin":1412,"characterOffsetEnd":1415,"pos":"DT","before":" ","after":" "},{"index":22,"word":"formerly","originalText":"formerly","characterOffsetBegin":1416,"characterOffsetEnd":1424,"pos":"RB","before":" ","after":" "},{"index":23,"word":"top","originalText":"top","characterOffsetBegin":1425,"characterOffsetEnd":1428,"pos":"JJ","before":" ","after":" "},{"index":24,"word":"window","originalText":"window","characterOffsetBegin":1429,"characterOffsetEnd":1435,"pos":"NN","before":" ","after":" "},{"index":25,"word":"back","originalText":"back","characterOffsetBegin":1436,"characterOffsetEnd":1440,"pos":"RB","before":" ","after":" "},{"index":26,"word":"on","originalText":"on","characterOffsetBegin":1441,"characterOffsetEnd":1443,"pos":"IN","before":" ","after":" "},{"index":27,"word":"top","originalText":"top","characterOffsetBegin":1444,"characterOffsetEnd":1447,"pos":"JJ","before":" ","after":" "},{"index":28,"word":"with","originalText":"with","characterOffsetBegin":1448,"characterOffsetEnd":1452,"pos":"IN","before":" ","after":" "},{"index":29,"word":"an","originalText":"an","characterOffsetBegin":1453,"characterOffsetEnd":1455,"pos":"DT","before":" ","after":" "},{"index":30,"word":"XRaiseWindow","originalText":"XRaiseWindow","characterOffsetBegin":1456,"characterOffsetEnd":1468,"pos":"NN","before":" ","after":" "},{"index":31,"word":"call","originalText":"call","characterOffsetBegin":1469,"characterOffsetEnd":1473,"pos":"NN","before":" ","after":" "},{"index":32,"word":"and","originalText":"and","characterOffsetBegin":1474,"characterOffsetEnd":1477,"pos":"CC","before":" ","after":" "},{"index":33,"word":"beep","originalText":"beep","characterOffsetBegin":1478,"characterOffsetEnd":1482,"pos":"NN","before":" ","after":" "},{"index":34,"word":"with","originalText":"with","characterOffsetBegin":1483,"characterOffsetEnd":1487,"pos":"IN","before":" ","after":" "},{"index":35,"word":"the","originalText":"the","characterOffsetBegin":1488,"characterOffsetEnd":1491,"pos":"DT","before":" ","after":" "},{"index":36,"word":"XBell","originalText":"XBell","characterOffsetBegin":1492,"characterOffsetEnd":1497,"pos":"NN","before":" ","after":" "},{"index":37,"word":"function","originalText":"function","characterOffsetBegin":1498,"characterOffsetEnd":1506,"pos":"NN","before":" ","after":""},{"index":38,"word":".","originalText":".","characterOffsetBegin":1506,"characterOffsetEnd":1507,"pos":".","before":"","after":"  "}]},{"index":9,"tokens":[{"index":1,"word":"This","originalText":"This","characterOffsetBegin":1509,"characterOffsetEnd":1513,"pos":"DT","before":"  ","after":" "},{"index":2,"word":"provides","originalText":"provides","characterOffsetBegin":1514,"characterOffsetEnd":1522,"pos":"VBZ","before":" ","after":" "},{"index":3,"word":"the","originalText":"the","characterOffsetBegin":1523,"characterOffsetEnd":1526,"pos":"DT","before":" ","after":" "},{"index":4,"word":"necessary","originalText":"necessary","characterOffsetBegin":1527,"characterOffsetEnd":1536,"pos":"JJ","before":" ","after":" "},{"index":5,"word":"functionality","originalText":"functionality","characterOffsetBegin":1537,"characterOffsetEnd":1550,"pos":"NN","before":" ","after":" "},{"index":6,"word":"but","originalText":"but","characterOffsetBegin":1551,"characterOffsetEnd":1554,"pos":"CC","before":" ","after":" "},{"index":7,"word":"looks","originalText":"looks","characterOffsetBegin":1555,"characterOffsetEnd":1560,"pos":"VBZ","before":" ","after":" "},{"index":8,"word":"ugly","originalText":"ugly","characterOffsetBegin":1561,"characterOffsetEnd":1565,"pos":"JJ","before":" ","after":" "},{"index":9,"word":"when","originalText":"when","characterOffsetBegin":1566,"characterOffsetEnd":1570,"pos":"WRB","before":" ","after":" "},{"index":10,"word":"the","originalText":"the","characterOffsetBegin":1571,"characterOffsetEnd":1574,"pos":"DT","before":" ","after":" "},{"index":11,"word":"windows","originalText":"windows","characterOffsetBegin":1575,"characterOffsetEnd":1582,"pos":"NNS","before":" ","after":" "},{"index":12,"word":"switch","originalText":"switch","characterOffsetBegin":1583,"characterOffsetEnd":1589,"pos":"VBP","before":" ","after":" "},{"index":13,"word":"places","originalText":"places","characterOffsetBegin":1590,"characterOffsetEnd":1596,"pos":"NNS","before":" ","after":" "},{"index":14,"word":"twice","originalText":"twice","characterOffsetBegin":1597,"characterOffsetEnd":1602,"pos":"RB","before":" ","after":""},{"index":15,"word":".","originalText":".","characterOffsetBegin":1602,"characterOffsetEnd":1603,"pos":".","before":"","after":"      "}]},{"index":10,"tokens":[{"index":1,"word":"Does","originalText":"Does","characterOffsetBegin":1609,"characterOffsetEnd":1613,"pos":"VBZ","before":"      ","after":" "},{"index":2,"word":"anyone","originalText":"anyone","characterOffsetBegin":1614,"characterOffsetEnd":1620,"pos":"NN","before":" ","after":" "},{"index":3,"word":"know","originalText":"know","characterOffsetBegin":1621,"characterOffsetEnd":1625,"pos":"VB","before":" ","after":" "},{"index":4,"word":"how","originalText":"how","characterOffsetBegin":1626,"characterOffsetEnd":1629,"pos":"WRB","before":" ","after":" "},{"index":5,"word":"I","originalText":"I","characterOffsetBegin":1630,"characterOffsetEnd":1631,"pos":"PRP","before":" ","after":" "},{"index":6,"word":"can","originalText":"can","characterOffsetBegin":1632,"characterOffsetEnd":1635,"pos":"MD","before":" ","after":" "},{"index":7,"word":"tell","originalText":"tell","characterOffsetBegin":1636,"characterOffsetEnd":1640,"pos":"VB","before":" ","after":" "},{"index":8,"word":"Motif","originalText":"Motif","characterOffsetBegin":1641,"characterOffsetEnd":1646,"pos":"NN","before":" ","after":" "},{"index":9,"word":"-LRB-","originalText":"(","characterOffsetBegin":1647,"characterOffsetEnd":1648,"pos":"-LRB-","before":" ","after":""},{"index":10,"word":"or","originalText":"or","characterOffsetBegin":1648,"characterOffsetEnd":1650,"pos":"CC","before":"","after":" "},{"index":11,"word":"preferably","originalText":"preferably","characterOffsetBegin":1651,"characterOffsetEnd":1661,"pos":"RB","before":" ","after":" "},{"index":12,"word":"*","originalText":"*","characterOffsetBegin":1662,"characterOffsetEnd":1663,"pos":"SYM","before":" ","after":""},{"index":13,"word":"any","originalText":"any","characterOffsetBegin":1663,"characterOffsetEnd":1666,"pos":"DT","before":"","after":""},{"index":14,"word":"*","originalText":"*","characterOffsetBegin":1666,"characterOffsetEnd":1667,"pos":"SYM","before":"","after":" "},{"index":15,"word":"window","originalText":"window","characterOffsetBegin":1668,"characterOffsetEnd":1674,"pos":"NN","before":" ","after":" "},{"index":16,"word":"manager","originalText":"manager","characterOffsetBegin":1675,"characterOffsetEnd":1682,"pos":"NN","before":" ","after":""},{"index":17,"word":"-RRB-","originalText":")","characterOffsetBegin":1682,"characterOffsetEnd":1683,"pos":"-RRB-","before":"","after":" "},{"index":18,"word":"when","originalText":"when","characterOffsetBegin":1684,"characterOffsetEnd":1688,"pos":"WRB","before":" ","after":" "},{"index":19,"word":"I","originalText":"I","characterOffsetBegin":1689,"characterOffsetEnd":1690,"pos":"PRP","before":" ","after":" "},{"index":20,"word":"do","originalText":"do","characterOffsetBegin":1691,"characterOffsetEnd":1693,"pos":"VBP","before":" ","after":""},{"index":21,"word":"n't","originalText":"n't","characterOffsetBegin":1693,"characterOffsetEnd":1696,"pos":"RB","before":"","after":" "},{"index":22,"word":"want","originalText":"want","characterOffsetBegin":1697,"characterOffsetEnd":1701,"pos":"VB","before":" ","after":" "},{"index":23,"word":"the","originalText":"the","characterOffsetBegin":1702,"characterOffsetEnd":1705,"pos":"DT","before":" ","after":" "},{"index":24,"word":"window","originalText":"window","characterOffsetBegin":1706,"characterOffsetEnd":1712,"pos":"NN","before":" ","after":" "},{"index":25,"word":"order","originalText":"order","characterOffsetBegin":1713,"characterOffsetEnd":1718,"pos":"NN","before":" ","after":" "},{"index":26,"word":"switch","originalText":"switch","characterOffsetBegin":1719,"characterOffsetEnd":1725,"pos":"NN","before":" ","after":" "},{"index":27,"word":"to","originalText":"to","characterOffsetBegin":1726,"characterOffsetEnd":1728,"pos":"TO","before":" ","after":" "},{"index":28,"word":"actually","originalText":"actually","characterOffsetBegin":1729,"characterOffsetEnd":1737,"pos":"RB","before":" ","after":" "},{"index":29,"word":"take","originalText":"take","characterOffsetBegin":1738,"characterOffsetEnd":1742,"pos":"VB","before":" ","after":" "},{"index":30,"word":"place","originalText":"place","characterOffsetBegin":1743,"characterOffsetEnd":1748,"pos":"NN","before":" ","after":""},{"index":31,"word":"?","originalText":"?","characterOffsetBegin":1748,"characterOffsetEnd":1749,"pos":".","before":"","after":"  "}]},{"index":11,"tokens":[{"index":1,"word":"Respond","originalText":"Respond","characterOffsetBegin":1751,"characterOffsetEnd":1758,"pos":"VB","before":"  ","after":" "},{"index":2,"word":"either","originalText":"either","characterOffsetBegin":1759,"characterOffsetEnd":1765,"pos":"CC","before":" ","after":" "},{"index":3,"word":"by","originalText":"by","characterOffsetBegin":1766,"characterOffsetEnd":1768,"pos":"IN","before":" ","after":" "},{"index":4,"word":"e-mail","originalText":"e-mail","characterOffsetBegin":1769,"characterOffsetEnd":1775,"pos":"NN","before":" ","after":" "},{"index":5,"word":"or","originalText":"or","characterOffsetBegin":1776,"characterOffsetEnd":1778,"pos":"CC","before":" ","after":" "},{"index":6,"word":"posting","originalText":"posting","characterOffsetBegin":1779,"characterOffsetEnd":1786,"pos":"VBG","before":" ","after":" "},{"index":7,"word":"to","originalText":"to","characterOffsetBegin":1787,"characterOffsetEnd":1789,"pos":"TO","before":" ","after":" "},{"index":8,"word":"this","originalText":"this","characterOffsetBegin":1790,"characterOffsetEnd":1794,"pos":"DT","before":" ","after":" "},{"index":9,"word":"newsgroup.Cheers","originalText":"newsgroup.Cheers","characterOffsetBegin":1795,"characterOffsetEnd":1811,"pos":"NNS","before":" ","after":""},{"index":10,"word":"...","originalText":"...","characterOffsetBegin":1811,"characterOffsetEnd":1814,"pos":":","before":"","after":""},{"index":11,"word":".","originalText":".","characterOffsetBegin":1814,"characterOffsetEnd":1815,"pos":".","before":"","after":"     "}]},{"index":12,"tokens":[{"index":1,"word":"Randall","originalText":"Randall","characterOffsetBegin":1820,"characterOffsetEnd":1827,"pos":"NNP","before":"     ","after":""},{"index":2,"word":"****************************************************************************","originalText":"****************************************************************************","characterOffsetBegin":1827,"characterOffsetEnd":1903,"pos":"NNP","before":"","after":" "},{"index":3,"word":"Randall","originalText":"Randall","characterOffsetBegin":1904,"characterOffsetEnd":1911,"pos":"NNP","before":" ","after":" "},{"index":4,"word":"Severy","originalText":"Severy","characterOffsetBegin":1912,"characterOffsetEnd":1918,"pos":"NNP","before":" ","after":"                    "},{"index":5,"word":"*","originalText":"*","characterOffsetBegin":1938,"characterOffsetEnd":1939,"pos":"SYM","before":"                    ","after":"      "},{"index":6,"word":"UUNET","originalText":"UUNET","characterOffsetBegin":1945,"characterOffsetEnd":1950,"pos":"NNP","before":"      ","after":""},{"index":7,"word":":","originalText":":","characterOffsetBegin":1950,"characterOffsetEnd":1951,"pos":":","before":"","after":" "},{"index":8,"word":"uunet!ge!severy","originalText":"uunet!ge!severy","characterOffsetBegin":1952,"characterOffsetEnd":1967,"pos":"JJ","before":" ","after":"         "},{"index":9,"word":"**","originalText":"**","characterOffsetBegin":1976,"characterOffsetEnd":1978,"pos":"SYM","before":"         ","after":" "},{"index":10,"word":"GE","originalText":"GE","characterOffsetBegin":1979,"characterOffsetEnd":1981,"pos":"NNP","before":" ","after":" "},{"index":11,"word":"Information","originalText":"Information","characterOffsetBegin":1982,"characterOffsetEnd":1993,"pos":"NNP","before":" ","after":" "},{"index":12,"word":"Services","originalText":"Services","characterOffsetBegin":1994,"characterOffsetEnd":2002,"pos":"NNP","before":" ","after":"           "},{"index":13,"word":"*","originalText":"*","characterOffsetBegin":2013,"characterOffsetEnd":2014,"pos":"SYM","before":"           ","after":"   "},{"index":14,"word":"INTERNET","originalText":"INTERNET","characterOffsetBegin":2017,"characterOffsetEnd":2025,"pos":"NNP","before":"   ","after":""},{"index":15,"word":":","originalText":":","characterOffsetBegin":2025,"characterOffsetEnd":2026,"pos":":","before":"","after":" "},{"index":16,"word":"ge!severy@uunet.uu.net","originalText":"ge!severy@uunet.uu.net","characterOffsetBegin":2027,"characterOffsetEnd":2049,"pos":"NN","before":" ","after":"  "},{"index":17,"word":"**","originalText":"**","characterOffsetBegin":2051,"characterOffsetEnd":2053,"pos":"SYM","before":"  ","after":" "},{"index":18,"word":"401","originalText":"401","characterOffsetBegin":2054,"characterOffsetEnd":2057,"pos":"CD","before":" ","after":" "},{"index":19,"word":"N.","originalText":"N.","characterOffsetBegin":2058,"characterOffsetEnd":2060,"pos":"NNP","before":" ","after":" "},{"index":20,"word":"Washington","originalText":"Washington","characterOffsetBegin":2061,"characterOffsetEnd":2071,"pos":"NNP","before":" ","after":" "},{"index":21,"word":"St.","originalText":"St.","characterOffsetBegin":2072,"characterOffsetEnd":2075,"pos":"NNP","before":" ","after":"   "},{"index":22,"word":"MC05A","originalText":"MC05A","characterOffsetBegin":2078,"characterOffsetEnd":2083,"pos":"NNP","before":"   ","after":"     "},{"index":23,"word":"*","originalText":"*","characterOffsetBegin":2088,"characterOffsetEnd":2089,"pos":"SYM","before":"     ","after":"      "},{"index":24,"word":"GENIE","originalText":"GENIE","characterOffsetBegin":2095,"characterOffsetEnd":2100,"pos":"NNP","before":"      ","after":""},{"index":25,"word":":","originalText":":","characterOffsetBegin":2100,"characterOffsetEnd":2101,"pos":":","before":"","after":" "},{"index":26,"word":"RSEVERY","originalText":"RSEVERY","characterOffsetBegin":2102,"characterOffsetEnd":2109,"pos":"NN","before":" ","after":"                 "},{"index":27,"word":"**","originalText":"**","characterOffsetBegin":2126,"characterOffsetEnd":2128,"pos":"SYM","before":"                 ","after":" "},{"index":28,"word":"Rockville","originalText":"Rockville","characterOffsetBegin":2129,"characterOffsetEnd":2138,"pos":"NNP","before":" ","after":""},{"index":29,"word":",","originalText":",","characterOffsetBegin":2138,"characterOffsetEnd":2139,"pos":",","before":"","after":" "},{"index":30,"word":"MD","originalText":"MD","characterOffsetBegin":2140,"characterOffsetEnd":2142,"pos":"NNP","before":" ","after":"  "},{"index":31,"word":"20850","originalText":"20850","characterOffsetBegin":2144,"characterOffsetEnd":2149,"pos":"CD","before":"  ","after":"    "},{"index":32,"word":"USA","originalText":"USA","characterOffsetBegin":2153,"characterOffsetEnd":2156,"pos":"NNP","before":"    ","after":"       "},{"index":33,"word":"*","originalText":"*","characterOffsetBegin":2163,"characterOffsetEnd":2164,"pos":"SYM","before":"       ","after":"      "},{"index":34,"word":"PHONE","originalText":"PHONE","characterOffsetBegin":2170,"characterOffsetEnd":2175,"pos":"NNP","before":"      ","after":""},{"index":35,"word":":","originalText":":","characterOffsetBegin":2175,"characterOffsetEnd":2176,"pos":":","before":"","after":" "},{"index":36,"word":"+1","originalText":"+1","characterOffsetBegin":2177,"characterOffsetEnd":2179,"pos":"CD","before":" ","after":""},{"index":37,"word":"-301","originalText":"-301","characterOffsetBegin":2179,"characterOffsetEnd":2183,"pos":"CD","before":"","after":""},{"index":38,"word":"-340","originalText":"-340","characterOffsetBegin":2183,"characterOffsetEnd":2187,"pos":"CD","before":"","after":""},{"index":39,"word":"-4543","originalText":"-4543","characterOffsetBegin":2187,"characterOffsetEnd":2192,"pos":"CD","before":"","after":"         "},{"index":40,"word":"****************************************************************************","originalText":"****************************************************************************","characterOffsetBegin":2201,"characterOffsetEnd":2277,"pos":"NN","before":"         ","after":""}]}]}