{"sentences":[{"index":0,"tokens":[{"index":1,"word":"From","originalText":"From","characterOffsetBegin":0,"characterOffsetEnd":4,"pos":"IN","before":"","after":""},{"index":2,"word":":","originalText":":","characterOffsetBegin":4,"characterOffsetEnd":5,"pos":":","before":"","after":" "},{"index":3,"word":"cjhs@minster.york.ac.ukSubject:","originalText":"cjhs@minster.york.ac.ukSubject:","characterOffsetBegin":6,"characterOffsetEnd":37,"pos":"NN","before":" ","after":" "},{"index":4,"word":"Re","originalText":"Re","characterOffsetBegin":38,"characterOffsetEnd":40,"pos":"NNP","before":" ","after":""},{"index":5,"word":":","originalText":":","characterOffsetBegin":40,"characterOffsetEnd":41,"pos":":","before":"","after":" "},{"index":6,"word":"Xt","originalText":"Xt","characterOffsetBegin":42,"characterOffsetEnd":44,"pos":"NN","before":" ","after":" "},{"index":7,"word":"intrinsics","originalText":"intrinsics","characterOffsetBegin":45,"characterOffsetEnd":55,"pos":"NNS","before":" ","after":""},{"index":8,"word":":","originalText":":","characterOffsetBegin":55,"characterOffsetEnd":56,"pos":":","before":"","after":" "},{"index":9,"word":"slow","originalText":"slow","characterOffsetBegin":57,"characterOffsetEnd":61,"pos":"JJ","before":" ","after":" "},{"index":10,"word":"popupsBryan","originalText":"popupsBryan","characterOffsetBegin":62,"characterOffsetEnd":73,"pos":"NNP","before":" ","after":" "},{"index":11,"word":"Boreham","originalText":"Boreham","characterOffsetBegin":74,"characterOffsetEnd":81,"pos":"NNP","before":" ","after":" "},{"index":12,"word":"-LRB-","originalText":"(","characterOffsetBegin":82,"characterOffsetEnd":83,"pos":"-LRB-","before":" ","after":""},{"index":13,"word":"bryan@alex.com","originalText":"bryan@alex.com","characterOffsetBegin":83,"characterOffsetEnd":97,"pos":"NNP","before":"","after":""},{"index":14,"word":"-RRB-","originalText":")","characterOffsetBegin":97,"characterOffsetEnd":98,"pos":"-RRB-","before":"","after":" "},{"index":15,"word":"wrote","originalText":"wrote","characterOffsetBegin":99,"characterOffsetEnd":104,"pos":"VBD","before":" ","after":""},{"index":16,"word":":","originalText":":","characterOffsetBegin":104,"characterOffsetEnd":105,"pos":":","before":"","after":""},{"index":17,"word":":","originalText":":","characterOffsetBegin":105,"characterOffsetEnd":106,"pos":":","before":"","after":" "},{"index":18,"word":"In","originalText":"In","characterOffsetBegin":107,"characterOffsetEnd":109,"pos":"IN","before":" ","after":" "},{"index":19,"word":"article","originalText":"article","characterOffsetBegin":110,"characterOffsetEnd":117,"pos":"NN","before":" ","after":" "},{"index":20,"word":"<735259869.13021@minster.york.ac.uk>","originalText":"<735259869.13021@minster.york.ac.uk>","characterOffsetBegin":118,"characterOffsetEnd":154,"pos":"NN","before":" ","after":""},{"index":21,"word":",","originalText":",","characterOffsetBegin":154,"characterOffsetEnd":155,"pos":",","before":"","after":" "},{"index":22,"word":"cjhs@minster.york.ac.uk","originalText":"cjhs@minster.york.ac.uk","characterOffsetBegin":156,"characterOffsetEnd":179,"pos":"NN","before":" ","after":" "},{"index":23,"word":"writes","originalText":"writes","characterOffsetBegin":180,"characterOffsetEnd":186,"pos":"VBZ","before":" ","after":""},{"index":24,"word":":","originalText":":","characterOffsetBegin":186,"characterOffsetEnd":187,"pos":":","before":"","after":""},{"index":25,"word":":","originalText":":","characterOffsetBegin":187,"characterOffsetEnd":188,"pos":":","before":"","after":" "},{"index":26,"word":">","originalText":">","characterOffsetBegin":189,"characterOffsetEnd":190,"pos":"JJR","before":" ","after":" "},{"index":27,"word":"The","originalText":"The","characterOffsetBegin":191,"characterOffsetEnd":194,"pos":"DT","before":" ","after":" "},{"index":28,"word":"application","originalText":"application","characterOffsetBegin":195,"characterOffsetEnd":206,"pos":"NN","before":" ","after":" "},{"index":29,"word":"creates","originalText":"creates","characterOffsetBegin":207,"characterOffsetEnd":214,"pos":"VBZ","before":" ","after":" "},{"index":30,"word":"window","originalText":"window","characterOffsetBegin":215,"characterOffsetEnd":221,"pos":"NN","before":" ","after":" "},{"index":31,"word":"with","originalText":"with","characterOffsetBegin":222,"characterOffsetEnd":226,"pos":"IN","before":" ","after":" "},{"index":32,"word":"a","originalText":"a","characterOffsetBegin":227,"characterOffsetEnd":228,"pos":"DT","before":" ","after":" "},{"index":33,"word":"button","originalText":"button","characterOffsetBegin":229,"characterOffsetEnd":235,"pos":"NN","before":" ","after":" "},{"index":34,"word":"``","originalText":"\"","characterOffsetBegin":236,"characterOffsetEnd":237,"pos":"``","before":" ","after":""},{"index":35,"word":"Quit","originalText":"Quit","characterOffsetBegin":237,"characterOffsetEnd":241,"pos":"VBN","before":"","after":""},{"index":36,"word":"''","originalText":"\"","characterOffsetBegin":241,"characterOffsetEnd":242,"pos":"''","before":"","after":" "},{"index":37,"word":"and","originalText":"and","characterOffsetBegin":243,"characterOffsetEnd":246,"pos":"CC","before":" ","after":" "},{"index":38,"word":"``","originalText":"\"","characterOffsetBegin":247,"characterOffsetEnd":248,"pos":"``","before":" ","after":""},{"index":39,"word":"Press","originalText":"Press","characterOffsetBegin":248,"characterOffsetEnd":253,"pos":"NNP","before":"","after":" "},{"index":40,"word":"me","originalText":"me","characterOffsetBegin":254,"characterOffsetEnd":256,"pos":"PRP","before":" ","after":""},{"index":41,"word":"''","originalText":"\"","characterOffsetBegin":256,"characterOffsetEnd":257,"pos":"''","before":"","after":""},{"index":42,"word":".","originalText":".","characterOffsetBegin":257,"characterOffsetEnd":258,"pos":".","before":"","after":""}]},{"index":1,"tokens":[{"index":1,"word":":","originalText":":","characterOffsetBegin":258,"characterOffsetEnd":259,"pos":":","before":"","after":" "},{"index":2,"word":">","originalText":">","characterOffsetBegin":260,"characterOffsetEnd":261,"pos":"JJR","before":" ","after":" "},{"index":3,"word":"The","originalText":"The","characterOffsetBegin":262,"characterOffsetEnd":265,"pos":"DT","before":" ","after":" "},{"index":4,"word":"button","originalText":"button","characterOffsetBegin":266,"characterOffsetEnd":272,"pos":"NN","before":" ","after":" "},{"index":5,"word":"``","originalText":"\"","characterOffsetBegin":273,"characterOffsetEnd":274,"pos":"``","before":" ","after":""},{"index":6,"word":"Press","originalText":"Press","characterOffsetBegin":274,"characterOffsetEnd":279,"pos":"NNP","before":"","after":" "},{"index":7,"word":"me","originalText":"me","characterOffsetBegin":280,"characterOffsetEnd":282,"pos":"PRP","before":" ","after":""},{"index":8,"word":"''","originalText":"\"","characterOffsetBegin":282,"characterOffsetEnd":283,"pos":"''","before":"","after":" "},{"index":9,"word":"pops","originalText":"pops","characterOffsetBegin":284,"characterOffsetEnd":288,"pos":"VBZ","before":" ","after":" "},{"index":10,"word":"up","originalText":"up","characterOffsetBegin":289,"characterOffsetEnd":291,"pos":"RP","before":" ","after":" "},{"index":11,"word":"a","originalText":"a","characterOffsetBegin":292,"characterOffsetEnd":293,"pos":"DT","before":" ","after":" "},{"index":12,"word":"dialog","originalText":"dialog","characterOffsetBegin":294,"characterOffsetEnd":300,"pos":"NN","before":" ","after":" "},{"index":13,"word":"box","originalText":"box","characterOffsetBegin":301,"characterOffsetEnd":304,"pos":"NN","before":" ","after":""},{"index":14,"word":".","originalText":".","characterOffsetBegin":304,"characterOffsetEnd":305,"pos":".","before":"","after":" "}]},{"index":2,"tokens":[{"index":1,"word":"The","originalText":"The","characterOffsetBegin":306,"characterOffsetEnd":309,"pos":"DT","before":" ","after":" "},{"index":2,"word":"strange","originalText":"strange","characterOffsetBegin":310,"characterOffsetEnd":317,"pos":"JJ","before":" ","after":" "},{"index":3,"word":"feature","originalText":"feature","characterOffsetBegin":318,"characterOffsetEnd":325,"pos":"NN","before":" ","after":" "},{"index":4,"word":"of","originalText":"of","characterOffsetBegin":326,"characterOffsetEnd":328,"pos":"IN","before":" ","after":""},{"index":5,"word":":","originalText":":","characterOffsetBegin":328,"characterOffsetEnd":329,"pos":":","before":"","after":" "},{"index":6,"word":">","originalText":">","characterOffsetBegin":330,"characterOffsetEnd":331,"pos":"JJR","before":" ","after":" "},{"index":7,"word":"this","originalText":"this","characterOffsetBegin":332,"characterOffsetEnd":336,"pos":"DT","before":" ","after":" "},{"index":8,"word":"program","originalText":"program","characterOffsetBegin":337,"characterOffsetEnd":344,"pos":"NN","before":" ","after":" "},{"index":9,"word":"is","originalText":"is","characterOffsetBegin":345,"characterOffsetEnd":347,"pos":"VBZ","before":" ","after":" "},{"index":10,"word":"that","originalText":"that","characterOffsetBegin":348,"characterOffsetEnd":352,"pos":"IN","before":" ","after":" "},{"index":11,"word":"it","originalText":"it","characterOffsetBegin":353,"characterOffsetEnd":355,"pos":"PRP","before":" ","after":" "},{"index":12,"word":"always","originalText":"always","characterOffsetBegin":356,"characterOffsetEnd":362,"pos":"RB","before":" ","after":" "},{"index":13,"word":"pops","originalText":"pops","characterOffsetBegin":363,"characterOffsetEnd":367,"pos":"VBZ","before":" ","after":" "},{"index":14,"word":"up","originalText":"up","characterOffsetBegin":368,"characterOffsetEnd":370,"pos":"RP","before":" ","after":" "},{"index":15,"word":"the","originalText":"the","characterOffsetBegin":371,"characterOffsetEnd":374,"pos":"DT","before":" ","after":" "},{"index":16,"word":"dialog","originalText":"dialog","characterOffsetBegin":375,"characterOffsetEnd":381,"pos":"NN","before":" ","after":" "},{"index":17,"word":"box","originalText":"box","characterOffsetBegin":382,"characterOffsetEnd":385,"pos":"NN","before":" ","after":" "},{"index":18,"word":"much","originalText":"much","characterOffsetBegin":386,"characterOffsetEnd":390,"pos":"JJ","before":" ","after":" "},{"index":19,"word":"faster","originalText":"faster","characterOffsetBegin":391,"characterOffsetEnd":397,"pos":"RBR","before":" ","after":" "},{"index":20,"word":"the","originalText":"the","characterOffsetBegin":398,"characterOffsetEnd":401,"pos":"DT","before":" ","after":""},{"index":21,"word":":","originalText":":","characterOffsetBegin":401,"characterOffsetEnd":402,"pos":":","before":"","after":" "},{"index":22,"word":">","originalText":">","characterOffsetBegin":403,"characterOffsetEnd":404,"pos":"JJR","before":" ","after":" "},{"index":23,"word":"first","originalText":"first","characterOffsetBegin":405,"characterOffsetEnd":410,"pos":"JJ","before":" ","after":" "},{"index":24,"word":"time","originalText":"time","characterOffsetBegin":411,"characterOffsetEnd":415,"pos":"NN","before":" ","after":""},{"index":25,"word":".","originalText":".","characterOffsetBegin":415,"characterOffsetEnd":416,"pos":".","before":"","after":" "}]},{"index":3,"tokens":[{"index":1,"word":"If","originalText":"If","characterOffsetBegin":417,"characterOffsetEnd":419,"pos":"IN","before":" ","after":" "},{"index":2,"word":"I","originalText":"I","characterOffsetBegin":420,"characterOffsetEnd":421,"pos":"PRP","before":" ","after":" "},{"index":3,"word":"try","originalText":"try","characterOffsetBegin":422,"characterOffsetEnd":425,"pos":"VBP","before":" ","after":" "},{"index":4,"word":"to","originalText":"to","characterOffsetBegin":426,"characterOffsetEnd":428,"pos":"TO","before":" ","after":" "},{"index":5,"word":"pop","originalText":"pop","characterOffsetBegin":429,"characterOffsetEnd":432,"pos":"VB","before":" ","after":" "},{"index":6,"word":"it","originalText":"it","characterOffsetBegin":433,"characterOffsetEnd":435,"pos":"PRP","before":" ","after":" "},{"index":7,"word":"up","originalText":"up","characterOffsetBegin":436,"characterOffsetEnd":438,"pos":"RP","before":" ","after":" "},{"index":8,"word":"a","originalText":"a","characterOffsetBegin":439,"characterOffsetEnd":440,"pos":"DT","before":" ","after":" "},{"index":9,"word":"2nd","originalText":"2nd","characterOffsetBegin":441,"characterOffsetEnd":444,"pos":"JJ","before":" ","after":" "},{"index":10,"word":"time","originalText":"time","characterOffsetBegin":445,"characterOffsetEnd":449,"pos":"NN","before":" ","after":" "},{"index":11,"word":"-LRB-","originalText":"(","characterOffsetBegin":450,"characterOffsetEnd":451,"pos":"-LRB-","before":" ","after":""},{"index":12,"word":"3rd","originalText":"3rd","characterOffsetBegin":451,"characterOffsetEnd":454,"pos":"JJ","before":"","after":""},{"index":13,"word":",","originalText":",","characterOffsetBegin":454,"characterOffsetEnd":455,"pos":",","before":"","after":" "},{"index":14,"word":"4th","originalText":"4th","characterOffsetBegin":456,"characterOffsetEnd":459,"pos":"JJ","before":" ","after":" "},{"index":15,"word":"...","originalText":"...","characterOffsetBegin":460,"characterOffsetEnd":463,"pos":":","before":" ","after":""},{"index":16,"word":".","originalText":".","characterOffsetBegin":463,"characterOffsetEnd":464,"pos":".","before":"","after":" "}]},{"index":4,"tokens":[{"index":1,"word":"time","originalText":"time","characterOffsetBegin":465,"characterOffsetEnd":469,"pos":"NN","before":" ","after":""},{"index":2,"word":"-RRB-","originalText":")","characterOffsetBegin":469,"characterOffsetEnd":470,"pos":"-RRB-","before":"","after":""},{"index":3,"word":",","originalText":",","characterOffsetBegin":470,"characterOffsetEnd":471,"pos":",","before":"","after":" "},{"index":4,"word":":","originalText":":","characterOffsetBegin":472,"characterOffsetEnd":473,"pos":":","before":" ","after":" "},{"index":5,"word":">","originalText":">","characterOffsetBegin":474,"characterOffsetEnd":475,"pos":"JJR","before":" ","after":" "},{"index":6,"word":"it","originalText":"it","characterOffsetBegin":476,"characterOffsetEnd":478,"pos":"PRP","before":" ","after":" "},{"index":7,"word":"is","originalText":"is","characterOffsetBegin":479,"characterOffsetEnd":481,"pos":"VBZ","before":" ","after":" "},{"index":8,"word":"*","originalText":"*","characterOffsetBegin":482,"characterOffsetEnd":483,"pos":"SYM","before":" ","after":""},{"index":9,"word":"much","originalText":"much","characterOffsetBegin":483,"characterOffsetEnd":487,"pos":"RB","before":"","after":""},{"index":10,"word":"*","originalText":"*","characterOffsetBegin":487,"characterOffsetEnd":488,"pos":"SYM","before":"","after":" "},{"index":11,"word":"slower.","originalText":"slower.","characterOffsetBegin":489,"characterOffsetEnd":496,"pos":"NN","before":" ","after":""},{"index":12,"word":":","originalText":":","characterOffsetBegin":496,"characterOffsetEnd":497,"pos":":","before":"","after":" "},{"index":13,"word":":","originalText":":","characterOffsetBegin":498,"characterOffsetEnd":499,"pos":":","before":" ","after":" "},{"index":14,"word":"The","originalText":"The","characterOffsetBegin":500,"characterOffsetEnd":503,"pos":"DT","before":" ","after":" "},{"index":15,"word":"shell","originalText":"shell","characterOffsetBegin":504,"characterOffsetEnd":509,"pos":"NN","before":" ","after":" "},{"index":16,"word":"is","originalText":"is","characterOffsetBegin":510,"characterOffsetEnd":512,"pos":"VBZ","before":" ","after":" "},{"index":17,"word":"waiting","originalText":"waiting","characterOffsetBegin":513,"characterOffsetEnd":520,"pos":"VBG","before":" ","after":" "},{"index":18,"word":"for","originalText":"for","characterOffsetBegin":521,"characterOffsetEnd":524,"pos":"IN","before":" ","after":" "},{"index":19,"word":"the","originalText":"the","characterOffsetBegin":525,"characterOffsetEnd":528,"pos":"DT","before":" ","after":" "},{"index":20,"word":"window-manager","originalText":"window-manager","characterOffsetBegin":529,"characterOffsetEnd":543,"pos":"NN","before":" ","after":" "},{"index":21,"word":"to","originalText":"to","characterOffsetBegin":544,"characterOffsetEnd":546,"pos":"TO","before":" ","after":" "},{"index":22,"word":"respond","originalText":"respond","characterOffsetBegin":547,"characterOffsetEnd":554,"pos":"VB","before":" ","after":" "},{"index":23,"word":"to","originalText":"to","characterOffsetBegin":555,"characterOffsetEnd":557,"pos":"TO","before":" ","after":" "},{"index":24,"word":"its","originalText":"its","characterOffsetBegin":558,"characterOffsetEnd":561,"pos":"PRP$","before":" ","after":""},{"index":25,"word":":","originalText":":","characterOffsetBegin":561,"characterOffsetEnd":562,"pos":":","before":"","after":" "},{"index":26,"word":"positioning","originalText":"positioning","characterOffsetBegin":563,"characterOffsetEnd":574,"pos":"VBG","before":" ","after":" "},{"index":27,"word":"request","originalText":"request","characterOffsetBegin":575,"characterOffsetEnd":582,"pos":"NN","before":" ","after":""},{"index":28,"word":".","originalText":".","characterOffsetBegin":582,"characterOffsetEnd":583,"pos":".","before":"","after":"  "}]},{"index":5,"tokens":[{"index":1,"word":"The","originalText":"The","characterOffsetBegin":585,"characterOffsetEnd":588,"pos":"DT","before":"  ","after":" "},{"index":2,"word":"window-manager","originalText":"window-manager","characterOffsetBegin":589,"characterOffsetEnd":603,"pos":"NN","before":" ","after":" "},{"index":3,"word":"is","originalText":"is","characterOffsetBegin":604,"characterOffsetEnd":606,"pos":"VBZ","before":" ","after":" "},{"index":4,"word":"not","originalText":"not","characterOffsetBegin":607,"characterOffsetEnd":610,"pos":"RB","before":" ","after":" "},{"index":5,"word":"responding","originalText":"responding","characterOffsetBegin":611,"characterOffsetEnd":621,"pos":"VBG","before":" ","after":" "},{"index":6,"word":"because","originalText":"because","characterOffsetBegin":622,"characterOffsetEnd":629,"pos":"IN","before":" ","after":""},{"index":7,"word":":","originalText":":","characterOffsetBegin":629,"characterOffsetEnd":630,"pos":":","before":"","after":" "},{"index":8,"word":"it","originalText":"it","characterOffsetBegin":631,"characterOffsetEnd":633,"pos":"PRP","before":" ","after":" "},{"index":9,"word":"thinks","originalText":"thinks","characterOffsetBegin":634,"characterOffsetEnd":640,"pos":"VBZ","before":" ","after":" "},{"index":10,"word":"the","originalText":"the","characterOffsetBegin":641,"characterOffsetEnd":644,"pos":"DT","before":" ","after":" "},{"index":11,"word":"window","originalText":"window","characterOffsetBegin":645,"characterOffsetEnd":651,"pos":"NN","before":" ","after":" "},{"index":12,"word":"is","originalText":"is","characterOffsetBegin":652,"characterOffsetEnd":654,"pos":"VBZ","before":" ","after":" "},{"index":13,"word":"already","originalText":"already","characterOffsetBegin":655,"characterOffsetEnd":662,"pos":"RB","before":" ","after":" "},{"index":14,"word":"in","originalText":"in","characterOffsetBegin":663,"characterOffsetEnd":665,"pos":"IN","before":" ","after":" "},{"index":15,"word":"the","originalText":"the","characterOffsetBegin":666,"characterOffsetEnd":669,"pos":"DT","before":" ","after":" "},{"index":16,"word":"right","originalText":"right","characterOffsetBegin":670,"characterOffsetEnd":675,"pos":"JJ","before":" ","after":" "},{"index":17,"word":"place.","originalText":"place.","characterOffsetBegin":676,"characterOffsetEnd":682,"pos":"NN","before":" ","after":""},{"index":18,"word":":","originalText":":","characterOffsetBegin":682,"characterOffsetEnd":683,"pos":":","before":"","after":" "},{"index":19,"word":":","originalText":":","characterOffsetBegin":684,"characterOffsetEnd":685,"pos":":","before":" ","after":" "},{"index":20,"word":"Exactly","originalText":"Exactly","characterOffsetBegin":686,"characterOffsetEnd":693,"pos":"RB","before":" ","after":" "},{"index":21,"word":"*","originalText":"*","characterOffsetBegin":694,"characterOffsetEnd":695,"pos":"SYM","before":" ","after":""},{"index":22,"word":"why","originalText":"why","characterOffsetBegin":695,"characterOffsetEnd":698,"pos":"WRB","before":"","after":""},{"index":23,"word":"*","originalText":"*","characterOffsetBegin":698,"characterOffsetEnd":699,"pos":"SYM","before":"","after":" "},{"index":24,"word":"the","originalText":"the","characterOffsetBegin":700,"characterOffsetEnd":703,"pos":"DT","before":" ","after":" "},{"index":25,"word":"two","originalText":"two","characterOffsetBegin":704,"characterOffsetEnd":707,"pos":"CD","before":" ","after":" "},{"index":26,"word":"components","originalText":"components","characterOffsetBegin":708,"characterOffsetEnd":718,"pos":"NNS","before":" ","after":" "},{"index":27,"word":"get","originalText":"get","characterOffsetBegin":719,"characterOffsetEnd":722,"pos":"VBP","before":" ","after":" "},{"index":28,"word":"into","originalText":"into","characterOffsetBegin":723,"characterOffsetEnd":727,"pos":"IN","before":" ","after":" "},{"index":29,"word":"this","originalText":"this","characterOffsetBegin":728,"characterOffsetEnd":732,"pos":"DT","before":" ","after":" "},{"index":30,"word":"sulk","originalText":"sulk","characterOffsetBegin":733,"characterOffsetEnd":737,"pos":"NN","before":" ","after":" "},{"index":31,"word":"is","originalText":"is","characterOffsetBegin":738,"characterOffsetEnd":740,"pos":"VBZ","before":" ","after":" "},{"index":32,"word":"unclear","originalText":"unclear","characterOffsetBegin":741,"characterOffsetEnd":748,"pos":"JJ","before":" ","after":" "},{"index":33,"word":"to","originalText":"to","characterOffsetBegin":749,"characterOffsetEnd":751,"pos":"TO","before":" ","after":""},{"index":34,"word":":","originalText":":","characterOffsetBegin":751,"characterOffsetEnd":752,"pos":":","before":"","after":" "},{"index":35,"word":"me","originalText":"me","characterOffsetBegin":753,"characterOffsetEnd":755,"pos":"PRP","before":" ","after":""},{"index":36,"word":";","originalText":";","characterOffsetBegin":755,"characterOffsetEnd":756,"pos":":","before":"","after":" "},{"index":37,"word":"all","originalText":"all","characterOffsetBegin":757,"characterOffsetEnd":760,"pos":"DT","before":" ","after":" "},{"index":38,"word":"information","originalText":"information","characterOffsetBegin":761,"characterOffsetEnd":772,"pos":"NN","before":" ","after":" "},{"index":39,"word":"greatly","originalText":"greatly","characterOffsetBegin":773,"characterOffsetEnd":780,"pos":"RB","before":" ","after":" "},{"index":40,"word":"received.Thanks","originalText":"received.Thanks","characterOffsetBegin":781,"characterOffsetEnd":796,"pos":"NNPS","before":" ","after":" "},{"index":41,"word":"for","originalText":"for","characterOffsetBegin":797,"characterOffsetEnd":800,"pos":"IN","before":" ","after":" "},{"index":42,"word":"this","originalText":"this","characterOffsetBegin":801,"characterOffsetEnd":805,"pos":"DT","before":" ","after":" "},{"index":43,"word":"clue","originalText":"clue","characterOffsetBegin":806,"characterOffsetEnd":810,"pos":"NN","before":" ","after":""},{"index":44,"word":",","originalText":",","characterOffsetBegin":810,"characterOffsetEnd":811,"pos":",","before":"","after":" "},{"index":45,"word":"and","originalText":"and","characterOffsetBegin":812,"characterOffsetEnd":815,"pos":"CC","before":" ","after":" "},{"index":46,"word":"thanks","originalText":"thanks","characterOffsetBegin":816,"characterOffsetEnd":822,"pos":"NNS","before":" ","after":" "},{"index":47,"word":"to","originalText":"to","characterOffsetBegin":823,"characterOffsetEnd":825,"pos":"TO","before":" ","after":" "},{"index":48,"word":"Derek","originalText":"Derek","characterOffsetBegin":826,"characterOffsetEnd":831,"pos":"NNP","before":" ","after":" "},{"index":49,"word":"Ho","originalText":"Ho","characterOffsetBegin":832,"characterOffsetEnd":834,"pos":"NNP","before":" ","after":" "},{"index":50,"word":"also","originalText":"also","characterOffsetBegin":835,"characterOffsetEnd":839,"pos":"RB","before":" ","after":" "},{"index":51,"word":"for","originalText":"for","characterOffsetBegin":840,"characterOffsetEnd":843,"pos":"IN","before":" ","after":" "},{"index":52,"word":"a","originalText":"a","characterOffsetBegin":844,"characterOffsetEnd":845,"pos":"DT","before":" ","after":" "},{"index":53,"word":"pointer","originalText":"pointer","characterOffsetBegin":846,"characterOffsetEnd":853,"pos":"NN","before":" ","after":" "},{"index":54,"word":"in","originalText":"in","characterOffsetBegin":854,"characterOffsetEnd":856,"pos":"IN","before":" ","after":" "},{"index":55,"word":"thesame","originalText":"thesame","characterOffsetBegin":857,"characterOffsetEnd":864,"pos":"JJ","before":" ","after":" "},{"index":56,"word":"direction.One","originalText":"direction.One","characterOffsetBegin":865,"characterOffsetEnd":878,"pos":"NN","before":" ","after":" "},{"index":57,"word":"solution","originalText":"solution","characterOffsetBegin":879,"characterOffsetEnd":887,"pos":"NN","before":" ","after":""},{"index":58,"word":",","originalText":",","characterOffsetBegin":887,"characterOffsetEnd":888,"pos":",","before":"","after":" "},{"index":59,"word":"due","originalText":"due","characterOffsetBegin":889,"characterOffsetEnd":892,"pos":"JJ","before":" ","after":" "},{"index":60,"word":"to","originalText":"to","characterOffsetBegin":893,"characterOffsetEnd":895,"pos":"TO","before":" ","after":" "},{"index":61,"word":"Derek","originalText":"Derek","characterOffsetBegin":896,"characterOffsetEnd":901,"pos":"NNP","before":" ","after":" "},{"index":62,"word":"Ho","originalText":"Ho","characterOffsetBegin":902,"characterOffsetEnd":904,"pos":"NNP","before":" ","after":""},{"index":63,"word":":","originalText":":","characterOffsetBegin":904,"characterOffsetEnd":905,"pos":":","before":"","after":" "},{"index":64,"word":"when","originalText":"when","characterOffsetBegin":906,"characterOffsetEnd":910,"pos":"WRB","before":" ","after":" "},{"index":65,"word":"the","originalText":"the","characterOffsetBegin":911,"characterOffsetEnd":914,"pos":"DT","before":" ","after":" "},{"index":66,"word":"popup","originalText":"popup","characterOffsetBegin":915,"characterOffsetEnd":920,"pos":"NN","before":" ","after":" "},{"index":67,"word":"is","originalText":"is","characterOffsetBegin":921,"characterOffsetEnd":923,"pos":"VBZ","before":" ","after":" "},{"index":68,"word":"popped","originalText":"popped","characterOffsetBegin":924,"characterOffsetEnd":930,"pos":"VBN","before":" ","after":" "},{"index":69,"word":"up","originalText":"up","characterOffsetBegin":931,"characterOffsetEnd":933,"pos":"RP","before":" ","after":""},{"index":70,"word":",","originalText":",","characterOffsetBegin":933,"characterOffsetEnd":934,"pos":",","before":"","after":" "},{"index":71,"word":"we","originalText":"we","characterOffsetBegin":935,"characterOffsetEnd":937,"pos":"PRP","before":" ","after":" "},{"index":72,"word":"SetValueits","originalText":"SetValueits","characterOffsetBegin":938,"characterOffsetEnd":949,"pos":"NNPS","before":" ","after":" "},{"index":73,"word":"location","originalText":"location","characterOffsetBegin":950,"characterOffsetEnd":958,"pos":"NN","before":" ","after":" "},{"index":74,"word":"--","originalText":"--","characterOffsetBegin":959,"characterOffsetEnd":961,"pos":":","before":" ","after":" "},{"index":75,"word":"which","originalText":"which","characterOffsetBegin":962,"characterOffsetEnd":967,"pos":"WDT","before":" ","after":" "},{"index":76,"word":"on","originalText":"on","characterOffsetBegin":968,"characterOffsetEnd":970,"pos":"IN","before":" ","after":" "},{"index":77,"word":"repeat","originalText":"repeat","characterOffsetBegin":971,"characterOffsetEnd":977,"pos":"NN","before":" ","after":" "},{"index":78,"word":"popups","originalText":"popups","characterOffsetBegin":978,"characterOffsetEnd":984,"pos":"NNS","before":" ","after":" "},{"index":79,"word":"will","originalText":"will","characterOffsetBegin":985,"characterOffsetEnd":989,"pos":"MD","before":" ","after":" "},{"index":80,"word":"be","originalText":"be","characterOffsetBegin":990,"characterOffsetEnd":992,"pos":"VB","before":" ","after":" "},{"index":81,"word":"unchanged","originalText":"unchanged","characterOffsetBegin":993,"characterOffsetEnd":1002,"pos":"JJ","before":" ","after":" "},{"index":82,"word":"from","originalText":"from","characterOffsetBegin":1003,"characterOffsetEnd":1007,"pos":"IN","before":" ","after":" "},{"index":83,"word":"theprevious","originalText":"theprevious","characterOffsetBegin":1008,"characterOffsetEnd":1019,"pos":"JJ","before":" ","after":" "},{"index":84,"word":"popup","originalText":"popup","characterOffsetBegin":1020,"characterOffsetEnd":1025,"pos":"NN","before":" ","after":""},{"index":85,"word":".","originalText":".","characterOffsetBegin":1025,"characterOffsetEnd":1026,"pos":".","before":"","after":" "}]},{"index":6,"tokens":[{"index":1,"word":"The","originalText":"The","characterOffsetBegin":1027,"characterOffsetEnd":1030,"pos":"DT","before":" ","after":" "},{"index":2,"word":"slow","originalText":"slow","characterOffsetBegin":1031,"characterOffsetEnd":1035,"pos":"JJ","before":" ","after":" "},{"index":3,"word":"response","originalText":"response","characterOffsetBegin":1036,"characterOffsetEnd":1044,"pos":"NN","before":" ","after":" "},{"index":4,"word":"can","originalText":"can","characterOffsetBegin":1045,"characterOffsetEnd":1048,"pos":"MD","before":" ","after":" "},{"index":5,"word":"be","originalText":"be","characterOffsetBegin":1049,"characterOffsetEnd":1051,"pos":"VB","before":" ","after":" "},{"index":6,"word":"avoided","originalText":"avoided","characterOffsetBegin":1052,"characterOffsetEnd":1059,"pos":"VBN","before":" ","after":" "},{"index":7,"word":"by","originalText":"by","characterOffsetBegin":1060,"characterOffsetEnd":1062,"pos":"IN","before":" ","after":" "},{"index":8,"word":"calling","originalText":"calling","characterOffsetBegin":1063,"characterOffsetEnd":1070,"pos":"VBG","before":" ","after":" "},{"index":9,"word":"GetValuefirst","originalText":"GetValuefirst","characterOffsetBegin":1071,"characterOffsetEnd":1084,"pos":"NNP","before":" ","after":""},{"index":10,"word":",","originalText":",","characterOffsetBegin":1084,"characterOffsetEnd":1085,"pos":",","before":"","after":" "},{"index":11,"word":"and","originalText":"and","characterOffsetBegin":1086,"characterOffsetEnd":1089,"pos":"CC","before":" ","after":" "},{"index":12,"word":"only","originalText":"only","characterOffsetBegin":1090,"characterOffsetEnd":1094,"pos":"RB","before":" ","after":" "},{"index":13,"word":"using","originalText":"using","characterOffsetBegin":1095,"characterOffsetEnd":1100,"pos":"VBG","before":" ","after":" "},{"index":14,"word":"SetValue","originalText":"SetValue","characterOffsetBegin":1101,"characterOffsetEnd":1109,"pos":"NNP","before":" ","after":" "},{"index":15,"word":"if","originalText":"if","characterOffsetBegin":1110,"characterOffsetEnd":1112,"pos":"IN","before":" ","after":" "},{"index":16,"word":"the","originalText":"the","characterOffsetBegin":1113,"characterOffsetEnd":1116,"pos":"DT","before":" ","after":" "},{"index":17,"word":"required","originalText":"required","characterOffsetBegin":1117,"characterOffsetEnd":1125,"pos":"VBN","before":" ","after":" "},{"index":18,"word":"location","originalText":"location","characterOffsetBegin":1126,"characterOffsetEnd":1134,"pos":"NN","before":" ","after":" "},{"index":19,"word":"is","originalText":"is","characterOffsetBegin":1135,"characterOffsetEnd":1137,"pos":"VBZ","before":" ","after":" "},{"index":20,"word":"different.The","originalText":"different.The","characterOffsetBegin":1138,"characterOffsetEnd":1151,"pos":"JJ","before":" ","after":" "},{"index":21,"word":"problem","originalText":"problem","characterOffsetBegin":1152,"characterOffsetEnd":1159,"pos":"NN","before":" ","after":" "},{"index":22,"word":"can","originalText":"can","characterOffsetBegin":1160,"characterOffsetEnd":1163,"pos":"MD","before":" ","after":" "},{"index":23,"word":"also","originalText":"also","characterOffsetBegin":1164,"characterOffsetEnd":1168,"pos":"RB","before":" ","after":" "},{"index":24,"word":"be","originalText":"be","characterOffsetBegin":1169,"characterOffsetEnd":1171,"pos":"VB","before":" ","after":" "},{"index":25,"word":"avoided","originalText":"avoided","characterOffsetBegin":1172,"characterOffsetEnd":1179,"pos":"VBN","before":" ","after":" "},{"index":26,"word":"by","originalText":"by","characterOffsetBegin":1180,"characterOffsetEnd":1182,"pos":"IN","before":" ","after":" "},{"index":27,"word":"making","originalText":"making","characterOffsetBegin":1183,"characterOffsetEnd":1189,"pos":"VBG","before":" ","after":" "},{"index":28,"word":"a","originalText":"a","characterOffsetBegin":1190,"characterOffsetEnd":1191,"pos":"DT","before":" ","after":" "},{"index":29,"word":"tiny","originalText":"tiny","characterOffsetBegin":1192,"characterOffsetEnd":1196,"pos":"JJ","before":" ","after":" "},{"index":30,"word":"alteration","originalText":"alteration","characterOffsetBegin":1197,"characterOffsetEnd":1207,"pos":"NN","before":" ","after":" "},{"index":31,"word":"in","originalText":"in","characterOffsetBegin":1208,"characterOffsetEnd":1210,"pos":"IN","before":" ","after":" "},{"index":32,"word":"thelocation","originalText":"thelocation","characterOffsetBegin":1211,"characterOffsetEnd":1222,"pos":"NN","before":" ","after":" "},{"index":33,"word":"of","originalText":"of","characterOffsetBegin":1223,"characterOffsetEnd":1225,"pos":"IN","before":" ","after":" "},{"index":34,"word":"the","originalText":"the","characterOffsetBegin":1226,"characterOffsetEnd":1229,"pos":"DT","before":" ","after":" "},{"index":35,"word":"popup","originalText":"popup","characterOffsetBegin":1230,"characterOffsetEnd":1235,"pos":"NN","before":" ","after":""},{"index":36,"word":",","originalText":",","characterOffsetBegin":1235,"characterOffsetEnd":1236,"pos":",","before":"","after":" "},{"index":37,"word":"so","originalText":"so","characterOffsetBegin":1237,"characterOffsetEnd":1239,"pos":"RB","before":" ","after":" "},{"index":38,"word":"that","originalText":"that","characterOffsetBegin":1240,"characterOffsetEnd":1244,"pos":"IN","before":" ","after":" "},{"index":39,"word":"the","originalText":"the","characterOffsetBegin":1245,"characterOffsetEnd":1248,"pos":"DT","before":" ","after":" "},{"index":40,"word":"SetValue","originalText":"SetValue","characterOffsetBegin":1249,"characterOffsetEnd":1257,"pos":"NNP","before":" ","after":" "},{"index":41,"word":"really","originalText":"really","characterOffsetBegin":1258,"characterOffsetEnd":1264,"pos":"RB","before":" ","after":" "},{"index":42,"word":"does","originalText":"does","characterOffsetBegin":1265,"characterOffsetEnd":1269,"pos":"VBZ","before":" ","after":" "},{"index":43,"word":"change","originalText":"change","characterOffsetBegin":1270,"characterOffsetEnd":1276,"pos":"VB","before":" ","after":" "},{"index":44,"word":"thelocation","originalText":"thelocation","characterOffsetBegin":1277,"characterOffsetEnd":1288,"pos":"NN","before":" ","after":" "},{"index":45,"word":"of","originalText":"of","characterOffsetBegin":1289,"characterOffsetEnd":1291,"pos":"IN","before":" ","after":" "},{"index":46,"word":"the","originalText":"the","characterOffsetBegin":1292,"characterOffsetEnd":1295,"pos":"DT","before":" ","after":" "},{"index":47,"word":"popup","originalText":"popup","characterOffsetBegin":1296,"characterOffsetEnd":1301,"pos":"NN","before":" ","after":""},{"index":48,"word":".","originalText":".","characterOffsetBegin":1301,"characterOffsetEnd":1302,"pos":".","before":"","after":" "}]},{"index":7,"tokens":[{"index":1,"word":"-LRB-","originalText":"(","characterOffsetBegin":1303,"characterOffsetEnd":1304,"pos":"-LRB-","before":" ","after":""},{"index":2,"word":"We","originalText":"We","characterOffsetBegin":1304,"characterOffsetEnd":1306,"pos":"PRP","before":"","after":" "},{"index":3,"word":"tried","originalText":"tried","characterOffsetBegin":1307,"characterOffsetEnd":1312,"pos":"VBD","before":" ","after":" "},{"index":4,"word":"this","originalText":"this","characterOffsetBegin":1313,"characterOffsetEnd":1317,"pos":"DT","before":" ","after":" "},{"index":5,"word":"just","originalText":"just","characterOffsetBegin":1318,"characterOffsetEnd":1322,"pos":"RB","before":" ","after":" "},{"index":6,"word":"for","originalText":"for","characterOffsetBegin":1323,"characterOffsetEnd":1326,"pos":"IN","before":" ","after":" "},{"index":7,"word":"a","originalText":"a","characterOffsetBegin":1327,"characterOffsetEnd":1328,"pos":"DT","before":" ","after":" "},{"index":8,"word":"double","originalText":"double","characterOffsetBegin":1329,"characterOffsetEnd":1335,"pos":"JJ","before":" ","after":" "},{"index":9,"word":"check","originalText":"check","characterOffsetBegin":1336,"characterOffsetEnd":1341,"pos":"NN","before":" ","after":" "},{"index":10,"word":"on","originalText":"on","characterOffsetBegin":1342,"characterOffsetEnd":1344,"pos":"IN","before":" ","after":" "},{"index":11,"word":"thesource","originalText":"thesource","characterOffsetBegin":1345,"characterOffsetEnd":1354,"pos":"NN","before":" ","after":" "},{"index":12,"word":"of","originalText":"of","characterOffsetBegin":1355,"characterOffsetEnd":1357,"pos":"IN","before":" ","after":" "},{"index":13,"word":"the","originalText":"the","characterOffsetBegin":1358,"characterOffsetEnd":1361,"pos":"DT","before":" ","after":" "},{"index":14,"word":"problem","originalText":"problem","characterOffsetBegin":1362,"characterOffsetEnd":1369,"pos":"NN","before":" ","after":""},{"index":15,"word":".","originalText":".","characterOffsetBegin":1369,"characterOffsetEnd":1370,"pos":".","before":"","after":""},{"index":16,"word":"-RRB-","originalText":")","characterOffsetBegin":1370,"characterOffsetEnd":1371,"pos":"-RRB-","before":"","after":""}]},{"index":8,"tokens":[{"index":1,"word":"The","originalText":"The","characterOffsetBegin":1371,"characterOffsetEnd":1374,"pos":"DT","before":"","after":" "},{"index":2,"word":"solutions","originalText":"solutions","characterOffsetBegin":1375,"characterOffsetEnd":1384,"pos":"NNS","before":" ","after":" "},{"index":3,"word":"we","originalText":"we","characterOffsetBegin":1385,"characterOffsetEnd":1387,"pos":"PRP","before":" ","after":" "},{"index":4,"word":"have","originalText":"have","characterOffsetBegin":1388,"characterOffsetEnd":1392,"pos":"VBP","before":" ","after":" "},{"index":5,"word":"tried","originalText":"tried","characterOffsetBegin":1393,"characterOffsetEnd":1398,"pos":"VBN","before":" ","after":" "},{"index":6,"word":"successfully","originalText":"successfully","characterOffsetBegin":1399,"characterOffsetEnd":1411,"pos":"RB","before":" ","after":" "},{"index":7,"word":"are","originalText":"are","characterOffsetBegin":1412,"characterOffsetEnd":1415,"pos":"VBP","before":" ","after":" "},{"index":8,"word":"now","originalText":"now","characterOffsetBegin":1416,"characterOffsetEnd":1419,"pos":"RB","before":" ","after":" "},{"index":9,"word":"as","originalText":"as","characterOffsetBegin":1420,"characterOffsetEnd":1422,"pos":"IN","before":" ","after":" "},{"index":10,"word":"follows","originalText":"follows","characterOffsetBegin":1423,"characterOffsetEnd":1430,"pos":"VBZ","before":" ","after":""},{"index":11,"word":":1","originalText":":1","characterOffsetBegin":1430,"characterOffsetEnd":1432,"pos":"NN","before":"","after":""},{"index":12,"word":"-RRB-","originalText":")","characterOffsetBegin":1432,"characterOffsetEnd":1433,"pos":"-RRB-","before":"","after":" "},{"index":13,"word":"Use","originalText":"Use","characterOffsetBegin":1434,"characterOffsetEnd":1437,"pos":"NN","before":" ","after":" "},{"index":14,"word":"``","originalText":"\"","characterOffsetBegin":1438,"characterOffsetEnd":1439,"pos":"``","before":" ","after":""},{"index":15,"word":"twm","originalText":"twm","characterOffsetBegin":1439,"characterOffsetEnd":1442,"pos":"NN","before":"","after":""},{"index":16,"word":"''","originalText":"\"","characterOffsetBegin":1442,"characterOffsetEnd":1443,"pos":"''","before":"","after":" "},{"index":17,"word":"or","originalText":"or","characterOffsetBegin":1444,"characterOffsetEnd":1446,"pos":"CC","before":" ","after":" "},{"index":18,"word":"``","originalText":"\"","characterOffsetBegin":1447,"characterOffsetEnd":1448,"pos":"``","before":" ","after":""},{"index":19,"word":"mwm","originalText":"mwm","characterOffsetBegin":1448,"characterOffsetEnd":1451,"pos":"FW","before":"","after":""},{"index":20,"word":"''","originalText":"\"","characterOffsetBegin":1451,"characterOffsetEnd":1452,"pos":"''","before":"","after":" "},{"index":21,"word":"rather","originalText":"rather","characterOffsetBegin":1453,"characterOffsetEnd":1459,"pos":"RB","before":" ","after":" "},{"index":22,"word":"than","originalText":"than","characterOffsetBegin":1460,"characterOffsetEnd":1464,"pos":"IN","before":" ","after":" "},{"index":23,"word":"``","originalText":"\"","characterOffsetBegin":1465,"characterOffsetEnd":1466,"pos":"``","before":" ","after":""},{"index":24,"word":"olwm","originalText":"olwm","characterOffsetBegin":1466,"characterOffsetEnd":1470,"pos":"FW","before":"","after":""},{"index":25,"word":"``","originalText":"\"","characterOffsetBegin":1470,"characterOffsetEnd":1471,"pos":"``","before":"","after":""},{"index":26,"word":"2","originalText":"2","characterOffsetBegin":1471,"characterOffsetEnd":1472,"pos":"LS","before":"","after":""},{"index":27,"word":"-RRB-","originalText":")","characterOffsetBegin":1472,"characterOffsetEnd":1473,"pos":"-RRB-","before":"","after":" "},{"index":28,"word":"Use","originalText":"Use","characterOffsetBegin":1474,"characterOffsetEnd":1477,"pos":"VB","before":" ","after":" "},{"index":29,"word":"``","originalText":"\"","characterOffsetBegin":1478,"characterOffsetEnd":1479,"pos":"``","before":" ","after":""},{"index":30,"word":"olwm","originalText":"olwm","characterOffsetBegin":1479,"characterOffsetEnd":1483,"pos":"FW","before":"","after":""},{"index":31,"word":"''","originalText":"\"","characterOffsetBegin":1483,"characterOffsetEnd":1484,"pos":"''","before":"","after":""},{"index":32,"word":",","originalText":",","characterOffsetBegin":1484,"characterOffsetEnd":1485,"pos":",","before":"","after":" "},{"index":33,"word":"with","originalText":"with","characterOffsetBegin":1486,"characterOffsetEnd":1490,"pos":"IN","before":" ","after":" "},{"index":34,"word":"resource","originalText":"resource","characterOffsetBegin":1491,"characterOffsetEnd":1499,"pos":"NN","before":" ","after":" "},{"index":35,"word":"''","originalText":"\"","characterOffsetBegin":1500,"characterOffsetEnd":1501,"pos":"''","before":" ","after":""},{"index":36,"word":"*","originalText":"*","characterOffsetBegin":1501,"characterOffsetEnd":1502,"pos":"SYM","before":"","after":""},{"index":37,"word":"wmTimeout","originalText":"wmTimeout","characterOffsetBegin":1502,"characterOffsetEnd":1511,"pos":"NN","before":"","after":""},{"index":38,"word":":","originalText":":","characterOffsetBegin":1511,"characterOffsetEnd":1512,"pos":":","before":"","after":" "},{"index":39,"word":"10","originalText":"10","characterOffsetBegin":1513,"characterOffsetEnd":1515,"pos":"CD","before":" ","after":""},{"index":40,"word":"``","originalText":"\"","characterOffsetBegin":1515,"characterOffsetEnd":1516,"pos":"``","before":"","after":""},{"index":41,"word":"3","originalText":"3","characterOffsetBegin":1516,"characterOffsetEnd":1517,"pos":"LS","before":"","after":""},{"index":42,"word":"-RRB-","originalText":")","characterOffsetBegin":1517,"characterOffsetEnd":1518,"pos":"-RRB-","before":"","after":" "},{"index":43,"word":"Only","originalText":"Only","characterOffsetBegin":1519,"characterOffsetEnd":1523,"pos":"RB","before":" ","after":" "},{"index":44,"word":"reset","originalText":"reset","characterOffsetBegin":1524,"characterOffsetEnd":1529,"pos":"VB","before":" ","after":" "},{"index":45,"word":"the","originalText":"the","characterOffsetBegin":1530,"characterOffsetEnd":1533,"pos":"DT","before":" ","after":" "},{"index":46,"word":"location","originalText":"location","characterOffsetBegin":1534,"characterOffsetEnd":1542,"pos":"NN","before":" ","after":" "},{"index":47,"word":"of","originalText":"of","characterOffsetBegin":1543,"characterOffsetEnd":1545,"pos":"IN","before":" ","after":" "},{"index":48,"word":"the","originalText":"the","characterOffsetBegin":1546,"characterOffsetEnd":1549,"pos":"DT","before":" ","after":" "},{"index":49,"word":"popup","originalText":"popup","characterOffsetBegin":1550,"characterOffsetEnd":1555,"pos":"NN","before":" ","after":" "},{"index":50,"word":"window","originalText":"window","characterOffsetBegin":1556,"characterOffsetEnd":1562,"pos":"NN","before":" ","after":" "},{"index":51,"word":"if","originalText":"if","characterOffsetBegin":1563,"characterOffsetEnd":1565,"pos":"IN","before":" ","after":" "},{"index":52,"word":"it","originalText":"it","characterOffsetBegin":1566,"characterOffsetEnd":1568,"pos":"PRP","before":" ","after":" "},{"index":53,"word":"is","originalText":"is","characterOffsetBegin":1569,"characterOffsetEnd":1571,"pos":"VBZ","before":" ","after":" "},{"index":54,"word":"truely","originalText":"truely","characterOffsetBegin":1572,"characterOffsetEnd":1578,"pos":"RB","before":" ","after":" "},{"index":55,"word":"changed.This","originalText":"changed.This","characterOffsetBegin":1579,"characterOffsetEnd":1591,"pos":"NNP","before":" ","after":" "},{"index":56,"word":"is","originalText":"is","characterOffsetBegin":1592,"characterOffsetEnd":1594,"pos":"VBZ","before":" ","after":" "},{"index":57,"word":"obviously","originalText":"obviously","characterOffsetBegin":1595,"characterOffsetEnd":1604,"pos":"RB","before":" ","after":" "},{"index":58,"word":"working","originalText":"working","characterOffsetBegin":1605,"characterOffsetEnd":1612,"pos":"VBG","before":" ","after":" "},{"index":59,"word":"around","originalText":"around","characterOffsetBegin":1613,"characterOffsetEnd":1619,"pos":"IN","before":" ","after":" "},{"index":60,"word":"some","originalText":"some","characterOffsetBegin":1620,"characterOffsetEnd":1624,"pos":"DT","before":" ","after":" "},{"index":61,"word":"bug","originalText":"bug","characterOffsetBegin":1625,"characterOffsetEnd":1628,"pos":"NN","before":" ","after":" "},{"index":62,"word":"somewhere.Thanks","originalText":"somewhere.Thanks","characterOffsetBegin":1629,"characterOffsetEnd":1645,"pos":"NNS","before":" ","after":" "},{"index":63,"word":"--","originalText":"--","characterOffsetBegin":1646,"characterOffsetEnd":1648,"pos":":","before":" ","after":" "},{"index":64,"word":"Chris","originalText":"Chris","characterOffsetBegin":1649,"characterOffsetEnd":1654,"pos":"NNP","before":" ","after":" "},{"index":65,"word":"Ho-Stuart","originalText":"Ho-Stuart","characterOffsetBegin":1655,"characterOffsetEnd":1664,"pos":"NNP","before":" ","after":""}]}]}