{"sentences":[{"index":0,"tokens":[{"index":1,"word":"From","originalText":"From","characterOffsetBegin":0,"characterOffsetEnd":4,"pos":"IN","before":"","after":""},{"index":2,"word":":","originalText":":","characterOffsetBegin":4,"characterOffsetEnd":5,"pos":":","before":"","after":" "},{"index":3,"word":"rao@cse.uta.edu","originalText":"rao@cse.uta.edu","characterOffsetBegin":6,"characterOffsetEnd":21,"pos":"NN","before":" ","after":" "},{"index":4,"word":"-LRB-","originalText":"(","characterOffsetBegin":22,"characterOffsetEnd":23,"pos":"-LRB-","before":" ","after":""},{"index":5,"word":"Rao","originalText":"Rao","characterOffsetBegin":23,"characterOffsetEnd":26,"pos":"NNP","before":"","after":" "},{"index":6,"word":"Venkatesh","originalText":"Venkatesh","characterOffsetBegin":27,"characterOffsetEnd":36,"pos":"NNP","before":" ","after":" "},{"index":7,"word":"Simha","originalText":"Simha","characterOffsetBegin":37,"characterOffsetEnd":42,"pos":"NNP","before":" ","after":""},{"index":8,"word":"-RRB-","originalText":")","characterOffsetBegin":42,"characterOffsetEnd":43,"pos":"-RRB-","before":"","after":""},{"index":9,"word":"Subject","originalText":"Subject","characterOffsetBegin":43,"characterOffsetEnd":50,"pos":"NNP","before":"","after":""},{"index":10,"word":":","originalText":":","characterOffsetBegin":50,"characterOffsetEnd":51,"pos":":","before":"","after":" "},{"index":11,"word":"xrn","originalText":"xrn","characterOffsetBegin":52,"characterOffsetEnd":55,"pos":"NN","before":" ","after":" "},{"index":12,"word":",","originalText":",","characterOffsetBegin":56,"characterOffsetEnd":57,"pos":",","before":" ","after":" "},{"index":13,"word":"xarchie","originalText":"xarchie","characterOffsetBegin":58,"characterOffsetEnd":65,"pos":"NN","before":" ","after":" "},{"index":14,"word":"for","originalText":"for","characterOffsetBegin":66,"characterOffsetEnd":69,"pos":"IN","before":" ","after":" "},{"index":15,"word":"HP","originalText":"HP","characterOffsetBegin":70,"characterOffsetEnd":72,"pos":"NNP","before":" ","after":""},{"index":16,"word":"'s","originalText":"'s","characterOffsetBegin":72,"characterOffsetEnd":74,"pos":"POS","before":"","after":"\t"},{"index":17,"word":"Hi","originalText":"Hi","characterOffsetBegin":75,"characterOffsetEnd":77,"pos":"NNP","before":"\t","after":""},{"index":18,"word":",","originalText":",","characterOffsetBegin":77,"characterOffsetEnd":78,"pos":",","before":"","after":"\t"},{"index":19,"word":"I","originalText":"I","characterOffsetBegin":79,"characterOffsetEnd":80,"pos":"PRP","before":"\t","after":" "},{"index":20,"word":"need","originalText":"need","characterOffsetBegin":81,"characterOffsetEnd":85,"pos":"VBP","before":" ","after":" "},{"index":21,"word":"xrn","originalText":"xrn","characterOffsetBegin":86,"characterOffsetEnd":89,"pos":"NN","before":" ","after":" "},{"index":22,"word":"and","originalText":"and","characterOffsetBegin":90,"characterOffsetEnd":93,"pos":"CC","before":" ","after":" "},{"index":23,"word":"xarchie","originalText":"xarchie","characterOffsetBegin":94,"characterOffsetEnd":101,"pos":"NN","before":" ","after":" "},{"index":24,"word":"for","originalText":"for","characterOffsetBegin":102,"characterOffsetEnd":105,"pos":"IN","before":" ","after":" "},{"index":25,"word":"the","originalText":"the","characterOffsetBegin":106,"characterOffsetEnd":109,"pos":"DT","before":" ","after":" "},{"index":26,"word":"HP","originalText":"HP","characterOffsetBegin":110,"characterOffsetEnd":112,"pos":"NNP","before":" ","after":""},{"index":27,"word":"'s","originalText":"'s","characterOffsetBegin":112,"characterOffsetEnd":114,"pos":"POS","before":"","after":" "},{"index":28,"word":"-LRB-","originalText":"(","characterOffsetBegin":115,"characterOffsetEnd":116,"pos":"-LRB-","before":" ","after":""},{"index":29,"word":"9000/730","originalText":"9000/730","characterOffsetBegin":116,"characterOffsetEnd":124,"pos":"CD","before":"","after":""},{"index":30,"word":",","originalText":",","characterOffsetBegin":124,"characterOffsetEnd":125,"pos":",","before":"","after":" "},{"index":31,"word":"version","originalText":"version","characterOffsetBegin":126,"characterOffsetEnd":133,"pos":"NN","before":" ","after":" "},{"index":32,"word":"8","originalText":"8","characterOffsetBegin":134,"characterOffsetEnd":135,"pos":"CD","before":" ","after":" "},{"index":33,"word":"OS","originalText":"OS","characterOffsetBegin":136,"characterOffsetEnd":138,"pos":"NN","before":" ","after":""},{"index":34,"word":"-RRB-","originalText":")","characterOffsetBegin":138,"characterOffsetEnd":139,"pos":"-RRB-","before":"","after":""},{"index":35,"word":",","originalText":",","characterOffsetBegin":139,"characterOffsetEnd":140,"pos":",","before":"","after":" "},{"index":36,"word":"either","originalText":"either","characterOffsetBegin":141,"characterOffsetEnd":147,"pos":"CC","before":" ","after":" "},{"index":37,"word":"inthe","originalText":"inthe","characterOffsetBegin":148,"characterOffsetEnd":153,"pos":"NN","before":" ","after":" "},{"index":38,"word":"source","originalText":"source","characterOffsetBegin":154,"characterOffsetEnd":160,"pos":"NN","before":" ","after":" "},{"index":39,"word":"form","originalText":"form","characterOffsetBegin":161,"characterOffsetEnd":165,"pos":"NN","before":" ","after":" "},{"index":40,"word":"or","originalText":"or","characterOffsetBegin":166,"characterOffsetEnd":168,"pos":"CC","before":" ","after":""},{"index":41,"word":",","originalText":",","characterOffsetBegin":168,"characterOffsetEnd":169,"pos":",","before":"","after":" "},{"index":42,"word":"-LRB-","originalText":"(","characterOffsetBegin":170,"characterOffsetEnd":171,"pos":"-LRB-","before":" ","after":""},{"index":43,"word":"preferably","originalText":"preferably","characterOffsetBegin":171,"characterOffsetEnd":181,"pos":"RB","before":"","after":""},{"index":44,"word":"-RRB-","originalText":")","characterOffsetBegin":181,"characterOffsetEnd":182,"pos":"-RRB-","before":"","after":" "},{"index":45,"word":"in","originalText":"in","characterOffsetBegin":183,"characterOffsetEnd":185,"pos":"IN","before":" ","after":" "},{"index":46,"word":"executable","originalText":"executable","characterOffsetBegin":186,"characterOffsetEnd":196,"pos":"JJ","before":" ","after":" "},{"index":47,"word":"form","originalText":"form","characterOffsetBegin":197,"characterOffsetEnd":201,"pos":"NN","before":" ","after":""},{"index":48,"word":".","originalText":".","characterOffsetBegin":201,"characterOffsetEnd":202,"pos":".","before":"","after":" "}]},{"index":1,"tokens":[{"index":1,"word":"Please","originalText":"Please","characterOffsetBegin":203,"characterOffsetEnd":209,"pos":"VB","before":" ","after":" "},{"index":2,"word":"suggestwhere","originalText":"suggestwhere","characterOffsetBegin":210,"characterOffsetEnd":222,"pos":"NN","before":" ","after":" "},{"index":3,"word":"I","originalText":"I","characterOffsetBegin":223,"characterOffsetEnd":224,"pos":"PRP","before":" ","after":" "},{"index":4,"word":"can","originalText":"can","characterOffsetBegin":225,"characterOffsetEnd":228,"pos":"MD","before":" ","after":" "},{"index":5,"word":"find","originalText":"find","characterOffsetBegin":229,"characterOffsetEnd":233,"pos":"VB","before":" ","after":" "},{"index":6,"word":"this","originalText":"this","characterOffsetBegin":234,"characterOffsetEnd":238,"pos":"DT","before":" ","after":""},{"index":7,"word":",","originalText":",","characterOffsetBegin":238,"characterOffsetEnd":239,"pos":",","before":"","after":" \t"},{"index":8,"word":"Send","originalText":"Send","characterOffsetBegin":241,"characterOffsetEnd":245,"pos":"VB","before":" \t","after":" "},{"index":9,"word":"e-mail","originalText":"e-mail","characterOffsetBegin":246,"characterOffsetEnd":252,"pos":"NN","before":" ","after":" "},{"index":10,"word":"to","originalText":"to","characterOffsetBegin":253,"characterOffsetEnd":255,"pos":"TO","before":" ","after":""},{"index":11,"word":":","originalText":":","characterOffsetBegin":255,"characterOffsetEnd":256,"pos":":","before":"","after":" "},{"index":12,"word":"rao@cse.uta.eduThanks","originalText":"rao@cse.uta.eduThanks","characterOffsetBegin":257,"characterOffsetEnd":278,"pos":"NNS","before":" ","after":" "},{"index":13,"word":"in","originalText":"in","characterOffsetBegin":279,"characterOffsetEnd":281,"pos":"IN","before":" ","after":" "},{"index":14,"word":"advance","originalText":"advance","characterOffsetBegin":282,"characterOffsetEnd":289,"pos":"NN","before":" ","after":""},{"index":15,"word":",","originalText":",","characterOffsetBegin":289,"characterOffsetEnd":290,"pos":",","before":"","after":""},{"index":16,"word":"Rao","originalText":"Rao","characterOffsetBegin":290,"characterOffsetEnd":293,"pos":"NNP","before":"","after":""},{"index":17,"word":".","originalText":".","characterOffsetBegin":293,"characterOffsetEnd":294,"pos":".","before":"","after":""}]},{"index":2,"tokens":[{"index":1,"word":"--","originalText":"--","characterOffsetBegin":294,"characterOffsetEnd":296,"pos":":","before":"","after":" "},{"index":2,"word":"SSC","originalText":"SSC","characterOffsetBegin":297,"characterOffsetEnd":300,"pos":"NN","before":" ","after":""}]}]}