{"sentences":[{"index":0,"tokens":[{"index":1,"word":"From","originalText":"From","characterOffsetBegin":0,"characterOffsetEnd":4,"pos":"IN","before":"","after":""},{"index":2,"word":":","originalText":":","characterOffsetBegin":4,"characterOffsetEnd":5,"pos":":","before":"","after":" "},{"index":3,"word":"dbrooks@osf.org","originalText":"dbrooks@osf.org","characterOffsetBegin":6,"characterOffsetEnd":21,"pos":"NN","before":" ","after":" "},{"index":4,"word":"-LRB-","originalText":"(","characterOffsetBegin":22,"characterOffsetEnd":23,"pos":"-LRB-","before":" ","after":""},{"index":5,"word":"David","originalText":"David","characterOffsetBegin":23,"characterOffsetEnd":28,"pos":"NNP","before":"","after":" "},{"index":6,"word":"Brooks","originalText":"Brooks","characterOffsetBegin":29,"characterOffsetEnd":35,"pos":"NNP","before":" ","after":""},{"index":7,"word":"-RRB-","originalText":")","characterOffsetBegin":35,"characterOffsetEnd":36,"pos":"-RRB-","before":"","after":""},{"index":8,"word":"Subject","originalText":"Subject","characterOffsetBegin":36,"characterOffsetEnd":43,"pos":"NNP","before":"","after":""},{"index":9,"word":":","originalText":":","characterOffsetBegin":43,"characterOffsetEnd":44,"pos":":","before":"","after":" "},{"index":10,"word":"Re","originalText":"Re","characterOffsetBegin":45,"characterOffsetEnd":47,"pos":"NNP","before":" ","after":""},{"index":11,"word":":","originalText":":","characterOffsetBegin":47,"characterOffsetEnd":48,"pos":":","before":"","after":" "},{"index":12,"word":"Q","originalText":"Q","characterOffsetBegin":49,"characterOffsetEnd":50,"pos":"NNP","before":" ","after":""},{"index":13,"word":":","originalText":":","characterOffsetBegin":50,"characterOffsetEnd":51,"pos":":","before":"","after":" "},{"index":14,"word":"Colormaps","originalText":"Colormaps","characterOffsetBegin":52,"characterOffsetEnd":61,"pos":"NNS","before":" ","after":" "},{"index":15,"word":"with","originalText":"with","characterOffsetBegin":62,"characterOffsetEnd":66,"pos":"IN","before":" ","after":" "},{"index":16,"word":"dialog","originalText":"dialog","characterOffsetBegin":67,"characterOffsetEnd":73,"pos":"NN","before":" ","after":" "},{"index":17,"word":"shellsdyoung@media.mit.edu","originalText":"shellsdyoung@media.mit.edu","characterOffsetBegin":74,"characterOffsetEnd":100,"pos":"NN","before":" ","after":" "},{"index":18,"word":"-LRB-","originalText":"(","characterOffsetBegin":101,"characterOffsetEnd":102,"pos":"-LRB-","before":" ","after":""},{"index":19,"word":"David","originalText":"David","characterOffsetBegin":102,"characterOffsetEnd":107,"pos":"NNP","before":"","after":" "},{"index":20,"word":"Young","originalText":"Young","characterOffsetBegin":108,"characterOffsetEnd":113,"pos":"NNP","before":" ","after":""},{"index":21,"word":"-RRB-","originalText":")","characterOffsetBegin":113,"characterOffsetEnd":114,"pos":"-RRB-","before":"","after":" "},{"index":22,"word":"writes","originalText":"writes","characterOffsetBegin":115,"characterOffsetEnd":121,"pos":"VBZ","before":" ","after":""},{"index":23,"word":":|","originalText":":|","characterOffsetBegin":121,"characterOffsetEnd":123,"pos":"CD","before":"","after":" "},{"index":24,"word":"|","originalText":"|","characterOffsetBegin":124,"characterOffsetEnd":125,"pos":"CD","before":" ","after":" "},{"index":25,"word":"I","originalText":"I","characterOffsetBegin":126,"characterOffsetEnd":127,"pos":"PRP","before":" ","after":" "},{"index":26,"word":"have","originalText":"have","characterOffsetBegin":128,"characterOffsetEnd":132,"pos":"VBP","before":" ","after":" "},{"index":27,"word":"an","originalText":"an","characterOffsetBegin":133,"characterOffsetEnd":135,"pos":"DT","before":" ","after":" "},{"index":28,"word":"applicationShell","originalText":"applicationShell","characterOffsetBegin":136,"characterOffsetEnd":152,"pos":"NN","before":" ","after":" "},{"index":29,"word":"which","originalText":"which","characterOffsetBegin":153,"characterOffsetEnd":158,"pos":"WDT","before":" ","after":" "},{"index":30,"word":"uses","originalText":"uses","characterOffsetBegin":159,"characterOffsetEnd":163,"pos":"VBZ","before":" ","after":" "},{"index":31,"word":"a","originalText":"a","characterOffsetBegin":164,"characterOffsetEnd":165,"pos":"DT","before":" ","after":" "},{"index":32,"word":"colormap","originalText":"colormap","characterOffsetBegin":166,"characterOffsetEnd":174,"pos":"NN","before":" ","after":" "},{"index":33,"word":"created","originalText":"created","characterOffsetBegin":175,"characterOffsetEnd":182,"pos":"VBN","before":" ","after":" "},{"index":34,"word":"with","originalText":"with","characterOffsetBegin":183,"characterOffsetEnd":187,"pos":"IN","before":" ","after":""},{"index":35,"word":"|","originalText":"|","characterOffsetBegin":187,"characterOffsetEnd":188,"pos":"CD","before":"","after":" "},{"index":36,"word":"XCreateColormap","originalText":"XCreateColormap","characterOffsetBegin":189,"characterOffsetEnd":204,"pos":"NN","before":" ","after":""},{"index":37,"word":"-LRB-","originalText":"(","characterOffsetBegin":204,"characterOffsetEnd":205,"pos":"-LRB-","before":"","after":""},{"index":38,"word":"-RRB-","originalText":")","characterOffsetBegin":205,"characterOffsetEnd":206,"pos":"-RRB-","before":"","after":" "},{"index":39,"word":"and","originalText":"and","characterOffsetBegin":207,"characterOffsetEnd":210,"pos":"CC","before":" ","after":" "},{"index":40,"word":"uses","originalText":"uses","characterOffsetBegin":211,"characterOffsetEnd":215,"pos":"VBZ","before":" ","after":" "},{"index":41,"word":"all","originalText":"all","characterOffsetBegin":216,"characterOffsetEnd":219,"pos":"DT","before":" ","after":" "},{"index":42,"word":"of","originalText":"of","characterOffsetBegin":220,"characterOffsetEnd":222,"pos":"IN","before":" ","after":" "},{"index":43,"word":"the","originalText":"the","characterOffsetBegin":223,"characterOffsetEnd":226,"pos":"DT","before":" ","after":" "},{"index":44,"word":"colors","originalText":"colors","characterOffsetBegin":227,"characterOffsetEnd":233,"pos":"NNS","before":" ","after":" "},{"index":45,"word":"available","originalText":"available","characterOffsetBegin":234,"characterOffsetEnd":243,"pos":"JJ","before":" ","after":" "},{"index":46,"word":"for","originalText":"for","characterOffsetBegin":244,"characterOffsetEnd":247,"pos":"IN","before":" ","after":" "},{"index":47,"word":"my","originalText":"my","characterOffsetBegin":248,"characterOffsetEnd":250,"pos":"PRP$","before":" ","after":" "},{"index":48,"word":"8-bit","originalText":"8-bit","characterOffsetBegin":251,"characterOffsetEnd":256,"pos":"JJ","before":" ","after":""},{"index":49,"word":"|","originalText":"|","characterOffsetBegin":256,"characterOffsetEnd":257,"pos":"NN","before":"","after":" "},{"index":50,"word":"display","originalText":"display","characterOffsetBegin":258,"characterOffsetEnd":265,"pos":"NN","before":" ","after":""},{"index":51,"word":"...","originalText":"....","characterOffsetBegin":265,"characterOffsetEnd":269,"pos":":","before":"","after":""},{"index":52,"word":"When","originalText":"When","characterOffsetBegin":269,"characterOffsetEnd":273,"pos":"WRB","before":"","after":" "},{"index":53,"word":"I","originalText":"I","characterOffsetBegin":274,"characterOffsetEnd":275,"pos":"PRP","before":" ","after":" "},{"index":54,"word":"popup","originalText":"popup","characterOffsetBegin":276,"characterOffsetEnd":281,"pos":"VBP","before":" ","after":" "},{"index":55,"word":"a","originalText":"a","characterOffsetBegin":282,"characterOffsetEnd":283,"pos":"DT","before":" ","after":" "},{"index":56,"word":"dialogShell","originalText":"dialogShell","characterOffsetBegin":284,"characterOffsetEnd":295,"pos":"NN","before":" ","after":" "},{"index":57,"word":"to","originalText":"to","characterOffsetBegin":296,"characterOffsetEnd":298,"pos":"TO","before":" ","after":" "},{"index":58,"word":"prompt","originalText":"prompt","characterOffsetBegin":299,"characterOffsetEnd":305,"pos":"VB","before":" ","after":" "},{"index":59,"word":"the","originalText":"the","characterOffsetBegin":306,"characterOffsetEnd":309,"pos":"DT","before":" ","after":" "},{"index":60,"word":"user","originalText":"user","characterOffsetBegin":310,"characterOffsetEnd":314,"pos":"NN","before":" ","after":" "},{"index":61,"word":"for","originalText":"for","characterOffsetBegin":315,"characterOffsetEnd":318,"pos":"IN","before":" ","after":""},{"index":62,"word":"|","originalText":"|","characterOffsetBegin":318,"characterOffsetEnd":319,"pos":"CD","before":"","after":" "},{"index":63,"word":"some","originalText":"some","characterOffsetBegin":320,"characterOffsetEnd":324,"pos":"DT","before":" ","after":" "},{"index":64,"word":"input","originalText":"input","characterOffsetBegin":325,"characterOffsetEnd":330,"pos":"NN","before":" ","after":" "},{"index":65,"word":"I","originalText":"I","characterOffsetBegin":331,"characterOffsetEnd":332,"pos":"PRP","before":" ","after":" "},{"index":66,"word":"want","originalText":"want","characterOffsetBegin":333,"characterOffsetEnd":337,"pos":"VBP","before":" ","after":" "},{"index":67,"word":"the","originalText":"the","characterOffsetBegin":338,"characterOffsetEnd":341,"pos":"DT","before":" ","after":" "},{"index":68,"word":"XmNdialogStyle","originalText":"XmNdialogStyle","characterOffsetBegin":342,"characterOffsetEnd":356,"pos":"NNP","before":" ","after":" "},{"index":69,"word":"to","originalText":"to","characterOffsetBegin":357,"characterOffsetEnd":359,"pos":"TO","before":" ","after":" "},{"index":70,"word":"be","originalText":"be","characterOffsetBegin":360,"characterOffsetEnd":362,"pos":"VB","before":" ","after":" "},{"index":71,"word":"set","originalText":"set","characterOffsetBegin":363,"characterOffsetEnd":366,"pos":"VBN","before":" ","after":" "},{"index":72,"word":"to","originalText":"to","characterOffsetBegin":367,"characterOffsetEnd":369,"pos":"TO","before":" ","after":""},{"index":73,"word":"|","originalText":"|","characterOffsetBegin":369,"characterOffsetEnd":370,"pos":"VB","before":"","after":" "},{"index":74,"word":"XmDIALOG_PRIMARY_APPLICATION_MODAL","originalText":"XmDIALOG_PRIMARY_APPLICATION_MODAL","characterOffsetBegin":371,"characterOffsetEnd":405,"pos":"NN","before":" ","after":""},{"index":75,"word":".","originalText":".","characterOffsetBegin":405,"characterOffsetEnd":406,"pos":".","before":"","after":"  "}]},{"index":1,"tokens":[{"index":1,"word":"The","originalText":"The","characterOffsetBegin":408,"characterOffsetEnd":411,"pos":"DT","before":"  ","after":" "},{"index":2,"word":"result","originalText":"result","characterOffsetBegin":412,"characterOffsetEnd":418,"pos":"NN","before":" ","after":" "},{"index":3,"word":"is","originalText":"is","characterOffsetBegin":419,"characterOffsetEnd":421,"pos":"VBZ","before":" ","after":" "},{"index":4,"word":"that","originalText":"that","characterOffsetBegin":422,"characterOffsetEnd":426,"pos":"IN","before":" ","after":" "},{"index":5,"word":"if","originalText":"if","characterOffsetBegin":427,"characterOffsetEnd":429,"pos":"IN","before":" ","after":" "},{"index":6,"word":"my","originalText":"my","characterOffsetBegin":430,"characterOffsetEnd":432,"pos":"PRP$","before":" ","after":" "},{"index":7,"word":"cursor","originalText":"cursor","characterOffsetBegin":433,"characterOffsetEnd":439,"pos":"NN","before":" ","after":" "},{"index":8,"word":"is","originalText":"is","characterOffsetBegin":440,"characterOffsetEnd":442,"pos":"VBZ","before":" ","after":""},{"index":9,"word":"|","originalText":"|","characterOffsetBegin":442,"characterOffsetEnd":443,"pos":"CD","before":"","after":" "},{"index":10,"word":"over","originalText":"over","characterOffsetBegin":444,"characterOffsetEnd":448,"pos":"IN","before":" ","after":" "},{"index":11,"word":"the","originalText":"the","characterOffsetBegin":449,"characterOffsetEnd":452,"pos":"DT","before":" ","after":" "},{"index":12,"word":"dialogShell","originalText":"dialogShell","characterOffsetBegin":453,"characterOffsetEnd":464,"pos":"NN","before":" ","after":" "},{"index":13,"word":"I","originalText":"I","characterOffsetBegin":465,"characterOffsetEnd":466,"pos":"PRP","before":" ","after":" "},{"index":14,"word":"get","originalText":"get","characterOffsetBegin":467,"characterOffsetEnd":470,"pos":"VBP","before":" ","after":" "},{"index":15,"word":"my","originalText":"my","characterOffsetBegin":471,"characterOffsetEnd":473,"pos":"PRP$","before":" ","after":" "},{"index":16,"word":"colormap","originalText":"colormap","characterOffsetBegin":474,"characterOffsetEnd":482,"pos":"NN","before":" ","after":""},{"index":17,"word":",","originalText":",","characterOffsetBegin":482,"characterOffsetEnd":483,"pos":",","before":"","after":" "},{"index":18,"word":"but","originalText":"but","characterOffsetBegin":484,"characterOffsetEnd":487,"pos":"CC","before":" ","after":" "},{"index":19,"word":"if","originalText":"if","characterOffsetBegin":488,"characterOffsetEnd":490,"pos":"IN","before":" ","after":" "},{"index":20,"word":"the","originalText":"the","characterOffsetBegin":491,"characterOffsetEnd":494,"pos":"DT","before":" ","after":" "},{"index":21,"word":"cursor","originalText":"cursor","characterOffsetBegin":495,"characterOffsetEnd":501,"pos":"NN","before":" ","after":" "},{"index":22,"word":"is","originalText":"is","characterOffsetBegin":502,"characterOffsetEnd":504,"pos":"VBZ","before":" ","after":" "},{"index":23,"word":"over","originalText":"over","characterOffsetBegin":505,"characterOffsetEnd":509,"pos":"IN","before":" ","after":" "},{"index":24,"word":"the","originalText":"the","characterOffsetBegin":510,"characterOffsetEnd":513,"pos":"DT","before":" ","after":""},{"index":25,"word":"|","originalText":"|","characterOffsetBegin":513,"characterOffsetEnd":514,"pos":"CD","before":"","after":" "},{"index":26,"word":"applicationShell","originalText":"applicationShell","characterOffsetBegin":515,"characterOffsetEnd":531,"pos":"NN","before":" ","after":" "},{"index":27,"word":"-LRB-","originalText":"(","characterOffsetBegin":532,"characterOffsetEnd":533,"pos":"-LRB-","before":" ","after":""},{"index":28,"word":"or","originalText":"or","characterOffsetBegin":533,"characterOffsetEnd":535,"pos":"CC","before":"","after":" "},{"index":29,"word":"any","originalText":"any","characterOffsetBegin":536,"characterOffsetEnd":539,"pos":"DT","before":" ","after":" "},{"index":30,"word":"window","originalText":"window","characterOffsetBegin":540,"characterOffsetEnd":546,"pos":"NN","before":" ","after":" "},{"index":31,"word":"other","originalText":"other","characterOffsetBegin":547,"characterOffsetEnd":552,"pos":"JJ","before":" ","after":" "},{"index":32,"word":"than","originalText":"than","characterOffsetBegin":553,"characterOffsetEnd":557,"pos":"IN","before":" ","after":" "},{"index":33,"word":"the","originalText":"the","characterOffsetBegin":558,"characterOffsetEnd":561,"pos":"DT","before":" ","after":" "},{"index":34,"word":"dialogShell","originalText":"dialogShell","characterOffsetBegin":562,"characterOffsetEnd":573,"pos":"NN","before":" ","after":""},{"index":35,"word":"-RRB-","originalText":")","characterOffsetBegin":573,"characterOffsetEnd":574,"pos":"-RRB-","before":"","after":" "},{"index":36,"word":"I","originalText":"I","characterOffsetBegin":575,"characterOffsetEnd":576,"pos":"PRP","before":" ","after":" "},{"index":37,"word":"get","originalText":"get","characterOffsetBegin":577,"characterOffsetEnd":580,"pos":"VBP","before":" ","after":" "},{"index":38,"word":"the","originalText":"the","characterOffsetBegin":581,"characterOffsetEnd":584,"pos":"DT","before":" ","after":""},{"index":39,"word":"|","originalText":"|","characterOffsetBegin":584,"characterOffsetEnd":585,"pos":"CD","before":"","after":" "},{"index":40,"word":"default","originalText":"default","characterOffsetBegin":586,"characterOffsetEnd":593,"pos":"NN","before":" ","after":" "},{"index":41,"word":"colormap","originalText":"colormap","characterOffsetBegin":594,"characterOffsetEnd":602,"pos":"NN","before":" ","after":""},{"index":42,"word":".","originalText":".","characterOffsetBegin":602,"characterOffsetEnd":603,"pos":".","before":"","after":"  "}]},{"index":2,"tokens":[{"index":1,"word":"But","originalText":"But","characterOffsetBegin":605,"characterOffsetEnd":608,"pos":"CC","before":"  ","after":" "},{"index":2,"word":"I","originalText":"I","characterOffsetBegin":609,"characterOffsetEnd":610,"pos":"PRP","before":" ","after":""},{"index":3,"word":"'d","originalText":"'d","characterOffsetBegin":610,"characterOffsetEnd":612,"pos":"MD","before":"","after":" "},{"index":4,"word":"like","originalText":"like","characterOffsetBegin":613,"characterOffsetEnd":617,"pos":"VB","before":" ","after":" "},{"index":5,"word":"it","originalText":"it","characterOffsetBegin":618,"characterOffsetEnd":620,"pos":"PRP","before":" ","after":" "},{"index":6,"word":"so","originalText":"so","characterOffsetBegin":621,"characterOffsetEnd":623,"pos":"IN","before":" ","after":" "},{"index":7,"word":"that","originalText":"that","characterOffsetBegin":624,"characterOffsetEnd":628,"pos":"IN","before":" ","after":" "},{"index":8,"word":"if","originalText":"if","characterOffsetBegin":629,"characterOffsetEnd":631,"pos":"IN","before":" ","after":" "},{"index":9,"word":"my","originalText":"my","characterOffsetBegin":632,"characterOffsetEnd":634,"pos":"PRP$","before":" ","after":" "},{"index":10,"word":"cursor","originalText":"cursor","characterOffsetBegin":635,"characterOffsetEnd":641,"pos":"NN","before":" ","after":" "},{"index":11,"word":"is","originalText":"is","characterOffsetBegin":642,"characterOffsetEnd":644,"pos":"VBZ","before":" ","after":" "},{"index":12,"word":"over","originalText":"over","characterOffsetBegin":645,"characterOffsetEnd":649,"pos":"IN","before":" ","after":" "},{"index":13,"word":"_","originalText":"_","characterOffsetBegin":650,"characterOffsetEnd":651,"pos":"CD","before":" ","after":""},{"index":14,"word":"any","originalText":"any","characterOffsetBegin":651,"characterOffsetEnd":654,"pos":"DT","before":"","after":""},{"index":15,"word":"_","originalText":"_","characterOffsetBegin":654,"characterOffsetEnd":655,"pos":"NN","before":"","after":""},{"index":16,"word":"|","originalText":"|","characterOffsetBegin":655,"characterOffsetEnd":656,"pos":"NN","before":"","after":" "},{"index":17,"word":"window","originalText":"window","characterOffsetBegin":657,"characterOffsetEnd":663,"pos":"NN","before":" ","after":" "},{"index":18,"word":"of","originalText":"of","characterOffsetBegin":664,"characterOffsetEnd":666,"pos":"IN","before":" ","after":" "},{"index":19,"word":"my","originalText":"my","characterOffsetBegin":667,"characterOffsetEnd":669,"pos":"PRP$","before":" ","after":" "},{"index":20,"word":"application","originalText":"application","characterOffsetBegin":670,"characterOffsetEnd":681,"pos":"NN","before":" ","after":""},{"index":21,"word":",","originalText":",","characterOffsetBegin":681,"characterOffsetEnd":682,"pos":",","before":"","after":" "},{"index":22,"word":"I","originalText":"I","characterOffsetBegin":683,"characterOffsetEnd":684,"pos":"PRP","before":" ","after":" "},{"index":23,"word":"get","originalText":"get","characterOffsetBegin":685,"characterOffsetEnd":688,"pos":"VBP","before":" ","after":" "},{"index":24,"word":"my","originalText":"my","characterOffsetBegin":689,"characterOffsetEnd":691,"pos":"PRP$","before":" ","after":" "},{"index":25,"word":"colormap.I","originalText":"colormap.I","characterOffsetBegin":692,"characterOffsetEnd":702,"pos":"NN","before":" ","after":" "},{"index":26,"word":"*","originalText":"*","characterOffsetBegin":703,"characterOffsetEnd":704,"pos":"SYM","before":" ","after":""},{"index":27,"word":"think","originalText":"think","characterOffsetBegin":704,"characterOffsetEnd":709,"pos":"VB","before":"","after":""},{"index":28,"word":"*","originalText":"*","characterOffsetBegin":709,"characterOffsetEnd":710,"pos":"SYM","before":"","after":" "},{"index":29,"word":"this","originalText":"this","characterOffsetBegin":711,"characterOffsetEnd":715,"pos":"DT","before":" ","after":" "},{"index":30,"word":"is","originalText":"is","characterOffsetBegin":716,"characterOffsetEnd":718,"pos":"VBZ","before":" ","after":" "},{"index":31,"word":"correct","originalText":"correct","characterOffsetBegin":719,"characterOffsetEnd":726,"pos":"JJ","before":" ","after":" "},{"index":32,"word":"behavior","originalText":"behavior","characterOffsetBegin":727,"characterOffsetEnd":735,"pos":"NN","before":" ","after":""},{"index":33,"word":".","originalText":".","characterOffsetBegin":735,"characterOffsetEnd":736,"pos":".","before":"","after":"  "}]},{"index":3,"tokens":[{"index":1,"word":"Remember","originalText":"Remember","characterOffsetBegin":738,"characterOffsetEnd":746,"pos":"VB","before":"  ","after":" "},{"index":2,"word":"the","originalText":"the","characterOffsetBegin":747,"characterOffsetEnd":750,"pos":"DT","before":" ","after":" "},{"index":3,"word":"defaultcolormapFocusPolicy","originalText":"defaultcolormapFocusPolicy","characterOffsetBegin":751,"characterOffsetEnd":777,"pos":"NN","before":" ","after":" "},{"index":4,"word":"is","originalText":"is","characterOffsetBegin":778,"characterOffsetEnd":780,"pos":"VBZ","before":" ","after":" "},{"index":5,"word":"keyboard","originalText":"keyboard","characterOffsetBegin":781,"characterOffsetEnd":789,"pos":"NN","before":" ","after":" "},{"index":6,"word":"-LRB-","originalText":"(","characterOffsetBegin":790,"characterOffsetEnd":791,"pos":"-LRB-","before":" ","after":""},{"index":7,"word":"meaning","originalText":"meaning","characterOffsetBegin":791,"characterOffsetEnd":798,"pos":"VBG","before":"","after":" "},{"index":8,"word":"the","originalText":"the","characterOffsetBegin":799,"characterOffsetEnd":802,"pos":"DT","before":" ","after":" "},{"index":9,"word":"cmap","originalText":"cmap","characterOffsetBegin":803,"characterOffsetEnd":807,"pos":"NN","before":" ","after":" "},{"index":10,"word":"focus","originalText":"focus","characterOffsetBegin":808,"characterOffsetEnd":813,"pos":"NN","before":" ","after":" "},{"index":11,"word":"follows","originalText":"follows","characterOffsetBegin":814,"characterOffsetEnd":821,"pos":"VBZ","before":" ","after":" "},{"index":12,"word":"thekeyboard","originalText":"thekeyboard","characterOffsetBegin":822,"characterOffsetEnd":833,"pos":"NN","before":" ","after":" "},{"index":13,"word":"focus","originalText":"focus","characterOffsetBegin":834,"characterOffsetEnd":839,"pos":"NN","before":" ","after":""},{"index":14,"word":"-RRB-","originalText":")","characterOffsetBegin":839,"characterOffsetEnd":840,"pos":"-RRB-","before":"","after":""},{"index":15,"word":".","originalText":".","characterOffsetBegin":840,"characterOffsetEnd":841,"pos":".","before":"","after":"  "}]},{"index":4,"tokens":[{"index":1,"word":"Since","originalText":"Since","characterOffsetBegin":843,"characterOffsetEnd":848,"pos":"IN","before":"  ","after":" "},{"index":2,"word":"the","originalText":"the","characterOffsetBegin":849,"characterOffsetEnd":852,"pos":"DT","before":" ","after":" "},{"index":3,"word":"dialog","originalText":"dialog","characterOffsetBegin":853,"characterOffsetEnd":859,"pos":"NN","before":" ","after":" "},{"index":4,"word":"is","originalText":"is","characterOffsetBegin":860,"characterOffsetEnd":862,"pos":"VBZ","before":" ","after":" "},{"index":5,"word":"modal","originalText":"modal","characterOffsetBegin":863,"characterOffsetEnd":868,"pos":"JJ","before":" ","after":""},{"index":6,"word":",","originalText":",","characterOffsetBegin":868,"characterOffsetEnd":869,"pos":",","before":"","after":" "},{"index":7,"word":"mwm","originalText":"mwm","characterOffsetBegin":870,"characterOffsetEnd":873,"pos":"NN","before":" ","after":" "},{"index":8,"word":"wo","originalText":"wo","characterOffsetBegin":874,"characterOffsetEnd":876,"pos":"MD","before":" ","after":""},{"index":9,"word":"n't","originalText":"n't","characterOffsetBegin":876,"characterOffsetEnd":879,"pos":"RB","before":"","after":" "},{"index":10,"word":"allow","originalText":"allow","characterOffsetBegin":880,"characterOffsetEnd":885,"pos":"VB","before":" ","after":" "},{"index":11,"word":"keyboardfocus","originalText":"keyboardfocus","characterOffsetBegin":886,"characterOffsetEnd":899,"pos":"NN","before":" ","after":" "},{"index":12,"word":"onto","originalText":"onto","characterOffsetBegin":900,"characterOffsetEnd":904,"pos":"IN","before":" ","after":" "},{"index":13,"word":"your","originalText":"your","characterOffsetBegin":905,"characterOffsetEnd":909,"pos":"PRP$","before":" ","after":" "},{"index":14,"word":"main","originalText":"main","characterOffsetBegin":910,"characterOffsetEnd":914,"pos":"JJ","before":" ","after":" "},{"index":15,"word":"shell","originalText":"shell","characterOffsetBegin":915,"characterOffsetEnd":920,"pos":"NN","before":" ","after":""},{"index":16,"word":",","originalText":",","characterOffsetBegin":920,"characterOffsetEnd":921,"pos":",","before":"","after":" "},{"index":17,"word":"and","originalText":"and","characterOffsetBegin":922,"characterOffsetEnd":925,"pos":"CC","before":" ","after":" "},{"index":18,"word":"so","originalText":"so","characterOffsetBegin":926,"characterOffsetEnd":928,"pos":"IN","before":" ","after":" "},{"index":19,"word":"it","originalText":"it","characterOffsetBegin":929,"characterOffsetEnd":931,"pos":"PRP","before":" ","after":" "},{"index":20,"word":"wo","originalText":"wo","characterOffsetBegin":932,"characterOffsetEnd":934,"pos":"MD","before":" ","after":""},{"index":21,"word":"n't","originalText":"n't","characterOffsetBegin":934,"characterOffsetEnd":937,"pos":"RB","before":"","after":" "},{"index":22,"word":"allow","originalText":"allow","characterOffsetBegin":938,"characterOffsetEnd":943,"pos":"VB","before":" ","after":" "},{"index":23,"word":"cmap","originalText":"cmap","characterOffsetBegin":944,"characterOffsetEnd":948,"pos":"NN","before":" ","after":" "},{"index":24,"word":"focus","originalText":"focus","characterOffsetBegin":949,"characterOffsetEnd":954,"pos":"NN","before":" ","after":" "},{"index":25,"word":"either.Since","originalText":"either.Since","characterOffsetBegin":955,"characterOffsetEnd":967,"pos":"NN","before":" ","after":" "},{"index":26,"word":"it","originalText":"it","characterOffsetBegin":968,"characterOffsetEnd":970,"pos":"PRP","before":" ","after":" "},{"index":27,"word":"sounds","originalText":"sounds","characterOffsetBegin":971,"characterOffsetEnd":977,"pos":"VBZ","before":" ","after":" "},{"index":28,"word":"as","originalText":"as","characterOffsetBegin":978,"characterOffsetEnd":980,"pos":"IN","before":" ","after":" "},{"index":29,"word":"though","originalText":"though","characterOffsetBegin":981,"characterOffsetEnd":987,"pos":"IN","before":" ","after":" "},{"index":30,"word":"you","originalText":"you","characterOffsetBegin":988,"characterOffsetEnd":991,"pos":"PRP","before":" ","after":" "},{"index":31,"word":"have","originalText":"have","characterOffsetBegin":992,"characterOffsetEnd":996,"pos":"VBP","before":" ","after":" "},{"index":32,"word":"keyboardFocusPolicy","originalText":"keyboardFocusPolicy","characterOffsetBegin":997,"characterOffsetEnd":1016,"pos":"NN","before":" ","after":""},{"index":33,"word":":","originalText":":","characterOffsetBegin":1016,"characterOffsetEnd":1017,"pos":":","before":"","after":""},{"index":34,"word":"pointer","originalText":"pointer","characterOffsetBegin":1017,"characterOffsetEnd":1024,"pos":"NN","before":"","after":""},{"index":35,"word":",","originalText":",","characterOffsetBegin":1024,"characterOffsetEnd":1025,"pos":",","before":"","after":" "},{"index":36,"word":"Isuggest","originalText":"Isuggest","characterOffsetBegin":1026,"characterOffsetEnd":1034,"pos":"NNP","before":" ","after":" "},{"index":37,"word":"you","originalText":"you","characterOffsetBegin":1035,"characterOffsetEnd":1038,"pos":"PRP","before":" ","after":" "},{"index":38,"word":"set","originalText":"set","characterOffsetBegin":1039,"characterOffsetEnd":1042,"pos":"VBP","before":" ","after":" "},{"index":39,"word":"colormapFocusPolicy","originalText":"colormapFocusPolicy","characterOffsetBegin":1043,"characterOffsetEnd":1062,"pos":"NN","before":" ","after":""},{"index":40,"word":":","originalText":":","characterOffsetBegin":1062,"characterOffsetEnd":1063,"pos":":","before":"","after":""},{"index":41,"word":"pointer","originalText":"pointer","characterOffsetBegin":1063,"characterOffsetEnd":1070,"pos":"NN","before":"","after":" "},{"index":42,"word":"also","originalText":"also","characterOffsetBegin":1071,"characterOffsetEnd":1075,"pos":"RB","before":" ","after":""},{"index":43,"word":".","originalText":".","characterOffsetBegin":1075,"characterOffsetEnd":1076,"pos":".","before":"","after":"  "}]},{"index":5,"tokens":[{"index":1,"word":"That","originalText":"That","characterOffsetBegin":1078,"characterOffsetEnd":1082,"pos":"DT","before":"  ","after":" "},{"index":2,"word":"way","originalText":"way","characterOffsetBegin":1083,"characterOffsetEnd":1086,"pos":"NN","before":" ","after":""},{"index":3,"word":",","originalText":",","characterOffsetBegin":1086,"characterOffsetEnd":1087,"pos":",","before":"","after":" "},{"index":4,"word":"the","originalText":"the","characterOffsetBegin":1088,"characterOffsetEnd":1091,"pos":"DT","before":" ","after":" "},{"index":5,"word":"cmapfocus","originalText":"cmapfocus","characterOffsetBegin":1092,"characterOffsetEnd":1101,"pos":"NN","before":" ","after":" "},{"index":6,"word":"wo","originalText":"wo","characterOffsetBegin":1102,"characterOffsetEnd":1104,"pos":"MD","before":" ","after":""},{"index":7,"word":"n't","originalText":"n't","characterOffsetBegin":1104,"characterOffsetEnd":1107,"pos":"RB","before":"","after":" "},{"index":8,"word":"slavishly","originalText":"slavishly","characterOffsetBegin":1108,"characterOffsetEnd":1117,"pos":"RB","before":" ","after":" "},{"index":9,"word":"follow","originalText":"follow","characterOffsetBegin":1118,"characterOffsetEnd":1124,"pos":"VB","before":" ","after":" "},{"index":10,"word":"keyboard","originalText":"keyboard","characterOffsetBegin":1125,"characterOffsetEnd":1133,"pos":"NN","before":" ","after":" "},{"index":11,"word":"focus","originalText":"focus","characterOffsetBegin":1134,"characterOffsetEnd":1139,"pos":"NN","before":" ","after":""},{"index":12,"word":",","originalText":",","characterOffsetBegin":1139,"characterOffsetEnd":1140,"pos":",","before":"","after":" "},{"index":13,"word":"but","originalText":"but","characterOffsetBegin":1141,"characterOffsetEnd":1144,"pos":"CC","before":" ","after":" "},{"index":14,"word":"will","originalText":"will","characterOffsetBegin":1145,"characterOffsetEnd":1149,"pos":"MD","before":" ","after":" "},{"index":15,"word":"beat","originalText":"beat","characterOffsetBegin":1150,"characterOffsetEnd":1154,"pos":"VB","before":" ","after":" "},{"index":16,"word":"its","originalText":"its","characterOffsetBegin":1155,"characterOffsetEnd":1158,"pos":"PRP$","before":" ","after":" "},{"index":17,"word":"own","originalText":"own","characterOffsetBegin":1159,"characterOffsetEnd":1162,"pos":"JJ","before":" ","after":" "},{"index":18,"word":"path","originalText":"path","characterOffsetBegin":1163,"characterOffsetEnd":1167,"pos":"NN","before":" ","after":""},{"index":19,"word":".","originalText":".","characterOffsetBegin":1167,"characterOffsetEnd":1168,"pos":".","before":"","after":""}]},{"index":6,"tokens":[{"index":1,"word":"-LRB-","originalText":"(","characterOffsetBegin":1168,"characterOffsetEnd":1169,"pos":"-LRB-","before":"","after":""},{"index":2,"word":"if","originalText":"if","characterOffsetBegin":1169,"characterOffsetEnd":1171,"pos":"IN","before":"","after":" "},{"index":3,"word":"you","originalText":"you","characterOffsetBegin":1172,"characterOffsetEnd":1175,"pos":"PRP","before":" ","after":" "},{"index":4,"word":"have","originalText":"have","characterOffsetBegin":1176,"characterOffsetEnd":1180,"pos":"VBP","before":" ","after":" "},{"index":5,"word":"keyboardFocusPolicy","originalText":"keyboardFocusPolicy","characterOffsetBegin":1181,"characterOffsetEnd":1200,"pos":"NN","before":" ","after":""},{"index":6,"word":":","originalText":":","characterOffsetBegin":1200,"characterOffsetEnd":1201,"pos":":","before":"","after":" "},{"index":7,"word":"explicit","originalText":"explicit","characterOffsetBegin":1202,"characterOffsetEnd":1210,"pos":"JJ","before":" ","after":""},{"index":8,"word":",","originalText":",","characterOffsetBegin":1210,"characterOffsetEnd":1211,"pos":",","before":"","after":" "},{"index":9,"word":"you","originalText":"you","characterOffsetBegin":1212,"characterOffsetEnd":1215,"pos":"PRP","before":" ","after":" "},{"index":10,"word":"can","originalText":"can","characterOffsetBegin":1216,"characterOffsetEnd":1219,"pos":"MD","before":" ","after":" "},{"index":11,"word":"set","originalText":"set","characterOffsetBegin":1220,"characterOffsetEnd":1223,"pos":"VB","before":" ","after":" "},{"index":12,"word":"cmap","originalText":"cmap","characterOffsetBegin":1224,"characterOffsetEnd":1228,"pos":"NN","before":" ","after":" "},{"index":13,"word":"focusexplicit","originalText":"focusexplicit","characterOffsetBegin":1229,"characterOffsetEnd":1242,"pos":"NN","before":" ","after":" "},{"index":14,"word":"also","originalText":"also","characterOffsetBegin":1243,"characterOffsetEnd":1247,"pos":"RB","before":" ","after":""},{"index":15,"word":",","originalText":",","characterOffsetBegin":1247,"characterOffsetEnd":1248,"pos":",","before":"","after":" "},{"index":16,"word":"but","originalText":"but","characterOffsetBegin":1249,"characterOffsetEnd":1252,"pos":"CC","before":" ","after":" "},{"index":17,"word":"you","originalText":"you","characterOffsetBegin":1253,"characterOffsetEnd":1256,"pos":"PRP","before":" ","after":" "},{"index":18,"word":"then","originalText":"then","characterOffsetBegin":1257,"characterOffsetEnd":1261,"pos":"RB","before":" ","after":" "},{"index":19,"word":"need","originalText":"need","characterOffsetBegin":1262,"characterOffsetEnd":1266,"pos":"VBP","before":" ","after":" "},{"index":20,"word":"a","originalText":"a","characterOffsetBegin":1267,"characterOffsetEnd":1268,"pos":"DT","before":" ","after":" "},{"index":21,"word":"binding","originalText":"binding","characterOffsetBegin":1269,"characterOffsetEnd":1276,"pos":"NN","before":" ","after":" "},{"index":22,"word":"to","originalText":"to","characterOffsetBegin":1277,"characterOffsetEnd":1279,"pos":"TO","before":" ","after":" "},{"index":23,"word":"f.focus","originalText":"f.focus","characterOffsetBegin":1280,"characterOffsetEnd":1287,"pos":"NN","before":" ","after":""},{"index":24,"word":"_","originalText":"_","characterOffsetBegin":1287,"characterOffsetEnd":1288,"pos":"NN","before":"","after":""},{"index":25,"word":"color","originalText":"color","characterOffsetBegin":1288,"characterOffsetEnd":1293,"pos":"NN","before":"","after":""},{"index":26,"word":",","originalText":",","characterOffsetBegin":1293,"characterOffsetEnd":1294,"pos":",","before":"","after":" "},{"index":27,"word":"probably","originalText":"probably","characterOffsetBegin":1295,"characterOffsetEnd":1303,"pos":"RB","before":" ","after":" "},{"index":28,"word":"onMB1","originalText":"onMB1","characterOffsetBegin":1304,"characterOffsetEnd":1309,"pos":"NN","before":" ","after":""},{"index":29,"word":"-RRB-","originalText":")","characterOffsetBegin":1309,"characterOffsetEnd":1310,"pos":"-RRB-","before":"","after":""},{"index":30,"word":".","originalText":".","characterOffsetBegin":1310,"characterOffsetEnd":1311,"pos":".","before":"","after":""}]},{"index":7,"tokens":[{"index":1,"word":"--","originalText":"--","characterOffsetBegin":1311,"characterOffsetEnd":1313,"pos":":","before":"","after":" "},{"index":2,"word":"David","originalText":"David","characterOffsetBegin":1314,"characterOffsetEnd":1319,"pos":"NNP","before":" ","after":" "},{"index":3,"word":"Brooks","originalText":"Brooks","characterOffsetBegin":1320,"characterOffsetEnd":1326,"pos":"NNP","before":" ","after":"\t\t\t\t\t"},{"index":4,"word":"dbrooks@osf.orgOpen","originalText":"dbrooks@osf.orgOpen","characterOffsetBegin":1331,"characterOffsetEnd":1350,"pos":"NNP","before":"\t\t\t\t\t","after":" "},{"index":5,"word":"Software","originalText":"Software","characterOffsetBegin":1351,"characterOffsetEnd":1359,"pos":"NNP","before":" ","after":" "},{"index":6,"word":"Foundation","originalText":"Foundation","characterOffsetBegin":1360,"characterOffsetEnd":1370,"pos":"NNP","before":" ","after":"\t\t\t"},{"index":7,"word":"uunet!osf.org!dbrooksShowres","originalText":"uunet!osf.org!dbrooksShowres","characterOffsetBegin":1373,"characterOffsetEnd":1401,"pos":"VBZ","before":"\t\t\t","after":" "},{"index":8,"word":"soote","originalText":"soote","characterOffsetBegin":1402,"characterOffsetEnd":1407,"pos":"JJ","before":" ","after":" "},{"index":9,"word":"my","originalText":"my","characterOffsetBegin":1408,"characterOffsetEnd":1410,"pos":"PRP$","before":" ","after":" "},{"index":10,"word":"foote","originalText":"foote","characterOffsetBegin":1411,"characterOffsetEnd":1416,"pos":"NN","before":" ","after":""}]}]}