{"sentences":[{"index":0,"tokens":[{"index":1,"word":"From","originalText":"From","characterOffsetBegin":0,"characterOffsetEnd":4,"pos":"IN","before":"","after":""},{"index":2,"word":":","originalText":":","characterOffsetBegin":4,"characterOffsetEnd":5,"pos":":","before":"","after":" "},{"index":3,"word":"ben@dbsm.oz.au","originalText":"ben@dbsm.oz.au","characterOffsetBegin":6,"characterOffsetEnd":20,"pos":"NN","before":" ","after":" "},{"index":4,"word":"-LRB-","originalText":"(","characterOffsetBegin":21,"characterOffsetEnd":22,"pos":"-LRB-","before":" ","after":""},{"index":5,"word":"Benjamin","originalText":"Benjamin","characterOffsetBegin":22,"characterOffsetEnd":30,"pos":"NNP","before":"","after":" "},{"index":6,"word":"Stephen","originalText":"Stephen","characterOffsetBegin":31,"characterOffsetEnd":38,"pos":"NNP","before":" ","after":" "},{"index":7,"word":"Kelley","originalText":"Kelley","characterOffsetBegin":39,"characterOffsetEnd":45,"pos":"NNP","before":" ","after":""},{"index":8,"word":"-RRB-","originalText":")","characterOffsetBegin":45,"characterOffsetEnd":46,"pos":"-RRB-","before":"","after":""},{"index":9,"word":"Subject","originalText":"Subject","characterOffsetBegin":46,"characterOffsetEnd":53,"pos":"NNP","before":"","after":""},{"index":10,"word":":","originalText":":","characterOffsetBegin":53,"characterOffsetEnd":54,"pos":":","before":"","after":" "},{"index":11,"word":"Problems","originalText":"Problems","characterOffsetBegin":55,"characterOffsetEnd":63,"pos":"NNS","before":" ","after":" "},{"index":12,"word":"with","originalText":"with","characterOffsetBegin":64,"characterOffsetEnd":68,"pos":"IN","before":" ","after":" "},{"index":13,"word":"color","originalText":"color","characterOffsetBegin":69,"characterOffsetEnd":74,"pos":"NN","before":" ","after":" "},{"index":14,"word":"XtermWe","originalText":"XtermWe","characterOffsetBegin":75,"characterOffsetEnd":82,"pos":"NN","before":" ","after":" "},{"index":15,"word":"have","originalText":"have","characterOffsetBegin":83,"characterOffsetEnd":87,"pos":"VBP","before":" ","after":" "},{"index":16,"word":"recently","originalText":"recently","characterOffsetBegin":88,"characterOffsetEnd":96,"pos":"RB","before":" ","after":" "},{"index":17,"word":"obtained","originalText":"obtained","characterOffsetBegin":97,"characterOffsetEnd":105,"pos":"VBN","before":" ","after":" "},{"index":18,"word":"a","originalText":"a","characterOffsetBegin":106,"characterOffsetEnd":107,"pos":"DT","before":" ","after":" "},{"index":19,"word":"copy","originalText":"copy","characterOffsetBegin":108,"characterOffsetEnd":112,"pos":"NN","before":" ","after":" "},{"index":20,"word":"of","originalText":"of","characterOffsetBegin":113,"characterOffsetEnd":115,"pos":"IN","before":" ","after":" "},{"index":21,"word":"color_xterm","originalText":"color_xterm","characterOffsetBegin":116,"characterOffsetEnd":127,"pos":"NN","before":" ","after":" "},{"index":22,"word":"-LRB-","originalText":"(","characterOffsetBegin":128,"characterOffsetEnd":129,"pos":"-LRB-","before":" ","after":""},{"index":23,"word":"from","originalText":"from","characterOffsetBegin":129,"characterOffsetEnd":133,"pos":"IN","before":"","after":" "},{"index":24,"word":"export.lcs.mit.edu","originalText":"export.lcs.mit.edu","characterOffsetBegin":134,"characterOffsetEnd":152,"pos":"NN","before":" ","after":""},{"index":25,"word":"-RRB-","originalText":")","characterOffsetBegin":152,"characterOffsetEnd":153,"pos":"-RRB-","before":"","after":" "},{"index":26,"word":"afterseeing","originalText":"afterseeing","characterOffsetBegin":154,"characterOffsetEnd":165,"pos":"VBG","before":" ","after":" "},{"index":27,"word":"it","originalText":"it","characterOffsetBegin":166,"characterOffsetEnd":168,"pos":"PRP","before":" ","after":" "},{"index":28,"word":"mentioned","originalText":"mentioned","characterOffsetBegin":169,"characterOffsetEnd":178,"pos":"VBD","before":" ","after":" "},{"index":29,"word":"in","originalText":"in","characterOffsetBegin":179,"characterOffsetEnd":181,"pos":"IN","before":" ","after":" "},{"index":30,"word":"a","originalText":"a","characterOffsetBegin":182,"characterOffsetEnd":183,"pos":"DT","before":" ","after":" "},{"index":31,"word":"previous","originalText":"previous","characterOffsetBegin":184,"characterOffsetEnd":192,"pos":"JJ","before":" ","after":" "},{"index":32,"word":"article","originalText":"article","characterOffsetBegin":193,"characterOffsetEnd":200,"pos":"NN","before":" ","after":""},{"index":33,"word":".","originalText":".","characterOffsetBegin":200,"characterOffsetEnd":201,"pos":".","before":"","after":" "}]},{"index":1,"tokens":[{"index":1,"word":"On","originalText":"On","characterOffsetBegin":202,"characterOffsetEnd":204,"pos":"IN","before":" ","after":" "},{"index":2,"word":"compilation","originalText":"compilation","characterOffsetBegin":205,"characterOffsetEnd":216,"pos":"NN","before":" ","after":""},{"index":3,"word":",","originalText":",","characterOffsetBegin":216,"characterOffsetEnd":217,"pos":",","before":"","after":" "},{"index":4,"word":"it","originalText":"it","characterOffsetBegin":218,"characterOffsetEnd":220,"pos":"PRP","before":" ","after":" "},{"index":5,"word":"reports","originalText":"reports","characterOffsetBegin":221,"characterOffsetEnd":228,"pos":"VBZ","before":" ","after":" "},{"index":6,"word":"thefollowing","originalText":"thefollowing","characterOffsetBegin":229,"characterOffsetEnd":241,"pos":"VBG","before":" ","after":" "},{"index":7,"word":"undefined","originalText":"undefined","characterOffsetBegin":242,"characterOffsetEnd":251,"pos":"JJ","before":" ","after":" "},{"index":8,"word":"symbols","originalText":"symbols","characterOffsetBegin":252,"characterOffsetEnd":259,"pos":"NNS","before":" ","after":""},{"index":9,"word":":","originalText":":","characterOffsetBegin":259,"characterOffsetEnd":260,"pos":":","before":"","after":"\t"},{"index":10,"word":"_","originalText":"_","characterOffsetBegin":261,"characterOffsetEnd":262,"pos":"CD","before":"\t","after":""},{"index":11,"word":"get_wmShellWidgetClass","originalText":"get_wmShellWidgetClass","characterOffsetBegin":262,"characterOffsetEnd":284,"pos":"NN","before":"","after":"\t"},{"index":12,"word":"_","originalText":"_","characterOffsetBegin":285,"characterOffsetEnd":286,"pos":"CD","before":"\t","after":""},{"index":13,"word":"get_applicationShellWidgetClass","originalText":"get_applicationShellWidgetClass","characterOffsetBegin":286,"characterOffsetEnd":317,"pos":"NN","before":"","after":"\t"},{"index":14,"word":"but","originalText":"but","characterOffsetBegin":318,"characterOffsetEnd":321,"pos":"CC","before":"\t","after":" "},{"index":15,"word":"still","originalText":"still","characterOffsetBegin":322,"characterOffsetEnd":327,"pos":"RB","before":" ","after":" "},{"index":16,"word":"runs","originalText":"runs","characterOffsetBegin":328,"characterOffsetEnd":332,"pos":"VBZ","before":" ","after":""},{"index":17,"word":".","originalText":".","characterOffsetBegin":332,"characterOffsetEnd":333,"pos":".","before":"","after":" "}]},{"index":2,"tokens":[{"index":1,"word":"When","originalText":"When","characterOffsetBegin":334,"characterOffsetEnd":338,"pos":"WRB","before":" ","after":" "},{"index":2,"word":"sending","originalText":"sending","characterOffsetBegin":339,"characterOffsetEnd":346,"pos":"VBG","before":" ","after":" "},{"index":3,"word":"escape","originalText":"escape","characterOffsetBegin":347,"characterOffsetEnd":353,"pos":"NN","before":" ","after":" "},{"index":4,"word":"sequences","originalText":"sequences","characterOffsetBegin":354,"characterOffsetEnd":363,"pos":"NNS","before":" ","after":" "},{"index":5,"word":"to","originalText":"to","characterOffsetBegin":364,"characterOffsetEnd":366,"pos":"TO","before":" ","after":" "},{"index":6,"word":"set","originalText":"set","characterOffsetBegin":367,"characterOffsetEnd":370,"pos":"VB","before":" ","after":" "},{"index":7,"word":"the","originalText":"the","characterOffsetBegin":371,"characterOffsetEnd":374,"pos":"DT","before":" ","after":" "},{"index":8,"word":"colour","originalText":"colour","characterOffsetBegin":375,"characterOffsetEnd":381,"pos":"NN","before":" ","after":""},{"index":9,"word":",","originalText":",","characterOffsetBegin":381,"characterOffsetEnd":382,"pos":",","before":"","after":""},{"index":10,"word":"any","originalText":"any","characterOffsetBegin":382,"characterOffsetEnd":385,"pos":"DT","before":"","after":" "},{"index":11,"word":"colour","originalText":"colour","characterOffsetBegin":386,"characterOffsetEnd":392,"pos":"NN","before":" ","after":" "},{"index":12,"word":"comes","originalText":"comes","characterOffsetBegin":393,"characterOffsetEnd":398,"pos":"VBZ","before":" ","after":" "},{"index":13,"word":"out","originalText":"out","characterOffsetBegin":399,"characterOffsetEnd":402,"pos":"RP","before":" ","after":" "},{"index":14,"word":"as","originalText":"as","characterOffsetBegin":403,"characterOffsetEnd":405,"pos":"IN","before":" ","after":" "},{"index":15,"word":"black","originalText":"black","characterOffsetBegin":406,"characterOffsetEnd":411,"pos":"JJ","before":" ","after":" "},{"index":16,"word":"text","originalText":"text","characterOffsetBegin":412,"characterOffsetEnd":416,"pos":"NN","before":" ","after":" "},{"index":17,"word":"on","originalText":"on","characterOffsetBegin":417,"characterOffsetEnd":419,"pos":"IN","before":" ","after":" "},{"index":18,"word":"a","originalText":"a","characterOffsetBegin":420,"characterOffsetEnd":421,"pos":"DT","before":" ","after":" "},{"index":19,"word":"black","originalText":"black","characterOffsetBegin":422,"characterOffsetEnd":427,"pos":"JJ","before":" ","after":" "},{"index":20,"word":"background","originalText":"background","characterOffsetBegin":428,"characterOffsetEnd":438,"pos":"NN","before":" ","after":""},{"index":21,"word":".","originalText":".","characterOffsetBegin":438,"characterOffsetEnd":439,"pos":".","before":"","after":" "}]},{"index":3,"tokens":[{"index":1,"word":"Any","originalText":"Any","characterOffsetBegin":440,"characterOffsetEnd":443,"pos":"DT","before":" ","after":" "},{"index":2,"word":"Ideas?Has","originalText":"Ideas?Has","characterOffsetBegin":444,"characterOffsetEnd":453,"pos":"NN","before":" ","after":" "},{"index":3,"word":"anyone","originalText":"anyone","characterOffsetBegin":454,"characterOffsetEnd":460,"pos":"NN","before":" ","after":" "},{"index":4,"word":"used","originalText":"used","characterOffsetBegin":461,"characterOffsetEnd":465,"pos":"VBN","before":" ","after":" "},{"index":5,"word":"this","originalText":"this","characterOffsetBegin":466,"characterOffsetEnd":470,"pos":"DT","before":" ","after":" "},{"index":6,"word":"program","originalText":"program","characterOffsetBegin":471,"characterOffsetEnd":478,"pos":"NN","before":" ","after":" "},{"index":7,"word":"in","originalText":"in","characterOffsetBegin":479,"characterOffsetEnd":481,"pos":"IN","before":" ","after":" "},{"index":8,"word":"colour","originalText":"colour","characterOffsetBegin":482,"characterOffsetEnd":488,"pos":"NN","before":" ","after":" "},{"index":9,"word":"successfully?Can","originalText":"successfully?Can","characterOffsetBegin":489,"characterOffsetEnd":505,"pos":"JJ","before":" ","after":" "},{"index":10,"word":"anyone","originalText":"anyone","characterOffsetBegin":506,"characterOffsetEnd":512,"pos":"NN","before":" ","after":" "},{"index":11,"word":"point","originalText":"point","characterOffsetBegin":513,"characterOffsetEnd":518,"pos":"NN","before":" ","after":" "},{"index":12,"word":"me","originalText":"me","characterOffsetBegin":519,"characterOffsetEnd":521,"pos":"PRP","before":" ","after":" "},{"index":13,"word":"to","originalText":"to","characterOffsetBegin":522,"characterOffsetEnd":524,"pos":"TO","before":" ","after":" "},{"index":14,"word":"any","originalText":"any","characterOffsetBegin":525,"characterOffsetEnd":528,"pos":"DT","before":" ","after":" "},{"index":15,"word":"other","originalText":"other","characterOffsetBegin":529,"characterOffsetEnd":534,"pos":"JJ","before":" ","after":" "},{"index":16,"word":"colour","originalText":"colour","characterOffsetBegin":535,"characterOffsetEnd":541,"pos":"NN","before":" ","after":" "},{"index":17,"word":"terminal","originalText":"terminal","characterOffsetBegin":542,"characterOffsetEnd":550,"pos":"JJ","before":" ","after":" "},{"index":18,"word":"emulators?We","originalText":"emulators?We","characterOffsetBegin":551,"characterOffsetEnd":563,"pos":"NN","before":" ","after":" "},{"index":19,"word":"are","originalText":"are","characterOffsetBegin":564,"characterOffsetEnd":567,"pos":"VBP","before":" ","after":" "},{"index":20,"word":"running","originalText":"running","characterOffsetBegin":568,"characterOffsetEnd":575,"pos":"VBG","before":" ","after":" "},{"index":21,"word":"OpenWindows","originalText":"OpenWindows","characterOffsetBegin":576,"characterOffsetEnd":587,"pos":"NNP","before":" ","after":" "},{"index":22,"word":"3","originalText":"3","characterOffsetBegin":588,"characterOffsetEnd":589,"pos":"CD","before":" ","after":" "},{"index":23,"word":"on","originalText":"on","characterOffsetBegin":590,"characterOffsetEnd":592,"pos":"IN","before":" ","after":" "},{"index":24,"word":"Sun","originalText":"Sun","characterOffsetBegin":593,"characterOffsetEnd":596,"pos":"NNP","before":" ","after":" "},{"index":25,"word":"Sparcs","originalText":"Sparcs","characterOffsetBegin":597,"characterOffsetEnd":603,"pos":"NNP","before":" ","after":" "},{"index":26,"word":"running","originalText":"running","characterOffsetBegin":604,"characterOffsetEnd":611,"pos":"VBG","before":" ","after":" "},{"index":27,"word":"SunOS","originalText":"SunOS","characterOffsetBegin":612,"characterOffsetEnd":617,"pos":"NN","before":" ","after":" "},{"index":28,"word":"4.1.3","originalText":"4.1.3","characterOffsetBegin":618,"characterOffsetEnd":623,"pos":"CD","before":" ","after":""},{"index":29,"word":".","originalText":".","characterOffsetBegin":623,"characterOffsetEnd":624,"pos":".","before":"","after":"\t\t\t\t"}]},{"index":4,"tokens":[{"index":1,"word":"advaTHANKSnce","originalText":"advaTHANKSnce","characterOffsetBegin":628,"characterOffsetEnd":641,"pos":"NNP","before":"\t\t\t\t","after":"  "},{"index":2,"word":"Ben","originalText":"Ben","characterOffsetBegin":643,"characterOffsetEnd":646,"pos":"NNP","before":"  ","after":" "},{"index":3,"word":"Kelley","originalText":"Kelley","characterOffsetBegin":647,"characterOffsetEnd":653,"pos":"NNP","before":" ","after":""},{"index":4,"word":".","originalText":".","characterOffsetBegin":653,"characterOffsetEnd":654,"pos":".","before":"","after":"\t\t\t\t\t\t"}]},{"index":5,"tokens":[{"index":1,"word":"ben@thor.dbsm.oz.au","originalText":"ben@thor.dbsm.oz.au","characterOffsetBegin":660,"characterOffsetEnd":679,"pos":"NN","before":"\t\t\t\t\t\t","after":""}]}]}