{"sentences":[{"index":0,"tokens":[{"index":1,"word":"From","originalText":"From","characterOffsetBegin":0,"characterOffsetEnd":4,"pos":"IN","before":"","after":""},{"index":2,"word":":","originalText":":","characterOffsetBegin":4,"characterOffsetEnd":5,"pos":":","before":"","after":" "},{"index":3,"word":"mcc@timessqr.gc.cuny.edu","originalText":"mcc@timessqr.gc.cuny.edu","characterOffsetBegin":6,"characterOffsetEnd":30,"pos":"NN","before":" ","after":" "},{"index":4,"word":"-LRB-","originalText":"(","characterOffsetBegin":31,"characterOffsetEnd":32,"pos":"-LRB-","before":" ","after":""},{"index":5,"word":"George","originalText":"George","characterOffsetBegin":32,"characterOffsetEnd":38,"pos":"NNP","before":"","after":" "},{"index":6,"word":"McClintock","originalText":"McClintock","characterOffsetBegin":39,"characterOffsetEnd":49,"pos":"NNP","before":" ","after":""},{"index":7,"word":"-RRB-","originalText":")","characterOffsetBegin":49,"characterOffsetEnd":50,"pos":"-RRB-","before":"","after":""},{"index":8,"word":"Subject","originalText":"Subject","characterOffsetBegin":50,"characterOffsetEnd":57,"pos":"NNP","before":"","after":""},{"index":9,"word":":","originalText":":","characterOffsetBegin":57,"characterOffsetEnd":58,"pos":":","before":"","after":" "},{"index":10,"word":"Re","originalText":"Re","characterOffsetBegin":59,"characterOffsetEnd":61,"pos":"NNP","before":" ","after":""},{"index":11,"word":":","originalText":":","characterOffsetBegin":61,"characterOffsetEnd":62,"pos":":","before":"","after":" "},{"index":12,"word":"XDM","originalText":"XDM","characterOffsetBegin":63,"characterOffsetEnd":66,"pos":"NNP","before":" ","after":" "},{"index":13,"word":"&","originalText":"&","characterOffsetBegin":67,"characterOffsetEnd":68,"pos":"CC","before":" ","after":" "},{"index":14,"word":"DECnet","originalText":"DECnet","characterOffsetBegin":69,"characterOffsetEnd":75,"pos":"NNP","before":" ","after":" "},{"index":15,"word":"?","originalText":"?","characterOffsetBegin":76,"characterOffsetEnd":77,"pos":".","before":" ","after":""}]},{"index":1,"tokens":[{"index":1,"word":"While","originalText":"While","characterOffsetBegin":77,"characterOffsetEnd":82,"pos":"IN","before":"","after":" "},{"index":2,"word":"I","originalText":"I","characterOffsetBegin":83,"characterOffsetEnd":84,"pos":"PRP","before":" ","after":" "},{"index":3,"word":"can","originalText":"can","characterOffsetBegin":85,"characterOffsetEnd":88,"pos":"MD","before":" ","after":""},{"index":4,"word":"not","originalText":"not","characterOffsetBegin":88,"characterOffsetEnd":91,"pos":"RB","before":"","after":" "},{"index":5,"word":"answer","originalText":"answer","characterOffsetBegin":92,"characterOffsetEnd":98,"pos":"VB","before":" ","after":" "},{"index":6,"word":"questions","originalText":"questions","characterOffsetBegin":99,"characterOffsetEnd":108,"pos":"NNS","before":" ","after":" "},{"index":7,"word":"about","originalText":"about","characterOffsetBegin":109,"characterOffsetEnd":114,"pos":"IN","before":" ","after":" "},{"index":8,"word":"running","originalText":"running","characterOffsetBegin":115,"characterOffsetEnd":122,"pos":"VBG","before":" ","after":" "},{"index":9,"word":"XDM","originalText":"XDM","characterOffsetBegin":123,"characterOffsetEnd":126,"pos":"NN","before":" ","after":" "},{"index":10,"word":"over","originalText":"over","characterOffsetBegin":127,"characterOffsetEnd":131,"pos":"IN","before":" ","after":" "},{"index":11,"word":"a","originalText":"a","characterOffsetBegin":132,"characterOffsetEnd":133,"pos":"DT","before":" ","after":" "},{"index":12,"word":"DECnet","originalText":"DECnet","characterOffsetBegin":134,"characterOffsetEnd":140,"pos":"NN","before":" ","after":""},{"index":13,"word":",","originalText":",","characterOffsetBegin":140,"characterOffsetEnd":141,"pos":",","before":"","after":" "},{"index":14,"word":"I","originalText":"I","characterOffsetBegin":142,"characterOffsetEnd":143,"pos":"PRP","before":" ","after":" "},{"index":15,"word":"cansay","originalText":"cansay","characterOffsetBegin":144,"characterOffsetEnd":150,"pos":"VBP","before":" ","after":" "},{"index":16,"word":"that","originalText":"that","characterOffsetBegin":151,"characterOffsetEnd":155,"pos":"IN","before":" ","after":" "},{"index":17,"word":"the","originalText":"the","characterOffsetBegin":156,"characterOffsetEnd":159,"pos":"DT","before":" ","after":" "},{"index":18,"word":"following","originalText":"following","characterOffsetBegin":160,"characterOffsetEnd":169,"pos":"VBG","before":" ","after":" "},{"index":19,"word":"defines","originalText":"defines","characterOffsetBegin":170,"characterOffsetEnd":177,"pos":"VBZ","before":" ","after":" "},{"index":20,"word":"must","originalText":"must","characterOffsetBegin":178,"characterOffsetEnd":182,"pos":"MD","before":" ","after":" "},{"index":21,"word":"be","originalText":"be","characterOffsetBegin":183,"characterOffsetEnd":185,"pos":"VB","before":" ","after":" "},{"index":22,"word":"added","originalText":"added","characterOffsetBegin":186,"characterOffsetEnd":191,"pos":"VBN","before":" ","after":" "},{"index":23,"word":"to","originalText":"to","characterOffsetBegin":192,"characterOffsetEnd":194,"pos":"TO","before":" ","after":" "},{"index":24,"word":"the","originalText":"the","characterOffsetBegin":195,"characterOffsetEnd":198,"pos":"DT","before":" ","after":" "},{"index":25,"word":"site.def","originalText":"site.def","characterOffsetBegin":199,"characterOffsetEnd":207,"pos":"NN","before":" ","after":" "},{"index":26,"word":"beforebuilding","originalText":"beforebuilding","characterOffsetBegin":208,"characterOffsetEnd":222,"pos":"NN","before":" ","after":" "},{"index":27,"word":"R5","originalText":"R5","characterOffsetBegin":223,"characterOffsetEnd":225,"pos":"NN","before":" ","after":" "},{"index":28,"word":"before","originalText":"before","characterOffsetBegin":226,"characterOffsetEnd":232,"pos":"IN","before":" ","after":" "},{"index":29,"word":"any","originalText":"any","characterOffsetBegin":233,"characterOffsetEnd":236,"pos":"DT","before":" ","after":" "},{"index":30,"word":"X","originalText":"X","characterOffsetBegin":237,"characterOffsetEnd":238,"pos":"NN","before":" ","after":" "},{"index":31,"word":"clients","originalText":"clients","characterOffsetBegin":239,"characterOffsetEnd":246,"pos":"NNS","before":" ","after":" "},{"index":32,"word":"will","originalText":"will","characterOffsetBegin":247,"characterOffsetEnd":251,"pos":"MD","before":" ","after":" "},{"index":33,"word":"work","originalText":"work","characterOffsetBegin":252,"characterOffsetEnd":256,"pos":"VB","before":" ","after":" "},{"index":34,"word":"over","originalText":"over","characterOffsetBegin":257,"characterOffsetEnd":261,"pos":"IN","before":" ","after":" "},{"index":35,"word":"a","originalText":"a","characterOffsetBegin":262,"characterOffsetEnd":263,"pos":"DT","before":" ","after":" "},{"index":36,"word":"DECnet.From","originalText":"DECnet.From","characterOffsetBegin":264,"characterOffsetEnd":275,"pos":"NN","before":" ","after":" "},{"index":37,"word":"site.def","originalText":"site.def","characterOffsetBegin":276,"characterOffsetEnd":284,"pos":"NN","before":" ","after":""},{"index":38,"word":"#define","originalText":"#define","characterOffsetBegin":284,"characterOffsetEnd":291,"pos":"NN","before":"","after":" "},{"index":39,"word":"ConnectionFlags","originalText":"ConnectionFlags","characterOffsetBegin":292,"characterOffsetEnd":307,"pos":"NNS","before":" ","after":" "},{"index":40,"word":"-","originalText":"-","characterOffsetBegin":308,"characterOffsetEnd":309,"pos":":","before":" ","after":""},{"index":41,"word":"DTCPCONN","originalText":"DTCPCONN","characterOffsetBegin":309,"characterOffsetEnd":317,"pos":"NN","before":"","after":" "},{"index":42,"word":"-","originalText":"-","characterOffsetBegin":318,"characterOffsetEnd":319,"pos":":","before":" ","after":""},{"index":43,"word":"DUNIXCONN","originalText":"DUNIXCONN","characterOffsetBegin":319,"characterOffsetEnd":328,"pos":"NN","before":"","after":" "},{"index":44,"word":"-","originalText":"-","characterOffsetBegin":329,"characterOffsetEnd":330,"pos":":","before":" ","after":""},{"index":45,"word":"DDNETCONN","originalText":"DDNETCONN","characterOffsetBegin":330,"characterOffsetEnd":339,"pos":"NN","before":"","after":""},{"index":46,"word":"#define","originalText":"#define","characterOffsetBegin":339,"characterOffsetEnd":346,"pos":"NN","before":"","after":" "},{"index":47,"word":"ExtraLibraries","originalText":"ExtraLibraries","characterOffsetBegin":347,"characterOffsetEnd":361,"pos":"NNS","before":" ","after":" "},{"index":48,"word":"-","originalText":"-","characterOffsetBegin":362,"characterOffsetEnd":363,"pos":":","before":" ","after":""},{"index":49,"word":"ldnetHoping","originalText":"ldnetHoping","characterOffsetBegin":363,"characterOffsetEnd":374,"pos":"NN","before":"","after":" "},{"index":50,"word":"this","originalText":"this","characterOffsetBegin":375,"characterOffsetEnd":379,"pos":"DT","before":" ","after":" "},{"index":51,"word":"helps","originalText":"helps","characterOffsetBegin":380,"characterOffsetEnd":385,"pos":"VBZ","before":" ","after":""},{"index":52,"word":",","originalText":",","characterOffsetBegin":385,"characterOffsetEnd":386,"pos":",","before":"","after":""},{"index":53,"word":"George","originalText":"George","characterOffsetBegin":386,"characterOffsetEnd":392,"pos":"NNP","before":"","after":""},{"index":54,"word":"--","originalText":"--","characterOffsetBegin":392,"characterOffsetEnd":394,"pos":":","before":"","after":""},{"index":55,"word":"/","originalText":"/","characterOffsetBegin":394,"characterOffsetEnd":395,"pos":":","before":"","after":""},{"index":56,"word":"********************************************************************","originalText":"********************************************************************","characterOffsetBegin":395,"characterOffsetEnd":463,"pos":"CD","before":"","after":" "},{"index":57,"word":"The","originalText":"The","characterOffsetBegin":464,"characterOffsetEnd":467,"pos":"DT","before":" ","after":" "},{"index":58,"word":"opinions","originalText":"opinions","characterOffsetBegin":468,"characterOffsetEnd":476,"pos":"NNS","before":" ","after":" "},{"index":59,"word":"expressed","originalText":"expressed","characterOffsetBegin":477,"characterOffsetEnd":486,"pos":"VBN","before":" ","after":" "},{"index":60,"word":"are","originalText":"are","characterOffsetBegin":487,"characterOffsetEnd":490,"pos":"VBP","before":" ","after":" "},{"index":61,"word":"those","originalText":"those","characterOffsetBegin":491,"characterOffsetEnd":496,"pos":"DT","before":" ","after":" "},{"index":62,"word":"of","originalText":"of","characterOffsetBegin":497,"characterOffsetEnd":499,"pos":"IN","before":" ","after":" "},{"index":63,"word":"the","originalText":"the","characterOffsetBegin":500,"characterOffsetEnd":503,"pos":"DT","before":" ","after":" "},{"index":64,"word":"author","originalText":"author","characterOffsetBegin":504,"characterOffsetEnd":510,"pos":"NN","before":" ","after":" "},{"index":65,"word":"and","originalText":"and","characterOffsetBegin":511,"characterOffsetEnd":514,"pos":"CC","before":" ","after":" "},{"index":66,"word":"in","originalText":"in","characterOffsetBegin":515,"characterOffsetEnd":517,"pos":"IN","before":" ","after":" "},{"index":67,"word":"no","originalText":"no","characterOffsetBegin":518,"characterOffsetEnd":520,"pos":"DT","before":" ","after":" "},{"index":68,"word":"way","originalText":"way","characterOffsetBegin":521,"characterOffsetEnd":524,"pos":"NN","before":" ","after":"     "},{"index":69,"word":"**","originalText":"**","characterOffsetBegin":529,"characterOffsetEnd":531,"pos":"SYM","before":"     ","after":" "},{"index":70,"word":"represent","originalText":"represent","characterOffsetBegin":532,"characterOffsetEnd":541,"pos":"VBP","before":" ","after":" "},{"index":71,"word":"the","originalText":"the","characterOffsetBegin":542,"characterOffsetEnd":545,"pos":"DT","before":" ","after":" "},{"index":72,"word":"opinions","originalText":"opinions","characterOffsetBegin":546,"characterOffsetEnd":554,"pos":"NNS","before":" ","after":" "},{"index":73,"word":"of","originalText":"of","characterOffsetBegin":555,"characterOffsetEnd":557,"pos":"IN","before":" ","after":" "},{"index":74,"word":"the","originalText":"the","characterOffsetBegin":558,"characterOffsetEnd":561,"pos":"DT","before":" ","after":" "},{"index":75,"word":"CUNY","originalText":"CUNY","characterOffsetBegin":562,"characterOffsetEnd":566,"pos":"NNP","before":" ","after":" "},{"index":76,"word":"Graduate","originalText":"Graduate","characterOffsetBegin":567,"characterOffsetEnd":575,"pos":"NNP","before":" ","after":" "},{"index":77,"word":"School","originalText":"School","characterOffsetBegin":576,"characterOffsetEnd":582,"pos":"NNP","before":" ","after":""},{"index":78,"word":",","originalText":",","characterOffsetBegin":582,"characterOffsetEnd":583,"pos":",","before":"","after":" "},{"index":79,"word":"its","originalText":"its","characterOffsetBegin":584,"characterOffsetEnd":587,"pos":"PRP$","before":" ","after":" "},{"index":80,"word":"agencies","originalText":"agencies","characterOffsetBegin":588,"characterOffsetEnd":596,"pos":"NNS","before":" ","after":" "},{"index":81,"word":"**","originalText":"**","characterOffsetBegin":597,"characterOffsetEnd":599,"pos":"SYM","before":" ","after":" "},{"index":82,"word":"or","originalText":"or","characterOffsetBegin":600,"characterOffsetEnd":602,"pos":"CC","before":" ","after":" "},{"index":83,"word":"personnel","originalText":"personnel","characterOffsetBegin":603,"characterOffsetEnd":612,"pos":"NNS","before":" ","after":""},{"index":84,"word":".","originalText":".","characterOffsetBegin":612,"characterOffsetEnd":613,"pos":".","before":"","after":"  "}]},{"index":2,"tokens":[{"index":1,"word":"mcc@timessqr.gc.cuny.edu","originalText":"mcc@timessqr.gc.cuny.edu","characterOffsetBegin":615,"characterOffsetEnd":639,"pos":"NN","before":"  ","after":"  "},{"index":2,"word":"|","originalText":"|","characterOffsetBegin":641,"characterOffsetEnd":642,"pos":"CD","before":"  ","after":""},{"index":3,"word":"|","originalText":"|","characterOffsetBegin":642,"characterOffsetEnd":643,"pos":"CD","before":"","after":"  "},{"index":4,"word":"CMCGC@CUNYVM.BITNET","originalText":"CMCGC@CUNYVM.BITNET","characterOffsetBegin":645,"characterOffsetEnd":664,"pos":"NNP","before":"  ","after":" "},{"index":5,"word":"********************************************************************","originalText":"********************************************************************","characterOffsetBegin":665,"characterOffsetEnd":733,"pos":"CD","before":" ","after":""},{"index":6,"word":"/","originalText":"/","characterOffsetBegin":733,"characterOffsetEnd":734,"pos":":","before":"","after":""},{"index":7,"word":"--","originalText":"--","characterOffsetBegin":734,"characterOffsetEnd":736,"pos":":","before":"","after":" "},{"index":8,"word":"/","originalText":"/","characterOffsetBegin":737,"characterOffsetEnd":738,"pos":":","before":" ","after":""},{"index":9,"word":"********************************************************************","originalText":"********************************************************************","characterOffsetBegin":738,"characterOffsetEnd":806,"pos":"CD","before":"","after":" "},{"index":10,"word":"The","originalText":"The","characterOffsetBegin":807,"characterOffsetEnd":810,"pos":"DT","before":" ","after":" "},{"index":11,"word":"opinions","originalText":"opinions","characterOffsetBegin":811,"characterOffsetEnd":819,"pos":"NNS","before":" ","after":" "},{"index":12,"word":"expressed","originalText":"expressed","characterOffsetBegin":820,"characterOffsetEnd":829,"pos":"VBN","before":" ","after":" "},{"index":13,"word":"are","originalText":"are","characterOffsetBegin":830,"characterOffsetEnd":833,"pos":"VBP","before":" ","after":" "},{"index":14,"word":"those","originalText":"those","characterOffsetBegin":834,"characterOffsetEnd":839,"pos":"DT","before":" ","after":" "},{"index":15,"word":"of","originalText":"of","characterOffsetBegin":840,"characterOffsetEnd":842,"pos":"IN","before":" ","after":" "},{"index":16,"word":"the","originalText":"the","characterOffsetBegin":843,"characterOffsetEnd":846,"pos":"DT","before":" ","after":" "},{"index":17,"word":"author","originalText":"author","characterOffsetBegin":847,"characterOffsetEnd":853,"pos":"NN","before":" ","after":" "},{"index":18,"word":"and","originalText":"and","characterOffsetBegin":854,"characterOffsetEnd":857,"pos":"CC","before":" ","after":" "},{"index":19,"word":"in","originalText":"in","characterOffsetBegin":858,"characterOffsetEnd":860,"pos":"IN","before":" ","after":" "},{"index":20,"word":"no","originalText":"no","characterOffsetBegin":861,"characterOffsetEnd":863,"pos":"DT","before":" ","after":" "},{"index":21,"word":"way","originalText":"way","characterOffsetBegin":864,"characterOffsetEnd":867,"pos":"NN","before":" ","after":"     "},{"index":22,"word":"**","originalText":"**","characterOffsetBegin":872,"characterOffsetEnd":874,"pos":"SYM","before":"     ","after":" "},{"index":23,"word":"represent","originalText":"represent","characterOffsetBegin":875,"characterOffsetEnd":884,"pos":"VBP","before":" ","after":" "},{"index":24,"word":"the","originalText":"the","characterOffsetBegin":885,"characterOffsetEnd":888,"pos":"DT","before":" ","after":" "},{"index":25,"word":"opinions","originalText":"opinions","characterOffsetBegin":889,"characterOffsetEnd":897,"pos":"NNS","before":" ","after":" "},{"index":26,"word":"of","originalText":"of","characterOffsetBegin":898,"characterOffsetEnd":900,"pos":"IN","before":" ","after":" "},{"index":27,"word":"the","originalText":"the","characterOffsetBegin":901,"characterOffsetEnd":904,"pos":"DT","before":" ","after":" "},{"index":28,"word":"CUNY","originalText":"CUNY","characterOffsetBegin":905,"characterOffsetEnd":909,"pos":"NNP","before":" ","after":" "},{"index":29,"word":"Graduate","originalText":"Graduate","characterOffsetBegin":910,"characterOffsetEnd":918,"pos":"NNP","before":" ","after":" "},{"index":30,"word":"School","originalText":"School","characterOffsetBegin":919,"characterOffsetEnd":925,"pos":"NNP","before":" ","after":""},{"index":31,"word":",","originalText":",","characterOffsetBegin":925,"characterOffsetEnd":926,"pos":",","before":"","after":" "},{"index":32,"word":"its","originalText":"its","characterOffsetBegin":927,"characterOffsetEnd":930,"pos":"PRP$","before":" ","after":" "},{"index":33,"word":"agencies","originalText":"agencies","characterOffsetBegin":931,"characterOffsetEnd":939,"pos":"NNS","before":" ","after":" "},{"index":34,"word":"**","originalText":"**","characterOffsetBegin":940,"characterOffsetEnd":942,"pos":"SYM","before":" ","after":" "},{"index":35,"word":"or","originalText":"or","characterOffsetBegin":943,"characterOffsetEnd":945,"pos":"CC","before":" ","after":" "},{"index":36,"word":"personnel","originalText":"personnel","characterOffsetBegin":946,"characterOffsetEnd":955,"pos":"NNS","before":" ","after":""},{"index":37,"word":".","originalText":".","characterOffsetBegin":955,"characterOffsetEnd":956,"pos":".","before":"","after":"  "}]},{"index":3,"tokens":[{"index":1,"word":"mcc@timessqr.gc.cuny.edu","originalText":"mcc@timessqr.gc.cuny.edu","characterOffsetBegin":958,"characterOffsetEnd":982,"pos":"NN","before":"  ","after":"  "},{"index":2,"word":"|","originalText":"|","characterOffsetBegin":984,"characterOffsetEnd":985,"pos":"CD","before":"  ","after":""},{"index":3,"word":"|","originalText":"|","characterOffsetBegin":985,"characterOffsetEnd":986,"pos":"CD","before":"","after":"  "},{"index":4,"word":"CMCGC@CUNYVM.BITNET","originalText":"CMCGC@CUNYVM.BITNET","characterOffsetBegin":988,"characterOffsetEnd":1007,"pos":"NNP","before":"  ","after":" "},{"index":5,"word":"*","originalText":"*","characterOffsetBegin":1008,"characterOffsetEnd":1009,"pos":"SYM","before":" ","after":""}]}]}