{"sentences":[{"index":0,"tokens":[{"index":1,"word":"From","originalText":"From","characterOffsetBegin":0,"characterOffsetEnd":4,"pos":"IN","before":"","after":""},{"index":2,"word":":","originalText":":","characterOffsetBegin":4,"characterOffsetEnd":5,"pos":":","before":"","after":" "},{"index":3,"word":"dcc@dcs.ed.ac.uk","originalText":"dcc@dcs.ed.ac.uk","characterOffsetBegin":6,"characterOffsetEnd":22,"pos":"NN","before":" ","after":" "},{"index":4,"word":"-LRB-","originalText":"(","characterOffsetBegin":23,"characterOffsetEnd":24,"pos":"-LRB-","before":" ","after":""},{"index":5,"word":"David","originalText":"David","characterOffsetBegin":24,"characterOffsetEnd":29,"pos":"NNP","before":"","after":" "},{"index":6,"word":"Crooke","originalText":"Crooke","characterOffsetBegin":30,"characterOffsetEnd":36,"pos":"NNP","before":" ","after":""},{"index":7,"word":"-RRB-","originalText":")","characterOffsetBegin":36,"characterOffsetEnd":37,"pos":"-RRB-","before":"","after":""},{"index":8,"word":"Subject","originalText":"Subject","characterOffsetBegin":37,"characterOffsetEnd":44,"pos":"NNP","before":"","after":""},{"index":9,"word":":","originalText":":","characterOffsetBegin":44,"characterOffsetEnd":45,"pos":":","before":"","after":" "},{"index":10,"word":"Bitplaned","originalText":"Bitplaned","characterOffsetBegin":46,"characterOffsetEnd":55,"pos":"NNP","before":" ","after":" "},{"index":11,"word":"-LRB-","originalText":"(","characterOffsetBegin":56,"characterOffsetEnd":57,"pos":"-LRB-","before":" ","after":""},{"index":12,"word":"``","originalText":"\"","characterOffsetBegin":57,"characterOffsetEnd":58,"pos":"``","before":"","after":""},{"index":13,"word":"non-chunky","originalText":"non-chunky","characterOffsetBegin":58,"characterOffsetEnd":68,"pos":"JJ","before":"","after":""},{"index":14,"word":"''","originalText":"\"","characterOffsetBegin":68,"characterOffsetEnd":69,"pos":"''","before":"","after":" "},{"index":15,"word":"pixel","originalText":"pixel","characterOffsetBegin":70,"characterOffsetEnd":75,"pos":"NN","before":" ","after":""},{"index":16,"word":"-RRB-","originalText":")","characterOffsetBegin":75,"characterOffsetEnd":76,"pos":"-RRB-","before":"","after":" "},{"index":17,"word":"cfb","originalText":"cfb","characterOffsetBegin":77,"characterOffsetEnd":80,"pos":"NN","before":" ","after":""},{"index":18,"word":"????","originalText":"????","characterOffsetBegin":80,"characterOffsetEnd":84,"pos":"CD","before":"","after":""}]},{"index":1,"tokens":[{"index":1,"word":"Is","originalText":"Is","characterOffsetBegin":84,"characterOffsetEnd":86,"pos":"VBZ","before":"","after":" "},{"index":2,"word":"there","originalText":"there","characterOffsetBegin":87,"characterOffsetEnd":92,"pos":"EX","before":" ","after":" "},{"index":3,"word":"a","originalText":"a","characterOffsetBegin":93,"characterOffsetEnd":94,"pos":"DT","before":" ","after":" "},{"index":4,"word":"PD","originalText":"PD","characterOffsetBegin":95,"characterOffsetEnd":97,"pos":"NN","before":" ","after":" "},{"index":5,"word":"version","originalText":"version","characterOffsetBegin":98,"characterOffsetEnd":105,"pos":"NN","before":" ","after":" "},{"index":6,"word":"of","originalText":"of","characterOffsetBegin":106,"characterOffsetEnd":108,"pos":"IN","before":" ","after":" "},{"index":7,"word":"cfb","originalText":"cfb","characterOffsetBegin":109,"characterOffsetEnd":112,"pos":"NN","before":" ","after":""},{"index":8,"word":",","originalText":",","characterOffsetBegin":112,"characterOffsetEnd":113,"pos":",","before":"","after":" "},{"index":9,"word":"or","originalText":"or","characterOffsetBegin":114,"characterOffsetEnd":116,"pos":"CC","before":" ","after":" "},{"index":10,"word":"other","originalText":"other","characterOffsetBegin":117,"characterOffsetEnd":122,"pos":"JJ","before":" ","after":" "},{"index":11,"word":"PD","originalText":"PD","characterOffsetBegin":123,"characterOffsetEnd":125,"pos":"NN","before":" ","after":" "},{"index":12,"word":"server","originalText":"server","characterOffsetBegin":126,"characterOffsetEnd":132,"pos":"NN","before":" ","after":" "},{"index":13,"word":"stuff","originalText":"stuff","characterOffsetBegin":133,"characterOffsetEnd":138,"pos":"NN","before":" ","after":""},{"index":14,"word":",","originalText":",","characterOffsetBegin":138,"characterOffsetEnd":139,"pos":",","before":"","after":" "},{"index":15,"word":"which","originalText":"which","characterOffsetBegin":140,"characterOffsetEnd":145,"pos":"WDT","before":" ","after":" "},{"index":16,"word":"has","originalText":"has","characterOffsetBegin":146,"characterOffsetEnd":149,"pos":"VBZ","before":" ","after":" "},{"index":17,"word":"a","originalText":"a","characterOffsetBegin":150,"characterOffsetEnd":151,"pos":"DT","before":" ","after":" "},{"index":18,"word":"colour","originalText":"colour","characterOffsetBegin":152,"characterOffsetEnd":158,"pos":"NN","before":" ","after":" "},{"index":19,"word":"framebuffer","originalText":"framebuffer","characterOffsetBegin":159,"characterOffsetEnd":170,"pos":"NN","before":" ","after":" "},{"index":20,"word":"implementation","originalText":"implementation","characterOffsetBegin":171,"characterOffsetEnd":185,"pos":"NN","before":" ","after":" "},{"index":21,"word":"which","originalText":"which","characterOffsetBegin":186,"characterOffsetEnd":191,"pos":"WDT","before":" ","after":" "},{"index":22,"word":"works","originalText":"works","characterOffsetBegin":192,"characterOffsetEnd":197,"pos":"VBZ","before":" ","after":" "},{"index":23,"word":"in","originalText":"in","characterOffsetBegin":198,"characterOffsetEnd":200,"pos":"IN","before":" ","after":" "},{"index":24,"word":"bitplaned","originalText":"bitplaned","characterOffsetBegin":201,"characterOffsetEnd":210,"pos":"JJ","before":" ","after":" "},{"index":25,"word":"mode","originalText":"mode","characterOffsetBegin":211,"characterOffsetEnd":215,"pos":"NN","before":" ","after":""},{"index":26,"word":",","originalText":",","characterOffsetBegin":215,"characterOffsetEnd":216,"pos":",","before":"","after":" "},{"index":27,"word":"i.e.","originalText":"i.e.","characterOffsetBegin":217,"characterOffsetEnd":221,"pos":"FW","before":" ","after":" "},{"index":28,"word":"where","originalText":"where","characterOffsetBegin":222,"characterOffsetEnd":227,"pos":"WRB","before":" ","after":" "},{"index":29,"word":"the","originalText":"the","characterOffsetBegin":228,"characterOffsetEnd":231,"pos":"DT","before":" ","after":" "},{"index":30,"word":"screenmemory","originalText":"screenmemory","characterOffsetBegin":232,"characterOffsetEnd":244,"pos":"NN","before":" ","after":" "},{"index":31,"word":"is","originalText":"is","characterOffsetBegin":245,"characterOffsetEnd":247,"pos":"VBZ","before":" ","after":" "},{"index":32,"word":"grouped","originalText":"grouped","characterOffsetBegin":248,"characterOffsetEnd":255,"pos":"VBN","before":" ","after":" "},{"index":33,"word":"so","originalText":"so","characterOffsetBegin":256,"characterOffsetEnd":258,"pos":"IN","before":" ","after":" "},{"index":34,"word":"that","originalText":"that","characterOffsetBegin":259,"characterOffsetEnd":263,"pos":"IN","before":" ","after":" "},{"index":35,"word":"``","originalText":"\"","characterOffsetBegin":264,"characterOffsetEnd":265,"pos":"``","before":" ","after":""},{"index":36,"word":"bit","originalText":"bit","characterOffsetBegin":265,"characterOffsetEnd":268,"pos":"NN","before":"","after":" "},{"index":37,"word":"0","originalText":"0","characterOffsetBegin":269,"characterOffsetEnd":270,"pos":"CD","before":" ","after":" "},{"index":38,"word":"of","originalText":"of","characterOffsetBegin":271,"characterOffsetEnd":273,"pos":"IN","before":" ","after":" "},{"index":39,"word":"every","originalText":"every","characterOffsetBegin":274,"characterOffsetEnd":279,"pos":"DT","before":" ","after":" "},{"index":40,"word":"pixel","originalText":"pixel","characterOffsetBegin":280,"characterOffsetEnd":285,"pos":"NN","before":" ","after":" "},{"index":41,"word":"is","originalText":"is","characterOffsetBegin":286,"characterOffsetEnd":288,"pos":"VBZ","before":" ","after":" "},{"index":42,"word":"here","originalText":"here","characterOffsetBegin":289,"characterOffsetEnd":293,"pos":"RB","before":" ","after":""},{"index":43,"word":",","originalText":",","characterOffsetBegin":293,"characterOffsetEnd":294,"pos":",","before":"","after":" "},{"index":44,"word":"bit","originalText":"bit","characterOffsetBegin":295,"characterOffsetEnd":298,"pos":"NN","before":" ","after":" "},{"index":45,"word":"1","originalText":"1","characterOffsetBegin":299,"characterOffsetEnd":300,"pos":"CD","before":" ","after":" "},{"index":46,"word":"is","originalText":"is","characterOffsetBegin":301,"characterOffsetEnd":303,"pos":"VBZ","before":" ","after":" "},{"index":47,"word":"there","originalText":"there","characterOffsetBegin":304,"characterOffsetEnd":309,"pos":"RB","before":" ","after":""},{"index":48,"word":",","originalText":",","characterOffsetBegin":309,"characterOffsetEnd":310,"pos":",","before":"","after":" "},{"index":49,"word":"etc.","originalText":"etc.","characterOffsetBegin":311,"characterOffsetEnd":315,"pos":"FW","before":" ","after":""},{"index":50,"word":"``","originalText":"\"","characterOffsetBegin":315,"characterOffsetEnd":316,"pos":"``","before":"","after":""},{"index":51,"word":"The","originalText":"The","characterOffsetBegin":316,"characterOffsetEnd":319,"pos":"DT","before":"","after":" "},{"index":52,"word":"only","originalText":"only","characterOffsetBegin":320,"characterOffsetEnd":324,"pos":"RB","before":" ","after":" "},{"index":53,"word":"such","originalText":"such","characterOffsetBegin":325,"characterOffsetEnd":329,"pos":"JJ","before":" ","after":" "},{"index":54,"word":"beast","originalText":"beast","characterOffsetBegin":330,"characterOffsetEnd":335,"pos":"NN","before":" ","after":" "},{"index":55,"word":"I","originalText":"I","characterOffsetBegin":336,"characterOffsetEnd":337,"pos":"PRP","before":" ","after":" "},{"index":56,"word":"know","originalText":"know","characterOffsetBegin":338,"characterOffsetEnd":342,"pos":"VBP","before":" ","after":" "},{"index":57,"word":"if","originalText":"if","characterOffsetBegin":343,"characterOffsetEnd":345,"pos":"IN","before":" ","after":" "},{"index":58,"word":"at","originalText":"at","characterOffsetBegin":346,"characterOffsetEnd":348,"pos":"IN","before":" ","after":" "},{"index":59,"word":"the","originalText":"the","characterOffsetBegin":349,"characterOffsetEnd":352,"pos":"DT","before":" ","after":" "},{"index":60,"word":"moment","originalText":"moment","characterOffsetBegin":353,"characterOffsetEnd":359,"pos":"NN","before":" ","after":" "},{"index":61,"word":"is","originalText":"is","characterOffsetBegin":360,"characterOffsetEnd":362,"pos":"VBZ","before":" ","after":" "},{"index":62,"word":"the","originalText":"the","characterOffsetBegin":363,"characterOffsetEnd":366,"pos":"DT","before":" ","after":" "},{"index":63,"word":"GfxBase","originalText":"GfxBase","characterOffsetBegin":367,"characterOffsetEnd":374,"pos":"NNP","before":" ","after":" "},{"index":64,"word":"server","originalText":"server","characterOffsetBegin":375,"characterOffsetEnd":381,"pos":"NN","before":" ","after":" "},{"index":65,"word":"for","originalText":"for","characterOffsetBegin":382,"characterOffsetEnd":385,"pos":"IN","before":" ","after":" "},{"index":66,"word":"theCommodore","originalText":"theCommodore","characterOffsetBegin":386,"characterOffsetEnd":398,"pos":"NN","before":" ","after":" "},{"index":67,"word":"Amiga","originalText":"Amiga","characterOffsetBegin":399,"characterOffsetEnd":404,"pos":"NNP","before":" ","after":""},{"index":68,"word":",","originalText":",","characterOffsetBegin":404,"characterOffsetEnd":405,"pos":",","before":"","after":" "},{"index":69,"word":"and","originalText":"and","characterOffsetBegin":406,"characterOffsetEnd":409,"pos":"CC","before":" ","after":" "},{"index":70,"word":"it","originalText":"it","characterOffsetBegin":410,"characterOffsetEnd":412,"pos":"PRP","before":" ","after":" "},{"index":71,"word":"is","originalText":"is","characterOffsetBegin":413,"characterOffsetEnd":415,"pos":"VBZ","before":" ","after":" "},{"index":72,"word":"commercial","originalText":"commercial","characterOffsetBegin":416,"characterOffsetEnd":426,"pos":"JJ","before":" ","after":""},{"index":73,"word":".","originalText":".","characterOffsetBegin":426,"characterOffsetEnd":427,"pos":".","before":"","after":" "}]},{"index":2,"tokens":[{"index":1,"word":"I","originalText":"I","characterOffsetBegin":428,"characterOffsetEnd":429,"pos":"PRP","before":" ","after":" "},{"index":2,"word":"do","originalText":"do","characterOffsetBegin":430,"characterOffsetEnd":432,"pos":"VBP","before":" ","after":""},{"index":3,"word":"n't","originalText":"n't","characterOffsetBegin":432,"characterOffsetEnd":435,"pos":"RB","before":"","after":" "},{"index":4,"word":"know","originalText":"know","characterOffsetBegin":436,"characterOffsetEnd":440,"pos":"VB","before":" ","after":" "},{"index":5,"word":"if","originalText":"if","characterOffsetBegin":441,"characterOffsetEnd":443,"pos":"IN","before":" ","after":" "},{"index":6,"word":"they","originalText":"they","characterOffsetBegin":444,"characterOffsetEnd":448,"pos":"PRP","before":" ","after":" "},{"index":7,"word":"wrote","originalText":"wrote","characterOffsetBegin":449,"characterOffsetEnd":454,"pos":"VBD","before":" ","after":" "},{"index":8,"word":"their","originalText":"their","characterOffsetBegin":455,"characterOffsetEnd":460,"pos":"PRP$","before":" ","after":" "},{"index":9,"word":"own","originalText":"own","characterOffsetBegin":461,"characterOffsetEnd":464,"pos":"JJ","before":" ","after":" "},{"index":10,"word":"cfb","originalText":"cfb","characterOffsetBegin":465,"characterOffsetEnd":468,"pos":"NN","before":" ","after":""},{"index":11,"word":",","originalText":",","characterOffsetBegin":468,"characterOffsetEnd":469,"pos":",","before":"","after":""},{"index":12,"word":"but","originalText":"but","characterOffsetBegin":469,"characterOffsetEnd":472,"pos":"CC","before":"","after":" "},{"index":13,"word":"I","originalText":"I","characterOffsetBegin":473,"characterOffsetEnd":474,"pos":"PRP","before":" ","after":" "},{"index":14,"word":"suspect","originalText":"suspect","characterOffsetBegin":475,"characterOffsetEnd":482,"pos":"VBP","before":" ","after":" "},{"index":15,"word":"they","originalText":"they","characterOffsetBegin":483,"characterOffsetEnd":487,"pos":"PRP","before":" ","after":" "},{"index":16,"word":"did.Please","originalText":"did.Please","characterOffsetBegin":488,"characterOffsetEnd":498,"pos":"NN","before":" ","after":" "},{"index":17,"word":"respond","originalText":"respond","characterOffsetBegin":499,"characterOffsetEnd":506,"pos":"NN","before":" ","after":" "},{"index":18,"word":"by","originalText":"by","characterOffsetBegin":507,"characterOffsetEnd":509,"pos":"IN","before":" ","after":" "},{"index":19,"word":"email","originalText":"email","characterOffsetBegin":510,"characterOffsetEnd":515,"pos":"NN","before":" ","after":""},{"index":20,"word":",","originalText":",","characterOffsetBegin":515,"characterOffsetEnd":516,"pos":",","before":"","after":" "},{"index":21,"word":"as","originalText":"as","characterOffsetBegin":517,"characterOffsetEnd":519,"pos":"IN","before":" ","after":" "},{"index":22,"word":"I","originalText":"I","characterOffsetBegin":520,"characterOffsetEnd":521,"pos":"PRP","before":" ","after":" "},{"index":23,"word":"do","originalText":"do","characterOffsetBegin":522,"characterOffsetEnd":524,"pos":"VBP","before":" ","after":""},{"index":24,"word":"n't","originalText":"n't","characterOffsetBegin":524,"characterOffsetEnd":527,"pos":"RB","before":"","after":" "},{"index":25,"word":"read","originalText":"read","characterOffsetBegin":528,"characterOffsetEnd":532,"pos":"VB","before":" ","after":" "},{"index":26,"word":"this","originalText":"this","characterOffsetBegin":533,"characterOffsetEnd":537,"pos":"DT","before":" ","after":" "},{"index":27,"word":"group.Many","originalText":"group.Many","characterOffsetBegin":538,"characterOffsetEnd":548,"pos":"NN","before":" ","after":" "},{"index":28,"word":"thanksDave","originalText":"thanksDave","characterOffsetBegin":549,"characterOffsetEnd":559,"pos":"NN","before":" ","after":""},{"index":29,"word":"--","originalText":"--","characterOffsetBegin":559,"characterOffsetEnd":561,"pos":":","before":"","after":" "},{"index":30,"word":"David","originalText":"David","characterOffsetBegin":562,"characterOffsetEnd":567,"pos":"NNP","before":" ","after":" "},{"index":31,"word":"Crooke","originalText":"Crooke","characterOffsetBegin":568,"characterOffsetEnd":574,"pos":"NNP","before":" ","after":""},{"index":32,"word":",","originalText":",","characterOffsetBegin":574,"characterOffsetEnd":575,"pos":",","before":"","after":" "},{"index":33,"word":"Department","originalText":"Department","characterOffsetBegin":576,"characterOffsetEnd":586,"pos":"NNP","before":" ","after":" "},{"index":34,"word":"of","originalText":"of","characterOffsetBegin":587,"characterOffsetEnd":589,"pos":"IN","before":" ","after":" "},{"index":35,"word":"Computer","originalText":"Computer","characterOffsetBegin":590,"characterOffsetEnd":598,"pos":"NNP","before":" ","after":" "},{"index":36,"word":"Science","originalText":"Science","characterOffsetBegin":599,"characterOffsetEnd":606,"pos":"NNP","before":" ","after":""},{"index":37,"word":",","originalText":",","characterOffsetBegin":606,"characterOffsetEnd":607,"pos":",","before":"","after":" "},{"index":38,"word":"University","originalText":"University","characterOffsetBegin":608,"characterOffsetEnd":618,"pos":"NNP","before":" ","after":" "},{"index":39,"word":"of","originalText":"of","characterOffsetBegin":619,"characterOffsetEnd":621,"pos":"IN","before":" ","after":" "},{"index":40,"word":"EdinburghJanet","originalText":"EdinburghJanet","characterOffsetBegin":622,"characterOffsetEnd":636,"pos":"NNP","before":" ","after":" "},{"index":41,"word":"dcc@ed.dcs","originalText":"dcc@ed.dcs","characterOffsetBegin":637,"characterOffsetEnd":647,"pos":"NNS","before":" ","after":"  "},{"index":42,"word":":","originalText":":","characterOffsetBegin":649,"characterOffsetEnd":650,"pos":":","before":"  ","after":"  "},{"index":43,"word":"Internet","originalText":"Internet","characterOffsetBegin":652,"characterOffsetEnd":660,"pos":"NNP","before":"  ","after":" "},{"index":44,"word":"dcc@dcs.ed.ac.uk","originalText":"dcc@dcs.ed.ac.uk","characterOffsetBegin":661,"characterOffsetEnd":677,"pos":"NNP","before":" ","after":"  "},{"index":45,"word":":","originalText":":","characterOffsetBegin":679,"characterOffsetEnd":680,"pos":":","before":"  ","after":"  "},{"index":46,"word":"IP","originalText":"IP","characterOffsetBegin":682,"characterOffsetEnd":684,"pos":"NNP","before":"  ","after":" "},{"index":47,"word":"talk","originalText":"talk","characterOffsetBegin":685,"characterOffsetEnd":689,"pos":"NN","before":" ","after":" "},{"index":48,"word":"dcc@129.215.160.2Work:","originalText":"dcc@129.215.160.2Work:","characterOffsetBegin":690,"characterOffsetEnd":712,"pos":"NN","before":" ","after":" "},{"index":49,"word":"JCMB","originalText":"JCMB","characterOffsetBegin":713,"characterOffsetEnd":717,"pos":"NN","before":" ","after":" "},{"index":50,"word":"Rm","originalText":"Rm","characterOffsetBegin":718,"characterOffsetEnd":720,"pos":"NN","before":" ","after":" "},{"index":51,"word":"3310","originalText":"3310","characterOffsetBegin":721,"characterOffsetEnd":725,"pos":"CD","before":" ","after":""},{"index":52,"word":",","originalText":",","characterOffsetBegin":725,"characterOffsetEnd":726,"pos":",","before":"","after":" "},{"index":53,"word":"King","originalText":"King","characterOffsetBegin":727,"characterOffsetEnd":731,"pos":"NNP","before":" ","after":""},{"index":54,"word":"'s","originalText":"'s","characterOffsetBegin":731,"characterOffsetEnd":733,"pos":"POS","before":"","after":" "},{"index":55,"word":"Bldgs","originalText":"Bldgs","characterOffsetBegin":734,"characterOffsetEnd":739,"pos":"NNP","before":" ","after":""},{"index":56,"word":",","originalText":",","characterOffsetBegin":739,"characterOffsetEnd":740,"pos":",","before":"","after":" "},{"index":57,"word":"W","originalText":"W","characterOffsetBegin":741,"characterOffsetEnd":742,"pos":"NNP","before":" ","after":" "},{"index":58,"word":"Mains","originalText":"Mains","characterOffsetBegin":743,"characterOffsetEnd":748,"pos":"NNP","before":" ","after":" "},{"index":59,"word":"Rd.","originalText":"Rd.","characterOffsetBegin":749,"characterOffsetEnd":752,"pos":"NNP","before":" ","after":""},{"index":60,"word":",","originalText":",","characterOffsetBegin":752,"characterOffsetEnd":753,"pos":",","before":"","after":" "},{"index":61,"word":"Edinburgh","originalText":"Edinburgh","characterOffsetBegin":754,"characterOffsetEnd":763,"pos":"NNP","before":" ","after":" "},{"index":62,"word":"EH9","originalText":"EH9","characterOffsetBegin":764,"characterOffsetEnd":767,"pos":"NNP","before":" ","after":" "},{"index":63,"word":"3JZ","originalText":"3JZ","characterOffsetBegin":768,"characterOffsetEnd":771,"pos":"NNP","before":" ","after":""},{"index":64,"word":".","originalText":".","characterOffsetBegin":771,"characterOffsetEnd":772,"pos":".","before":"","after":" "}]},{"index":3,"tokens":[{"index":1,"word":"031 650 6013","originalText":"031 650 6013","characterOffsetBegin":773,"characterOffsetEnd":785,"pos":"NNP","before":" ","after":""},{"index":2,"word":"Home","originalText":"Home","characterOffsetBegin":785,"characterOffsetEnd":789,"pos":"NNP","before":"","after":""},{"index":3,"word":":","originalText":":","characterOffsetBegin":789,"characterOffsetEnd":790,"pos":":","before":"","after":" "},{"index":4,"word":"2FL","originalText":"2FL","characterOffsetBegin":791,"characterOffsetEnd":794,"pos":"NN","before":" ","after":""},{"index":5,"word":",","originalText":",","characterOffsetBegin":794,"characterOffsetEnd":795,"pos":",","before":"","after":" "},{"index":6,"word":"39","originalText":"39","characterOffsetBegin":796,"characterOffsetEnd":798,"pos":"CD","before":" ","after":" "},{"index":7,"word":"Woodburn","originalText":"Woodburn","characterOffsetBegin":799,"characterOffsetEnd":807,"pos":"NNP","before":" ","after":" "},{"index":8,"word":"Terr","originalText":"Terr","characterOffsetBegin":808,"characterOffsetEnd":812,"pos":"NNP","before":" ","after":""},{"index":9,"word":",","originalText":",","characterOffsetBegin":812,"characterOffsetEnd":813,"pos":",","before":"","after":" "},{"index":10,"word":"M'side","originalText":"M'side","characterOffsetBegin":814,"characterOffsetEnd":820,"pos":"NNP","before":" ","after":""},{"index":11,"word":",","originalText":",","characterOffsetBegin":820,"characterOffsetEnd":821,"pos":",","before":"","after":" "},{"index":12,"word":"Edinburgh","originalText":"Edinburgh","characterOffsetBegin":822,"characterOffsetEnd":831,"pos":"NNP","before":" ","after":" "},{"index":13,"word":"EH10","originalText":"EH10","characterOffsetBegin":832,"characterOffsetEnd":836,"pos":"NN","before":" ","after":" "},{"index":14,"word":"4ST","originalText":"4ST","characterOffsetBegin":837,"characterOffsetEnd":840,"pos":"NN","before":" ","after":""},{"index":15,"word":".","originalText":".","characterOffsetBegin":840,"characterOffsetEnd":841,"pos":".","before":"","after":" "}]},{"index":4,"tokens":[{"index":1,"word":"Tel","originalText":"Tel","characterOffsetBegin":842,"characterOffsetEnd":845,"pos":"NNP","before":" ","after":""},{"index":2,"word":":","originalText":":","characterOffsetBegin":845,"characterOffsetEnd":846,"pos":":","before":"","after":" "},{"index":3,"word":"031 452 9067","originalText":"031 452 9067","characterOffsetBegin":847,"characterOffsetEnd":859,"pos":"CD","before":" ","after":""}]}]}