{"sentences":[{"index":0,"tokens":[{"index":1,"word":"From","originalText":"From","characterOffsetBegin":0,"characterOffsetEnd":4,"pos":"IN","before":"","after":""},{"index":2,"word":":","originalText":":","characterOffsetBegin":4,"characterOffsetEnd":5,"pos":":","before":"","after":" "},{"index":3,"word":"martinh@cac.washington.EDU","originalText":"martinh@cac.washington.EDU","characterOffsetBegin":6,"characterOffsetEnd":32,"pos":"NN","before":" ","after":" "},{"index":4,"word":"-LRB-","originalText":"(","characterOffsetBegin":33,"characterOffsetEnd":34,"pos":"-LRB-","before":" ","after":""},{"index":5,"word":"Martin","originalText":"Martin","characterOffsetBegin":34,"characterOffsetEnd":40,"pos":"NNP","before":"","after":" "},{"index":6,"word":"Hunt","originalText":"Hunt","characterOffsetBegin":41,"characterOffsetEnd":45,"pos":"NNP","before":" ","after":""},{"index":7,"word":"-RRB-","originalText":")","characterOffsetBegin":45,"characterOffsetEnd":46,"pos":"-RRB-","before":"","after":""},{"index":8,"word":"Subject","originalText":"Subject","characterOffsetBegin":46,"characterOffsetEnd":53,"pos":"NNP","before":"","after":""},{"index":9,"word":":","originalText":":","characterOffsetBegin":53,"characterOffsetEnd":54,"pos":":","before":"","after":" "},{"index":10,"word":"Announcing","originalText":"Announcing","characterOffsetBegin":55,"characterOffsetEnd":65,"pos":"VBG","before":" ","after":" "},{"index":11,"word":"tcpview","originalText":"tcpview","characterOffsetBegin":66,"characterOffsetEnd":73,"pos":"NN","before":" ","after":""},{"index":12,"word":":","originalText":":","characterOffsetBegin":73,"characterOffsetEnd":74,"pos":":","before":"","after":" "},{"index":13,"word":"A","originalText":"A","characterOffsetBegin":75,"characterOffsetEnd":76,"pos":"DT","before":" ","after":" "},{"index":14,"word":"Motif-based","originalText":"Motif-based","characterOffsetBegin":77,"characterOffsetEnd":88,"pos":"JJ","before":" ","after":" "},{"index":15,"word":"TCP/IP","originalText":"TCP/IP","characterOffsetBegin":89,"characterOffsetEnd":95,"pos":"NN","before":" ","after":" "},{"index":16,"word":"protocol","originalText":"protocol","characterOffsetBegin":96,"characterOffsetEnd":104,"pos":"NN","before":" ","after":" "},{"index":17,"word":"analyzerTcpview","originalText":"analyzerTcpview","characterOffsetBegin":105,"characterOffsetEnd":120,"pos":"NN","before":" ","after":" "},{"index":18,"word":"is","originalText":"is","characterOffsetBegin":121,"characterOffsetEnd":123,"pos":"VBZ","before":" ","after":" "},{"index":19,"word":"the","originalText":"the","characterOffsetBegin":124,"characterOffsetEnd":127,"pos":"DT","before":" ","after":" "},{"index":20,"word":"result","originalText":"result","characterOffsetBegin":128,"characterOffsetEnd":134,"pos":"NN","before":" ","after":" "},{"index":21,"word":"of","originalText":"of","characterOffsetBegin":135,"characterOffsetEnd":137,"pos":"IN","before":" ","after":" "},{"index":22,"word":"several","originalText":"several","characterOffsetBegin":138,"characterOffsetEnd":145,"pos":"JJ","before":" ","after":" "},{"index":23,"word":"problems","originalText":"problems","characterOffsetBegin":146,"characterOffsetEnd":154,"pos":"NNS","before":" ","after":" "},{"index":24,"word":"we","originalText":"we","characterOffsetBegin":155,"characterOffsetEnd":157,"pos":"PRP","before":" ","after":" "},{"index":25,"word":"had","originalText":"had","characterOffsetBegin":158,"characterOffsetEnd":161,"pos":"VBD","before":" ","after":" "},{"index":26,"word":"at","originalText":"at","characterOffsetBegin":162,"characterOffsetEnd":164,"pos":"IN","before":" ","after":" "},{"index":27,"word":"UW","originalText":"UW","characterOffsetBegin":165,"characterOffsetEnd":167,"pos":"NNP","before":" ","after":""},{"index":28,"word":".","originalText":".","characterOffsetBegin":167,"characterOffsetEnd":168,"pos":".","before":"","after":"  "}]},{"index":1,"tokens":[{"index":1,"word":"We","originalText":"We","characterOffsetBegin":170,"characterOffsetEnd":172,"pos":"PRP","before":"  ","after":" "},{"index":2,"word":"have","originalText":"have","characterOffsetBegin":173,"characterOffsetEnd":177,"pos":"VBP","before":" ","after":" "},{"index":3,"word":"severalNetwork","originalText":"severalNetwork","characterOffsetBegin":178,"characterOffsetEnd":192,"pos":"NNP","before":" ","after":" "},{"index":4,"word":"General","originalText":"General","characterOffsetBegin":193,"characterOffsetEnd":200,"pos":"NNP","before":" ","after":" "},{"index":5,"word":"Sniffers","originalText":"Sniffers","characterOffsetBegin":201,"characterOffsetEnd":209,"pos":"NNP","before":" ","after":" "},{"index":6,"word":"which","originalText":"which","characterOffsetBegin":210,"characterOffsetEnd":215,"pos":"WDT","before":" ","after":" "},{"index":7,"word":"are","originalText":"are","characterOffsetBegin":216,"characterOffsetEnd":219,"pos":"VBP","before":" ","after":" "},{"index":8,"word":"heavily","originalText":"heavily","characterOffsetBegin":220,"characterOffsetEnd":227,"pos":"RB","before":" ","after":" "},{"index":9,"word":"used","originalText":"used","characterOffsetBegin":228,"characterOffsetEnd":232,"pos":"VBN","before":" ","after":" "},{"index":10,"word":"to","originalText":"to","characterOffsetBegin":233,"characterOffsetEnd":235,"pos":"TO","before":" ","after":" "},{"index":11,"word":"help","originalText":"help","characterOffsetBegin":236,"characterOffsetEnd":240,"pos":"VB","before":" ","after":" "},{"index":12,"word":"debug","originalText":"debug","characterOffsetBegin":241,"characterOffsetEnd":246,"pos":"VB","before":" ","after":" "},{"index":13,"word":"problems","originalText":"problems","characterOffsetBegin":247,"characterOffsetEnd":255,"pos":"NNS","before":" ","after":" "},{"index":14,"word":"onseveral","originalText":"onseveral","characterOffsetBegin":256,"characterOffsetEnd":265,"pos":"JJ","before":" ","after":" "},{"index":15,"word":"hundred","originalText":"hundred","characterOffsetBegin":266,"characterOffsetEnd":273,"pos":"CD","before":" ","after":" "},{"index":16,"word":"subnets","originalText":"subnets","characterOffsetBegin":274,"characterOffsetEnd":281,"pos":"NNS","before":" ","after":""},{"index":17,"word":".","originalText":".","characterOffsetBegin":281,"characterOffsetEnd":282,"pos":".","before":"","after":" "}]},{"index":2,"tokens":[{"index":1,"word":"These","originalText":"These","characterOffsetBegin":283,"characterOffsetEnd":288,"pos":"DT","before":" ","after":" "},{"index":2,"word":"are","originalText":"are","characterOffsetBegin":289,"characterOffsetEnd":292,"pos":"VBP","before":" ","after":" "},{"index":3,"word":"good","originalText":"good","characterOffsetBegin":293,"characterOffsetEnd":297,"pos":"JJ","before":" ","after":" "},{"index":4,"word":"tools","originalText":"tools","characterOffsetBegin":298,"characterOffsetEnd":303,"pos":"NNS","before":" ","after":""},{"index":5,"word":",","originalText":",","characterOffsetBegin":303,"characterOffsetEnd":304,"pos":",","before":"","after":" "},{"index":6,"word":"but","originalText":"but","characterOffsetBegin":305,"characterOffsetEnd":308,"pos":"CC","before":" ","after":" "},{"index":7,"word":"they","originalText":"they","characterOffsetBegin":309,"characterOffsetEnd":313,"pos":"PRP","before":" ","after":" "},{"index":8,"word":"are","originalText":"are","characterOffsetBegin":314,"characterOffsetEnd":317,"pos":"VBP","before":" ","after":" "},{"index":9,"word":"1","originalText":"1","characterOffsetBegin":318,"characterOffsetEnd":319,"pos":"LS","before":" ","after":""},{"index":10,"word":"-RRB-","originalText":")","characterOffsetBegin":319,"characterOffsetEnd":320,"pos":"-RRB-","before":"","after":" "},{"index":11,"word":"heavy","originalText":"heavy","characterOffsetBegin":321,"characterOffsetEnd":326,"pos":"JJ","before":" ","after":""},{"index":12,"word":",","originalText":",","characterOffsetBegin":326,"characterOffsetEnd":327,"pos":",","before":"","after":" "},{"index":13,"word":"2","originalText":"2","characterOffsetBegin":328,"characterOffsetEnd":329,"pos":"LS","before":" ","after":""},{"index":14,"word":"-RRB-","originalText":")","characterOffsetBegin":329,"characterOffsetEnd":330,"pos":"-RRB-","before":"","after":" "},{"index":15,"word":"hard","originalText":"hard","characterOffsetBegin":331,"characterOffsetEnd":335,"pos":"JJ","before":" ","after":" "},{"index":16,"word":"to","originalText":"to","characterOffsetBegin":336,"characterOffsetEnd":338,"pos":"TO","before":" ","after":" "},{"index":17,"word":"find","originalText":"find","characterOffsetBegin":339,"characterOffsetEnd":343,"pos":"VB","before":" ","after":" "},{"index":18,"word":"when","originalText":"when","characterOffsetBegin":344,"characterOffsetEnd":348,"pos":"WRB","before":" ","after":" "},{"index":19,"word":"you","originalText":"you","characterOffsetBegin":349,"characterOffsetEnd":352,"pos":"PRP","before":" ","after":" "},{"index":20,"word":"need","originalText":"need","characterOffsetBegin":353,"characterOffsetEnd":357,"pos":"VBP","before":" ","after":" "},{"index":21,"word":"one","originalText":"one","characterOffsetBegin":358,"characterOffsetEnd":361,"pos":"CD","before":" ","after":""},{"index":22,"word":",","originalText":",","characterOffsetBegin":361,"characterOffsetEnd":362,"pos":",","before":"","after":" "},{"index":23,"word":"3","originalText":"3","characterOffsetBegin":363,"characterOffsetEnd":364,"pos":"CD","before":" ","after":""},{"index":24,"word":"-RRB-","originalText":")","characterOffsetBegin":364,"characterOffsetEnd":365,"pos":"-RRB-","before":"","after":" "},{"index":25,"word":"limited","originalText":"limited","characterOffsetBegin":366,"characterOffsetEnd":373,"pos":"VBN","before":" ","after":" "},{"index":26,"word":"in","originalText":"in","characterOffsetBegin":374,"characterOffsetEnd":376,"pos":"IN","before":" ","after":" "},{"index":27,"word":"their","originalText":"their","characterOffsetBegin":377,"characterOffsetEnd":382,"pos":"PRP$","before":" ","after":" "},{"index":28,"word":"software","originalText":"software","characterOffsetBegin":383,"characterOffsetEnd":391,"pos":"NN","before":" ","after":" "},{"index":29,"word":"expandibility","originalText":"expandibility","characterOffsetBegin":392,"characterOffsetEnd":405,"pos":"NN","before":" ","after":""},{"index":30,"word":",4","originalText":",4","characterOffsetBegin":405,"characterOffsetEnd":407,"pos":"CD","before":"","after":""},{"index":31,"word":"-RRB-","originalText":")","characterOffsetBegin":407,"characterOffsetEnd":408,"pos":"-RRB-","before":"","after":" "},{"index":32,"word":"difficult","originalText":"difficult","characterOffsetBegin":409,"characterOffsetEnd":418,"pos":"JJ","before":" ","after":" "},{"index":33,"word":"to","originalText":"to","characterOffsetBegin":419,"characterOffsetEnd":421,"pos":"TO","before":" ","after":" "},{"index":34,"word":"use","originalText":"use","characterOffsetBegin":422,"characterOffsetEnd":425,"pos":"VB","before":" ","after":" "},{"index":35,"word":"to","originalText":"to","characterOffsetBegin":426,"characterOffsetEnd":428,"pos":"TO","before":" ","after":" "},{"index":36,"word":"upload","originalText":"upload","characterOffsetBegin":429,"characterOffsetEnd":435,"pos":"VB","before":" ","after":" "},{"index":37,"word":"data","originalText":"data","characterOffsetBegin":436,"characterOffsetEnd":440,"pos":"NNS","before":" ","after":" "},{"index":38,"word":"for","originalText":"for","characterOffsetBegin":441,"characterOffsetEnd":444,"pos":"IN","before":" ","after":" "},{"index":39,"word":"analysis","originalText":"analysis","characterOffsetBegin":445,"characterOffsetEnd":453,"pos":"NN","before":" ","after":""},{"index":40,"word":",","originalText":",","characterOffsetBegin":453,"characterOffsetEnd":454,"pos":",","before":"","after":" "},{"index":41,"word":"5","originalText":"5","characterOffsetBegin":455,"characterOffsetEnd":456,"pos":"CD","before":" ","after":""},{"index":42,"word":"-RRB-","originalText":")","characterOffsetBegin":456,"characterOffsetEnd":457,"pos":"-RRB-","before":"","after":" "},{"index":43,"word":"can","originalText":"can","characterOffsetBegin":458,"characterOffsetEnd":461,"pos":"MD","before":" ","after":""},{"index":44,"word":"not","originalText":"not","characterOffsetBegin":461,"characterOffsetEnd":464,"pos":"RB","before":"","after":" "},{"index":45,"word":"be","originalText":"be","characterOffsetBegin":465,"characterOffsetEnd":467,"pos":"VB","before":" ","after":" "},{"index":46,"word":"remotelyoperated","originalText":"remotelyoperated","characterOffsetBegin":468,"characterOffsetEnd":484,"pos":"VBN","before":" ","after":""},{"index":47,"word":",","originalText":",","characterOffsetBegin":484,"characterOffsetEnd":485,"pos":",","before":"","after":" "},{"index":48,"word":"and","originalText":"and","characterOffsetBegin":486,"characterOffsetEnd":489,"pos":"CC","before":" ","after":" "},{"index":49,"word":"6","originalText":"6","characterOffsetBegin":490,"characterOffsetEnd":491,"pos":"CD","before":" ","after":""},{"index":50,"word":"-RRB-","originalText":")","characterOffsetBegin":491,"characterOffsetEnd":492,"pos":"-RRB-","before":"","after":" "},{"index":51,"word":"can","originalText":"can","characterOffsetBegin":493,"characterOffsetEnd":496,"pos":"MD","before":" ","after":""},{"index":52,"word":"not","originalText":"not","characterOffsetBegin":496,"characterOffsetEnd":499,"pos":"RB","before":"","after":" "},{"index":53,"word":"resolve","originalText":"resolve","characterOffsetBegin":500,"characterOffsetEnd":507,"pos":"VB","before":" ","after":" "},{"index":54,"word":"names","originalText":"names","characterOffsetBegin":508,"characterOffsetEnd":513,"pos":"NNS","before":" ","after":" "},{"index":55,"word":"with","originalText":"with","characterOffsetBegin":514,"characterOffsetEnd":518,"pos":"IN","before":" ","after":" "},{"index":56,"word":"DNS","originalText":"DNS","characterOffsetBegin":519,"characterOffsetEnd":522,"pos":"NN","before":" ","after":""},{"index":57,"word":",","originalText":",","characterOffsetBegin":522,"characterOffsetEnd":523,"pos":",","before":"","after":" "},{"index":58,"word":"requiring","originalText":"requiring","characterOffsetBegin":524,"characterOffsetEnd":533,"pos":"VBG","before":" ","after":" "},{"index":59,"word":"much","originalText":"much","characterOffsetBegin":534,"characterOffsetEnd":538,"pos":"JJ","before":" ","after":" "},{"index":60,"word":"manual","originalText":"manual","characterOffsetBegin":539,"characterOffsetEnd":545,"pos":"JJ","before":" ","after":" "},{"index":61,"word":"manipulation","originalText":"manipulation","characterOffsetBegin":546,"characterOffsetEnd":558,"pos":"NN","before":" ","after":" "},{"index":62,"word":"of","originalText":"of","characterOffsetBegin":559,"characterOffsetEnd":561,"pos":"IN","before":" ","after":" "},{"index":63,"word":"the","originalText":"the","characterOffsetBegin":562,"characterOffsetEnd":565,"pos":"DT","before":" ","after":" "},{"index":64,"word":"name","originalText":"name","characterOffsetBegin":566,"characterOffsetEnd":570,"pos":"NN","before":" ","after":" "},{"index":65,"word":"table","originalText":"table","characterOffsetBegin":571,"characterOffsetEnd":576,"pos":"NN","before":" ","after":""},{"index":66,"word":".","originalText":".","characterOffsetBegin":576,"characterOffsetEnd":577,"pos":".","before":"","after":"  "}]},{"index":3,"tokens":[{"index":1,"word":"We","originalText":"We","characterOffsetBegin":579,"characterOffsetEnd":581,"pos":"PRP","before":"  ","after":" "},{"index":2,"word":"also","originalText":"also","characterOffsetBegin":582,"characterOffsetEnd":586,"pos":"RB","before":" ","after":" "},{"index":3,"word":"sometimes","originalText":"sometimes","characterOffsetBegin":587,"characterOffsetEnd":596,"pos":"RB","before":" ","after":" "},{"index":4,"word":"use","originalText":"use","characterOffsetBegin":597,"characterOffsetEnd":600,"pos":"VB","before":" ","after":" "},{"index":5,"word":"tcpdump","originalText":"tcpdump","characterOffsetBegin":601,"characterOffsetEnd":608,"pos":"NN","before":" ","after":""},{"index":6,"word":",","originalText":",","characterOffsetBegin":608,"characterOffsetEnd":609,"pos":",","before":"","after":" "},{"index":7,"word":"but","originalText":"but","characterOffsetBegin":610,"characterOffsetEnd":613,"pos":"CC","before":" ","after":" "},{"index":8,"word":"we","originalText":"we","characterOffsetBegin":614,"characterOffsetEnd":616,"pos":"PRP","before":" ","after":" "},{"index":9,"word":"found","originalText":"found","characterOffsetBegin":617,"characterOffsetEnd":622,"pos":"VBD","before":" ","after":" "},{"index":10,"word":"it","originalText":"it","characterOffsetBegin":623,"characterOffsetEnd":625,"pos":"PRP","before":" ","after":" "},{"index":11,"word":"1","originalText":"1","characterOffsetBegin":626,"characterOffsetEnd":627,"pos":"LS","before":" ","after":""},{"index":12,"word":"-RRB-","originalText":")","characterOffsetBegin":627,"characterOffsetEnd":628,"pos":"-RRB-","before":"","after":" "},{"index":13,"word":"too","originalText":"too","characterOffsetBegin":629,"characterOffsetEnd":632,"pos":"RB","before":" ","after":" "},{"index":14,"word":"difficult","originalText":"difficult","characterOffsetBegin":633,"characterOffsetEnd":642,"pos":"JJ","before":" ","after":" "},{"index":15,"word":"for","originalText":"for","characterOffsetBegin":643,"characterOffsetEnd":646,"pos":"IN","before":" ","after":" "},{"index":16,"word":"most","originalText":"most","characterOffsetBegin":647,"characterOffsetEnd":651,"pos":"JJS","before":" ","after":" "},{"index":17,"word":"people","originalText":"people","characterOffsetBegin":652,"characterOffsetEnd":658,"pos":"NNS","before":" ","after":""},{"index":18,"word":",","originalText":",","characterOffsetBegin":658,"characterOffsetEnd":659,"pos":",","before":"","after":" "},{"index":19,"word":"2","originalText":"2","characterOffsetBegin":660,"characterOffsetEnd":661,"pos":"LS","before":" ","after":""},{"index":20,"word":"-RRB-","originalText":")","characterOffsetBegin":661,"characterOffsetEnd":662,"pos":"-RRB-","before":"","after":" "},{"index":21,"word":"did","originalText":"did","characterOffsetBegin":663,"characterOffsetEnd":666,"pos":"VBD","before":" ","after":" "},{"index":22,"word":"not","originalText":"not","characterOffsetBegin":667,"characterOffsetEnd":670,"pos":"RB","before":" ","after":" "},{"index":23,"word":"have","originalText":"have","characterOffsetBegin":671,"characterOffsetEnd":675,"pos":"VB","before":" ","after":" "},{"index":24,"word":"enough","originalText":"enough","characterOffsetBegin":676,"characterOffsetEnd":682,"pos":"JJ","before":" ","after":" "},{"index":25,"word":"information","originalText":"information","characterOffsetBegin":683,"characterOffsetEnd":694,"pos":"NN","before":" ","after":" "},{"index":26,"word":"formany","originalText":"formany","characterOffsetBegin":695,"characterOffsetEnd":702,"pos":"NN","before":" ","after":" "},{"index":27,"word":"protocols","originalText":"protocols","characterOffsetBegin":703,"characterOffsetEnd":712,"pos":"NNS","before":" ","after":""},{"index":28,"word":",","originalText":",","characterOffsetBegin":712,"characterOffsetEnd":713,"pos":",","before":"","after":" "},{"index":29,"word":"3","originalText":"3","characterOffsetBegin":714,"characterOffsetEnd":715,"pos":"LS","before":" ","after":""},{"index":30,"word":"-RRB-","originalText":")","characterOffsetBegin":715,"characterOffsetEnd":716,"pos":"-RRB-","before":"","after":" "},{"index":31,"word":"could","originalText":"could","characterOffsetBegin":717,"characterOffsetEnd":722,"pos":"MD","before":" ","after":" "},{"index":32,"word":"not","originalText":"not","characterOffsetBegin":723,"characterOffsetEnd":726,"pos":"RB","before":" ","after":" "},{"index":33,"word":"be","originalText":"be","characterOffsetBegin":727,"characterOffsetEnd":729,"pos":"VB","before":" ","after":" "},{"index":34,"word":"used","originalText":"used","characterOffsetBegin":730,"characterOffsetEnd":734,"pos":"VBN","before":" ","after":" "},{"index":35,"word":"interactively","originalText":"interactively","characterOffsetBegin":735,"characterOffsetEnd":748,"pos":"RB","before":" ","after":""},{"index":36,"word":",","originalText":",","characterOffsetBegin":748,"characterOffsetEnd":749,"pos":",","before":"","after":" "},{"index":37,"word":"4","originalText":"4","characterOffsetBegin":750,"characterOffsetEnd":751,"pos":"LS","before":" ","after":""},{"index":38,"word":"-RRB-","originalText":")","characterOffsetBegin":751,"characterOffsetEnd":752,"pos":"-RRB-","before":"","after":" "},{"index":39,"word":"could","originalText":"could","characterOffsetBegin":753,"characterOffsetEnd":758,"pos":"MD","before":" ","after":" "},{"index":40,"word":"not","originalText":"not","characterOffsetBegin":759,"characterOffsetEnd":762,"pos":"RB","before":" ","after":" "},{"index":41,"word":"handleTCP","originalText":"handleTCP","characterOffsetBegin":763,"characterOffsetEnd":772,"pos":"VB","before":" ","after":" "},{"index":42,"word":"streams","originalText":"streams","characterOffsetBegin":773,"characterOffsetEnd":780,"pos":"NNS","before":" ","after":" "},{"index":43,"word":"and","originalText":"and","characterOffsetBegin":781,"characterOffsetEnd":784,"pos":"CC","before":" ","after":" "},{"index":44,"word":"5","originalText":"5","characterOffsetBegin":785,"characterOffsetEnd":786,"pos":"CD","before":" ","after":""},{"index":45,"word":"-RRB-","originalText":")","characterOffsetBegin":786,"characterOffsetEnd":787,"pos":"-RRB-","before":"","after":" "},{"index":46,"word":"could","originalText":"could","characterOffsetBegin":788,"characterOffsetEnd":793,"pos":"MD","before":" ","after":" "},{"index":47,"word":"not","originalText":"not","characterOffsetBegin":794,"characterOffsetEnd":797,"pos":"RB","before":" ","after":" "},{"index":48,"word":"read","originalText":"read","characterOffsetBegin":798,"characterOffsetEnd":802,"pos":"VB","before":" ","after":" "},{"index":49,"word":"Sniffer","originalText":"Sniffer","characterOffsetBegin":803,"characterOffsetEnd":810,"pos":"NNP","before":" ","after":" "},{"index":50,"word":"files","originalText":"files","characterOffsetBegin":811,"characterOffsetEnd":816,"pos":"NNS","before":" ","after":""},{"index":51,"word":".","originalText":".","characterOffsetBegin":816,"characterOffsetEnd":817,"pos":".","before":"","after":"  "}]},{"index":4,"tokens":[{"index":1,"word":"However","originalText":"However","characterOffsetBegin":819,"characterOffsetEnd":826,"pos":"RB","before":"  ","after":""},{"index":2,"word":",","originalText":",","characterOffsetBegin":826,"characterOffsetEnd":827,"pos":",","before":"","after":" "},{"index":3,"word":"tcpdump","originalText":"tcpdump","characterOffsetBegin":828,"characterOffsetEnd":835,"pos":"NN","before":" ","after":" "},{"index":4,"word":"did","originalText":"did","characterOffsetBegin":836,"characterOffsetEnd":839,"pos":"VBD","before":" ","after":" "},{"index":5,"word":"doa","originalText":"doa","characterOffsetBegin":840,"characterOffsetEnd":843,"pos":"JJ","before":" ","after":" "},{"index":6,"word":"reasonable","originalText":"reasonable","characterOffsetBegin":844,"characterOffsetEnd":854,"pos":"JJ","before":" ","after":" "},{"index":7,"word":"job","originalText":"job","characterOffsetBegin":855,"characterOffsetEnd":858,"pos":"NN","before":" ","after":" "},{"index":8,"word":"of","originalText":"of","characterOffsetBegin":859,"characterOffsetEnd":861,"pos":"IN","before":" ","after":" "},{"index":9,"word":"decoding","originalText":"decoding","characterOffsetBegin":862,"characterOffsetEnd":870,"pos":"VBG","before":" ","after":" "},{"index":10,"word":"a","originalText":"a","characterOffsetBegin":871,"characterOffsetEnd":872,"pos":"DT","before":" ","after":" "},{"index":11,"word":"large","originalText":"large","characterOffsetBegin":873,"characterOffsetEnd":878,"pos":"JJ","before":" ","after":" "},{"index":12,"word":"number","originalText":"number","characterOffsetBegin":879,"characterOffsetEnd":885,"pos":"NN","before":" ","after":" "},{"index":13,"word":"of","originalText":"of","characterOffsetBegin":886,"characterOffsetEnd":888,"pos":"IN","before":" ","after":" "},{"index":14,"word":"protocols","originalText":"protocols","characterOffsetBegin":889,"characterOffsetEnd":898,"pos":"NNS","before":" ","after":""},{"index":15,"word":",","originalText":",","characterOffsetBegin":898,"characterOffsetEnd":899,"pos":",","before":"","after":" "},{"index":16,"word":"and","originalText":"and","characterOffsetBegin":900,"characterOffsetEnd":903,"pos":"CC","before":" ","after":" "},{"index":17,"word":"could","originalText":"could","characterOffsetBegin":904,"characterOffsetEnd":909,"pos":"MD","before":" ","after":" "},{"index":18,"word":"be","originalText":"be","characterOffsetBegin":910,"characterOffsetEnd":912,"pos":"VB","before":" ","after":" "},{"index":19,"word":"easilymodified","originalText":"easilymodified","characterOffsetBegin":913,"characterOffsetEnd":927,"pos":"VBN","before":" ","after":""},{"index":20,"word":".","originalText":".","characterOffsetBegin":927,"characterOffsetEnd":928,"pos":".","before":"","after":"  "}]},{"index":5,"tokens":[{"index":1,"word":"Tcpview","originalText":"Tcpview","characterOffsetBegin":930,"characterOffsetEnd":937,"pos":"NNP","before":"  ","after":" "},{"index":2,"word":"is","originalText":"is","characterOffsetBegin":938,"characterOffsetEnd":940,"pos":"VBZ","before":" ","after":" "},{"index":3,"word":"an","originalText":"an","characterOffsetBegin":941,"characterOffsetEnd":943,"pos":"DT","before":" ","after":" "},{"index":4,"word":"attempt","originalText":"attempt","characterOffsetBegin":944,"characterOffsetEnd":951,"pos":"NN","before":" ","after":" "},{"index":5,"word":"to","originalText":"to","characterOffsetBegin":952,"characterOffsetEnd":954,"pos":"TO","before":" ","after":" "},{"index":6,"word":"resolve","originalText":"resolve","characterOffsetBegin":955,"characterOffsetEnd":962,"pos":"VB","before":" ","after":" "},{"index":7,"word":"these","originalText":"these","characterOffsetBegin":963,"characterOffsetEnd":968,"pos":"DT","before":" ","after":" "},{"index":8,"word":"problemsby","originalText":"problemsby","characterOffsetBegin":969,"characterOffsetEnd":979,"pos":"JJ","before":" ","after":" "},{"index":9,"word":"adding","originalText":"adding","characterOffsetBegin":980,"characterOffsetEnd":986,"pos":"VBG","before":" ","after":" "},{"index":10,"word":"a","originalText":"a","characterOffsetBegin":987,"characterOffsetEnd":988,"pos":"DT","before":" ","after":" "},{"index":11,"word":"Motif","originalText":"Motif","characterOffsetBegin":989,"characterOffsetEnd":994,"pos":"NN","before":" ","after":" "},{"index":12,"word":"interface","originalText":"interface","characterOffsetBegin":995,"characterOffsetEnd":1004,"pos":"NN","before":" ","after":" "},{"index":13,"word":"to","originalText":"to","characterOffsetBegin":1005,"characterOffsetEnd":1007,"pos":"TO","before":" ","after":" "},{"index":14,"word":"tcpdump","originalText":"tcpdump","characterOffsetBegin":1008,"characterOffsetEnd":1015,"pos":"NN","before":" ","after":" "},{"index":15,"word":"and","originalText":"and","characterOffsetBegin":1016,"characterOffsetEnd":1019,"pos":"CC","before":" ","after":" "},{"index":16,"word":"expanding","originalText":"expanding","characterOffsetBegin":1020,"characterOffsetEnd":1029,"pos":"VBG","before":" ","after":" "},{"index":17,"word":"its","originalText":"its","characterOffsetBegin":1030,"characterOffsetEnd":1033,"pos":"PRP$","before":" ","after":" "},{"index":18,"word":"features.Tcpview","originalText":"features.Tcpview","characterOffsetBegin":1034,"characterOffsetEnd":1050,"pos":"NNP","before":" ","after":" "},{"index":19,"word":"has","originalText":"has","characterOffsetBegin":1051,"characterOffsetEnd":1054,"pos":"VBZ","before":" ","after":" "},{"index":20,"word":"been","originalText":"been","characterOffsetBegin":1055,"characterOffsetEnd":1059,"pos":"VBN","before":" ","after":" "},{"index":21,"word":"tested","originalText":"tested","characterOffsetBegin":1060,"characterOffsetEnd":1066,"pos":"VBN","before":" ","after":" "},{"index":22,"word":"on","originalText":"on","characterOffsetBegin":1067,"characterOffsetEnd":1069,"pos":"IN","before":" ","after":" "},{"index":23,"word":"a","originalText":"a","characterOffsetBegin":1070,"characterOffsetEnd":1071,"pos":"DT","before":" ","after":" "},{"index":24,"word":"DECstation","originalText":"DECstation","characterOffsetBegin":1072,"characterOffsetEnd":1082,"pos":"NN","before":" ","after":" "},{"index":25,"word":"5000","originalText":"5000","characterOffsetBegin":1083,"characterOffsetEnd":1087,"pos":"CD","before":" ","after":" "},{"index":26,"word":"and","originalText":"and","characterOffsetBegin":1088,"characterOffsetEnd":1091,"pos":"CC","before":" ","after":" "},{"index":27,"word":"Sun","originalText":"Sun","characterOffsetBegin":1092,"characterOffsetEnd":1095,"pos":"NNP","before":" ","after":" "},{"index":28,"word":"4","originalText":"4","characterOffsetBegin":1096,"characterOffsetEnd":1097,"pos":"CD","before":" ","after":" "},{"index":29,"word":"under","originalText":"under","characterOffsetBegin":1098,"characterOffsetEnd":1103,"pos":"IN","before":" ","after":" "},{"index":30,"word":"Ultrix","originalText":"Ultrix","characterOffsetBegin":1104,"characterOffsetEnd":1110,"pos":"NNP","before":" ","after":" "},{"index":31,"word":"4.2","originalText":"4.2","characterOffsetBegin":1111,"characterOffsetEnd":1114,"pos":"CD","before":" ","after":" "},{"index":32,"word":"andSunOS","originalText":"andSunOS","characterOffsetBegin":1115,"characterOffsetEnd":1123,"pos":"NN","before":" ","after":" "},{"index":33,"word":"4.1","originalText":"4.1","characterOffsetBegin":1124,"characterOffsetEnd":1127,"pos":"CD","before":" ","after":" "},{"index":34,"word":"respectively","originalText":"respectively","characterOffsetBegin":1128,"characterOffsetEnd":1140,"pos":"RB","before":" ","after":""},{"index":35,"word":".","originalText":".","characterOffsetBegin":1140,"characterOffsetEnd":1141,"pos":".","before":"","after":"  "}]},{"index":6,"tokens":[{"index":1,"word":"It","originalText":"It","characterOffsetBegin":1143,"characterOffsetEnd":1145,"pos":"PRP","before":"  ","after":" "},{"index":2,"word":"should","originalText":"should","characterOffsetBegin":1146,"characterOffsetEnd":1152,"pos":"MD","before":" ","after":" "},{"index":3,"word":"work","originalText":"work","characterOffsetBegin":1153,"characterOffsetEnd":1157,"pos":"VB","before":" ","after":" "},{"index":4,"word":"on","originalText":"on","characterOffsetBegin":1158,"characterOffsetEnd":1160,"pos":"IN","before":" ","after":" "},{"index":5,"word":"the","originalText":"the","characterOffsetBegin":1161,"characterOffsetEnd":1164,"pos":"DT","before":" ","after":" "},{"index":6,"word":"same","originalText":"same","characterOffsetBegin":1165,"characterOffsetEnd":1169,"pos":"JJ","before":" ","after":" "},{"index":7,"word":"systems","originalText":"systems","characterOffsetBegin":1170,"characterOffsetEnd":1177,"pos":"NNS","before":" ","after":" "},{"index":8,"word":"as","originalText":"as","characterOffsetBegin":1178,"characterOffsetEnd":1180,"pos":"IN","before":" ","after":" "},{"index":9,"word":"tcpdump.It","originalText":"tcpdump.It","characterOffsetBegin":1181,"characterOffsetEnd":1191,"pos":"NN","before":" ","after":" "},{"index":10,"word":"compiles","originalText":"compiles","characterOffsetBegin":1192,"characterOffsetEnd":1200,"pos":"VBZ","before":" ","after":" "},{"index":11,"word":"with","originalText":"with","characterOffsetBegin":1201,"characterOffsetEnd":1205,"pos":"IN","before":" ","after":" "},{"index":12,"word":"cc","originalText":"cc","characterOffsetBegin":1206,"characterOffsetEnd":1208,"pos":"NN","before":" ","after":" "},{"index":13,"word":"and","originalText":"and","characterOffsetBegin":1209,"characterOffsetEnd":1212,"pos":"CC","before":" ","after":" "},{"index":14,"word":"gcc","originalText":"gcc","characterOffsetBegin":1213,"characterOffsetEnd":1216,"pos":"NN","before":" ","after":" "},{"index":15,"word":"on","originalText":"on","characterOffsetBegin":1217,"characterOffsetEnd":1219,"pos":"IN","before":" ","after":" "},{"index":16,"word":"the","originalText":"the","characterOffsetBegin":1220,"characterOffsetEnd":1223,"pos":"DT","before":" ","after":" "},{"index":17,"word":"DEC","originalText":"DEC","characterOffsetBegin":1224,"characterOffsetEnd":1227,"pos":"NNP","before":" ","after":" "},{"index":18,"word":"and","originalText":"and","characterOffsetBegin":1228,"characterOffsetEnd":1231,"pos":"CC","before":" ","after":" "},{"index":19,"word":"Sun","originalText":"Sun","characterOffsetBegin":1232,"characterOffsetEnd":1235,"pos":"NNP","before":" ","after":""},{"index":20,"word":".","originalText":".","characterOffsetBegin":1235,"characterOffsetEnd":1236,"pos":".","before":"","after":"  "}]},{"index":7,"tokens":[{"index":1,"word":"To","originalText":"To","characterOffsetBegin":1238,"characterOffsetEnd":1240,"pos":"TO","before":"  ","after":" "},{"index":2,"word":"build","originalText":"build","characterOffsetBegin":1241,"characterOffsetEnd":1246,"pos":"VB","before":" ","after":" "},{"index":3,"word":"tcpview","originalText":"tcpview","characterOffsetBegin":1247,"characterOffsetEnd":1254,"pos":"NN","before":" ","after":" "},{"index":4,"word":"you","originalText":"you","characterOffsetBegin":1255,"characterOffsetEnd":1258,"pos":"PRP","before":" ","after":" "},{"index":5,"word":"willneed","originalText":"willneed","characterOffsetBegin":1259,"characterOffsetEnd":1267,"pos":"VBD","before":" ","after":" "},{"index":6,"word":"Motif","originalText":"Motif","characterOffsetBegin":1268,"characterOffsetEnd":1273,"pos":"NN","before":" ","after":" "},{"index":7,"word":"1.1","originalText":"1.1","characterOffsetBegin":1274,"characterOffsetEnd":1277,"pos":"CD","before":" ","after":" "},{"index":8,"word":"or","originalText":"or","characterOffsetBegin":1278,"characterOffsetEnd":1280,"pos":"CC","before":" ","after":" "},{"index":9,"word":"better.The","originalText":"better.The","characterOffsetBegin":1281,"characterOffsetEnd":1291,"pos":"NN","before":" ","after":" "},{"index":10,"word":"following","originalText":"following","characterOffsetBegin":1292,"characterOffsetEnd":1301,"pos":"VBG","before":" ","after":" "},{"index":11,"word":"files","originalText":"files","characterOffsetBegin":1302,"characterOffsetEnd":1307,"pos":"NNS","before":" ","after":" "},{"index":12,"word":"are","originalText":"are","characterOffsetBegin":1308,"characterOffsetEnd":1311,"pos":"VBP","before":" ","after":" "},{"index":13,"word":"available","originalText":"available","characterOffsetBegin":1312,"characterOffsetEnd":1321,"pos":"JJ","before":" ","after":" "},{"index":14,"word":"for","originalText":"for","characterOffsetBegin":1322,"characterOffsetEnd":1325,"pos":"IN","before":" ","after":" "},{"index":15,"word":"anonymous","originalText":"anonymous","characterOffsetBegin":1326,"characterOffsetEnd":1335,"pos":"JJ","before":" ","after":" "},{"index":16,"word":"ftp","originalText":"ftp","characterOffsetBegin":1336,"characterOffsetEnd":1339,"pos":"NN","before":" ","after":" "},{"index":17,"word":"from","originalText":"from","characterOffsetBegin":1340,"characterOffsetEnd":1344,"pos":"IN","before":" ","after":" "},{"index":18,"word":"ftp.cac.washington.edu","originalText":"ftp.cac.washington.edu","characterOffsetBegin":1345,"characterOffsetEnd":1367,"pos":"NN","before":" ","after":" "},{"index":19,"word":"in","originalText":"in","characterOffsetBegin":1368,"characterOffsetEnd":1370,"pos":"IN","before":" ","after":" "},{"index":20,"word":"/","originalText":"/","characterOffsetBegin":1371,"characterOffsetEnd":1372,"pos":":","before":" ","after":""},{"index":21,"word":"pub/networkingtcpview-1.0.tar","originalText":"pub/networkingtcpview-1.0.tar","characterOffsetBegin":1372,"characterOffsetEnd":1401,"pos":"NN","before":"","after":""},{"index":22,"word":".","originalText":".","characterOffsetBegin":1401,"characterOffsetEnd":1402,"pos":".","before":"","after":""}]},{"index":8,"tokens":[{"index":1,"word":"Z","originalText":"Z","characterOffsetBegin":1402,"characterOffsetEnd":1403,"pos":"NN","before":"","after":"\t"},{"index":2,"word":"tcpview","originalText":"tcpview","characterOffsetBegin":1404,"characterOffsetEnd":1411,"pos":"NN","before":"\t","after":" "},{"index":3,"word":"and","originalText":"and","characterOffsetBegin":1412,"characterOffsetEnd":1415,"pos":"CC","before":" ","after":" "},{"index":4,"word":"tcpdump","originalText":"tcpdump","characterOffsetBegin":1416,"characterOffsetEnd":1423,"pos":"NN","before":" ","after":" "},{"index":5,"word":"source","originalText":"source","characterOffsetBegin":1424,"characterOffsetEnd":1430,"pos":"NN","before":" ","after":" "},{"index":6,"word":"codetcpview-1.0.sun.tar","originalText":"codetcpview-1.0.sun.tar","characterOffsetBegin":1431,"characterOffsetEnd":1454,"pos":"NN","before":" ","after":""},{"index":7,"word":".","originalText":".","characterOffsetBegin":1454,"characterOffsetEnd":1455,"pos":".","before":"","after":""}]},{"index":9,"tokens":[{"index":1,"word":"Z","originalText":"Z","characterOffsetBegin":1455,"characterOffsetEnd":1456,"pos":"NN","before":"","after":"\t"},{"index":2,"word":"Sun4","originalText":"Sun4","characterOffsetBegin":1457,"characterOffsetEnd":1461,"pos":"NN","before":"\t","after":" "},{"index":3,"word":"binariestcpview-1.0.dec.tar","originalText":"binariestcpview-1.0.dec.tar","characterOffsetBegin":1462,"characterOffsetEnd":1489,"pos":"NN","before":" ","after":""},{"index":4,"word":".","originalText":".","characterOffsetBegin":1489,"characterOffsetEnd":1490,"pos":".","before":"","after":""}]},{"index":10,"tokens":[{"index":1,"word":"Z","originalText":"Z","characterOffsetBegin":1490,"characterOffsetEnd":1491,"pos":"NN","before":"","after":"\t"},{"index":2,"word":"DEC","originalText":"DEC","characterOffsetBegin":1492,"characterOffsetEnd":1495,"pos":"NNP","before":"\t","after":" "},{"index":3,"word":"Mips","originalText":"Mips","characterOffsetBegin":1496,"characterOffsetEnd":1500,"pos":"NNP","before":" ","after":" "},{"index":4,"word":"Ultrix","originalText":"Ultrix","characterOffsetBegin":1501,"characterOffsetEnd":1507,"pos":"NNP","before":" ","after":" "},{"index":5,"word":"4.2","originalText":"4.2","characterOffsetBegin":1508,"characterOffsetEnd":1511,"pos":"CD","before":" ","after":" "},{"index":6,"word":"binariesWhat","originalText":"binariesWhat","characterOffsetBegin":1512,"characterOffsetEnd":1524,"pos":"NNP","before":" ","after":" "},{"index":7,"word":"tcpview","originalText":"tcpview","characterOffsetBegin":1525,"characterOffsetEnd":1532,"pos":"NN","before":" ","after":" "},{"index":8,"word":"adds","originalText":"adds","characterOffsetBegin":1533,"characterOffsetEnd":1537,"pos":"VBZ","before":" ","after":" "},{"index":9,"word":"to","originalText":"to","characterOffsetBegin":1538,"characterOffsetEnd":1540,"pos":"TO","before":" ","after":" "},{"index":10,"word":"tcpdump","originalText":"tcpdump","characterOffsetBegin":1541,"characterOffsetEnd":1548,"pos":"NN","before":" ","after":""},{"index":11,"word":":","originalText":":","characterOffsetBegin":1548,"characterOffsetEnd":1549,"pos":":","before":"","after":""},{"index":12,"word":"-","originalText":"-","characterOffsetBegin":1549,"characterOffsetEnd":1550,"pos":":","before":"","after":" "},{"index":13,"word":"easier","originalText":"easier","characterOffsetBegin":1551,"characterOffsetEnd":1557,"pos":"JJR","before":" ","after":" "},{"index":14,"word":"interface","originalText":"interface","characterOffsetBegin":1558,"characterOffsetEnd":1567,"pos":"NN","before":" ","after":""},{"index":15,"word":"-","originalText":"-","characterOffsetBegin":1567,"characterOffsetEnd":1568,"pos":":","before":"","after":" "},{"index":16,"word":"enhanced","originalText":"enhanced","characterOffsetBegin":1569,"characterOffsetEnd":1577,"pos":"VBN","before":" ","after":" "},{"index":17,"word":"protocol","originalText":"protocol","characterOffsetBegin":1578,"characterOffsetEnd":1586,"pos":"NN","before":" ","after":" "},{"index":18,"word":"decoding","originalText":"decoding","characterOffsetBegin":1587,"characterOffsetEnd":1595,"pos":"VBG","before":" ","after":""},{"index":19,"word":"-","originalText":"-","characterOffsetBegin":1595,"characterOffsetEnd":1596,"pos":":","before":"","after":" "},{"index":20,"word":"hex","originalText":"hex","characterOffsetBegin":1597,"characterOffsetEnd":1600,"pos":"NN","before":" ","after":" "},{"index":21,"word":"display","originalText":"display","characterOffsetBegin":1601,"characterOffsetEnd":1608,"pos":"NN","before":" ","after":" "},{"index":22,"word":"of","originalText":"of","characterOffsetBegin":1609,"characterOffsetEnd":1611,"pos":"IN","before":" ","after":" "},{"index":23,"word":"frame","originalText":"frame","characterOffsetBegin":1612,"characterOffsetEnd":1617,"pos":"NN","before":" ","after":""},{"index":24,"word":"-","originalText":"-","characterOffsetBegin":1617,"characterOffsetEnd":1618,"pos":":","before":"","after":" "},{"index":25,"word":"capture","originalText":"capture","characterOffsetBegin":1619,"characterOffsetEnd":1626,"pos":"NN","before":" ","after":" "},{"index":26,"word":"based","originalText":"based","characterOffsetBegin":1627,"characterOffsetEnd":1632,"pos":"VBN","before":" ","after":" "},{"index":27,"word":"on","originalText":"on","characterOffsetBegin":1633,"characterOffsetEnd":1635,"pos":"IN","before":" ","after":" "},{"index":28,"word":"time","originalText":"time","characterOffsetBegin":1636,"characterOffsetEnd":1640,"pos":"NN","before":" ","after":""},{"index":29,"word":",","originalText":",","characterOffsetBegin":1640,"characterOffsetEnd":1641,"pos":",","before":"","after":" "},{"index":30,"word":"number","originalText":"number","characterOffsetBegin":1642,"characterOffsetEnd":1648,"pos":"NN","before":" ","after":" "},{"index":31,"word":"of","originalText":"of","characterOffsetBegin":1649,"characterOffsetEnd":1651,"pos":"IN","before":" ","after":" "},{"index":32,"word":"frames","originalText":"frames","characterOffsetBegin":1652,"characterOffsetEnd":1658,"pos":"NNS","before":" ","after":""},{"index":33,"word":",","originalText":",","characterOffsetBegin":1658,"characterOffsetEnd":1659,"pos":",","before":"","after":" "},{"index":34,"word":"or","originalText":"or","characterOffsetBegin":1660,"characterOffsetEnd":1662,"pos":"CC","before":" ","after":" "},{"index":35,"word":"user","originalText":"user","characterOffsetBegin":1663,"characterOffsetEnd":1667,"pos":"NN","before":" ","after":" "},{"index":36,"word":"interrupt","originalText":"interrupt","characterOffsetBegin":1668,"characterOffsetEnd":1677,"pos":"NN","before":" ","after":""},{"index":37,"word":"-","originalText":"-","characterOffsetBegin":1677,"characterOffsetEnd":1678,"pos":":","before":"","after":" "},{"index":38,"word":"can","originalText":"can","characterOffsetBegin":1679,"characterOffsetEnd":1682,"pos":"MD","before":" ","after":" "},{"index":39,"word":"show","originalText":"show","characterOffsetBegin":1683,"characterOffsetEnd":1687,"pos":"VB","before":" ","after":" "},{"index":40,"word":"ethernet","originalText":"ethernet","characterOffsetBegin":1688,"characterOffsetEnd":1696,"pos":"NN","before":" ","after":" "},{"index":41,"word":"addresses","originalText":"addresses","characterOffsetBegin":1697,"characterOffsetEnd":1706,"pos":"NNS","before":" ","after":" "},{"index":42,"word":"with","originalText":"with","characterOffsetBegin":1707,"characterOffsetEnd":1711,"pos":"IN","before":" ","after":" "},{"index":43,"word":"manufacturer","originalText":"manufacturer","characterOffsetBegin":1712,"characterOffsetEnd":1724,"pos":"NN","before":" ","after":""},{"index":44,"word":"'s","originalText":"'s","characterOffsetBegin":1724,"characterOffsetEnd":1726,"pos":"POS","before":"","after":" "},{"index":45,"word":"name","originalText":"name","characterOffsetBegin":1727,"characterOffsetEnd":1731,"pos":"NN","before":" ","after":""},{"index":46,"word":"-","originalText":"-","characterOffsetBegin":1731,"characterOffsetEnd":1732,"pos":":","before":"","after":" "},{"index":47,"word":"ethernet","originalText":"ethernet","characterOffsetBegin":1733,"characterOffsetEnd":1741,"pos":"NN","before":" ","after":" "},{"index":48,"word":"address","originalText":"address","characterOffsetBegin":1742,"characterOffsetEnd":1749,"pos":"NN","before":" ","after":" "},{"index":49,"word":"host","originalText":"host","characterOffsetBegin":1750,"characterOffsetEnd":1754,"pos":"NN","before":" ","after":" "},{"index":50,"word":"table","originalText":"table","characterOffsetBegin":1755,"characterOffsetEnd":1760,"pos":"NN","before":" ","after":""},{"index":51,"word":"-","originalText":"-","characterOffsetBegin":1760,"characterOffsetEnd":1761,"pos":":","before":"","after":" "},{"index":52,"word":"can","originalText":"can","characterOffsetBegin":1762,"characterOffsetEnd":1765,"pos":"MD","before":" ","after":" "},{"index":53,"word":"easily","originalText":"easily","characterOffsetBegin":1766,"characterOffsetEnd":1772,"pos":"RB","before":" ","after":" "},{"index":54,"word":"follow","originalText":"follow","characterOffsetBegin":1773,"characterOffsetEnd":1779,"pos":"VB","before":" ","after":" "},{"index":55,"word":"a","originalText":"a","characterOffsetBegin":1780,"characterOffsetEnd":1781,"pos":"DT","before":" ","after":" "},{"index":56,"word":"stream","originalText":"stream","characterOffsetBegin":1782,"characterOffsetEnd":1788,"pos":"NN","before":" ","after":""},{"index":57,"word":",","originalText":",","characterOffsetBegin":1788,"characterOffsetEnd":1789,"pos":",","before":"","after":" "},{"index":58,"word":"highlighting","originalText":"highlighting","characterOffsetBegin":1790,"characterOffsetEnd":1802,"pos":"VBG","before":" ","after":" "},{"index":59,"word":"out-of-order","originalText":"out-of-order","characterOffsetBegin":1803,"characterOffsetEnd":1815,"pos":"JJ","before":" ","after":" "},{"index":60,"word":"frames","originalText":"frames","characterOffsetBegin":1816,"characterOffsetEnd":1822,"pos":"NNS","before":" ","after":""},{"index":61,"word":"-","originalText":"-","characterOffsetBegin":1822,"characterOffsetEnd":1823,"pos":":","before":"","after":" "},{"index":62,"word":"can","originalText":"can","characterOffsetBegin":1824,"characterOffsetEnd":1827,"pos":"MD","before":" ","after":" "},{"index":63,"word":"send","originalText":"send","characterOffsetBegin":1828,"characterOffsetEnd":1832,"pos":"VB","before":" ","after":" "},{"index":64,"word":"TCP","originalText":"TCP","characterOffsetBegin":1833,"characterOffsetEnd":1836,"pos":"NNP","before":" ","after":" "},{"index":65,"word":"data","originalText":"data","characterOffsetBegin":1837,"characterOffsetEnd":1841,"pos":"NNS","before":" ","after":" "},{"index":66,"word":"to","originalText":"to","characterOffsetBegin":1842,"characterOffsetEnd":1844,"pos":"TO","before":" ","after":" "},{"index":67,"word":"an","originalText":"an","characterOffsetBegin":1845,"characterOffsetEnd":1847,"pos":"DT","before":" ","after":" "},{"index":68,"word":"external","originalText":"external","characterOffsetBegin":1848,"characterOffsetEnd":1856,"pos":"JJ","before":" ","after":" "},{"index":69,"word":"file","originalText":"file","characterOffsetBegin":1857,"characterOffsetEnd":1861,"pos":"NN","before":" ","after":" "},{"index":70,"word":"or","originalText":"or","characterOffsetBegin":1862,"characterOffsetEnd":1864,"pos":"CC","before":" ","after":" "},{"index":71,"word":"filter","originalText":"filter","characterOffsetBegin":1865,"characterOffsetEnd":1871,"pos":"NN","before":" ","after":" "},{"index":72,"word":"for","originalText":"for","characterOffsetBegin":1872,"characterOffsetEnd":1875,"pos":"IN","before":" ","after":" "},{"index":73,"word":"additional","originalText":"additional","characterOffsetBegin":1876,"characterOffsetEnd":1886,"pos":"JJ","before":" ","after":"\t"},{"index":74,"word":"processing","originalText":"processing","characterOffsetBegin":1887,"characterOffsetEnd":1897,"pos":"NN","before":"\t","after":""},{"index":75,"word":".","originalText":".","characterOffsetBegin":1897,"characterOffsetEnd":1898,"pos":".","before":"","after":""}]},{"index":11,"tokens":[{"index":1,"word":"-------------------------------------------------------------------------------","originalText":"-------------------------------------------------------------------------------","characterOffsetBegin":1898,"characterOffsetEnd":1977,"pos":"JJ","before":"","after":""},{"index":2,"word":"CHANGES","originalText":"CHANGES","characterOffsetBegin":1977,"characterOffsetEnd":1984,"pos":"NNS","before":"","after":" "},{"index":3,"word":"TO","originalText":"TO","characterOffsetBegin":1985,"characterOffsetEnd":1987,"pos":"TO","before":" ","after":" "},{"index":4,"word":"TCPDUMP","originalText":"TCPDUMP","characterOffsetBegin":1988,"characterOffsetEnd":1995,"pos":"NNP","before":" ","after":" "},{"index":5,"word":"2.2.1","originalText":"2.2.1","characterOffsetBegin":1996,"characterOffsetEnd":2001,"pos":"CD","before":" ","after":""},{"index":6,"word":"New","originalText":"New","characterOffsetBegin":2001,"characterOffsetEnd":2004,"pos":"NNP","before":"","after":" "},{"index":7,"word":"features","originalText":"features","characterOffsetBegin":2005,"characterOffsetEnd":2013,"pos":"NNS","before":" ","after":""},{"index":8,"word":":","originalText":":","characterOffsetBegin":2013,"characterOffsetEnd":2014,"pos":":","before":"","after":""},{"index":9,"word":"Now","originalText":"Now","characterOffsetBegin":2014,"characterOffsetEnd":2017,"pos":"RB","before":"","after":" "},{"index":10,"word":"reads","originalText":"reads","characterOffsetBegin":2018,"characterOffsetEnd":2023,"pos":"VBZ","before":" ","after":" "},{"index":11,"word":"and","originalText":"and","characterOffsetBegin":2024,"characterOffsetEnd":2027,"pos":"CC","before":" ","after":" "},{"index":12,"word":"writes","originalText":"writes","characterOffsetBegin":2028,"characterOffsetEnd":2034,"pos":"VBZ","before":" ","after":" "},{"index":13,"word":"Network","originalText":"Network","characterOffsetBegin":2035,"characterOffsetEnd":2042,"pos":"NNP","before":" ","after":" "},{"index":14,"word":"General","originalText":"General","characterOffsetBegin":2043,"characterOffsetEnd":2050,"pos":"NNP","before":" ","after":" "},{"index":15,"word":"Sniffer","originalText":"Sniffer","characterOffsetBegin":2051,"characterOffsetEnd":2058,"pos":"NNP","before":" ","after":" "},{"index":16,"word":"files","originalText":"files","characterOffsetBegin":2059,"characterOffsetEnd":2064,"pos":"NNS","before":" ","after":""},{"index":17,"word":".","originalText":".","characterOffsetBegin":2064,"characterOffsetEnd":2065,"pos":".","before":"","after":"  "}]},{"index":12,"tokens":[{"index":1,"word":"When","originalText":"When","characterOffsetBegin":2067,"characterOffsetEnd":2071,"pos":"WRB","before":"  ","after":" "},{"index":2,"word":"used","originalText":"used","characterOffsetBegin":2072,"characterOffsetEnd":2076,"pos":"VBN","before":" ","after":" "},{"index":3,"word":"with","originalText":"with","characterOffsetBegin":2077,"characterOffsetEnd":2081,"pos":"IN","before":" ","after":" "},{"index":4,"word":"'","originalText":"'","characterOffsetBegin":2082,"characterOffsetEnd":2083,"pos":"''","before":" ","after":""},{"index":5,"word":"-","originalText":"-","characterOffsetBegin":2083,"characterOffsetEnd":2084,"pos":":","before":"","after":""},{"index":6,"word":"r","originalText":"r","characterOffsetBegin":2084,"characterOffsetEnd":2085,"pos":"NN","before":"","after":""},{"index":7,"word":"'","originalText":"'","characterOffsetBegin":2085,"characterOffsetEnd":2086,"pos":"''","before":"","after":""},{"index":8,"word":",","originalText":",","characterOffsetBegin":2086,"characterOffsetEnd":2087,"pos":",","before":"","after":" "},{"index":9,"word":"the","originalText":"the","characterOffsetBegin":2088,"characterOffsetEnd":2091,"pos":"DT","before":" ","after":" "},{"index":10,"word":"file","originalText":"file","characterOffsetBegin":2092,"characterOffsetEnd":2096,"pos":"NN","before":" ","after":" "},{"index":11,"word":"type","originalText":"type","characterOffsetBegin":2097,"characterOffsetEnd":2101,"pos":"NN","before":" ","after":" "},{"index":12,"word":"will","originalText":"will","characterOffsetBegin":2102,"characterOffsetEnd":2106,"pos":"MD","before":" ","after":" "},{"index":13,"word":"be","originalText":"be","characterOffsetBegin":2107,"characterOffsetEnd":2109,"pos":"VB","before":" ","after":" "},{"index":14,"word":"automatically","originalText":"automatically","characterOffsetBegin":2110,"characterOffsetEnd":2123,"pos":"RB","before":" ","after":" "},{"index":15,"word":"detected.Can","originalText":"detected.Can","characterOffsetBegin":2124,"characterOffsetEnd":2136,"pos":"NNP","before":" ","after":" "},{"index":16,"word":"now","originalText":"now","characterOffsetBegin":2137,"characterOffsetEnd":2140,"pos":"RB","before":" ","after":" "},{"index":17,"word":"read","originalText":"read","characterOffsetBegin":2141,"characterOffsetEnd":2145,"pos":"VBP","before":" ","after":" "},{"index":18,"word":"in","originalText":"in","characterOffsetBegin":2146,"characterOffsetEnd":2148,"pos":"IN","before":" ","after":" "},{"index":19,"word":"-LRB-","originalText":"(","characterOffsetBegin":2149,"characterOffsetEnd":2150,"pos":"-LRB-","before":" ","after":""},{"index":20,"word":"and","originalText":"and","characterOffsetBegin":2150,"characterOffsetEnd":2153,"pos":"CC","before":"","after":" "},{"index":21,"word":"use","originalText":"use","characterOffsetBegin":2154,"characterOffsetEnd":2157,"pos":"NN","before":" ","after":""},{"index":22,"word":"-RRB-","originalText":")","characterOffsetBegin":2157,"characterOffsetEnd":2158,"pos":"-RRB-","before":"","after":" "},{"index":23,"word":"an","originalText":"an","characterOffsetBegin":2159,"characterOffsetEnd":2161,"pos":"DT","before":" ","after":" "},{"index":24,"word":"SNMP","originalText":"SNMP","characterOffsetBegin":2162,"characterOffsetEnd":2166,"pos":"NN","before":" ","after":" "},{"index":25,"word":"MIB","originalText":"MIB","characterOffsetBegin":2167,"characterOffsetEnd":2170,"pos":"NN","before":" ","after":" "},{"index":26,"word":"file.The","originalText":"file.The","characterOffsetBegin":2171,"characterOffsetEnd":2179,"pos":"NN","before":" ","after":" "},{"index":27,"word":"hex","originalText":"hex","characterOffsetBegin":2180,"characterOffsetEnd":2183,"pos":"NN","before":" ","after":" "},{"index":28,"word":"format","originalText":"format","characterOffsetBegin":2184,"characterOffsetEnd":2190,"pos":"NN","before":" ","after":" "},{"index":29,"word":"has","originalText":"has","characterOffsetBegin":2191,"characterOffsetEnd":2194,"pos":"VBZ","before":" ","after":" "},{"index":30,"word":"been","originalText":"been","characterOffsetBegin":2195,"characterOffsetEnd":2199,"pos":"VBN","before":" ","after":" "},{"index":31,"word":"changed.New","originalText":"changed.New","characterOffsetBegin":2200,"characterOffsetEnd":2211,"pos":"JJ","before":" ","after":" "},{"index":32,"word":"time","originalText":"time","characterOffsetBegin":2212,"characterOffsetEnd":2216,"pos":"NN","before":" ","after":" "},{"index":33,"word":"options","originalText":"options","characterOffsetBegin":2217,"characterOffsetEnd":2224,"pos":"NNS","before":" ","after":" "},{"index":34,"word":"have","originalText":"have","characterOffsetBegin":2225,"characterOffsetEnd":2229,"pos":"VBP","before":" ","after":" "},{"index":35,"word":"been","originalText":"been","characterOffsetBegin":2230,"characterOffsetEnd":2234,"pos":"VBN","before":" ","after":" "},{"index":36,"word":"added.Options","originalText":"added.Options","characterOffsetBegin":2235,"characterOffsetEnd":2248,"pos":"NNS","before":" ","after":" "},{"index":37,"word":"were","originalText":"were","characterOffsetBegin":2249,"characterOffsetEnd":2253,"pos":"VBD","before":" ","after":" "},{"index":38,"word":"added","originalText":"added","characterOffsetBegin":2254,"characterOffsetEnd":2259,"pos":"VBN","before":" ","after":" "},{"index":39,"word":"to","originalText":"to","characterOffsetBegin":2260,"characterOffsetEnd":2262,"pos":"TO","before":" ","after":" "},{"index":40,"word":"allow","originalText":"allow","characterOffsetBegin":2263,"characterOffsetEnd":2268,"pos":"VB","before":" ","after":" "},{"index":41,"word":"viewing","originalText":"viewing","characterOffsetBegin":2269,"characterOffsetEnd":2276,"pos":"NN","before":" ","after":" "},{"index":42,"word":"and","originalText":"and","characterOffsetBegin":2277,"characterOffsetEnd":2280,"pos":"CC","before":" ","after":" "},{"index":43,"word":"processing","originalText":"processing","characterOffsetBegin":2281,"characterOffsetEnd":2291,"pos":"NN","before":" ","after":" "},{"index":44,"word":"of","originalText":"of","characterOffsetBegin":2292,"characterOffsetEnd":2294,"pos":"IN","before":" ","after":" "},{"index":45,"word":"the","originalText":"the","characterOffsetBegin":2295,"characterOffsetEnd":2298,"pos":"DT","before":" ","after":" "},{"index":46,"word":"data","originalText":"data","characterOffsetBegin":2299,"characterOffsetEnd":2303,"pos":"NNS","before":" ","after":" "},{"index":47,"word":"in","originalText":"in","characterOffsetBegin":2304,"characterOffsetEnd":2306,"pos":"IN","before":" ","after":" "},{"index":48,"word":"TCP","originalText":"TCP","characterOffsetBegin":2307,"characterOffsetEnd":2310,"pos":"NN","before":" ","after":" "},{"index":49,"word":"packets.Bugs","originalText":"packets.Bugs","characterOffsetBegin":2311,"characterOffsetEnd":2323,"pos":"NNS","before":" ","after":" "},{"index":50,"word":"were","originalText":"were","characterOffsetBegin":2324,"characterOffsetEnd":2328,"pos":"VBD","before":" ","after":" "},{"index":51,"word":"fixed","originalText":"fixed","characterOffsetBegin":2329,"characterOffsetEnd":2334,"pos":"VBN","before":" ","after":" "},{"index":52,"word":"in","originalText":"in","characterOffsetBegin":2335,"characterOffsetEnd":2337,"pos":"IN","before":" ","after":" "},{"index":53,"word":"the","originalText":"the","characterOffsetBegin":2338,"characterOffsetEnd":2341,"pos":"DT","before":" ","after":" "},{"index":54,"word":"relative","originalText":"relative","characterOffsetBegin":2342,"characterOffsetEnd":2350,"pos":"JJ","before":" ","after":" "},{"index":55,"word":"TCP","originalText":"TCP","characterOffsetBegin":2351,"characterOffsetEnd":2354,"pos":"NN","before":" ","after":" "},{"index":56,"word":"sequence","originalText":"sequence","characterOffsetBegin":2355,"characterOffsetEnd":2363,"pos":"NN","before":" ","after":" "},{"index":57,"word":"numbers","originalText":"numbers","characterOffsetBegin":2364,"characterOffsetEnd":2371,"pos":"NNS","before":" ","after":""},{"index":58,"word":".","originalText":".","characterOffsetBegin":2371,"characterOffsetEnd":2372,"pos":".","before":"","after":" "}]},{"index":13,"tokens":[{"index":1,"word":"-LRB-","originalText":"(","characterOffsetBegin":2373,"characterOffsetEnd":2374,"pos":"-LRB-","before":" ","after":""},{"index":2,"word":"-","originalText":"-","characterOffsetBegin":2374,"characterOffsetEnd":2375,"pos":":","before":"","after":""},{"index":3,"word":"S","originalText":"S","characterOffsetBegin":2375,"characterOffsetEnd":2376,"pos":"NN","before":"","after":" "},{"index":4,"word":"flag","originalText":"flag","characterOffsetBegin":2377,"characterOffsetEnd":2381,"pos":"NN","before":" ","after":""},{"index":5,"word":"-RRB-","originalText":")","characterOffsetBegin":2381,"characterOffsetEnd":2382,"pos":"-RRB-","before":"","after":""},{"index":6,"word":"New","originalText":"New","characterOffsetBegin":2382,"characterOffsetEnd":2385,"pos":"JJ","before":"","after":" "},{"index":7,"word":"flags","originalText":"flags","characterOffsetBegin":2386,"characterOffsetEnd":2391,"pos":"NNS","before":" ","after":""},{"index":8,"word":":","originalText":":","characterOffsetBegin":2391,"characterOffsetEnd":2392,"pos":":","before":"","after":""},{"index":9,"word":"-","originalText":"-","characterOffsetBegin":2392,"characterOffsetEnd":2393,"pos":":","before":"","after":""},{"index":10,"word":"R","originalText":"R","characterOffsetBegin":2393,"characterOffsetEnd":2394,"pos":"NN","before":"","after":"\t"},{"index":11,"word":"read","originalText":"read","characterOffsetBegin":2395,"characterOffsetEnd":2399,"pos":"VBD","before":"\t","after":" "},{"index":12,"word":"Sniffer","originalText":"Sniffer","characterOffsetBegin":2400,"characterOffsetEnd":2407,"pos":"NNP","before":" ","after":" "},{"index":13,"word":"file","originalText":"file","characterOffsetBegin":2408,"characterOffsetEnd":2412,"pos":"NN","before":" ","after":""},{"index":14,"word":".","originalText":".","characterOffsetBegin":2412,"characterOffsetEnd":2413,"pos":".","before":"","after":"  "}]},{"index":14,"tokens":[{"index":1,"word":"Not","originalText":"Not","characterOffsetBegin":2415,"characterOffsetEnd":2418,"pos":"RB","before":"  ","after":" "},{"index":2,"word":"usually","originalText":"usually","characterOffsetBegin":2419,"characterOffsetEnd":2426,"pos":"RB","before":" ","after":" "},{"index":3,"word":"needed","originalText":"needed","characterOffsetBegin":2427,"characterOffsetEnd":2433,"pos":"VBN","before":" ","after":""},{"index":4,"word":",","originalText":",","characterOffsetBegin":2433,"characterOffsetEnd":2434,"pos":",","before":"","after":" "},{"index":5,"word":"except","originalText":"except","characterOffsetBegin":2435,"characterOffsetEnd":2441,"pos":"IN","before":" ","after":" "},{"index":6,"word":"for","originalText":"for","characterOffsetBegin":2442,"characterOffsetEnd":2445,"pos":"IN","before":" ","after":" "},{"index":7,"word":"reading","originalText":"reading","characterOffsetBegin":2446,"characterOffsetEnd":2453,"pos":"VBG","before":" ","after":" "},{"index":8,"word":"from","originalText":"from","characterOffsetBegin":2454,"characterOffsetEnd":2458,"pos":"IN","before":" ","after":" "},{"index":9,"word":"stdin-ttt","originalText":"stdin-ttt","characterOffsetBegin":2459,"characterOffsetEnd":2468,"pos":"JJ","before":" ","after":"\t"},{"index":10,"word":"prints","originalText":"prints","characterOffsetBegin":2469,"characterOffsetEnd":2475,"pos":"NNS","before":"\t","after":" "},{"index":11,"word":"delta","originalText":"delta","characterOffsetBegin":2476,"characterOffsetEnd":2481,"pos":"NN","before":" ","after":" "},{"index":12,"word":"times-tttt","originalText":"times-tttt","characterOffsetBegin":2482,"characterOffsetEnd":2492,"pos":"JJ","before":" ","after":"\t"},{"index":13,"word":"prints","originalText":"prints","characterOffsetBegin":2493,"characterOffsetEnd":2499,"pos":"NNS","before":"\t","after":" "},{"index":14,"word":"times","originalText":"times","characterOffsetBegin":2500,"characterOffsetEnd":2505,"pos":"NNS","before":" ","after":" "},{"index":15,"word":"relative","originalText":"relative","characterOffsetBegin":2506,"characterOffsetEnd":2514,"pos":"JJ","before":" ","after":" "},{"index":16,"word":"to","originalText":"to","characterOffsetBegin":2515,"characterOffsetEnd":2517,"pos":"TO","before":" ","after":" "},{"index":17,"word":"the","originalText":"the","characterOffsetBegin":2518,"characterOffsetEnd":2521,"pos":"DT","before":" ","after":" "},{"index":18,"word":"first","originalText":"first","characterOffsetBegin":2522,"characterOffsetEnd":2527,"pos":"JJ","before":" ","after":" "},{"index":19,"word":"frame-W","originalText":"frame-W","characterOffsetBegin":2528,"characterOffsetEnd":2535,"pos":"NN","before":" ","after":"\t"},{"index":20,"word":"write","originalText":"write","characterOffsetBegin":2536,"characterOffsetEnd":2541,"pos":"VB","before":"\t","after":" "},{"index":21,"word":"a","originalText":"a","characterOffsetBegin":2542,"characterOffsetEnd":2543,"pos":"DT","before":" ","after":" "},{"index":22,"word":"Sniffer","originalText":"Sniffer","characterOffsetBegin":2544,"characterOffsetEnd":2551,"pos":"NNP","before":" ","after":" "},{"index":23,"word":"save","originalText":"save","characterOffsetBegin":2552,"characterOffsetEnd":2556,"pos":"VB","before":" ","after":" "},{"index":24,"word":"file","originalText":"file","characterOffsetBegin":2557,"characterOffsetEnd":2561,"pos":"NN","before":" ","after":" "},{"index":25,"word":"-LRB-","originalText":"(","characterOffsetBegin":2562,"characterOffsetEnd":2563,"pos":"-LRB-","before":" ","after":""},{"index":26,"word":"use","originalText":"use","characterOffsetBegin":2563,"characterOffsetEnd":2566,"pos":"NN","before":"","after":" "},{"index":27,"word":"with","originalText":"with","characterOffsetBegin":2567,"characterOffsetEnd":2571,"pos":"IN","before":" ","after":" "},{"index":28,"word":"-","originalText":"-","characterOffsetBegin":2572,"characterOffsetEnd":2573,"pos":":","before":" ","after":""},{"index":29,"word":"w","originalText":"w","characterOffsetBegin":2573,"characterOffsetEnd":2574,"pos":"NN","before":"","after":""},{"index":30,"word":"-RRB-","originalText":")","characterOffsetBegin":2574,"characterOffsetEnd":2575,"pos":"-RRB-","before":"","after":""},{"index":31,"word":"-","originalText":"-","characterOffsetBegin":2575,"characterOffsetEnd":2576,"pos":":","before":"","after":""},{"index":32,"word":"x","originalText":"x","characterOffsetBegin":2576,"characterOffsetEnd":2577,"pos":"CC","before":"","after":"\t"},{"index":33,"word":"print","originalText":"print","characterOffsetBegin":2578,"characterOffsetEnd":2583,"pos":"NN","before":"\t","after":" "},{"index":34,"word":"frame","originalText":"frame","characterOffsetBegin":2584,"characterOffsetEnd":2589,"pos":"NN","before":" ","after":" "},{"index":35,"word":"-LRB-","originalText":"(","characterOffsetBegin":2590,"characterOffsetEnd":2591,"pos":"-LRB-","before":" ","after":""},{"index":36,"word":"minus","originalText":"minus","characterOffsetBegin":2591,"characterOffsetEnd":2596,"pos":"CC","before":"","after":" "},{"index":37,"word":"link-level","originalText":"link-level","characterOffsetBegin":2597,"characterOffsetEnd":2607,"pos":"JJ","before":" ","after":" "},{"index":38,"word":"header","originalText":"header","characterOffsetBegin":2608,"characterOffsetEnd":2614,"pos":"NN","before":" ","after":""},{"index":39,"word":"-RRB-","originalText":")","characterOffsetBegin":2614,"characterOffsetEnd":2615,"pos":"-RRB-","before":"","after":" "},{"index":40,"word":"in","originalText":"in","characterOffsetBegin":2616,"characterOffsetEnd":2618,"pos":"IN","before":" ","after":" "},{"index":41,"word":"hexdump","originalText":"hexdump","characterOffsetBegin":2619,"characterOffsetEnd":2626,"pos":"NN","before":" ","after":" "},{"index":42,"word":"format","originalText":"format","characterOffsetBegin":2627,"characterOffsetEnd":2633,"pos":"NN","before":" ","after":""},{"index":43,"word":".","originalText":".","characterOffsetBegin":2633,"characterOffsetEnd":2634,"pos":".","before":"","after":"  \t"}]},{"index":15,"tokens":[{"index":1,"word":"Sample","originalText":"Sample","characterOffsetBegin":2637,"characterOffsetEnd":2643,"pos":"NN","before":"  \t","after":" "},{"index":2,"word":"output","originalText":"output","characterOffsetBegin":2644,"characterOffsetEnd":2650,"pos":"NN","before":" ","after":""},{"index":3,"word":":16:36:23.349851","originalText":":16:36:23.349851","characterOffsetBegin":2650,"characterOffsetEnd":2666,"pos":"CD","before":"","after":" "},{"index":4,"word":"jeff.cac.washington.edu","originalText":"jeff.cac.washington.edu","characterOffsetBegin":2667,"characterOffsetEnd":2690,"pos":"NN","before":" ","after":""},{"index":5,"word":".1285","originalText":".1285","characterOffsetBegin":2690,"characterOffsetEnd":2695,"pos":"CD","before":"","after":" "},{"index":6,"word":">","originalText":">","characterOffsetBegin":2696,"characterOffsetEnd":2697,"pos":"JJR","before":" ","after":" "},{"index":7,"word":"nic.funet.fi.ftp","originalText":"nic.funet.fi.ftp","characterOffsetBegin":2698,"characterOffsetEnd":2714,"pos":"NN","before":" ","after":""},{"index":8,"word":":","originalText":":","characterOffsetBegin":2714,"characterOffsetEnd":2715,"pos":":","before":"","after":" "},{"index":9,"word":"S","originalText":"S","characterOffsetBegin":2716,"characterOffsetEnd":2717,"pos":"NN","before":" ","after":" "},{"index":10,"word":"0:0","originalText":"0:0","characterOffsetBegin":2718,"characterOffsetEnd":2721,"pos":"CD","before":" ","after":""},{"index":11,"word":"-LRB-","originalText":"(","characterOffsetBegin":2721,"characterOffsetEnd":2722,"pos":"-LRB-","before":"","after":""},{"index":12,"word":"0","originalText":"0","characterOffsetBegin":2722,"characterOffsetEnd":2723,"pos":"CD","before":"","after":""},{"index":13,"word":"-RRB-","originalText":")","characterOffsetBegin":2723,"characterOffsetEnd":2724,"pos":"-RRB-","before":"","after":" "},{"index":14,"word":"win","originalText":"win","characterOffsetBegin":2725,"characterOffsetEnd":2728,"pos":"VBP","before":" ","after":" "},{"index":15,"word":"16384","originalText":"16384","characterOffsetBegin":2729,"characterOffsetEnd":2734,"pos":"CD","before":" ","after":"        "},{"index":16,"word":"0000","originalText":"0000","characterOffsetBegin":2742,"characterOffsetEnd":2746,"pos":"CD","before":"        ","after":"  "},{"index":17,"word":"45","originalText":"45","characterOffsetBegin":2748,"characterOffsetEnd":2750,"pos":"CD","before":"  ","after":" "},{"index":18,"word":"00","originalText":"00","characterOffsetBegin":2751,"characterOffsetEnd":2753,"pos":"CD","before":" ","after":" "},{"index":19,"word":"00","originalText":"00","characterOffsetBegin":2754,"characterOffsetEnd":2756,"pos":"CD","before":" ","after":" "},{"index":20,"word":"28","originalText":"28","characterOffsetBegin":2757,"characterOffsetEnd":2759,"pos":"CD","before":" ","after":" "},{"index":21,"word":"8a","originalText":"8a","characterOffsetBegin":2760,"characterOffsetEnd":2762,"pos":"NN","before":" ","after":" "},{"index":22,"word":"98","originalText":"98","characterOffsetBegin":2763,"characterOffsetEnd":2765,"pos":"CD","before":" ","after":" "},{"index":23,"word":"00","originalText":"00","characterOffsetBegin":2766,"characterOffsetEnd":2768,"pos":"CD","before":" ","after":" "},{"index":24,"word":"00","originalText":"00","characterOffsetBegin":2769,"characterOffsetEnd":2771,"pos":"CD","before":" ","after":" "},{"index":25,"word":"3c","originalText":"3c","characterOffsetBegin":2772,"characterOffsetEnd":2774,"pos":"NN","before":" ","after":" "},{"index":26,"word":"06","originalText":"06","characterOffsetBegin":2775,"characterOffsetEnd":2777,"pos":"CD","before":" ","after":" "},{"index":27,"word":"7c","originalText":"7c","characterOffsetBegin":2778,"characterOffsetEnd":2780,"pos":"NN","before":" ","after":" "},{"index":28,"word":"9c","originalText":"9c","characterOffsetBegin":2781,"characterOffsetEnd":2783,"pos":"NN","before":" ","after":" "},{"index":29,"word":"80","originalText":"80","characterOffsetBegin":2784,"characterOffsetEnd":2786,"pos":"CD","before":" ","after":" "},{"index":30,"word":"5f","originalText":"5f","characterOffsetBegin":2787,"characterOffsetEnd":2789,"pos":"NN","before":" ","after":" "},{"index":31,"word":"70","originalText":"70","characterOffsetBegin":2790,"characterOffsetEnd":2792,"pos":"CD","before":" ","after":" "},{"index":32,"word":"02","originalText":"02","characterOffsetBegin":2793,"characterOffsetEnd":2795,"pos":"CD","before":" ","after":"   "},{"index":33,"word":"|","originalText":"|","characterOffsetBegin":2798,"characterOffsetEnd":2799,"pos":"CD","before":"   ","after":"  "},{"index":34,"word":"E.","originalText":"E.","characterOffsetBegin":2801,"characterOffsetEnd":2803,"pos":"NNP","before":"  ","after":""},{"index":35,"word":".","originalText":".","characterOffsetBegin":2803,"characterOffsetEnd":2804,"pos":".","before":"","after":""}]},{"index":16,"tokens":[{"index":1,"word":"-LRB-","originalText":"(","characterOffsetBegin":2804,"characterOffsetEnd":2805,"pos":"-LRB-","before":"","after":""},{"index":2,"word":"...","originalText":"....","characterOffsetBegin":2805,"characterOffsetEnd":2809,"pos":":","before":"","after":""},{"index":3,"word":"<","originalText":"<","characterOffsetBegin":2809,"characterOffsetEnd":2810,"pos":"JJR","before":"","after":""},{"index":4,"word":".","originalText":".","characterOffsetBegin":2810,"characterOffsetEnd":2811,"pos":".","before":"","after":""}]},{"index":17,"tokens":[{"index":1,"word":"|","originalText":"|","characterOffsetBegin":2811,"characterOffsetEnd":2812,"pos":"NN","before":"","after":""},{"index":2,"word":".","originalText":".","characterOffsetBegin":2812,"characterOffsetEnd":2813,"pos":".","before":"","after":""}]},{"index":18,"tokens":[{"index":1,"word":".","originalText":".","characterOffsetBegin":2813,"characterOffsetEnd":2814,"pos":".","before":"","after":""}]},{"index":19,"tokens":[{"index":1,"word":"_","originalText":"_","characterOffsetBegin":2814,"characterOffsetEnd":2815,"pos":"NN","before":"","after":""},{"index":2,"word":"p.","originalText":"p.","characterOffsetBegin":2815,"characterOffsetEnd":2817,"pos":"NN","before":"","after":"        "},{"index":3,"word":"0010","originalText":"0010","characterOffsetBegin":2825,"characterOffsetEnd":2829,"pos":"CD","before":"        ","after":"  "},{"index":4,"word":"80","originalText":"80","characterOffsetBegin":2831,"characterOffsetEnd":2833,"pos":"CD","before":"  ","after":" "},{"index":5,"word":"d6","originalText":"d6","characterOffsetBegin":2834,"characterOffsetEnd":2836,"pos":"NN","before":" ","after":" "},{"index":6,"word":"06","originalText":"06","characterOffsetBegin":2837,"characterOffsetEnd":2839,"pos":"CD","before":" ","after":" "},{"index":7,"word":"64","originalText":"64","characterOffsetBegin":2840,"characterOffsetEnd":2842,"pos":"CD","before":" ","after":" "},{"index":8,"word":"05","originalText":"05","characterOffsetBegin":2843,"characterOffsetEnd":2845,"pos":"CD","before":" ","after":" "},{"index":9,"word":"05","originalText":"05","characterOffsetBegin":2846,"characterOffsetEnd":2848,"pos":"CD","before":" ","after":" "},{"index":10,"word":"00","originalText":"00","characterOffsetBegin":2849,"characterOffsetEnd":2851,"pos":"CD","before":" ","after":" "},{"index":11,"word":"15","originalText":"15","characterOffsetBegin":2852,"characterOffsetEnd":2854,"pos":"CD","before":" ","after":" "},{"index":12,"word":"5b","originalText":"5b","characterOffsetBegin":2855,"characterOffsetEnd":2857,"pos":"NN","before":" ","after":" "},{"index":13,"word":"19","originalText":"19","characterOffsetBegin":2858,"characterOffsetEnd":2860,"pos":"CD","before":" ","after":" "},{"index":14,"word":"4a","originalText":"4a","characterOffsetBegin":2861,"characterOffsetEnd":2863,"pos":"NN","before":" ","after":" "},{"index":15,"word":"00","originalText":"00","characterOffsetBegin":2864,"characterOffsetEnd":2866,"pos":"CD","before":" ","after":" "},{"index":16,"word":"00","originalText":"00","characterOffsetBegin":2867,"characterOffsetEnd":2869,"pos":"CD","before":" ","after":" "},{"index":17,"word":"00","originalText":"00","characterOffsetBegin":2870,"characterOffsetEnd":2872,"pos":"CD","before":" ","after":" "},{"index":18,"word":"00","originalText":"00","characterOffsetBegin":2873,"characterOffsetEnd":2875,"pos":"CD","before":" ","after":" "},{"index":19,"word":"00","originalText":"00","characterOffsetBegin":2876,"characterOffsetEnd":2878,"pos":"CD","before":" ","after":"   "},{"index":20,"word":"|","originalText":"|","characterOffsetBegin":2881,"characterOffsetEnd":2882,"pos":"NNS","before":"   ","after":"  "},{"index":21,"word":"...","originalText":"...","characterOffsetBegin":2884,"characterOffsetEnd":2887,"pos":":","before":"  ","after":""},{"index":22,"word":"d.","originalText":"d.","characterOffsetBegin":2887,"characterOffsetEnd":2889,"pos":"NN","before":"","after":""},{"index":23,"word":"...","originalText":"...","characterOffsetBegin":2889,"characterOffsetEnd":2892,"pos":":","before":"","after":""},{"index":24,"word":"-LSB-","originalText":"[","characterOffsetBegin":2892,"characterOffsetEnd":2893,"pos":"-LRB-","before":"","after":""},{"index":25,"word":".","originalText":".","characterOffsetBegin":2893,"characterOffsetEnd":2894,"pos":".","before":"","after":""}]},{"index":20,"tokens":[{"index":1,"word":"J.","originalText":"J.","characterOffsetBegin":2894,"characterOffsetEnd":2896,"pos":"NNP","before":"","after":""},{"index":2,"word":"...","originalText":"....","characterOffsetBegin":2896,"characterOffsetEnd":2900,"pos":":","before":"","after":"        "},{"index":3,"word":"0020","originalText":"0020","characterOffsetBegin":2908,"characterOffsetEnd":2912,"pos":"CD","before":"        ","after":"  "},{"index":4,"word":"50","originalText":"50","characterOffsetBegin":2914,"characterOffsetEnd":2916,"pos":"CD","before":"  ","after":" "},{"index":5,"word":"02","originalText":"02","characterOffsetBegin":2917,"characterOffsetEnd":2919,"pos":"CD","before":" ","after":" "},{"index":6,"word":"40","originalText":"40","characterOffsetBegin":2920,"characterOffsetEnd":2922,"pos":"CD","before":" ","after":" "},{"index":7,"word":"00","originalText":"00","characterOffsetBegin":2923,"characterOffsetEnd":2925,"pos":"CD","before":" ","after":" "},{"index":8,"word":"4e","originalText":"4e","characterOffsetBegin":2926,"characterOffsetEnd":2928,"pos":"NN","before":" ","after":" "},{"index":9,"word":"13","originalText":"13","characterOffsetBegin":2929,"characterOffsetEnd":2931,"pos":"CD","before":" ","after":" "},{"index":10,"word":"00","originalText":"00","characterOffsetBegin":2932,"characterOffsetEnd":2934,"pos":"CD","before":" ","after":" "},{"index":11,"word":"00","originalText":"00","characterOffsetBegin":2935,"characterOffsetEnd":2937,"pos":"CD","before":" ","after":" "},{"index":12,"word":"00","originalText":"00","characterOffsetBegin":2938,"characterOffsetEnd":2940,"pos":"CD","before":" ","after":" "},{"index":13,"word":"00","originalText":"00","characterOffsetBegin":2941,"characterOffsetEnd":2943,"pos":"CD","before":" ","after":" "},{"index":14,"word":"00","originalText":"00","characterOffsetBegin":2944,"characterOffsetEnd":2946,"pos":"CD","before":" ","after":" "},{"index":15,"word":"00","originalText":"00","characterOffsetBegin":2947,"characterOffsetEnd":2949,"pos":"CD","before":" ","after":" "},{"index":16,"word":"00","originalText":"00","characterOffsetBegin":2950,"characterOffsetEnd":2952,"pos":"CD","before":" ","after":" "},{"index":17,"word":"00","originalText":"00","characterOffsetBegin":2953,"characterOffsetEnd":2955,"pos":"CD","before":" ","after":"         "},{"index":18,"word":"|","originalText":"|","characterOffsetBegin":2964,"characterOffsetEnd":2965,"pos":"CD","before":"         ","after":"  "},{"index":19,"word":"P.","originalText":"P.","characterOffsetBegin":2967,"characterOffsetEnd":2969,"pos":"NNP","before":"  ","after":""},{"index":20,"word":"@","originalText":"@","characterOffsetBegin":2969,"characterOffsetEnd":2970,"pos":"IN","before":"","after":""},{"index":21,"word":".","originalText":".","characterOffsetBegin":2970,"characterOffsetEnd":2971,"pos":".","before":"","after":""}]},{"index":21,"tokens":[{"index":1,"word":"N.........-X","originalText":"N.........-X","characterOffsetBegin":2971,"characterOffsetEnd":2983,"pos":"NN","before":"","after":"\t"},{"index":2,"word":"print","originalText":"print","characterOffsetBegin":2984,"characterOffsetEnd":2989,"pos":"NN","before":"\t","after":" "},{"index":3,"word":"TCP","originalText":"TCP","characterOffsetBegin":2990,"characterOffsetEnd":2993,"pos":"NN","before":" ","after":" "},{"index":4,"word":"data","originalText":"data","characterOffsetBegin":2994,"characterOffsetEnd":2998,"pos":"NNS","before":" ","after":" "},{"index":5,"word":"in","originalText":"in","characterOffsetBegin":2999,"characterOffsetEnd":3001,"pos":"IN","before":" ","after":" "},{"index":6,"word":"hexdump","originalText":"hexdump","characterOffsetBegin":3002,"characterOffsetEnd":3009,"pos":"NN","before":" ","after":" "},{"index":7,"word":"format","originalText":"format","characterOffsetBegin":3010,"characterOffsetEnd":3016,"pos":"NN","before":" ","after":" "},{"index":8,"word":"-LRB-","originalText":"(","characterOffsetBegin":3017,"characterOffsetEnd":3018,"pos":"-LRB-","before":" ","after":""},{"index":9,"word":"used","originalText":"used","characterOffsetBegin":3018,"characterOffsetEnd":3022,"pos":"VBN","before":"","after":" "},{"index":10,"word":"with","originalText":"with","characterOffsetBegin":3023,"characterOffsetEnd":3027,"pos":"IN","before":" ","after":" "},{"index":11,"word":"-","originalText":"-","characterOffsetBegin":3028,"characterOffsetEnd":3029,"pos":":","before":" ","after":""},{"index":12,"word":"Z","originalText":"Z","characterOffsetBegin":3029,"characterOffsetEnd":3030,"pos":"NN","before":"","after":""},{"index":13,"word":"-RRB-","originalText":")","characterOffsetBegin":3030,"characterOffsetEnd":3031,"pos":"-RRB-","before":"","after":""},{"index":14,"word":"-","originalText":"-","characterOffsetBegin":3031,"characterOffsetEnd":3032,"pos":":","before":"","after":""},{"index":15,"word":"z","originalText":"z","characterOffsetBegin":3032,"characterOffsetEnd":3033,"pos":"SYM","before":"","after":"\t"},{"index":16,"word":"write","originalText":"write","characterOffsetBegin":3034,"characterOffsetEnd":3039,"pos":"VB","before":"\t","after":" "},{"index":17,"word":"TCP","originalText":"TCP","characterOffsetBegin":3040,"characterOffsetEnd":3043,"pos":"NNP","before":" ","after":" "},{"index":18,"word":"data","originalText":"data","characterOffsetBegin":3044,"characterOffsetEnd":3048,"pos":"NNS","before":" ","after":" "},{"index":19,"word":"to","originalText":"to","characterOffsetBegin":3049,"characterOffsetEnd":3051,"pos":"TO","before":" ","after":" "},{"index":20,"word":"stdout","originalText":"stdout","characterOffsetBegin":3052,"characterOffsetEnd":3058,"pos":"NN","before":" ","after":" "},{"index":21,"word":"-LRB-","originalText":"(","characterOffsetBegin":3059,"characterOffsetEnd":3060,"pos":"-LRB-","before":" ","after":""},{"index":22,"word":"use","originalText":"use","characterOffsetBegin":3060,"characterOffsetEnd":3063,"pos":"NN","before":"","after":" "},{"index":23,"word":"with","originalText":"with","characterOffsetBegin":3064,"characterOffsetEnd":3068,"pos":"IN","before":" ","after":" "},{"index":24,"word":"-","originalText":"-","characterOffsetBegin":3069,"characterOffsetEnd":3070,"pos":":","before":" ","after":""},{"index":25,"word":"t","originalText":"t","characterOffsetBegin":3070,"characterOffsetEnd":3071,"pos":"NN","before":"","after":" "},{"index":26,"word":"to","originalText":"to","characterOffsetBegin":3072,"characterOffsetEnd":3074,"pos":"TO","before":" ","after":" "},{"index":27,"word":"eliminate","originalText":"eliminate","characterOffsetBegin":3075,"characterOffsetEnd":3084,"pos":"VB","before":" ","after":" "},{"index":28,"word":"timestamp","originalText":"timestamp","characterOffsetBegin":3085,"characterOffsetEnd":3094,"pos":"NN","before":" ","after":""},{"index":29,"word":"-RRB-","originalText":")","characterOffsetBegin":3094,"characterOffsetEnd":3095,"pos":"-RRB-","before":"","after":""},{"index":30,"word":"-","originalText":"-","characterOffsetBegin":3095,"characterOffsetEnd":3096,"pos":":","before":"","after":""},{"index":31,"word":"Z","originalText":"Z","characterOffsetBegin":3096,"characterOffsetEnd":3097,"pos":"NN","before":"","after":"\t"},{"index":32,"word":"write","originalText":"write","characterOffsetBegin":3098,"characterOffsetEnd":3103,"pos":"VB","before":"\t","after":" "},{"index":33,"word":"frames","originalText":"frames","characterOffsetBegin":3104,"characterOffsetEnd":3110,"pos":"NNS","before":" ","after":" "},{"index":34,"word":"and","originalText":"and","characterOffsetBegin":3111,"characterOffsetEnd":3114,"pos":"CC","before":" ","after":" "},{"index":35,"word":"TCP","originalText":"TCP","characterOffsetBegin":3115,"characterOffsetEnd":3118,"pos":"NN","before":" ","after":" "},{"index":36,"word":"data","originalText":"data","characterOffsetBegin":3119,"characterOffsetEnd":3123,"pos":"NNS","before":" ","after":" "},{"index":37,"word":"to","originalText":"to","characterOffsetBegin":3124,"characterOffsetEnd":3126,"pos":"TO","before":" ","after":" "},{"index":38,"word":"stdoutMartin","originalText":"stdoutMartin","characterOffsetBegin":3127,"characterOffsetEnd":3139,"pos":"NNP","before":" ","after":" "},{"index":39,"word":"M.","originalText":"M.","characterOffsetBegin":3140,"characterOffsetEnd":3142,"pos":"NNP","before":" ","after":" "},{"index":40,"word":"Huntmartinh@cac.washington.eduNetworks","originalText":"Huntmartinh@cac.washington.eduNetworks","characterOffsetBegin":3143,"characterOffsetEnd":3181,"pos":"NNP","before":" ","after":" "},{"index":41,"word":"&","originalText":"&","characterOffsetBegin":3182,"characterOffsetEnd":3183,"pos":"CC","before":" ","after":" "},{"index":42,"word":"Distributed","originalText":"Distributed","characterOffsetBegin":3184,"characterOffsetEnd":3195,"pos":"VBN","before":" ","after":" "},{"index":43,"word":"ComputingUniversity","originalText":"ComputingUniversity","characterOffsetBegin":3196,"characterOffsetEnd":3215,"pos":"NN","before":" ","after":" "},{"index":44,"word":"of","originalText":"of","characterOffsetBegin":3216,"characterOffsetEnd":3218,"pos":"IN","before":" ","after":" "},{"index":45,"word":"Washington","originalText":"Washington","characterOffsetBegin":3219,"characterOffsetEnd":3229,"pos":"NNP","before":" ","after":""},{"index":46,"word":"---------------------------------------------------------------------------------","originalText":"---------------------------------------------------------------------------------","characterOffsetBegin":3229,"characterOffsetEnd":3310,"pos":"CD","before":"","after":""},{"index":47,"word":"Martin","originalText":"Martin","characterOffsetBegin":3310,"characterOffsetEnd":3316,"pos":"NNP","before":"","after":" "},{"index":48,"word":"Hunt","originalText":"Hunt","characterOffsetBegin":3317,"characterOffsetEnd":3321,"pos":"NNP","before":" ","after":"                            "},{"index":49,"word":"martinh@cac.washington.edu","originalText":"martinh@cac.washington.edu","characterOffsetBegin":3349,"characterOffsetEnd":3375,"pos":"NNP","before":"                            ","after":"   "},{"index":50,"word":"Networks","originalText":"Networks","characterOffsetBegin":3378,"characterOffsetEnd":3386,"pos":"NNP","before":"   ","after":" "},{"index":51,"word":"and","originalText":"and","characterOffsetBegin":3387,"characterOffsetEnd":3390,"pos":"CC","before":" ","after":" "},{"index":52,"word":"Distributed","originalText":"Distributed","characterOffsetBegin":3391,"characterOffsetEnd":3402,"pos":"VBN","before":" ","after":" "},{"index":53,"word":"Computing","originalText":"Computing","characterOffsetBegin":3403,"characterOffsetEnd":3412,"pos":"NNP","before":" ","after":"     "},{"index":54,"word":"University","originalText":"University","characterOffsetBegin":3417,"characterOffsetEnd":3427,"pos":"NNP","before":"     ","after":" "},{"index":55,"word":"of","originalText":"of","characterOffsetBegin":3428,"characterOffsetEnd":3430,"pos":"IN","before":" ","after":" "},{"index":56,"word":"Washington","originalText":"Washington","characterOffsetBegin":3431,"characterOffsetEnd":3441,"pos":"NNP","before":" ","after":""}]}]}