{"sentences":[{"index":0,"tokens":[{"index":1,"word":"From","originalText":"From","characterOffsetBegin":0,"characterOffsetEnd":4,"pos":"IN","before":"","after":""},{"index":2,"word":":","originalText":":","characterOffsetBegin":4,"characterOffsetEnd":5,"pos":":","before":"","after":" "},{"index":3,"word":"mike@hopper.Virginia.EDU","originalText":"mike@hopper.Virginia.EDU","characterOffsetBegin":6,"characterOffsetEnd":30,"pos":"NN","before":" ","after":" "},{"index":4,"word":"-LRB-","originalText":"(","characterOffsetBegin":31,"characterOffsetEnd":32,"pos":"-LRB-","before":" ","after":""},{"index":5,"word":"Michael","originalText":"Michael","characterOffsetBegin":32,"characterOffsetEnd":39,"pos":"NNP","before":"","after":" "},{"index":6,"word":"Chapman","originalText":"Chapman","characterOffsetBegin":40,"characterOffsetEnd":47,"pos":"NNP","before":" ","after":""},{"index":7,"word":"-RRB-","originalText":")","characterOffsetBegin":47,"characterOffsetEnd":48,"pos":"-RRB-","before":"","after":""},{"index":8,"word":"Subject","originalText":"Subject","characterOffsetBegin":48,"characterOffsetEnd":55,"pos":"NNP","before":"","after":""},{"index":9,"word":":","originalText":":","characterOffsetBegin":55,"characterOffsetEnd":56,"pos":":","before":"","after":" "},{"index":10,"word":"Re","originalText":"Re","characterOffsetBegin":57,"characterOffsetEnd":59,"pos":"NNP","before":" ","after":""},{"index":11,"word":":","originalText":":","characterOffsetBegin":59,"characterOffsetEnd":60,"pos":":","before":"","after":" "},{"index":12,"word":"Looking","originalText":"Looking","characterOffsetBegin":61,"characterOffsetEnd":68,"pos":"VBG","before":" ","after":" "},{"index":13,"word":"for","originalText":"for","characterOffsetBegin":69,"characterOffsetEnd":72,"pos":"IN","before":" ","after":" "},{"index":14,"word":"a","originalText":"a","characterOffsetBegin":73,"characterOffsetEnd":74,"pos":"DT","before":" ","after":" "},{"index":15,"word":"filemanager","originalText":"filemanager","characterOffsetBegin":75,"characterOffsetEnd":86,"pos":"NN","before":" ","after":" "},{"index":16,"word":"under","originalText":"under","characterOffsetBegin":87,"characterOffsetEnd":92,"pos":"IN","before":" ","after":" "},{"index":17,"word":"X11R5In","originalText":"X11R5In","characterOffsetBegin":93,"characterOffsetEnd":100,"pos":"NN","before":" ","after":" "},{"index":18,"word":"article","originalText":"article","characterOffsetBegin":101,"characterOffsetEnd":108,"pos":"NN","before":" ","after":" "},{"index":19,"word":"<1993Apr21.130259.3773@atlastele.com>","originalText":"<1993Apr21.130259.3773@atlastele.com>","characterOffsetBegin":109,"characterOffsetEnd":146,"pos":"NN","before":" ","after":" "},{"index":20,"word":"brians@atlastele.com","originalText":"brians@atlastele.com","characterOffsetBegin":147,"characterOffsetEnd":167,"pos":"NN","before":" ","after":" "},{"index":21,"word":"-LRB-","originalText":"(","characterOffsetBegin":168,"characterOffsetEnd":169,"pos":"-LRB-","before":" ","after":""},{"index":22,"word":"Brian","originalText":"Brian","characterOffsetBegin":169,"characterOffsetEnd":174,"pos":"NNP","before":"","after":" "},{"index":23,"word":"Sheets","originalText":"Sheets","characterOffsetBegin":175,"characterOffsetEnd":181,"pos":"NNP","before":" ","after":""},{"index":24,"word":"-RRB-","originalText":")","characterOffsetBegin":181,"characterOffsetEnd":182,"pos":"-RRB-","before":"","after":" "},{"index":25,"word":"writes","originalText":"writes","characterOffsetBegin":183,"characterOffsetEnd":189,"pos":"VBZ","before":" ","after":""},{"index":26,"word":":","originalText":":","characterOffsetBegin":189,"characterOffsetEnd":190,"pos":":","before":"","after":""},{"index":27,"word":">","originalText":">","characterOffsetBegin":190,"characterOffsetEnd":191,"pos":"JJR","before":"","after":""},{"index":28,"word":"Does","originalText":"Does","characterOffsetBegin":191,"characterOffsetEnd":195,"pos":"VBZ","before":"","after":" "},{"index":29,"word":"anyone","originalText":"anyone","characterOffsetBegin":196,"characterOffsetEnd":202,"pos":"NN","before":" ","after":" "},{"index":30,"word":"have","originalText":"have","characterOffsetBegin":203,"characterOffsetEnd":207,"pos":"VB","before":" ","after":" "},{"index":31,"word":"a","originalText":"a","characterOffsetBegin":208,"characterOffsetEnd":209,"pos":"DT","before":" ","after":" "},{"index":32,"word":"file","originalText":"file","characterOffsetBegin":210,"characterOffsetEnd":214,"pos":"NN","before":" ","after":" "},{"index":33,"word":"manager","originalText":"manager","characterOffsetBegin":215,"characterOffsetEnd":222,"pos":"NN","before":" ","after":" "},{"index":34,"word":"that","originalText":"that","characterOffsetBegin":223,"characterOffsetEnd":227,"pos":"WDT","before":" ","after":" "},{"index":35,"word":"runs","originalText":"runs","characterOffsetBegin":228,"characterOffsetEnd":232,"pos":"VBZ","before":" ","after":" "},{"index":36,"word":"under","originalText":"under","characterOffsetBegin":233,"characterOffsetEnd":238,"pos":"IN","before":" ","after":" "},{"index":37,"word":"UNIX/X11R5","originalText":"UNIX/X11R5","characterOffsetBegin":239,"characterOffsetEnd":249,"pos":"NNP","before":" ","after":""},{"index":38,"word":"??","originalText":"??","characterOffsetBegin":249,"characterOffsetEnd":251,"pos":"CD","before":"","after":""},{"index":39,"word":">","originalText":">","characterOffsetBegin":251,"characterOffsetEnd":252,"pos":"JJR","before":"","after":""}]},{"index":1,"tokens":[{"index":1,"word":"xdtm","originalText":"xdtm","characterOffsetBegin":252,"characterOffsetEnd":256,"pos":"NN","before":"","after":" "},{"index":2,"word":"is","originalText":"is","characterOffsetBegin":257,"characterOffsetEnd":259,"pos":"VBZ","before":" ","after":" "},{"index":3,"word":"working","originalText":"working","characterOffsetBegin":260,"characterOffsetEnd":267,"pos":"VBG","before":" ","after":" "},{"index":4,"word":"looking","originalText":"looking","characterOffsetBegin":268,"characterOffsetEnd":275,"pos":"VBG","before":" ","after":" "},{"index":5,"word":"at","originalText":"at","characterOffsetBegin":276,"characterOffsetEnd":278,"pos":"IN","before":" ","after":""},{"index":6,"word":",","originalText":",","characterOffsetBegin":278,"characterOffsetEnd":279,"pos":",","before":"","after":" "},{"index":7,"word":"as","originalText":"as","characterOffsetBegin":280,"characterOffsetEnd":282,"pos":"IN","before":" ","after":" "},{"index":8,"word":"is","originalText":"is","characterOffsetBegin":283,"characterOffsetEnd":285,"pos":"VBZ","before":" ","after":" "},{"index":9,"word":"ftptool","originalText":"ftptool","characterOffsetBegin":286,"characterOffsetEnd":293,"pos":"NN","before":" ","after":""},{"index":10,"word":".","originalText":".","characterOffsetBegin":293,"characterOffsetEnd":294,"pos":".","before":"","after":"  "}]},{"index":2,"tokens":[{"index":1,"word":"There","originalText":"There","characterOffsetBegin":296,"characterOffsetEnd":301,"pos":"EX","before":"  ","after":" "},{"index":2,"word":"really","originalText":"really","characterOffsetBegin":302,"characterOffsetEnd":308,"pos":"RB","before":" ","after":" "},{"index":3,"word":"is","originalText":"is","characterOffsetBegin":309,"characterOffsetEnd":311,"pos":"VBZ","before":" ","after":""},{"index":4,"word":"n't","originalText":"n't","characterOffsetBegin":311,"characterOffsetEnd":314,"pos":"RB","before":"","after":" "},{"index":5,"word":"anything","originalText":"anything","characterOffsetBegin":315,"characterOffsetEnd":323,"pos":"NN","before":" ","after":" "},{"index":6,"word":"ofany","originalText":"ofany","characterOffsetBegin":324,"characterOffsetEnd":329,"pos":"JJ","before":" ","after":" "},{"index":7,"word":"quality","originalText":"quality","characterOffsetBegin":330,"characterOffsetEnd":337,"pos":"NN","before":" ","after":" "},{"index":8,"word":"that","originalText":"that","characterOffsetBegin":338,"characterOffsetEnd":342,"pos":"IN","before":" ","after":" "},{"index":9,"word":"I","originalText":"I","characterOffsetBegin":343,"characterOffsetEnd":344,"pos":"PRP","before":" ","after":""},{"index":10,"word":"'ve","originalText":"'ve","characterOffsetBegin":344,"characterOffsetEnd":347,"pos":"VBP","before":"","after":" "},{"index":11,"word":"seen","originalText":"seen","characterOffsetBegin":348,"characterOffsetEnd":352,"pos":"VBN","before":" ","after":" "},{"index":12,"word":"though","originalText":"though","characterOffsetBegin":353,"characterOffsetEnd":359,"pos":"IN","before":" ","after":""},{"index":13,"word":",","originalText":",","characterOffsetBegin":359,"characterOffsetEnd":360,"pos":",","before":"","after":" "},{"index":14,"word":"and","originalText":"and","characterOffsetBegin":361,"characterOffsetEnd":364,"pos":"CC","before":" ","after":" "},{"index":15,"word":"I","originalText":"I","characterOffsetBegin":365,"characterOffsetEnd":366,"pos":"PRP","before":" ","after":""},{"index":16,"word":"'m","originalText":"'m","characterOffsetBegin":366,"characterOffsetEnd":368,"pos":"VBP","before":"","after":" "},{"index":17,"word":"seriously","originalText":"seriously","characterOffsetBegin":369,"characterOffsetEnd":378,"pos":"RB","before":" ","after":" "},{"index":18,"word":"considering","originalText":"considering","characterOffsetBegin":379,"characterOffsetEnd":390,"pos":"VBG","before":" ","after":" "},{"index":19,"word":"writing","originalText":"writing","characterOffsetBegin":391,"characterOffsetEnd":398,"pos":"VBG","before":" ","after":" "},{"index":20,"word":"oneon","originalText":"oneon","characterOffsetBegin":399,"characterOffsetEnd":404,"pos":"NN","before":" ","after":" "},{"index":21,"word":"my","originalText":"my","characterOffsetBegin":405,"characterOffsetEnd":407,"pos":"PRP$","before":" ","after":" "},{"index":22,"word":"own","originalText":"own","characterOffsetBegin":408,"characterOffsetEnd":411,"pos":"JJ","before":" ","after":""},{"index":23,"word":".","originalText":".","characterOffsetBegin":411,"characterOffsetEnd":412,"pos":".","before":"","after":""}]},{"index":3,"tokens":[{"index":1,"word":"--","originalText":"--","characterOffsetBegin":412,"characterOffsetEnd":414,"pos":":","before":"","after":" "},{"index":2,"word":"mike@hopper.acs.virginia.edu","originalText":"mike@hopper.acs.virginia.edu","characterOffsetBegin":415,"characterOffsetEnd":443,"pos":"NN","before":" ","after":" "},{"index":3,"word":"``","originalText":"\"","characterOffsetBegin":444,"characterOffsetEnd":445,"pos":"``","before":" ","after":""},{"index":4,"word":"I","originalText":"I","characterOffsetBegin":445,"characterOffsetEnd":446,"pos":"PRP","before":"","after":" "},{"index":5,"word":"will","originalText":"will","characterOffsetBegin":447,"characterOffsetEnd":451,"pos":"MD","before":" ","after":" "},{"index":6,"word":"NOT","originalText":"NOT","characterOffsetBegin":452,"characterOffsetEnd":455,"pos":"RB","before":" ","after":" "},{"index":7,"word":"raise","originalText":"raise","characterOffsetBegin":456,"characterOffsetEnd":461,"pos":"VB","before":" ","after":" "},{"index":8,"word":"taxes","originalText":"taxes","characterOffsetBegin":462,"characterOffsetEnd":467,"pos":"NNS","before":" ","after":" "},{"index":9,"word":"on","originalText":"on","characterOffsetBegin":468,"characterOffsetEnd":470,"pos":"IN","before":" ","after":" "},{"index":10,"word":"the","originalText":"the","characterOffsetBegin":471,"characterOffsetEnd":474,"pos":"DT","before":" ","after":" "},{"index":11,"word":"middle","originalText":"middle","characterOffsetBegin":475,"characterOffsetEnd":481,"pos":"JJ","before":" ","after":" "},{"index":12,"word":"class","originalText":"class","characterOffsetBegin":482,"characterOffsetEnd":487,"pos":"NN","before":" ","after":""},{"index":13,"word":".","originalText":".","characterOffsetBegin":487,"characterOffsetEnd":488,"pos":".","before":"","after":""},{"index":14,"word":"''","originalText":"\"","characterOffsetBegin":488,"characterOffsetEnd":489,"pos":"''","before":"","after":" "}]},{"index":4,"tokens":[{"index":1,"word":"-","originalText":"-","characterOffsetBegin":490,"characterOffsetEnd":491,"pos":":","before":" ","after":""},{"index":2,"word":"Unknown","originalText":"Unknown","characterOffsetBegin":491,"characterOffsetEnd":498,"pos":"JJ","before":"","after":""}]}]}