{"sentences":[{"index":0,"tokens":[{"index":1,"word":"From","originalText":"From","characterOffsetBegin":0,"characterOffsetEnd":4,"pos":"IN","before":"","after":""},{"index":2,"word":":","originalText":":","characterOffsetBegin":4,"characterOffsetEnd":5,"pos":":","before":"","after":" "},{"index":3,"word":"clay@cs.scarolina.edu","originalText":"clay@cs.scarolina.edu","characterOffsetBegin":6,"characterOffsetEnd":27,"pos":"NN","before":" ","after":" "},{"index":4,"word":"-LRB-","originalText":"(","characterOffsetBegin":28,"characterOffsetEnd":29,"pos":"-LRB-","before":" ","after":""},{"index":5,"word":"F","originalText":"F","characterOffsetBegin":29,"characterOffsetEnd":30,"pos":"NN","before":"","after":" "},{"index":6,"word":"Rodney","originalText":"Rodney","characterOffsetBegin":31,"characterOffsetEnd":37,"pos":"NNP","before":" ","after":" "},{"index":7,"word":"Clay","originalText":"Clay","characterOffsetBegin":38,"characterOffsetEnd":42,"pos":"NNP","before":" ","after":""},{"index":8,"word":"-RRB-","originalText":")","characterOffsetBegin":42,"characterOffsetEnd":43,"pos":"-RRB-","before":"","after":""},{"index":9,"word":"Subject","originalText":"Subject","characterOffsetBegin":43,"characterOffsetEnd":50,"pos":"NNP","before":"","after":""},{"index":10,"word":":","originalText":":","characterOffsetBegin":50,"characterOffsetEnd":51,"pos":":","before":"","after":" "},{"index":11,"word":"Slider","originalText":"Slider","characterOffsetBegin":52,"characterOffsetEnd":58,"pos":"NNP","before":" ","after":" "},{"index":12,"word":"Position","originalText":"Position","characterOffsetBegin":59,"characterOffsetEnd":67,"pos":"NN","before":" ","after":" "},{"index":13,"word":"of","originalText":"of","characterOffsetBegin":68,"characterOffsetEnd":70,"pos":"IN","before":" ","after":" "},{"index":14,"word":"Vertical","originalText":"Vertical","characterOffsetBegin":71,"characterOffsetEnd":79,"pos":"JJ","before":" ","after":" "},{"index":15,"word":"ScrollbarsI","originalText":"ScrollbarsI","characterOffsetBegin":80,"characterOffsetEnd":91,"pos":"NN","before":" ","after":" "},{"index":16,"word":"need","originalText":"need","characterOffsetBegin":92,"characterOffsetEnd":96,"pos":"MD","before":" ","after":" "},{"index":17,"word":"help","originalText":"help","characterOffsetBegin":97,"characterOffsetEnd":101,"pos":"VB","before":" ","after":" "},{"index":18,"word":"positioning","originalText":"positioning","characterOffsetBegin":102,"characterOffsetEnd":113,"pos":"VBG","before":" ","after":" "},{"index":19,"word":"the","originalText":"the","characterOffsetBegin":114,"characterOffsetEnd":117,"pos":"DT","before":" ","after":" "},{"index":20,"word":"slider","originalText":"slider","characterOffsetBegin":118,"characterOffsetEnd":124,"pos":"NN","before":" ","after":" "},{"index":21,"word":"of","originalText":"of","characterOffsetBegin":125,"characterOffsetEnd":127,"pos":"IN","before":" ","after":" "},{"index":22,"word":"a","originalText":"a","characterOffsetBegin":128,"characterOffsetEnd":129,"pos":"DT","before":" ","after":" "},{"index":23,"word":"List","originalText":"List","characterOffsetBegin":130,"characterOffsetEnd":134,"pos":"NN","before":" ","after":" "},{"index":24,"word":"widget","originalText":"widget","characterOffsetBegin":135,"characterOffsetEnd":141,"pos":"NN","before":" ","after":""},{"index":25,"word":"'s","originalText":"'s","characterOffsetBegin":141,"characterOffsetEnd":143,"pos":"POS","before":"","after":" "},{"index":26,"word":"horizontal","originalText":"horizontal","characterOffsetBegin":144,"characterOffsetEnd":154,"pos":"JJ","before":" ","after":" "},{"index":27,"word":"scrollbar","originalText":"scrollbar","characterOffsetBegin":155,"characterOffsetEnd":164,"pos":"NN","before":" ","after":""},{"index":28,"word":".","originalText":".","characterOffsetBegin":164,"characterOffsetEnd":165,"pos":".","before":"","after":"  "}]},{"index":1,"tokens":[{"index":1,"word":"I","originalText":"I","characterOffsetBegin":167,"characterOffsetEnd":168,"pos":"PRP","before":"  ","after":" "},{"index":2,"word":"am","originalText":"am","characterOffsetBegin":169,"characterOffsetEnd":171,"pos":"VBP","before":" ","after":" "},{"index":3,"word":"displaying","originalText":"displaying","characterOffsetBegin":172,"characterOffsetEnd":182,"pos":"VBG","before":" ","after":" "},{"index":4,"word":"the","originalText":"the","characterOffsetBegin":183,"characterOffsetEnd":186,"pos":"DT","before":" ","after":" "},{"index":5,"word":"fullpath","originalText":"fullpath","characterOffsetBegin":187,"characterOffsetEnd":195,"pos":"NN","before":" ","after":" "},{"index":6,"word":"of","originalText":"of","characterOffsetBegin":196,"characterOffsetEnd":198,"pos":"IN","before":" ","after":" "},{"index":7,"word":"a","originalText":"a","characterOffsetBegin":199,"characterOffsetEnd":200,"pos":"DT","before":" ","after":" "},{"index":8,"word":"selected","originalText":"selected","characterOffsetBegin":201,"characterOffsetEnd":209,"pos":"VBN","before":" ","after":" "},{"index":9,"word":"file","originalText":"file","characterOffsetBegin":210,"characterOffsetEnd":214,"pos":"NN","before":" ","after":" "},{"index":10,"word":"in","originalText":"in","characterOffsetBegin":215,"characterOffsetEnd":217,"pos":"IN","before":" ","after":" "},{"index":11,"word":"a","originalText":"a","characterOffsetBegin":218,"characterOffsetEnd":219,"pos":"DT","before":" ","after":" "},{"index":12,"word":"list","originalText":"list","characterOffsetBegin":220,"characterOffsetEnd":224,"pos":"NN","before":" ","after":" "},{"index":13,"word":"widget","originalText":"widget","characterOffsetBegin":225,"characterOffsetEnd":231,"pos":"NN","before":" ","after":""},{"index":14,"word":".","originalText":".","characterOffsetBegin":231,"characterOffsetEnd":232,"pos":".","before":"","after":"  "}]},{"index":2,"tokens":[{"index":1,"word":"The","originalText":"The","characterOffsetBegin":234,"characterOffsetEnd":237,"pos":"DT","before":"  ","after":" "},{"index":2,"word":"horizontal","originalText":"horizontal","characterOffsetBegin":238,"characterOffsetEnd":248,"pos":"NN","before":" ","after":""},{"index":3,"word":"'s","originalText":"'s","characterOffsetBegin":248,"characterOffsetEnd":250,"pos":"POS","before":"","after":" "},{"index":4,"word":"slider","originalText":"slider","characterOffsetBegin":251,"characterOffsetEnd":257,"pos":"NN","before":" ","after":" "},{"index":5,"word":"defaults","originalText":"defaults","characterOffsetBegin":258,"characterOffsetEnd":266,"pos":"NNS","before":" ","after":" "},{"index":6,"word":"to","originalText":"to","characterOffsetBegin":267,"characterOffsetEnd":269,"pos":"TO","before":" ","after":" "},{"index":7,"word":"the","originalText":"the","characterOffsetBegin":270,"characterOffsetEnd":273,"pos":"DT","before":" ","after":" "},{"index":8,"word":"left","originalText":"left","characterOffsetBegin":274,"characterOffsetEnd":278,"pos":"JJ","before":" ","after":" "},{"index":9,"word":"side","originalText":"side","characterOffsetBegin":279,"characterOffsetEnd":283,"pos":"NN","before":" ","after":" "},{"index":10,"word":"of","originalText":"of","characterOffsetBegin":284,"characterOffsetEnd":286,"pos":"IN","before":" ","after":" "},{"index":11,"word":"thelist","originalText":"thelist","characterOffsetBegin":287,"characterOffsetEnd":294,"pos":"JJ","before":" ","after":" "},{"index":12,"word":"widget","originalText":"widget","characterOffsetBegin":295,"characterOffsetEnd":301,"pos":"NN","before":" ","after":""},{"index":13,"word":";","originalText":";","characterOffsetBegin":301,"characterOffsetEnd":302,"pos":":","before":"","after":" "},{"index":14,"word":"however","originalText":"however","characterOffsetBegin":303,"characterOffsetEnd":310,"pos":"RB","before":" ","after":""},{"index":15,"word":",","originalText":",","characterOffsetBegin":310,"characterOffsetEnd":311,"pos":",","before":"","after":" "},{"index":16,"word":"I","originalText":"I","characterOffsetBegin":312,"characterOffsetEnd":313,"pos":"PRP","before":" ","after":" "},{"index":17,"word":"need","originalText":"need","characterOffsetBegin":314,"characterOffsetEnd":318,"pos":"VBP","before":" ","after":" "},{"index":18,"word":"the","originalText":"the","characterOffsetBegin":319,"characterOffsetEnd":322,"pos":"DT","before":" ","after":" "},{"index":19,"word":"slider","originalText":"slider","characterOffsetBegin":323,"characterOffsetEnd":329,"pos":"NN","before":" ","after":" "},{"index":20,"word":"on","originalText":"on","characterOffsetBegin":330,"characterOffsetEnd":332,"pos":"IN","before":" ","after":" "},{"index":21,"word":"the","originalText":"the","characterOffsetBegin":333,"characterOffsetEnd":336,"pos":"DT","before":" ","after":" "},{"index":22,"word":"right","originalText":"right","characterOffsetBegin":337,"characterOffsetEnd":342,"pos":"JJ","before":" ","after":" "},{"index":23,"word":"side","originalText":"side","characterOffsetBegin":343,"characterOffsetEnd":347,"pos":"NN","before":" ","after":""},{"index":24,"word":".","originalText":".","characterOffsetBegin":347,"characterOffsetEnd":348,"pos":".","before":"","after":"  "}]},{"index":3,"tokens":[{"index":1,"word":"This","originalText":"This","characterOffsetBegin":350,"characterOffsetEnd":354,"pos":"DT","before":"  ","after":" "},{"index":2,"word":"is","originalText":"is","characterOffsetBegin":355,"characterOffsetEnd":357,"pos":"VBZ","before":" ","after":" "},{"index":3,"word":"so","originalText":"so","characterOffsetBegin":358,"characterOffsetEnd":360,"pos":"RB","before":" ","after":" "},{"index":4,"word":"the","originalText":"the","characterOffsetBegin":361,"characterOffsetEnd":364,"pos":"DT","before":" ","after":" "},{"index":5,"word":"user","originalText":"user","characterOffsetBegin":365,"characterOffsetEnd":369,"pos":"NN","before":" ","after":" "},{"index":6,"word":"can","originalText":"can","characterOffsetBegin":370,"characterOffsetEnd":373,"pos":"MD","before":" ","after":" "},{"index":7,"word":"SEE","originalText":"SEE","characterOffsetBegin":374,"characterOffsetEnd":377,"pos":"VB","before":" ","after":" "},{"index":8,"word":"the","originalText":"the","characterOffsetBegin":378,"characterOffsetEnd":381,"pos":"DT","before":" ","after":" "},{"index":9,"word":"file","originalText":"file","characterOffsetBegin":382,"characterOffsetEnd":386,"pos":"NN","before":" ","after":" "},{"index":10,"word":"namethey","originalText":"namethey","characterOffsetBegin":387,"characterOffsetEnd":395,"pos":"NN","before":" ","after":" "},{"index":11,"word":"selected","originalText":"selected","characterOffsetBegin":396,"characterOffsetEnd":404,"pos":"VBN","before":" ","after":""},{"index":12,"word":".","originalText":".","characterOffsetBegin":404,"characterOffsetEnd":405,"pos":".","before":"","after":"  "}]},{"index":4,"tokens":[{"index":1,"word":"I","originalText":"I","characterOffsetBegin":407,"characterOffsetEnd":408,"pos":"PRP","before":"  ","after":" "},{"index":2,"word":"know","originalText":"know","characterOffsetBegin":409,"characterOffsetEnd":413,"pos":"VBP","before":" ","after":" "},{"index":3,"word":"it","originalText":"it","characterOffsetBegin":414,"characterOffsetEnd":416,"pos":"PRP","before":" ","after":""},{"index":4,"word":"'s","originalText":"'s","characterOffsetBegin":416,"characterOffsetEnd":418,"pos":"VBZ","before":"","after":" "},{"index":5,"word":"possible","originalText":"possible","characterOffsetBegin":419,"characterOffsetEnd":427,"pos":"JJ","before":" ","after":""},{"index":6,"word":",","originalText":",","characterOffsetBegin":427,"characterOffsetEnd":428,"pos":",","before":"","after":" "},{"index":7,"word":"because","originalText":"because","characterOffsetBegin":429,"characterOffsetEnd":436,"pos":"IN","before":" ","after":" "},{"index":8,"word":"when","originalText":"when","characterOffsetBegin":437,"characterOffsetEnd":441,"pos":"WRB","before":" ","after":" "},{"index":9,"word":"files","originalText":"files","characterOffsetBegin":442,"characterOffsetEnd":447,"pos":"NNS","before":" ","after":" "},{"index":10,"word":"are","originalText":"are","characterOffsetBegin":448,"characterOffsetEnd":451,"pos":"VBP","before":" ","after":" "},{"index":11,"word":"displayed","originalText":"displayed","characterOffsetBegin":452,"characterOffsetEnd":461,"pos":"VBN","before":" ","after":" "},{"index":12,"word":"in","originalText":"in","characterOffsetBegin":462,"characterOffsetEnd":464,"pos":"IN","before":" ","after":" "},{"index":13,"word":"a","originalText":"a","characterOffsetBegin":465,"characterOffsetEnd":466,"pos":"DT","before":" ","after":" "},{"index":14,"word":"file","originalText":"file","characterOffsetBegin":467,"characterOffsetEnd":471,"pos":"NN","before":" ","after":" "},{"index":15,"word":"selection","originalText":"selection","characterOffsetBegin":472,"characterOffsetEnd":481,"pos":"NN","before":" ","after":" "},{"index":16,"word":"dialog","originalText":"dialog","characterOffsetBegin":482,"characterOffsetEnd":488,"pos":"NN","before":" ","after":" "},{"index":17,"word":"box","originalText":"box","characterOffsetBegin":489,"characterOffsetEnd":492,"pos":"NN","before":" ","after":""},{"index":18,"word":",","originalText":",","characterOffsetBegin":492,"characterOffsetEnd":493,"pos":",","before":"","after":""},{"index":19,"word":"the","originalText":"the","characterOffsetBegin":493,"characterOffsetEnd":496,"pos":"DT","before":"","after":" "},{"index":20,"word":"slider","originalText":"slider","characterOffsetBegin":497,"characterOffsetEnd":503,"pos":"NN","before":" ","after":" "},{"index":21,"word":"is","originalText":"is","characterOffsetBegin":504,"characterOffsetEnd":506,"pos":"VBZ","before":" ","after":" "},{"index":22,"word":"on","originalText":"on","characterOffsetBegin":507,"characterOffsetEnd":509,"pos":"IN","before":" ","after":" "},{"index":23,"word":"the","originalText":"the","characterOffsetBegin":510,"characterOffsetEnd":513,"pos":"DT","before":" ","after":" "},{"index":24,"word":"right","originalText":"right","characterOffsetBegin":514,"characterOffsetEnd":519,"pos":"JJ","before":" ","after":" "},{"index":25,"word":"side.Thanking","originalText":"side.Thanking","characterOffsetBegin":520,"characterOffsetEnd":533,"pos":"NN","before":" ","after":" "},{"index":26,"word":"any","originalText":"any","characterOffsetBegin":534,"characterOffsetEnd":537,"pos":"DT","before":" ","after":" "},{"index":27,"word":"and","originalText":"and","characterOffsetBegin":538,"characterOffsetEnd":541,"pos":"CC","before":" ","after":" "},{"index":28,"word":"all","originalText":"all","characterOffsetBegin":542,"characterOffsetEnd":545,"pos":"DT","before":" ","after":" "},{"index":29,"word":"who","originalText":"who","characterOffsetBegin":546,"characterOffsetEnd":549,"pos":"WP","before":" ","after":" "},{"index":30,"word":"can","originalText":"can","characterOffsetBegin":550,"characterOffsetEnd":553,"pos":"MD","before":" ","after":" "},{"index":31,"word":"help","originalText":"help","characterOffsetBegin":554,"characterOffsetEnd":558,"pos":"VB","before":" ","after":" "},{"index":32,"word":"in","originalText":"in","characterOffsetBegin":559,"characterOffsetEnd":561,"pos":"IN","before":" ","after":" "},{"index":33,"word":"advance","originalText":"advance","characterOffsetBegin":562,"characterOffsetEnd":569,"pos":"NN","before":" ","after":""},{"index":34,"word":",","originalText":",","characterOffsetBegin":569,"characterOffsetEnd":570,"pos":",","before":"","after":""},{"index":35,"word":"Rodney","originalText":"Rodney","characterOffsetBegin":570,"characterOffsetEnd":576,"pos":"NNP","before":"","after":" "},{"index":36,"word":"F.","originalText":"F.","characterOffsetBegin":577,"characterOffsetEnd":579,"pos":"NNP","before":" ","after":" "},{"index":37,"word":"Clayclay@cs.scarolina.edu","originalText":"Clayclay@cs.scarolina.edu","characterOffsetBegin":580,"characterOffsetEnd":605,"pos":"NNP","before":" ","after":""}]}]}