{"sentences":[{"index":0,"tokens":[{"index":1,"word":"From","originalText":"From","characterOffsetBegin":0,"characterOffsetEnd":4,"pos":"IN","before":"","after":""},{"index":2,"word":":","originalText":":","characterOffsetBegin":4,"characterOffsetEnd":5,"pos":":","before":"","after":" "},{"index":3,"word":"mike@hopper.Virginia.EDU","originalText":"mike@hopper.Virginia.EDU","characterOffsetBegin":6,"characterOffsetEnd":30,"pos":"NN","before":" ","after":" "},{"index":4,"word":"-LRB-","originalText":"(","characterOffsetBegin":31,"characterOffsetEnd":32,"pos":"-LRB-","before":" ","after":""},{"index":5,"word":"Michael","originalText":"Michael","characterOffsetBegin":32,"characterOffsetEnd":39,"pos":"NNP","before":"","after":" "},{"index":6,"word":"Chapman","originalText":"Chapman","characterOffsetBegin":40,"characterOffsetEnd":47,"pos":"NNP","before":" ","after":""},{"index":7,"word":"-RRB-","originalText":")","characterOffsetBegin":47,"characterOffsetEnd":48,"pos":"-RRB-","before":"","after":""},{"index":8,"word":"Subject","originalText":"Subject","characterOffsetBegin":48,"characterOffsetEnd":55,"pos":"NNP","before":"","after":""},{"index":9,"word":":","originalText":":","characterOffsetBegin":55,"characterOffsetEnd":56,"pos":":","before":"","after":" "},{"index":10,"word":"TektronixI","originalText":"TektronixI","characterOffsetBegin":57,"characterOffsetEnd":67,"pos":"NN","before":" ","after":" "},{"index":11,"word":"remember","originalText":"remember","characterOffsetBegin":68,"characterOffsetEnd":76,"pos":"VBP","before":" ","after":" "},{"index":12,"word":"seeing","originalText":"seeing","characterOffsetBegin":77,"characterOffsetEnd":83,"pos":"VBG","before":" ","after":" "},{"index":13,"word":"something","originalText":"something","characterOffsetBegin":84,"characterOffsetEnd":93,"pos":"NN","before":" ","after":" "},{"index":14,"word":"in","originalText":"in","characterOffsetBegin":94,"characterOffsetEnd":96,"pos":"IN","before":" ","after":" "},{"index":15,"word":"the","originalText":"the","characterOffsetBegin":97,"characterOffsetEnd":100,"pos":"DT","before":" ","after":" "},{"index":16,"word":"X","originalText":"X","characterOffsetBegin":101,"characterOffsetEnd":102,"pos":"NN","before":" ","after":" "},{"index":17,"word":"distribution","originalText":"distribution","characterOffsetBegin":103,"characterOffsetEnd":115,"pos":"NN","before":" ","after":" "},{"index":18,"word":"mentioning","originalText":"mentioning","characterOffsetBegin":116,"characterOffsetEnd":126,"pos":"VBG","before":" ","after":" "},{"index":19,"word":"supportfor","originalText":"supportfor","characterOffsetBegin":127,"characterOffsetEnd":137,"pos":"NN","before":" ","after":" "},{"index":20,"word":"a","originalText":"a","characterOffsetBegin":138,"characterOffsetEnd":139,"pos":"DT","before":" ","after":" "},{"index":21,"word":"Tektronix","originalText":"Tektronix","characterOffsetBegin":140,"characterOffsetEnd":149,"pos":"NNP","before":" ","after":" "},{"index":22,"word":"terminal","originalText":"terminal","characterOffsetBegin":150,"characterOffsetEnd":158,"pos":"NN","before":" ","after":" "},{"index":23,"word":"in","originalText":"in","characterOffsetBegin":159,"characterOffsetEnd":161,"pos":"IN","before":" ","after":" "},{"index":24,"word":"an","originalText":"an","characterOffsetBegin":162,"characterOffsetEnd":164,"pos":"DT","before":" ","after":" "},{"index":25,"word":"X","originalText":"X","characterOffsetBegin":165,"characterOffsetEnd":166,"pos":"NN","before":" ","after":" "},{"index":26,"word":"server","originalText":"server","characterOffsetBegin":167,"characterOffsetEnd":173,"pos":"NN","before":" ","after":""},{"index":27,"word":".","originalText":".","characterOffsetBegin":173,"characterOffsetEnd":174,"pos":".","before":"","after":"  "}]},{"index":1,"tokens":[{"index":1,"word":"Is","originalText":"Is","characterOffsetBegin":176,"characterOffsetEnd":178,"pos":"VBZ","before":"  ","after":" "},{"index":2,"word":"this","originalText":"this","characterOffsetBegin":179,"characterOffsetEnd":183,"pos":"DT","before":" ","after":" "},{"index":3,"word":"accurate","originalText":"accurate","characterOffsetBegin":184,"characterOffsetEnd":192,"pos":"JJ","before":" ","after":""},{"index":4,"word":"?","originalText":"?","characterOffsetBegin":192,"characterOffsetEnd":193,"pos":".","before":"","after":" "}]},{"index":2,"tokens":[{"index":1,"word":"--","originalText":"--","characterOffsetBegin":194,"characterOffsetEnd":196,"pos":":","before":" ","after":" "},{"index":2,"word":"mike@hopper.acs.virginia.edu","originalText":"mike@hopper.acs.virginia.edu","characterOffsetBegin":197,"characterOffsetEnd":225,"pos":"NN","before":" ","after":" "},{"index":3,"word":"``","originalText":"\"","characterOffsetBegin":226,"characterOffsetEnd":227,"pos":"``","before":" ","after":""},{"index":4,"word":"I","originalText":"I","characterOffsetBegin":227,"characterOffsetEnd":228,"pos":"PRP","before":"","after":" "},{"index":5,"word":"will","originalText":"will","characterOffsetBegin":229,"characterOffsetEnd":233,"pos":"MD","before":" ","after":" "},{"index":6,"word":"NOT","originalText":"NOT","characterOffsetBegin":234,"characterOffsetEnd":237,"pos":"RB","before":" ","after":" "},{"index":7,"word":"raise","originalText":"raise","characterOffsetBegin":238,"characterOffsetEnd":243,"pos":"VB","before":" ","after":" "},{"index":8,"word":"taxes","originalText":"taxes","characterOffsetBegin":244,"characterOffsetEnd":249,"pos":"NNS","before":" ","after":" "},{"index":9,"word":"on","originalText":"on","characterOffsetBegin":250,"characterOffsetEnd":252,"pos":"IN","before":" ","after":" "},{"index":10,"word":"the","originalText":"the","characterOffsetBegin":253,"characterOffsetEnd":256,"pos":"DT","before":" ","after":" "},{"index":11,"word":"middle","originalText":"middle","characterOffsetBegin":257,"characterOffsetEnd":263,"pos":"JJ","before":" ","after":" "},{"index":12,"word":"class","originalText":"class","characterOffsetBegin":264,"characterOffsetEnd":269,"pos":"NN","before":" ","after":""},{"index":13,"word":".","originalText":".","characterOffsetBegin":269,"characterOffsetEnd":270,"pos":".","before":"","after":""},{"index":14,"word":"''","originalText":"\"","characterOffsetBegin":270,"characterOffsetEnd":271,"pos":"''","before":"","after":" "}]},{"index":3,"tokens":[{"index":1,"word":"-","originalText":"-","characterOffsetBegin":272,"characterOffsetEnd":273,"pos":":","before":" ","after":""},{"index":2,"word":"Unknown","originalText":"Unknown","characterOffsetBegin":273,"characterOffsetEnd":280,"pos":"JJ","before":"","after":""}]}]}