{"sentences":[{"index":0,"tokens":[{"index":1,"word":"From","originalText":"From","characterOffsetBegin":0,"characterOffsetEnd":4,"pos":"IN","before":"","after":""},{"index":2,"word":":","originalText":":","characterOffsetBegin":4,"characterOffsetEnd":5,"pos":":","before":"","after":" "},{"index":3,"word":"rj@rainbow.in-berlin.de","originalText":"rj@rainbow.in-berlin.de","characterOffsetBegin":6,"characterOffsetEnd":29,"pos":"NN","before":" ","after":" "},{"index":4,"word":"-LRB-","originalText":"(","characterOffsetBegin":30,"characterOffsetEnd":31,"pos":"-LRB-","before":" ","after":""},{"index":5,"word":"Robert","originalText":"Robert","characterOffsetBegin":31,"characterOffsetEnd":37,"pos":"NNP","before":"","after":" "},{"index":6,"word":"Joop","originalText":"Joop","characterOffsetBegin":38,"characterOffsetEnd":42,"pos":"NNP","before":" ","after":""},{"index":7,"word":"-RRB-","originalText":")","characterOffsetBegin":42,"characterOffsetEnd":43,"pos":"-RRB-","before":"","after":""},{"index":8,"word":"Subject","originalText":"Subject","characterOffsetBegin":43,"characterOffsetEnd":50,"pos":"NNP","before":"","after":""},{"index":9,"word":":","originalText":":","characterOffsetBegin":50,"characterOffsetEnd":51,"pos":":","before":"","after":" "},{"index":10,"word":"Re","originalText":"Re","characterOffsetBegin":52,"characterOffsetEnd":54,"pos":"NNP","before":" ","after":""},{"index":11,"word":":","originalText":":","characterOffsetBegin":54,"characterOffsetEnd":55,"pos":":","before":"","after":" "},{"index":12,"word":"tvtwm","originalText":"tvtwm","characterOffsetBegin":56,"characterOffsetEnd":61,"pos":"NN","before":" ","after":" "},{"index":13,"word":"&","originalText":"&","characterOffsetBegin":62,"characterOffsetEnd":63,"pos":"CC","before":" ","after":" "},{"index":14,"word":"xsetroot","originalText":"xsetroot","characterOffsetBegin":64,"characterOffsetEnd":72,"pos":"NN","before":" ","after":""},{"index":15,"word":",","originalText":",","characterOffsetBegin":72,"characterOffsetEnd":73,"pos":",","before":"","after":" "},{"index":16,"word":"X11R5","originalText":"X11R5","characterOffsetBegin":74,"characterOffsetEnd":79,"pos":"NN","before":" ","after":" "},{"index":17,"word":"and","originalText":"and","characterOffsetBegin":80,"characterOffsetEnd":83,"pos":"CC","before":" ","after":" "},{"index":18,"word":"Sparc","originalText":"Sparc","characterOffsetBegin":84,"characterOffsetEnd":89,"pos":"NNP","before":" ","after":" "},{"index":19,"word":"10","originalText":"10","characterOffsetBegin":90,"characterOffsetEnd":92,"pos":"CD","before":" ","after":" "},{"index":20,"word":"keyboardbarr@pop.psu.edu","originalText":"keyboardbarr@pop.psu.edu","characterOffsetBegin":93,"characterOffsetEnd":117,"pos":"NN","before":" ","after":" "},{"index":21,"word":"-LRB-","originalText":"(","characterOffsetBegin":118,"characterOffsetEnd":119,"pos":"-LRB-","before":" ","after":""},{"index":22,"word":"David","originalText":"David","characterOffsetBegin":119,"characterOffsetEnd":124,"pos":"NNP","before":"","after":" "},{"index":23,"word":"Barr","originalText":"Barr","characterOffsetBegin":125,"characterOffsetEnd":129,"pos":"NNP","before":" ","after":""},{"index":24,"word":"-RRB-","originalText":")","characterOffsetBegin":129,"characterOffsetEnd":130,"pos":"-RRB-","before":"","after":" "},{"index":25,"word":"writes","originalText":"writes","characterOffsetBegin":131,"characterOffsetEnd":137,"pos":"VBZ","before":" ","after":""},{"index":26,"word":":","originalText":":","characterOffsetBegin":137,"characterOffsetEnd":138,"pos":":","before":"","after":""},{"index":27,"word":">","originalText":">","characterOffsetBegin":138,"characterOffsetEnd":139,"pos":"JJR","before":"","after":""},{"index":28,"word":"Did","originalText":"Did","characterOffsetBegin":139,"characterOffsetEnd":142,"pos":"VBD","before":"","after":" "},{"index":29,"word":"you","originalText":"you","characterOffsetBegin":143,"characterOffsetEnd":146,"pos":"PRP","before":" ","after":" "},{"index":30,"word":"install","originalText":"install","characterOffsetBegin":147,"characterOffsetEnd":154,"pos":"VB","before":" ","after":" "},{"index":31,"word":"the","originalText":"the","characterOffsetBegin":155,"characterOffsetEnd":158,"pos":"DT","before":" ","after":" "},{"index":32,"word":"sunkbd","originalText":"sunkbd","characterOffsetBegin":159,"characterOffsetEnd":165,"pos":"NN","before":" ","after":" "},{"index":33,"word":"patch","originalText":"patch","characterOffsetBegin":166,"characterOffsetEnd":171,"pos":"NN","before":" ","after":""},{"index":34,"word":"?","originalText":"?","characterOffsetBegin":171,"characterOffsetEnd":172,"pos":".","before":"","after":"  "}]},{"index":1,"tokens":[{"index":1,"word":"It","originalText":"It","characterOffsetBegin":174,"characterOffsetEnd":176,"pos":"PRP","before":"  ","after":""},{"index":2,"word":"'s","originalText":"'s","characterOffsetBegin":176,"characterOffsetEnd":178,"pos":"VBZ","before":"","after":" "},{"index":3,"word":"in","originalText":"in","characterOffsetBegin":179,"characterOffsetEnd":181,"pos":"IN","before":" ","after":" "},{"index":4,"word":"the","originalText":"the","characterOffsetBegin":182,"characterOffsetEnd":185,"pos":"DT","before":" ","after":" "},{"index":5,"word":"contrib","originalText":"contrib","characterOffsetBegin":186,"characterOffsetEnd":193,"pos":"NN","before":" ","after":" "},{"index":6,"word":"directory","originalText":"directory","characterOffsetBegin":194,"characterOffsetEnd":203,"pos":"NN","before":" ","after":" "},{"index":7,"word":"on","originalText":"on","characterOffsetBegin":204,"characterOffsetEnd":206,"pos":"IN","before":" ","after":" "},{"index":8,"word":"export","originalText":"export","characterOffsetBegin":207,"characterOffsetEnd":213,"pos":"NN","before":" ","after":""},{"index":9,"word":".","originalText":".","characterOffsetBegin":213,"characterOffsetEnd":214,"pos":".","before":"","after":""},{"index":10,"word":">","originalText":">","characterOffsetBegin":214,"characterOffsetEnd":215,"pos":"JJR","before":"","after":""}]},{"index":2,"tokens":[{"index":1,"word":"All","originalText":"All","characterOffsetBegin":215,"characterOffsetEnd":218,"pos":"PDT","before":"","after":" "},{"index":2,"word":"the","originalText":"the","characterOffsetBegin":219,"characterOffsetEnd":222,"pos":"DT","before":" ","after":" "},{"index":3,"word":"keys","originalText":"keys","characterOffsetBegin":223,"characterOffsetEnd":227,"pos":"NNS","before":" ","after":" "},{"index":4,"word":"on","originalText":"on","characterOffsetBegin":228,"characterOffsetEnd":230,"pos":"IN","before":" ","after":" "},{"index":5,"word":"my","originalText":"my","characterOffsetBegin":231,"characterOffsetEnd":233,"pos":"PRP$","before":" ","after":" "},{"index":6,"word":"keyboard","originalText":"keyboard","characterOffsetBegin":234,"characterOffsetEnd":242,"pos":"NN","before":" ","after":" "},{"index":7,"word":"send","originalText":"send","characterOffsetBegin":243,"characterOffsetEnd":247,"pos":"VB","before":" ","after":" "},{"index":8,"word":"events","originalText":"events","characterOffsetBegin":248,"characterOffsetEnd":254,"pos":"NNS","before":" ","after":" "},{"index":9,"word":"properly","originalText":"properly","characterOffsetBegin":255,"characterOffsetEnd":263,"pos":"RB","before":" ","after":""},{"index":10,"word":",","originalText":",","characterOffsetBegin":263,"characterOffsetEnd":264,"pos":",","before":"","after":" "},{"index":11,"word":"except","originalText":"except","characterOffsetBegin":265,"characterOffsetEnd":271,"pos":"IN","before":" ","after":" "},{"index":12,"word":"the","originalText":"the","characterOffsetBegin":272,"characterOffsetEnd":275,"pos":"DT","before":" ","after":" "},{"index":13,"word":"following","originalText":"following","characterOffsetBegin":276,"characterOffsetEnd":285,"pos":"NN","before":" ","after":""},{"index":14,"word":":","originalText":":","characterOffsetBegin":285,"characterOffsetEnd":286,"pos":":","before":"","after":""},{"index":15,"word":">","originalText":">","characterOffsetBegin":286,"characterOffsetEnd":287,"pos":"JJR","before":"","after":""},{"index":16,"word":"The","originalText":"The","characterOffsetBegin":287,"characterOffsetEnd":290,"pos":"DT","before":"","after":" "},{"index":17,"word":"End","originalText":"End","characterOffsetBegin":291,"characterOffsetEnd":294,"pos":"NN","before":" ","after":""},{"index":18,"word":",","originalText":",","characterOffsetBegin":294,"characterOffsetEnd":295,"pos":",","before":"","after":" "},{"index":19,"word":"PageUp","originalText":"PageUp","characterOffsetBegin":296,"characterOffsetEnd":302,"pos":"NN","before":" ","after":""},{"index":20,"word":",","originalText":",","characterOffsetBegin":302,"characterOffsetEnd":303,"pos":",","before":"","after":" "},{"index":21,"word":"PageDown","originalText":"PageDown","characterOffsetBegin":304,"characterOffsetEnd":312,"pos":"NN","before":" ","after":" "},{"index":22,"word":"on","originalText":"on","characterOffsetBegin":313,"characterOffsetEnd":315,"pos":"IN","before":" ","after":" "},{"index":23,"word":"the","originalText":"the","characterOffsetBegin":316,"characterOffsetEnd":319,"pos":"DT","before":" ","after":" "},{"index":24,"word":"6-key","originalText":"6-key","characterOffsetBegin":320,"characterOffsetEnd":325,"pos":"JJ","before":" ","after":" "},{"index":25,"word":"cluster","originalText":"cluster","characterOffsetBegin":326,"characterOffsetEnd":333,"pos":"NN","before":" ","after":" "},{"index":26,"word":"are","originalText":"are","characterOffsetBegin":334,"characterOffsetEnd":337,"pos":"VBP","before":" ","after":""},{"index":27,"word":"n't","originalText":"n't","characterOffsetBegin":337,"characterOffsetEnd":340,"pos":"RB","before":"","after":" "},{"index":28,"word":"recognized","originalText":"recognized","characterOffsetBegin":341,"characterOffsetEnd":351,"pos":"VBN","before":" ","after":""},{"index":29,"word":".","originalText":".","characterOffsetBegin":351,"characterOffsetEnd":352,"pos":".","before":"","after":""},{"index":30,"word":">","originalText":">","characterOffsetBegin":352,"characterOffsetEnd":353,"pos":"JJR","before":"","after":""}]},{"index":3,"tokens":[{"index":1,"word":"Even","originalText":"Even","characterOffsetBegin":353,"characterOffsetEnd":357,"pos":"RB","before":"","after":" "},{"index":2,"word":"the","originalText":"the","characterOffsetBegin":358,"characterOffsetEnd":361,"pos":"DT","before":" ","after":" "},{"index":3,"word":"compose","originalText":"compose","characterOffsetBegin":362,"characterOffsetEnd":369,"pos":"VB","before":" ","after":" "},{"index":4,"word":"key","originalText":"key","characterOffsetBegin":370,"characterOffsetEnd":373,"pos":"JJ","before":" ","after":" "},{"index":5,"word":"works","originalText":"works","characterOffsetBegin":374,"characterOffsetEnd":379,"pos":"NNS","before":" ","after":""},{"index":6,"word":".","originalText":".","characterOffsetBegin":379,"characterOffsetEnd":380,"pos":".","before":"","after":"  "}]},{"index":4,"tokens":[{"index":1,"word":"-LRB-","originalText":"(","characterOffsetBegin":382,"characterOffsetEnd":383,"pos":"-LRB-","before":"  ","after":""},{"index":2,"word":"Though","originalText":"Though","characterOffsetBegin":383,"characterOffsetEnd":389,"pos":"IN","before":"","after":" "},{"index":3,"word":"I","originalText":"I","characterOffsetBegin":390,"characterOffsetEnd":391,"pos":"PRP","before":" ","after":" "},{"index":4,"word":"ca","originalText":"ca","characterOffsetBegin":392,"characterOffsetEnd":394,"pos":"MD","before":" ","after":""},{"index":5,"word":"n't","originalText":"n't","characterOffsetBegin":394,"characterOffsetEnd":397,"pos":"RB","before":"","after":" "},{"index":6,"word":"seem","originalText":"seem","characterOffsetBegin":398,"characterOffsetEnd":402,"pos":"VB","before":" ","after":" "},{"index":7,"word":"to","originalText":"to","characterOffsetBegin":403,"characterOffsetEnd":405,"pos":"TO","before":" ","after":" "},{"index":8,"word":"get","originalText":"get","characterOffsetBegin":406,"characterOffsetEnd":409,"pos":"VB","before":" ","after":" "},{"index":9,"word":"the","originalText":"the","characterOffsetBegin":410,"characterOffsetEnd":413,"pos":"DT","before":" ","after":" "},{"index":10,"word":"composed","originalText":"composed","characterOffsetBegin":414,"characterOffsetEnd":422,"pos":"VBN","before":" ","after":""},{"index":11,"word":">","originalText":">","characterOffsetBegin":422,"characterOffsetEnd":423,"pos":"JJR","before":"","after":""},{"index":12,"word":"characters","originalText":"characters","characterOffsetBegin":423,"characterOffsetEnd":433,"pos":"NNS","before":"","after":" "},{"index":13,"word":"in","originalText":"in","characterOffsetBegin":434,"characterOffsetEnd":436,"pos":"IN","before":" ","after":" "},{"index":14,"word":"an","originalText":"an","characterOffsetBegin":437,"characterOffsetEnd":439,"pos":"DT","before":" ","after":" "},{"index":15,"word":"xterm","originalText":"xterm","characterOffsetBegin":440,"characterOffsetEnd":445,"pos":"NN","before":" ","after":" "},{"index":16,"word":"to","originalText":"to","characterOffsetBegin":446,"characterOffsetEnd":448,"pos":"TO","before":" ","after":" "},{"index":17,"word":"get","originalText":"get","characterOffsetBegin":449,"characterOffsetEnd":452,"pos":"VB","before":" ","after":" "},{"index":18,"word":"passed","originalText":"passed","characterOffsetBegin":453,"characterOffsetEnd":459,"pos":"VBN","before":" ","after":""},{"index":19,"word":".","originalText":".","characterOffsetBegin":459,"characterOffsetEnd":460,"pos":".","before":"","after":""},{"index":20,"word":"-RRB-","originalText":")","characterOffsetBegin":460,"characterOffsetEnd":461,"pos":"-RRB-","before":"","after":""},{"index":21,"word":">","originalText":">","characterOffsetBegin":461,"characterOffsetEnd":462,"pos":"JJR","before":"","after":""}]},{"index":5,"tokens":[{"index":1,"word":"Anyone","originalText":"Anyone","characterOffsetBegin":462,"characterOffsetEnd":468,"pos":"NN","before":"","after":" "},{"index":2,"word":"have","originalText":"have","characterOffsetBegin":469,"characterOffsetEnd":473,"pos":"VBP","before":" ","after":" "},{"index":3,"word":"a","originalText":"a","characterOffsetBegin":474,"characterOffsetEnd":475,"pos":"DT","before":" ","after":" "},{"index":4,"word":"fix","originalText":"fix","characterOffsetBegin":476,"characterOffsetEnd":479,"pos":"NN","before":" ","after":" "},{"index":5,"word":"for","originalText":"for","characterOffsetBegin":480,"characterOffsetEnd":483,"pos":"IN","before":" ","after":" "},{"index":6,"word":"the","originalText":"the","characterOffsetBegin":484,"characterOffsetEnd":487,"pos":"DT","before":" ","after":" "},{"index":7,"word":"last","originalText":"last","characterOffsetBegin":488,"characterOffsetEnd":492,"pos":"JJ","before":" ","after":" "},{"index":8,"word":"two?fix","originalText":"two?fix","characterOffsetBegin":493,"characterOffsetEnd":500,"pos":"NN","before":" ","after":" "},{"index":9,"word":"the","originalText":"the","characterOffsetBegin":501,"characterOffsetEnd":504,"pos":"DT","before":" ","after":" "},{"index":10,"word":"table","originalText":"table","characterOffsetBegin":505,"characterOffsetEnd":510,"pos":"NN","before":" ","after":" "},{"index":11,"word":"in","originalText":"in","characterOffsetBegin":511,"characterOffsetEnd":513,"pos":"IN","before":" ","after":" "},{"index":12,"word":"...","originalText":"...","characterOffsetBegin":514,"characterOffsetEnd":517,"pos":":","before":" ","after":""},{"index":13,"word":"/","originalText":"/","characterOffsetBegin":517,"characterOffsetEnd":518,"pos":":","before":"","after":""},{"index":14,"word":"X11R5/mit/server","originalText":"X11R5/mit/server","characterOffsetBegin":518,"characterOffsetEnd":534,"pos":"NN","before":"","after":""},{"index":15,"word":"/","originalText":"/","characterOffsetBegin":534,"characterOffsetEnd":535,"pos":":","before":"","after":""},{"index":16,"word":"ddx/sun","originalText":"ddx/sun","characterOffsetBegin":535,"characterOffsetEnd":542,"pos":"JJ","before":"","after":""},{"index":17,"word":"/","originalText":"/","characterOffsetBegin":542,"characterOffsetEnd":543,"pos":":","before":"","after":" "},{"index":18,"word":"oruse","originalText":"oruse","characterOffsetBegin":544,"characterOffsetEnd":549,"pos":"NN","before":" ","after":" "},{"index":19,"word":"xmodmap","originalText":"xmodmap","characterOffsetBegin":550,"characterOffsetEnd":557,"pos":"NN","before":" ","after":""},{"index":20,"word":"-LRB-","originalText":"(","characterOffsetBegin":557,"characterOffsetEnd":558,"pos":"-LRB-","before":"","after":""},{"index":21,"word":"1","originalText":"1","characterOffsetBegin":558,"characterOffsetEnd":559,"pos":"CD","before":"","after":""},{"index":22,"word":"-RRB-","originalText":")","characterOffsetBegin":559,"characterOffsetEnd":560,"pos":"-RRB-","before":"","after":""},{"index":23,"word":".","originalText":".","characterOffsetBegin":560,"characterOffsetEnd":561,"pos":".","before":"","after":""}]},{"index":6,"tokens":[{"index":1,"word":"put","originalText":"put","characterOffsetBegin":561,"characterOffsetEnd":564,"pos":"VBN","before":"","after":"  "},{"index":2,"word":"stty","originalText":"stty","characterOffsetBegin":566,"characterOffsetEnd":570,"pos":"JJ","before":"  ","after":" "},{"index":3,"word":"pass8","originalText":"pass8","characterOffsetBegin":571,"characterOffsetEnd":576,"pos":"NN","before":" ","after":""},{"index":4,"word":";","originalText":";","characterOffsetBegin":576,"characterOffsetEnd":577,"pos":":","before":"","after":" "},{"index":5,"word":"setenv","originalText":"setenv","characterOffsetBegin":578,"characterOffsetEnd":584,"pos":"NN","before":" ","after":" "},{"index":6,"word":"LC_CTYPE","originalText":"LC_CTYPE","characterOffsetBegin":585,"characterOffsetEnd":593,"pos":"NN","before":" ","after":" "},{"index":7,"word":"iso_8859_1","originalText":"iso_8859_1","characterOffsetBegin":594,"characterOffsetEnd":604,"pos":"NN","before":" ","after":""},{"index":8,"word":";","originalText":";","characterOffsetBegin":604,"characterOffsetEnd":605,"pos":":","before":"","after":" "},{"index":9,"word":"setenv","originalText":"setenv","characterOffsetBegin":606,"characterOffsetEnd":612,"pos":"NN","before":" ","after":" "},{"index":10,"word":"LESSCHARSET","originalText":"LESSCHARSET","characterOffsetBegin":613,"characterOffsetEnd":624,"pos":"NN","before":" ","after":" "},{"index":11,"word":"latin1in","originalText":"latin1in","characterOffsetBegin":625,"characterOffsetEnd":633,"pos":"NN","before":" ","after":" "},{"index":12,"word":"your","originalText":"your","characterOffsetBegin":634,"characterOffsetEnd":638,"pos":"PRP$","before":" ","after":" "},{"index":13,"word":".","originalText":".","characterOffsetBegin":639,"characterOffsetEnd":640,"pos":".","before":" ","after":""}]},{"index":7,"tokens":[{"index":1,"word":"login","originalText":"login","characterOffsetBegin":640,"characterOffsetEnd":645,"pos":"NN","before":"","after":""},{"index":2,"word":".","originalText":".","characterOffsetBegin":645,"characterOffsetEnd":646,"pos":".","before":"","after":" "}]},{"index":8,"tokens":[{"index":1,"word":"the","originalText":"the","characterOffsetBegin":647,"characterOffsetEnd":650,"pos":"DT","before":" ","after":" "},{"index":2,"word":"first","originalText":"first","characterOffsetBegin":651,"characterOffsetEnd":656,"pos":"JJ","before":" ","after":" "},{"index":3,"word":"prevents","originalText":"prevents","characterOffsetBegin":657,"characterOffsetEnd":665,"pos":"VBZ","before":" ","after":" "},{"index":4,"word":"the","originalText":"the","characterOffsetBegin":666,"characterOffsetEnd":669,"pos":"DT","before":" ","after":" "},{"index":5,"word":"stripping","originalText":"stripping","characterOffsetBegin":670,"characterOffsetEnd":679,"pos":"VBG","before":" ","after":" "},{"index":6,"word":"of","originalText":"of","characterOffsetBegin":680,"characterOffsetEnd":682,"pos":"IN","before":" ","after":" "},{"index":7,"word":"bit","originalText":"bit","characterOffsetBegin":683,"characterOffsetEnd":686,"pos":"NN","before":" ","after":" "},{"index":8,"word":"7","originalText":"7","characterOffsetBegin":687,"characterOffsetEnd":688,"pos":"CD","before":" ","after":""},{"index":9,"word":".","originalText":".","characterOffsetBegin":688,"characterOffsetEnd":689,"pos":".","before":"","after":""}]},{"index":9,"tokens":[{"index":1,"word":"the","originalText":"the","characterOffsetBegin":689,"characterOffsetEnd":692,"pos":"DT","before":"","after":" "},{"index":2,"word":"second","originalText":"second","characterOffsetBegin":693,"characterOffsetEnd":699,"pos":"JJ","before":" ","after":" "},{"index":3,"word":"sets","originalText":"sets","characterOffsetBegin":700,"characterOffsetEnd":704,"pos":"VBZ","before":" ","after":" "},{"index":4,"word":"the","originalText":"the","characterOffsetBegin":705,"characterOffsetEnd":708,"pos":"DT","before":" ","after":" "},{"index":5,"word":"locale","originalText":"locale","characterOffsetBegin":709,"characterOffsetEnd":715,"pos":"NN","before":" ","after":""},{"index":6,"word":".","originalText":".","characterOffsetBegin":715,"characterOffsetEnd":716,"pos":".","before":"","after":" "}]},{"index":10,"tokens":[{"index":1,"word":"the","originalText":"the","characterOffsetBegin":717,"characterOffsetEnd":720,"pos":"DT","before":" ","after":" "},{"index":2,"word":"third","originalText":"third","characterOffsetBegin":721,"characterOffsetEnd":726,"pos":"JJ","before":" ","after":" "},{"index":3,"word":"makes","originalText":"makes","characterOffsetBegin":727,"characterOffsetEnd":732,"pos":"NNS","before":" ","after":" "},{"index":4,"word":"less","originalText":"less","characterOffsetBegin":733,"characterOffsetEnd":737,"pos":"RBR","before":" ","after":""},{"index":5,"word":"-LRB-","originalText":"(","characterOffsetBegin":737,"characterOffsetEnd":738,"pos":"-LRB-","before":"","after":""},{"index":6,"word":"1","originalText":"1","characterOffsetBegin":738,"characterOffsetEnd":739,"pos":"LS","before":"","after":""},{"index":7,"word":"-RRB-","originalText":")","characterOffsetBegin":739,"characterOffsetEnd":740,"pos":"-RRB-","before":"","after":" "},{"index":8,"word":"show","originalText":"show","characterOffsetBegin":741,"characterOffsetEnd":745,"pos":"VBP","before":" ","after":" "},{"index":9,"word":"the","originalText":"the","characterOffsetBegin":746,"characterOffsetEnd":749,"pos":"DT","before":" ","after":" "},{"index":10,"word":"characterinstead","originalText":"characterinstead","characterOffsetBegin":750,"characterOffsetEnd":766,"pos":"NN","before":" ","after":" "},{"index":11,"word":"of","originalText":"of","characterOffsetBegin":767,"characterOffsetEnd":769,"pos":"IN","before":" ","after":" "},{"index":12,"word":"the","originalText":"the","characterOffsetBegin":770,"characterOffsetEnd":773,"pos":"DT","before":" ","after":" "},{"index":13,"word":"octal","originalText":"octal","characterOffsetBegin":774,"characterOffsetEnd":779,"pos":"JJ","before":" ","after":" "},{"index":14,"word":"representation.rj","originalText":"representation.rj","characterOffsetBegin":780,"characterOffsetEnd":797,"pos":"NN","before":" ","after":""},{"index":15,"word":"--","originalText":"--","characterOffsetBegin":797,"characterOffsetEnd":799,"pos":":","before":"","after":" "},{"index":16,"word":"__________________________________________________","originalText":"__________________________________________________","characterOffsetBegin":800,"characterOffsetEnd":850,"pos":"CD","before":" ","after":""},{"index":17,"word":"Robert","originalText":"Robert","characterOffsetBegin":850,"characterOffsetEnd":856,"pos":"NNP","before":"","after":" "},{"index":18,"word":"Joop","originalText":"Joop","characterOffsetBegin":857,"characterOffsetEnd":861,"pos":"NNP","before":" ","after":"  "},{"index":19,"word":"rj","originalText":"rj","characterOffsetBegin":863,"characterOffsetEnd":865,"pos":"NNP","before":"  ","after":""},{"index":20,"word":"@","originalText":"@","characterOffsetBegin":865,"characterOffsetEnd":866,"pos":"IN","before":"","after":""},{"index":21,"word":"-LCB-","originalText":"{","characterOffsetBegin":866,"characterOffsetEnd":867,"pos":"-LRB-","before":"","after":""},{"index":22,"word":"rainbow.in-berlin","originalText":"rainbow.in-berlin","characterOffsetBegin":867,"characterOffsetEnd":884,"pos":"NN","before":"","after":""},{"index":23,"word":",","originalText":",","characterOffsetBegin":884,"characterOffsetEnd":885,"pos":",","before":"","after":""},{"index":24,"word":"fokus.gmd,cs.tu-berlin","originalText":"fokus.gmd,cs.tu-berlin","characterOffsetBegin":885,"characterOffsetEnd":907,"pos":"JJ","before":"","after":""},{"index":25,"word":"-RCB-","originalText":"}","characterOffsetBegin":907,"characterOffsetEnd":908,"pos":"-RRB-","before":"","after":""},{"index":26,"word":".","originalText":".","characterOffsetBegin":908,"characterOffsetEnd":909,"pos":".","before":"","after":""}]},{"index":11,"tokens":[{"index":1,"word":"de","originalText":"de","characterOffsetBegin":909,"characterOffsetEnd":911,"pos":"IN","before":"","after":"  "},{"index":2,"word":"s","originalText":"s","characterOffsetBegin":913,"characterOffsetEnd":914,"pos":"NNS","before":"  ","after":""},{"index":3,"word":"=","originalText":"=","characterOffsetBegin":914,"characterOffsetEnd":915,"pos":"JJ","before":"","after":""},{"index":4,"word":"joop","originalText":"joop","characterOffsetBegin":915,"characterOffsetEnd":919,"pos":"NN","before":"","after":""},{"index":5,"word":";","originalText":";","characterOffsetBegin":919,"characterOffsetEnd":920,"pos":":","before":"","after":""},{"index":6,"word":"ou","originalText":"ou","characterOffsetBegin":920,"characterOffsetEnd":922,"pos":"NN","before":"","after":""},{"index":7,"word":"=","originalText":"=","characterOffsetBegin":922,"characterOffsetEnd":923,"pos":"JJ","before":"","after":""},{"index":8,"word":"fokus","originalText":"fokus","characterOffsetBegin":923,"characterOffsetEnd":928,"pos":"NN","before":"","after":""},{"index":9,"word":";","originalText":";","characterOffsetBegin":928,"characterOffsetEnd":929,"pos":":","before":"","after":""},{"index":10,"word":"ou","originalText":"ou","characterOffsetBegin":929,"characterOffsetEnd":931,"pos":"NN","before":"","after":""},{"index":11,"word":"=","originalText":"=","characterOffsetBegin":931,"characterOffsetEnd":932,"pos":"JJ","before":"","after":""},{"index":12,"word":"berlin","originalText":"berlin","characterOffsetBegin":932,"characterOffsetEnd":938,"pos":"NN","before":"","after":""},{"index":13,"word":";p","originalText":";p","characterOffsetBegin":938,"characterOffsetEnd":940,"pos":"NN","before":"","after":""},{"index":14,"word":"=","originalText":"=","characterOffsetBegin":940,"characterOffsetEnd":941,"pos":"JJ","before":"","after":""},{"index":15,"word":"gmd","originalText":"gmd","characterOffsetBegin":941,"characterOffsetEnd":944,"pos":"NN","before":"","after":""},{"index":16,"word":";","originalText":";","characterOffsetBegin":944,"characterOffsetEnd":945,"pos":":","before":"","after":""},{"index":17,"word":"a","originalText":"a","characterOffsetBegin":945,"characterOffsetEnd":946,"pos":"DT","before":"","after":""},{"index":18,"word":"=","originalText":"=","characterOffsetBegin":946,"characterOffsetEnd":947,"pos":"JJ","before":"","after":""},{"index":19,"word":"dbp","originalText":"dbp","characterOffsetBegin":947,"characterOffsetEnd":950,"pos":"NN","before":"","after":""},{"index":20,"word":";","originalText":";","characterOffsetBegin":950,"characterOffsetEnd":951,"pos":":","before":"","after":""},{"index":21,"word":"c","originalText":"c","characterOffsetBegin":951,"characterOffsetEnd":952,"pos":"NN","before":"","after":""},{"index":22,"word":"=","originalText":"=","characterOffsetBegin":952,"characterOffsetEnd":953,"pos":"JJ","before":"","after":""},{"index":23,"word":"de","originalText":"de","characterOffsetBegin":953,"characterOffsetEnd":955,"pos":"FW","before":"","after":""}]}]}