{"sentences":[{"index":0,"tokens":[{"index":1,"word":"From","originalText":"From","characterOffsetBegin":0,"characterOffsetEnd":4,"pos":"IN","before":"","after":""},{"index":2,"word":":","originalText":":","characterOffsetBegin":4,"characterOffsetEnd":5,"pos":":","before":"","after":" "},{"index":3,"word":"usun@mcl.ucsb.edu","originalText":"usun@mcl.ucsb.edu","characterOffsetBegin":6,"characterOffsetEnd":23,"pos":"NN","before":" ","after":" "},{"index":4,"word":"-LRB-","originalText":"(","characterOffsetBegin":24,"characterOffsetEnd":25,"pos":"-LRB-","before":" ","after":""},{"index":5,"word":"Sonnie","originalText":"Sonnie","characterOffsetBegin":25,"characterOffsetEnd":31,"pos":"NN","before":"","after":""},{"index":6,"word":"-RRB-","originalText":")","characterOffsetBegin":31,"characterOffsetEnd":32,"pos":"-RRB-","before":"","after":""},{"index":7,"word":"Subject","originalText":"Subject","characterOffsetBegin":32,"characterOffsetEnd":39,"pos":"NN","before":"","after":""},{"index":8,"word":":","originalText":":","characterOffsetBegin":39,"characterOffsetEnd":40,"pos":":","before":"","after":" "},{"index":9,"word":"X","originalText":"X","characterOffsetBegin":41,"characterOffsetEnd":42,"pos":"NN","before":" ","after":" "},{"index":10,"word":"bitmap","originalText":"bitmap","characterOffsetBegin":43,"characterOffsetEnd":49,"pos":"NN","before":" ","after":" "},{"index":11,"word":"-","originalText":"-","characterOffsetBegin":50,"characterOffsetEnd":51,"pos":":","before":" ","after":""},{"index":12,"word":">","originalText":">","characterOffsetBegin":51,"characterOffsetEnd":52,"pos":"JJR","before":"","after":" "},{"index":13,"word":"PostscriptHey","originalText":"PostscriptHey","characterOffsetBegin":53,"characterOffsetEnd":66,"pos":"NN","before":" ","after":" "},{"index":14,"word":"folks","originalText":"folks","characterOffsetBegin":67,"characterOffsetEnd":72,"pos":"NNS","before":" ","after":""},{"index":15,"word":",","originalText":",","characterOffsetBegin":72,"characterOffsetEnd":73,"pos":",","before":"","after":""},{"index":16,"word":"on","originalText":"on","characterOffsetBegin":73,"characterOffsetEnd":75,"pos":"IN","before":"","after":" "},{"index":17,"word":"the","originalText":"the","characterOffsetBegin":76,"characterOffsetEnd":79,"pos":"DT","before":" ","after":" "},{"index":18,"word":"course","originalText":"course","characterOffsetBegin":80,"characterOffsetEnd":86,"pos":"NN","before":" ","after":" "},{"index":19,"word":"to","originalText":"to","characterOffsetBegin":87,"characterOffsetEnd":89,"pos":"TO","before":" ","after":" "},{"index":20,"word":"develope","originalText":"develope","characterOffsetBegin":90,"characterOffsetEnd":98,"pos":"VB","before":" ","after":" "},{"index":21,"word":"a","originalText":"a","characterOffsetBegin":99,"characterOffsetEnd":100,"pos":"DT","before":" ","after":" "},{"index":22,"word":"X","originalText":"X","characterOffsetBegin":101,"characterOffsetEnd":102,"pos":"NN","before":" ","after":" "},{"index":23,"word":"window","originalText":"window","characterOffsetBegin":103,"characterOffsetEnd":109,"pos":"NN","before":" ","after":" "},{"index":24,"word":"application","originalText":"application","characterOffsetBegin":110,"characterOffsetEnd":121,"pos":"NN","before":" ","after":""},{"index":25,"word":",","originalText":",","characterOffsetBegin":121,"characterOffsetEnd":122,"pos":",","before":"","after":" "},{"index":26,"word":"we","originalText":"we","characterOffsetBegin":123,"characterOffsetEnd":125,"pos":"PRP","before":" ","after":" "},{"index":27,"word":"encountereda","originalText":"encountereda","characterOffsetBegin":126,"characterOffsetEnd":138,"pos":"VBP","before":" ","after":" "},{"index":28,"word":"problem","originalText":"problem","characterOffsetBegin":139,"characterOffsetEnd":146,"pos":"NN","before":" ","after":""},{"index":29,"word":".","originalText":".","characterOffsetBegin":146,"characterOffsetEnd":147,"pos":".","before":"","after":" "}]},{"index":1,"tokens":[{"index":1,"word":"How","originalText":"How","characterOffsetBegin":148,"characterOffsetEnd":151,"pos":"WRB","before":" ","after":" "},{"index":2,"word":"could","originalText":"could","characterOffsetBegin":152,"characterOffsetEnd":157,"pos":"MD","before":" ","after":" "},{"index":3,"word":"I","originalText":"I","characterOffsetBegin":158,"characterOffsetEnd":159,"pos":"PRP","before":" ","after":" "},{"index":4,"word":"transform","originalText":"transform","characterOffsetBegin":160,"characterOffsetEnd":169,"pos":"VB","before":" ","after":" "},{"index":5,"word":"a","originalText":"a","characterOffsetBegin":170,"characterOffsetEnd":171,"pos":"DT","before":" ","after":" "},{"index":6,"word":"X","originalText":"X","characterOffsetBegin":172,"characterOffsetEnd":173,"pos":"NN","before":" ","after":" "},{"index":7,"word":"window","originalText":"window","characterOffsetBegin":174,"characterOffsetEnd":180,"pos":"NN","before":" ","after":" "},{"index":8,"word":"bitmap","originalText":"bitmap","characterOffsetBegin":181,"characterOffsetEnd":187,"pos":"NN","before":" ","after":" "},{"index":9,"word":"into","originalText":"into","characterOffsetBegin":188,"characterOffsetEnd":192,"pos":"IN","before":" ","after":" "},{"index":10,"word":"a","originalText":"a","characterOffsetBegin":193,"characterOffsetEnd":194,"pos":"DT","before":" ","after":" "},{"index":11,"word":"postscriptfiles","originalText":"postscriptfiles","characterOffsetBegin":195,"characterOffsetEnd":210,"pos":"NNS","before":" ","after":" "},{"index":12,"word":"?","originalText":"?","characterOffsetBegin":211,"characterOffsetEnd":212,"pos":".","before":" ","after":" "}]},{"index":2,"tokens":[{"index":1,"word":"Is","originalText":"Is","characterOffsetBegin":213,"characterOffsetEnd":215,"pos":"VBZ","before":" ","after":" "},{"index":2,"word":"there","originalText":"there","characterOffsetBegin":216,"characterOffsetEnd":221,"pos":"EX","before":" ","after":" "},{"index":3,"word":"any","originalText":"any","characterOffsetBegin":222,"characterOffsetEnd":225,"pos":"DT","before":" ","after":" "},{"index":4,"word":"library","originalText":"library","characterOffsetBegin":226,"characterOffsetEnd":233,"pos":"NN","before":" ","after":" "},{"index":5,"word":"routines","originalText":"routines","characterOffsetBegin":234,"characterOffsetEnd":242,"pos":"NNS","before":" ","after":" "},{"index":6,"word":"or","originalText":"or","characterOffsetBegin":243,"characterOffsetEnd":245,"pos":"CC","before":" ","after":" "},{"index":7,"word":"source","originalText":"source","characterOffsetBegin":246,"characterOffsetEnd":252,"pos":"NN","before":" ","after":" "},{"index":8,"word":"code","originalText":"code","characterOffsetBegin":253,"characterOffsetEnd":257,"pos":"NN","before":" ","after":" "},{"index":9,"word":"I","originalText":"I","characterOffsetBegin":258,"characterOffsetEnd":259,"pos":"PRP","before":" ","after":" "},{"index":10,"word":"can","originalText":"can","characterOffsetBegin":260,"characterOffsetEnd":263,"pos":"MD","before":" ","after":" "},{"index":11,"word":"call","originalText":"call","characterOffsetBegin":264,"characterOffsetEnd":268,"pos":"VB","before":" ","after":" "},{"index":12,"word":"todo","originalText":"todo","characterOffsetBegin":269,"characterOffsetEnd":273,"pos":"IN","before":" ","after":" "},{"index":13,"word":"the","originalText":"the","characterOffsetBegin":274,"characterOffsetEnd":277,"pos":"DT","before":" ","after":" "},{"index":14,"word":"job","originalText":"job","characterOffsetBegin":278,"characterOffsetEnd":281,"pos":"NN","before":" ","after":" "},{"index":15,"word":"?","originalText":"?","characterOffsetBegin":282,"characterOffsetEnd":283,"pos":".","before":" ","after":""}]},{"index":3,"tokens":[{"index":1,"word":"Thank","originalText":"Thank","characterOffsetBegin":283,"characterOffsetEnd":288,"pos":"VB","before":"","after":" "},{"index":2,"word":"you","originalText":"you","characterOffsetBegin":289,"characterOffsetEnd":292,"pos":"PRP","before":" ","after":" "},{"index":3,"word":"in","originalText":"in","characterOffsetBegin":293,"characterOffsetEnd":295,"pos":"IN","before":" ","after":" "},{"index":4,"word":"advance.p.s","originalText":"advance.p.s","characterOffsetBegin":296,"characterOffsetEnd":307,"pos":"NNS","before":" ","after":""},{"index":5,"word":".","originalText":".","characterOffsetBegin":307,"characterOffsetEnd":308,"pos":".","before":"","after":" "}]},{"index":4,"tokens":[{"index":1,"word":"Email","originalText":"Email","characterOffsetBegin":309,"characterOffsetEnd":314,"pos":"VB","before":" ","after":" "},{"index":2,"word":"reply","originalText":"reply","characterOffsetBegin":315,"characterOffsetEnd":320,"pos":"NN","before":" ","after":" "},{"index":3,"word":"please","originalText":"please","characterOffsetBegin":321,"characterOffsetEnd":327,"pos":"VB","before":" ","after":""},{"index":4,"word":".","originalText":".","characterOffsetBegin":327,"characterOffsetEnd":328,"pos":".","before":"","after":" "}]},{"index":5,"tokens":[{"index":1,"word":"I","originalText":"I","characterOffsetBegin":329,"characterOffsetEnd":330,"pos":"PRP","before":" ","after":" "},{"index":2,"word":"seldom","originalText":"seldom","characterOffsetBegin":331,"characterOffsetEnd":337,"pos":"RB","before":" ","after":" "},{"index":3,"word":"read","originalText":"read","characterOffsetBegin":338,"characterOffsetEnd":342,"pos":"VBD","before":" ","after":" "},{"index":4,"word":"this","originalText":"this","characterOffsetBegin":343,"characterOffsetEnd":347,"pos":"DT","before":" ","after":" "},{"index":5,"word":"newsgroup","originalText":"newsgroup","characterOffsetBegin":348,"characterOffsetEnd":357,"pos":"NN","before":" ","after":""},{"index":6,"word":".","originalText":".","characterOffsetBegin":357,"characterOffsetEnd":358,"pos":".","before":"","after":" "}]},{"index":6,"tokens":[{"index":1,"word":"=","originalText":"=","characterOffsetBegin":359,"characterOffsetEnd":360,"pos":"JJ","before":" ","after":""},{"index":2,"word":"-RRB-","originalText":")","characterOffsetBegin":360,"characterOffsetEnd":361,"pos":"-RRB-","before":"","after":""}]}]}