{"sentences":[{"index":0,"tokens":[{"index":1,"word":"From","originalText":"From","characterOffsetBegin":0,"characterOffsetEnd":4,"pos":"IN","before":"","after":""},{"index":2,"word":":","originalText":":","characterOffsetBegin":4,"characterOffsetEnd":5,"pos":":","before":"","after":" "},{"index":3,"word":"theslim@anathema.engin.umich.edu","originalText":"theslim@anathema.engin.umich.edu","characterOffsetBegin":6,"characterOffsetEnd":38,"pos":"NN","before":" ","after":" "},{"index":4,"word":"-LRB-","originalText":"(","characterOffsetBegin":39,"characterOffsetEnd":40,"pos":"-LRB-","before":" ","after":""},{"index":5,"word":"Eric","originalText":"Eric","characterOffsetBegin":40,"characterOffsetEnd":44,"pos":"NNP","before":"","after":" "},{"index":6,"word":"Michael","originalText":"Michael","characterOffsetBegin":45,"characterOffsetEnd":52,"pos":"NNP","before":" ","after":" "},{"index":7,"word":"Slimko","originalText":"Slimko","characterOffsetBegin":53,"characterOffsetEnd":59,"pos":"NNP","before":" ","after":""},{"index":8,"word":"-RRB-","originalText":")","characterOffsetBegin":59,"characterOffsetEnd":60,"pos":"-RRB-","before":"","after":""},{"index":9,"word":"Subject","originalText":"Subject","characterOffsetBegin":60,"characterOffsetEnd":67,"pos":"NNP","before":"","after":""},{"index":10,"word":":","originalText":":","characterOffsetBegin":67,"characterOffsetEnd":68,"pos":":","before":"","after":" "},{"index":11,"word":"Real-Time","originalText":"Real-Time","characterOffsetBegin":69,"characterOffsetEnd":78,"pos":"NNP","before":" ","after":" "},{"index":12,"word":"Data","originalText":"Data","characterOffsetBegin":79,"characterOffsetEnd":83,"pos":"NNP","before":" ","after":" "},{"index":13,"word":"Display","originalText":"Display","characterOffsetBegin":84,"characterOffsetEnd":91,"pos":"VB","before":" ","after":" "},{"index":14,"word":"ToolHi","originalText":"ToolHi","characterOffsetBegin":92,"characterOffsetEnd":98,"pos":"NNP","before":" ","after":""},{"index":15,"word":",","originalText":",","characterOffsetBegin":98,"characterOffsetEnd":99,"pos":",","before":"","after":""},{"index":16,"word":"I","originalText":"I","characterOffsetBegin":99,"characterOffsetEnd":100,"pos":"PRP","before":"","after":""},{"index":17,"word":"'m","originalText":"'m","characterOffsetBegin":100,"characterOffsetEnd":102,"pos":"VBP","before":"","after":" "},{"index":18,"word":"looking","originalText":"looking","characterOffsetBegin":103,"characterOffsetEnd":110,"pos":"VBG","before":" ","after":" "},{"index":19,"word":"for","originalText":"for","characterOffsetBegin":111,"characterOffsetEnd":114,"pos":"IN","before":" ","after":" "},{"index":20,"word":"a","originalText":"a","characterOffsetBegin":115,"characterOffsetEnd":116,"pos":"DT","before":" ","after":" "},{"index":21,"word":"X-Windows","originalText":"X-Windows","characterOffsetBegin":117,"characterOffsetEnd":126,"pos":"NN","before":" ","after":" "},{"index":22,"word":"tool","originalText":"tool","characterOffsetBegin":127,"characterOffsetEnd":131,"pos":"NN","before":" ","after":" "},{"index":23,"word":"that","originalText":"that","characterOffsetBegin":132,"characterOffsetEnd":136,"pos":"WDT","before":" ","after":" "},{"index":24,"word":"can","originalText":"can","characterOffsetBegin":137,"characterOffsetEnd":140,"pos":"MD","before":" ","after":" "},{"index":25,"word":"display","originalText":"display","characterOffsetBegin":141,"characterOffsetEnd":148,"pos":"VB","before":" ","after":" "},{"index":26,"word":"data","originalText":"data","characterOffsetBegin":149,"characterOffsetEnd":153,"pos":"NNS","before":" ","after":" "},{"index":27,"word":"-LRB-","originalText":"(","characterOffsetBegin":154,"characterOffsetEnd":155,"pos":"-LRB-","before":" ","after":""},{"index":28,"word":"in","originalText":"in","characterOffsetBegin":155,"characterOffsetEnd":157,"pos":"IN","before":"","after":" "},{"index":29,"word":"a2D","originalText":"a2D","characterOffsetBegin":158,"characterOffsetEnd":161,"pos":"NN","before":" ","after":" "},{"index":30,"word":"plot","originalText":"plot","characterOffsetBegin":162,"characterOffsetEnd":166,"pos":"NN","before":" ","after":""},{"index":31,"word":"-RRB-","originalText":")","characterOffsetBegin":166,"characterOffsetEnd":167,"pos":"-RRB-","before":"","after":" "},{"index":32,"word":"in","originalText":"in","characterOffsetBegin":168,"characterOffsetEnd":170,"pos":"IN","before":" ","after":" "},{"index":33,"word":"real","originalText":"real","characterOffsetBegin":171,"characterOffsetEnd":175,"pos":"JJ","before":" ","after":" "},{"index":34,"word":"time","originalText":"time","characterOffsetBegin":176,"characterOffsetEnd":180,"pos":"NN","before":" ","after":" "},{"index":35,"word":"with","originalText":"with","characterOffsetBegin":181,"characterOffsetEnd":185,"pos":"IN","before":" ","after":" "},{"index":36,"word":"a","originalText":"a","characterOffsetBegin":186,"characterOffsetEnd":187,"pos":"DT","before":" ","after":" "},{"index":37,"word":"couple","originalText":"couple","characterOffsetBegin":188,"characterOffsetEnd":194,"pos":"NN","before":" ","after":" "},{"index":38,"word":"different","originalText":"different","characterOffsetBegin":195,"characterOffsetEnd":204,"pos":"JJ","before":" ","after":" "},{"index":39,"word":"signals","originalText":"signals","characterOffsetBegin":205,"characterOffsetEnd":212,"pos":"NNS","before":" ","after":""},{"index":40,"word":".","originalText":".","characterOffsetBegin":212,"characterOffsetEnd":213,"pos":".","before":"","after":"  "}]},{"index":1,"tokens":[{"index":1,"word":"Anybody","originalText":"Anybody","characterOffsetBegin":215,"characterOffsetEnd":222,"pos":"NN","before":"  ","after":" "},{"index":2,"word":"know","originalText":"know","characterOffsetBegin":223,"characterOffsetEnd":227,"pos":"VB","before":" ","after":" "},{"index":3,"word":"of","originalText":"of","characterOffsetBegin":228,"characterOffsetEnd":230,"pos":"IN","before":" ","after":" "},{"index":4,"word":"such","originalText":"such","characterOffsetBegin":231,"characterOffsetEnd":235,"pos":"PDT","before":" ","after":" "},{"index":5,"word":"a","originalText":"a","characterOffsetBegin":236,"characterOffsetEnd":237,"pos":"DT","before":" ","after":" "},{"index":6,"word":"gem","originalText":"gem","characterOffsetBegin":238,"characterOffsetEnd":241,"pos":"NN","before":" ","after":""},{"index":7,"word":"?","originalText":"?","characterOffsetBegin":241,"characterOffsetEnd":242,"pos":".","before":"","after":"  "}]},{"index":2,"tokens":[{"index":1,"word":"Please","originalText":"Please","characterOffsetBegin":244,"characterOffsetEnd":250,"pos":"VB","before":"  ","after":" "},{"index":2,"word":"Email","originalText":"Email","characterOffsetBegin":251,"characterOffsetEnd":256,"pos":"VB","before":" ","after":" "},{"index":3,"word":"me","originalText":"me","characterOffsetBegin":257,"characterOffsetEnd":259,"pos":"PRP","before":" ","after":" "},{"index":4,"word":"as","originalText":"as","characterOffsetBegin":260,"characterOffsetEnd":262,"pos":"IN","before":" ","after":" "},{"index":5,"word":"I","originalText":"I","characterOffsetBegin":263,"characterOffsetEnd":264,"pos":"PRP","before":" ","after":" "},{"index":6,"word":"do","originalText":"do","characterOffsetBegin":265,"characterOffsetEnd":267,"pos":"VBP","before":" ","after":" "},{"index":7,"word":"not","originalText":"not","characterOffsetBegin":268,"characterOffsetEnd":271,"pos":"RB","before":" ","after":" "},{"index":8,"word":"readthis","originalText":"readthis","characterOffsetBegin":272,"characterOffsetEnd":280,"pos":"JJ","before":" ","after":" "},{"index":9,"word":"group","originalText":"group","characterOffsetBegin":281,"characterOffsetEnd":286,"pos":"NN","before":" ","after":" "},{"index":10,"word":"often.Thanks","originalText":"often.Thanks","characterOffsetBegin":287,"characterOffsetEnd":299,"pos":"NNS","before":" ","after":" "},{"index":11,"word":"much!Eric","originalText":"much!Eric","characterOffsetBegin":300,"characterOffsetEnd":309,"pos":"JJ","before":" ","after":" "},{"index":12,"word":"Slimkotheslim@caen.engin.umich.edu","originalText":"Slimkotheslim@caen.engin.umich.edu","characterOffsetBegin":310,"characterOffsetEnd":344,"pos":"NN","before":" ","after":""}]}]}