{"sentences":[{"index":0,"tokens":[{"index":1,"word":"From","originalText":"From","characterOffsetBegin":0,"characterOffsetEnd":4,"pos":"IN","before":"","after":""},{"index":2,"word":":","originalText":":","characterOffsetBegin":4,"characterOffsetEnd":5,"pos":":","before":"","after":" "},{"index":3,"word":"dick@bart.starnet.com","originalText":"dick@bart.starnet.com","characterOffsetBegin":6,"characterOffsetEnd":27,"pos":"NN","before":" ","after":" "},{"index":4,"word":"-LRB-","originalText":"(","characterOffsetBegin":28,"characterOffsetEnd":29,"pos":"-LRB-","before":" ","after":""},{"index":5,"word":"Dick","originalText":"Dick","characterOffsetBegin":29,"characterOffsetEnd":33,"pos":"NNP","before":"","after":" "},{"index":6,"word":"Montgomery","originalText":"Montgomery","characterOffsetBegin":34,"characterOffsetEnd":44,"pos":"NNP","before":" ","after":""},{"index":7,"word":"-RRB-","originalText":")","characterOffsetBegin":44,"characterOffsetEnd":45,"pos":"-RRB-","before":"","after":""},{"index":8,"word":"Subject","originalText":"Subject","characterOffsetBegin":45,"characterOffsetEnd":52,"pos":"NNP","before":"","after":""},{"index":9,"word":":","originalText":":","characterOffsetBegin":52,"characterOffsetEnd":53,"pos":":","before":"","after":" "},{"index":10,"word":"Re","originalText":"Re","characterOffsetBegin":54,"characterOffsetEnd":56,"pos":"NNP","before":" ","after":""},{"index":11,"word":":","originalText":":","characterOffsetBegin":56,"characterOffsetEnd":57,"pos":":","before":"","after":" "},{"index":12,"word":"X-window","originalText":"X-window","characterOffsetBegin":58,"characterOffsetEnd":66,"pos":"NN","before":" ","after":" "},{"index":13,"word":"for","originalText":"for","characterOffsetBegin":67,"characterOffsetEnd":70,"pos":"IN","before":" ","after":" "},{"index":14,"word":"PCBriefly","originalText":"PCBriefly","characterOffsetBegin":71,"characterOffsetEnd":80,"pos":"NNP","before":" ","after":""},{"index":15,"word":",","originalText":",","characterOffsetBegin":80,"characterOffsetEnd":81,"pos":",","before":"","after":" "},{"index":16,"word":"StarNet","originalText":"StarNet","characterOffsetBegin":82,"characterOffsetEnd":89,"pos":"NNP","before":" ","after":" "},{"index":17,"word":"Communications","originalText":"Communications","characterOffsetBegin":90,"characterOffsetEnd":104,"pos":"NNP","before":" ","after":" "},{"index":18,"word":"has","originalText":"has","characterOffsetBegin":105,"characterOffsetEnd":108,"pos":"VBZ","before":" ","after":" "},{"index":19,"word":"four","originalText":"four","characterOffsetBegin":109,"characterOffsetEnd":113,"pos":"CD","before":" ","after":" "},{"index":20,"word":"PC","originalText":"PC","characterOffsetBegin":114,"characterOffsetEnd":116,"pos":"NN","before":" ","after":" "},{"index":21,"word":"X","originalText":"X","characterOffsetBegin":117,"characterOffsetEnd":118,"pos":"NN","before":" ","after":" "},{"index":22,"word":"server","originalText":"server","characterOffsetBegin":119,"characterOffsetEnd":125,"pos":"NN","before":" ","after":" "},{"index":23,"word":"packages","originalText":"packages","characterOffsetBegin":126,"characterOffsetEnd":134,"pos":"NNS","before":" ","after":""},{"index":24,"word":".","originalText":".","characterOffsetBegin":134,"characterOffsetEnd":135,"pos":".","before":"","after":"\t"}]},{"index":1,"tokens":[{"index":1,"word":"Micro","originalText":"Micro","characterOffsetBegin":136,"characterOffsetEnd":141,"pos":"NNP","before":"\t","after":" "},{"index":2,"word":"X-lite","originalText":"X-lite","characterOffsetBegin":142,"characterOffsetEnd":148,"pos":"NNP","before":" ","after":"\t\t"},{"index":3,"word":"$","originalText":"$","characterOffsetBegin":150,"characterOffsetEnd":151,"pos":"$","before":"\t\t","after":" "},{"index":4,"word":"75.00","originalText":"75.00","characterOffsetBegin":152,"characterOffsetEnd":157,"pos":"CD","before":" ","after":"\t\t"},{"index":5,"word":"Includes","originalText":"Includes","characterOffsetBegin":159,"characterOffsetEnd":167,"pos":"VBZ","before":"\t\t","after":" "},{"index":6,"word":"integrated","originalText":"integrated","characterOffsetBegin":168,"characterOffsetEnd":178,"pos":"VBN","before":" ","after":" "},{"index":7,"word":"tcp/ip","originalText":"tcp/ip","characterOffsetBegin":179,"characterOffsetEnd":185,"pos":"NN","before":" ","after":""},{"index":8,"word":",","originalText":",","characterOffsetBegin":185,"characterOffsetEnd":186,"pos":",","before":"","after":" "},{"index":9,"word":"runs","originalText":"runs","characterOffsetBegin":187,"characterOffsetEnd":191,"pos":"VBZ","before":" ","after":" "},{"index":10,"word":"in","originalText":"in","characterOffsetBegin":192,"characterOffsetEnd":194,"pos":"IN","before":" ","after":" "},{"index":11,"word":"640KB","originalText":"640KB","characterOffsetBegin":195,"characterOffsetEnd":200,"pos":"NN","before":" ","after":""},{"index":12,"word":",","originalText":",","characterOffsetBegin":200,"characterOffsetEnd":201,"pos":",","before":"","after":" "},{"index":13,"word":"no","originalText":"no","characterOffsetBegin":202,"characterOffsetEnd":204,"pos":"DT","before":" ","after":" "},{"index":14,"word":"arcs","originalText":"arcs","characterOffsetBegin":205,"characterOffsetEnd":209,"pos":"NNS","before":" ","after":""},{"index":15,"word":"-LRB-","originalText":"(","characterOffsetBegin":209,"characterOffsetEnd":210,"pos":"-LRB-","before":"","after":""},{"index":16,"word":"-RRB-","originalText":")","characterOffsetBegin":210,"characterOffsetEnd":211,"pos":"-RRB-","before":"","after":""},{"index":17,"word":".","originalText":".","characterOffsetBegin":211,"characterOffsetEnd":212,"pos":".","before":"","after":"\t"}]},{"index":2,"tokens":[{"index":1,"word":"Micro","originalText":"Micro","characterOffsetBegin":213,"characterOffsetEnd":218,"pos":"NNP","before":"\t","after":" "},{"index":2,"word":"X-enlite","originalText":"X-enlite","characterOffsetBegin":219,"characterOffsetEnd":227,"pos":"NNP","before":" ","after":"\t\t"},{"index":3,"word":"$","originalText":"$","characterOffsetBegin":229,"characterOffsetEnd":230,"pos":"$","before":"\t\t","after":""},{"index":4,"word":"150.00","originalText":"150.00","characterOffsetBegin":230,"characterOffsetEnd":236,"pos":"CD","before":"","after":"\t\t"},{"index":5,"word":"Includes","originalText":"Includes","characterOffsetBegin":238,"characterOffsetEnd":246,"pos":"VBZ","before":"\t\t","after":" "},{"index":6,"word":"integrated","originalText":"integrated","characterOffsetBegin":247,"characterOffsetEnd":257,"pos":"VBN","before":" ","after":" "},{"index":7,"word":"tcp/ip","originalText":"tcp/ip","characterOffsetBegin":258,"characterOffsetEnd":264,"pos":"NN","before":" ","after":""},{"index":8,"word":",","originalText":",","characterOffsetBegin":264,"characterOffsetEnd":265,"pos":",","before":"","after":" "},{"index":9,"word":"runs","originalText":"runs","characterOffsetBegin":266,"characterOffsetEnd":270,"pos":"VBZ","before":" ","after":" "},{"index":10,"word":"under","originalText":"under","characterOffsetBegin":271,"characterOffsetEnd":276,"pos":"IN","before":" ","after":" "},{"index":11,"word":"DOS","originalText":"DOS","characterOffsetBegin":277,"characterOffsetEnd":280,"pos":"NNP","before":" ","after":""},{"index":12,"word":",","originalText":",","characterOffsetBegin":280,"characterOffsetEnd":281,"pos":",","before":"","after":" "},{"index":13,"word":"shape","originalText":"shape","characterOffsetBegin":282,"characterOffsetEnd":287,"pos":"NN","before":" ","after":" "},{"index":14,"word":"extension","originalText":"extension","characterOffsetBegin":288,"characterOffsetEnd":297,"pos":"NN","before":" ","after":"\t\t   "},{"index":15,"word":"''","originalText":"\"","characterOffsetBegin":302,"characterOffsetEnd":303,"pos":"''","before":"\t\t   ","after":"     "},{"index":16,"word":"interface","originalText":"interface","characterOffsetBegin":308,"characterOffsetEnd":317,"pos":"NN","before":"     ","after":" "},{"index":17,"word":"to","originalText":"to","characterOffsetBegin":318,"characterOffsetEnd":320,"pos":"TO","before":" ","after":" "},{"index":18,"word":"Novell","originalText":"Novell","characterOffsetBegin":321,"characterOffsetEnd":327,"pos":"NNP","before":" ","after":" "},{"index":19,"word":"tcp/ip","originalText":"tcp/ip","characterOffsetBegin":328,"characterOffsetEnd":334,"pos":"NNP","before":" ","after":"\t"},{"index":20,"word":"Micro","originalText":"Micro","characterOffsetBegin":335,"characterOffsetEnd":340,"pos":"NNP","before":"\t","after":" "},{"index":21,"word":"X-DOS","originalText":"X-DOS","characterOffsetBegin":341,"characterOffsetEnd":346,"pos":"NNP","before":" ","after":"\t\t"},{"index":22,"word":"$","originalText":"$","characterOffsetBegin":348,"characterOffsetEnd":349,"pos":"$","before":"\t\t","after":""},{"index":23,"word":"345.00","originalText":"345.00","characterOffsetBegin":349,"characterOffsetEnd":355,"pos":"CD","before":"","after":"\t\t"},{"index":24,"word":"-LRB-","originalText":"(","characterOffsetBegin":357,"characterOffsetEnd":358,"pos":"-LRB-","before":"\t\t","after":""},{"index":25,"word":"$","originalText":"$","characterOffsetBegin":358,"characterOffsetEnd":359,"pos":"$","before":"","after":""},{"index":26,"word":"225","originalText":"225","characterOffsetBegin":359,"characterOffsetEnd":362,"pos":"CD","before":"","after":" "},{"index":27,"word":"ea","originalText":"ea","characterOffsetBegin":363,"characterOffsetEnd":365,"pos":"NN","before":" ","after":""},{"index":28,"word":".","originalText":".","characterOffsetBegin":365,"characterOffsetEnd":366,"pos":".","before":"","after":" "}]},{"index":3,"tokens":[{"index":1,"word":"in","originalText":"in","characterOffsetBegin":367,"characterOffsetEnd":369,"pos":"IN","before":" ","after":" "},{"index":2,"word":"a","originalText":"a","characterOffsetBegin":370,"characterOffsetEnd":371,"pos":"DT","before":" ","after":" "},{"index":3,"word":"5-pack","originalText":"5-pack","characterOffsetBegin":372,"characterOffsetEnd":378,"pos":"NN","before":" ","after":""},{"index":4,"word":"-RRB-","originalText":")","characterOffsetBegin":378,"characterOffsetEnd":379,"pos":"-RRB-","before":"","after":"\t\t"},{"index":5,"word":"Includes","originalText":"Includes","characterOffsetBegin":381,"characterOffsetEnd":389,"pos":"VBZ","before":"\t\t","after":" "},{"index":6,"word":"integrated","originalText":"integrated","characterOffsetBegin":390,"characterOffsetEnd":400,"pos":"VBN","before":" ","after":" "},{"index":7,"word":"tcp/ip","originalText":"tcp/ip","characterOffsetBegin":401,"characterOffsetEnd":407,"pos":"NN","before":" ","after":""},{"index":8,"word":",","originalText":",","characterOffsetBegin":407,"characterOffsetEnd":408,"pos":",","before":"","after":" "},{"index":9,"word":"runs","originalText":"runs","characterOffsetBegin":409,"characterOffsetEnd":413,"pos":"VBZ","before":" ","after":" "},{"index":10,"word":"under","originalText":"under","characterOffsetBegin":414,"characterOffsetEnd":419,"pos":"IN","before":" ","after":" "},{"index":11,"word":"DOS","originalText":"DOS","characterOffsetBegin":420,"characterOffsetEnd":423,"pos":"NNP","before":" ","after":""},{"index":12,"word":",","originalText":",","characterOffsetBegin":423,"characterOffsetEnd":424,"pos":",","before":"","after":" "},{"index":13,"word":"shape","originalText":"shape","characterOffsetBegin":425,"characterOffsetEnd":430,"pos":"NN","before":" ","after":" "},{"index":14,"word":"extension","originalText":"extension","characterOffsetBegin":431,"characterOffsetEnd":440,"pos":"NN","before":" ","after":"\t\t   "},{"index":15,"word":"''","originalText":"\"","characterOffsetBegin":445,"characterOffsetEnd":446,"pos":"''","before":"\t\t   ","after":"     "},{"index":16,"word":"interface","originalText":"interface","characterOffsetBegin":451,"characterOffsetEnd":460,"pos":"NN","before":"     ","after":" "},{"index":17,"word":"to","originalText":"to","characterOffsetBegin":461,"characterOffsetEnd":463,"pos":"TO","before":" ","after":" "},{"index":18,"word":"Novell","originalText":"Novell","characterOffsetBegin":464,"characterOffsetEnd":470,"pos":"NNP","before":" ","after":" "},{"index":19,"word":"tcp/ip","originalText":"tcp/ip","characterOffsetBegin":471,"characterOffsetEnd":477,"pos":"NN","before":" ","after":""},{"index":20,"word":",","originalText":",","characterOffsetBegin":477,"characterOffsetEnd":478,"pos":",","before":"","after":" "},{"index":21,"word":"FTP","originalText":"FTP","characterOffsetBegin":479,"characterOffsetEnd":482,"pos":"NN","before":" ","after":""},{"index":22,"word":"'s","originalText":"'s","characterOffsetBegin":482,"characterOffsetEnd":484,"pos":"POS","before":"","after":" "},{"index":23,"word":"PC/TCP","originalText":"PC/TCP","characterOffsetBegin":485,"characterOffsetEnd":491,"pos":"NN","before":" ","after":""},{"index":24,"word":",","originalText":",","characterOffsetBegin":491,"characterOffsetEnd":492,"pos":",","before":"","after":" "},{"index":25,"word":"&","originalText":"&","characterOffsetBegin":493,"characterOffsetEnd":494,"pos":"CC","before":" ","after":" "},{"index":26,"word":"PC-NFS","originalText":"PC-NFS","characterOffsetBegin":495,"characterOffsetEnd":501,"pos":"NNP","before":" ","after":""},{"index":27,"word":".","originalText":".","characterOffsetBegin":501,"characterOffsetEnd":502,"pos":".","before":"","after":"\t"}]},{"index":4,"tokens":[{"index":1,"word":"Micro","originalText":"Micro","characterOffsetBegin":503,"characterOffsetEnd":508,"pos":"NNP","before":"\t","after":" "},{"index":2,"word":"X-WIN","originalText":"X-WIN","characterOffsetBegin":509,"characterOffsetEnd":514,"pos":"NNP","before":" ","after":"\t\t"},{"index":3,"word":"$","originalText":"$","characterOffsetBegin":516,"characterOffsetEnd":517,"pos":"$","before":"\t\t","after":""},{"index":4,"word":"425.00","originalText":"425.00","characterOffsetBegin":517,"characterOffsetEnd":523,"pos":"CD","before":"","after":"\t\t"},{"index":5,"word":"-LRB-","originalText":"(","characterOffsetBegin":525,"characterOffsetEnd":526,"pos":"-LRB-","before":"\t\t","after":""},{"index":6,"word":"$","originalText":"$","characterOffsetBegin":526,"characterOffsetEnd":527,"pos":"$","before":"","after":""},{"index":7,"word":"300","originalText":"300","characterOffsetBegin":527,"characterOffsetEnd":530,"pos":"CD","before":"","after":" "},{"index":8,"word":"ea","originalText":"ea","characterOffsetBegin":531,"characterOffsetEnd":533,"pos":"NN","before":" ","after":""},{"index":9,"word":".","originalText":".","characterOffsetBegin":533,"characterOffsetEnd":534,"pos":".","before":"","after":" "}]},{"index":5,"tokens":[{"index":1,"word":"in","originalText":"in","characterOffsetBegin":535,"characterOffsetEnd":537,"pos":"IN","before":" ","after":" "},{"index":2,"word":"a","originalText":"a","characterOffsetBegin":538,"characterOffsetEnd":539,"pos":"DT","before":" ","after":" "},{"index":3,"word":"5-pack","originalText":"5-pack","characterOffsetBegin":540,"characterOffsetEnd":546,"pos":"NN","before":" ","after":""},{"index":4,"word":"-RRB-","originalText":")","characterOffsetBegin":546,"characterOffsetEnd":547,"pos":"-RRB-","before":"","after":"\t\t"},{"index":5,"word":"Includes","originalText":"Includes","characterOffsetBegin":549,"characterOffsetEnd":557,"pos":"VBZ","before":"\t\t","after":" "},{"index":6,"word":"Lanera","originalText":"Lanera","characterOffsetBegin":558,"characterOffsetEnd":564,"pos":"NN","before":" ","after":" "},{"index":7,"word":"TCPOpen","originalText":"TCPOpen","characterOffsetBegin":565,"characterOffsetEnd":572,"pos":"NN","before":" ","after":" "},{"index":8,"word":"tcp/ip","originalText":"tcp/ip","characterOffsetBegin":573,"characterOffsetEnd":579,"pos":"NN","before":" ","after":" "},{"index":9,"word":"stack","originalText":"stack","characterOffsetBegin":580,"characterOffsetEnd":585,"pos":"VBP","before":" ","after":" "},{"index":10,"word":"&","originalText":"&","characterOffsetBegin":586,"characterOffsetEnd":587,"pos":"CC","before":" ","after":" "},{"index":11,"word":"utilities","originalText":"utilities","characterOffsetBegin":588,"characterOffsetEnd":597,"pos":"NNS","before":" ","after":"\t\t   "},{"index":12,"word":"''","originalText":"\"","characterOffsetBegin":602,"characterOffsetEnd":603,"pos":"''","before":"\t\t   ","after":"     "},{"index":13,"word":"interface","originalText":"interface","characterOffsetBegin":608,"characterOffsetEnd":617,"pos":"NN","before":"     ","after":" "},{"index":14,"word":"to","originalText":"to","characterOffsetBegin":618,"characterOffsetEnd":620,"pos":"TO","before":" ","after":" "},{"index":15,"word":"FTP","originalText":"FTP","characterOffsetBegin":621,"characterOffsetEnd":624,"pos":"NN","before":" ","after":""},{"index":16,"word":"'s","originalText":"'s","characterOffsetBegin":624,"characterOffsetEnd":626,"pos":"POS","before":"","after":" "},{"index":17,"word":"PC/TCP","originalText":"PC/TCP","characterOffsetBegin":627,"characterOffsetEnd":633,"pos":"NN","before":" ","after":""},{"index":18,"word":",","originalText":",","characterOffsetBegin":633,"characterOffsetEnd":634,"pos":",","before":"","after":" "},{"index":19,"word":"Sun","originalText":"Sun","characterOffsetBegin":635,"characterOffsetEnd":638,"pos":"NNP","before":" ","after":""},{"index":20,"word":"'s","originalText":"'s","characterOffsetBegin":638,"characterOffsetEnd":640,"pos":"POS","before":"","after":" "},{"index":21,"word":"PC-NFS","originalText":"PC-NFS","characterOffsetBegin":641,"characterOffsetEnd":647,"pos":"NN","before":" ","after":""},{"index":22,"word":",","originalText":",","characterOffsetBegin":647,"characterOffsetEnd":648,"pos":",","before":"","after":" "},{"index":23,"word":"&","originalText":"&","characterOffsetBegin":649,"characterOffsetEnd":650,"pos":"CC","before":" ","after":" "},{"index":24,"word":"WinSock.For","originalText":"WinSock.For","characterOffsetBegin":651,"characterOffsetEnd":662,"pos":"NNP","before":" ","after":" "},{"index":25,"word":"more","originalText":"more","characterOffsetBegin":663,"characterOffsetEnd":667,"pos":"JJR","before":" ","after":" "},{"index":26,"word":"information","originalText":"information","characterOffsetBegin":668,"characterOffsetEnd":679,"pos":"NN","before":" ","after":" "},{"index":27,"word":"contact","originalText":"contact","characterOffsetBegin":680,"characterOffsetEnd":687,"pos":"NN","before":" ","after":""},{"index":28,"word":":","originalText":":","characterOffsetBegin":687,"characterOffsetEnd":688,"pos":":","before":"","after":""},{"index":29,"word":"----------------------------------------------------------------","originalText":"----------------------------------------------------------------","characterOffsetBegin":688,"characterOffsetEnd":752,"pos":"CD","before":"","after":""},{"index":30,"word":"StarNet","originalText":"StarNet","characterOffsetBegin":752,"characterOffsetEnd":759,"pos":"NNP","before":"","after":" "},{"index":31,"word":"Communications","originalText":"Communications","characterOffsetBegin":760,"characterOffsetEnd":774,"pos":"NNPS","before":" ","after":"\t\t"},{"index":32,"word":"FAX","originalText":"FAX","characterOffsetBegin":776,"characterOffsetEnd":779,"pos":"NNP","before":"\t\t","after":""},{"index":33,"word":":","originalText":":","characterOffsetBegin":779,"characterOffsetEnd":780,"pos":":","before":"","after":"\t   "},{"index":34,"word":"1-408-739-09363073","originalText":"1-408-739-09363073","characterOffsetBegin":784,"characterOffsetEnd":802,"pos":"CD","before":"\t   ","after":" "},{"index":35,"word":"Lawrence","originalText":"Lawrence","characterOffsetBegin":803,"characterOffsetEnd":811,"pos":"NNP","before":" ","after":" "},{"index":36,"word":"Expressway","originalText":"Expressway","characterOffsetBegin":812,"characterOffsetEnd":822,"pos":"NNP","before":" ","after":"\t"},{"index":37,"word":"Voice","originalText":"Voice","characterOffsetBegin":823,"characterOffsetEnd":828,"pos":"NNP","before":"\t","after":""},{"index":38,"word":":","originalText":":","characterOffsetBegin":828,"characterOffsetEnd":829,"pos":":","before":"","after":"\t   "},{"index":39,"word":"1-408-739-0881Santa","originalText":"1-408-739-0881Santa","characterOffsetBegin":833,"characterOffsetEnd":852,"pos":"NN","before":"\t   ","after":" "},{"index":40,"word":"Clara","originalText":"Clara","characterOffsetBegin":853,"characterOffsetEnd":858,"pos":"NNP","before":" ","after":""},{"index":41,"word":",","originalText":",","characterOffsetBegin":858,"characterOffsetEnd":859,"pos":",","before":"","after":" "},{"index":42,"word":"Ca","originalText":"Ca","characterOffsetBegin":860,"characterOffsetEnd":862,"pos":"NN","before":" ","after":""},{"index":43,"word":".","originalText":".","characterOffsetBegin":862,"characterOffsetEnd":863,"pos":".","before":"","after":"  "}]},{"index":6,"tokens":[{"index":1,"word":"95051","originalText":"95051","characterOffsetBegin":865,"characterOffsetEnd":870,"pos":"CD","before":"  ","after":"\t\t"},{"index":2,"word":"E-mail","originalText":"E-mail","characterOffsetBegin":872,"characterOffsetEnd":878,"pos":"NN","before":"\t\t","after":"     "},{"index":3,"word":"microx@starnet.com----------------------------------------------------------------","originalText":"microx@starnet.com----------------------------------------------------------------","characterOffsetBegin":883,"characterOffsetEnd":965,"pos":"NN","before":"     ","after":""}]}]}