{"sentences":[{"index":0,"tokens":[{"index":1,"word":"From","originalText":"From","characterOffsetBegin":0,"characterOffsetEnd":4,"pos":"IN","before":"","after":""},{"index":2,"word":":","originalText":":","characterOffsetBegin":4,"characterOffsetEnd":5,"pos":":","before":"","after":" "},{"index":3,"word":"rao@cse.uta.edu","originalText":"rao@cse.uta.edu","characterOffsetBegin":6,"characterOffsetEnd":21,"pos":"NN","before":" ","after":" "},{"index":4,"word":"-LRB-","originalText":"(","characterOffsetBegin":22,"characterOffsetEnd":23,"pos":"-LRB-","before":" ","after":""},{"index":5,"word":"Rao","originalText":"Rao","characterOffsetBegin":23,"characterOffsetEnd":26,"pos":"NNP","before":"","after":" "},{"index":6,"word":"Venkatesh","originalText":"Venkatesh","characterOffsetBegin":27,"characterOffsetEnd":36,"pos":"NNP","before":" ","after":" "},{"index":7,"word":"Simha","originalText":"Simha","characterOffsetBegin":37,"characterOffsetEnd":42,"pos":"NNP","before":" ","after":""},{"index":8,"word":"-RRB-","originalText":")","characterOffsetBegin":42,"characterOffsetEnd":43,"pos":"-RRB-","before":"","after":""},{"index":9,"word":"Subject","originalText":"Subject","characterOffsetBegin":43,"characterOffsetEnd":50,"pos":"NNP","before":"","after":""},{"index":10,"word":":","originalText":":","characterOffsetBegin":50,"characterOffsetEnd":51,"pos":":","before":"","after":" "},{"index":11,"word":"xrn","originalText":"xrn","characterOffsetBegin":52,"characterOffsetEnd":55,"pos":"NN","before":" ","after":""},{"index":12,"word":",","originalText":",","characterOffsetBegin":55,"characterOffsetEnd":56,"pos":",","before":"","after":" "},{"index":13,"word":"xarchie","originalText":"xarchie","characterOffsetBegin":57,"characterOffsetEnd":64,"pos":"NN","before":" ","after":" "},{"index":14,"word":"for","originalText":"for","characterOffsetBegin":65,"characterOffsetEnd":68,"pos":"IN","before":" ","after":" "},{"index":15,"word":"HP","originalText":"HP","characterOffsetBegin":69,"characterOffsetEnd":71,"pos":"NNP","before":" ","after":" "},{"index":16,"word":"9000/730","originalText":"9000/730","characterOffsetBegin":72,"characterOffsetEnd":80,"pos":"CD","before":" ","after":" "},{"index":17,"word":"-","originalText":"-","characterOffsetBegin":81,"characterOffsetEnd":82,"pos":":","before":" ","after":" "},{"index":18,"word":"ASAP","originalText":"ASAP","characterOffsetBegin":83,"characterOffsetEnd":87,"pos":"NN","before":" ","after":"\t"},{"index":19,"word":"Hi","originalText":"Hi","characterOffsetBegin":88,"characterOffsetEnd":90,"pos":"NN","before":"\t","after":""},{"index":20,"word":",","originalText":",","characterOffsetBegin":90,"characterOffsetEnd":91,"pos":",","before":"","after":"\t"},{"index":21,"word":"I","originalText":"I","characterOffsetBegin":92,"characterOffsetEnd":93,"pos":"PRP","before":"\t","after":" "},{"index":22,"word":"need","originalText":"need","characterOffsetBegin":94,"characterOffsetEnd":98,"pos":"VBP","before":" ","after":" "},{"index":23,"word":"xrn","originalText":"xrn","characterOffsetBegin":99,"characterOffsetEnd":102,"pos":"NN","before":" ","after":" "},{"index":24,"word":"and","originalText":"and","characterOffsetBegin":103,"characterOffsetEnd":106,"pos":"CC","before":" ","after":" "},{"index":25,"word":"xarchie","originalText":"xarchie","characterOffsetBegin":107,"characterOffsetEnd":114,"pos":"NN","before":" ","after":" "},{"index":26,"word":"for","originalText":"for","characterOffsetBegin":115,"characterOffsetEnd":118,"pos":"IN","before":" ","after":" "},{"index":27,"word":"the","originalText":"the","characterOffsetBegin":119,"characterOffsetEnd":122,"pos":"DT","before":" ","after":" "},{"index":28,"word":"HP","originalText":"HP","characterOffsetBegin":123,"characterOffsetEnd":125,"pos":"NNP","before":" ","after":""},{"index":29,"word":"'s","originalText":"'s","characterOffsetBegin":125,"characterOffsetEnd":127,"pos":"POS","before":"","after":" "},{"index":30,"word":"-LRB-","originalText":"(","characterOffsetBegin":128,"characterOffsetEnd":129,"pos":"-LRB-","before":" ","after":""},{"index":31,"word":"9000/730","originalText":"9000/730","characterOffsetBegin":129,"characterOffsetEnd":137,"pos":"CD","before":"","after":""},{"index":32,"word":",","originalText":",","characterOffsetBegin":137,"characterOffsetEnd":138,"pos":",","before":"","after":" "},{"index":33,"word":"version","originalText":"version","characterOffsetBegin":139,"characterOffsetEnd":146,"pos":"NN","before":" ","after":" "},{"index":34,"word":"8","originalText":"8","characterOffsetBegin":147,"characterOffsetEnd":148,"pos":"CD","before":" ","after":" "},{"index":35,"word":"OS","originalText":"OS","characterOffsetBegin":149,"characterOffsetEnd":151,"pos":"NN","before":" ","after":""},{"index":36,"word":"-RRB-","originalText":")","characterOffsetBegin":151,"characterOffsetEnd":152,"pos":"-RRB-","before":"","after":""},{"index":37,"word":",","originalText":",","characterOffsetBegin":152,"characterOffsetEnd":153,"pos":",","before":"","after":" "},{"index":38,"word":"either","originalText":"either","characterOffsetBegin":154,"characterOffsetEnd":160,"pos":"CC","before":" ","after":" "},{"index":39,"word":"inthe","originalText":"inthe","characterOffsetBegin":161,"characterOffsetEnd":166,"pos":"NN","before":" ","after":" "},{"index":40,"word":"source","originalText":"source","characterOffsetBegin":167,"characterOffsetEnd":173,"pos":"NN","before":" ","after":" "},{"index":41,"word":"form","originalText":"form","characterOffsetBegin":174,"characterOffsetEnd":178,"pos":"NN","before":" ","after":" "},{"index":42,"word":"or","originalText":"or","characterOffsetBegin":179,"characterOffsetEnd":181,"pos":"CC","before":" ","after":""},{"index":43,"word":",","originalText":",","characterOffsetBegin":181,"characterOffsetEnd":182,"pos":",","before":"","after":" "},{"index":44,"word":"-LRB-","originalText":"(","characterOffsetBegin":183,"characterOffsetEnd":184,"pos":"-LRB-","before":" ","after":""},{"index":45,"word":"preferably","originalText":"preferably","characterOffsetBegin":184,"characterOffsetEnd":194,"pos":"RB","before":"","after":""},{"index":46,"word":"-RRB-","originalText":")","characterOffsetBegin":194,"characterOffsetEnd":195,"pos":"-RRB-","before":"","after":" "},{"index":47,"word":"in","originalText":"in","characterOffsetBegin":196,"characterOffsetEnd":198,"pos":"IN","before":" ","after":" "},{"index":48,"word":"executable","originalText":"executable","characterOffsetBegin":199,"characterOffsetEnd":209,"pos":"JJ","before":" ","after":" "},{"index":49,"word":"form","originalText":"form","characterOffsetBegin":210,"characterOffsetEnd":214,"pos":"NN","before":" ","after":""},{"index":50,"word":".","originalText":".","characterOffsetBegin":214,"characterOffsetEnd":215,"pos":".","before":"","after":" "}]},{"index":1,"tokens":[{"index":1,"word":"Please","originalText":"Please","characterOffsetBegin":216,"characterOffsetEnd":222,"pos":"VB","before":" ","after":" "},{"index":2,"word":"suggestwhere","originalText":"suggestwhere","characterOffsetBegin":223,"characterOffsetEnd":235,"pos":"NN","before":" ","after":" "},{"index":3,"word":"I","originalText":"I","characterOffsetBegin":236,"characterOffsetEnd":237,"pos":"PRP","before":" ","after":" "},{"index":4,"word":"can","originalText":"can","characterOffsetBegin":238,"characterOffsetEnd":241,"pos":"MD","before":" ","after":" "},{"index":5,"word":"find","originalText":"find","characterOffsetBegin":242,"characterOffsetEnd":246,"pos":"VB","before":" ","after":" "},{"index":6,"word":"this","originalText":"this","characterOffsetBegin":247,"characterOffsetEnd":251,"pos":"DT","before":" ","after":""},{"index":7,"word":",","originalText":",","characterOffsetBegin":251,"characterOffsetEnd":252,"pos":",","before":"","after":" \t"},{"index":8,"word":"Send","originalText":"Send","characterOffsetBegin":254,"characterOffsetEnd":258,"pos":"VB","before":" \t","after":" "},{"index":9,"word":"e-mail","originalText":"e-mail","characterOffsetBegin":259,"characterOffsetEnd":265,"pos":"NN","before":" ","after":" "},{"index":10,"word":"to","originalText":"to","characterOffsetBegin":266,"characterOffsetEnd":268,"pos":"TO","before":" ","after":""},{"index":11,"word":":","originalText":":","characterOffsetBegin":268,"characterOffsetEnd":269,"pos":":","before":"","after":" "},{"index":12,"word":"rao@cse.uta.eduThanks","originalText":"rao@cse.uta.eduThanks","characterOffsetBegin":270,"characterOffsetEnd":291,"pos":"NNS","before":" ","after":" "},{"index":13,"word":"in","originalText":"in","characterOffsetBegin":292,"characterOffsetEnd":294,"pos":"IN","before":" ","after":" "},{"index":14,"word":"advance","originalText":"advance","characterOffsetBegin":295,"characterOffsetEnd":302,"pos":"NN","before":" ","after":""},{"index":15,"word":",","originalText":",","characterOffsetBegin":302,"characterOffsetEnd":303,"pos":",","before":"","after":""},{"index":16,"word":"Rao","originalText":"Rao","characterOffsetBegin":303,"characterOffsetEnd":306,"pos":"NNP","before":"","after":""},{"index":17,"word":".","originalText":".","characterOffsetBegin":306,"characterOffsetEnd":307,"pos":".","before":"","after":""}]},{"index":2,"tokens":[{"index":1,"word":"--","originalText":"--","characterOffsetBegin":307,"characterOffsetEnd":309,"pos":":","before":"","after":" "},{"index":2,"word":"SSC","originalText":"SSC","characterOffsetBegin":310,"characterOffsetEnd":313,"pos":"NN","before":" ","after":""}]}]}