{"sentences":[{"index":0,"tokens":[{"index":1,"word":"From","originalText":"From","characterOffsetBegin":0,"characterOffsetEnd":4,"pos":"IN","before":"","after":""},{"index":2,"word":":","originalText":":","characterOffsetBegin":4,"characterOffsetEnd":5,"pos":":","before":"","after":" "},{"index":3,"word":"raney@teal.csn.org","originalText":"raney@teal.csn.org","characterOffsetBegin":6,"characterOffsetEnd":24,"pos":"NN","before":" ","after":" "},{"index":4,"word":"-LRB-","originalText":"(","characterOffsetBegin":25,"characterOffsetEnd":26,"pos":"-LRB-","before":" ","after":""},{"index":5,"word":"Scott","originalText":"Scott","characterOffsetBegin":26,"characterOffsetEnd":31,"pos":"NNP","before":"","after":" "},{"index":6,"word":"Raney","originalText":"Raney","characterOffsetBegin":32,"characterOffsetEnd":37,"pos":"NNP","before":" ","after":""},{"index":7,"word":"-RRB-","originalText":")","characterOffsetBegin":37,"characterOffsetEnd":38,"pos":"-RRB-","before":"","after":""},{"index":8,"word":"Subject","originalText":"Subject","characterOffsetBegin":38,"characterOffsetEnd":45,"pos":"NNP","before":"","after":""},{"index":9,"word":":","originalText":":","characterOffsetBegin":45,"characterOffsetEnd":46,"pos":":","before":"","after":" "},{"index":10,"word":"Re","originalText":"Re","characterOffsetBegin":47,"characterOffsetEnd":49,"pos":"NNP","before":" ","after":""},{"index":11,"word":":","originalText":":","characterOffsetBegin":49,"characterOffsetEnd":50,"pos":":","before":"","after":" "},{"index":12,"word":"Hypercard","originalText":"Hypercard","characterOffsetBegin":51,"characterOffsetEnd":60,"pos":"NNP","before":" ","after":" "},{"index":13,"word":"for","originalText":"for","characterOffsetBegin":61,"characterOffsetEnd":64,"pos":"IN","before":" ","after":" "},{"index":14,"word":"UNIXqueloz@bernina.ethz.ch","originalText":"UNIXqueloz@bernina.ethz.ch","characterOffsetBegin":65,"characterOffsetEnd":91,"pos":"NNP","before":" ","after":" "},{"index":15,"word":"-LRB-","originalText":"(","characterOffsetBegin":92,"characterOffsetEnd":93,"pos":"-LRB-","before":" ","after":""},{"index":16,"word":"Ronald","originalText":"Ronald","characterOffsetBegin":93,"characterOffsetEnd":99,"pos":"NNP","before":"","after":" "},{"index":17,"word":"Queloz","originalText":"Queloz","characterOffsetBegin":100,"characterOffsetEnd":106,"pos":"NNP","before":" ","after":""},{"index":18,"word":"-RRB-","originalText":")","characterOffsetBegin":106,"characterOffsetEnd":107,"pos":"-RRB-","before":"","after":" "},{"index":19,"word":"writes","originalText":"writes","characterOffsetBegin":108,"characterOffsetEnd":114,"pos":"VBZ","before":" ","after":""},{"index":20,"word":":","originalText":":","characterOffsetBegin":114,"characterOffsetEnd":115,"pos":":","before":"","after":""},{"index":21,"word":">","originalText":">","characterOffsetBegin":115,"characterOffsetEnd":116,"pos":"JJR","before":"","after":""},{"index":22,"word":"Hi","originalText":"Hi","characterOffsetBegin":116,"characterOffsetEnd":118,"pos":"NN","before":"","after":" "},{"index":23,"word":"netlanders","originalText":"netlanders","characterOffsetBegin":119,"characterOffsetEnd":129,"pos":"NNS","before":" ","after":""},{"index":24,"word":",","originalText":",","characterOffsetBegin":129,"characterOffsetEnd":130,"pos":",","before":"","after":""},{"index":25,"word":">","originalText":">","characterOffsetBegin":130,"characterOffsetEnd":131,"pos":"JJR","before":"","after":""},{"index":26,"word":"Does","originalText":"Does","characterOffsetBegin":131,"characterOffsetEnd":135,"pos":"VBZ","before":"","after":" "},{"index":27,"word":"anybody","originalText":"anybody","characterOffsetBegin":136,"characterOffsetEnd":143,"pos":"NN","before":" ","after":" "},{"index":28,"word":"know","originalText":"know","characterOffsetBegin":144,"characterOffsetEnd":148,"pos":"VB","before":" ","after":" "},{"index":29,"word":"if","originalText":"if","characterOffsetBegin":149,"characterOffsetEnd":151,"pos":"IN","before":" ","after":" "},{"index":30,"word":"there","originalText":"there","characterOffsetBegin":152,"characterOffsetEnd":157,"pos":"EX","before":" ","after":" "},{"index":31,"word":"is","originalText":"is","characterOffsetBegin":158,"characterOffsetEnd":160,"pos":"VBZ","before":" ","after":" "},{"index":32,"word":"something","originalText":"something","characterOffsetBegin":161,"characterOffsetEnd":170,"pos":"NN","before":" ","after":" "},{"index":33,"word":"like","originalText":"like","characterOffsetBegin":171,"characterOffsetEnd":175,"pos":"IN","before":" ","after":" "},{"index":34,"word":"Macintosh","originalText":"Macintosh","characterOffsetBegin":176,"characterOffsetEnd":185,"pos":"NNP","before":" ","after":" "},{"index":35,"word":"Hypercard","originalText":"Hypercard","characterOffsetBegin":186,"characterOffsetEnd":195,"pos":"NNP","before":" ","after":" "},{"index":36,"word":"for","originalText":"for","characterOffsetBegin":196,"characterOffsetEnd":199,"pos":"IN","before":" ","after":" "},{"index":37,"word":"any","originalText":"any","characterOffsetBegin":200,"characterOffsetEnd":203,"pos":"DT","before":" ","after":" "},{"index":38,"word":"UNIX","originalText":"UNIX","characterOffsetBegin":204,"characterOffsetEnd":208,"pos":"NNP","before":" ","after":" "},{"index":39,"word":">","originalText":">","characterOffsetBegin":209,"characterOffsetEnd":210,"pos":"JJR","before":" ","after":""},{"index":40,"word":"platform?There","originalText":"platform?There","characterOffsetBegin":210,"characterOffsetEnd":224,"pos":"NN","before":"","after":" "},{"index":41,"word":"are","originalText":"are","characterOffsetBegin":225,"characterOffsetEnd":228,"pos":"VBP","before":" ","after":" "},{"index":42,"word":"several","originalText":"several","characterOffsetBegin":229,"characterOffsetEnd":236,"pos":"JJ","before":" ","after":" "},{"index":43,"word":"products","originalText":"products","characterOffsetBegin":237,"characterOffsetEnd":245,"pos":"NNS","before":" ","after":" "},{"index":44,"word":"you","originalText":"you","characterOffsetBegin":246,"characterOffsetEnd":249,"pos":"PRP","before":" ","after":" "},{"index":45,"word":"might","originalText":"might","characterOffsetBegin":250,"characterOffsetEnd":255,"pos":"MD","before":" ","after":" "},{"index":46,"word":"investigate","originalText":"investigate","characterOffsetBegin":256,"characterOffsetEnd":267,"pos":"VB","before":" ","after":""},{"index":47,"word":".","originalText":".","characterOffsetBegin":267,"characterOffsetEnd":268,"pos":".","before":"","after":"  "}]},{"index":1,"tokens":[{"index":1,"word":"If","originalText":"If","characterOffsetBegin":270,"characterOffsetEnd":272,"pos":"IN","before":"  ","after":" "},{"index":2,"word":"you","originalText":"you","characterOffsetBegin":273,"characterOffsetEnd":276,"pos":"PRP","before":" ","after":""},{"index":3,"word":"'ve","originalText":"'ve","characterOffsetBegin":276,"characterOffsetEnd":279,"pos":"VBP","before":"","after":" "},{"index":4,"word":"got","originalText":"got","characterOffsetBegin":280,"characterOffsetEnd":283,"pos":"VBD","before":" ","after":""},{"index":5,"word":"$","originalText":"$","characterOffsetBegin":283,"characterOffsetEnd":284,"pos":"$","before":"","after":""},{"index":6,"word":"20,000","originalText":"20,000","characterOffsetBegin":284,"characterOffsetEnd":290,"pos":"CD","before":"","after":" "},{"index":7,"word":"per","originalText":"per","characterOffsetBegin":291,"characterOffsetEnd":294,"pos":"IN","before":" ","after":" "},{"index":8,"word":"seat","originalText":"seat","characterOffsetBegin":295,"characterOffsetEnd":299,"pos":"NN","before":" ","after":" "},{"index":9,"word":"and","originalText":"and","characterOffsetBegin":300,"characterOffsetEnd":303,"pos":"CC","before":" ","after":" "},{"index":10,"word":"high-end","originalText":"high-end","characterOffsetBegin":304,"characterOffsetEnd":312,"pos":"JJ","before":" ","after":" "},{"index":11,"word":"hardware","originalText":"hardware","characterOffsetBegin":313,"characterOffsetEnd":321,"pos":"NN","before":" ","after":""},{"index":12,"word":",","originalText":",","characterOffsetBegin":321,"characterOffsetEnd":322,"pos":",","before":"","after":" "},{"index":13,"word":"Gain","originalText":"Gain","characterOffsetBegin":323,"characterOffsetEnd":327,"pos":"NNP","before":" ","after":" "},{"index":14,"word":"Momentum","originalText":"Momentum","characterOffsetBegin":328,"characterOffsetEnd":336,"pos":"NNP","before":" ","after":" "},{"index":15,"word":"might","originalText":"might","characterOffsetBegin":337,"characterOffsetEnd":342,"pos":"MD","before":" ","after":" "},{"index":16,"word":"be","originalText":"be","characterOffsetBegin":343,"characterOffsetEnd":345,"pos":"VB","before":" ","after":" "},{"index":17,"word":"a","originalText":"a","characterOffsetBegin":346,"characterOffsetEnd":347,"pos":"DT","before":" ","after":" "},{"index":18,"word":"goodchoice","originalText":"goodchoice","characterOffsetBegin":348,"characterOffsetEnd":358,"pos":"NN","before":" ","after":""},{"index":19,"word":".","originalText":".","characterOffsetBegin":358,"characterOffsetEnd":359,"pos":".","before":"","after":"  "}]},{"index":2,"tokens":[{"index":1,"word":"It","originalText":"It","characterOffsetBegin":361,"characterOffsetEnd":363,"pos":"PRP","before":"  ","after":" "},{"index":2,"word":"is","originalText":"is","characterOffsetBegin":364,"characterOffsetEnd":366,"pos":"VBZ","before":" ","after":""},{"index":3,"word":"n't","originalText":"n't","characterOffsetBegin":366,"characterOffsetEnd":369,"pos":"RB","before":"","after":" "},{"index":4,"word":"compatible","originalText":"compatible","characterOffsetBegin":370,"characterOffsetEnd":380,"pos":"JJ","before":" ","after":" "},{"index":5,"word":"with","originalText":"with","characterOffsetBegin":381,"characterOffsetEnd":385,"pos":"IN","before":" ","after":" "},{"index":6,"word":"HyperCard","originalText":"HyperCard","characterOffsetBegin":386,"characterOffsetEnd":395,"pos":"NNP","before":" ","after":""},{"index":7,"word":",","originalText":",","characterOffsetBegin":395,"characterOffsetEnd":396,"pos":",","before":"","after":" "},{"index":8,"word":"but","originalText":"but","characterOffsetBegin":397,"characterOffsetEnd":400,"pos":"CC","before":" ","after":" "},{"index":9,"word":"has","originalText":"has","characterOffsetBegin":401,"characterOffsetEnd":404,"pos":"VBZ","before":" ","after":" "},{"index":10,"word":"a","originalText":"a","characterOffsetBegin":405,"characterOffsetEnd":406,"pos":"DT","before":" ","after":" "},{"index":11,"word":"similararchitecture","originalText":"similararchitecture","characterOffsetBegin":407,"characterOffsetEnd":426,"pos":"NN","before":" ","after":" "},{"index":12,"word":"-LRB-","originalText":"(","characterOffsetBegin":427,"characterOffsetEnd":428,"pos":"-LRB-","before":" ","after":""},{"index":13,"word":"and","originalText":"and","characterOffsetBegin":428,"characterOffsetEnd":431,"pos":"CC","before":"","after":" "},{"index":14,"word":"*","originalText":"*","characterOffsetBegin":432,"characterOffsetEnd":433,"pos":"SYM","before":" ","after":""},{"index":15,"word":"way","originalText":"way","characterOffsetBegin":433,"characterOffsetEnd":436,"pos":"NN","before":"","after":""},{"index":16,"word":"*","originalText":"*","characterOffsetBegin":436,"characterOffsetEnd":437,"pos":"SYM","before":"","after":" "},{"index":17,"word":"more","originalText":"more","characterOffsetBegin":438,"characterOffsetEnd":442,"pos":"RBR","before":" ","after":" "},{"index":18,"word":"functionality","originalText":"functionality","characterOffsetBegin":443,"characterOffsetEnd":456,"pos":"NN","before":" ","after":""},{"index":19,"word":"-RRB-","originalText":")","characterOffsetBegin":456,"characterOffsetEnd":457,"pos":"-RRB-","before":"","after":""},{"index":20,"word":".","originalText":".","characterOffsetBegin":457,"characterOffsetEnd":458,"pos":".","before":"","after":"  "}]},{"index":3,"tokens":[{"index":1,"word":"I","originalText":"I","characterOffsetBegin":460,"characterOffsetEnd":461,"pos":"PRP","before":"  ","after":" "},{"index":2,"word":"do","originalText":"do","characterOffsetBegin":462,"characterOffsetEnd":464,"pos":"VBP","before":" ","after":""},{"index":3,"word":"n't","originalText":"n't","characterOffsetBegin":464,"characterOffsetEnd":467,"pos":"RB","before":"","after":" "},{"index":4,"word":"have","originalText":"have","characterOffsetBegin":468,"characterOffsetEnd":472,"pos":"VB","before":" ","after":" "},{"index":5,"word":"contactinformation","originalText":"contactinformation","characterOffsetBegin":473,"characterOffsetEnd":491,"pos":"NN","before":" ","after":""},{"index":6,"word":",","originalText":",","characterOffsetBegin":491,"characterOffsetEnd":492,"pos":",","before":"","after":" "},{"index":7,"word":"but","originalText":"but","characterOffsetBegin":493,"characterOffsetEnd":496,"pos":"CC","before":" ","after":" "},{"index":8,"word":"they","originalText":"they","characterOffsetBegin":497,"characterOffsetEnd":501,"pos":"PRP","before":" ","after":" "},{"index":9,"word":"were","originalText":"were","characterOffsetBegin":502,"characterOffsetEnd":506,"pos":"VBD","before":" ","after":" "},{"index":10,"word":"recently","originalText":"recently","characterOffsetBegin":507,"characterOffsetEnd":515,"pos":"RB","before":" ","after":" "},{"index":11,"word":"purchased","originalText":"purchased","characterOffsetBegin":516,"characterOffsetEnd":525,"pos":"VBN","before":" ","after":" "},{"index":12,"word":"by","originalText":"by","characterOffsetBegin":526,"characterOffsetEnd":528,"pos":"IN","before":" ","after":" "},{"index":13,"word":"Sybase","originalText":"Sybase","characterOffsetBegin":529,"characterOffsetEnd":535,"pos":"NNP","before":" ","after":" "},{"index":14,"word":"who","originalText":"who","characterOffsetBegin":536,"characterOffsetEnd":539,"pos":"WP","before":" ","after":" "},{"index":15,"word":"should","originalText":"should","characterOffsetBegin":540,"characterOffsetEnd":546,"pos":"MD","before":" ","after":""},{"index":16,"word":"n'tbe","originalText":"n'tbe","characterOffsetBegin":546,"characterOffsetEnd":551,"pos":"VB","before":"","after":" "},{"index":17,"word":"too","originalText":"too","characterOffsetBegin":552,"characterOffsetEnd":555,"pos":"RB","before":" ","after":" "},{"index":18,"word":"hard","originalText":"hard","characterOffsetBegin":556,"characterOffsetEnd":560,"pos":"JJ","before":" ","after":" "},{"index":19,"word":"to","originalText":"to","characterOffsetBegin":561,"characterOffsetEnd":563,"pos":"TO","before":" ","after":" "},{"index":20,"word":"find.If","originalText":"find.If","characterOffsetBegin":564,"characterOffsetEnd":571,"pos":"VB","before":" ","after":" "},{"index":21,"word":"you","originalText":"you","characterOffsetBegin":572,"characterOffsetEnd":575,"pos":"PRP","before":" ","after":""},{"index":22,"word":"'re","originalText":"'re","characterOffsetBegin":575,"characterOffsetEnd":578,"pos":"VBP","before":"","after":" "},{"index":23,"word":"running","originalText":"running","characterOffsetBegin":579,"characterOffsetEnd":586,"pos":"VBG","before":" ","after":" "},{"index":24,"word":"News","originalText":"News","characterOffsetBegin":587,"characterOffsetEnd":591,"pos":"NN","before":" ","after":" "},{"index":25,"word":"on","originalText":"on","characterOffsetBegin":592,"characterOffsetEnd":594,"pos":"IN","before":" ","after":" "},{"index":26,"word":"SPARC","originalText":"SPARC","characterOffsetBegin":595,"characterOffsetEnd":600,"pos":"NNP","before":" ","after":""},{"index":27,"word":",","originalText":",","characterOffsetBegin":600,"characterOffsetEnd":601,"pos":",","before":"","after":" "},{"index":28,"word":"check","originalText":"check","characterOffsetBegin":602,"characterOffsetEnd":607,"pos":"VB","before":" ","after":" "},{"index":29,"word":"out","originalText":"out","characterOffsetBegin":608,"characterOffsetEnd":611,"pos":"RP","before":" ","after":" "},{"index":30,"word":"HyperLook","originalText":"HyperLook","characterOffsetBegin":612,"characterOffsetEnd":621,"pos":"NN","before":" ","after":""},{"index":31,"word":"-LRB-","originalText":"(","characterOffsetBegin":621,"characterOffsetEnd":622,"pos":"-LRB-","before":"","after":""},{"index":32,"word":"hyperlook@turing.com","originalText":"hyperlook@turing.com","characterOffsetBegin":622,"characterOffsetEnd":642,"pos":"NN","before":"","after":""},{"index":33,"word":"-RRB-","originalText":")","characterOffsetBegin":642,"characterOffsetEnd":643,"pos":"-RRB-","before":"","after":""},{"index":34,"word":".","originalText":".","characterOffsetBegin":643,"characterOffsetEnd":644,"pos":".","before":"","after":"  "}]},{"index":4,"tokens":[{"index":1,"word":"It","originalText":"It","characterOffsetBegin":646,"characterOffsetEnd":648,"pos":"PRP","before":"  ","after":" "},{"index":2,"word":"uses","originalText":"uses","characterOffsetBegin":649,"characterOffsetEnd":653,"pos":"VBZ","before":" ","after":" "},{"index":3,"word":"Postscript","originalText":"Postscript","characterOffsetBegin":654,"characterOffsetEnd":664,"pos":"NNP","before":" ","after":" "},{"index":4,"word":"as","originalText":"as","characterOffsetBegin":665,"characterOffsetEnd":667,"pos":"IN","before":" ","after":" "},{"index":5,"word":"a","originalText":"a","characterOffsetBegin":668,"characterOffsetEnd":669,"pos":"DT","before":" ","after":" "},{"index":6,"word":"scripting","originalText":"scripting","characterOffsetBegin":670,"characterOffsetEnd":679,"pos":"VBG","before":" ","after":" "},{"index":7,"word":"languagewhich","originalText":"languagewhich","characterOffsetBegin":680,"characterOffsetEnd":693,"pos":"NN","before":" ","after":" "},{"index":8,"word":"is","originalText":"is","characterOffsetBegin":694,"characterOffsetEnd":696,"pos":"VBZ","before":" ","after":" "},{"index":9,"word":"good","originalText":"good","characterOffsetBegin":697,"characterOffsetEnd":701,"pos":"JJ","before":" ","after":" "},{"index":10,"word":"if","originalText":"if","characterOffsetBegin":702,"characterOffsetEnd":704,"pos":"IN","before":" ","after":" "},{"index":11,"word":"you","originalText":"you","characterOffsetBegin":705,"characterOffsetEnd":708,"pos":"PRP","before":" ","after":" "},{"index":12,"word":"need","originalText":"need","characterOffsetBegin":709,"characterOffsetEnd":713,"pos":"VBP","before":" ","after":" "},{"index":13,"word":"to","originalText":"to","characterOffsetBegin":714,"characterOffsetEnd":716,"pos":"TO","before":" ","after":" "},{"index":14,"word":"do","originalText":"do","characterOffsetBegin":717,"characterOffsetEnd":719,"pos":"VB","before":" ","after":" "},{"index":15,"word":"lots","originalText":"lots","characterOffsetBegin":720,"characterOffsetEnd":724,"pos":"NNS","before":" ","after":" "},{"index":16,"word":"of","originalText":"of","characterOffsetBegin":725,"characterOffsetEnd":727,"pos":"IN","before":" ","after":" "},{"index":17,"word":"display","originalText":"display","characterOffsetBegin":728,"characterOffsetEnd":735,"pos":"NN","before":" ","after":" "},{"index":18,"word":"oriented","originalText":"oriented","characterOffsetBegin":736,"characterOffsetEnd":744,"pos":"VBN","before":" ","after":" "},{"index":19,"word":"scripting","originalText":"scripting","characterOffsetBegin":745,"characterOffsetEnd":754,"pos":"NN","before":" ","after":""},{"index":20,"word":",","originalText":",","characterOffsetBegin":754,"characterOffsetEnd":755,"pos":",","before":"","after":""},{"index":21,"word":"but","originalText":"but","characterOffsetBegin":755,"characterOffsetEnd":758,"pos":"CC","before":"","after":" "},{"index":22,"word":"not","originalText":"not","characterOffsetBegin":759,"characterOffsetEnd":762,"pos":"RB","before":" ","after":" "},{"index":23,"word":"so","originalText":"so","characterOffsetBegin":763,"characterOffsetEnd":765,"pos":"RB","before":" ","after":" "},{"index":24,"word":"good","originalText":"good","characterOffsetBegin":766,"characterOffsetEnd":770,"pos":"JJ","before":" ","after":" "},{"index":25,"word":"for","originalText":"for","characterOffsetBegin":771,"characterOffsetEnd":774,"pos":"IN","before":" ","after":" "},{"index":26,"word":"non-programmers","originalText":"non-programmers","characterOffsetBegin":775,"characterOffsetEnd":790,"pos":"NNS","before":" ","after":""},{"index":27,"word":".","originalText":".","characterOffsetBegin":790,"characterOffsetEnd":791,"pos":".","before":"","after":"  "}]},{"index":5,"tokens":[{"index":1,"word":"It","originalText":"It","characterOffsetBegin":793,"characterOffsetEnd":795,"pos":"PRP","before":"  ","after":" "},{"index":2,"word":"was","originalText":"was","characterOffsetBegin":796,"characterOffsetEnd":799,"pos":"VBD","before":" ","after":" "},{"index":3,"word":"$","originalText":"$","characterOffsetBegin":800,"characterOffsetEnd":801,"pos":"$","before":" ","after":""},{"index":4,"word":"995","originalText":"995","characterOffsetBegin":801,"characterOffsetEnd":804,"pos":"CD","before":"","after":""},{"index":5,"word":",","originalText":",","characterOffsetBegin":804,"characterOffsetEnd":805,"pos":",","before":"","after":" "},{"index":6,"word":"last","originalText":"last","characterOffsetBegin":806,"characterOffsetEnd":810,"pos":"JJ","before":" ","after":" "},{"index":7,"word":"I","originalText":"I","characterOffsetBegin":811,"characterOffsetEnd":812,"pos":"PRP","before":" ","after":" "},{"index":8,"word":"heard.You","originalText":"heard.You","characterOffsetBegin":813,"characterOffsetEnd":822,"pos":"NN","before":" ","after":" "},{"index":9,"word":"might","originalText":"might","characterOffsetBegin":823,"characterOffsetEnd":828,"pos":"MD","before":" ","after":" "},{"index":10,"word":"also","originalText":"also","characterOffsetBegin":829,"characterOffsetEnd":833,"pos":"RB","before":" ","after":" "},{"index":11,"word":"look","originalText":"look","characterOffsetBegin":834,"characterOffsetEnd":838,"pos":"VB","before":" ","after":" "},{"index":12,"word":"at","originalText":"at","characterOffsetBegin":839,"characterOffsetEnd":841,"pos":"IN","before":" ","after":" "},{"index":13,"word":"our","originalText":"our","characterOffsetBegin":842,"characterOffsetEnd":845,"pos":"PRP$","before":" ","after":" "},{"index":14,"word":"product","originalText":"product","characterOffsetBegin":846,"characterOffsetEnd":853,"pos":"NN","before":" ","after":" "},{"index":15,"word":"MetaCard","originalText":"MetaCard","characterOffsetBegin":854,"characterOffsetEnd":862,"pos":"NNP","before":" ","after":""},{"index":16,"word":".","originalText":".","characterOffsetBegin":862,"characterOffsetEnd":863,"pos":".","before":"","after":"  "}]},{"index":6,"tokens":[{"index":1,"word":"We","originalText":"We","characterOffsetBegin":865,"characterOffsetEnd":867,"pos":"PRP","before":"  ","after":""},{"index":2,"word":"'re","originalText":"'re","characterOffsetBegin":867,"characterOffsetEnd":870,"pos":"VBP","before":"","after":" "},{"index":3,"word":"alpha-testingdirect","originalText":"alpha-testingdirect","characterOffsetBegin":871,"characterOffsetEnd":890,"pos":"JJ","before":" ","after":" "},{"index":4,"word":"importing","originalText":"importing","characterOffsetBegin":891,"characterOffsetEnd":900,"pos":"VBG","before":" ","after":" "},{"index":5,"word":"of","originalText":"of","characterOffsetBegin":901,"characterOffsetEnd":903,"pos":"IN","before":" ","after":" "},{"index":6,"word":"HyperCard","originalText":"HyperCard","characterOffsetBegin":904,"characterOffsetEnd":913,"pos":"NNP","before":" ","after":" "},{"index":7,"word":"stacks","originalText":"stacks","characterOffsetBegin":914,"characterOffsetEnd":920,"pos":"NNS","before":" ","after":" "},{"index":8,"word":"-LRB-","originalText":"(","characterOffsetBegin":921,"characterOffsetEnd":922,"pos":"-LRB-","before":" ","after":""},{"index":9,"word":"we","originalText":"we","characterOffsetBegin":922,"characterOffsetEnd":924,"pos":"PRP","before":"","after":""},{"index":10,"word":"'ve","originalText":"'ve","characterOffsetBegin":924,"characterOffsetEnd":927,"pos":"VBP","before":"","after":" "},{"index":11,"word":"even","originalText":"even","characterOffsetBegin":928,"characterOffsetEnd":932,"pos":"RB","before":" ","after":" "},{"index":12,"word":"made","originalText":"made","characterOffsetBegin":933,"characterOffsetEnd":937,"pos":"VBN","before":" ","after":" "},{"index":13,"word":"the","originalText":"the","characterOffsetBegin":938,"characterOffsetEnd":941,"pos":"DT","before":" ","after":" "},{"index":14,"word":"test","originalText":"test","characterOffsetBegin":942,"characterOffsetEnd":946,"pos":"NN","before":" ","after":" "},{"index":15,"word":"releaseavailable","originalText":"releaseavailable","characterOffsetBegin":947,"characterOffsetEnd":963,"pos":"NN","before":" ","after":" "},{"index":16,"word":"for","originalText":"for","characterOffsetBegin":964,"characterOffsetEnd":967,"pos":"IN","before":" ","after":" "},{"index":17,"word":"anonymous","originalText":"anonymous","characterOffsetBegin":968,"characterOffsetEnd":977,"pos":"JJ","before":" ","after":" "},{"index":18,"word":"FTP","originalText":"FTP","characterOffsetBegin":978,"characterOffsetEnd":981,"pos":"NN","before":" ","after":""},{"index":19,"word":"-RRB-","originalText":")","characterOffsetBegin":981,"characterOffsetEnd":982,"pos":"-RRB-","before":"","after":""},{"index":20,"word":",","originalText":",","characterOffsetBegin":982,"characterOffsetEnd":983,"pos":",","before":"","after":" "},{"index":21,"word":"so","originalText":"so","characterOffsetBegin":984,"characterOffsetEnd":986,"pos":"IN","before":" ","after":" "},{"index":22,"word":"we","originalText":"we","characterOffsetBegin":987,"characterOffsetEnd":989,"pos":"PRP","before":" ","after":""},{"index":23,"word":"'re","originalText":"'re","characterOffsetBegin":989,"characterOffsetEnd":992,"pos":"VBP","before":"","after":" "},{"index":24,"word":"obviously","originalText":"obviously","characterOffsetBegin":993,"characterOffsetEnd":1002,"pos":"RB","before":" ","after":" "},{"index":25,"word":"the","originalText":"the","characterOffsetBegin":1003,"characterOffsetEnd":1006,"pos":"DT","before":" ","after":" "},{"index":26,"word":"closest","originalText":"closest","characterOffsetBegin":1007,"characterOffsetEnd":1014,"pos":"JJS","before":" ","after":" "},{"index":27,"word":"infunctionality","originalText":"infunctionality","characterOffsetBegin":1015,"characterOffsetEnd":1030,"pos":"NN","before":" ","after":""},{"index":28,"word":".","originalText":".","characterOffsetBegin":1030,"characterOffsetEnd":1031,"pos":".","before":"","after":"  "}]},{"index":7,"tokens":[{"index":1,"word":"MetaCard","originalText":"MetaCard","characterOffsetBegin":1033,"characterOffsetEnd":1041,"pos":"NNP","before":"  ","after":" "},{"index":2,"word":"runs","originalText":"runs","characterOffsetBegin":1042,"characterOffsetEnd":1046,"pos":"VBZ","before":" ","after":" "},{"index":3,"word":"on","originalText":"on","characterOffsetBegin":1047,"characterOffsetEnd":1049,"pos":"IN","before":" ","after":" "},{"index":4,"word":"most","originalText":"most","characterOffsetBegin":1050,"characterOffsetEnd":1054,"pos":"JJS","before":" ","after":" "},{"index":5,"word":"UNIX","originalText":"UNIX","characterOffsetBegin":1055,"characterOffsetEnd":1059,"pos":"NNP","before":" ","after":" "},{"index":6,"word":"workstations","originalText":"workstations","characterOffsetBegin":1060,"characterOffsetEnd":1072,"pos":"NNS","before":" ","after":" "},{"index":7,"word":"and","originalText":"and","characterOffsetBegin":1073,"characterOffsetEnd":1076,"pos":"CC","before":" ","after":" "},{"index":8,"word":"costs","originalText":"costs","characterOffsetBegin":1077,"characterOffsetEnd":1082,"pos":"NNS","before":" ","after":""},{"index":9,"word":"$","originalText":"$","characterOffsetBegin":1082,"characterOffsetEnd":1083,"pos":"$","before":"","after":""},{"index":10,"word":"495","originalText":"495","characterOffsetBegin":1083,"characterOffsetEnd":1086,"pos":"CD","before":"","after":""},{"index":11,"word":".","originalText":".","characterOffsetBegin":1086,"characterOffsetEnd":1087,"pos":".","before":"","after":"  "}]},{"index":8,"tokens":[{"index":1,"word":"Email","originalText":"Email","characterOffsetBegin":1089,"characterOffsetEnd":1094,"pos":"VB","before":"  ","after":" "},{"index":2,"word":"to","originalText":"to","characterOffsetBegin":1095,"characterOffsetEnd":1097,"pos":"TO","before":" ","after":" "},{"index":3,"word":"info@metacard.com","originalText":"info@metacard.com","characterOffsetBegin":1098,"characterOffsetEnd":1115,"pos":"NNP","before":" ","after":" "},{"index":4,"word":"for","originalText":"for","characterOffsetBegin":1116,"characterOffsetEnd":1119,"pos":"IN","before":" ","after":" "},{"index":5,"word":"more","originalText":"more","characterOffsetBegin":1120,"characterOffsetEnd":1124,"pos":"JJR","before":" ","after":" "},{"index":6,"word":"details","originalText":"details","characterOffsetBegin":1125,"characterOffsetEnd":1132,"pos":"NNS","before":" ","after":""},{"index":7,"word":".","originalText":".","characterOffsetBegin":1132,"characterOffsetEnd":1133,"pos":".","before":"","after":"  "}]},{"index":9,"tokens":[{"index":1,"word":"Scott","originalText":"Scott","characterOffsetBegin":1135,"characterOffsetEnd":1140,"pos":"NNP","before":"  ","after":""},{"index":2,"word":">","originalText":">","characterOffsetBegin":1140,"characterOffsetEnd":1141,"pos":"JJR","before":"","after":""},{"index":3,"word":"Thanks","originalText":"Thanks","characterOffsetBegin":1141,"characterOffsetEnd":1147,"pos":"NNS","before":"","after":" "},{"index":4,"word":"in","originalText":"in","characterOffsetBegin":1148,"characterOffsetEnd":1150,"pos":"IN","before":" ","after":" "},{"index":5,"word":"advance","originalText":"advance","characterOffsetBegin":1151,"characterOffsetEnd":1158,"pos":"NN","before":" ","after":""},{"index":6,"word":">","originalText":">","characterOffsetBegin":1158,"characterOffsetEnd":1159,"pos":"JJR","before":"","after":""},{"index":7,"word":"Ron","originalText":"Ron","characterOffsetBegin":1159,"characterOffsetEnd":1162,"pos":"NNP","before":"","after":""},{"index":8,"word":".","originalText":".","characterOffsetBegin":1162,"characterOffsetEnd":1163,"pos":".","before":"","after":""}]},{"index":10,"tokens":[{"index":1,"word":"--","originalText":"--","characterOffsetBegin":1163,"characterOffsetEnd":1165,"pos":":","before":"","after":" "},{"index":2,"word":"************************************************************************","originalText":"************************************************************************","characterOffsetBegin":1166,"characterOffsetEnd":1238,"pos":"CD","before":" ","after":" "},{"index":3,"word":"Scott","originalText":"Scott","characterOffsetBegin":1239,"characterOffsetEnd":1244,"pos":"NNP","before":" ","after":" "},{"index":4,"word":"Raney","originalText":"Raney","characterOffsetBegin":1245,"characterOffsetEnd":1250,"pos":"NNP","before":" ","after":"  "},{"index":5,"word":"303-447-3936","originalText":"303-447-3936","characterOffsetBegin":1252,"characterOffsetEnd":1264,"pos":"CD","before":"  ","after":"            "},{"index":6,"word":"Remember","originalText":"Remember","characterOffsetBegin":1276,"characterOffsetEnd":1284,"pos":"VB","before":"            ","after":""},{"index":7,"word":":","originalText":":","characterOffsetBegin":1284,"characterOffsetEnd":1285,"pos":":","before":"","after":" "},{"index":8,"word":"the","originalText":"the","characterOffsetBegin":1286,"characterOffsetEnd":1289,"pos":"DT","before":" ","after":" "},{"index":9,"word":"better","originalText":"better","characterOffsetBegin":1290,"characterOffsetEnd":1296,"pos":"JJR","before":" ","after":" "},{"index":10,"word":"you","originalText":"you","characterOffsetBegin":1297,"characterOffsetEnd":1300,"pos":"PRP","before":" ","after":" "},{"index":11,"word":"look","originalText":"look","characterOffsetBegin":1301,"characterOffsetEnd":1305,"pos":"VBP","before":" ","after":""},{"index":12,"word":",","originalText":",","characterOffsetBegin":1305,"characterOffsetEnd":1306,"pos":",","before":"","after":" "},{"index":13,"word":"**","originalText":"**","characterOffsetBegin":1307,"characterOffsetEnd":1309,"pos":"SYM","before":" ","after":" "},{"index":14,"word":"raney@metacard.com","originalText":"raney@metacard.com","characterOffsetBegin":1310,"characterOffsetEnd":1328,"pos":"NNP","before":" ","after":"                   "},{"index":15,"word":"the","originalText":"the","characterOffsetBegin":1347,"characterOffsetEnd":1350,"pos":"DT","before":"                   ","after":" "},{"index":16,"word":"more","originalText":"more","characterOffsetBegin":1351,"characterOffsetEnd":1355,"pos":"RBR","before":" ","after":" "},{"index":17,"word":"you","originalText":"you","characterOffsetBegin":1356,"characterOffsetEnd":1359,"pos":"PRP","before":" ","after":""},{"index":18,"word":"'ll","originalText":"'ll","characterOffsetBegin":1359,"characterOffsetEnd":1362,"pos":"MD","before":"","after":" "},{"index":19,"word":"see","originalText":"see","characterOffsetBegin":1363,"characterOffsetEnd":1366,"pos":"VB","before":" ","after":" "},{"index":20,"word":"--","originalText":"--","characterOffsetBegin":1367,"characterOffsetEnd":1369,"pos":":","before":" ","after":" "},{"index":21,"word":"Lidia","originalText":"Lidia","characterOffsetBegin":1370,"characterOffsetEnd":1375,"pos":"NNP","before":" ","after":"   "},{"index":22,"word":"************************************************************************","originalText":"************************************************************************","characterOffsetBegin":1378,"characterOffsetEnd":1450,"pos":"NNP","before":"   ","after":""}]}]}