{"sentences":[{"index":0,"tokens":[{"index":1,"word":"From","originalText":"From","characterOffsetBegin":0,"characterOffsetEnd":4,"pos":"IN","before":"","after":""},{"index":2,"word":":","originalText":":","characterOffsetBegin":4,"characterOffsetEnd":5,"pos":":","before":"","after":" "},{"index":3,"word":"mahan@TGV.COM","originalText":"mahan@TGV.COM","characterOffsetBegin":6,"characterOffsetEnd":19,"pos":"NN","before":" ","after":" "},{"index":4,"word":"-LRB-","originalText":"(","characterOffsetBegin":20,"characterOffsetEnd":21,"pos":"-LRB-","before":" ","after":""},{"index":5,"word":"Patrick","originalText":"Patrick","characterOffsetBegin":21,"characterOffsetEnd":28,"pos":"NNP","before":"","after":" "},{"index":6,"word":"L.","originalText":"L.","characterOffsetBegin":29,"characterOffsetEnd":31,"pos":"NNP","before":" ","after":" "},{"index":7,"word":"Mahan","originalText":"Mahan","characterOffsetBegin":32,"characterOffsetEnd":37,"pos":"NNP","before":" ","after":""},{"index":8,"word":"-RRB-","originalText":")","characterOffsetBegin":37,"characterOffsetEnd":38,"pos":"-RRB-","before":"","after":""},{"index":9,"word":"Subject","originalText":"Subject","characterOffsetBegin":38,"characterOffsetEnd":45,"pos":"NNP","before":"","after":""},{"index":10,"word":":","originalText":":","characterOffsetBegin":45,"characterOffsetEnd":46,"pos":":","before":"","after":" "},{"index":11,"word":"Re","originalText":"Re","characterOffsetBegin":47,"characterOffsetEnd":49,"pos":"NNP","before":" ","after":""},{"index":12,"word":":","originalText":":","characterOffsetBegin":49,"characterOffsetEnd":50,"pos":":","before":"","after":" "},{"index":13,"word":"need","originalText":"need","characterOffsetBegin":51,"characterOffsetEnd":55,"pos":"VB","before":" ","after":" "},{"index":14,"word":"shading","originalText":"shading","characterOffsetBegin":56,"characterOffsetEnd":63,"pos":"VBG","before":" ","after":" "},{"index":15,"word":"program","originalText":"program","characterOffsetBegin":64,"characterOffsetEnd":71,"pos":"NN","before":" ","after":" "},{"index":16,"word":"example","originalText":"example","characterOffsetBegin":72,"characterOffsetEnd":79,"pos":"NN","before":" ","after":" "},{"index":17,"word":"in","originalText":"in","characterOffsetBegin":80,"characterOffsetEnd":82,"pos":"IN","before":" ","after":" "},{"index":18,"word":"X","originalText":"X","characterOffsetBegin":83,"characterOffsetEnd":84,"pos":"NN","before":" ","after":""},{"index":19,"word":"#","originalText":"#","characterOffsetBegin":84,"characterOffsetEnd":85,"pos":"#","before":"","after":" "},{"index":20,"word":"#","originalText":"#","characterOffsetBegin":86,"characterOffsetEnd":87,"pos":"#","before":" ","after":" "},{"index":21,"word":"I","originalText":"I","characterOffsetBegin":88,"characterOffsetEnd":89,"pos":"PRP","before":" ","after":" "},{"index":22,"word":"think","originalText":"think","characterOffsetBegin":90,"characterOffsetEnd":95,"pos":"VBP","before":" ","after":" "},{"index":23,"word":"the","originalText":"the","characterOffsetBegin":96,"characterOffsetEnd":99,"pos":"DT","before":" ","after":" "},{"index":24,"word":"original","originalText":"original","characterOffsetBegin":100,"characterOffsetEnd":108,"pos":"JJ","before":" ","after":" "},{"index":25,"word":"post","originalText":"post","characterOffsetBegin":109,"characterOffsetEnd":113,"pos":"NN","before":" ","after":" "},{"index":26,"word":"was","originalText":"was","characterOffsetBegin":114,"characterOffsetEnd":117,"pos":"VBD","before":" ","after":" "},{"index":27,"word":"searching","originalText":"searching","characterOffsetBegin":118,"characterOffsetEnd":127,"pos":"VBG","before":" ","after":" "},{"index":28,"word":"for","originalText":"for","characterOffsetBegin":128,"characterOffsetEnd":131,"pos":"IN","before":" ","after":" "},{"index":29,"word":"existing","originalText":"existing","characterOffsetBegin":132,"characterOffsetEnd":140,"pos":"VBG","before":" ","after":" "},{"index":30,"word":"implementations","originalText":"implementations","characterOffsetBegin":141,"characterOffsetEnd":156,"pos":"NNS","before":" ","after":" "},{"index":31,"word":"of","originalText":"of","characterOffsetBegin":157,"characterOffsetEnd":159,"pos":"IN","before":" ","after":""},{"index":32,"word":"#","originalText":"#","characterOffsetBegin":159,"characterOffsetEnd":160,"pos":"#","before":"","after":" "},{"index":33,"word":"f.i.","originalText":"f.i.","characterOffsetBegin":161,"characterOffsetEnd":165,"pos":"FW","before":" ","after":" "},{"index":34,"word":"Gouroud-shading","originalText":"Gouroud-shading","characterOffsetBegin":166,"characterOffsetEnd":181,"pos":"NN","before":" ","after":" "},{"index":35,"word":"of","originalText":"of","characterOffsetBegin":182,"characterOffsetEnd":184,"pos":"IN","before":" ","after":" "},{"index":36,"word":"triangles","originalText":"triangles","characterOffsetBegin":185,"characterOffsetEnd":194,"pos":"NNS","before":" ","after":""},{"index":37,"word":".","originalText":".","characterOffsetBegin":194,"characterOffsetEnd":195,"pos":".","before":"","after":" "}]},{"index":1,"tokens":[{"index":1,"word":"This","originalText":"This","characterOffsetBegin":196,"characterOffsetEnd":200,"pos":"DT","before":" ","after":" "},{"index":2,"word":"is","originalText":"is","characterOffsetBegin":201,"characterOffsetEnd":203,"pos":"VBZ","before":" ","after":" "},{"index":3,"word":"fairly","originalText":"fairly","characterOffsetBegin":204,"characterOffsetEnd":210,"pos":"RB","before":" ","after":" "},{"index":4,"word":"complex","originalText":"complex","characterOffsetBegin":211,"characterOffsetEnd":218,"pos":"JJ","before":" ","after":" "},{"index":5,"word":"to","originalText":"to","characterOffsetBegin":219,"characterOffsetEnd":221,"pos":"TO","before":" ","after":" "},{"index":6,"word":"do","originalText":"do","characterOffsetBegin":222,"characterOffsetEnd":224,"pos":"VB","before":" ","after":" "},{"index":7,"word":"with","originalText":"with","characterOffsetBegin":225,"characterOffsetEnd":229,"pos":"IN","before":" ","after":" "},{"index":8,"word":"plain","originalText":"plain","characterOffsetBegin":230,"characterOffsetEnd":235,"pos":"JJ","before":" ","after":""},{"index":9,"word":"#","originalText":"#","characterOffsetBegin":235,"characterOffsetEnd":236,"pos":"#","before":"","after":" "},{"index":10,"word":"X.","originalText":"X.","characterOffsetBegin":237,"characterOffsetEnd":239,"pos":"NNP","before":" ","after":" "},{"index":11,"word":"Simpler","originalText":"Simpler","characterOffsetBegin":240,"characterOffsetEnd":247,"pos":"NNP","before":" ","after":" "},{"index":12,"word":"shading","originalText":"shading","characterOffsetBegin":248,"characterOffsetEnd":255,"pos":"VBG","before":" ","after":" "},{"index":13,"word":"models","originalText":"models","characterOffsetBegin":256,"characterOffsetEnd":262,"pos":"NNS","before":" ","after":" "},{"index":14,"word":"are","originalText":"are","characterOffsetBegin":263,"characterOffsetEnd":266,"pos":"VBP","before":" ","after":" "},{"index":15,"word":"implemented","originalText":"implemented","characterOffsetBegin":267,"characterOffsetEnd":278,"pos":"VBN","before":" ","after":" "},{"index":16,"word":"already","originalText":"already","characterOffsetBegin":279,"characterOffsetEnd":286,"pos":"RB","before":" ","after":""},{"index":17,"word":",","originalText":",","characterOffsetBegin":286,"characterOffsetEnd":287,"pos":",","before":"","after":" "},{"index":18,"word":"f.i.","originalText":"f.i.","characterOffsetBegin":288,"characterOffsetEnd":292,"pos":"NN","before":" ","after":" "},{"index":19,"word":"in","originalText":"in","characterOffsetBegin":293,"characterOffsetEnd":295,"pos":"IN","before":" ","after":" "},{"index":20,"word":"x3d","originalText":"x3d","characterOffsetBegin":296,"characterOffsetEnd":299,"pos":"NN","before":" ","after":" "},{"index":21,"word":"-LRB-","originalText":"(","characterOffsetBegin":300,"characterOffsetEnd":301,"pos":"-LRB-","before":" ","after":""},{"index":22,"word":"ask","originalText":"ask","characterOffsetBegin":301,"characterOffsetEnd":304,"pos":"VB","before":"","after":" "},{"index":23,"word":"archie","originalText":"archie","characterOffsetBegin":305,"characterOffsetEnd":311,"pos":"NN","before":" ","after":""},{"index":24,"word":"#","originalText":"#","characterOffsetBegin":311,"characterOffsetEnd":312,"pos":"#","before":"","after":" "},{"index":25,"word":"where","originalText":"where","characterOffsetBegin":313,"characterOffsetEnd":318,"pos":"WRB","before":" ","after":" "},{"index":26,"word":"to","originalText":"to","characterOffsetBegin":319,"characterOffsetEnd":321,"pos":"TO","before":" ","after":" "},{"index":27,"word":"get","originalText":"get","characterOffsetBegin":322,"characterOffsetEnd":325,"pos":"VB","before":" ","after":" "},{"index":28,"word":"the","originalText":"the","characterOffsetBegin":326,"characterOffsetEnd":329,"pos":"DT","before":" ","after":" "},{"index":29,"word":"latest","originalText":"latest","characterOffsetBegin":330,"characterOffsetEnd":336,"pos":"JJS","before":" ","after":" "},{"index":30,"word":"version","originalText":"version","characterOffsetBegin":337,"characterOffsetEnd":344,"pos":"NN","before":" ","after":""},{"index":31,"word":"-RRB-","originalText":")","characterOffsetBegin":344,"characterOffsetEnd":345,"pos":"-RRB-","before":"","after":""},{"index":32,"word":".","originalText":".","characterOffsetBegin":345,"characterOffsetEnd":346,"pos":".","before":"","after":""}]},{"index":2,"tokens":[{"index":1,"word":"#","originalText":"#","characterOffsetBegin":346,"characterOffsetEnd":347,"pos":"#","before":"","after":" "},{"index":2,"word":"For","originalText":"For","characterOffsetBegin":348,"characterOffsetEnd":351,"pos":"IN","before":" ","after":" "},{"index":3,"word":"Gouroud","originalText":"Gouroud","characterOffsetBegin":352,"characterOffsetEnd":359,"pos":"NNP","before":" ","after":""},{"index":4,"word":",","originalText":",","characterOffsetBegin":359,"characterOffsetEnd":360,"pos":",","before":"","after":" "},{"index":5,"word":"a","originalText":"a","characterOffsetBegin":361,"characterOffsetEnd":362,"pos":"DT","before":" ","after":" "},{"index":6,"word":"fast","originalText":"fast","characterOffsetBegin":363,"characterOffsetEnd":367,"pos":"JJ","before":" ","after":" "},{"index":7,"word":"implementation","originalText":"implementation","characterOffsetBegin":368,"characterOffsetEnd":382,"pos":"NN","before":" ","after":" "},{"index":8,"word":"will","originalText":"will","characterOffsetBegin":383,"characterOffsetEnd":387,"pos":"MD","before":" ","after":" "},{"index":9,"word":"be","originalText":"be","characterOffsetBegin":388,"characterOffsetEnd":390,"pos":"VB","before":" ","after":" "},{"index":10,"word":"possible","originalText":"possible","characterOffsetBegin":391,"characterOffsetEnd":399,"pos":"JJ","before":" ","after":" "},{"index":11,"word":"utilizing","originalText":"utilizing","characterOffsetBegin":400,"characterOffsetEnd":409,"pos":"VBG","before":" ","after":" "},{"index":12,"word":"some","originalText":"some","characterOffsetBegin":410,"characterOffsetEnd":414,"pos":"DT","before":" ","after":" "},{"index":13,"word":"extension","originalText":"extension","characterOffsetBegin":415,"characterOffsetEnd":424,"pos":"NN","before":" ","after":""},{"index":14,"word":"#","originalText":"#","characterOffsetBegin":424,"characterOffsetEnd":425,"pos":"#","before":"","after":" "},{"index":15,"word":"only","originalText":"only","characterOffsetBegin":426,"characterOffsetEnd":430,"pos":"RB","before":" ","after":""},{"index":16,"word":",","originalText":",","characterOffsetBegin":430,"characterOffsetEnd":431,"pos":",","before":"","after":" "},{"index":17,"word":"either","originalText":"either","characterOffsetBegin":432,"characterOffsetEnd":438,"pos":"CC","before":" ","after":" "},{"index":18,"word":"MIT-SHM","originalText":"MIT-SHM","characterOffsetBegin":439,"characterOffsetEnd":446,"pos":"NN","before":" ","after":" "},{"index":19,"word":"to","originalText":"to","characterOffsetBegin":447,"characterOffsetEnd":449,"pos":"TO","before":" ","after":" "},{"index":20,"word":"do","originalText":"do","characterOffsetBegin":450,"characterOffsetEnd":452,"pos":"VB","before":" ","after":" "},{"index":21,"word":"the","originalText":"the","characterOffsetBegin":453,"characterOffsetEnd":456,"pos":"DT","before":" ","after":" "},{"index":22,"word":"shade","originalText":"shade","characterOffsetBegin":457,"characterOffsetEnd":462,"pos":"NN","before":" ","after":" "},{"index":23,"word":"in","originalText":"in","characterOffsetBegin":463,"characterOffsetEnd":465,"pos":"IN","before":" ","after":" "},{"index":24,"word":"an","originalText":"an","characterOffsetBegin":466,"characterOffsetEnd":468,"pos":"DT","before":" ","after":" "},{"index":25,"word":"image","originalText":"image","characterOffsetBegin":469,"characterOffsetEnd":474,"pos":"NN","before":" ","after":" "},{"index":26,"word":"and","originalText":"and","characterOffsetBegin":475,"characterOffsetEnd":478,"pos":"CC","before":" ","after":" "},{"index":27,"word":"fast","originalText":"fast","characterOffsetBegin":479,"characterOffsetEnd":483,"pos":"JJ","before":" ","after":" "},{"index":28,"word":"update","originalText":"update","characterOffsetBegin":484,"characterOffsetEnd":490,"pos":"VBP","before":" ","after":" "},{"index":29,"word":"the","originalText":"the","characterOffsetBegin":491,"characterOffsetEnd":494,"pos":"DT","before":" ","after":" "},{"index":30,"word":"window","originalText":"window","characterOffsetBegin":495,"characterOffsetEnd":501,"pos":"NN","before":" ","after":""},{"index":31,"word":"#","originalText":"#","characterOffsetBegin":501,"characterOffsetEnd":502,"pos":"#","before":"","after":" "},{"index":32,"word":"with","originalText":"with","characterOffsetBegin":503,"characterOffsetEnd":507,"pos":"IN","before":" ","after":" "},{"index":33,"word":"it","originalText":"it","characterOffsetBegin":508,"characterOffsetEnd":510,"pos":"PRP","before":" ","after":""},{"index":34,"word":",","originalText":",","characterOffsetBegin":510,"characterOffsetEnd":511,"pos":",","before":"","after":" "},{"index":35,"word":"or","originalText":"or","characterOffsetBegin":512,"characterOffsetEnd":514,"pos":"CC","before":" ","after":" "},{"index":36,"word":"PEX/OpenGL","originalText":"PEX/OpenGL","characterOffsetBegin":515,"characterOffsetEnd":525,"pos":"NN","before":" ","after":" "},{"index":37,"word":"which","originalText":"which","characterOffsetBegin":526,"characterOffsetEnd":531,"pos":"WDT","before":" ","after":" "},{"index":38,"word":"should","originalText":"should","characterOffsetBegin":532,"characterOffsetEnd":538,"pos":"MD","before":" ","after":" "},{"index":39,"word":"be","originalText":"be","characterOffsetBegin":539,"characterOffsetEnd":541,"pos":"VB","before":" ","after":" "},{"index":40,"word":"able","originalText":"able","characterOffsetBegin":542,"characterOffsetEnd":546,"pos":"JJ","before":" ","after":" "},{"index":41,"word":"to","originalText":"to","characterOffsetBegin":547,"characterOffsetEnd":549,"pos":"TO","before":" ","after":" "},{"index":42,"word":"shade","originalText":"shade","characterOffsetBegin":550,"characterOffsetEnd":555,"pos":"NN","before":" ","after":" "},{"index":43,"word":"themselves","originalText":"themselves","characterOffsetBegin":556,"characterOffsetEnd":566,"pos":"PRP","before":" ","after":""},{"index":44,"word":".","originalText":".","characterOffsetBegin":566,"characterOffsetEnd":567,"pos":".","before":"","after":" "}]},{"index":3,"tokens":[{"index":1,"word":"The","originalText":"The","characterOffsetBegin":568,"characterOffsetEnd":571,"pos":"DT","before":" ","after":" "},{"index":2,"word":"portable","originalText":"portable","characterOffsetBegin":572,"characterOffsetEnd":580,"pos":"JJ","before":" ","after":""},{"index":3,"word":"#","originalText":"#","characterOffsetBegin":580,"characterOffsetEnd":581,"pos":"#","before":"","after":" "},{"index":4,"word":"`","originalText":"'","characterOffsetBegin":582,"characterOffsetEnd":583,"pos":"``","before":" ","after":""},{"index":5,"word":"vanilla","originalText":"vanilla","characterOffsetBegin":583,"characterOffsetEnd":590,"pos":"NN","before":"","after":" "},{"index":6,"word":"X","originalText":"X","characterOffsetBegin":591,"characterOffsetEnd":592,"pos":"NN","before":" ","after":""},{"index":7,"word":"'","originalText":"'","characterOffsetBegin":592,"characterOffsetEnd":593,"pos":"''","before":"","after":" "},{"index":8,"word":"way","originalText":"way","characterOffsetBegin":594,"characterOffsetEnd":597,"pos":"NN","before":" ","after":" "},{"index":9,"word":"would","originalText":"would","characterOffsetBegin":598,"characterOffsetEnd":603,"pos":"MD","before":" ","after":" "},{"index":10,"word":"be","originalText":"be","characterOffsetBegin":604,"characterOffsetEnd":606,"pos":"VB","before":" ","after":" "},{"index":11,"word":"to","originalText":"to","characterOffsetBegin":607,"characterOffsetEnd":609,"pos":"TO","before":" ","after":" "},{"index":12,"word":"shade","originalText":"shade","characterOffsetBegin":610,"characterOffsetEnd":615,"pos":"NN","before":" ","after":" "},{"index":13,"word":"in","originalText":"in","characterOffsetBegin":616,"characterOffsetEnd":618,"pos":"IN","before":" ","after":" "},{"index":14,"word":"a","originalText":"a","characterOffsetBegin":619,"characterOffsetEnd":620,"pos":"DT","before":" ","after":" "},{"index":15,"word":"normal","originalText":"normal","characterOffsetBegin":621,"characterOffsetEnd":627,"pos":"JJ","before":" ","after":" "},{"index":16,"word":"XImage","originalText":"XImage","characterOffsetBegin":628,"characterOffsetEnd":634,"pos":"NN","before":" ","after":" "},{"index":17,"word":"and","originalText":"and","characterOffsetBegin":635,"characterOffsetEnd":638,"pos":"CC","before":" ","after":" "},{"index":18,"word":"use","originalText":"use","characterOffsetBegin":639,"characterOffsetEnd":642,"pos":"NN","before":" ","after":" "},{"index":19,"word":"XPutImage","originalText":"XPutImage","characterOffsetBegin":643,"characterOffsetEnd":652,"pos":"NN","before":" ","after":""},{"index":20,"word":"-LRB-","originalText":"(","characterOffsetBegin":652,"characterOffsetEnd":653,"pos":"-LRB-","before":"","after":""},{"index":21,"word":"-RRB-","originalText":")","characterOffsetBegin":653,"characterOffsetEnd":654,"pos":"-RRB-","before":"","after":""},{"index":22,"word":",","originalText":",","characterOffsetBegin":654,"characterOffsetEnd":655,"pos":",","before":"","after":""},{"index":23,"word":"#","originalText":"#","characterOffsetBegin":655,"characterOffsetEnd":656,"pos":"#","before":"","after":" "},{"index":24,"word":"what","originalText":"what","characterOffsetBegin":657,"characterOffsetEnd":661,"pos":"WP","before":" ","after":" "},{"index":25,"word":"would","originalText":"would","characterOffsetBegin":662,"characterOffsetEnd":667,"pos":"MD","before":" ","after":" "},{"index":26,"word":"be","originalText":"be","characterOffsetBegin":668,"characterOffsetEnd":670,"pos":"VB","before":" ","after":" "},{"index":27,"word":"good","originalText":"good","characterOffsetBegin":671,"characterOffsetEnd":675,"pos":"JJ","before":" ","after":" "},{"index":28,"word":"enough","originalText":"enough","characterOffsetBegin":676,"characterOffsetEnd":682,"pos":"RB","before":" ","after":" "},{"index":29,"word":"to","originalText":"to","characterOffsetBegin":683,"characterOffsetEnd":685,"pos":"TO","before":" ","after":" "},{"index":30,"word":"do","originalText":"do","characterOffsetBegin":686,"characterOffsetEnd":688,"pos":"VB","before":" ","after":" "},{"index":31,"word":"static","originalText":"static","characterOffsetBegin":689,"characterOffsetEnd":695,"pos":"JJ","before":" ","after":" "},{"index":32,"word":"things","originalText":"things","characterOffsetBegin":696,"characterOffsetEnd":702,"pos":"NNS","before":" ","after":" "},{"index":33,"word":"as","originalText":"as","characterOffsetBegin":703,"characterOffsetEnd":705,"pos":"IN","before":" ","after":" "},{"index":34,"word":"f.i.","originalText":"f.i.","characterOffsetBegin":706,"characterOffsetEnd":710,"pos":"JJ","before":" ","after":" "},{"index":35,"word":"fractal","originalText":"fractal","characterOffsetBegin":711,"characterOffsetEnd":718,"pos":"JJ","before":" ","after":" "},{"index":36,"word":"landscapes","originalText":"landscapes","characterOffsetBegin":719,"characterOffsetEnd":729,"pos":"NNS","before":" ","after":""},{"index":37,"word":"#","originalText":"#","characterOffsetBegin":729,"characterOffsetEnd":730,"pos":"#","before":"","after":" "},{"index":38,"word":"or","originalText":"or","characterOffsetBegin":731,"characterOffsetEnd":733,"pos":"CC","before":" ","after":" "},{"index":39,"word":"such","originalText":"such","characterOffsetBegin":734,"characterOffsetEnd":738,"pos":"JJ","before":" ","after":" "},{"index":40,"word":"stuff","originalText":"stuff","characterOffsetBegin":739,"characterOffsetEnd":744,"pos":"NN","before":" ","after":""},{"index":41,"word":".","originalText":".","characterOffsetBegin":744,"characterOffsetEnd":745,"pos":".","before":"","after":""}]},{"index":4,"tokens":[{"index":1,"word":"#","originalText":"#","characterOffsetBegin":745,"characterOffsetEnd":746,"pos":"#","before":"","after":" "},{"index":2,"word":"#","originalText":"#","characterOffsetBegin":747,"characterOffsetEnd":748,"pos":"#","before":" ","after":" "},{"index":3,"word":"To","originalText":"To","characterOffsetBegin":749,"characterOffsetEnd":751,"pos":"TO","before":" ","after":" "},{"index":4,"word":"speak","originalText":"speak","characterOffsetBegin":752,"characterOffsetEnd":757,"pos":"VB","before":" ","after":" "},{"index":5,"word":"about","originalText":"about","characterOffsetBegin":758,"characterOffsetEnd":763,"pos":"IN","before":" ","after":" "},{"index":6,"word":"POVRay","originalText":"POVRay","characterOffsetBegin":764,"characterOffsetEnd":770,"pos":"NN","before":" ","after":""},{"index":7,"word":",","originalText":",","characterOffsetBegin":770,"characterOffsetEnd":771,"pos":",","before":"","after":" "},{"index":8,"word":"the","originalText":"the","characterOffsetBegin":772,"characterOffsetEnd":775,"pos":"DT","before":" ","after":" "},{"index":9,"word":"X","originalText":"X","characterOffsetBegin":776,"characterOffsetEnd":777,"pos":"NN","before":" ","after":" "},{"index":10,"word":"previewer","originalText":"previewer","characterOffsetBegin":778,"characterOffsetEnd":787,"pos":"NN","before":" ","after":" "},{"index":11,"word":"that","originalText":"that","characterOffsetBegin":788,"characterOffsetEnd":792,"pos":"WDT","before":" ","after":" "},{"index":12,"word":"comes","originalText":"comes","characterOffsetBegin":793,"characterOffsetEnd":798,"pos":"VBZ","before":" ","after":" "},{"index":13,"word":"with","originalText":"with","characterOffsetBegin":799,"characterOffsetEnd":803,"pos":"IN","before":" ","after":" "},{"index":14,"word":"the","originalText":"the","characterOffsetBegin":804,"characterOffsetEnd":807,"pos":"DT","before":" ","after":" "},{"index":15,"word":"original","originalText":"original","characterOffsetBegin":808,"characterOffsetEnd":816,"pos":"JJ","before":" ","after":" "},{"index":16,"word":"source","originalText":"source","characterOffsetBegin":817,"characterOffsetEnd":823,"pos":"NN","before":" ","after":""},{"index":17,"word":"#","originalText":"#","characterOffsetBegin":823,"characterOffsetEnd":824,"pos":"#","before":"","after":" "},{"index":18,"word":"package","originalText":"package","characterOffsetBegin":825,"characterOffsetEnd":832,"pos":"NN","before":" ","after":" "},{"index":19,"word":"is","originalText":"is","characterOffsetBegin":833,"characterOffsetEnd":835,"pos":"VBZ","before":" ","after":" "},{"index":20,"word":"not","originalText":"not","characterOffsetBegin":836,"characterOffsetEnd":839,"pos":"RB","before":" ","after":" "},{"index":21,"word":"that","originalText":"that","characterOffsetBegin":840,"characterOffsetEnd":844,"pos":"DT","before":" ","after":" "},{"index":22,"word":"good","originalText":"good","characterOffsetBegin":845,"characterOffsetEnd":849,"pos":"JJ","before":" ","after":""},{"index":23,"word":",","originalText":",","characterOffsetBegin":849,"characterOffsetEnd":850,"pos":",","before":"","after":" "},{"index":24,"word":"especially","originalText":"especially","characterOffsetBegin":851,"characterOffsetEnd":861,"pos":"RB","before":" ","after":" "},{"index":25,"word":"in","originalText":"in","characterOffsetBegin":862,"characterOffsetEnd":864,"pos":"IN","before":" ","after":" "},{"index":26,"word":"speed","originalText":"speed","characterOffsetBegin":865,"characterOffsetEnd":870,"pos":"NN","before":" ","after":""},{"index":27,"word":",","originalText":",","characterOffsetBegin":870,"characterOffsetEnd":871,"pos":",","before":"","after":" "},{"index":28,"word":"protocol-friendlyness","originalText":"protocol-friendlyness","characterOffsetBegin":872,"characterOffsetEnd":893,"pos":"NN","before":" ","after":" "},{"index":29,"word":"and","originalText":"and","characterOffsetBegin":894,"characterOffsetEnd":897,"pos":"CC","before":" ","after":""},{"index":30,"word":"#","originalText":"#","characterOffsetBegin":897,"characterOffsetEnd":898,"pos":"#","before":"","after":" "},{"index":31,"word":"ICCCM","originalText":"ICCCM","characterOffsetBegin":899,"characterOffsetEnd":904,"pos":"NNP","before":" ","after":" "},{"index":32,"word":"compliance","originalText":"compliance","characterOffsetBegin":905,"characterOffsetEnd":915,"pos":"NN","before":" ","after":""},{"index":33,"word":".","originalText":".","characterOffsetBegin":915,"characterOffsetEnd":916,"pos":".","before":"","after":" "}]},{"index":5,"tokens":[{"index":1,"word":"Have","originalText":"Have","characterOffsetBegin":917,"characterOffsetEnd":921,"pos":"VBP","before":" ","after":" "},{"index":2,"word":"a","originalText":"a","characterOffsetBegin":922,"characterOffsetEnd":923,"pos":"DT","before":" ","after":" "},{"index":3,"word":"look","originalText":"look","characterOffsetBegin":924,"characterOffsetEnd":928,"pos":"NN","before":" ","after":" "},{"index":4,"word":"on","originalText":"on","characterOffsetBegin":929,"characterOffsetEnd":931,"pos":"IN","before":" ","after":" "},{"index":5,"word":"x256q","originalText":"x256q","characterOffsetBegin":932,"characterOffsetEnd":937,"pos":"NN","before":" ","after":""},{"index":6,"word":",","originalText":",","characterOffsetBegin":937,"characterOffsetEnd":938,"pos":",","before":"","after":" "},{"index":7,"word":"my","originalText":"my","characterOffsetBegin":939,"characterOffsetEnd":941,"pos":"PRP$","before":" ","after":" "},{"index":8,"word":"own","originalText":"own","characterOffsetBegin":942,"characterOffsetEnd":945,"pos":"JJ","before":" ","after":" "},{"index":9,"word":"preview","originalText":"preview","characterOffsetBegin":946,"characterOffsetEnd":953,"pos":"NN","before":" ","after":" "},{"index":10,"word":"code","originalText":"code","characterOffsetBegin":954,"characterOffsetEnd":958,"pos":"NN","before":" ","after":""},{"index":11,"word":".","originalText":".","characterOffsetBegin":958,"characterOffsetEnd":959,"pos":".","before":"","after":" "}]},{"index":6,"tokens":[{"index":1,"word":"It","originalText":"It","characterOffsetBegin":960,"characterOffsetEnd":962,"pos":"PRP","before":" ","after":" "},{"index":2,"word":"is","originalText":"is","characterOffsetBegin":963,"characterOffsetEnd":965,"pos":"VBZ","before":" ","after":" "},{"index":3,"word":"on","originalText":"on","characterOffsetBegin":966,"characterOffsetEnd":968,"pos":"IN","before":" ","after":""},{"index":4,"word":"#","originalText":"#","characterOffsetBegin":968,"characterOffsetEnd":969,"pos":"#","before":"","after":" "},{"index":5,"word":"#","originalText":"#","characterOffsetBegin":970,"characterOffsetEnd":971,"pos":"#","before":" ","after":" "},{"index":6,"word":"141.76.1.11","originalText":"141.76.1.11","characterOffsetBegin":972,"characterOffsetEnd":983,"pos":"CD","before":" ","after":""},{"index":7,"word":":","originalText":":","characterOffsetBegin":983,"characterOffsetEnd":984,"pos":":","before":"","after":""},{"index":8,"word":"pub/gfx/ray","originalText":"pub/gfx/ray","characterOffsetBegin":984,"characterOffsetEnd":995,"pos":"NN","before":"","after":""},{"index":9,"word":"/","originalText":"/","characterOffsetBegin":995,"characterOffsetEnd":996,"pos":":","before":"","after":""},{"index":10,"word":"misc/x256q","originalText":"misc/x256q","characterOffsetBegin":996,"characterOffsetEnd":1006,"pos":"NN","before":"","after":""},{"index":11,"word":"/","originalText":"/","characterOffsetBegin":1006,"characterOffsetEnd":1007,"pos":":","before":"","after":""},{"index":12,"word":"#","originalText":"#","characterOffsetBegin":1007,"characterOffsetEnd":1008,"pos":"#","before":"","after":" "},{"index":13,"word":"#","originalText":"#","characterOffsetBegin":1009,"characterOffsetEnd":1010,"pos":"#","before":" ","after":" "},{"index":14,"word":"The","originalText":"The","characterOffsetBegin":1011,"characterOffsetEnd":1014,"pos":"DT","before":" ","after":" "},{"index":15,"word":"README","originalText":"README","characterOffsetBegin":1015,"characterOffsetEnd":1021,"pos":"NNP","before":" ","after":" "},{"index":16,"word":"states","originalText":"states","characterOffsetBegin":1022,"characterOffsetEnd":1028,"pos":"VBZ","before":" ","after":" "},{"index":17,"word":"the","originalText":"the","characterOffsetBegin":1029,"characterOffsetEnd":1032,"pos":"DT","before":" ","after":" "},{"index":18,"word":"points","originalText":"points","characterOffsetBegin":1033,"characterOffsetEnd":1039,"pos":"NNS","before":" ","after":" "},{"index":19,"word":"where","originalText":"where","characterOffsetBegin":1040,"characterOffsetEnd":1045,"pos":"WRB","before":" ","after":" "},{"index":20,"word":"it","originalText":"it","characterOffsetBegin":1046,"characterOffsetEnd":1048,"pos":"PRP","before":" ","after":" "},{"index":21,"word":"is","originalText":"is","characterOffsetBegin":1049,"characterOffsetEnd":1051,"pos":"VBZ","before":" ","after":" "},{"index":22,"word":"better","originalText":"better","characterOffsetBegin":1052,"characterOffsetEnd":1058,"pos":"JJR","before":" ","after":" "},{"index":23,"word":"than","originalText":"than","characterOffsetBegin":1059,"characterOffsetEnd":1063,"pos":"IN","before":" ","after":" "},{"index":24,"word":"xwindow.c","originalText":"xwindow.c","characterOffsetBegin":1064,"characterOffsetEnd":1073,"pos":"CD","before":" ","after":" "},{"index":25,"word":"from","originalText":"from","characterOffsetBegin":1074,"characterOffsetEnd":1078,"pos":"IN","before":" ","after":""},{"index":26,"word":"#","originalText":"#","characterOffsetBegin":1078,"characterOffsetEnd":1079,"pos":"#","before":"","after":" "},{"index":27,"word":"POVRay","originalText":"POVRay","characterOffsetBegin":1080,"characterOffsetEnd":1086,"pos":"NN","before":" ","after":" "},{"index":28,"word":"1.0","originalText":"1.0","characterOffsetBegin":1087,"characterOffsetEnd":1090,"pos":"CD","before":" ","after":""},{"index":29,"word":"#","originalText":"#","characterOffsetBegin":1090,"characterOffsetEnd":1091,"pos":"#","before":"","after":" "},{"index":30,"word":"The","originalText":"The","characterOffsetBegin":1092,"characterOffsetEnd":1095,"pos":"DT","before":" ","after":" "},{"index":31,"word":"version","originalText":"version","characterOffsetBegin":1096,"characterOffsetEnd":1103,"pos":"NN","before":" ","after":" "},{"index":32,"word":"I","originalText":"I","characterOffsetBegin":1104,"characterOffsetEnd":1105,"pos":"PRP","before":" ","after":" "},{"index":33,"word":"have","originalText":"have","characterOffsetBegin":1106,"characterOffsetEnd":1110,"pos":"VBP","before":" ","after":" "},{"index":34,"word":"is","originalText":"is","characterOffsetBegin":1111,"characterOffsetEnd":1113,"pos":"VBZ","before":" ","after":" "},{"index":35,"word":"using","originalText":"using","characterOffsetBegin":1114,"characterOffsetEnd":1119,"pos":"VBG","before":" ","after":" "},{"index":36,"word":"the","originalText":"the","characterOffsetBegin":1120,"characterOffsetEnd":1123,"pos":"DT","before":" ","after":" "},{"index":37,"word":"x256q","originalText":"x256q","characterOffsetBegin":1124,"characterOffsetEnd":1129,"pos":"NN","before":" ","after":" "},{"index":38,"word":"code","originalText":"code","characterOffsetBegin":1130,"characterOffsetEnd":1134,"pos":"NN","before":" ","after":" "},{"index":39,"word":"instead","originalText":"instead","characterOffsetBegin":1135,"characterOffsetEnd":1142,"pos":"RB","before":" ","after":" "},{"index":40,"word":"of","originalText":"of","characterOffsetBegin":1143,"characterOffsetEnd":1145,"pos":"IN","before":" ","after":" "},{"index":41,"word":"the","originalText":"the","characterOffsetBegin":1146,"characterOffsetEnd":1149,"pos":"DT","before":" ","after":" "},{"index":42,"word":"default","originalText":"default","characterOffsetBegin":1150,"characterOffsetEnd":1157,"pos":"NN","before":" ","after":" "},{"index":43,"word":"X","originalText":"X","characterOffsetBegin":1158,"characterOffsetEnd":1159,"pos":"NN","before":" ","after":" "},{"index":44,"word":"Windowscode","originalText":"Windowscode","characterOffsetBegin":1160,"characterOffsetEnd":1171,"pos":"NN","before":" ","after":""},{"index":45,"word":".","originalText":".","characterOffsetBegin":1171,"characterOffsetEnd":1172,"pos":".","before":"","after":"  "}]},{"index":7,"tokens":[{"index":1,"word":"I","originalText":"I","characterOffsetBegin":1174,"characterOffsetEnd":1175,"pos":"PRP","before":"  ","after":" "},{"index":2,"word":"have","originalText":"have","characterOffsetBegin":1176,"characterOffsetEnd":1180,"pos":"VBP","before":" ","after":" "},{"index":3,"word":"it","originalText":"it","characterOffsetBegin":1181,"characterOffsetEnd":1183,"pos":"PRP","before":" ","after":" "},{"index":4,"word":"currently","originalText":"currently","characterOffsetBegin":1184,"characterOffsetEnd":1193,"pos":"RB","before":" ","after":" "},{"index":5,"word":"running","originalText":"running","characterOffsetBegin":1194,"characterOffsetEnd":1201,"pos":"VBG","before":" ","after":" "},{"index":6,"word":"on","originalText":"on","characterOffsetBegin":1202,"characterOffsetEnd":1204,"pos":"IN","before":" ","after":" "},{"index":7,"word":"a","originalText":"a","characterOffsetBegin":1205,"characterOffsetEnd":1206,"pos":"DT","before":" ","after":" "},{"index":8,"word":"DEC","originalText":"DEC","characterOffsetBegin":1207,"characterOffsetEnd":1210,"pos":"NNP","before":" ","after":" "},{"index":9,"word":"Alpha","originalText":"Alpha","characterOffsetBegin":1211,"characterOffsetEnd":1216,"pos":"NNP","before":" ","after":" "},{"index":10,"word":"running","originalText":"running","characterOffsetBegin":1217,"characterOffsetEnd":1224,"pos":"VBG","before":" ","after":" "},{"index":11,"word":"OpenVMS","originalText":"OpenVMS","characterOffsetBegin":1225,"characterOffsetEnd":1232,"pos":"NN","before":" ","after":" "},{"index":12,"word":"AXP","originalText":"AXP","characterOffsetBegin":1233,"characterOffsetEnd":1236,"pos":"NN","before":" ","after":" "},{"index":13,"word":"andso","originalText":"andso","characterOffsetBegin":1237,"characterOffsetEnd":1242,"pos":"NN","before":" ","after":" "},{"index":14,"word":"far","originalText":"far","characterOffsetBegin":1243,"characterOffsetEnd":1246,"pos":"RB","before":" ","after":" "},{"index":15,"word":"have","originalText":"have","characterOffsetBegin":1247,"characterOffsetEnd":1251,"pos":"VBP","before":" ","after":" "},{"index":16,"word":"been","originalText":"been","characterOffsetBegin":1252,"characterOffsetEnd":1256,"pos":"VBN","before":" ","after":" "},{"index":17,"word":"pretty","originalText":"pretty","characterOffsetBegin":1257,"characterOffsetEnd":1263,"pos":"RB","before":" ","after":" "},{"index":18,"word":"impressed","originalText":"impressed","characterOffsetBegin":1264,"characterOffsetEnd":1273,"pos":"JJ","before":" ","after":""},{"index":19,"word":".","originalText":".","characterOffsetBegin":1273,"characterOffsetEnd":1274,"pos":".","before":"","after":"  "}]},{"index":8,"tokens":[{"index":1,"word":"The","originalText":"The","characterOffsetBegin":1276,"characterOffsetEnd":1279,"pos":"DT","before":"  ","after":" "},{"index":2,"word":"only","originalText":"only","characterOffsetBegin":1280,"characterOffsetEnd":1284,"pos":"JJ","before":" ","after":" "},{"index":3,"word":"``","originalText":"\"","characterOffsetBegin":1285,"characterOffsetEnd":1286,"pos":"``","before":" ","after":""},{"index":4,"word":"side-effect","originalText":"side-effect","characterOffsetBegin":1286,"characterOffsetEnd":1297,"pos":"NN","before":"","after":""},{"index":5,"word":"''","originalText":"\"","characterOffsetBegin":1297,"characterOffsetEnd":1298,"pos":"''","before":"","after":" "},{"index":6,"word":"of","originalText":"of","characterOffsetBegin":1299,"characterOffsetEnd":1301,"pos":"IN","before":" ","after":" "},{"index":7,"word":"x256q","originalText":"x256q","characterOffsetBegin":1302,"characterOffsetEnd":1307,"pos":"NN","before":" ","after":" "},{"index":8,"word":"is","originalText":"is","characterOffsetBegin":1308,"characterOffsetEnd":1310,"pos":"VBZ","before":" ","after":" "},{"index":9,"word":"thatit","originalText":"thatit","characterOffsetBegin":1311,"characterOffsetEnd":1317,"pos":"NN","before":" ","after":" "},{"index":10,"word":"requires","originalText":"requires","characterOffsetBegin":1318,"characterOffsetEnd":1326,"pos":"VBZ","before":" ","after":" "},{"index":11,"word":"xstdcmap","originalText":"xstdcmap","characterOffsetBegin":1327,"characterOffsetEnd":1335,"pos":"NN","before":" ","after":" "},{"index":12,"word":"-","originalText":"-","characterOffsetBegin":1336,"characterOffsetEnd":1337,"pos":":","before":" ","after":""},{"index":13,"word":"best","originalText":"best","characterOffsetBegin":1337,"characterOffsetEnd":1341,"pos":"JJS","before":"","after":" "},{"index":14,"word":"be","originalText":"be","characterOffsetBegin":1342,"characterOffsetEnd":1344,"pos":"VB","before":" ","after":" "},{"index":15,"word":"run","originalText":"run","characterOffsetBegin":1345,"characterOffsetEnd":1348,"pos":"VBN","before":" ","after":" "},{"index":16,"word":"before","originalText":"before","characterOffsetBegin":1349,"characterOffsetEnd":1355,"pos":"IN","before":" ","after":" "},{"index":17,"word":"it","originalText":"it","characterOffsetBegin":1356,"characterOffsetEnd":1358,"pos":"PRP","before":" ","after":" "},{"index":18,"word":"will","originalText":"will","characterOffsetBegin":1359,"characterOffsetEnd":1363,"pos":"MD","before":" ","after":" "},{"index":19,"word":"work","originalText":"work","characterOffsetBegin":1364,"characterOffsetEnd":1368,"pos":"VB","before":" ","after":""},{"index":20,"word":",","originalText":",","characterOffsetBegin":1368,"characterOffsetEnd":1369,"pos":",","before":"","after":" "},{"index":21,"word":"annoyning","originalText":"annoyning","characterOffsetBegin":1370,"characterOffsetEnd":1379,"pos":"VBG","before":" ","after":" "},{"index":22,"word":"but","originalText":"but","characterOffsetBegin":1380,"characterOffsetEnd":1383,"pos":"CC","before":" ","after":" "},{"index":23,"word":"not","originalText":"not","characterOffsetBegin":1384,"characterOffsetEnd":1387,"pos":"RB","before":" ","after":" "},{"index":24,"word":"ashow","originalText":"ashow","characterOffsetBegin":1388,"characterOffsetEnd":1393,"pos":"VB","before":" ","after":" "},{"index":25,"word":"stopper.Patrick","originalText":"stopper.Patrick","characterOffsetBegin":1394,"characterOffsetEnd":1409,"pos":"NNP","before":" ","after":" "},{"index":26,"word":"L.","originalText":"L.","characterOffsetBegin":1410,"characterOffsetEnd":1412,"pos":"NNP","before":" ","after":" "},{"index":27,"word":"Mahan","originalText":"Mahan","characterOffsetBegin":1413,"characterOffsetEnd":1418,"pos":"NNP","before":" ","after":""},{"index":28,"word":"--","originalText":"---","characterOffsetBegin":1418,"characterOffsetEnd":1421,"pos":":","before":"","after":" "},{"index":29,"word":"TGV","originalText":"TGV","characterOffsetBegin":1422,"characterOffsetEnd":1425,"pos":"NNP","before":" ","after":" "},{"index":30,"word":"Window","originalText":"Window","characterOffsetBegin":1426,"characterOffsetEnd":1432,"pos":"NNP","before":" ","after":" "},{"index":31,"word":"Washer","originalText":"Washer","characterOffsetBegin":1433,"characterOffsetEnd":1439,"pos":"NNP","before":" ","after":" "},{"index":32,"word":"-------------------------------","originalText":"-------------------------------","characterOffsetBegin":1440,"characterOffsetEnd":1471,"pos":"CD","before":" ","after":" "},{"index":33,"word":"Mahan@TGV.COM","originalText":"Mahan@TGV.COM","characterOffsetBegin":1472,"characterOffsetEnd":1485,"pos":"NNP","before":" ","after":" "},{"index":34,"word":"---------","originalText":"---------","characterOffsetBegin":1486,"characterOffsetEnd":1495,"pos":"CD","before":" ","after":""},{"index":35,"word":"Waking","originalText":"Waking","characterOffsetBegin":1495,"characterOffsetEnd":1501,"pos":"VBG","before":"","after":" "},{"index":36,"word":"a","originalText":"a","characterOffsetBegin":1502,"characterOffsetEnd":1503,"pos":"DT","before":" ","after":" "},{"index":37,"word":"person","originalText":"person","characterOffsetBegin":1504,"characterOffsetEnd":1510,"pos":"NN","before":" ","after":" "},{"index":38,"word":"unnecessarily","originalText":"unnecessarily","characterOffsetBegin":1511,"characterOffsetEnd":1524,"pos":"RB","before":" ","after":" "},{"index":39,"word":"should","originalText":"should","characterOffsetBegin":1525,"characterOffsetEnd":1531,"pos":"MD","before":" ","after":" "},{"index":40,"word":"not","originalText":"not","characterOffsetBegin":1532,"characterOffsetEnd":1535,"pos":"RB","before":" ","after":" "},{"index":41,"word":"be","originalText":"be","characterOffsetBegin":1536,"characterOffsetEnd":1538,"pos":"VB","before":" ","after":" "},{"index":42,"word":"considered","originalText":"considered","characterOffsetBegin":1539,"characterOffsetEnd":1549,"pos":"VBN","before":" ","after":"  "},{"index":43,"word":"-","originalText":"-","characterOffsetBegin":1551,"characterOffsetEnd":1552,"pos":":","before":"  ","after":" "},{"index":44,"word":"Lazarus","originalText":"Lazarus","characterOffsetBegin":1553,"characterOffsetEnd":1560,"pos":"NNP","before":" ","after":" "},{"index":45,"word":"Longa","originalText":"Longa","characterOffsetBegin":1561,"characterOffsetEnd":1566,"pos":"NNP","before":" ","after":" "},{"index":46,"word":"capital","originalText":"capital","characterOffsetBegin":1567,"characterOffsetEnd":1574,"pos":"NN","before":" ","after":" "},{"index":47,"word":"crime","originalText":"crime","characterOffsetBegin":1575,"characterOffsetEnd":1580,"pos":"NN","before":" ","after":""},{"index":48,"word":".","originalText":".","characterOffsetBegin":1580,"characterOffsetEnd":1581,"pos":".","before":"","after":"  "}]},{"index":9,"tokens":[{"index":1,"word":"For","originalText":"For","characterOffsetBegin":1583,"characterOffsetEnd":1586,"pos":"IN","before":"  ","after":" "},{"index":2,"word":"a","originalText":"a","characterOffsetBegin":1587,"characterOffsetEnd":1588,"pos":"DT","before":" ","after":" "},{"index":3,"word":"first","originalText":"first","characterOffsetBegin":1589,"characterOffsetEnd":1594,"pos":"JJ","before":" ","after":" "},{"index":4,"word":"offense","originalText":"offense","characterOffsetBegin":1595,"characterOffsetEnd":1602,"pos":"NN","before":" ","after":""},{"index":5,"word":",","originalText":",","characterOffsetBegin":1602,"characterOffsetEnd":1603,"pos":",","before":"","after":" "},{"index":6,"word":"that","originalText":"that","characterOffsetBegin":1604,"characterOffsetEnd":1608,"pos":"WDT","before":" ","after":" "},{"index":7,"word":"is","originalText":"is","characterOffsetBegin":1609,"characterOffsetEnd":1611,"pos":"VBZ","before":" ","after":"            "},{"index":8,"word":"From","originalText":"From","characterOffsetBegin":1623,"characterOffsetEnd":1627,"pos":"IN","before":"            ","after":" "},{"index":9,"word":"the","originalText":"the","characterOffsetBegin":1628,"characterOffsetEnd":1631,"pos":"DT","before":" ","after":" "},{"index":10,"word":"Notebooks","originalText":"Notebooks","characterOffsetBegin":1632,"characterOffsetEnd":1641,"pos":"NNPS","before":" ","after":" "},{"index":11,"word":"of","originalText":"of","characterOffsetBegin":1642,"characterOffsetEnd":1644,"pos":"IN","before":" ","after":"\t\t\t\t\t\t\t  "},{"index":12,"word":"Lazarus","originalText":"Lazarus","characterOffsetBegin":1653,"characterOffsetEnd":1660,"pos":"NNP","before":"\t\t\t\t\t\t\t  ","after":" "},{"index":13,"word":"Long","originalText":"Long","characterOffsetBegin":1661,"characterOffsetEnd":1665,"pos":"NNP","before":" ","after":""}]}]}