{"sentences":[{"index":0,"tokens":[{"index":1,"word":"From","originalText":"From","characterOffsetBegin":0,"characterOffsetEnd":4,"pos":"IN","before":"","after":""},{"index":2,"word":":","originalText":":","characterOffsetBegin":4,"characterOffsetEnd":5,"pos":":","before":"","after":" "},{"index":3,"word":"mahan@TGV.COM","originalText":"mahan@TGV.COM","characterOffsetBegin":6,"characterOffsetEnd":19,"pos":"NN","before":" ","after":" "},{"index":4,"word":"-LRB-","originalText":"(","characterOffsetBegin":20,"characterOffsetEnd":21,"pos":"-LRB-","before":" ","after":""},{"index":5,"word":"Patrick","originalText":"Patrick","characterOffsetBegin":21,"characterOffsetEnd":28,"pos":"NNP","before":"","after":" "},{"index":6,"word":"L.","originalText":"L.","characterOffsetBegin":29,"characterOffsetEnd":31,"pos":"NNP","before":" ","after":" "},{"index":7,"word":"Mahan","originalText":"Mahan","characterOffsetBegin":32,"characterOffsetEnd":37,"pos":"NNP","before":" ","after":""},{"index":8,"word":"-RRB-","originalText":")","characterOffsetBegin":37,"characterOffsetEnd":38,"pos":"-RRB-","before":"","after":""},{"index":9,"word":"Subject","originalText":"Subject","characterOffsetBegin":38,"characterOffsetEnd":45,"pos":"NNP","before":"","after":""},{"index":10,"word":":","originalText":":","characterOffsetBegin":45,"characterOffsetEnd":46,"pos":":","before":"","after":" "},{"index":11,"word":"Re","originalText":"Re","characterOffsetBegin":47,"characterOffsetEnd":49,"pos":"NNP","before":" ","after":""},{"index":12,"word":":","originalText":":","characterOffsetBegin":49,"characterOffsetEnd":50,"pos":":","before":"","after":" "},{"index":13,"word":"Tektronix","originalText":"Tektronix","characterOffsetBegin":51,"characterOffsetEnd":60,"pos":"NNP","before":" ","after":""},{"index":14,"word":"##","originalText":"##","characterOffsetBegin":60,"characterOffsetEnd":62,"pos":"CD","before":"","after":" "},{"index":15,"word":"I","originalText":"I","characterOffsetBegin":63,"characterOffsetEnd":64,"pos":"PRP","before":" ","after":" "},{"index":16,"word":"remember","originalText":"remember","characterOffsetBegin":65,"characterOffsetEnd":73,"pos":"VBP","before":" ","after":" "},{"index":17,"word":"seeing","originalText":"seeing","characterOffsetBegin":74,"characterOffsetEnd":80,"pos":"VBG","before":" ","after":" "},{"index":18,"word":"something","originalText":"something","characterOffsetBegin":81,"characterOffsetEnd":90,"pos":"NN","before":" ","after":" "},{"index":19,"word":"in","originalText":"in","characterOffsetBegin":91,"characterOffsetEnd":93,"pos":"IN","before":" ","after":" "},{"index":20,"word":"the","originalText":"the","characterOffsetBegin":94,"characterOffsetEnd":97,"pos":"DT","before":" ","after":" "},{"index":21,"word":"X","originalText":"X","characterOffsetBegin":98,"characterOffsetEnd":99,"pos":"NN","before":" ","after":" "},{"index":22,"word":"distribution","originalText":"distribution","characterOffsetBegin":100,"characterOffsetEnd":112,"pos":"NN","before":" ","after":" "},{"index":23,"word":"mentioning","originalText":"mentioning","characterOffsetBegin":113,"characterOffsetEnd":123,"pos":"VBG","before":" ","after":" "},{"index":24,"word":"support","originalText":"support","characterOffsetBegin":124,"characterOffsetEnd":131,"pos":"NN","before":" ","after":""},{"index":25,"word":"#","originalText":"#","characterOffsetBegin":131,"characterOffsetEnd":132,"pos":"#","before":"","after":" "},{"index":26,"word":"for","originalText":"for","characterOffsetBegin":133,"characterOffsetEnd":136,"pos":"IN","before":" ","after":" "},{"index":27,"word":"a","originalText":"a","characterOffsetBegin":137,"characterOffsetEnd":138,"pos":"DT","before":" ","after":" "},{"index":28,"word":"Tektronix","originalText":"Tektronix","characterOffsetBegin":139,"characterOffsetEnd":148,"pos":"NNP","before":" ","after":" "},{"index":29,"word":"terminal","originalText":"terminal","characterOffsetBegin":149,"characterOffsetEnd":157,"pos":"NN","before":" ","after":" "},{"index":30,"word":"in","originalText":"in","characterOffsetBegin":158,"characterOffsetEnd":160,"pos":"IN","before":" ","after":" "},{"index":31,"word":"an","originalText":"an","characterOffsetBegin":161,"characterOffsetEnd":163,"pos":"DT","before":" ","after":" "},{"index":32,"word":"X","originalText":"X","characterOffsetBegin":164,"characterOffsetEnd":165,"pos":"NN","before":" ","after":" "},{"index":33,"word":"server","originalText":"server","characterOffsetBegin":166,"characterOffsetEnd":172,"pos":"NN","before":" ","after":""},{"index":34,"word":".","originalText":".","characterOffsetBegin":172,"characterOffsetEnd":173,"pos":".","before":"","after":"  "}]},{"index":1,"tokens":[{"index":1,"word":"Is","originalText":"Is","characterOffsetBegin":175,"characterOffsetEnd":177,"pos":"VBZ","before":"  ","after":" "},{"index":2,"word":"this","originalText":"this","characterOffsetBegin":178,"characterOffsetEnd":182,"pos":"DT","before":" ","after":" "},{"index":3,"word":"accurate","originalText":"accurate","characterOffsetBegin":183,"characterOffsetEnd":191,"pos":"JJ","before":" ","after":""},{"index":4,"word":"?","originalText":"?","characterOffsetBegin":191,"characterOffsetEnd":192,"pos":".","before":"","after":" "}]},{"index":2,"tokens":[{"index":1,"word":"#Xterm","originalText":"#Xterm","characterOffsetBegin":193,"characterOffsetEnd":199,"pos":"NN","before":" ","after":" "},{"index":2,"word":"supports","originalText":"supports","characterOffsetBegin":200,"characterOffsetEnd":208,"pos":"VBZ","before":" ","after":" "},{"index":3,"word":"401x","originalText":"401x","characterOffsetBegin":209,"characterOffsetEnd":213,"pos":"CD","before":" ","after":" "},{"index":4,"word":"emulation.Patrick","originalText":"emulation.Patrick","characterOffsetBegin":214,"characterOffsetEnd":231,"pos":"NNP","before":" ","after":" "},{"index":5,"word":"L.","originalText":"L.","characterOffsetBegin":232,"characterOffsetEnd":234,"pos":"NNP","before":" ","after":" "},{"index":6,"word":"Mahan","originalText":"Mahan","characterOffsetBegin":235,"characterOffsetEnd":240,"pos":"NNP","before":" ","after":""},{"index":7,"word":"--","originalText":"---","characterOffsetBegin":240,"characterOffsetEnd":243,"pos":":","before":"","after":" "},{"index":8,"word":"TGV","originalText":"TGV","characterOffsetBegin":244,"characterOffsetEnd":247,"pos":"NNP","before":" ","after":" "},{"index":9,"word":"Window","originalText":"Window","characterOffsetBegin":248,"characterOffsetEnd":254,"pos":"NNP","before":" ","after":" "},{"index":10,"word":"Washer","originalText":"Washer","characterOffsetBegin":255,"characterOffsetEnd":261,"pos":"NNP","before":" ","after":" "},{"index":11,"word":"-------------------------------","originalText":"-------------------------------","characterOffsetBegin":262,"characterOffsetEnd":293,"pos":"CD","before":" ","after":" "},{"index":12,"word":"Mahan@TGV.COM","originalText":"Mahan@TGV.COM","characterOffsetBegin":294,"characterOffsetEnd":307,"pos":"NNP","before":" ","after":" "},{"index":13,"word":"---------","originalText":"---------","characterOffsetBegin":308,"characterOffsetEnd":317,"pos":"CD","before":" ","after":""},{"index":14,"word":"Waking","originalText":"Waking","characterOffsetBegin":317,"characterOffsetEnd":323,"pos":"VBG","before":"","after":" "},{"index":15,"word":"a","originalText":"a","characterOffsetBegin":324,"characterOffsetEnd":325,"pos":"DT","before":" ","after":" "},{"index":16,"word":"person","originalText":"person","characterOffsetBegin":326,"characterOffsetEnd":332,"pos":"NN","before":" ","after":" "},{"index":17,"word":"unnecessarily","originalText":"unnecessarily","characterOffsetBegin":333,"characterOffsetEnd":346,"pos":"RB","before":" ","after":" "},{"index":18,"word":"should","originalText":"should","characterOffsetBegin":347,"characterOffsetEnd":353,"pos":"MD","before":" ","after":" "},{"index":19,"word":"not","originalText":"not","characterOffsetBegin":354,"characterOffsetEnd":357,"pos":"RB","before":" ","after":" "},{"index":20,"word":"be","originalText":"be","characterOffsetBegin":358,"characterOffsetEnd":360,"pos":"VB","before":" ","after":" "},{"index":21,"word":"considered","originalText":"considered","characterOffsetBegin":361,"characterOffsetEnd":371,"pos":"VBN","before":" ","after":"  "},{"index":22,"word":"-","originalText":"-","characterOffsetBegin":373,"characterOffsetEnd":374,"pos":":","before":"  ","after":" "},{"index":23,"word":"Lazarus","originalText":"Lazarus","characterOffsetBegin":375,"characterOffsetEnd":382,"pos":"NNP","before":" ","after":" "},{"index":24,"word":"Longa","originalText":"Longa","characterOffsetBegin":383,"characterOffsetEnd":388,"pos":"NNP","before":" ","after":" "},{"index":25,"word":"capital","originalText":"capital","characterOffsetBegin":389,"characterOffsetEnd":396,"pos":"NN","before":" ","after":" "},{"index":26,"word":"crime","originalText":"crime","characterOffsetBegin":397,"characterOffsetEnd":402,"pos":"NN","before":" ","after":""},{"index":27,"word":".","originalText":".","characterOffsetBegin":402,"characterOffsetEnd":403,"pos":".","before":"","after":"  "}]},{"index":3,"tokens":[{"index":1,"word":"For","originalText":"For","characterOffsetBegin":405,"characterOffsetEnd":408,"pos":"IN","before":"  ","after":" "},{"index":2,"word":"a","originalText":"a","characterOffsetBegin":409,"characterOffsetEnd":410,"pos":"DT","before":" ","after":" "},{"index":3,"word":"first","originalText":"first","characterOffsetBegin":411,"characterOffsetEnd":416,"pos":"JJ","before":" ","after":" "},{"index":4,"word":"offense","originalText":"offense","characterOffsetBegin":417,"characterOffsetEnd":424,"pos":"NN","before":" ","after":""},{"index":5,"word":",","originalText":",","characterOffsetBegin":424,"characterOffsetEnd":425,"pos":",","before":"","after":" "},{"index":6,"word":"that","originalText":"that","characterOffsetBegin":426,"characterOffsetEnd":430,"pos":"WDT","before":" ","after":" "},{"index":7,"word":"is","originalText":"is","characterOffsetBegin":431,"characterOffsetEnd":433,"pos":"VBZ","before":" ","after":"            "},{"index":8,"word":"From","originalText":"From","characterOffsetBegin":445,"characterOffsetEnd":449,"pos":"IN","before":"            ","after":" "},{"index":9,"word":"the","originalText":"the","characterOffsetBegin":450,"characterOffsetEnd":453,"pos":"DT","before":" ","after":" "},{"index":10,"word":"Notebooks","originalText":"Notebooks","characterOffsetBegin":454,"characterOffsetEnd":463,"pos":"NNPS","before":" ","after":" "},{"index":11,"word":"of","originalText":"of","characterOffsetBegin":464,"characterOffsetEnd":466,"pos":"IN","before":" ","after":"\t\t\t\t\t\t\t  "},{"index":12,"word":"Lazarus","originalText":"Lazarus","characterOffsetBegin":475,"characterOffsetEnd":482,"pos":"NNP","before":"\t\t\t\t\t\t\t  ","after":" "},{"index":13,"word":"Long","originalText":"Long","characterOffsetBegin":483,"characterOffsetEnd":487,"pos":"NNP","before":" ","after":""}]}]}