{"sentences":[{"index":0,"tokens":[{"index":1,"word":"From","originalText":"From","characterOffsetBegin":0,"characterOffsetEnd":4,"pos":"IN","before":"","after":""},{"index":2,"word":":","originalText":":","characterOffsetBegin":4,"characterOffsetEnd":5,"pos":":","before":"","after":" "},{"index":3,"word":"mike@hopper.Virginia.EDU","originalText":"mike@hopper.Virginia.EDU","characterOffsetBegin":6,"characterOffsetEnd":30,"pos":"NN","before":" ","after":" "},{"index":4,"word":"-LRB-","originalText":"(","characterOffsetBegin":31,"characterOffsetEnd":32,"pos":"-LRB-","before":" ","after":""},{"index":5,"word":"Michael","originalText":"Michael","characterOffsetBegin":32,"characterOffsetEnd":39,"pos":"NNP","before":"","after":" "},{"index":6,"word":"Chapman","originalText":"Chapman","characterOffsetBegin":40,"characterOffsetEnd":47,"pos":"NNP","before":" ","after":""},{"index":7,"word":"-RRB-","originalText":")","characterOffsetBegin":47,"characterOffsetEnd":48,"pos":"-RRB-","before":"","after":""},{"index":8,"word":"Subject","originalText":"Subject","characterOffsetBegin":48,"characterOffsetEnd":55,"pos":"NNP","before":"","after":""},{"index":9,"word":":","originalText":":","characterOffsetBegin":55,"characterOffsetEnd":56,"pos":":","before":"","after":" "},{"index":10,"word":"Re","originalText":"Re","characterOffsetBegin":57,"characterOffsetEnd":59,"pos":"NNP","before":" ","after":""},{"index":11,"word":":","originalText":":","characterOffsetBegin":59,"characterOffsetEnd":60,"pos":":","before":"","after":" "},{"index":12,"word":"TektronixIn","originalText":"TektronixIn","characterOffsetBegin":61,"characterOffsetEnd":72,"pos":"NN","before":" ","after":" "},{"index":13,"word":"article","originalText":"article","characterOffsetBegin":73,"characterOffsetEnd":80,"pos":"NN","before":" ","after":" "},{"index":14,"word":"<930424212154.1000227@tgv.com>","originalText":"<930424212154.1000227@tgv.com>","characterOffsetBegin":81,"characterOffsetEnd":111,"pos":"NN","before":" ","after":" "},{"index":15,"word":"mahan@TGV.COM","originalText":"mahan@TGV.COM","characterOffsetBegin":112,"characterOffsetEnd":125,"pos":"NN","before":" ","after":" "},{"index":16,"word":"-LRB-","originalText":"(","characterOffsetBegin":126,"characterOffsetEnd":127,"pos":"-LRB-","before":" ","after":""},{"index":17,"word":"Patrick","originalText":"Patrick","characterOffsetBegin":127,"characterOffsetEnd":134,"pos":"NNP","before":"","after":" "},{"index":18,"word":"L.","originalText":"L.","characterOffsetBegin":135,"characterOffsetEnd":137,"pos":"NNP","before":" ","after":" "},{"index":19,"word":"Mahan","originalText":"Mahan","characterOffsetBegin":138,"characterOffsetEnd":143,"pos":"NNP","before":" ","after":""},{"index":20,"word":"-RRB-","originalText":")","characterOffsetBegin":143,"characterOffsetEnd":144,"pos":"-RRB-","before":"","after":" "},{"index":21,"word":"writes","originalText":"writes","characterOffsetBegin":145,"characterOffsetEnd":151,"pos":"VBZ","before":" ","after":""},{"index":22,"word":":","originalText":":","characterOffsetBegin":151,"characterOffsetEnd":152,"pos":":","before":"","after":""},{"index":23,"word":">","originalText":">","characterOffsetBegin":152,"characterOffsetEnd":153,"pos":"JJR","before":"","after":""},{"index":24,"word":"#","originalText":"#","characterOffsetBegin":153,"characterOffsetEnd":154,"pos":"#","before":"","after":" "},{"index":25,"word":"I","originalText":"I","characterOffsetBegin":155,"characterOffsetEnd":156,"pos":"PRP","before":" ","after":" "},{"index":26,"word":"remember","originalText":"remember","characterOffsetBegin":157,"characterOffsetEnd":165,"pos":"VBP","before":" ","after":" "},{"index":27,"word":"seeing","originalText":"seeing","characterOffsetBegin":166,"characterOffsetEnd":172,"pos":"VBG","before":" ","after":" "},{"index":28,"word":"something","originalText":"something","characterOffsetBegin":173,"characterOffsetEnd":182,"pos":"NN","before":" ","after":" "},{"index":29,"word":"in","originalText":"in","characterOffsetBegin":183,"characterOffsetEnd":185,"pos":"IN","before":" ","after":" "},{"index":30,"word":"the","originalText":"the","characterOffsetBegin":186,"characterOffsetEnd":189,"pos":"DT","before":" ","after":" "},{"index":31,"word":"X","originalText":"X","characterOffsetBegin":190,"characterOffsetEnd":191,"pos":"NN","before":" ","after":" "},{"index":32,"word":"distribution","originalText":"distribution","characterOffsetBegin":192,"characterOffsetEnd":204,"pos":"NN","before":" ","after":" "},{"index":33,"word":"mentioning","originalText":"mentioning","characterOffsetBegin":205,"characterOffsetEnd":215,"pos":"VBG","before":" ","after":" "},{"index":34,"word":"support","originalText":"support","characterOffsetBegin":216,"characterOffsetEnd":223,"pos":"NN","before":" ","after":""},{"index":35,"word":">","originalText":">","characterOffsetBegin":223,"characterOffsetEnd":224,"pos":"JJR","before":"","after":""},{"index":36,"word":"#","originalText":"#","characterOffsetBegin":224,"characterOffsetEnd":225,"pos":"#","before":"","after":" "},{"index":37,"word":"for","originalText":"for","characterOffsetBegin":226,"characterOffsetEnd":229,"pos":"IN","before":" ","after":" "},{"index":38,"word":"a","originalText":"a","characterOffsetBegin":230,"characterOffsetEnd":231,"pos":"DT","before":" ","after":" "},{"index":39,"word":"Tektronix","originalText":"Tektronix","characterOffsetBegin":232,"characterOffsetEnd":241,"pos":"NNP","before":" ","after":" "},{"index":40,"word":"terminal","originalText":"terminal","characterOffsetBegin":242,"characterOffsetEnd":250,"pos":"NN","before":" ","after":" "},{"index":41,"word":"in","originalText":"in","characterOffsetBegin":251,"characterOffsetEnd":253,"pos":"IN","before":" ","after":" "},{"index":42,"word":"an","originalText":"an","characterOffsetBegin":254,"characterOffsetEnd":256,"pos":"DT","before":" ","after":" "},{"index":43,"word":"X","originalText":"X","characterOffsetBegin":257,"characterOffsetEnd":258,"pos":"NN","before":" ","after":" "},{"index":44,"word":"server","originalText":"server","characterOffsetBegin":259,"characterOffsetEnd":265,"pos":"NN","before":" ","after":""},{"index":45,"word":".","originalText":".","characterOffsetBegin":265,"characterOffsetEnd":266,"pos":".","before":"","after":"  "}]},{"index":1,"tokens":[{"index":1,"word":"Is","originalText":"Is","characterOffsetBegin":268,"characterOffsetEnd":270,"pos":"VBZ","before":"  ","after":" "},{"index":2,"word":"this","originalText":"this","characterOffsetBegin":271,"characterOffsetEnd":275,"pos":"DT","before":" ","after":" "},{"index":3,"word":"accurate","originalText":"accurate","characterOffsetBegin":276,"characterOffsetEnd":284,"pos":"JJ","before":" ","after":""},{"index":4,"word":"?","originalText":"?","characterOffsetBegin":284,"characterOffsetEnd":285,"pos":".","before":"","after":" "},{"index":5,"word":">","originalText":">","characterOffsetBegin":286,"characterOffsetEnd":287,"pos":"JJR","before":" ","after":""}]},{"index":2,"tokens":[{"index":1,"word":"Xterm","originalText":"Xterm","characterOffsetBegin":287,"characterOffsetEnd":292,"pos":"NN","before":"","after":" "},{"index":2,"word":"supports","originalText":"supports","characterOffsetBegin":293,"characterOffsetEnd":301,"pos":"VBZ","before":" ","after":" "},{"index":3,"word":"401x","originalText":"401x","characterOffsetBegin":302,"characterOffsetEnd":306,"pos":"CD","before":" ","after":" "},{"index":4,"word":"emulation.What","originalText":"emulation.What","characterOffsetBegin":307,"characterOffsetEnd":321,"pos":"NN","before":" ","after":" "},{"index":5,"word":"I","originalText":"I","characterOffsetBegin":322,"characterOffsetEnd":323,"pos":"PRP","before":" ","after":" "},{"index":6,"word":"was","originalText":"was","characterOffsetBegin":324,"characterOffsetEnd":327,"pos":"VBD","before":" ","after":" "},{"index":7,"word":"talking","originalText":"talking","characterOffsetBegin":328,"characterOffsetEnd":335,"pos":"VBG","before":" ","after":" "},{"index":8,"word":"about","originalText":"about","characterOffsetBegin":336,"characterOffsetEnd":341,"pos":"RB","before":" ","after":" "},{"index":9,"word":"was","originalText":"was","characterOffsetBegin":342,"characterOffsetEnd":345,"pos":"VBD","before":" ","after":" "},{"index":10,"word":"using","originalText":"using","characterOffsetBegin":346,"characterOffsetEnd":351,"pos":"VBG","before":" ","after":" "},{"index":11,"word":"an","originalText":"an","characterOffsetBegin":352,"characterOffsetEnd":354,"pos":"DT","before":" ","after":" "},{"index":12,"word":"Tek","originalText":"Tek","characterOffsetBegin":355,"characterOffsetEnd":358,"pos":"JJ","before":" ","after":" "},{"index":13,"word":"terminal","originalText":"terminal","characterOffsetBegin":359,"characterOffsetEnd":367,"pos":"JJ","before":" ","after":" "},{"index":14,"word":"as","originalText":"as","characterOffsetBegin":368,"characterOffsetEnd":370,"pos":"IN","before":" ","after":" "},{"index":15,"word":"your","originalText":"your","characterOffsetBegin":371,"characterOffsetEnd":375,"pos":"PRP$","before":" ","after":" "},{"index":16,"word":"X","originalText":"X","characterOffsetBegin":376,"characterOffsetEnd":377,"pos":"NN","before":" ","after":" "},{"index":17,"word":"display","originalText":"display","characterOffsetBegin":378,"characterOffsetEnd":385,"pos":"NN","before":" ","after":""},{"index":18,"word":".","originalText":".","characterOffsetBegin":385,"characterOffsetEnd":386,"pos":".","before":"","after":"  "}]},{"index":3,"tokens":[{"index":1,"word":"Ishould","originalText":"Ishould","characterOffsetBegin":388,"characterOffsetEnd":395,"pos":"NNP","before":"  ","after":" "},{"index":2,"word":"be","originalText":"be","characterOffsetBegin":396,"characterOffsetEnd":398,"pos":"VB","before":" ","after":" "},{"index":3,"word":"possible","originalText":"possible","characterOffsetBegin":399,"characterOffsetEnd":407,"pos":"JJ","before":" ","after":" "},{"index":4,"word":"to","originalText":"to","characterOffsetBegin":408,"characterOffsetEnd":410,"pos":"TO","before":" ","after":" "},{"index":5,"word":"write","originalText":"write","characterOffsetBegin":411,"characterOffsetEnd":416,"pos":"VB","before":" ","after":" "},{"index":6,"word":"an","originalText":"an","characterOffsetBegin":417,"characterOffsetEnd":419,"pos":"DT","before":" ","after":" "},{"index":7,"word":"X","originalText":"X","characterOffsetBegin":420,"characterOffsetEnd":421,"pos":"NN","before":" ","after":" "},{"index":8,"word":"server","originalText":"server","characterOffsetBegin":422,"characterOffsetEnd":428,"pos":"NN","before":" ","after":" "},{"index":9,"word":"that","originalText":"that","characterOffsetBegin":429,"characterOffsetEnd":433,"pos":"WDT","before":" ","after":" "},{"index":10,"word":"does","originalText":"does","characterOffsetBegin":434,"characterOffsetEnd":438,"pos":"VBZ","before":" ","after":" "},{"index":11,"word":"this","originalText":"this","characterOffsetBegin":439,"characterOffsetEnd":443,"pos":"DT","before":" ","after":" "},{"index":12,"word":"as","originalText":"as","characterOffsetBegin":444,"characterOffsetEnd":446,"pos":"IN","before":" ","after":" "},{"index":13,"word":"far","originalText":"far","characterOffsetBegin":447,"characterOffsetEnd":450,"pos":"RB","before":" ","after":" "},{"index":14,"word":"as","originalText":"as","characterOffsetBegin":451,"characterOffsetEnd":453,"pos":"IN","before":" ","after":" "},{"index":15,"word":"I","originalText":"I","characterOffsetBegin":454,"characterOffsetEnd":455,"pos":"PRP","before":" ","after":" "},{"index":16,"word":"cantell","originalText":"cantell","characterOffsetBegin":456,"characterOffsetEnd":463,"pos":"VBP","before":" ","after":""},{"index":17,"word":",","originalText":",","characterOffsetBegin":463,"characterOffsetEnd":464,"pos":",","before":"","after":" "},{"index":18,"word":"but","originalText":"but","characterOffsetBegin":465,"characterOffsetEnd":468,"pos":"CC","before":" ","after":" "},{"index":19,"word":"what","originalText":"what","characterOffsetBegin":469,"characterOffsetEnd":473,"pos":"WP","before":" ","after":" "},{"index":20,"word":"I","originalText":"I","characterOffsetBegin":474,"characterOffsetEnd":475,"pos":"PRP","before":" ","after":""},{"index":21,"word":"'m","originalText":"'m","characterOffsetBegin":475,"characterOffsetEnd":477,"pos":"VBP","before":"","after":" "},{"index":22,"word":"asking","originalText":"asking","characterOffsetBegin":478,"characterOffsetEnd":484,"pos":"VBG","before":" ","after":" "},{"index":23,"word":"is","originalText":"is","characterOffsetBegin":485,"characterOffsetEnd":487,"pos":"VBZ","before":" ","after":" "},{"index":24,"word":"if","originalText":"if","characterOffsetBegin":488,"characterOffsetEnd":490,"pos":"IN","before":" ","after":" "},{"index":25,"word":"there","originalText":"there","characterOffsetBegin":491,"characterOffsetEnd":496,"pos":"EX","before":" ","after":" "},{"index":26,"word":"is","originalText":"is","characterOffsetBegin":497,"characterOffsetEnd":499,"pos":"VBZ","before":" ","after":" "},{"index":27,"word":"already","originalText":"already","characterOffsetBegin":500,"characterOffsetEnd":507,"pos":"RB","before":" ","after":" "},{"index":28,"word":"one","originalText":"one","characterOffsetBegin":508,"characterOffsetEnd":511,"pos":"CD","before":" ","after":""},{"index":29,"word":".","originalText":".","characterOffsetBegin":511,"characterOffsetEnd":512,"pos":".","before":"","after":""}]},{"index":4,"tokens":[{"index":1,"word":"--","originalText":"--","characterOffsetBegin":512,"characterOffsetEnd":514,"pos":":","before":"","after":" "},{"index":2,"word":"mike@hopper.acs.virginia.edu","originalText":"mike@hopper.acs.virginia.edu","characterOffsetBegin":515,"characterOffsetEnd":543,"pos":"NN","before":" ","after":" "},{"index":3,"word":"``","originalText":"\"","characterOffsetBegin":544,"characterOffsetEnd":545,"pos":"``","before":" ","after":""},{"index":4,"word":"I","originalText":"I","characterOffsetBegin":545,"characterOffsetEnd":546,"pos":"PRP","before":"","after":" "},{"index":5,"word":"will","originalText":"will","characterOffsetBegin":547,"characterOffsetEnd":551,"pos":"MD","before":" ","after":" "},{"index":6,"word":"NOT","originalText":"NOT","characterOffsetBegin":552,"characterOffsetEnd":555,"pos":"RB","before":" ","after":" "},{"index":7,"word":"raise","originalText":"raise","characterOffsetBegin":556,"characterOffsetEnd":561,"pos":"VB","before":" ","after":" "},{"index":8,"word":"taxes","originalText":"taxes","characterOffsetBegin":562,"characterOffsetEnd":567,"pos":"NNS","before":" ","after":" "},{"index":9,"word":"on","originalText":"on","characterOffsetBegin":568,"characterOffsetEnd":570,"pos":"IN","before":" ","after":" "},{"index":10,"word":"the","originalText":"the","characterOffsetBegin":571,"characterOffsetEnd":574,"pos":"DT","before":" ","after":" "},{"index":11,"word":"middle","originalText":"middle","characterOffsetBegin":575,"characterOffsetEnd":581,"pos":"JJ","before":" ","after":" "},{"index":12,"word":"class","originalText":"class","characterOffsetBegin":582,"characterOffsetEnd":587,"pos":"NN","before":" ","after":""},{"index":13,"word":".","originalText":".","characterOffsetBegin":587,"characterOffsetEnd":588,"pos":".","before":"","after":""},{"index":14,"word":"''","originalText":"\"","characterOffsetBegin":588,"characterOffsetEnd":589,"pos":"''","before":"","after":" "}]},{"index":5,"tokens":[{"index":1,"word":"-","originalText":"-","characterOffsetBegin":590,"characterOffsetEnd":591,"pos":":","before":" ","after":""},{"index":2,"word":"Unknown","originalText":"Unknown","characterOffsetBegin":591,"characterOffsetEnd":598,"pos":"JJ","before":"","after":""}]}]}