{"sentences":[{"index":0,"tokens":[{"index":1,"word":"From","originalText":"From","characterOffsetBegin":0,"characterOffsetEnd":4,"pos":"IN","before":"","after":""},{"index":2,"word":":","originalText":":","characterOffsetBegin":4,"characterOffsetEnd":5,"pos":":","before":"","after":" "},{"index":3,"word":"EEI.EEIIHY@memo.ericsson.SE","originalText":"EEI.EEIIHY@memo.ericsson.SE","characterOffsetBegin":6,"characterOffsetEnd":33,"pos":"NN","before":" ","after":" "},{"index":4,"word":"-LRB-","originalText":"(","characterOffsetBegin":34,"characterOffsetEnd":35,"pos":"-LRB-","before":" ","after":""},{"index":5,"word":"353-1-2800455","originalText":"353-1-2800455","characterOffsetBegin":35,"characterOffsetEnd":48,"pos":"CD","before":"","after":""},{"index":6,"word":"-RRB-","originalText":")","characterOffsetBegin":48,"characterOffsetEnd":49,"pos":"-RRB-","before":"","after":""},{"index":7,"word":"Subject","originalText":"Subject","characterOffsetBegin":49,"characterOffsetEnd":56,"pos":"NNP","before":"","after":""},{"index":8,"word":":","originalText":":","characterOffsetBegin":56,"characterOffsetEnd":57,"pos":":","before":"","after":" "},{"index":9,"word":"help","originalText":"help","characterOffsetBegin":58,"characterOffsetEnd":62,"pos":"NN","before":" ","after":""},{"index":10,"word":"--","originalText":"---","characterOffsetBegin":62,"characterOffsetEnd":65,"pos":":","before":"","after":" "},{"index":11,"word":"Received","originalText":"Received","characterOffsetBegin":66,"characterOffsetEnd":74,"pos":"VBN","before":" ","after":" "},{"index":12,"word":"from","originalText":"from","characterOffsetBegin":75,"characterOffsetEnd":79,"pos":"IN","before":" ","after":" "},{"index":13,"word":"EEI.EEIIHY","originalText":"EEI.EEIIHY","characterOffsetBegin":80,"characterOffsetEnd":90,"pos":"NN","before":" ","after":"  "},{"index":14,"word":"353-1-2800455","originalText":"353-1-2800455","characterOffsetBegin":92,"characterOffsetEnd":105,"pos":"CD","before":"  ","after":"         "},{"index":15,"word":"93-04-26","originalText":"93-04-26","characterOffsetBegin":114,"characterOffsetEnd":122,"pos":"CD","before":"         ","after":" "},{"index":16,"word":"12.28","originalText":"12.28","characterOffsetBegin":123,"characterOffsetEnd":128,"pos":"CD","before":" ","after":"  "},{"index":17,"word":"-","originalText":"-","characterOffsetBegin":130,"characterOffsetEnd":131,"pos":":","before":"  ","after":""},{"index":18,"word":">","originalText":">","characterOffsetBegin":131,"characterOffsetEnd":132,"pos":"JJR","before":"","after":" "},{"index":19,"word":"VAX.XPERT","originalText":"VAX.XPERT","characterOffsetBegin":133,"characterOffsetEnd":142,"pos":"NN","before":" ","after":""},{"index":20,"word":".","originalText":".","characterOffsetBegin":142,"characterOffsetEnd":143,"pos":".","before":"","after":""}]},{"index":1,"tokens":[{"index":1,"word":".","originalText":".","characterOffsetBegin":143,"characterOffsetEnd":144,"pos":".","before":"","after":""}]},{"index":2,"tokens":[{"index":1,"word":"EXPO.LCS.MIT.EDU","originalText":"EXPO.LCS.MIT.EDU","characterOffsetBegin":144,"characterOffsetEnd":160,"pos":"NN","before":"","after":""},{"index":2,"word":".","originalText":".","characterOffsetBegin":160,"characterOffsetEnd":161,"pos":".","before":"","after":""}]},{"index":3,"tokens":[{"index":1,"word":".","originalText":".","characterOffsetBegin":161,"characterOffsetEnd":162,"pos":".","before":"","after":""}]},{"index":4,"tokens":[{"index":1,"word":"INET","originalText":"INET","characterOffsetBegin":162,"characterOffsetEnd":166,"pos":"NNP","before":"","after":"  "},{"index":2,"word":"-","originalText":"-","characterOffsetBegin":168,"characterOffsetEnd":169,"pos":":","before":"  ","after":""},{"index":3,"word":":","originalText":":","characterOffsetBegin":169,"characterOffsetEnd":170,"pos":":","before":"","after":" "},{"index":4,"word":"-","originalText":"-","characterOffsetBegin":171,"characterOffsetEnd":172,"pos":":","before":" ","after":" "},{"index":5,"word":"-","originalText":"-","characterOffsetBegin":173,"characterOffsetEnd":174,"pos":":","before":" ","after":" "},{"index":6,"word":"-","originalText":"-","characterOffsetBegin":175,"characterOffsetEnd":176,"pos":":","before":" ","after":" "},{"index":7,"word":"-","originalText":"-","characterOffsetBegin":177,"characterOffsetEnd":178,"pos":":","before":" ","after":" "},{"index":8,"word":"-","originalText":"-","characterOffsetBegin":179,"characterOffsetEnd":180,"pos":":","before":" ","after":" "},{"index":9,"word":"-","originalText":"-","characterOffsetBegin":181,"characterOffsetEnd":182,"pos":":","before":" ","after":" "},{"index":10,"word":"-","originalText":"-","characterOffsetBegin":183,"characterOffsetEnd":184,"pos":":","before":" ","after":" "},{"index":11,"word":"-","originalText":"-","characterOffsetBegin":185,"characterOffsetEnd":186,"pos":":","before":" ","after":" "},{"index":12,"word":"-","originalText":"-","characterOffsetBegin":187,"characterOffsetEnd":188,"pos":":","before":" ","after":" "},{"index":13,"word":"-","originalText":"-","characterOffsetBegin":189,"characterOffsetEnd":190,"pos":":","before":" ","after":" "},{"index":14,"word":">","originalText":">","characterOffsetBegin":191,"characterOffsetEnd":192,"pos":"JJR","before":" ","after":" "},{"index":15,"word":"MAIL","originalText":"MAIL","characterOffsetBegin":193,"characterOffsetEnd":197,"pos":"NN","before":" ","after":" "},{"index":16,"word":"USER","originalText":"USER","characterOffsetBegin":198,"characterOffsetEnd":202,"pos":"NN","before":" ","after":" "},{"index":17,"word":"IN","originalText":"IN","characterOffsetBegin":203,"characterOffsetEnd":205,"pos":"IN","before":" ","after":" "},{"index":18,"word":"VAX","originalText":"VAX","characterOffsetBegin":206,"characterOffsetEnd":209,"pos":"NNP","before":" ","after":" "},{"index":19,"word":"AND","originalText":"AND","characterOffsetBegin":210,"characterOffsetEnd":213,"pos":"CC","before":" ","after":" "},{"index":20,"word":"INTERNEThelp","originalText":"INTERNEThelp","characterOffsetBegin":214,"characterOffsetEnd":226,"pos":"NN","before":" ","after":""}]}]}