{"sentences":[{"index":0,"tokens":[{"index":1,"word":"From","originalText":"From","characterOffsetBegin":0,"characterOffsetEnd":4,"pos":"IN","before":"","after":""},{"index":2,"word":":","originalText":":","characterOffsetBegin":4,"characterOffsetEnd":5,"pos":":","before":"","after":" "},{"index":3,"word":"pjaques@camborne-school-of-mines.ac.UK","originalText":"pjaques@camborne-school-of-mines.ac.UK","characterOffsetBegin":6,"characterOffsetEnd":44,"pos":"NN","before":" ","after":" "},{"index":4,"word":"-LRB-","originalText":"(","characterOffsetBegin":45,"characterOffsetEnd":46,"pos":"-LRB-","before":" ","after":""},{"index":5,"word":"Paul","originalText":"Paul","characterOffsetBegin":46,"characterOffsetEnd":50,"pos":"NNP","before":"","after":" "},{"index":6,"word":"Jaques","originalText":"Jaques","characterOffsetBegin":51,"characterOffsetEnd":57,"pos":"NNP","before":" ","after":""},{"index":7,"word":"-RRB-","originalText":")","characterOffsetBegin":57,"characterOffsetEnd":58,"pos":"-RRB-","before":"","after":""},{"index":8,"word":"Subject","originalText":"Subject","characterOffsetBegin":58,"characterOffsetEnd":65,"pos":"NNP","before":"","after":""},{"index":9,"word":":","originalText":":","characterOffsetBegin":65,"characterOffsetEnd":66,"pos":":","before":"","after":" "},{"index":10,"word":"Polygon","originalText":"Polygon","characterOffsetBegin":67,"characterOffsetEnd":74,"pos":"NNP","before":" ","after":" "},{"index":11,"word":"to","originalText":"to","characterOffsetBegin":75,"characterOffsetEnd":77,"pos":"TO","before":" ","after":" "},{"index":12,"word":"raster","originalText":"raster","characterOffsetBegin":78,"characterOffsetEnd":84,"pos":"VB","before":" ","after":" "},{"index":13,"word":"converter","originalText":"converter","characterOffsetBegin":85,"characterOffsetEnd":94,"pos":"NN","before":" ","after":" "},{"index":14,"word":"requiredCan","originalText":"requiredCan","characterOffsetBegin":95,"characterOffsetEnd":106,"pos":"NN","before":" ","after":" "},{"index":15,"word":"anybody","originalText":"anybody","characterOffsetBegin":107,"characterOffsetEnd":114,"pos":"NN","before":" ","after":" "},{"index":16,"word":"tell","originalText":"tell","characterOffsetBegin":115,"characterOffsetEnd":119,"pos":"VB","before":" ","after":" "},{"index":17,"word":"me","originalText":"me","characterOffsetBegin":120,"characterOffsetEnd":122,"pos":"PRP","before":" ","after":" "},{"index":18,"word":"if","originalText":"if","characterOffsetBegin":123,"characterOffsetEnd":125,"pos":"IN","before":" ","after":" "},{"index":19,"word":"they","originalText":"they","characterOffsetBegin":126,"characterOffsetEnd":130,"pos":"PRP","before":" ","after":" "},{"index":20,"word":"know","originalText":"know","characterOffsetBegin":131,"characterOffsetEnd":135,"pos":"VBP","before":" ","after":" "},{"index":21,"word":"where","originalText":"where","characterOffsetBegin":136,"characterOffsetEnd":141,"pos":"WRB","before":" ","after":" "},{"index":22,"word":"I","originalText":"I","characterOffsetBegin":142,"characterOffsetEnd":143,"pos":"PRP","before":" ","after":" "},{"index":23,"word":"can","originalText":"can","characterOffsetBegin":144,"characterOffsetEnd":147,"pos":"MD","before":" ","after":" "},{"index":24,"word":"obtain","originalText":"obtain","characterOffsetBegin":148,"characterOffsetEnd":154,"pos":"VB","before":" ","after":" "},{"index":25,"word":"the","originalText":"the","characterOffsetBegin":155,"characterOffsetEnd":158,"pos":"DT","before":" ","after":" "},{"index":26,"word":"source","originalText":"source","characterOffsetBegin":159,"characterOffsetEnd":165,"pos":"NN","before":" ","after":" "},{"index":27,"word":"code","originalText":"code","characterOffsetBegin":166,"characterOffsetEnd":170,"pos":"NN","before":" ","after":" "},{"index":28,"word":"fora","originalText":"fora","characterOffsetBegin":171,"characterOffsetEnd":175,"pos":"NN","before":" ","after":" "},{"index":29,"word":"polygon","originalText":"polygon","characterOffsetBegin":176,"characterOffsetEnd":183,"pos":"NN","before":" ","after":" "},{"index":30,"word":"filling","originalText":"filling","characterOffsetBegin":184,"characterOffsetEnd":191,"pos":"VBG","before":" ","after":" "},{"index":31,"word":"algorithm","originalText":"algorithm","characterOffsetBegin":192,"characterOffsetEnd":201,"pos":"NN","before":" ","after":""},{"index":32,"word":",","originalText":",","characterOffsetBegin":201,"characterOffsetEnd":202,"pos":",","before":"","after":" "},{"index":33,"word":"or","originalText":"or","characterOffsetBegin":203,"characterOffsetEnd":205,"pos":"CC","before":" ","after":" "},{"index":34,"word":"any","originalText":"any","characterOffsetBegin":206,"characterOffsetEnd":209,"pos":"DT","before":" ","after":" "},{"index":35,"word":"other","originalText":"other","characterOffsetBegin":210,"characterOffsetEnd":215,"pos":"JJ","before":" ","after":" "},{"index":36,"word":"graphics","originalText":"graphics","characterOffsetBegin":216,"characterOffsetEnd":224,"pos":"NNS","before":" ","after":" "},{"index":37,"word":"orientated","originalText":"orientated","characterOffsetBegin":225,"characterOffsetEnd":235,"pos":"VBN","before":" ","after":" "},{"index":38,"word":"mailing","originalText":"mailing","characterOffsetBegin":236,"characterOffsetEnd":243,"pos":"NN","before":" ","after":" "},{"index":39,"word":"liststhat","originalText":"liststhat","characterOffsetBegin":244,"characterOffsetEnd":253,"pos":"NN","before":" ","after":" "},{"index":40,"word":"may","originalText":"may","characterOffsetBegin":254,"characterOffsetEnd":257,"pos":"MD","before":" ","after":" "},{"index":41,"word":"be","originalText":"be","characterOffsetBegin":258,"characterOffsetEnd":260,"pos":"VB","before":" ","after":" "},{"index":42,"word":"able","originalText":"able","characterOffsetBegin":261,"characterOffsetEnd":265,"pos":"JJ","before":" ","after":" "},{"index":43,"word":"to","originalText":"to","characterOffsetBegin":266,"characterOffsetEnd":268,"pos":"TO","before":" ","after":" "},{"index":44,"word":"help","originalText":"help","characterOffsetBegin":269,"characterOffsetEnd":273,"pos":"VB","before":" ","after":" "},{"index":45,"word":"me.Thanks","originalText":"me.Thanks","characterOffsetBegin":274,"characterOffsetEnd":283,"pos":"NNS","before":" ","after":""},{"index":46,"word":",","originalText":",","characterOffsetBegin":283,"characterOffsetEnd":284,"pos":",","before":"","after":" "},{"index":47,"word":"Paul","originalText":"Paul","characterOffsetBegin":285,"characterOffsetEnd":289,"pos":"NNP","before":" ","after":""},{"index":48,"word":".","originalText":".","characterOffsetBegin":289,"characterOffsetEnd":290,"pos":".","before":"","after":""}]},{"index":1,"tokens":[{"index":1,"word":"--","originalText":"--","characterOffsetBegin":290,"characterOffsetEnd":292,"pos":":","before":"","after":" "},{"index":2,"word":"-----------------------------------------------------------------------------","originalText":"-----------------------------------------------------------------------------","characterOffsetBegin":293,"characterOffsetEnd":370,"pos":"CD","before":" ","after":""},{"index":3,"word":"|","originalText":"|","characterOffsetBegin":370,"characterOffsetEnd":371,"pos":"CD","before":"","after":" "},{"index":4,"word":"Paul","originalText":"Paul","characterOffsetBegin":372,"characterOffsetEnd":376,"pos":"NNP","before":" ","after":" "},{"index":5,"word":"Jaques","originalText":"Jaques","characterOffsetBegin":377,"characterOffsetEnd":383,"pos":"NNP","before":" ","after":"                                                               "},{"index":6,"word":"|","originalText":"|","characterOffsetBegin":446,"characterOffsetEnd":447,"pos":"NNP","before":"                                                               ","after":""},{"index":7,"word":"|","originalText":"|","characterOffsetBegin":447,"characterOffsetEnd":448,"pos":"NNP","before":"","after":" "},{"index":8,"word":"Systems","originalText":"Systems","characterOffsetBegin":449,"characterOffsetEnd":456,"pos":"NNPS","before":" ","after":" "},{"index":9,"word":"Engineer","originalText":"Engineer","characterOffsetBegin":457,"characterOffsetEnd":465,"pos":"NNP","before":" ","after":""},{"index":10,"word":",","originalText":",","characterOffsetBegin":465,"characterOffsetEnd":466,"pos":",","before":"","after":" "},{"index":11,"word":"Camborne","originalText":"Camborne","characterOffsetBegin":467,"characterOffsetEnd":475,"pos":"NNP","before":" ","after":" "},{"index":12,"word":"School","originalText":"School","characterOffsetBegin":476,"characterOffsetEnd":482,"pos":"NNP","before":" ","after":" "},{"index":13,"word":"of","originalText":"of","characterOffsetBegin":483,"characterOffsetEnd":485,"pos":"IN","before":" ","after":" "},{"index":14,"word":"Mines","originalText":"Mines","characterOffsetBegin":486,"characterOffsetEnd":491,"pos":"NNP","before":" ","after":""},{"index":15,"word":",","originalText":",","characterOffsetBegin":491,"characterOffsetEnd":492,"pos":",","before":"","after":"                               "},{"index":16,"word":"|","originalText":"|","characterOffsetBegin":523,"characterOffsetEnd":524,"pos":"CD","before":"                               ","after":""},{"index":17,"word":"|","originalText":"|","characterOffsetBegin":524,"characterOffsetEnd":525,"pos":"CD","before":"","after":"                   "},{"index":18,"word":"Rosemanowes","originalText":"Rosemanowes","characterOffsetBegin":544,"characterOffsetEnd":555,"pos":"NNS","before":"                   ","after":""},{"index":19,"word":",","originalText":",","characterOffsetBegin":555,"characterOffsetEnd":556,"pos":",","before":"","after":" "},{"index":20,"word":"Herniss","originalText":"Herniss","characterOffsetBegin":557,"characterOffsetEnd":564,"pos":"NNP","before":" ","after":""},{"index":21,"word":",","originalText":",","characterOffsetBegin":564,"characterOffsetEnd":565,"pos":",","before":"","after":" "},{"index":22,"word":"Penryn","originalText":"Penryn","characterOffsetBegin":566,"characterOffsetEnd":572,"pos":"NNP","before":" ","after":""},{"index":23,"word":",","originalText":",","characterOffsetBegin":572,"characterOffsetEnd":573,"pos":",","before":"","after":" "},{"index":24,"word":"Cornwall","originalText":"Cornwall","characterOffsetBegin":574,"characterOffsetEnd":582,"pos":"NNP","before":" ","after":""},{"index":25,"word":".","originalText":".","characterOffsetBegin":582,"characterOffsetEnd":583,"pos":".","before":"","after":"                 "}]},{"index":2,"tokens":[{"index":1,"word":"|","originalText":"|","characterOffsetBegin":600,"characterOffsetEnd":601,"pos":"NN","before":"                 ","after":""},{"index":2,"word":"|","originalText":"|","characterOffsetBegin":601,"characterOffsetEnd":602,"pos":"CD","before":"","after":" "},{"index":3,"word":"E-Mail","originalText":"E-Mail","characterOffsetBegin":603,"characterOffsetEnd":609,"pos":"NN","before":" ","after":""},{"index":4,"word":":","originalText":":","characterOffsetBegin":609,"characterOffsetEnd":610,"pos":":","before":"","after":" "},{"index":5,"word":"pjaques@csm.ac.uk","originalText":"pjaques@csm.ac.uk","characterOffsetBegin":611,"characterOffsetEnd":628,"pos":"NN","before":" ","after":" "},{"index":6,"word":"Tel","originalText":"Tel","characterOffsetBegin":629,"characterOffsetEnd":632,"pos":"NNP","before":" ","after":""},{"index":7,"word":":","originalText":":","characterOffsetBegin":632,"characterOffsetEnd":633,"pos":":","before":"","after":" "},{"index":8,"word":"Stithians","originalText":"Stithians","characterOffsetBegin":634,"characterOffsetEnd":643,"pos":"NNS","before":" ","after":" "},{"index":9,"word":"-LRB-","originalText":"(","characterOffsetBegin":644,"characterOffsetEnd":645,"pos":"-LRB-","before":" ","after":""},{"index":10,"word":"0209","originalText":"0209","characterOffsetBegin":645,"characterOffsetEnd":649,"pos":"CD","before":"","after":""},{"index":11,"word":"-RRB-","originalText":")","characterOffsetBegin":649,"characterOffsetEnd":650,"pos":"-RRB-","before":"","after":" "},{"index":12,"word":"860141","originalText":"860141","characterOffsetBegin":651,"characterOffsetEnd":657,"pos":"CD","before":" ","after":" "},{"index":13,"word":"Fax","originalText":"Fax","characterOffsetBegin":658,"characterOffsetEnd":661,"pos":"NN","before":" ","after":""},{"index":14,"word":":","originalText":":","characterOffsetBegin":661,"characterOffsetEnd":662,"pos":":","before":"","after":" "},{"index":15,"word":"-LRB-","originalText":"(","characterOffsetBegin":663,"characterOffsetEnd":664,"pos":"-LRB-","before":" ","after":""},{"index":16,"word":"0209","originalText":"0209","characterOffsetBegin":664,"characterOffsetEnd":668,"pos":"CD","before":"","after":""},{"index":17,"word":"-RRB-","originalText":")","characterOffsetBegin":668,"characterOffsetEnd":669,"pos":"-RRB-","before":"","after":" "},{"index":18,"word":"861013","originalText":"861013","characterOffsetBegin":670,"characterOffsetEnd":676,"pos":"CD","before":" ","after":" "},{"index":19,"word":"|","originalText":"|","characterOffsetBegin":677,"characterOffsetEnd":678,"pos":"CD","before":" ","after":""},{"index":20,"word":"-----------------------------------------------------------------------------","originalText":"-----------------------------------------------------------------------------","characterOffsetBegin":678,"characterOffsetEnd":755,"pos":"CD","before":"","after":""}]}]}